@!@!@STARTMSG 2262:0 @!@!@
TLC2 Version 2.15 of Day Month 20?? (rev: eb3ff99)
@!@!@ENDMSG 2262 @!@!@
@!@!@STARTMSG 2187:0 @!@!@
Running breadth-first search Model-Checking with fp 76 and seed -3788137378662775067 with 2 workers on 4 cores with 1161MB heap and 2609MB offheap memory [pid: 21542] (Linux 5.4.0-54-generic amd64, AdoptOpenJDK 14.0.1 x86_64, OffHeapDiskFPSet, DiskStateQueue).
@!@!@ENDMSG 2187 @!@!@
@!@!@STARTMSG 2220:0 @!@!@
Starting SANY...
@!@!@ENDMSG 2220 @!@!@
Parsing file /home/benjaminbinder/Documents/timing-anomalies/tla/pipeline_ooo.toolbox/old_ex4_3FU/MC.tla
Parsing file /home/benjaminbinder/Documents/timing-anomalies/tla/pipeline_ooo.toolbox/old_ex4_3FU/pipeline_ooo.tla
Parsing file /home/benjaminbinder/Téléchargements/toolbox/plugins/org.lamport.tlatools_1.0.0.202004251858/tla2sany/StandardModules/TLC.tla
Parsing file /home/benjaminbinder/Téléchargements/toolbox/plugins/org.lamport.tlatools_1.0.0.202004251858/tla2sany/StandardModules/Sequences.tla
Parsing file /home/benjaminbinder/Documents/timing-anomalies/tla/pipeline_ooo.toolbox/old_ex4_3FU/instructions_ooo.tla
Parsing file /home/benjaminbinder/Téléchargements/toolbox/plugins/org.lamport.tlatools_1.0.0.202004251858/tla2sany/StandardModules/Integers.tla
Parsing file /home/benjaminbinder/Téléchargements/toolbox/plugins/org.lamport.tlatools_1.0.0.202004251858/tla2sany/StandardModules/FiniteSets.tla
Parsing file /home/benjaminbinder/Téléchargements/toolbox/plugins/org.lamport.tlatools_1.0.0.202004251858/tla2sany/StandardModules/Naturals.tla
Parsing file /home/benjaminbinder/Documents/timing-anomalies/tla/pipeline_ooo.toolbox/old_ex4_3FU/pipeline_exec_ooo.tla
Semantic processing of module Naturals
Semantic processing of module Sequences
Semantic processing of module Integers
Semantic processing of module instructions_ooo
Semantic processing of module FiniteSets
Semantic processing of module TLC
Semantic processing of module pipeline_exec_ooo
Semantic processing of module pipeline_ooo
Semantic processing of module MC
@!@!@STARTMSG 2219:0 @!@!@
SANY finished.
@!@!@ENDMSG 2219 @!@!@
@!@!@STARTMSG 2185:0 @!@!@
Starting... (2020-12-03 16:19:11)
@!@!@ENDMSG 2185 @!@!@
@!@!@STARTMSG 2189:0 @!@!@
Computing initial states...
@!@!@ENDMSG 2189 @!@!@
@!@!@STARTMSG 2776:0 @!@!@
CostModel lookup failed for expression <line 32, col 12 to line 32, col 56 of module pipeline_ooo>. Reporting costs into <line 38, col 38 to line 38, col 43 of module pipeline_ooo> instead (Safety and Liveness checking is unaffected. Please report a bug.)
@!@!@ENDMSG 2776 @!@!@
@!@!@STARTMSG 2776:0 @!@!@
CostModel lookup failed for expression <line 32, col 15 to line 32, col 19 of module pipeline_ooo>. Reporting costs into <line 38, col 38 to line 38, col 43 of module pipeline_ooo> instead (Safety and Liveness checking is unaffected. Please report a bug.)
@!@!@ENDMSG 2776 @!@!@
@!@!@STARTMSG 2776:0 @!@!@
CostModel lookup failed for expression <line 6, col 1 to line 6, col 5 of module MC>. Reporting costs into <line 38, col 38 to line 38, col 43 of module pipeline_ooo> instead (Safety and Liveness checking is unaffected. Please report a bug.)
@!@!@ENDMSG 2776 @!@!@
@!@!@STARTMSG 2776:0 @!@!@
CostModel lookup failed for expression <line 32, col 48 to line 32, col 56 of module pipeline_ooo>. Reporting costs into <line 38, col 38 to line 38, col 43 of module pipeline_ooo> instead (Safety and Liveness checking is unaffected. Please report a bug.)
@!@!@ENDMSG 2776 @!@!@
@!@!@STARTMSG 2776:0 @!@!@
CostModel lookup failed for expression <line 32, col 50 to line 32, col 54 of module pipeline_ooo>. Reporting costs into <line 38, col 38 to line 38, col 43 of module pipeline_ooo> instead (Safety and Liveness checking is unaffected. Please report a bug.)
@!@!@ENDMSG 2776 @!@!@
@!@!@STARTMSG 2776:0 @!@!@
CostModel lookup failed for expression <line 32, col 12 to line 32, col 56 of module pipeline_ooo>. Reporting costs into <line 38, col 72 to line 38, col 77 of module pipeline_ooo> instead (Safety and Liveness checking is unaffected. Please report a bug.)
@!@!@ENDMSG 2776 @!@!@
@!@!@STARTMSG 2776:0 @!@!@
CostModel lookup failed for expression <line 32, col 15 to line 32, col 19 of module pipeline_ooo>. Reporting costs into <line 38, col 72 to line 38, col 77 of module pipeline_ooo> instead (Safety and Liveness checking is unaffected. Please report a bug.)
@!@!@ENDMSG 2776 @!@!@
@!@!@STARTMSG 2776:0 @!@!@
CostModel lookup failed for expression <line 6, col 1 to line 6, col 5 of module MC>. Reporting costs into <line 38, col 72 to line 38, col 77 of module pipeline_ooo> instead (Safety and Liveness checking is unaffected. Please report a bug.)
@!@!@ENDMSG 2776 @!@!@
@!@!@STARTMSG 2776:0 @!@!@
CostModel lookup failed for expression <line 32, col 48 to line 32, col 56 of module pipeline_ooo>. Reporting costs into <line 38, col 72 to line 38, col 77 of module pipeline_ooo> instead (Safety and Liveness checking is unaffected. Please report a bug.)
@!@!@ENDMSG 2776 @!@!@
@!@!@STARTMSG 2776:0 @!@!@
CostModel lookup failed for expression <line 32, col 50 to line 32, col 54 of module pipeline_ooo>. Reporting costs into <line 38, col 72 to line 38, col 77 of module pipeline_ooo> instead (Safety and Liveness checking is unaffected. Please report a bug.)
@!@!@ENDMSG 2776 @!@!@
@!@!@STARTMSG 2776:0 @!@!@
CostModel lookup failed for expression <line 33, col 13 to line 33, col 27 of module pipeline_ooo>. Reporting costs into <line 38, col 38 to line 38, col 43 of module pipeline_ooo> instead (Safety and Liveness checking is unaffected. Please report a bug.)
@!@!@ENDMSG 2776 @!@!@
@!@!@STARTMSG 2776:0 @!@!@
CostModel lookup failed for expression <line 33, col 13 to line 33, col 22 of module pipeline_ooo>. Reporting costs into <line 38, col 38 to line 38, col 43 of module pipeline_ooo> instead (Safety and Liveness checking is unaffected. Please report a bug.)
@!@!@ENDMSG 2776 @!@!@
@!@!@STARTMSG 2776:0 @!@!@
CostModel lookup failed for expression <line 33, col 13 to line 33, col 19 of module pipeline_ooo>. Reporting costs into <line 38, col 38 to line 38, col 43 of module pipeline_ooo> instead (Safety and Liveness checking is unaffected. Please report a bug.)
@!@!@ENDMSG 2776 @!@!@
@!@!@STARTMSG 2776:0 @!@!@
CostModel lookup failed for expression <line 11, col 1 to line 16, col 2 of module MC>. Reporting costs into <line 38, col 38 to line 38, col 43 of module pipeline_ooo> instead (Safety and Liveness checking is unaffected. Please report a bug.)
@!@!@ENDMSG 2776 @!@!@
@!@!@STARTMSG 2776:0 @!@!@
CostModel lookup failed for expression <line 11, col 4 to line 11, col 54 of module MC>. Reporting costs into <line 38, col 38 to line 38, col 43 of module pipeline_ooo> instead (Safety and Liveness checking is unaffected. Please report a bug.)
@!@!@ENDMSG 2776 @!@!@
@!@!@STARTMSG 2776:0 @!@!@
CostModel lookup failed for expression <line 11, col 6 to line 11, col 13 of module MC>. Reporting costs into <line 38, col 38 to line 38, col 43 of module pipeline_ooo> instead (Safety and Liveness checking is unaffected. Please report a bug.)
@!@!@ENDMSG 2776 @!@!@
@!@!@STARTMSG 2776:0 @!@!@
CostModel lookup failed for expression <line 11, col 16 to line 11, col 27 of module MC>. Reporting costs into <line 38, col 38 to line 38, col 43 of module pipeline_ooo> instead (Safety and Liveness checking is unaffected. Please report a bug.)
@!@!@ENDMSG 2776 @!@!@
@!@!@STARTMSG 2776:0 @!@!@
CostModel lookup failed for expression <line 11, col 25 to line 11, col 27 of module MC>. Reporting costs into <line 38, col 38 to line 38, col 43 of module pipeline_ooo> instead (Safety and Liveness checking is unaffected. Please report a bug.)
@!@!@ENDMSG 2776 @!@!@
@!@!@STARTMSG 2776:0 @!@!@
CostModel lookup failed for expression <line 11, col 30 to line 11, col 40 of module MC>. Reporting costs into <line 38, col 38 to line 38, col 43 of module pipeline_ooo> instead (Safety and Liveness checking is unaffected. Please report a bug.)
@!@!@ENDMSG 2776 @!@!@
@!@!@STARTMSG 2776:0 @!@!@
CostModel lookup failed for expression <line 11, col 38 to line 11, col 40 of module MC>. Reporting costs into <line 38, col 38 to line 38, col 43 of module pipeline_ooo> instead (Safety and Liveness checking is unaffected. Please report a bug.)
@!@!@ENDMSG 2776 @!@!@
@!@!@STARTMSG 2776:0 @!@!@
CostModel lookup failed for expression <line 11, col 43 to line 11, col 52 of module MC>. Reporting costs into <line 38, col 38 to line 38, col 43 of module pipeline_ooo> instead (Safety and Liveness checking is unaffected. Please report a bug.)
@!@!@ENDMSG 2776 @!@!@
@!@!@STARTMSG 2776:0 @!@!@
CostModel lookup failed for expression <line 11, col 51 to line 11, col 52 of module MC>. Reporting costs into <line 38, col 38 to line 38, col 43 of module pipeline_ooo> instead (Safety and Liveness checking is unaffected. Please report a bug.)
@!@!@ENDMSG 2776 @!@!@
@!@!@STARTMSG 2776:0 @!@!@
CostModel lookup failed for expression <line 12, col 4 to line 12, col 56 of module MC>. Reporting costs into <line 38, col 38 to line 38, col 43 of module pipeline_ooo> instead (Safety and Liveness checking is unaffected. Please report a bug.)
@!@!@ENDMSG 2776 @!@!@
@!@!@STARTMSG 2776:0 @!@!@
CostModel lookup failed for expression <line 12, col 6 to line 12, col 13 of module MC>. Reporting costs into <line 38, col 38 to line 38, col 43 of module pipeline_ooo> instead (Safety and Liveness checking is unaffected. Please report a bug.)
@!@!@ENDMSG 2776 @!@!@
@!@!@STARTMSG 2776:0 @!@!@
CostModel lookup failed for expression <line 12, col 16 to line 12, col 27 of module MC>. Reporting costs into <line 38, col 38 to line 38, col 43 of module pipeline_ooo> instead (Safety and Liveness checking is unaffected. Please report a bug.)
@!@!@ENDMSG 2776 @!@!@
@!@!@STARTMSG 2776:0 @!@!@
CostModel lookup failed for expression <line 12, col 25 to line 12, col 27 of module MC>. Reporting costs into <line 38, col 38 to line 38, col 43 of module pipeline_ooo> instead (Safety and Liveness checking is unaffected. Please report a bug.)
@!@!@ENDMSG 2776 @!@!@
@!@!@STARTMSG 2776:0 @!@!@
CostModel lookup failed for expression <line 12, col 30 to line 12, col 42 of module MC>. Reporting costs into <line 38, col 38 to line 38, col 43 of module pipeline_ooo> instead (Safety and Liveness checking is unaffected. Please report a bug.)
@!@!@ENDMSG 2776 @!@!@
@!@!@STARTMSG 2776:0 @!@!@
CostModel lookup failed for expression <line 12, col 38 to line 12, col 42 of module MC>. Reporting costs into <line 38, col 38 to line 38, col 43 of module pipeline_ooo> instead (Safety and Liveness checking is unaffected. Please report a bug.)
@!@!@ENDMSG 2776 @!@!@
@!@!@STARTMSG 2776:0 @!@!@
CostModel lookup failed for expression <line 12, col 45 to line 12, col 54 of module MC>. Reporting costs into <line 38, col 38 to line 38, col 43 of module pipeline_ooo> instead (Safety and Liveness checking is unaffected. Please report a bug.)
@!@!@ENDMSG 2776 @!@!@
@!@!@STARTMSG 2776:0 @!@!@
CostModel lookup failed for expression <line 12, col 53 to line 12, col 54 of module MC>. Reporting costs into <line 38, col 38 to line 38, col 43 of module pipeline_ooo> instead (Safety and Liveness checking is unaffected. Please report a bug.)
@!@!@ENDMSG 2776 @!@!@
@!@!@STARTMSG 2776:0 @!@!@
CostModel lookup failed for expression <line 13, col 4 to line 13, col 55 of module MC>. Reporting costs into <line 38, col 38 to line 38, col 43 of module pipeline_ooo> instead (Safety and Liveness checking is unaffected. Please report a bug.)
@!@!@ENDMSG 2776 @!@!@
@!@!@STARTMSG 2776:0 @!@!@
CostModel lookup failed for expression <line 13, col 6 to line 13, col 13 of module MC>. Reporting costs into <line 38, col 38 to line 38, col 43 of module pipeline_ooo> instead (Safety and Liveness checking is unaffected. Please report a bug.)
@!@!@ENDMSG 2776 @!@!@
@!@!@STARTMSG 2776:0 @!@!@
CostModel lookup failed for expression <line 13, col 16 to line 13, col 27 of module MC>. Reporting costs into <line 38, col 38 to line 38, col 43 of module pipeline_ooo> instead (Safety and Liveness checking is unaffected. Please report a bug.)
@!@!@ENDMSG 2776 @!@!@
@!@!@STARTMSG 2776:0 @!@!@
CostModel lookup failed for expression <line 13, col 25 to line 13, col 27 of module MC>. Reporting costs into <line 38, col 38 to line 38, col 43 of module pipeline_ooo> instead (Safety and Liveness checking is unaffected. Please report a bug.)
@!@!@ENDMSG 2776 @!@!@
@!@!@STARTMSG 2776:0 @!@!@
CostModel lookup failed for expression <line 13, col 30 to line 13, col 40 of module MC>. Reporting costs into <line 38, col 38 to line 38, col 43 of module pipeline_ooo> instead (Safety and Liveness checking is unaffected. Please report a bug.)
@!@!@ENDMSG 2776 @!@!@
@!@!@STARTMSG 2776:0 @!@!@
CostModel lookup failed for expression <line 13, col 38 to line 13, col 40 of module MC>. Reporting costs into <line 38, col 38 to line 38, col 43 of module pipeline_ooo> instead (Safety and Liveness checking is unaffected. Please report a bug.)
@!@!@ENDMSG 2776 @!@!@
@!@!@STARTMSG 2776:0 @!@!@
CostModel lookup failed for expression <line 13, col 43 to line 13, col 53 of module MC>. Reporting costs into <line 38, col 38 to line 38, col 43 of module pipeline_ooo> instead (Safety and Liveness checking is unaffected. Please report a bug.)
@!@!@ENDMSG 2776 @!@!@
@!@!@STARTMSG 2776:0 @!@!@
CostModel lookup failed for expression <line 13, col 51 to line 13, col 53 of module MC>. Reporting costs into <line 38, col 38 to line 38, col 43 of module pipeline_ooo> instead (Safety and Liveness checking is unaffected. Please report a bug.)
@!@!@ENDMSG 2776 @!@!@
@!@!@STARTMSG 2776:0 @!@!@
CostModel lookup failed for expression <line 14, col 4 to line 14, col 56 of module MC>. Reporting costs into <line 38, col 38 to line 38, col 43 of module pipeline_ooo> instead (Safety and Liveness checking is unaffected. Please report a bug.)
@!@!@ENDMSG 2776 @!@!@
@!@!@STARTMSG 2776:0 @!@!@
CostModel lookup failed for expression <line 14, col 6 to line 14, col 13 of module MC>. Reporting costs into <line 38, col 38 to line 38, col 43 of module pipeline_ooo> instead (Safety and Liveness checking is unaffected. Please report a bug.)
@!@!@ENDMSG 2776 @!@!@
@!@!@STARTMSG 2776:0 @!@!@
CostModel lookup failed for expression <line 14, col 16 to line 14, col 29 of module MC>. Reporting costs into <line 38, col 38 to line 38, col 43 of module pipeline_ooo> instead (Safety and Liveness checking is unaffected. Please report a bug.)
@!@!@ENDMSG 2776 @!@!@
@!@!@STARTMSG 2776:0 @!@!@
CostModel lookup failed for expression <line 14, col 25 to line 14, col 29 of module MC>. Reporting costs into <line 38, col 38 to line 38, col 43 of module pipeline_ooo> instead (Safety and Liveness checking is unaffected. Please report a bug.)
@!@!@ENDMSG 2776 @!@!@
@!@!@STARTMSG 2776:0 @!@!@
CostModel lookup failed for expression <line 14, col 32 to line 14, col 42 of module MC>. Reporting costs into <line 38, col 38 to line 38, col 43 of module pipeline_ooo> instead (Safety and Liveness checking is unaffected. Please report a bug.)
@!@!@ENDMSG 2776 @!@!@
@!@!@STARTMSG 2776:0 @!@!@
CostModel lookup failed for expression <line 14, col 40 to line 14, col 42 of module MC>. Reporting costs into <line 38, col 38 to line 38, col 43 of module pipeline_ooo> instead (Safety and Liveness checking is unaffected. Please report a bug.)
@!@!@ENDMSG 2776 @!@!@
@!@!@STARTMSG 2776:0 @!@!@
CostModel lookup failed for expression <line 14, col 45 to line 14, col 54 of module MC>. Reporting costs into <line 38, col 38 to line 38, col 43 of module pipeline_ooo> instead (Safety and Liveness checking is unaffected. Please report a bug.)
@!@!@ENDMSG 2776 @!@!@
@!@!@STARTMSG 2776:0 @!@!@
CostModel lookup failed for expression <line 14, col 53 to line 14, col 54 of module MC>. Reporting costs into <line 38, col 38 to line 38, col 43 of module pipeline_ooo> instead (Safety and Liveness checking is unaffected. Please report a bug.)
@!@!@ENDMSG 2776 @!@!@
@!@!@STARTMSG 2776:0 @!@!@
CostModel lookup failed for expression <line 15, col 4 to line 15, col 54 of module MC>. Reporting costs into <line 38, col 38 to line 38, col 43 of module pipeline_ooo> instead (Safety and Liveness checking is unaffected. Please report a bug.)
@!@!@ENDMSG 2776 @!@!@
@!@!@STARTMSG 2776:0 @!@!@
CostModel lookup failed for expression <line 15, col 6 to line 15, col 13 of module MC>. Reporting costs into <line 38, col 38 to line 38, col 43 of module pipeline_ooo> instead (Safety and Liveness checking is unaffected. Please report a bug.)
@!@!@ENDMSG 2776 @!@!@
@!@!@STARTMSG 2776:0 @!@!@
CostModel lookup failed for expression <line 15, col 16 to line 15, col 27 of module MC>. Reporting costs into <line 38, col 38 to line 38, col 43 of module pipeline_ooo> instead (Safety and Liveness checking is unaffected. Please report a bug.)
@!@!@ENDMSG 2776 @!@!@
@!@!@STARTMSG 2776:0 @!@!@
CostModel lookup failed for expression <line 15, col 25 to line 15, col 27 of module MC>. Reporting costs into <line 38, col 38 to line 38, col 43 of module pipeline_ooo> instead (Safety and Liveness checking is unaffected. Please report a bug.)
@!@!@ENDMSG 2776 @!@!@
@!@!@STARTMSG 2776:0 @!@!@
CostModel lookup failed for expression <line 15, col 30 to line 15, col 40 of module MC>. Reporting costs into <line 38, col 38 to line 38, col 43 of module pipeline_ooo> instead (Safety and Liveness checking is unaffected. Please report a bug.)
@!@!@ENDMSG 2776 @!@!@
@!@!@STARTMSG 2776:0 @!@!@
CostModel lookup failed for expression <line 15, col 38 to line 15, col 40 of module MC>. Reporting costs into <line 38, col 38 to line 38, col 43 of module pipeline_ooo> instead (Safety and Liveness checking is unaffected. Please report a bug.)
@!@!@ENDMSG 2776 @!@!@
@!@!@STARTMSG 2776:0 @!@!@
CostModel lookup failed for expression <line 15, col 43 to line 15, col 52 of module MC>. Reporting costs into <line 38, col 38 to line 38, col 43 of module pipeline_ooo> instead (Safety and Liveness checking is unaffected. Please report a bug.)
@!@!@ENDMSG 2776 @!@!@
@!@!@STARTMSG 2776:0 @!@!@
CostModel lookup failed for expression <line 15, col 51 to line 15, col 52 of module MC>. Reporting costs into <line 38, col 38 to line 38, col 43 of module pipeline_ooo> instead (Safety and Liveness checking is unaffected. Please report a bug.)
@!@!@ENDMSG 2776 @!@!@
@!@!@STARTMSG 2776:0 @!@!@
CostModel lookup failed for expression <line 33, col 21 to line 33, col 21 of module pipeline_ooo>. Reporting costs into <line 38, col 38 to line 38, col 43 of module pipeline_ooo> instead (Safety and Liveness checking is unaffected. Please report a bug.)
@!@!@ENDMSG 2776 @!@!@
@!@!@STARTMSG 2776:0 @!@!@
CostModel lookup failed for expression <line 33, col 13 to line 33, col 27 of module pipeline_ooo>. Reporting costs into <line 38, col 72 to line 38, col 77 of module pipeline_ooo> instead (Safety and Liveness checking is unaffected. Please report a bug.)
@!@!@ENDMSG 2776 @!@!@
@!@!@STARTMSG 2776:0 @!@!@
CostModel lookup failed for expression <line 33, col 13 to line 33, col 22 of module pipeline_ooo>. Reporting costs into <line 38, col 72 to line 38, col 77 of module pipeline_ooo> instead (Safety and Liveness checking is unaffected. Please report a bug.)
@!@!@ENDMSG 2776 @!@!@
@!@!@STARTMSG 2776:0 @!@!@
CostModel lookup failed for expression <line 33, col 13 to line 33, col 19 of module pipeline_ooo>. Reporting costs into <line 38, col 72 to line 38, col 77 of module pipeline_ooo> instead (Safety and Liveness checking is unaffected. Please report a bug.)
@!@!@ENDMSG 2776 @!@!@
@!@!@STARTMSG 2776:0 @!@!@
CostModel lookup failed for expression <line 11, col 1 to line 16, col 2 of module MC>. Reporting costs into <line 38, col 72 to line 38, col 77 of module pipeline_ooo> instead (Safety and Liveness checking is unaffected. Please report a bug.)
@!@!@ENDMSG 2776 @!@!@
@!@!@STARTMSG 2776:0 @!@!@
CostModel lookup failed for expression <line 11, col 4 to line 11, col 54 of module MC>. Reporting costs into <line 38, col 72 to line 38, col 77 of module pipeline_ooo> instead (Safety and Liveness checking is unaffected. Please report a bug.)
@!@!@ENDMSG 2776 @!@!@
@!@!@STARTMSG 2776:0 @!@!@
CostModel lookup failed for expression <line 11, col 6 to line 11, col 13 of module MC>. Reporting costs into <line 38, col 72 to line 38, col 77 of module pipeline_ooo> instead (Safety and Liveness checking is unaffected. Please report a bug.)
@!@!@ENDMSG 2776 @!@!@
@!@!@STARTMSG 2776:0 @!@!@
CostModel lookup failed for expression <line 11, col 16 to line 11, col 27 of module MC>. Reporting costs into <line 38, col 72 to line 38, col 77 of module pipeline_ooo> instead (Safety and Liveness checking is unaffected. Please report a bug.)
@!@!@ENDMSG 2776 @!@!@
@!@!@STARTMSG 2776:0 @!@!@
CostModel lookup failed for expression <line 11, col 25 to line 11, col 27 of module MC>. Reporting costs into <line 38, col 72 to line 38, col 77 of module pipeline_ooo> instead (Safety and Liveness checking is unaffected. Please report a bug.)
@!@!@ENDMSG 2776 @!@!@
@!@!@STARTMSG 2776:0 @!@!@
CostModel lookup failed for expression <line 11, col 30 to line 11, col 40 of module MC>. Reporting costs into <line 38, col 72 to line 38, col 77 of module pipeline_ooo> instead (Safety and Liveness checking is unaffected. Please report a bug.)
@!@!@ENDMSG 2776 @!@!@
@!@!@STARTMSG 2776:0 @!@!@
CostModel lookup failed for expression <line 11, col 38 to line 11, col 40 of module MC>. Reporting costs into <line 38, col 72 to line 38, col 77 of module pipeline_ooo> instead (Safety and Liveness checking is unaffected. Please report a bug.)
@!@!@ENDMSG 2776 @!@!@
@!@!@STARTMSG 2776:0 @!@!@
CostModel lookup failed for expression <line 11, col 43 to line 11, col 52 of module MC>. Reporting costs into <line 38, col 72 to line 38, col 77 of module pipeline_ooo> instead (Safety and Liveness checking is unaffected. Please report a bug.)
@!@!@ENDMSG 2776 @!@!@
@!@!@STARTMSG 2776:0 @!@!@
CostModel lookup failed for expression <line 11, col 51 to line 11, col 52 of module MC>. Reporting costs into <line 38, col 72 to line 38, col 77 of module pipeline_ooo> instead (Safety and Liveness checking is unaffected. Please report a bug.)
@!@!@ENDMSG 2776 @!@!@
@!@!@STARTMSG 2776:0 @!@!@
CostModel lookup failed for expression <line 12, col 4 to line 12, col 56 of module MC>. Reporting costs into <line 38, col 72 to line 38, col 77 of module pipeline_ooo> instead (Safety and Liveness checking is unaffected. Please report a bug.)
@!@!@ENDMSG 2776 @!@!@
@!@!@STARTMSG 2776:0 @!@!@
CostModel lookup failed for expression <line 12, col 6 to line 12, col 13 of module MC>. Reporting costs into <line 38, col 72 to line 38, col 77 of module pipeline_ooo> instead (Safety and Liveness checking is unaffected. Please report a bug.)
@!@!@ENDMSG 2776 @!@!@
@!@!@STARTMSG 2776:0 @!@!@
CostModel lookup failed for expression <line 12, col 16 to line 12, col 27 of module MC>. Reporting costs into <line 38, col 72 to line 38, col 77 of module pipeline_ooo> instead (Safety and Liveness checking is unaffected. Please report a bug.)
@!@!@ENDMSG 2776 @!@!@
@!@!@STARTMSG 2776:0 @!@!@
CostModel lookup failed for expression <line 12, col 25 to line 12, col 27 of module MC>. Reporting costs into <line 38, col 72 to line 38, col 77 of module pipeline_ooo> instead (Safety and Liveness checking is unaffected. Please report a bug.)
@!@!@ENDMSG 2776 @!@!@
@!@!@STARTMSG 2776:0 @!@!@
CostModel lookup failed for expression <line 12, col 30 to line 12, col 42 of module MC>. Reporting costs into <line 38, col 72 to line 38, col 77 of module pipeline_ooo> instead (Safety and Liveness checking is unaffected. Please report a bug.)
@!@!@ENDMSG 2776 @!@!@
@!@!@STARTMSG 2776:0 @!@!@
CostModel lookup failed for expression <line 12, col 38 to line 12, col 42 of module MC>. Reporting costs into <line 38, col 72 to line 38, col 77 of module pipeline_ooo> instead (Safety and Liveness checking is unaffected. Please report a bug.)
@!@!@ENDMSG 2776 @!@!@
@!@!@STARTMSG 2776:0 @!@!@
CostModel lookup failed for expression <line 12, col 45 to line 12, col 54 of module MC>. Reporting costs into <line 38, col 72 to line 38, col 77 of module pipeline_ooo> instead (Safety and Liveness checking is unaffected. Please report a bug.)
@!@!@ENDMSG 2776 @!@!@
@!@!@STARTMSG 2776:0 @!@!@
CostModel lookup failed for expression <line 12, col 53 to line 12, col 54 of module MC>. Reporting costs into <line 38, col 72 to line 38, col 77 of module pipeline_ooo> instead (Safety and Liveness checking is unaffected. Please report a bug.)
@!@!@ENDMSG 2776 @!@!@
@!@!@STARTMSG 2776:0 @!@!@
CostModel lookup failed for expression <line 13, col 4 to line 13, col 55 of module MC>. Reporting costs into <line 38, col 72 to line 38, col 77 of module pipeline_ooo> instead (Safety and Liveness checking is unaffected. Please report a bug.)
@!@!@ENDMSG 2776 @!@!@
@!@!@STARTMSG 2776:0 @!@!@
CostModel lookup failed for expression <line 13, col 6 to line 13, col 13 of module MC>. Reporting costs into <line 38, col 72 to line 38, col 77 of module pipeline_ooo> instead (Safety and Liveness checking is unaffected. Please report a bug.)
@!@!@ENDMSG 2776 @!@!@
@!@!@STARTMSG 2776:0 @!@!@
CostModel lookup failed for expression <line 13, col 16 to line 13, col 27 of module MC>. Reporting costs into <line 38, col 72 to line 38, col 77 of module pipeline_ooo> instead (Safety and Liveness checking is unaffected. Please report a bug.)
@!@!@ENDMSG 2776 @!@!@
@!@!@STARTMSG 2776:0 @!@!@
CostModel lookup failed for expression <line 13, col 25 to line 13, col 27 of module MC>. Reporting costs into <line 38, col 72 to line 38, col 77 of module pipeline_ooo> instead (Safety and Liveness checking is unaffected. Please report a bug.)
@!@!@ENDMSG 2776 @!@!@
@!@!@STARTMSG 2776:0 @!@!@
CostModel lookup failed for expression <line 13, col 30 to line 13, col 40 of module MC>. Reporting costs into <line 38, col 72 to line 38, col 77 of module pipeline_ooo> instead (Safety and Liveness checking is unaffected. Please report a bug.)
@!@!@ENDMSG 2776 @!@!@
@!@!@STARTMSG 2776:0 @!@!@
CostModel lookup failed for expression <line 13, col 38 to line 13, col 40 of module MC>. Reporting costs into <line 38, col 72 to line 38, col 77 of module pipeline_ooo> instead (Safety and Liveness checking is unaffected. Please report a bug.)
@!@!@ENDMSG 2776 @!@!@
@!@!@STARTMSG 2776:0 @!@!@
CostModel lookup failed for expression <line 13, col 43 to line 13, col 53 of module MC>. Reporting costs into <line 38, col 72 to line 38, col 77 of module pipeline_ooo> instead (Safety and Liveness checking is unaffected. Please report a bug.)
@!@!@ENDMSG 2776 @!@!@
@!@!@STARTMSG 2776:0 @!@!@
CostModel lookup failed for expression <line 13, col 51 to line 13, col 53 of module MC>. Reporting costs into <line 38, col 72 to line 38, col 77 of module pipeline_ooo> instead (Safety and Liveness checking is unaffected. Please report a bug.)
@!@!@ENDMSG 2776 @!@!@
@!@!@STARTMSG 2776:0 @!@!@
CostModel lookup failed for expression <line 14, col 4 to line 14, col 56 of module MC>. Reporting costs into <line 38, col 72 to line 38, col 77 of module pipeline_ooo> instead (Safety and Liveness checking is unaffected. Please report a bug.)
@!@!@ENDMSG 2776 @!@!@
@!@!@STARTMSG 2776:0 @!@!@
CostModel lookup failed for expression <line 14, col 6 to line 14, col 13 of module MC>. Reporting costs into <line 38, col 72 to line 38, col 77 of module pipeline_ooo> instead (Safety and Liveness checking is unaffected. Please report a bug.)
@!@!@ENDMSG 2776 @!@!@
@!@!@STARTMSG 2776:0 @!@!@
CostModel lookup failed for expression <line 14, col 16 to line 14, col 29 of module MC>. Reporting costs into <line 38, col 72 to line 38, col 77 of module pipeline_ooo> instead (Safety and Liveness checking is unaffected. Please report a bug.)
@!@!@ENDMSG 2776 @!@!@
@!@!@STARTMSG 2776:0 @!@!@
CostModel lookup failed for expression <line 14, col 25 to line 14, col 29 of module MC>. Reporting costs into <line 38, col 72 to line 38, col 77 of module pipeline_ooo> instead (Safety and Liveness checking is unaffected. Please report a bug.)
@!@!@ENDMSG 2776 @!@!@
@!@!@STARTMSG 2776:0 @!@!@
CostModel lookup failed for expression <line 14, col 32 to line 14, col 42 of module MC>. Reporting costs into <line 38, col 72 to line 38, col 77 of module pipeline_ooo> instead (Safety and Liveness checking is unaffected. Please report a bug.)
@!@!@ENDMSG 2776 @!@!@
@!@!@STARTMSG 2776:0 @!@!@
CostModel lookup failed for expression <line 14, col 40 to line 14, col 42 of module MC>. Reporting costs into <line 38, col 72 to line 38, col 77 of module pipeline_ooo> instead (Safety and Liveness checking is unaffected. Please report a bug.)
@!@!@ENDMSG 2776 @!@!@
@!@!@STARTMSG 2776:0 @!@!@
CostModel lookup failed for expression <line 14, col 45 to line 14, col 54 of module MC>. Reporting costs into <line 38, col 72 to line 38, col 77 of module pipeline_ooo> instead (Safety and Liveness checking is unaffected. Please report a bug.)
@!@!@ENDMSG 2776 @!@!@
@!@!@STARTMSG 2776:0 @!@!@
CostModel lookup failed for expression <line 14, col 53 to line 14, col 54 of module MC>. Reporting costs into <line 38, col 72 to line 38, col 77 of module pipeline_ooo> instead (Safety and Liveness checking is unaffected. Please report a bug.)
@!@!@ENDMSG 2776 @!@!@
@!@!@STARTMSG 2776:0 @!@!@
CostModel lookup failed for expression <line 15, col 4 to line 15, col 54 of module MC>. Reporting costs into <line 38, col 72 to line 38, col 77 of module pipeline_ooo> instead (Safety and Liveness checking is unaffected. Please report a bug.)
@!@!@ENDMSG 2776 @!@!@
@!@!@STARTMSG 2776:0 @!@!@
CostModel lookup failed for expression <line 15, col 6 to line 15, col 13 of module MC>. Reporting costs into <line 38, col 72 to line 38, col 77 of module pipeline_ooo> instead (Safety and Liveness checking is unaffected. Please report a bug.)
@!@!@ENDMSG 2776 @!@!@
@!@!@STARTMSG 2776:0 @!@!@
CostModel lookup failed for expression <line 15, col 16 to line 15, col 27 of module MC>. Reporting costs into <line 38, col 72 to line 38, col 77 of module pipeline_ooo> instead (Safety and Liveness checking is unaffected. Please report a bug.)
@!@!@ENDMSG 2776 @!@!@
@!@!@STARTMSG 2776:0 @!@!@
CostModel lookup failed for expression <line 15, col 25 to line 15, col 27 of module MC>. Reporting costs into <line 38, col 72 to line 38, col 77 of module pipeline_ooo> instead (Safety and Liveness checking is unaffected. Please report a bug.)
@!@!@ENDMSG 2776 @!@!@
@!@!@STARTMSG 2776:0 @!@!@
CostModel lookup failed for expression <line 15, col 30 to line 15, col 40 of module MC>. Reporting costs into <line 38, col 72 to line 38, col 77 of module pipeline_ooo> instead (Safety and Liveness checking is unaffected. Please report a bug.)
@!@!@ENDMSG 2776 @!@!@
@!@!@STARTMSG 2776:0 @!@!@
CostModel lookup failed for expression <line 15, col 38 to line 15, col 40 of module MC>. Reporting costs into <line 38, col 72 to line 38, col 77 of module pipeline_ooo> instead (Safety and Liveness checking is unaffected. Please report a bug.)
@!@!@ENDMSG 2776 @!@!@
@!@!@STARTMSG 2776:0 @!@!@
CostModel lookup failed for expression <line 15, col 43 to line 15, col 52 of module MC>. Reporting costs into <line 38, col 72 to line 38, col 77 of module pipeline_ooo> instead (Safety and Liveness checking is unaffected. Please report a bug.)
@!@!@ENDMSG 2776 @!@!@
@!@!@STARTMSG 2776:0 @!@!@
CostModel lookup failed for expression <line 15, col 51 to line 15, col 52 of module MC>. Reporting costs into <line 38, col 72 to line 38, col 77 of module pipeline_ooo> instead (Safety and Liveness checking is unaffected. Please report a bug.)
@!@!@ENDMSG 2776 @!@!@
@!@!@STARTMSG 2776:0 @!@!@
CostModel lookup failed for expression <line 33, col 21 to line 33, col 21 of module pipeline_ooo>. Reporting costs into <line 38, col 72 to line 38, col 77 of module pipeline_ooo> instead (Safety and Liveness checking is unaffected. Please report a bug.)
@!@!@ENDMSG 2776 @!@!@
@!@!@STARTMSG 2776:0 @!@!@
CostModel lookup failed for expression <line 34, col 16 to line 34, col 29 of module pipeline_ooo>. Reporting costs into <line 38, col 38 to line 38, col 43 of module pipeline_ooo> instead (Safety and Liveness checking is unaffected. Please report a bug.)
@!@!@ENDMSG 2776 @!@!@
@!@!@STARTMSG 2776:0 @!@!@
CostModel lookup failed for expression <line 34, col 16 to line 34, col 25 of module pipeline_ooo>. Reporting costs into <line 38, col 38 to line 38, col 43 of module pipeline_ooo> instead (Safety and Liveness checking is unaffected. Please report a bug.)
@!@!@ENDMSG 2776 @!@!@
@!@!@STARTMSG 2776:0 @!@!@
CostModel lookup failed for expression <line 34, col 16 to line 34, col 22 of module pipeline_ooo>. Reporting costs into <line 38, col 38 to line 38, col 43 of module pipeline_ooo> instead (Safety and Liveness checking is unaffected. Please report a bug.)
@!@!@ENDMSG 2776 @!@!@
@!@!@STARTMSG 2776:0 @!@!@
CostModel lookup failed for expression <line 11, col 1 to line 16, col 2 of module MC>. Reporting costs into <line 38, col 38 to line 38, col 43 of module pipeline_ooo> instead (Safety and Liveness checking is unaffected. Please report a bug.)
@!@!@ENDMSG 2776 @!@!@
@!@!@STARTMSG 2776:0 @!@!@
CostModel lookup failed for expression <line 11, col 4 to line 11, col 54 of module MC>. Reporting costs into <line 38, col 38 to line 38, col 43 of module pipeline_ooo> instead (Safety and Liveness checking is unaffected. Please report a bug.)
@!@!@ENDMSG 2776 @!@!@
@!@!@STARTMSG 2776:0 @!@!@
CostModel lookup failed for expression <line 11, col 6 to line 11, col 13 of module MC>. Reporting costs into <line 38, col 38 to line 38, col 43 of module pipeline_ooo> instead (Safety and Liveness checking is unaffected. Please report a bug.)
@!@!@ENDMSG 2776 @!@!@
@!@!@STARTMSG 2776:0 @!@!@
CostModel lookup failed for expression <line 11, col 16 to line 11, col 27 of module MC>. Reporting costs into <line 38, col 38 to line 38, col 43 of module pipeline_ooo> instead (Safety and Liveness checking is unaffected. Please report a bug.)
@!@!@ENDMSG 2776 @!@!@
@!@!@STARTMSG 2776:0 @!@!@
CostModel lookup failed for expression <line 11, col 25 to line 11, col 27 of module MC>. Reporting costs into <line 38, col 38 to line 38, col 43 of module pipeline_ooo> instead (Safety and Liveness checking is unaffected. Please report a bug.)
@!@!@ENDMSG 2776 @!@!@
@!@!@STARTMSG 2776:0 @!@!@
CostModel lookup failed for expression <line 11, col 30 to line 11, col 40 of module MC>. Reporting costs into <line 38, col 38 to line 38, col 43 of module pipeline_ooo> instead (Safety and Liveness checking is unaffected. Please report a bug.)
@!@!@ENDMSG 2776 @!@!@
@!@!@STARTMSG 2776:0 @!@!@
CostModel lookup failed for expression <line 11, col 38 to line 11, col 40 of module MC>. Reporting costs into <line 38, col 38 to line 38, col 43 of module pipeline_ooo> instead (Safety and Liveness checking is unaffected. Please report a bug.)
@!@!@ENDMSG 2776 @!@!@
@!@!@STARTMSG 2776:0 @!@!@
CostModel lookup failed for expression <line 11, col 43 to line 11, col 52 of module MC>. Reporting costs into <line 38, col 38 to line 38, col 43 of module pipeline_ooo> instead (Safety and Liveness checking is unaffected. Please report a bug.)
@!@!@ENDMSG 2776 @!@!@
@!@!@STARTMSG 2776:0 @!@!@
CostModel lookup failed for expression <line 11, col 51 to line 11, col 52 of module MC>. Reporting costs into <line 38, col 38 to line 38, col 43 of module pipeline_ooo> instead (Safety and Liveness checking is unaffected. Please report a bug.)
@!@!@ENDMSG 2776 @!@!@
@!@!@STARTMSG 2776:0 @!@!@
CostModel lookup failed for expression <line 12, col 4 to line 12, col 56 of module MC>. Reporting costs into <line 38, col 38 to line 38, col 43 of module pipeline_ooo> instead (Safety and Liveness checking is unaffected. Please report a bug.)
@!@!@ENDMSG 2776 @!@!@
@!@!@STARTMSG 2776:0 @!@!@
CostModel lookup failed for expression <line 12, col 6 to line 12, col 13 of module MC>. Reporting costs into <line 38, col 38 to line 38, col 43 of module pipeline_ooo> instead (Safety and Liveness checking is unaffected. Please report a bug.)
@!@!@ENDMSG 2776 @!@!@
@!@!@STARTMSG 2776:0 @!@!@
CostModel lookup failed for expression <line 12, col 16 to line 12, col 27 of module MC>. Reporting costs into <line 38, col 38 to line 38, col 43 of module pipeline_ooo> instead (Safety and Liveness checking is unaffected. Please report a bug.)
@!@!@ENDMSG 2776 @!@!@
@!@!@STARTMSG 2776:0 @!@!@
CostModel lookup failed for expression <line 12, col 25 to line 12, col 27 of module MC>. Reporting costs into <line 38, col 38 to line 38, col 43 of module pipeline_ooo> instead (Safety and Liveness checking is unaffected. Please report a bug.)
@!@!@ENDMSG 2776 @!@!@
@!@!@STARTMSG 2776:0 @!@!@
CostModel lookup failed for expression <line 12, col 30 to line 12, col 42 of module MC>. Reporting costs into <line 38, col 38 to line 38, col 43 of module pipeline_ooo> instead (Safety and Liveness checking is unaffected. Please report a bug.)
@!@!@ENDMSG 2776 @!@!@
@!@!@STARTMSG 2776:0 @!@!@
CostModel lookup failed for expression <line 12, col 38 to line 12, col 42 of module MC>. Reporting costs into <line 38, col 38 to line 38, col 43 of module pipeline_ooo> instead (Safety and Liveness checking is unaffected. Please report a bug.)
@!@!@ENDMSG 2776 @!@!@
@!@!@STARTMSG 2776:0 @!@!@
CostModel lookup failed for expression <line 12, col 45 to line 12, col 54 of module MC>. Reporting costs into <line 38, col 38 to line 38, col 43 of module pipeline_ooo> instead (Safety and Liveness checking is unaffected. Please report a bug.)
@!@!@ENDMSG 2776 @!@!@
@!@!@STARTMSG 2776:0 @!@!@
CostModel lookup failed for expression <line 12, col 53 to line 12, col 54 of module MC>. Reporting costs into <line 38, col 38 to line 38, col 43 of module pipeline_ooo> instead (Safety and Liveness checking is unaffected. Please report a bug.)
@!@!@ENDMSG 2776 @!@!@
@!@!@STARTMSG 2776:0 @!@!@
CostModel lookup failed for expression <line 13, col 4 to line 13, col 55 of module MC>. Reporting costs into <line 38, col 38 to line 38, col 43 of module pipeline_ooo> instead (Safety and Liveness checking is unaffected. Please report a bug.)
@!@!@ENDMSG 2776 @!@!@
@!@!@STARTMSG 2776:0 @!@!@
CostModel lookup failed for expression <line 13, col 6 to line 13, col 13 of module MC>. Reporting costs into <line 38, col 38 to line 38, col 43 of module pipeline_ooo> instead (Safety and Liveness checking is unaffected. Please report a bug.)
@!@!@ENDMSG 2776 @!@!@
@!@!@STARTMSG 2776:0 @!@!@
CostModel lookup failed for expression <line 13, col 16 to line 13, col 27 of module MC>. Reporting costs into <line 38, col 38 to line 38, col 43 of module pipeline_ooo> instead (Safety and Liveness checking is unaffected. Please report a bug.)
@!@!@ENDMSG 2776 @!@!@
@!@!@STARTMSG 2776:0 @!@!@
CostModel lookup failed for expression <line 13, col 25 to line 13, col 27 of module MC>. Reporting costs into <line 38, col 38 to line 38, col 43 of module pipeline_ooo> instead (Safety and Liveness checking is unaffected. Please report a bug.)
@!@!@ENDMSG 2776 @!@!@
@!@!@STARTMSG 2776:0 @!@!@
CostModel lookup failed for expression <line 13, col 30 to line 13, col 40 of module MC>. Reporting costs into <line 38, col 38 to line 38, col 43 of module pipeline_ooo> instead (Safety and Liveness checking is unaffected. Please report a bug.)
@!@!@ENDMSG 2776 @!@!@
@!@!@STARTMSG 2776:0 @!@!@
CostModel lookup failed for expression <line 13, col 38 to line 13, col 40 of module MC>. Reporting costs into <line 38, col 38 to line 38, col 43 of module pipeline_ooo> instead (Safety and Liveness checking is unaffected. Please report a bug.)
@!@!@ENDMSG 2776 @!@!@
@!@!@STARTMSG 2776:0 @!@!@
CostModel lookup failed for expression <line 13, col 43 to line 13, col 53 of module MC>. Reporting costs into <line 38, col 38 to line 38, col 43 of module pipeline_ooo> instead (Safety and Liveness checking is unaffected. Please report a bug.)
@!@!@ENDMSG 2776 @!@!@
@!@!@STARTMSG 2776:0 @!@!@
CostModel lookup failed for expression <line 13, col 51 to line 13, col 53 of module MC>. Reporting costs into <line 38, col 38 to line 38, col 43 of module pipeline_ooo> instead (Safety and Liveness checking is unaffected. Please report a bug.)
@!@!@ENDMSG 2776 @!@!@
@!@!@STARTMSG 2776:0 @!@!@
CostModel lookup failed for expression <line 14, col 4 to line 14, col 56 of module MC>. Reporting costs into <line 38, col 38 to line 38, col 43 of module pipeline_ooo> instead (Safety and Liveness checking is unaffected. Please report a bug.)
@!@!@ENDMSG 2776 @!@!@
@!@!@STARTMSG 2776:0 @!@!@
CostModel lookup failed for expression <line 14, col 6 to line 14, col 13 of module MC>. Reporting costs into <line 38, col 38 to line 38, col 43 of module pipeline_ooo> instead (Safety and Liveness checking is unaffected. Please report a bug.)
@!@!@ENDMSG 2776 @!@!@
@!@!@STARTMSG 2776:0 @!@!@
CostModel lookup failed for expression <line 14, col 16 to line 14, col 29 of module MC>. Reporting costs into <line 38, col 38 to line 38, col 43 of module pipeline_ooo> instead (Safety and Liveness checking is unaffected. Please report a bug.)
@!@!@ENDMSG 2776 @!@!@
@!@!@STARTMSG 2776:0 @!@!@
CostModel lookup failed for expression <line 14, col 25 to line 14, col 29 of module MC>. Reporting costs into <line 38, col 38 to line 38, col 43 of module pipeline_ooo> instead (Safety and Liveness checking is unaffected. Please report a bug.)
@!@!@ENDMSG 2776 @!@!@
@!@!@STARTMSG 2776:0 @!@!@
CostModel lookup failed for expression <line 14, col 32 to line 14, col 42 of module MC>. Reporting costs into <line 38, col 38 to line 38, col 43 of module pipeline_ooo> instead (Safety and Liveness checking is unaffected. Please report a bug.)
@!@!@ENDMSG 2776 @!@!@
@!@!@STARTMSG 2776:0 @!@!@
CostModel lookup failed for expression <line 14, col 40 to line 14, col 42 of module MC>. Reporting costs into <line 38, col 38 to line 38, col 43 of module pipeline_ooo> instead (Safety and Liveness checking is unaffected. Please report a bug.)
@!@!@ENDMSG 2776 @!@!@
@!@!@STARTMSG 2776:0 @!@!@
CostModel lookup failed for expression <line 14, col 45 to line 14, col 54 of module MC>. Reporting costs into <line 38, col 38 to line 38, col 43 of module pipeline_ooo> instead (Safety and Liveness checking is unaffected. Please report a bug.)
@!@!@ENDMSG 2776 @!@!@
@!@!@STARTMSG 2776:0 @!@!@
CostModel lookup failed for expression <line 14, col 53 to line 14, col 54 of module MC>. Reporting costs into <line 38, col 38 to line 38, col 43 of module pipeline_ooo> instead (Safety and Liveness checking is unaffected. Please report a bug.)
@!@!@ENDMSG 2776 @!@!@
@!@!@STARTMSG 2776:0 @!@!@
CostModel lookup failed for expression <line 15, col 4 to line 15, col 54 of module MC>. Reporting costs into <line 38, col 38 to line 38, col 43 of module pipeline_ooo> instead (Safety and Liveness checking is unaffected. Please report a bug.)
@!@!@ENDMSG 2776 @!@!@
@!@!@STARTMSG 2776:0 @!@!@
CostModel lookup failed for expression <line 15, col 6 to line 15, col 13 of module MC>. Reporting costs into <line 38, col 38 to line 38, col 43 of module pipeline_ooo> instead (Safety and Liveness checking is unaffected. Please report a bug.)
@!@!@ENDMSG 2776 @!@!@
@!@!@STARTMSG 2776:0 @!@!@
CostModel lookup failed for expression <line 15, col 16 to line 15, col 27 of module MC>. Reporting costs into <line 38, col 38 to line 38, col 43 of module pipeline_ooo> instead (Safety and Liveness checking is unaffected. Please report a bug.)
@!@!@ENDMSG 2776 @!@!@
@!@!@STARTMSG 2776:0 @!@!@
CostModel lookup failed for expression <line 15, col 25 to line 15, col 27 of module MC>. Reporting costs into <line 38, col 38 to line 38, col 43 of module pipeline_ooo> instead (Safety and Liveness checking is unaffected. Please report a bug.)
@!@!@ENDMSG 2776 @!@!@
@!@!@STARTMSG 2776:0 @!@!@
CostModel lookup failed for expression <line 15, col 30 to line 15, col 40 of module MC>. Reporting costs into <line 38, col 38 to line 38, col 43 of module pipeline_ooo> instead (Safety and Liveness checking is unaffected. Please report a bug.)
@!@!@ENDMSG 2776 @!@!@
@!@!@STARTMSG 2776:0 @!@!@
CostModel lookup failed for expression <line 15, col 38 to line 15, col 40 of module MC>. Reporting costs into <line 38, col 38 to line 38, col 43 of module pipeline_ooo> instead (Safety and Liveness checking is unaffected. Please report a bug.)
@!@!@ENDMSG 2776 @!@!@
@!@!@STARTMSG 2776:0 @!@!@
CostModel lookup failed for expression <line 15, col 43 to line 15, col 52 of module MC>. Reporting costs into <line 38, col 38 to line 38, col 43 of module pipeline_ooo> instead (Safety and Liveness checking is unaffected. Please report a bug.)
@!@!@ENDMSG 2776 @!@!@
@!@!@STARTMSG 2776:0 @!@!@
CostModel lookup failed for expression <line 15, col 51 to line 15, col 52 of module MC>. Reporting costs into <line 38, col 38 to line 38, col 43 of module pipeline_ooo> instead (Safety and Liveness checking is unaffected. Please report a bug.)
@!@!@ENDMSG 2776 @!@!@
@!@!@STARTMSG 2776:0 @!@!@
CostModel lookup failed for expression <line 34, col 24 to line 34, col 24 of module pipeline_ooo>. Reporting costs into <line 38, col 38 to line 38, col 43 of module pipeline_ooo> instead (Safety and Liveness checking is unaffected. Please report a bug.)
@!@!@ENDMSG 2776 @!@!@
@!@!@STARTMSG 2776:0 @!@!@
CostModel lookup failed for expression <line 34, col 16 to line 34, col 29 of module pipeline_ooo>. Reporting costs into <line 38, col 72 to line 38, col 77 of module pipeline_ooo> instead (Safety and Liveness checking is unaffected. Please report a bug.)
@!@!@ENDMSG 2776 @!@!@
@!@!@STARTMSG 2776:0 @!@!@
CostModel lookup failed for expression <line 34, col 16 to line 34, col 25 of module pipeline_ooo>. Reporting costs into <line 38, col 72 to line 38, col 77 of module pipeline_ooo> instead (Safety and Liveness checking is unaffected. Please report a bug.)
@!@!@ENDMSG 2776 @!@!@
@!@!@STARTMSG 2776:0 @!@!@
CostModel lookup failed for expression <line 34, col 16 to line 34, col 22 of module pipeline_ooo>. Reporting costs into <line 38, col 72 to line 38, col 77 of module pipeline_ooo> instead (Safety and Liveness checking is unaffected. Please report a bug.)
@!@!@ENDMSG 2776 @!@!@
@!@!@STARTMSG 2776:0 @!@!@
CostModel lookup failed for expression <line 11, col 1 to line 16, col 2 of module MC>. Reporting costs into <line 38, col 72 to line 38, col 77 of module pipeline_ooo> instead (Safety and Liveness checking is unaffected. Please report a bug.)
@!@!@ENDMSG 2776 @!@!@
@!@!@STARTMSG 2776:0 @!@!@
CostModel lookup failed for expression <line 11, col 4 to line 11, col 54 of module MC>. Reporting costs into <line 38, col 72 to line 38, col 77 of module pipeline_ooo> instead (Safety and Liveness checking is unaffected. Please report a bug.)
@!@!@ENDMSG 2776 @!@!@
@!@!@STARTMSG 2776:0 @!@!@
CostModel lookup failed for expression <line 11, col 6 to line 11, col 13 of module MC>. Reporting costs into <line 38, col 72 to line 38, col 77 of module pipeline_ooo> instead (Safety and Liveness checking is unaffected. Please report a bug.)
@!@!@ENDMSG 2776 @!@!@
@!@!@STARTMSG 2776:0 @!@!@
CostModel lookup failed for expression <line 11, col 16 to line 11, col 27 of module MC>. Reporting costs into <line 38, col 72 to line 38, col 77 of module pipeline_ooo> instead (Safety and Liveness checking is unaffected. Please report a bug.)
@!@!@ENDMSG 2776 @!@!@
@!@!@STARTMSG 2776:0 @!@!@
CostModel lookup failed for expression <line 11, col 25 to line 11, col 27 of module MC>. Reporting costs into <line 38, col 72 to line 38, col 77 of module pipeline_ooo> instead (Safety and Liveness checking is unaffected. Please report a bug.)
@!@!@ENDMSG 2776 @!@!@
@!@!@STARTMSG 2776:0 @!@!@
CostModel lookup failed for expression <line 11, col 30 to line 11, col 40 of module MC>. Reporting costs into <line 38, col 72 to line 38, col 77 of module pipeline_ooo> instead (Safety and Liveness checking is unaffected. Please report a bug.)
@!@!@ENDMSG 2776 @!@!@
@!@!@STARTMSG 2776:0 @!@!@
CostModel lookup failed for expression <line 11, col 38 to line 11, col 40 of module MC>. Reporting costs into <line 38, col 72 to line 38, col 77 of module pipeline_ooo> instead (Safety and Liveness checking is unaffected. Please report a bug.)
@!@!@ENDMSG 2776 @!@!@
@!@!@STARTMSG 2776:0 @!@!@
CostModel lookup failed for expression <line 11, col 43 to line 11, col 52 of module MC>. Reporting costs into <line 38, col 72 to line 38, col 77 of module pipeline_ooo> instead (Safety and Liveness checking is unaffected. Please report a bug.)
@!@!@ENDMSG 2776 @!@!@
@!@!@STARTMSG 2776:0 @!@!@
CostModel lookup failed for expression <line 11, col 51 to line 11, col 52 of module MC>. Reporting costs into <line 38, col 72 to line 38, col 77 of module pipeline_ooo> instead (Safety and Liveness checking is unaffected. Please report a bug.)
@!@!@ENDMSG 2776 @!@!@
@!@!@STARTMSG 2776:0 @!@!@
CostModel lookup failed for expression <line 12, col 4 to line 12, col 56 of module MC>. Reporting costs into <line 38, col 72 to line 38, col 77 of module pipeline_ooo> instead (Safety and Liveness checking is unaffected. Please report a bug.)
@!@!@ENDMSG 2776 @!@!@
@!@!@STARTMSG 2776:0 @!@!@
CostModel lookup failed for expression <line 12, col 6 to line 12, col 13 of module MC>. Reporting costs into <line 38, col 72 to line 38, col 77 of module pipeline_ooo> instead (Safety and Liveness checking is unaffected. Please report a bug.)
@!@!@ENDMSG 2776 @!@!@
@!@!@STARTMSG 2776:0 @!@!@
CostModel lookup failed for expression <line 12, col 16 to line 12, col 27 of module MC>. Reporting costs into <line 38, col 72 to line 38, col 77 of module pipeline_ooo> instead (Safety and Liveness checking is unaffected. Please report a bug.)
@!@!@ENDMSG 2776 @!@!@
@!@!@STARTMSG 2776:0 @!@!@
CostModel lookup failed for expression <line 12, col 25 to line 12, col 27 of module MC>. Reporting costs into <line 38, col 72 to line 38, col 77 of module pipeline_ooo> instead (Safety and Liveness checking is unaffected. Please report a bug.)
@!@!@ENDMSG 2776 @!@!@
@!@!@STARTMSG 2776:0 @!@!@
CostModel lookup failed for expression <line 12, col 30 to line 12, col 42 of module MC>. Reporting costs into <line 38, col 72 to line 38, col 77 of module pipeline_ooo> instead (Safety and Liveness checking is unaffected. Please report a bug.)
@!@!@ENDMSG 2776 @!@!@
@!@!@STARTMSG 2776:0 @!@!@
CostModel lookup failed for expression <line 12, col 38 to line 12, col 42 of module MC>. Reporting costs into <line 38, col 72 to line 38, col 77 of module pipeline_ooo> instead (Safety and Liveness checking is unaffected. Please report a bug.)
@!@!@ENDMSG 2776 @!@!@
@!@!@STARTMSG 2776:0 @!@!@
CostModel lookup failed for expression <line 12, col 45 to line 12, col 54 of module MC>. Reporting costs into <line 38, col 72 to line 38, col 77 of module pipeline_ooo> instead (Safety and Liveness checking is unaffected. Please report a bug.)
@!@!@ENDMSG 2776 @!@!@
@!@!@STARTMSG 2776:0 @!@!@
CostModel lookup failed for expression <line 12, col 53 to line 12, col 54 of module MC>. Reporting costs into <line 38, col 72 to line 38, col 77 of module pipeline_ooo> instead (Safety and Liveness checking is unaffected. Please report a bug.)
@!@!@ENDMSG 2776 @!@!@
@!@!@STARTMSG 2776:0 @!@!@
CostModel lookup failed for expression <line 13, col 4 to line 13, col 55 of module MC>. Reporting costs into <line 38, col 72 to line 38, col 77 of module pipeline_ooo> instead (Safety and Liveness checking is unaffected. Please report a bug.)
@!@!@ENDMSG 2776 @!@!@
@!@!@STARTMSG 2776:0 @!@!@
CostModel lookup failed for expression <line 13, col 6 to line 13, col 13 of module MC>. Reporting costs into <line 38, col 72 to line 38, col 77 of module pipeline_ooo> instead (Safety and Liveness checking is unaffected. Please report a bug.)
@!@!@ENDMSG 2776 @!@!@
@!@!@STARTMSG 2776:0 @!@!@
CostModel lookup failed for expression <line 13, col 16 to line 13, col 27 of module MC>. Reporting costs into <line 38, col 72 to line 38, col 77 of module pipeline_ooo> instead (Safety and Liveness checking is unaffected. Please report a bug.)
@!@!@ENDMSG 2776 @!@!@
@!@!@STARTMSG 2776:0 @!@!@
CostModel lookup failed for expression <line 13, col 25 to line 13, col 27 of module MC>. Reporting costs into <line 38, col 72 to line 38, col 77 of module pipeline_ooo> instead (Safety and Liveness checking is unaffected. Please report a bug.)
@!@!@ENDMSG 2776 @!@!@
@!@!@STARTMSG 2776:0 @!@!@
CostModel lookup failed for expression <line 13, col 30 to line 13, col 40 of module MC>. Reporting costs into <line 38, col 72 to line 38, col 77 of module pipeline_ooo> instead (Safety and Liveness checking is unaffected. Please report a bug.)
@!@!@ENDMSG 2776 @!@!@
@!@!@STARTMSG 2776:0 @!@!@
CostModel lookup failed for expression <line 13, col 38 to line 13, col 40 of module MC>. Reporting costs into <line 38, col 72 to line 38, col 77 of module pipeline_ooo> instead (Safety and Liveness checking is unaffected. Please report a bug.)
@!@!@ENDMSG 2776 @!@!@
@!@!@STARTMSG 2776:0 @!@!@
CostModel lookup failed for expression <line 13, col 43 to line 13, col 53 of module MC>. Reporting costs into <line 38, col 72 to line 38, col 77 of module pipeline_ooo> instead (Safety and Liveness checking is unaffected. Please report a bug.)
@!@!@ENDMSG 2776 @!@!@
@!@!@STARTMSG 2776:0 @!@!@
CostModel lookup failed for expression <line 13, col 51 to line 13, col 53 of module MC>. Reporting costs into <line 38, col 72 to line 38, col 77 of module pipeline_ooo> instead (Safety and Liveness checking is unaffected. Please report a bug.)
@!@!@ENDMSG 2776 @!@!@
@!@!@STARTMSG 2776:0 @!@!@
CostModel lookup failed for expression <line 14, col 4 to line 14, col 56 of module MC>. Reporting costs into <line 38, col 72 to line 38, col 77 of module pipeline_ooo> instead (Safety and Liveness checking is unaffected. Please report a bug.)
@!@!@ENDMSG 2776 @!@!@
@!@!@STARTMSG 2776:0 @!@!@
CostModel lookup failed for expression <line 14, col 6 to line 14, col 13 of module MC>. Reporting costs into <line 38, col 72 to line 38, col 77 of module pipeline_ooo> instead (Safety and Liveness checking is unaffected. Please report a bug.)
@!@!@ENDMSG 2776 @!@!@
@!@!@STARTMSG 2776:0 @!@!@
CostModel lookup failed for expression <line 14, col 16 to line 14, col 29 of module MC>. Reporting costs into <line 38, col 72 to line 38, col 77 of module pipeline_ooo> instead (Safety and Liveness checking is unaffected. Please report a bug.)
@!@!@ENDMSG 2776 @!@!@
@!@!@STARTMSG 2776:0 @!@!@
CostModel lookup failed for expression <line 14, col 25 to line 14, col 29 of module MC>. Reporting costs into <line 38, col 72 to line 38, col 77 of module pipeline_ooo> instead (Safety and Liveness checking is unaffected. Please report a bug.)
@!@!@ENDMSG 2776 @!@!@
@!@!@STARTMSG 2776:0 @!@!@
CostModel lookup failed for expression <line 14, col 32 to line 14, col 42 of module MC>. Reporting costs into <line 38, col 72 to line 38, col 77 of module pipeline_ooo> instead (Safety and Liveness checking is unaffected. Please report a bug.)
@!@!@ENDMSG 2776 @!@!@
@!@!@STARTMSG 2776:0 @!@!@
CostModel lookup failed for expression <line 14, col 40 to line 14, col 42 of module MC>. Reporting costs into <line 38, col 72 to line 38, col 77 of module pipeline_ooo> instead (Safety and Liveness checking is unaffected. Please report a bug.)
@!@!@ENDMSG 2776 @!@!@
@!@!@STARTMSG 2776:0 @!@!@
CostModel lookup failed for expression <line 14, col 45 to line 14, col 54 of module MC>. Reporting costs into <line 38, col 72 to line 38, col 77 of module pipeline_ooo> instead (Safety and Liveness checking is unaffected. Please report a bug.)
@!@!@ENDMSG 2776 @!@!@
@!@!@STARTMSG 2776:0 @!@!@
CostModel lookup failed for expression <line 14, col 53 to line 14, col 54 of module MC>. Reporting costs into <line 38, col 72 to line 38, col 77 of module pipeline_ooo> instead (Safety and Liveness checking is unaffected. Please report a bug.)
@!@!@ENDMSG 2776 @!@!@
@!@!@STARTMSG 2776:0 @!@!@
CostModel lookup failed for expression <line 15, col 4 to line 15, col 54 of module MC>. Reporting costs into <line 38, col 72 to line 38, col 77 of module pipeline_ooo> instead (Safety and Liveness checking is unaffected. Please report a bug.)
@!@!@ENDMSG 2776 @!@!@
@!@!@STARTMSG 2776:0 @!@!@
CostModel lookup failed for expression <line 15, col 6 to line 15, col 13 of module MC>. Reporting costs into <line 38, col 72 to line 38, col 77 of module pipeline_ooo> instead (Safety and Liveness checking is unaffected. Please report a bug.)
@!@!@ENDMSG 2776 @!@!@
@!@!@STARTMSG 2776:0 @!@!@
CostModel lookup failed for expression <line 15, col 16 to line 15, col 27 of module MC>. Reporting costs into <line 38, col 72 to line 38, col 77 of module pipeline_ooo> instead (Safety and Liveness checking is unaffected. Please report a bug.)
@!@!@ENDMSG 2776 @!@!@
@!@!@STARTMSG 2776:0 @!@!@
CostModel lookup failed for expression <line 15, col 25 to line 15, col 27 of module MC>. Reporting costs into <line 38, col 72 to line 38, col 77 of module pipeline_ooo> instead (Safety and Liveness checking is unaffected. Please report a bug.)
@!@!@ENDMSG 2776 @!@!@
@!@!@STARTMSG 2776:0 @!@!@
CostModel lookup failed for expression <line 15, col 30 to line 15, col 40 of module MC>. Reporting costs into <line 38, col 72 to line 38, col 77 of module pipeline_ooo> instead (Safety and Liveness checking is unaffected. Please report a bug.)
@!@!@ENDMSG 2776 @!@!@
@!@!@STARTMSG 2776:0 @!@!@
CostModel lookup failed for expression <line 15, col 38 to line 15, col 40 of module MC>. Reporting costs into <line 38, col 72 to line 38, col 77 of module pipeline_ooo> instead (Safety and Liveness checking is unaffected. Please report a bug.)
@!@!@ENDMSG 2776 @!@!@
@!@!@STARTMSG 2776:0 @!@!@
CostModel lookup failed for expression <line 15, col 43 to line 15, col 52 of module MC>. Reporting costs into <line 38, col 72 to line 38, col 77 of module pipeline_ooo> instead (Safety and Liveness checking is unaffected. Please report a bug.)
@!@!@ENDMSG 2776 @!@!@
@!@!@STARTMSG 2776:0 @!@!@
CostModel lookup failed for expression <line 15, col 51 to line 15, col 52 of module MC>. Reporting costs into <line 38, col 72 to line 38, col 77 of module pipeline_ooo> instead (Safety and Liveness checking is unaffected. Please report a bug.)
@!@!@ENDMSG 2776 @!@!@
@!@!@STARTMSG 2776:0 @!@!@
CostModel lookup failed for expression <line 34, col 24 to line 34, col 24 of module pipeline_ooo>. Reporting costs into <line 38, col 72 to line 38, col 77 of module pipeline_ooo> instead (Safety and Liveness checking is unaffected. Please report a bug.)
@!@!@ENDMSG 2776 @!@!@
@!@!@STARTMSG 2269:0 @!@!@
Computed 2 initial states...
@!@!@ENDMSG 2269 @!@!@
@!@!@STARTMSG 2269:0 @!@!@
Computed 4 initial states...
@!@!@ENDMSG 2269 @!@!@
@!@!@STARTMSG 2269:0 @!@!@
Computed 8 initial states...
@!@!@ENDMSG 2269 @!@!@
@!@!@STARTMSG 2190:0 @!@!@
Finished computing initial states: 16 distinct states generated at 2020-12-03 16:19:13.
@!@!@ENDMSG 2190 @!@!@
<<"FU", 4>>
<<"FU", 4>>
<<"FU", 4>>
<<"FU", 4>>
<<"FU", 4>>
<<"FU", 4>>
<<"FU", 4>>
<<"FU", 4>>
@!@!@STARTMSG 2110:1 @!@!@
Invariant NoTARei is violated.
@!@!@ENDMSG 2110 @!@!@
<<"FU", 4>>
@!@!@STARTMSG 2121:1 @!@!@
The behavior up to this point is:
@!@!@ENDMSG 2121 @!@!@
@!@!@STARTMSG 2217:4 @!@!@
1: <Initial predicate>
/\ reiLoc = <<FALSE, FALSE>>
/\ FULat2 = <<3, 3, 3, 3, 3>>
/\ iMiss2 = <<FALSE, FALSE, FALSE, FALSE, FALSE>>
/\ loct = <<<<0, 0, 0, 0, 0>>, <<0, 0, 0, 0, 0>>>>
/\ _RS2 = <<{}, {}, {}>>
/\ _COM2 = <<[PC |-> [pc |-> 0, type |-> "empty"]], [PC |-> [pc |-> 0, type |-> "empty"]]>>
/\ _ID = <<[PC |-> [pc |-> 0, type |-> "empty"]], [PC |-> [pc |-> 0, type |-> "empty"]]>>
/\ _IF = << [PC |-> [pc |-> 0, type |-> "empty"], currLat |-> 1, baseLat |-> 1],
   [PC |-> [pc |-> 0, type |-> "empty"], currLat |-> 1, baseLat |-> 1] >>
/\ FUTmpLat = <<<<<<<<3, 2>>, 3>>, 3>>, 3>>
/\ _FU2 = << [ PC |-> [pc |-> 0, type |-> "empty"],
     currLat |-> 1,
     usage |-> 0,
     baseLat |-> 1 ],
   [ PC |-> [pc |-> 0, type |-> "empty"],
     currLat |-> 1,
     usage |-> 0,
     baseLat |-> 1 ],
   [ PC |-> [pc |-> 0, type |-> "empty"],
     currLat |-> 1,
     usage |-> 0,
     baseLat |-> 1 ] >>
/\ FUTmp = <<<<<<<<1, 2>>, 3>>, 2>>, 2>>
/\ _COM = <<[PC |-> [pc |-> 0, type |-> "empty"]], [PC |-> [pc |-> 0, type |-> "empty"]]>>
/\ _ID2 = <<[PC |-> [pc |-> 0, type |-> "empty"]], [PC |-> [pc |-> 0, type |-> "empty"]]>>
/\ currCycle2 = 0
/\ FU2 = <<1, 2, 3, 1, 2>>
/\ _IF2 = << [PC |-> [pc |-> 0, type |-> "empty"], currLat |-> 1, baseLat |-> 1],
   [PC |-> [pc |-> 0, type |-> "empty"], currLat |-> 1, baseLat |-> 1] >>
/\ iMissTmp2 = <<<<<<<<FALSE, FALSE>>, FALSE>>, FALSE>>, FALSE>>
/\ iMiss = <<FALSE, FALSE, FALSE, FALSE, FALSE>>
/\ _RS = <<{}, {}, {}>>
/\ commonPre = TRUE
/\ currCycle = 0
/\ iMissTmp = <<<<<<<<FALSE, FALSE>>, FALSE>>, FALSE>>, FALSE>>
/\ FULat = <<3, 2, 3, 3, 3>>
/\ FUTmp2 = <<<<<<<<1, 2>>, 3>>, 1>>, 2>>
/\ prog = [ rest |->
      << [pc |-> 1, type |-> {1}, lat |-> {3}, dep |-> {}],
         [pc |-> 2, type |-> {2}, lat |-> {2, 3}, dep |-> {}],
         [pc |-> 3, type |-> {3}, lat |-> {3}, dep |-> {1}],
         [pc |-> 4, type |-> {1, 2}, lat |-> {3}, dep |-> {}],
         [pc |-> 5, type |-> {2}, lat |-> {3}, dep |-> {}] >>,
  exec |-> <<>> ]
/\ FUTmpLat2 = <<<<<<<<3, 3>>, 3>>, 3>>, 3>>
/\ prog2 = [ rest |->
      << [pc |-> 1, type |-> {1}, lat |-> {3}, dep |-> {}],
         [pc |-> 2, type |-> {2}, lat |-> {2, 3}, dep |-> {}],
         [pc |-> 3, type |-> {3}, lat |-> {3}, dep |-> {1}],
         [pc |-> 4, type |-> {1, 2}, lat |-> {3}, dep |-> {}],
         [pc |-> 5, type |-> {2}, lat |-> {3}, dep |-> {}] >>,
  exec |-> <<>> ]
/\ FU = <<1, 2, 3, 2, 2>>
/\ _FU = << [ PC |-> [pc |-> 0, type |-> "empty"],
     currLat |-> 1,
     usage |-> 0,
     baseLat |-> 1 ],
   [ PC |-> [pc |-> 0, type |-> "empty"],
     currLat |-> 1,
     usage |-> 0,
     baseLat |-> 1 ],
   [ PC |-> [pc |-> 0, type |-> "empty"],
     currLat |-> 1,
     usage |-> 0,
     baseLat |-> 1 ] >>

@!@!@ENDMSG 2217 @!@!@
@!@!@STARTMSG 2217:4 @!@!@
2: <Next line 77, col 9 to line 107, col 20 of module pipeline_ooo>
/\ reiLoc = <<TRUE, TRUE>>
/\ FULat2 = <<3, 3, 3, 3, 3>>
/\ iMiss2 = <<FALSE, FALSE, FALSE, FALSE, FALSE>>
/\ loct = <<<<0, 0, 0, 0, 0>>, <<0, 0, 0, 0, 0>>>>
/\ _RS2 = <<{}, {}, {}>>
/\ _COM2 = <<[PC |-> [pc |-> 0, type |-> "empty"]], [PC |-> [pc |-> 0, type |-> "empty"]]>>
/\ _ID = <<[PC |-> [pc |-> 0, type |-> "empty"]], [PC |-> [pc |-> 0, type |-> "empty"]]>>
/\ _IF = << [ PC |-> [pc |-> 1, type |-> {1}, lat |-> {3}, dep |-> {}],
     currLat |-> 1,
     baseLat |-> 1 ],
   [ PC |-> [pc |-> 2, type |-> {2}, lat |-> {2, 3}, dep |-> {}],
     currLat |-> 1,
     baseLat |-> 1 ] >>
/\ FUTmpLat = <<<<<<<<3, 2>>, 3>>, 3>>, 3>>
/\ _FU2 = << [ PC |-> [pc |-> 0, type |-> "empty"],
     currLat |-> 1,
     usage |-> 0,
     baseLat |-> 1 ],
   [ PC |-> [pc |-> 0, type |-> "empty"],
     currLat |-> 1,
     usage |-> 0,
     baseLat |-> 1 ],
   [ PC |-> [pc |-> 0, type |-> "empty"],
     currLat |-> 1,
     usage |-> 0,
     baseLat |-> 1 ] >>
/\ FUTmp = <<<<<<<<1, 2>>, 3>>, 2>>, 2>>
/\ _COM = <<[PC |-> [pc |-> 0, type |-> "empty"]], [PC |-> [pc |-> 0, type |-> "empty"]]>>
/\ _ID2 = <<[PC |-> [pc |-> 0, type |-> "empty"]], [PC |-> [pc |-> 0, type |-> "empty"]]>>
/\ currCycle2 = 1
/\ FU2 = <<1, 2, 3, 1, 2>>
/\ _IF2 = << [ PC |-> [pc |-> 1, type |-> {1}, lat |-> {3}, dep |-> {}],
     currLat |-> 1,
     baseLat |-> 1 ],
   [ PC |-> [pc |-> 2, type |-> {2}, lat |-> {2, 3}, dep |-> {}],
     currLat |-> 1,
     baseLat |-> 1 ] >>
/\ iMissTmp2 = <<<<<<<<FALSE, FALSE>>, FALSE>>, FALSE>>, FALSE>>
/\ iMiss = <<FALSE, FALSE, FALSE, FALSE, FALSE>>
/\ _RS = <<{}, {}, {}>>
/\ commonPre = TRUE
/\ currCycle = 1
/\ iMissTmp = <<<<<<<<FALSE, FALSE>>, FALSE>>, FALSE>>, FALSE>>
/\ FULat = <<3, 2, 3, 3, 3>>
/\ FUTmp2 = <<<<<<<<1, 2>>, 3>>, 1>>, 2>>
/\ prog = [ rest |->
      << [pc |-> 3, type |-> {3}, lat |-> {3}, dep |-> {1}],
         [pc |-> 4, type |-> {1, 2}, lat |-> {3}, dep |-> {}],
         [pc |-> 5, type |-> {2}, lat |-> {3}, dep |-> {}] >>,
  exec |->
      << [ PC |-> [pc |-> 1, type |-> {1}, lat |-> {3}, dep |-> {}],
           comTime |-> 0,
           done |-> FALSE,
           executed |-> FALSE,
           exStartTime |-> 0 ],
         [ PC |-> [pc |-> 2, type |-> {2}, lat |-> {2, 3}, dep |-> {}],
           comTime |-> 0,
           done |-> FALSE,
           executed |-> FALSE,
           exStartTime |-> 0 ] >> ]
/\ FUTmpLat2 = <<<<<<<<3, 3>>, 3>>, 3>>, 3>>
/\ prog2 = [ rest |->
      << [pc |-> 3, type |-> {3}, lat |-> {3}, dep |-> {1}],
         [pc |-> 4, type |-> {1, 2}, lat |-> {3}, dep |-> {}],
         [pc |-> 5, type |-> {2}, lat |-> {3}, dep |-> {}] >>,
  exec |->
      << [ PC |-> [pc |-> 1, type |-> {1}, lat |-> {3}, dep |-> {}],
           comTime |-> 0,
           done |-> FALSE,
           executed |-> FALSE,
           exStartTime |-> 0 ],
         [ PC |-> [pc |-> 2, type |-> {2}, lat |-> {2, 3}, dep |-> {}],
           comTime |-> 0,
           done |-> FALSE,
           executed |-> FALSE,
           exStartTime |-> 0 ] >> ]
/\ FU = <<1, 2, 3, 2, 2>>
/\ _FU = << [ PC |-> [pc |-> 0, type |-> "empty"],
     currLat |-> 1,
     usage |-> 0,
     baseLat |-> 1 ],
   [ PC |-> [pc |-> 0, type |-> "empty"],
     currLat |-> 1,
     usage |-> 0,
     baseLat |-> 1 ],
   [ PC |-> [pc |-> 0, type |-> "empty"],
     currLat |-> 1,
     usage |-> 0,
     baseLat |-> 1 ] >>

@!@!@ENDMSG 2217 @!@!@
@!@!@STARTMSG 2217:4 @!@!@
3: <Next line 77, col 9 to line 107, col 20 of module pipeline_ooo>
/\ reiLoc = <<TRUE, TRUE>>
/\ FULat2 = <<3, 3, 3, 3, 3>>
/\ iMiss2 = <<FALSE, FALSE, FALSE, FALSE, FALSE>>
/\ loct = <<<<0, 0, 0, 0, 0>>, <<0, 0, 0, 0, 0>>>>
/\ _RS2 = <<{}, {}, {}>>
/\ _COM2 = <<[PC |-> [pc |-> 0, type |-> "empty"]], [PC |-> [pc |-> 0, type |-> "empty"]]>>
/\ _ID = << [PC |-> [pc |-> 1, type |-> {1}, lat |-> {3}, dep |-> {}]],
   [PC |-> [pc |-> 2, type |-> {2}, lat |-> {2, 3}, dep |-> {}]] >>
/\ _IF = << [ PC |-> [pc |-> 3, type |-> {3}, lat |-> {3}, dep |-> {1}],
     currLat |-> 1,
     baseLat |-> 1 ],
   [ PC |-> [pc |-> 4, type |-> {1, 2}, lat |-> {3}, dep |-> {}],
     currLat |-> 1,
     baseLat |-> 1 ] >>
/\ FUTmpLat = <<<<<<<<3, 2>>, 3>>, 3>>, 3>>
/\ _FU2 = << [ PC |-> [pc |-> 0, type |-> "empty"],
     currLat |-> 1,
     usage |-> 0,
     baseLat |-> 1 ],
   [ PC |-> [pc |-> 0, type |-> "empty"],
     currLat |-> 1,
     usage |-> 0,
     baseLat |-> 1 ],
   [ PC |-> [pc |-> 0, type |-> "empty"],
     currLat |-> 1,
     usage |-> 0,
     baseLat |-> 1 ] >>
/\ FUTmp = <<<<<<<<1, 2>>, 3>>, 2>>, 2>>
/\ _COM = <<[PC |-> [pc |-> 0, type |-> "empty"]], [PC |-> [pc |-> 0, type |-> "empty"]]>>
/\ _ID2 = << [PC |-> [pc |-> 1, type |-> {1}, lat |-> {3}, dep |-> {}]],
   [PC |-> [pc |-> 2, type |-> {2}, lat |-> {2, 3}, dep |-> {}]] >>
/\ currCycle2 = 2
/\ FU2 = <<1, 2, 3, 1, 2>>
/\ _IF2 = << [ PC |-> [pc |-> 3, type |-> {3}, lat |-> {3}, dep |-> {1}],
     currLat |-> 1,
     baseLat |-> 1 ],
   [ PC |-> [pc |-> 4, type |-> {1, 2}, lat |-> {3}, dep |-> {}],
     currLat |-> 1,
     baseLat |-> 1 ] >>
/\ iMissTmp2 = <<<<<<<<FALSE, FALSE>>, FALSE>>, FALSE>>, FALSE>>
/\ iMiss = <<FALSE, FALSE, FALSE, FALSE, FALSE>>
/\ _RS = <<{}, {}, {}>>
/\ commonPre = TRUE
/\ currCycle = 2
/\ iMissTmp = <<<<<<<<FALSE, FALSE>>, FALSE>>, FALSE>>, FALSE>>
/\ FULat = <<3, 2, 3, 3, 3>>
/\ FUTmp2 = <<<<<<<<1, 2>>, 3>>, 1>>, 2>>
/\ prog = [ rest |-> <<[pc |-> 5, type |-> {2}, lat |-> {3}, dep |-> {}]>>,
  exec |->
      << [ PC |-> [pc |-> 1, type |-> {1}, lat |-> {3}, dep |-> {}],
           comTime |-> 0,
           done |-> FALSE,
           executed |-> FALSE,
           exStartTime |-> 0 ],
         [ PC |-> [pc |-> 2, type |-> {2}, lat |-> {2, 3}, dep |-> {}],
           comTime |-> 0,
           done |-> FALSE,
           executed |-> FALSE,
           exStartTime |-> 0 ],
         [ PC |-> [pc |-> 3, type |-> {3}, lat |-> {3}, dep |-> {1}],
           comTime |-> 0,
           done |-> FALSE,
           executed |-> FALSE,
           exStartTime |-> 0 ],
         [ PC |-> [pc |-> 4, type |-> {1, 2}, lat |-> {3}, dep |-> {}],
           comTime |-> 0,
           done |-> FALSE,
           executed |-> FALSE,
           exStartTime |-> 0 ] >> ]
/\ FUTmpLat2 = <<<<<<<<3, 3>>, 3>>, 3>>, 3>>
/\ prog2 = [ rest |-> <<[pc |-> 5, type |-> {2}, lat |-> {3}, dep |-> {}]>>,
  exec |->
      << [ PC |-> [pc |-> 1, type |-> {1}, lat |-> {3}, dep |-> {}],
           comTime |-> 0,
           done |-> FALSE,
           executed |-> FALSE,
           exStartTime |-> 0 ],
         [ PC |-> [pc |-> 2, type |-> {2}, lat |-> {2, 3}, dep |-> {}],
           comTime |-> 0,
           done |-> FALSE,
           executed |-> FALSE,
           exStartTime |-> 0 ],
         [ PC |-> [pc |-> 3, type |-> {3}, lat |-> {3}, dep |-> {1}],
           comTime |-> 0,
           done |-> FALSE,
           executed |-> FALSE,
           exStartTime |-> 0 ],
         [ PC |-> [pc |-> 4, type |-> {1, 2}, lat |-> {3}, dep |-> {}],
           comTime |-> 0,
           done |-> FALSE,
           executed |-> FALSE,
           exStartTime |-> 0 ] >> ]
/\ FU = <<1, 2, 3, 2, 2>>
/\ _FU = << [ PC |-> [pc |-> 0, type |-> "empty"],
     currLat |-> 1,
     usage |-> 0,
     baseLat |-> 1 ],
   [ PC |-> [pc |-> 0, type |-> "empty"],
     currLat |-> 1,
     usage |-> 0,
     baseLat |-> 1 ],
   [ PC |-> [pc |-> 0, type |-> "empty"],
     currLat |-> 1,
     usage |-> 0,
     baseLat |-> 1 ] >>

@!@!@ENDMSG 2217 @!@!@
@!@!@STARTMSG 2217:4 @!@!@
4: <Next line 77, col 9 to line 107, col 20 of module pipeline_ooo>
/\ reiLoc = <<TRUE, TRUE>>
/\ FULat2 = <<3, 3, 3, 3, 3>>
/\ iMiss2 = <<FALSE, FALSE, FALSE, FALSE, FALSE>>
/\ loct = <<<<0, 0, 0, 0, 0>>, <<0, 0, 0, 0, 0>>>>
/\ _RS2 = <<{}, {}, {}>>
/\ _COM2 = <<[PC |-> [pc |-> 0, type |-> "empty"]], [PC |-> [pc |-> 0, type |-> "empty"]]>>
/\ _ID = << [PC |-> [pc |-> 3, type |-> {3}, lat |-> {3}, dep |-> {1}]],
   [PC |-> [pc |-> 4, type |-> {1, 2}, lat |-> {3}, dep |-> {}]] >>
/\ _IF = << [ PC |-> [pc |-> 5, type |-> {2}, lat |-> {3}, dep |-> {}],
     currLat |-> 1,
     baseLat |-> 1 ],
   [PC |-> [pc |-> 0, type |-> "empty"], currLat |-> 1, baseLat |-> 1] >>
/\ FUTmpLat = <<<<<<<<3, 2>>, 3>>, 3>>, 3>>
/\ _FU2 = << [ PC |-> [pc |-> 1, type |-> {1}, lat |-> {3}, dep |-> {}],
     currLat |-> 1,
     usage |-> 1,
     baseLat |-> 3 ],
   [ PC |-> [pc |-> 2, type |-> {2}, lat |-> {2, 3}, dep |-> {}],
     currLat |-> 1,
     usage |-> 1,
     baseLat |-> 3 ],
   [ PC |-> [pc |-> 0, type |-> "empty"],
     currLat |-> 1,
     usage |-> 0,
     baseLat |-> 1 ] >>
/\ FUTmp = <<<<<<<<1, 2>>, 3>>, 2>>, 2>>
/\ _COM = <<[PC |-> [pc |-> 0, type |-> "empty"]], [PC |-> [pc |-> 0, type |-> "empty"]]>>
/\ _ID2 = << [PC |-> [pc |-> 3, type |-> {3}, lat |-> {3}, dep |-> {1}]],
   [PC |-> [pc |-> 4, type |-> {1, 2}, lat |-> {3}, dep |-> {}]] >>
/\ currCycle2 = 3
/\ FU2 = <<1, 2, 3, 1, 2>>
/\ _IF2 = << [ PC |-> [pc |-> 5, type |-> {2}, lat |-> {3}, dep |-> {}],
     currLat |-> 1,
     baseLat |-> 1 ],
   [PC |-> [pc |-> 0, type |-> "empty"], currLat |-> 1, baseLat |-> 1] >>
/\ iMissTmp2 = <<<<<<<<FALSE, FALSE>>, FALSE>>, FALSE>>, FALSE>>
/\ iMiss = <<FALSE, FALSE, FALSE, FALSE, FALSE>>
/\ _RS = <<{}, {}, {}>>
/\ commonPre = TRUE
/\ currCycle = 3
/\ iMissTmp = <<<<<<<<FALSE, FALSE>>, FALSE>>, FALSE>>, FALSE>>
/\ FULat = <<3, 2, 3, 3, 3>>
/\ FUTmp2 = <<<<<<<<1, 2>>, 3>>, 1>>, 2>>
/\ prog = [ rest |-> <<>>,
  exec |->
      << [ PC |-> [pc |-> 1, type |-> {1}, lat |-> {3}, dep |-> {}],
           comTime |-> 0,
           done |-> FALSE,
           executed |-> FALSE,
           exStartTime |-> 2 ],
         [ PC |-> [pc |-> 2, type |-> {2}, lat |-> {2, 3}, dep |-> {}],
           comTime |-> 0,
           done |-> FALSE,
           executed |-> FALSE,
           exStartTime |-> 2 ],
         [ PC |-> [pc |-> 3, type |-> {3}, lat |-> {3}, dep |-> {1}],
           comTime |-> 0,
           done |-> FALSE,
           executed |-> FALSE,
           exStartTime |-> 0 ],
         [ PC |-> [pc |-> 4, type |-> {1, 2}, lat |-> {3}, dep |-> {}],
           comTime |-> 0,
           done |-> FALSE,
           executed |-> FALSE,
           exStartTime |-> 0 ],
         [ PC |-> [pc |-> 5, type |-> {2}, lat |-> {3}, dep |-> {}],
           comTime |-> 0,
           done |-> FALSE,
           executed |-> FALSE,
           exStartTime |-> 0 ] >> ]
/\ FUTmpLat2 = <<<<<<<<3, 3>>, 3>>, 3>>, 3>>
/\ prog2 = [ rest |-> <<>>,
  exec |->
      << [ PC |-> [pc |-> 1, type |-> {1}, lat |-> {3}, dep |-> {}],
           comTime |-> 0,
           done |-> FALSE,
           executed |-> FALSE,
           exStartTime |-> 2 ],
         [ PC |-> [pc |-> 2, type |-> {2}, lat |-> {2, 3}, dep |-> {}],
           comTime |-> 0,
           done |-> FALSE,
           executed |-> FALSE,
           exStartTime |-> 2 ],
         [ PC |-> [pc |-> 3, type |-> {3}, lat |-> {3}, dep |-> {1}],
           comTime |-> 0,
           done |-> FALSE,
           executed |-> FALSE,
           exStartTime |-> 0 ],
         [ PC |-> [pc |-> 4, type |-> {1, 2}, lat |-> {3}, dep |-> {}],
           comTime |-> 0,
           done |-> FALSE,
           executed |-> FALSE,
           exStartTime |-> 0 ],
         [ PC |-> [pc |-> 5, type |-> {2}, lat |-> {3}, dep |-> {}],
           comTime |-> 0,
           done |-> FALSE,
           executed |-> FALSE,
           exStartTime |-> 0 ] >> ]
/\ FU = <<1, 2, 3, 2, 2>>
/\ _FU = << [ PC |-> [pc |-> 1, type |-> {1}, lat |-> {3}, dep |-> {}],
     currLat |-> 1,
     usage |-> 1,
     baseLat |-> 3 ],
   [ PC |-> [pc |-> 2, type |-> {2}, lat |-> {2, 3}, dep |-> {}],
     currLat |-> 1,
     usage |-> 1,
     baseLat |-> 2 ],
   [ PC |-> [pc |-> 0, type |-> "empty"],
     currLat |-> 1,
     usage |-> 0,
     baseLat |-> 1 ] >>

@!@!@ENDMSG 2217 @!@!@
@!@!@STARTMSG 2217:4 @!@!@
5: <Next line 77, col 9 to line 107, col 20 of module pipeline_ooo>
/\ reiLoc = <<TRUE, TRUE>>
/\ FULat2 = <<3, 3, 3, 3, 3>>
/\ iMiss2 = <<FALSE, FALSE, FALSE, FALSE, FALSE>>
/\ loct = <<<<0, 1, 0, 0, 0>>, <<0, 1, 0, 0, 0>>>>
/\ _RS2 = << {[pc |-> 4, type |-> {1, 2}, lat |-> {3}, dep |-> {}]},
   {},
   {[pc |-> 3, type |-> {3}, lat |-> {3}, dep |-> {1}]} >>
/\ _COM2 = <<[PC |-> [pc |-> 0, type |-> "empty"]], [PC |-> [pc |-> 0, type |-> "empty"]]>>
/\ _ID = << [PC |-> [pc |-> 5, type |-> {2}, lat |-> {3}, dep |-> {}]],
   [PC |-> [pc |-> 0, type |-> "empty"]] >>
/\ _IF = << [PC |-> [pc |-> 0, type |-> "empty"], currLat |-> 1, baseLat |-> 1],
   [PC |-> [pc |-> 0, type |-> "empty"], currLat |-> 1, baseLat |-> 1] >>
/\ FUTmpLat = <<<<<<<<3, 2>>, 3>>, 3>>, 3>>
/\ _FU2 = << [ PC |-> [pc |-> 1, type |-> {1}, lat |-> {3}, dep |-> {}],
     currLat |-> 2,
     usage |-> 2,
     baseLat |-> 3 ],
   [ PC |-> [pc |-> 2, type |-> {2}, lat |-> {2, 3}, dep |-> {}],
     currLat |-> 2,
     usage |-> 2,
     baseLat |-> 3 ],
   [ PC |-> [pc |-> 0, type |-> "empty"],
     currLat |-> 1,
     usage |-> 0,
     baseLat |-> 1 ] >>
/\ FUTmp = <<<<<<<<1, 2>>, 3>>, 2>>, 2>>
/\ _COM = <<[PC |-> [pc |-> 0, type |-> "empty"]], [PC |-> [pc |-> 0, type |-> "empty"]]>>
/\ _ID2 = << [PC |-> [pc |-> 5, type |-> {2}, lat |-> {3}, dep |-> {}]],
   [PC |-> [pc |-> 0, type |-> "empty"]] >>
/\ currCycle2 = 4
/\ FU2 = <<1, 2, 3, 1, 2>>
/\ _IF2 = << [PC |-> [pc |-> 0, type |-> "empty"], currLat |-> 1, baseLat |-> 1],
   [PC |-> [pc |-> 0, type |-> "empty"], currLat |-> 1, baseLat |-> 1] >>
/\ iMissTmp2 = <<<<<<<<FALSE, FALSE>>, FALSE>>, FALSE>>, FALSE>>
/\ iMiss = <<FALSE, FALSE, FALSE, FALSE, FALSE>>
/\ _RS = << {},
   {[pc |-> 4, type |-> {1, 2}, lat |-> {3}, dep |-> {}]},
   {[pc |-> 3, type |-> {3}, lat |-> {3}, dep |-> {1}]} >>
/\ commonPre = TRUE
/\ currCycle = 4
/\ iMissTmp = <<<<<<<<FALSE, FALSE>>, FALSE>>, FALSE>>, FALSE>>
/\ FULat = <<3, 2, 3, 3, 3>>
/\ FUTmp2 = <<<<<<<<1, 2>>, 3>>, 1>>, 2>>
/\ prog = [ rest |-> <<>>,
  exec |->
      << [ PC |-> [pc |-> 1, type |-> {1}, lat |-> {3}, dep |-> {}],
           comTime |-> 0,
           done |-> FALSE,
           executed |-> FALSE,
           exStartTime |-> 2 ],
         [ PC |-> [pc |-> 2, type |-> {2}, lat |-> {2, 3}, dep |-> {}],
           comTime |-> 0,
           done |-> FALSE,
           executed |-> FALSE,
           exStartTime |-> 2 ],
         [ PC |-> [pc |-> 3, type |-> {3}, lat |-> {3}, dep |-> {1}],
           comTime |-> 0,
           done |-> FALSE,
           executed |-> FALSE,
           exStartTime |-> 0 ],
         [ PC |-> [pc |-> 4, type |-> {1, 2}, lat |-> {3}, dep |-> {}],
           comTime |-> 0,
           done |-> FALSE,
           executed |-> FALSE,
           exStartTime |-> 0 ],
         [ PC |-> [pc |-> 5, type |-> {2}, lat |-> {3}, dep |-> {}],
           comTime |-> 0,
           done |-> FALSE,
           executed |-> FALSE,
           exStartTime |-> 0 ] >> ]
/\ FUTmpLat2 = <<<<<<<<3, 3>>, 3>>, 3>>, 3>>
/\ prog2 = [ rest |-> <<>>,
  exec |->
      << [ PC |-> [pc |-> 1, type |-> {1}, lat |-> {3}, dep |-> {}],
           comTime |-> 0,
           done |-> FALSE,
           executed |-> FALSE,
           exStartTime |-> 2 ],
         [ PC |-> [pc |-> 2, type |-> {2}, lat |-> {2, 3}, dep |-> {}],
           comTime |-> 0,
           done |-> FALSE,
           executed |-> FALSE,
           exStartTime |-> 2 ],
         [ PC |-> [pc |-> 3, type |-> {3}, lat |-> {3}, dep |-> {1}],
           comTime |-> 0,
           done |-> FALSE,
           executed |-> FALSE,
           exStartTime |-> 0 ],
         [ PC |-> [pc |-> 4, type |-> {1, 2}, lat |-> {3}, dep |-> {}],
           comTime |-> 0,
           done |-> FALSE,
           executed |-> FALSE,
           exStartTime |-> 0 ],
         [ PC |-> [pc |-> 5, type |-> {2}, lat |-> {3}, dep |-> {}],
           comTime |-> 0,
           done |-> FALSE,
           executed |-> FALSE,
           exStartTime |-> 0 ] >> ]
/\ FU = <<1, 2, 3, 2, 2>>
/\ _FU = << [ PC |-> [pc |-> 1, type |-> {1}, lat |-> {3}, dep |-> {}],
     currLat |-> 2,
     usage |-> 2,
     baseLat |-> 3 ],
   [ PC |-> [pc |-> 2, type |-> {2}, lat |-> {2, 3}, dep |-> {}],
     currLat |-> 2,
     usage |-> 2,
     baseLat |-> 2 ],
   [ PC |-> [pc |-> 0, type |-> "empty"],
     currLat |-> 1,
     usage |-> 0,
     baseLat |-> 1 ] >>

@!@!@ENDMSG 2217 @!@!@
@!@!@STARTMSG 2217:4 @!@!@
6: <Next line 77, col 9 to line 107, col 20 of module pipeline_ooo>
/\ reiLoc = <<FALSE, TRUE>>
/\ FULat2 = <<3, 3, 3, 3, 3>>
/\ iMiss2 = <<FALSE, FALSE, FALSE, FALSE, FALSE>>
/\ loct = <<<<0, 2, 0, 0, 0>>, <<0, 2, 0, 0, 0>>>>
/\ _RS2 = << {[pc |-> 4, type |-> {1, 2}, lat |-> {3}, dep |-> {}]},
   {[pc |-> 5, type |-> {2}, lat |-> {3}, dep |-> {}]},
   {[pc |-> 3, type |-> {3}, lat |-> {3}, dep |-> {1}]} >>
/\ _COM2 = <<[PC |-> [pc |-> 0, type |-> "empty"]], [PC |-> [pc |-> 0, type |-> "empty"]]>>
/\ _ID = <<[PC |-> [pc |-> 0, type |-> "empty"]], [PC |-> [pc |-> 0, type |-> "empty"]]>>
/\ _IF = << [PC |-> [pc |-> 0, type |-> "empty"], currLat |-> 1, baseLat |-> 1],
   [PC |-> [pc |-> 0, type |-> "empty"], currLat |-> 1, baseLat |-> 1] >>
/\ FUTmpLat = <<<<<<<<3, 2>>, 3>>, 3>>, 3>>
/\ _FU2 = << [ PC |-> [pc |-> 1, type |-> {1}, lat |-> {3}, dep |-> {}],
     currLat |-> 3,
     usage |-> 3,
     baseLat |-> 3 ],
   [ PC |-> [pc |-> 2, type |-> {2}, lat |-> {2, 3}, dep |-> {}],
     currLat |-> 3,
     usage |-> 3,
     baseLat |-> 3 ],
   [ PC |-> [pc |-> 0, type |-> "empty"],
     currLat |-> 1,
     usage |-> 0,
     baseLat |-> 1 ] >>
/\ FUTmp = <<<<<<<<1, 2>>, 3>>, 2>>, 2>>
/\ _COM = <<[PC |-> [pc |-> 0, type |-> "empty"]], [PC |-> [pc |-> 0, type |-> "empty"]]>>
/\ _ID2 = <<[PC |-> [pc |-> 0, type |-> "empty"]], [PC |-> [pc |-> 0, type |-> "empty"]]>>
/\ currCycle2 = 5
/\ FU2 = <<1, 2, 3, 1, 2>>
/\ _IF2 = << [PC |-> [pc |-> 0, type |-> "empty"], currLat |-> 1, baseLat |-> 1],
   [PC |-> [pc |-> 0, type |-> "empty"], currLat |-> 1, baseLat |-> 1] >>
/\ iMissTmp2 = <<<<<<<<FALSE, FALSE>>, FALSE>>, FALSE>>, FALSE>>
/\ iMiss = <<FALSE, FALSE, FALSE, FALSE, FALSE>>
/\ _RS = << {},
   {[pc |-> 5, type |-> {2}, lat |-> {3}, dep |-> {}]},
   {[pc |-> 3, type |-> {3}, lat |-> {3}, dep |-> {1}]} >>
/\ commonPre = FALSE
/\ currCycle = 5
/\ iMissTmp = <<<<<<<<FALSE, FALSE>>, FALSE>>, FALSE>>, FALSE>>
/\ FULat = <<3, 2, 3, 3, 3>>
/\ FUTmp2 = <<<<<<<<1, 2>>, 3>>, 1>>, 2>>
/\ prog = [ rest |-> <<>>,
  exec |->
      << [ PC |-> [pc |-> 1, type |-> {1}, lat |-> {3}, dep |-> {}],
           comTime |-> 0,
           done |-> FALSE,
           executed |-> FALSE,
           exStartTime |-> 2 ],
         [ PC |-> [pc |-> 2, type |-> {2}, lat |-> {2, 3}, dep |-> {}],
           comTime |-> 0,
           done |-> FALSE,
           executed |-> TRUE,
           exStartTime |-> 2 ],
         [ PC |-> [pc |-> 3, type |-> {3}, lat |-> {3}, dep |-> {1}],
           comTime |-> 0,
           done |-> FALSE,
           executed |-> FALSE,
           exStartTime |-> 0 ],
         [ PC |-> [pc |-> 4, type |-> {1, 2}, lat |-> {3}, dep |-> {}],
           comTime |-> 0,
           done |-> FALSE,
           executed |-> FALSE,
           exStartTime |-> 4 ],
         [ PC |-> [pc |-> 5, type |-> {2}, lat |-> {3}, dep |-> {}],
           comTime |-> 0,
           done |-> FALSE,
           executed |-> FALSE,
           exStartTime |-> 0 ] >> ]
/\ FUTmpLat2 = <<<<<<<<3, 3>>, 3>>, 3>>, 3>>
/\ prog2 = [ rest |-> <<>>,
  exec |->
      << [ PC |-> [pc |-> 1, type |-> {1}, lat |-> {3}, dep |-> {}],
           comTime |-> 0,
           done |-> FALSE,
           executed |-> FALSE,
           exStartTime |-> 2 ],
         [ PC |-> [pc |-> 2, type |-> {2}, lat |-> {2, 3}, dep |-> {}],
           comTime |-> 0,
           done |-> FALSE,
           executed |-> FALSE,
           exStartTime |-> 2 ],
         [ PC |-> [pc |-> 3, type |-> {3}, lat |-> {3}, dep |-> {1}],
           comTime |-> 0,
           done |-> FALSE,
           executed |-> FALSE,
           exStartTime |-> 0 ],
         [ PC |-> [pc |-> 4, type |-> {1, 2}, lat |-> {3}, dep |-> {}],
           comTime |-> 0,
           done |-> FALSE,
           executed |-> FALSE,
           exStartTime |-> 0 ],
         [ PC |-> [pc |-> 5, type |-> {2}, lat |-> {3}, dep |-> {}],
           comTime |-> 0,
           done |-> FALSE,
           executed |-> FALSE,
           exStartTime |-> 0 ] >> ]
/\ FU = <<1, 2, 3, 2, 2>>
/\ _FU = << [ PC |-> [pc |-> 1, type |-> {1}, lat |-> {3}, dep |-> {}],
     currLat |-> 3,
     usage |-> 3,
     baseLat |-> 3 ],
   [ PC |-> [pc |-> 4, type |-> {1, 2}, lat |-> {3}, dep |-> {}],
     currLat |-> 1,
     usage |-> 3,
     baseLat |-> 3 ],
   [ PC |-> [pc |-> 0, type |-> "empty"],
     currLat |-> 1,
     usage |-> 0,
     baseLat |-> 1 ] >>

@!@!@ENDMSG 2217 @!@!@
@!@!@STARTMSG 2217:4 @!@!@
7: <Next line 77, col 9 to line 107, col 20 of module pipeline_ooo>
/\ reiLoc = <<FALSE, TRUE>>
/\ FULat2 = <<3, 3, 3, 3, 3>>
/\ iMiss2 = <<FALSE, FALSE, FALSE, FALSE, FALSE>>
/\ loct = <<<<0, 2, 0, 1, 0>>, <<0, 3, 0, 0, 0>>>>
/\ _RS2 = <<{}, {}, {}>>
/\ _COM2 = << [PC |-> [pc |-> 1, type |-> {1}, lat |-> {3}, dep |-> {}]],
   [PC |-> [pc |-> 2, type |-> {2}, lat |-> {2, 3}, dep |-> {}]] >>
/\ _ID = <<[PC |-> [pc |-> 0, type |-> "empty"]], [PC |-> [pc |-> 0, type |-> "empty"]]>>
/\ _IF = << [PC |-> [pc |-> 0, type |-> "empty"], currLat |-> 1, baseLat |-> 1],
   [PC |-> [pc |-> 0, type |-> "empty"], currLat |-> 1, baseLat |-> 1] >>
/\ FUTmpLat = <<<<<<<<3, 2>>, 3>>, 3>>, 3>>
/\ _FU2 = << [ PC |-> [pc |-> 4, type |-> {1, 2}, lat |-> {3}, dep |-> {}],
     currLat |-> 1,
     usage |-> 4,
     baseLat |-> 3 ],
   [ PC |-> [pc |-> 5, type |-> {2}, lat |-> {3}, dep |-> {}],
     currLat |-> 1,
     usage |-> 4,
     baseLat |-> 3 ],
   [ PC |-> [pc |-> 3, type |-> {3}, lat |-> {3}, dep |-> {1}],
     currLat |-> 1,
     usage |-> 1,
     baseLat |-> 3 ] >>
/\ FUTmp = <<<<<<<<1, 2>>, 3>>, 2>>, 2>>
/\ _COM = << [PC |-> [pc |-> 1, type |-> {1}, lat |-> {3}, dep |-> {}]],
   [PC |-> [pc |-> 2, type |-> {2}, lat |-> {2, 3}, dep |-> {}]] >>
/\ _ID2 = <<[PC |-> [pc |-> 0, type |-> "empty"]], [PC |-> [pc |-> 0, type |-> "empty"]]>>
/\ currCycle2 = 6
/\ FU2 = <<1, 2, 3, 1, 2>>
/\ _IF2 = << [PC |-> [pc |-> 0, type |-> "empty"], currLat |-> 1, baseLat |-> 1],
   [PC |-> [pc |-> 0, type |-> "empty"], currLat |-> 1, baseLat |-> 1] >>
/\ iMissTmp2 = <<<<<<<<FALSE, FALSE>>, FALSE>>, FALSE>>, FALSE>>
/\ iMiss = <<FALSE, FALSE, FALSE, FALSE, FALSE>>
/\ _RS = <<{}, {[pc |-> 5, type |-> {2}, lat |-> {3}, dep |-> {}]}, {}>>
/\ commonPre = FALSE
/\ currCycle = 6
/\ iMissTmp = <<<<<<<<FALSE, FALSE>>, FALSE>>, FALSE>>, FALSE>>
/\ FULat = <<3, 2, 3, 3, 3>>
/\ FUTmp2 = <<<<<<<<1, 2>>, 3>>, 1>>, 2>>
/\ prog = [ rest |-> <<>>,
  exec |->
      << [ PC |-> [pc |-> 1, type |-> {1}, lat |-> {3}, dep |-> {}],
           comTime |-> 0,
           done |-> FALSE,
           executed |-> TRUE,
           exStartTime |-> 2 ],
         [ PC |-> [pc |-> 2, type |-> {2}, lat |-> {2, 3}, dep |-> {}],
           comTime |-> 0,
           done |-> FALSE,
           executed |-> TRUE,
           exStartTime |-> 2 ],
         [ PC |-> [pc |-> 3, type |-> {3}, lat |-> {3}, dep |-> {1}],
           comTime |-> 0,
           done |-> FALSE,
           executed |-> FALSE,
           exStartTime |-> 5 ],
         [ PC |-> [pc |-> 4, type |-> {1, 2}, lat |-> {3}, dep |-> {}],
           comTime |-> 0,
           done |-> FALSE,
           executed |-> FALSE,
           exStartTime |-> 4 ],
         [ PC |-> [pc |-> 5, type |-> {2}, lat |-> {3}, dep |-> {}],
           comTime |-> 0,
           done |-> FALSE,
           executed |-> FALSE,
           exStartTime |-> 0 ] >> ]
/\ FUTmpLat2 = <<<<<<<<3, 3>>, 3>>, 3>>, 3>>
/\ prog2 = [ rest |-> <<>>,
  exec |->
      << [ PC |-> [pc |-> 1, type |-> {1}, lat |-> {3}, dep |-> {}],
           comTime |-> 0,
           done |-> FALSE,
           executed |-> TRUE,
           exStartTime |-> 2 ],
         [ PC |-> [pc |-> 2, type |-> {2}, lat |-> {2, 3}, dep |-> {}],
           comTime |-> 0,
           done |-> FALSE,
           executed |-> TRUE,
           exStartTime |-> 2 ],
         [ PC |-> [pc |-> 3, type |-> {3}, lat |-> {3}, dep |-> {1}],
           comTime |-> 0,
           done |-> FALSE,
           executed |-> FALSE,
           exStartTime |-> 5 ],
         [ PC |-> [pc |-> 4, type |-> {1, 2}, lat |-> {3}, dep |-> {}],
           comTime |-> 0,
           done |-> FALSE,
           executed |-> FALSE,
           exStartTime |-> 5 ],
         [ PC |-> [pc |-> 5, type |-> {2}, lat |-> {3}, dep |-> {}],
           comTime |-> 0,
           done |-> FALSE,
           executed |-> FALSE,
           exStartTime |-> 5 ] >> ]
/\ FU = <<1, 2, 3, 2, 2>>
/\ _FU = << [ PC |-> [pc |-> 0, type |-> "empty"],
     currLat |-> 1,
     usage |-> 3,
     baseLat |-> 1 ],
   [ PC |-> [pc |-> 4, type |-> {1, 2}, lat |-> {3}, dep |-> {}],
     currLat |-> 2,
     usage |-> 4,
     baseLat |-> 3 ],
   [ PC |-> [pc |-> 3, type |-> {3}, lat |-> {3}, dep |-> {1}],
     currLat |-> 1,
     usage |-> 1,
     baseLat |-> 3 ] >>

@!@!@ENDMSG 2217 @!@!@
@!@!@STARTMSG 2217:4 @!@!@
8: <Next line 77, col 9 to line 107, col 20 of module pipeline_ooo>
/\ reiLoc = <<FALSE, TRUE>>
/\ FULat2 = <<3, 3, 3, 3, 3>>
/\ iMiss2 = <<FALSE, FALSE, FALSE, FALSE, FALSE>>
/\ loct = <<<<0, 2, 0, 2, 0>>, <<0, 3, 0, 0, 1>>>>
/\ _RS2 = <<{}, {}, {}>>
/\ _COM2 = <<[PC |-> [pc |-> 0, type |-> "empty"]], [PC |-> [pc |-> 0, type |-> "empty"]]>>
/\ _ID = <<[PC |-> [pc |-> 0, type |-> "empty"]], [PC |-> [pc |-> 0, type |-> "empty"]]>>
/\ _IF = << [PC |-> [pc |-> 0, type |-> "empty"], currLat |-> 1, baseLat |-> 1],
   [PC |-> [pc |-> 0, type |-> "empty"], currLat |-> 1, baseLat |-> 1] >>
/\ FUTmpLat = <<<<<<<<3, 2>>, 3>>, 3>>, 3>>
/\ _FU2 = << [ PC |-> [pc |-> 4, type |-> {1, 2}, lat |-> {3}, dep |-> {}],
     currLat |-> 2,
     usage |-> 5,
     baseLat |-> 3 ],
   [ PC |-> [pc |-> 5, type |-> {2}, lat |-> {3}, dep |-> {}],
     currLat |-> 2,
     usage |-> 5,
     baseLat |-> 3 ],
   [ PC |-> [pc |-> 3, type |-> {3}, lat |-> {3}, dep |-> {1}],
     currLat |-> 2,
     usage |-> 2,
     baseLat |-> 3 ] >>
/\ FUTmp = <<<<<<<<1, 2>>, 3>>, 2>>, 2>>
/\ _COM = <<[PC |-> [pc |-> 0, type |-> "empty"]], [PC |-> [pc |-> 0, type |-> "empty"]]>>
/\ _ID2 = <<[PC |-> [pc |-> 0, type |-> "empty"]], [PC |-> [pc |-> 0, type |-> "empty"]]>>
/\ currCycle2 = 7
/\ FU2 = <<1, 2, 3, 1, 2>>
/\ _IF2 = << [PC |-> [pc |-> 0, type |-> "empty"], currLat |-> 1, baseLat |-> 1],
   [PC |-> [pc |-> 0, type |-> "empty"], currLat |-> 1, baseLat |-> 1] >>
/\ iMissTmp2 = <<<<<<<<FALSE, FALSE>>, FALSE>>, FALSE>>, FALSE>>
/\ iMiss = <<FALSE, FALSE, FALSE, FALSE, FALSE>>
/\ _RS = <<{}, {[pc |-> 5, type |-> {2}, lat |-> {3}, dep |-> {}]}, {}>>
/\ commonPre = FALSE
/\ currCycle = 7
/\ iMissTmp = <<<<<<<<FALSE, FALSE>>, FALSE>>, FALSE>>, FALSE>>
/\ FULat = <<3, 2, 3, 3, 3>>
/\ FUTmp2 = <<<<<<<<1, 2>>, 3>>, 1>>, 2>>
/\ prog = [ rest |-> <<>>,
  exec |->
      << [ PC |-> [pc |-> 1, type |-> {1}, lat |-> {3}, dep |-> {}],
           comTime |-> 6,
           done |-> TRUE,
           executed |-> TRUE,
           exStartTime |-> 2 ],
         [ PC |-> [pc |-> 2, type |-> {2}, lat |-> {2, 3}, dep |-> {}],
           comTime |-> 6,
           done |-> TRUE,
           executed |-> TRUE,
           exStartTime |-> 2 ],
         [ PC |-> [pc |-> 3, type |-> {3}, lat |-> {3}, dep |-> {1}],
           comTime |-> 0,
           done |-> FALSE,
           executed |-> FALSE,
           exStartTime |-> 5 ],
         [ PC |-> [pc |-> 4, type |-> {1, 2}, lat |-> {3}, dep |-> {}],
           comTime |-> 0,
           done |-> FALSE,
           executed |-> FALSE,
           exStartTime |-> 4 ],
         [ PC |-> [pc |-> 5, type |-> {2}, lat |-> {3}, dep |-> {}],
           comTime |-> 0,
           done |-> FALSE,
           executed |-> FALSE,
           exStartTime |-> 0 ] >> ]
/\ FUTmpLat2 = <<<<<<<<3, 3>>, 3>>, 3>>, 3>>
/\ prog2 = [ rest |-> <<>>,
  exec |->
      << [ PC |-> [pc |-> 1, type |-> {1}, lat |-> {3}, dep |-> {}],
           comTime |-> 6,
           done |-> TRUE,
           executed |-> TRUE,
           exStartTime |-> 2 ],
         [ PC |-> [pc |-> 2, type |-> {2}, lat |-> {2, 3}, dep |-> {}],
           comTime |-> 6,
           done |-> TRUE,
           executed |-> TRUE,
           exStartTime |-> 2 ],
         [ PC |-> [pc |-> 3, type |-> {3}, lat |-> {3}, dep |-> {1}],
           comTime |-> 0,
           done |-> FALSE,
           executed |-> FALSE,
           exStartTime |-> 5 ],
         [ PC |-> [pc |-> 4, type |-> {1, 2}, lat |-> {3}, dep |-> {}],
           comTime |-> 0,
           done |-> FALSE,
           executed |-> FALSE,
           exStartTime |-> 5 ],
         [ PC |-> [pc |-> 5, type |-> {2}, lat |-> {3}, dep |-> {}],
           comTime |-> 0,
           done |-> FALSE,
           executed |-> FALSE,
           exStartTime |-> 5 ] >> ]
/\ FU = <<1, 2, 3, 2, 2>>
/\ _FU = << [ PC |-> [pc |-> 0, type |-> "empty"],
     currLat |-> 1,
     usage |-> 3,
     baseLat |-> 1 ],
   [ PC |-> [pc |-> 4, type |-> {1, 2}, lat |-> {3}, dep |-> {}],
     currLat |-> 3,
     usage |-> 5,
     baseLat |-> 3 ],
   [ PC |-> [pc |-> 3, type |-> {3}, lat |-> {3}, dep |-> {1}],
     currLat |-> 2,
     usage |-> 2,
     baseLat |-> 3 ] >>

@!@!@ENDMSG 2217 @!@!@
@!@!@STARTMSG 2217:4 @!@!@
9: <Next line 77, col 9 to line 107, col 20 of module pipeline_ooo>
/\ reiLoc = <<FALSE, TRUE>>
/\ FULat2 = <<3, 3, 3, 3, 3>>
/\ iMiss2 = <<FALSE, FALSE, FALSE, FALSE, FALSE>>
/\ loct = <<<<0, 2, 0, 3, 0>>, <<0, 3, 0, 0, 2>>>>
/\ _RS2 = <<{}, {}, {}>>
/\ _COM2 = <<[PC |-> [pc |-> 0, type |-> "empty"]], [PC |-> [pc |-> 0, type |-> "empty"]]>>
/\ _ID = <<[PC |-> [pc |-> 0, type |-> "empty"]], [PC |-> [pc |-> 0, type |-> "empty"]]>>
/\ _IF = << [PC |-> [pc |-> 0, type |-> "empty"], currLat |-> 1, baseLat |-> 1],
   [PC |-> [pc |-> 0, type |-> "empty"], currLat |-> 1, baseLat |-> 1] >>
/\ FUTmpLat = <<<<<<<<3, 2>>, 3>>, 3>>, 3>>
/\ _FU2 = << [ PC |-> [pc |-> 4, type |-> {1, 2}, lat |-> {3}, dep |-> {}],
     currLat |-> 3,
     usage |-> 6,
     baseLat |-> 3 ],
   [ PC |-> [pc |-> 5, type |-> {2}, lat |-> {3}, dep |-> {}],
     currLat |-> 3,
     usage |-> 6,
     baseLat |-> 3 ],
   [ PC |-> [pc |-> 3, type |-> {3}, lat |-> {3}, dep |-> {1}],
     currLat |-> 3,
     usage |-> 3,
     baseLat |-> 3 ] >>
/\ FUTmp = <<<<<<<<1, 2>>, 3>>, 2>>, 2>>
/\ _COM = <<[PC |-> [pc |-> 0, type |-> "empty"]], [PC |-> [pc |-> 0, type |-> "empty"]]>>
/\ _ID2 = <<[PC |-> [pc |-> 0, type |-> "empty"]], [PC |-> [pc |-> 0, type |-> "empty"]]>>
/\ currCycle2 = 8
/\ FU2 = <<1, 2, 3, 1, 2>>
/\ _IF2 = << [PC |-> [pc |-> 0, type |-> "empty"], currLat |-> 1, baseLat |-> 1],
   [PC |-> [pc |-> 0, type |-> "empty"], currLat |-> 1, baseLat |-> 1] >>
/\ iMissTmp2 = <<<<<<<<FALSE, FALSE>>, FALSE>>, FALSE>>, FALSE>>
/\ iMiss = <<FALSE, FALSE, FALSE, FALSE, FALSE>>
/\ _RS = <<{}, {}, {}>>
/\ commonPre = FALSE
/\ currCycle = 8
/\ iMissTmp = <<<<<<<<FALSE, FALSE>>, FALSE>>, FALSE>>, FALSE>>
/\ FULat = <<3, 2, 3, 3, 3>>
/\ FUTmp2 = <<<<<<<<1, 2>>, 3>>, 1>>, 2>>
/\ prog = [ rest |-> <<>>,
  exec |->
      << [ PC |-> [pc |-> 1, type |-> {1}, lat |-> {3}, dep |-> {}],
           comTime |-> 6,
           done |-> TRUE,
           executed |-> TRUE,
           exStartTime |-> 2 ],
         [ PC |-> [pc |-> 2, type |-> {2}, lat |-> {2, 3}, dep |-> {}],
           comTime |-> 6,
           done |-> TRUE,
           executed |-> TRUE,
           exStartTime |-> 2 ],
         [ PC |-> [pc |-> 3, type |-> {3}, lat |-> {3}, dep |-> {1}],
           comTime |-> 0,
           done |-> FALSE,
           executed |-> FALSE,
           exStartTime |-> 5 ],
         [ PC |-> [pc |-> 4, type |-> {1, 2}, lat |-> {3}, dep |-> {}],
           comTime |-> 0,
           done |-> FALSE,
           executed |-> TRUE,
           exStartTime |-> 4 ],
         [ PC |-> [pc |-> 5, type |-> {2}, lat |-> {3}, dep |-> {}],
           comTime |-> 0,
           done |-> FALSE,
           executed |-> FALSE,
           exStartTime |-> 7 ] >> ]
/\ FUTmpLat2 = <<<<<<<<3, 3>>, 3>>, 3>>, 3>>
/\ prog2 = [ rest |-> <<>>,
  exec |->
      << [ PC |-> [pc |-> 1, type |-> {1}, lat |-> {3}, dep |-> {}],
           comTime |-> 6,
           done |-> TRUE,
           executed |-> TRUE,
           exStartTime |-> 2 ],
         [ PC |-> [pc |-> 2, type |-> {2}, lat |-> {2, 3}, dep |-> {}],
           comTime |-> 6,
           done |-> TRUE,
           executed |-> TRUE,
           exStartTime |-> 2 ],
         [ PC |-> [pc |-> 3, type |-> {3}, lat |-> {3}, dep |-> {1}],
           comTime |-> 0,
           done |-> FALSE,
           executed |-> FALSE,
           exStartTime |-> 5 ],
         [ PC |-> [pc |-> 4, type |-> {1, 2}, lat |-> {3}, dep |-> {}],
           comTime |-> 0,
           done |-> FALSE,
           executed |-> FALSE,
           exStartTime |-> 5 ],
         [ PC |-> [pc |-> 5, type |-> {2}, lat |-> {3}, dep |-> {}],
           comTime |-> 0,
           done |-> FALSE,
           executed |-> FALSE,
           exStartTime |-> 5 ] >> ]
/\ FU = <<1, 2, 3, 2, 2>>
/\ _FU = << [ PC |-> [pc |-> 0, type |-> "empty"],
     currLat |-> 1,
     usage |-> 3,
     baseLat |-> 1 ],
   [ PC |-> [pc |-> 5, type |-> {2}, lat |-> {3}, dep |-> {}],
     currLat |-> 1,
     usage |-> 6,
     baseLat |-> 3 ],
   [ PC |-> [pc |-> 3, type |-> {3}, lat |-> {3}, dep |-> {1}],
     currLat |-> 3,
     usage |-> 3,
     baseLat |-> 3 ] >>

@!@!@ENDMSG 2217 @!@!@
@!@!@STARTMSG 2217:4 @!@!@
10: <Next line 77, col 9 to line 107, col 20 of module pipeline_ooo>
/\ reiLoc = <<FALSE, TRUE>>
/\ FULat2 = <<3, 3, 3, 3, 3>>
/\ iMiss2 = <<FALSE, FALSE, FALSE, FALSE, FALSE>>
/\ loct = <<<<0, 2, 0, 3, 1>>, <<0, 3, 0, 0, 3>>>>
/\ _RS2 = <<{}, {}, {}>>
/\ _COM2 = << [PC |-> [pc |-> 3, type |-> {3}, lat |-> {3}, dep |-> {1}]],
   [PC |-> [pc |-> 4, type |-> {1, 2}, lat |-> {3}, dep |-> {}]] >>
/\ _ID = <<[PC |-> [pc |-> 0, type |-> "empty"]], [PC |-> [pc |-> 0, type |-> "empty"]]>>
/\ _IF = << [PC |-> [pc |-> 0, type |-> "empty"], currLat |-> 1, baseLat |-> 1],
   [PC |-> [pc |-> 0, type |-> "empty"], currLat |-> 1, baseLat |-> 1] >>
/\ FUTmpLat = <<<<<<<<3, 2>>, 3>>, 3>>, 3>>
/\ _FU2 = << [ PC |-> [pc |-> 0, type |-> "empty"],
     currLat |-> 1,
     usage |-> 6,
     baseLat |-> 1 ],
   [ PC |-> [pc |-> 0, type |-> "empty"],
     currLat |-> 1,
     usage |-> 6,
     baseLat |-> 1 ],
   [ PC |-> [pc |-> 0, type |-> "empty"],
     currLat |-> 1,
     usage |-> 3,
     baseLat |-> 1 ] >>
/\ FUTmp = <<<<<<<<1, 2>>, 3>>, 2>>, 2>>
/\ _COM = << [PC |-> [pc |-> 3, type |-> {3}, lat |-> {3}, dep |-> {1}]],
   [PC |-> [pc |-> 4, type |-> {1, 2}, lat |-> {3}, dep |-> {}]] >>
/\ _ID2 = <<[PC |-> [pc |-> 0, type |-> "empty"]], [PC |-> [pc |-> 0, type |-> "empty"]]>>
/\ currCycle2 = 9
/\ FU2 = <<1, 2, 3, 1, 2>>
/\ _IF2 = << [PC |-> [pc |-> 0, type |-> "empty"], currLat |-> 1, baseLat |-> 1],
   [PC |-> [pc |-> 0, type |-> "empty"], currLat |-> 1, baseLat |-> 1] >>
/\ iMissTmp2 = <<<<<<<<FALSE, FALSE>>, FALSE>>, FALSE>>, FALSE>>
/\ iMiss = <<FALSE, FALSE, FALSE, FALSE, FALSE>>
/\ _RS = <<{}, {}, {}>>
/\ commonPre = FALSE
/\ currCycle = 9
/\ iMissTmp = <<<<<<<<FALSE, FALSE>>, FALSE>>, FALSE>>, FALSE>>
/\ FULat = <<3, 2, 3, 3, 3>>
/\ FUTmp2 = <<<<<<<<1, 2>>, 3>>, 1>>, 2>>
/\ prog = [ rest |-> <<>>,
  exec |->
      << [ PC |-> [pc |-> 1, type |-> {1}, lat |-> {3}, dep |-> {}],
           comTime |-> 6,
           done |-> TRUE,
           executed |-> TRUE,
           exStartTime |-> 2 ],
         [ PC |-> [pc |-> 2, type |-> {2}, lat |-> {2, 3}, dep |-> {}],
           comTime |-> 6,
           done |-> TRUE,
           executed |-> TRUE,
           exStartTime |-> 2 ],
         [ PC |-> [pc |-> 3, type |-> {3}, lat |-> {3}, dep |-> {1}],
           comTime |-> 0,
           done |-> FALSE,
           executed |-> TRUE,
           exStartTime |-> 5 ],
         [ PC |-> [pc |-> 4, type |-> {1, 2}, lat |-> {3}, dep |-> {}],
           comTime |-> 0,
           done |-> FALSE,
           executed |-> TRUE,
           exStartTime |-> 4 ],
         [ PC |-> [pc |-> 5, type |-> {2}, lat |-> {3}, dep |-> {}],
           comTime |-> 0,
           done |-> FALSE,
           executed |-> FALSE,
           exStartTime |-> 7 ] >> ]
/\ FUTmpLat2 = <<<<<<<<3, 3>>, 3>>, 3>>, 3>>
/\ prog2 = [ rest |-> <<>>,
  exec |->
      << [ PC |-> [pc |-> 1, type |-> {1}, lat |-> {3}, dep |-> {}],
           comTime |-> 6,
           done |-> TRUE,
           executed |-> TRUE,
           exStartTime |-> 2 ],
         [ PC |-> [pc |-> 2, type |-> {2}, lat |-> {2, 3}, dep |-> {}],
           comTime |-> 6,
           done |-> TRUE,
           executed |-> TRUE,
           exStartTime |-> 2 ],
         [ PC |-> [pc |-> 3, type |-> {3}, lat |-> {3}, dep |-> {1}],
           comTime |-> 0,
           done |-> FALSE,
           executed |-> TRUE,
           exStartTime |-> 5 ],
         [ PC |-> [pc |-> 4, type |-> {1, 2}, lat |-> {3}, dep |-> {}],
           comTime |-> 0,
           done |-> FALSE,
           executed |-> TRUE,
           exStartTime |-> 5 ],
         [ PC |-> [pc |-> 5, type |-> {2}, lat |-> {3}, dep |-> {}],
           comTime |-> 0,
           done |-> FALSE,
           executed |-> TRUE,
           exStartTime |-> 5 ] >> ]
/\ FU = <<1, 2, 3, 2, 2>>
/\ _FU = << [ PC |-> [pc |-> 0, type |-> "empty"],
     currLat |-> 1,
     usage |-> 3,
     baseLat |-> 1 ],
   [ PC |-> [pc |-> 5, type |-> {2}, lat |-> {3}, dep |-> {}],
     currLat |-> 2,
     usage |-> 7,
     baseLat |-> 3 ],
   [ PC |-> [pc |-> 0, type |-> "empty"],
     currLat |-> 1,
     usage |-> 3,
     baseLat |-> 1 ] >>

@!@!@ENDMSG 2217 @!@!@
@!@!@STARTMSG 2217:4 @!@!@
11: <Next line 77, col 9 to line 107, col 20 of module pipeline_ooo>
/\ reiLoc = <<FALSE, TRUE>>
/\ FULat2 = <<3, 3, 3, 3, 3>>
/\ iMiss2 = <<FALSE, FALSE, FALSE, FALSE, FALSE>>
/\ loct = <<<<0, 2, 0, 3, 2>>, <<0, 3, 0, 0, 3>>>>
/\ _RS2 = <<{}, {}, {}>>
/\ _COM2 = << [PC |-> [pc |-> 5, type |-> {2}, lat |-> {3}, dep |-> {}]],
   [PC |-> [pc |-> 0, type |-> "empty"]] >>
/\ _ID = <<[PC |-> [pc |-> 0, type |-> "empty"]], [PC |-> [pc |-> 0, type |-> "empty"]]>>
/\ _IF = << [PC |-> [pc |-> 0, type |-> "empty"], currLat |-> 1, baseLat |-> 1],
   [PC |-> [pc |-> 0, type |-> "empty"], currLat |-> 1, baseLat |-> 1] >>
/\ FUTmpLat = <<<<<<<<3, 2>>, 3>>, 3>>, 3>>
/\ _FU2 = << [ PC |-> [pc |-> 0, type |-> "empty"],
     currLat |-> 1,
     usage |-> 6,
     baseLat |-> 1 ],
   [ PC |-> [pc |-> 0, type |-> "empty"],
     currLat |-> 1,
     usage |-> 6,
     baseLat |-> 1 ],
   [ PC |-> [pc |-> 0, type |-> "empty"],
     currLat |-> 1,
     usage |-> 3,
     baseLat |-> 1 ] >>
/\ FUTmp = <<<<<<<<1, 2>>, 3>>, 2>>, 2>>
/\ _COM = <<[PC |-> [pc |-> 0, type |-> "empty"]], [PC |-> [pc |-> 0, type |-> "empty"]]>>
/\ _ID2 = <<[PC |-> [pc |-> 0, type |-> "empty"]], [PC |-> [pc |-> 0, type |-> "empty"]]>>
/\ currCycle2 = 10
/\ FU2 = <<1, 2, 3, 1, 2>>
/\ _IF2 = << [PC |-> [pc |-> 0, type |-> "empty"], currLat |-> 1, baseLat |-> 1],
   [PC |-> [pc |-> 0, type |-> "empty"], currLat |-> 1, baseLat |-> 1] >>
/\ iMissTmp2 = <<<<<<<<FALSE, FALSE>>, FALSE>>, FALSE>>, FALSE>>
/\ iMiss = <<FALSE, FALSE, FALSE, FALSE, FALSE>>
/\ _RS = <<{}, {}, {}>>
/\ commonPre = FALSE
/\ currCycle = 10
/\ iMissTmp = <<<<<<<<FALSE, FALSE>>, FALSE>>, FALSE>>, FALSE>>
/\ FULat = <<3, 2, 3, 3, 3>>
/\ FUTmp2 = <<<<<<<<1, 2>>, 3>>, 1>>, 2>>
/\ prog = [ rest |-> <<>>,
  exec |->
      << [ PC |-> [pc |-> 1, type |-> {1}, lat |-> {3}, dep |-> {}],
           comTime |-> 6,
           done |-> TRUE,
           executed |-> TRUE,
           exStartTime |-> 2 ],
         [ PC |-> [pc |-> 2, type |-> {2}, lat |-> {2, 3}, dep |-> {}],
           comTime |-> 6,
           done |-> TRUE,
           executed |-> TRUE,
           exStartTime |-> 2 ],
         [ PC |-> [pc |-> 3, type |-> {3}, lat |-> {3}, dep |-> {1}],
           comTime |-> 9,
           done |-> TRUE,
           executed |-> TRUE,
           exStartTime |-> 5 ],
         [ PC |-> [pc |-> 4, type |-> {1, 2}, lat |-> {3}, dep |-> {}],
           comTime |-> 9,
           done |-> TRUE,
           executed |-> TRUE,
           exStartTime |-> 4 ],
         [ PC |-> [pc |-> 5, type |-> {2}, lat |-> {3}, dep |-> {}],
           comTime |-> 0,
           done |-> FALSE,
           executed |-> FALSE,
           exStartTime |-> 7 ] >> ]
/\ FUTmpLat2 = <<<<<<<<3, 3>>, 3>>, 3>>, 3>>
/\ prog2 = [ rest |-> <<>>,
  exec |->
      << [ PC |-> [pc |-> 1, type |-> {1}, lat |-> {3}, dep |-> {}],
           comTime |-> 6,
           done |-> TRUE,
           executed |-> TRUE,
           exStartTime |-> 2 ],
         [ PC |-> [pc |-> 2, type |-> {2}, lat |-> {2, 3}, dep |-> {}],
           comTime |-> 6,
           done |-> TRUE,
           executed |-> TRUE,
           exStartTime |-> 2 ],
         [ PC |-> [pc |-> 3, type |-> {3}, lat |-> {3}, dep |-> {1}],
           comTime |-> 9,
           done |-> TRUE,
           executed |-> TRUE,
           exStartTime |-> 5 ],
         [ PC |-> [pc |-> 4, type |-> {1, 2}, lat |-> {3}, dep |-> {}],
           comTime |-> 9,
           done |-> TRUE,
           executed |-> TRUE,
           exStartTime |-> 5 ],
         [ PC |-> [pc |-> 5, type |-> {2}, lat |-> {3}, dep |-> {}],
           comTime |-> 0,
           done |-> FALSE,
           executed |-> TRUE,
           exStartTime |-> 5 ] >> ]
/\ FU = <<1, 2, 3, 2, 2>>
/\ _FU = << [ PC |-> [pc |-> 0, type |-> "empty"],
     currLat |-> 1,
     usage |-> 3,
     baseLat |-> 1 ],
   [ PC |-> [pc |-> 5, type |-> {2}, lat |-> {3}, dep |-> {}],
     currLat |-> 3,
     usage |-> 8,
     baseLat |-> 3 ],
   [ PC |-> [pc |-> 0, type |-> "empty"],
     currLat |-> 1,
     usage |-> 3,
     baseLat |-> 1 ] >>

@!@!@ENDMSG 2217 @!@!@
@!@!@STARTMSG 2217:4 @!@!@
12: <Next line 77, col 9 to line 107, col 20 of module pipeline_ooo>
/\ reiLoc = <<FALSE, TRUE>>
/\ FULat2 = <<3, 3, 3, 3, 3>>
/\ iMiss2 = <<FALSE, FALSE, FALSE, FALSE, FALSE>>
/\ loct = <<<<0, 2, 0, 3, 3>>, <<0, 3, 0, 0, 3>>>>
/\ _RS2 = <<{}, {}, {}>>
/\ _COM2 = <<[PC |-> [pc |-> 0, type |-> "empty"]], [PC |-> [pc |-> 0, type |-> "empty"]]>>
/\ _ID = <<[PC |-> [pc |-> 0, type |-> "empty"]], [PC |-> [pc |-> 0, type |-> "empty"]]>>
/\ _IF = << [PC |-> [pc |-> 0, type |-> "empty"], currLat |-> 1, baseLat |-> 1],
   [PC |-> [pc |-> 0, type |-> "empty"], currLat |-> 1, baseLat |-> 1] >>
/\ FUTmpLat = <<<<<<<<3, 2>>, 3>>, 3>>, 3>>
/\ _FU2 = << [ PC |-> [pc |-> 0, type |-> "empty"],
     currLat |-> 1,
     usage |-> 6,
     baseLat |-> 1 ],
   [ PC |-> [pc |-> 0, type |-> "empty"],
     currLat |-> 1,
     usage |-> 6,
     baseLat |-> 1 ],
   [ PC |-> [pc |-> 0, type |-> "empty"],
     currLat |-> 1,
     usage |-> 3,
     baseLat |-> 1 ] >>
/\ FUTmp = <<<<<<<<1, 2>>, 3>>, 2>>, 2>>
/\ _COM = << [PC |-> [pc |-> 5, type |-> {2}, lat |-> {3}, dep |-> {}]],
   [PC |-> [pc |-> 0, type |-> "empty"]] >>
/\ _ID2 = <<[PC |-> [pc |-> 0, type |-> "empty"]], [PC |-> [pc |-> 0, type |-> "empty"]]>>
/\ currCycle2 = 11
/\ FU2 = <<1, 2, 3, 1, 2>>
/\ _IF2 = << [PC |-> [pc |-> 0, type |-> "empty"], currLat |-> 1, baseLat |-> 1],
   [PC |-> [pc |-> 0, type |-> "empty"], currLat |-> 1, baseLat |-> 1] >>
/\ iMissTmp2 = <<<<<<<<FALSE, FALSE>>, FALSE>>, FALSE>>, FALSE>>
/\ iMiss = <<FALSE, FALSE, FALSE, FALSE, FALSE>>
/\ _RS = <<{}, {}, {}>>
/\ commonPre = FALSE
/\ currCycle = 11
/\ iMissTmp = <<<<<<<<FALSE, FALSE>>, FALSE>>, FALSE>>, FALSE>>
/\ FULat = <<3, 2, 3, 3, 3>>
/\ FUTmp2 = <<<<<<<<1, 2>>, 3>>, 1>>, 2>>
/\ prog = [ rest |-> <<>>,
  exec |->
      << [ PC |-> [pc |-> 1, type |-> {1}, lat |-> {3}, dep |-> {}],
           comTime |-> 6,
           done |-> TRUE,
           executed |-> TRUE,
           exStartTime |-> 2 ],
         [ PC |-> [pc |-> 2, type |-> {2}, lat |-> {2, 3}, dep |-> {}],
           comTime |-> 6,
           done |-> TRUE,
           executed |-> TRUE,
           exStartTime |-> 2 ],
         [ PC |-> [pc |-> 3, type |-> {3}, lat |-> {3}, dep |-> {1}],
           comTime |-> 9,
           done |-> TRUE,
           executed |-> TRUE,
           exStartTime |-> 5 ],
         [ PC |-> [pc |-> 4, type |-> {1, 2}, lat |-> {3}, dep |-> {}],
           comTime |-> 9,
           done |-> TRUE,
           executed |-> TRUE,
           exStartTime |-> 4 ],
         [ PC |-> [pc |-> 5, type |-> {2}, lat |-> {3}, dep |-> {}],
           comTime |-> 0,
           done |-> FALSE,
           executed |-> TRUE,
           exStartTime |-> 7 ] >> ]
/\ FUTmpLat2 = <<<<<<<<3, 3>>, 3>>, 3>>, 3>>
/\ prog2 = [ rest |-> <<>>,
  exec |->
      << [ PC |-> [pc |-> 1, type |-> {1}, lat |-> {3}, dep |-> {}],
           comTime |-> 6,
           done |-> TRUE,
           executed |-> TRUE,
           exStartTime |-> 2 ],
         [ PC |-> [pc |-> 2, type |-> {2}, lat |-> {2, 3}, dep |-> {}],
           comTime |-> 6,
           done |-> TRUE,
           executed |-> TRUE,
           exStartTime |-> 2 ],
         [ PC |-> [pc |-> 3, type |-> {3}, lat |-> {3}, dep |-> {1}],
           comTime |-> 9,
           done |-> TRUE,
           executed |-> TRUE,
           exStartTime |-> 5 ],
         [ PC |-> [pc |-> 4, type |-> {1, 2}, lat |-> {3}, dep |-> {}],
           comTime |-> 9,
           done |-> TRUE,
           executed |-> TRUE,
           exStartTime |-> 5 ],
         [ PC |-> [pc |-> 5, type |-> {2}, lat |-> {3}, dep |-> {}],
           comTime |-> 10,
           done |-> TRUE,
           executed |-> TRUE,
           exStartTime |-> 5 ] >> ]
/\ FU = <<1, 2, 3, 2, 2>>
/\ _FU = << [ PC |-> [pc |-> 0, type |-> "empty"],
     currLat |-> 1,
     usage |-> 3,
     baseLat |-> 1 ],
   [ PC |-> [pc |-> 0, type |-> "empty"],
     currLat |-> 1,
     usage |-> 8,
     baseLat |-> 1 ],
   [ PC |-> [pc |-> 0, type |-> "empty"],
     currLat |-> 1,
     usage |-> 3,
     baseLat |-> 1 ] >>

@!@!@ENDMSG 2217 @!@!@
@!@!@STARTMSG 2217:4 @!@!@
13: <Next line 77, col 9 to line 107, col 20 of module pipeline_ooo>
/\ reiLoc = <<FALSE, TRUE>>
/\ FULat2 = <<3, 3, 3, 3, 3>>
/\ iMiss2 = <<FALSE, FALSE, FALSE, FALSE, FALSE>>
/\ loct = <<<<0, 2, 0, 3, 3>>, <<0, 3, 0, 0, 3>>>>
/\ _RS2 = <<{}, {}, {}>>
/\ _COM2 = <<[PC |-> [pc |-> 0, type |-> "empty"]], [PC |-> [pc |-> 0, type |-> "empty"]]>>
/\ _ID = <<[PC |-> [pc |-> 0, type |-> "empty"]], [PC |-> [pc |-> 0, type |-> "empty"]]>>
/\ _IF = << [PC |-> [pc |-> 0, type |-> "empty"], currLat |-> 1, baseLat |-> 1],
   [PC |-> [pc |-> 0, type |-> "empty"], currLat |-> 1, baseLat |-> 1] >>
/\ FUTmpLat = <<<<<<<<3, 2>>, 3>>, 3>>, 3>>
/\ _FU2 = << [ PC |-> [pc |-> 0, type |-> "empty"],
     currLat |-> 1,
     usage |-> 6,
     baseLat |-> 1 ],
   [ PC |-> [pc |-> 0, type |-> "empty"],
     currLat |-> 1,
     usage |-> 6,
     baseLat |-> 1 ],
   [ PC |-> [pc |-> 0, type |-> "empty"],
     currLat |-> 1,
     usage |-> 3,
     baseLat |-> 1 ] >>
/\ FUTmp = <<<<<<<<1, 2>>, 3>>, 2>>, 2>>
/\ _COM = <<[PC |-> [pc |-> 0, type |-> "empty"]], [PC |-> [pc |-> 0, type |-> "empty"]]>>
/\ _ID2 = <<[PC |-> [pc |-> 0, type |-> "empty"]], [PC |-> [pc |-> 0, type |-> "empty"]]>>
/\ currCycle2 = 11
/\ FU2 = <<1, 2, 3, 1, 2>>
/\ _IF2 = << [PC |-> [pc |-> 0, type |-> "empty"], currLat |-> 1, baseLat |-> 1],
   [PC |-> [pc |-> 0, type |-> "empty"], currLat |-> 1, baseLat |-> 1] >>
/\ iMissTmp2 = <<<<<<<<FALSE, FALSE>>, FALSE>>, FALSE>>, FALSE>>
/\ iMiss = <<FALSE, FALSE, FALSE, FALSE, FALSE>>
/\ _RS = <<{}, {}, {}>>
/\ commonPre = FALSE
/\ currCycle = 12
/\ iMissTmp = <<<<<<<<FALSE, FALSE>>, FALSE>>, FALSE>>, FALSE>>
/\ FULat = <<3, 2, 3, 3, 3>>
/\ FUTmp2 = <<<<<<<<1, 2>>, 3>>, 1>>, 2>>
/\ prog = [ rest |-> <<>>,
  exec |->
      << [ PC |-> [pc |-> 1, type |-> {1}, lat |-> {3}, dep |-> {}],
           comTime |-> 6,
           done |-> TRUE,
           executed |-> TRUE,
           exStartTime |-> 2 ],
         [ PC |-> [pc |-> 2, type |-> {2}, lat |-> {2, 3}, dep |-> {}],
           comTime |-> 6,
           done |-> TRUE,
           executed |-> TRUE,
           exStartTime |-> 2 ],
         [ PC |-> [pc |-> 3, type |-> {3}, lat |-> {3}, dep |-> {1}],
           comTime |-> 9,
           done |-> TRUE,
           executed |-> TRUE,
           exStartTime |-> 5 ],
         [ PC |-> [pc |-> 4, type |-> {1, 2}, lat |-> {3}, dep |-> {}],
           comTime |-> 9,
           done |-> TRUE,
           executed |-> TRUE,
           exStartTime |-> 4 ],
         [ PC |-> [pc |-> 5, type |-> {2}, lat |-> {3}, dep |-> {}],
           comTime |-> 11,
           done |-> TRUE,
           executed |-> TRUE,
           exStartTime |-> 7 ] >> ]
/\ FUTmpLat2 = <<<<<<<<3, 3>>, 3>>, 3>>, 3>>
/\ prog2 = [ rest |-> <<>>,
  exec |->
      << [ PC |-> [pc |-> 1, type |-> {1}, lat |-> {3}, dep |-> {}],
           comTime |-> 6,
           done |-> TRUE,
           executed |-> TRUE,
           exStartTime |-> 2 ],
         [ PC |-> [pc |-> 2, type |-> {2}, lat |-> {2, 3}, dep |-> {}],
           comTime |-> 6,
           done |-> TRUE,
           executed |-> TRUE,
           exStartTime |-> 2 ],
         [ PC |-> [pc |-> 3, type |-> {3}, lat |-> {3}, dep |-> {1}],
           comTime |-> 9,
           done |-> TRUE,
           executed |-> TRUE,
           exStartTime |-> 5 ],
         [ PC |-> [pc |-> 4, type |-> {1, 2}, lat |-> {3}, dep |-> {}],
           comTime |-> 9,
           done |-> TRUE,
           executed |-> TRUE,
           exStartTime |-> 5 ],
         [ PC |-> [pc |-> 5, type |-> {2}, lat |-> {3}, dep |-> {}],
           comTime |-> 10,
           done |-> TRUE,
           executed |-> TRUE,
           exStartTime |-> 5 ] >> ]
/\ FU = <<1, 2, 3, 2, 2>>
/\ _FU = << [ PC |-> [pc |-> 0, type |-> "empty"],
     currLat |-> 1,
     usage |-> 3,
     baseLat |-> 1 ],
   [ PC |-> [pc |-> 0, type |-> "empty"],
     currLat |-> 1,
     usage |-> 8,
     baseLat |-> 1 ],
   [ PC |-> [pc |-> 0, type |-> "empty"],
     currLat |-> 1,
     usage |-> 3,
     baseLat |-> 1 ] >>

@!@!@ENDMSG 2217 @!@!@
@!@!@STARTMSG 2201:0 @!@!@
The coverage statistics at 2020-12-03 16:19:14
@!@!@ENDMSG 2201 @!@!@
@!@!@STARTMSG 2773:0 @!@!@
<Init line 58, col 1 to line 58, col 4 of module pipeline_ooo>: 32:32
@!@!@ENDMSG 2773 @!@!@
@!@!@STARTMSG 2221:0 @!@!@
  line 58, col 25 to line 58, col 52 of module pipeline_ooo: 2
@!@!@ENDMSG 2221 @!@!@
@!@!@STARTMSG 2221:0 @!@!@
  |line 38, col 24 to line 38, col 77 of module pipeline_ooo: 10
@!@!@ENDMSG 2221 @!@!@
@!@!@STARTMSG 2221:0 @!@!@
  ||line 38, col 27 to line 38, col 31 of module pipeline_ooo: 10
@!@!@ENDMSG 2221 @!@!@
@!@!@STARTMSG 2221:0 @!@!@
  ||line 38, col 38 to line 38, col 43 of module pipeline_ooo: 2
@!@!@ENDMSG 2221 @!@!@
@!@!@STARTMSG 2221:0 @!@!@
  |||line 32, col 12 to line 32, col 56 of module pipeline_ooo: 10
@!@!@ENDMSG 2221 @!@!@
@!@!@STARTMSG 2775:0 @!@!@
  ||line 38, col 50 to line 38, col 77 of module pipeline_ooo: 8:16
@!@!@ENDMSG 2775 @!@!@
@!@!@STARTMSG 2221:0 @!@!@
  |||line 38, col 50 to line 38, col 67 of module pipeline_ooo: 8
@!@!@ENDMSG 2221 @!@!@
@!@!@STARTMSG 2221:0 @!@!@
  |||line 38, col 72 to line 38, col 77 of module pipeline_ooo: 8
@!@!@ENDMSG 2221 @!@!@
@!@!@STARTMSG 2221:0 @!@!@
  ||||line 32, col 12 to line 32, col 56 of module pipeline_ooo: 10
@!@!@ENDMSG 2221 @!@!@
@!@!@STARTMSG 2221:0 @!@!@
  |line 58, col 40 to line 58, col 51 of module pipeline_ooo: 2
@!@!@ENDMSG 2221 @!@!@
@!@!@STARTMSG 2221:0 @!@!@
  line 59, col 20 to line 59, col 52 of module pipeline_ooo: 2
@!@!@ENDMSG 2221 @!@!@
@!@!@STARTMSG 2221:0 @!@!@
  |line 39, col 19 to line 39, col 92 of module pipeline_ooo: 8
@!@!@ENDMSG 2221 @!@!@
@!@!@STARTMSG 2221:0 @!@!@
  ||line 39, col 22 to line 39, col 26 of module pipeline_ooo: 8
@!@!@ENDMSG 2221 @!@!@
@!@!@STARTMSG 2221:0 @!@!@
  ||line 39, col 33 to line 39, col 50 of module pipeline_ooo: 2
@!@!@ENDMSG 2221 @!@!@
@!@!@STARTMSG 2221:0 @!@!@
  ||line 39, col 57 to line 39, col 92 of module pipeline_ooo: 6
@!@!@ENDMSG 2221 @!@!@
@!@!@STARTMSG 2221:0 @!@!@
  |line 59, col 28 to line 59, col 35 of module pipeline_ooo: 4
@!@!@ENDMSG 2221 @!@!@
@!@!@STARTMSG 2221:0 @!@!@
  |line 59, col 38 to line 59, col 51 of module pipeline_ooo: 2
@!@!@ENDMSG 2221 @!@!@
@!@!@STARTMSG 2221:0 @!@!@
  line 60, col 22 to line 60, col 50 of module pipeline_ooo: 2
@!@!@ENDMSG 2221 @!@!@
@!@!@STARTMSG 2221:0 @!@!@
  |line 38, col 24 to line 38, col 77 of module pipeline_ooo: 10
@!@!@ENDMSG 2221 @!@!@
@!@!@STARTMSG 2221:0 @!@!@
  ||line 38, col 27 to line 38, col 31 of module pipeline_ooo: 10
@!@!@ENDMSG 2221 @!@!@
@!@!@STARTMSG 2221:0 @!@!@
  ||line 38, col 38 to line 38, col 43 of module pipeline_ooo: 2
@!@!@ENDMSG 2221 @!@!@
@!@!@STARTMSG 2221:0 @!@!@
  |||line 33, col 13 to line 33, col 27 of module pipeline_ooo: 10
@!@!@ENDMSG 2221 @!@!@
@!@!@STARTMSG 2775:0 @!@!@
  ||line 38, col 50 to line 38, col 77 of module pipeline_ooo: 8:24
@!@!@ENDMSG 2775 @!@!@
@!@!@STARTMSG 2221:0 @!@!@
  |||line 38, col 50 to line 38, col 67 of module pipeline_ooo: 8
@!@!@ENDMSG 2221 @!@!@
@!@!@STARTMSG 2221:0 @!@!@
  |||line 38, col 72 to line 38, col 77 of module pipeline_ooo: 8
@!@!@ENDMSG 2221 @!@!@
@!@!@STARTMSG 2221:0 @!@!@
  ||||line 38, col 76 to line 38, col 76 of module pipeline_ooo: 8
@!@!@ENDMSG 2221 @!@!@
@!@!@STARTMSG 2221:0 @!@!@
  ||||line 33, col 13 to line 33, col 27 of module pipeline_ooo: 10
@!@!@ENDMSG 2221 @!@!@
@!@!@STARTMSG 2221:0 @!@!@
  |line 60, col 38 to line 60, col 49 of module pipeline_ooo: 2
@!@!@ENDMSG 2221 @!@!@
@!@!@STARTMSG 2221:0 @!@!@
  line 61, col 17 to line 61, col 46 of module pipeline_ooo: 4
@!@!@ENDMSG 2221 @!@!@
@!@!@STARTMSG 2221:0 @!@!@
  |line 39, col 19 to line 39, col 92 of module pipeline_ooo: 16
@!@!@ENDMSG 2221 @!@!@
@!@!@STARTMSG 2221:0 @!@!@
  ||line 39, col 22 to line 39, col 26 of module pipeline_ooo: 16
@!@!@ENDMSG 2221 @!@!@
@!@!@STARTMSG 2221:0 @!@!@
  ||line 39, col 33 to line 39, col 50 of module pipeline_ooo: 4
@!@!@ENDMSG 2221 @!@!@
@!@!@STARTMSG 2221:0 @!@!@
  ||line 39, col 57 to line 39, col 92 of module pipeline_ooo: 12
@!@!@ENDMSG 2221 @!@!@
@!@!@STARTMSG 2221:0 @!@!@
  |line 61, col 25 to line 61, col 29 of module pipeline_ooo: 8
@!@!@ENDMSG 2221 @!@!@
@!@!@STARTMSG 2221:0 @!@!@
  |line 61, col 32 to line 61, col 45 of module pipeline_ooo: 4
@!@!@ENDMSG 2221 @!@!@
@!@!@STARTMSG 2221:0 @!@!@
  line 62, col 25 to line 62, col 56 of module pipeline_ooo: 4
@!@!@ENDMSG 2221 @!@!@
@!@!@STARTMSG 2221:0 @!@!@
  |line 38, col 24 to line 38, col 77 of module pipeline_ooo: 20
@!@!@ENDMSG 2221 @!@!@
@!@!@STARTMSG 2221:0 @!@!@
  ||line 38, col 27 to line 38, col 31 of module pipeline_ooo: 20
@!@!@ENDMSG 2221 @!@!@
@!@!@STARTMSG 2221:0 @!@!@
  ||line 38, col 38 to line 38, col 43 of module pipeline_ooo: 4
@!@!@ENDMSG 2221 @!@!@
@!@!@STARTMSG 2221:0 @!@!@
  |||line 34, col 16 to line 34, col 29 of module pipeline_ooo: 20
@!@!@ENDMSG 2221 @!@!@
@!@!@STARTMSG 2775:0 @!@!@
  ||line 38, col 50 to line 38, col 77 of module pipeline_ooo: 16:64
@!@!@ENDMSG 2775 @!@!@
@!@!@STARTMSG 2221:0 @!@!@
  |||line 38, col 50 to line 38, col 67 of module pipeline_ooo: 16
@!@!@ENDMSG 2221 @!@!@
@!@!@STARTMSG 2221:0 @!@!@
  |||line 38, col 72 to line 38, col 77 of module pipeline_ooo: 16
@!@!@ENDMSG 2221 @!@!@
@!@!@STARTMSG 2221:0 @!@!@
  ||||line 38, col 76 to line 38, col 76 of module pipeline_ooo: 16
@!@!@ENDMSG 2221 @!@!@
@!@!@STARTMSG 2221:0 @!@!@
  ||||line 34, col 16 to line 34, col 29 of module pipeline_ooo: 20
@!@!@ENDMSG 2221 @!@!@
@!@!@STARTMSG 2221:0 @!@!@
  |line 62, col 44 to line 62, col 55 of module pipeline_ooo: 4
@!@!@ENDMSG 2221 @!@!@
@!@!@STARTMSG 2221:0 @!@!@
  line 63, col 20 to line 63, col 52 of module pipeline_ooo: 8
@!@!@ENDMSG 2221 @!@!@
@!@!@STARTMSG 2221:0 @!@!@
  |line 39, col 19 to line 39, col 92 of module pipeline_ooo: 32
@!@!@ENDMSG 2221 @!@!@
@!@!@STARTMSG 2221:0 @!@!@
  ||line 39, col 22 to line 39, col 26 of module pipeline_ooo: 32
@!@!@ENDMSG 2221 @!@!@
@!@!@STARTMSG 2221:0 @!@!@
  ||line 39, col 33 to line 39, col 50 of module pipeline_ooo: 8
@!@!@ENDMSG 2221 @!@!@
@!@!@STARTMSG 2221:0 @!@!@
  ||line 39, col 57 to line 39, col 92 of module pipeline_ooo: 24
@!@!@ENDMSG 2221 @!@!@
@!@!@STARTMSG 2221:0 @!@!@
  |line 63, col 28 to line 63, col 35 of module pipeline_ooo: 16
@!@!@ENDMSG 2221 @!@!@
@!@!@STARTMSG 2221:0 @!@!@
  |line 63, col 38 to line 63, col 51 of module pipeline_ooo: 8
@!@!@ENDMSG 2221 @!@!@
@!@!@STARTMSG 2221:0 @!@!@
  line 64, col 26 to line 64, col 53 of module pipeline_ooo: 8
@!@!@ENDMSG 2221 @!@!@
@!@!@STARTMSG 2221:0 @!@!@
  |line 38, col 24 to line 38, col 77 of module pipeline_ooo: 40
@!@!@ENDMSG 2221 @!@!@
@!@!@STARTMSG 2221:0 @!@!@
  ||line 38, col 27 to line 38, col 31 of module pipeline_ooo: 40
@!@!@ENDMSG 2221 @!@!@
@!@!@STARTMSG 2775:0 @!@!@
  ||line 38, col 38 to line 38, col 43 of module pipeline_ooo: 48:16
@!@!@ENDMSG 2775 @!@!@
@!@!@STARTMSG 2775:0 @!@!@
  ||line 38, col 50 to line 38, col 77 of module pipeline_ooo: 32:64
@!@!@ENDMSG 2775 @!@!@
@!@!@STARTMSG 2221:0 @!@!@
  |||line 38, col 50 to line 38, col 67 of module pipeline_ooo: 32
@!@!@ENDMSG 2221 @!@!@
@!@!@STARTMSG 2775:0 @!@!@
  |||line 38, col 72 to line 38, col 77 of module pipeline_ooo: 192:96
@!@!@ENDMSG 2775 @!@!@
@!@!@STARTMSG 2221:0 @!@!@
  |line 32, col 12 to line 32, col 56 of module pipeline_ooo: 10
@!@!@ENDMSG 2221 @!@!@
@!@!@STARTMSG 2221:0 @!@!@
  |line 64, col 41 to line 64, col 52 of module pipeline_ooo: 8
@!@!@ENDMSG 2221 @!@!@
@!@!@STARTMSG 2221:0 @!@!@
  line 65, col 21 to line 65, col 54 of module pipeline_ooo: 8
@!@!@ENDMSG 2221 @!@!@
@!@!@STARTMSG 2221:0 @!@!@
  |line 39, col 19 to line 39, col 92 of module pipeline_ooo: 32
@!@!@ENDMSG 2221 @!@!@
@!@!@STARTMSG 2221:0 @!@!@
  ||line 39, col 22 to line 39, col 26 of module pipeline_ooo: 32
@!@!@ENDMSG 2221 @!@!@
@!@!@STARTMSG 2221:0 @!@!@
  ||line 39, col 33 to line 39, col 50 of module pipeline_ooo: 8
@!@!@ENDMSG 2221 @!@!@
@!@!@STARTMSG 2221:0 @!@!@
  ||line 39, col 57 to line 39, col 92 of module pipeline_ooo: 24
@!@!@ENDMSG 2221 @!@!@
@!@!@STARTMSG 2221:0 @!@!@
  |line 65, col 29 to line 65, col 37 of module pipeline_ooo: 16
@!@!@ENDMSG 2221 @!@!@
@!@!@STARTMSG 2221:0 @!@!@
  |line 65, col 40 to line 65, col 53 of module pipeline_ooo: 8
@!@!@ENDMSG 2221 @!@!@
@!@!@STARTMSG 2221:0 @!@!@
  line 66, col 23 to line 66, col 51 of module pipeline_ooo: 8
@!@!@ENDMSG 2221 @!@!@
@!@!@STARTMSG 2221:0 @!@!@
  |line 38, col 24 to line 38, col 77 of module pipeline_ooo: 40
@!@!@ENDMSG 2221 @!@!@
@!@!@STARTMSG 2221:0 @!@!@
  ||line 38, col 27 to line 38, col 31 of module pipeline_ooo: 40
@!@!@ENDMSG 2221 @!@!@
@!@!@STARTMSG 2775:0 @!@!@
  ||line 38, col 38 to line 38, col 43 of module pipeline_ooo: 208:16
@!@!@ENDMSG 2775 @!@!@
@!@!@STARTMSG 2775:0 @!@!@
  ||line 38, col 50 to line 38, col 77 of module pipeline_ooo: 32:96
@!@!@ENDMSG 2775 @!@!@
@!@!@STARTMSG 2221:0 @!@!@
  |||line 38, col 50 to line 38, col 67 of module pipeline_ooo: 32
@!@!@ENDMSG 2221 @!@!@
@!@!@STARTMSG 2775:0 @!@!@
  |||line 38, col 72 to line 38, col 77 of module pipeline_ooo: 832:120
@!@!@ENDMSG 2775 @!@!@
@!@!@STARTMSG 2221:0 @!@!@
  ||||line 38, col 76 to line 38, col 76 of module pipeline_ooo: 32
@!@!@ENDMSG 2221 @!@!@
@!@!@STARTMSG 2221:0 @!@!@
  |line 33, col 13 to line 33, col 27 of module pipeline_ooo: 10
@!@!@ENDMSG 2221 @!@!@
@!@!@STARTMSG 2221:0 @!@!@
  |line 66, col 39 to line 66, col 50 of module pipeline_ooo: 8
@!@!@ENDMSG 2221 @!@!@
@!@!@STARTMSG 2221:0 @!@!@
  line 67, col 18 to line 67, col 48 of module pipeline_ooo: 16
@!@!@ENDMSG 2221 @!@!@
@!@!@STARTMSG 2221:0 @!@!@
  |line 39, col 19 to line 39, col 92 of module pipeline_ooo: 64
@!@!@ENDMSG 2221 @!@!@
@!@!@STARTMSG 2221:0 @!@!@
  ||line 39, col 22 to line 39, col 26 of module pipeline_ooo: 64
@!@!@ENDMSG 2221 @!@!@
@!@!@STARTMSG 2221:0 @!@!@
  ||line 39, col 33 to line 39, col 50 of module pipeline_ooo: 16
@!@!@ENDMSG 2221 @!@!@
@!@!@STARTMSG 2221:0 @!@!@
  ||line 39, col 57 to line 39, col 92 of module pipeline_ooo: 48
@!@!@ENDMSG 2221 @!@!@
@!@!@STARTMSG 2221:0 @!@!@
  |line 67, col 26 to line 67, col 31 of module pipeline_ooo: 32
@!@!@ENDMSG 2221 @!@!@
@!@!@STARTMSG 2221:0 @!@!@
  |line 67, col 34 to line 67, col 47 of module pipeline_ooo: 16
@!@!@ENDMSG 2221 @!@!@
@!@!@STARTMSG 2221:0 @!@!@
  line 68, col 26 to line 68, col 57 of module pipeline_ooo: 16
@!@!@ENDMSG 2221 @!@!@
@!@!@STARTMSG 2221:0 @!@!@
  |line 38, col 24 to line 38, col 77 of module pipeline_ooo: 80
@!@!@ENDMSG 2221 @!@!@
@!@!@STARTMSG 2221:0 @!@!@
  ||line 38, col 27 to line 38, col 31 of module pipeline_ooo: 80
@!@!@ENDMSG 2221 @!@!@
@!@!@STARTMSG 2775:0 @!@!@
  ||line 38, col 38 to line 38, col 43 of module pipeline_ooo: 416:32
@!@!@ENDMSG 2775 @!@!@
@!@!@STARTMSG 2775:0 @!@!@
  ||line 38, col 50 to line 38, col 77 of module pipeline_ooo: 64:256
@!@!@ENDMSG 2775 @!@!@
@!@!@STARTMSG 2221:0 @!@!@
  |||line 38, col 50 to line 38, col 67 of module pipeline_ooo: 64
@!@!@ENDMSG 2221 @!@!@
@!@!@STARTMSG 2775:0 @!@!@
  |||line 38, col 72 to line 38, col 77 of module pipeline_ooo: 1664:304
@!@!@ENDMSG 2775 @!@!@
@!@!@STARTMSG 2221:0 @!@!@
  ||||line 38, col 76 to line 38, col 76 of module pipeline_ooo: 64
@!@!@ENDMSG 2221 @!@!@
@!@!@STARTMSG 2221:0 @!@!@
  |line 34, col 16 to line 34, col 29 of module pipeline_ooo: 20
@!@!@ENDMSG 2221 @!@!@
@!@!@STARTMSG 2221:0 @!@!@
  |line 68, col 45 to line 68, col 56 of module pipeline_ooo: 16
@!@!@ENDMSG 2221 @!@!@
@!@!@STARTMSG 2221:0 @!@!@
  line 69, col 21 to line 69, col 54 of module pipeline_ooo: 32
@!@!@ENDMSG 2221 @!@!@
@!@!@STARTMSG 2221:0 @!@!@
  |line 39, col 19 to line 39, col 92 of module pipeline_ooo: 128
@!@!@ENDMSG 2221 @!@!@
@!@!@STARTMSG 2221:0 @!@!@
  ||line 39, col 22 to line 39, col 26 of module pipeline_ooo: 128
@!@!@ENDMSG 2221 @!@!@
@!@!@STARTMSG 2221:0 @!@!@
  ||line 39, col 33 to line 39, col 50 of module pipeline_ooo: 32
@!@!@ENDMSG 2221 @!@!@
@!@!@STARTMSG 2221:0 @!@!@
  ||line 39, col 57 to line 39, col 92 of module pipeline_ooo: 96
@!@!@ENDMSG 2221 @!@!@
@!@!@STARTMSG 2221:0 @!@!@
  |line 69, col 29 to line 69, col 37 of module pipeline_ooo: 64
@!@!@ENDMSG 2221 @!@!@
@!@!@STARTMSG 2221:0 @!@!@
  |line 69, col 40 to line 69, col 53 of module pipeline_ooo: 32
@!@!@ENDMSG 2221 @!@!@
@!@!@STARTMSG 2221:0 @!@!@
  line 70, col 12 to line 70, col 21 of module pipeline_ooo: 32
@!@!@ENDMSG 2221 @!@!@
@!@!@STARTMSG 2221:0 @!@!@
  line 71, col 12 to line 71, col 21 of module pipeline_ooo: 32
@!@!@ENDMSG 2221 @!@!@
@!@!@STARTMSG 2221:0 @!@!@
  line 72, col 12 to line 72, col 27 of module pipeline_ooo: 32
@!@!@ENDMSG 2221 @!@!@
@!@!@STARTMSG 2221:0 @!@!@
  line 73, col 12 to line 73, col 44 of module pipeline_ooo: 32
@!@!@ENDMSG 2221 @!@!@
@!@!@STARTMSG 2221:0 @!@!@
  line 74, col 12 to line 74, col 68 of module pipeline_ooo: 32
@!@!@ENDMSG 2221 @!@!@
@!@!@STARTMSG 2772:0 @!@!@
<Next line 77, col 1 to line 77, col 4 of module pipeline_ooo>: 195:222
@!@!@ENDMSG 2772 @!@!@
@!@!@STARTMSG 2221:0 @!@!@
  line 41, col 1 to line 41, col 35 of module pipeline_ooo: 85
@!@!@ENDMSG 2221 @!@!@
@!@!@STARTMSG 2221:0 @!@!@
  line 41, col 1 to line 41, col 35 of module pipeline_ooo: 2793
@!@!@ENDMSG 2221 @!@!@
@!@!@STARTMSG 2221:0 @!@!@
  line 41, col 1 to line 41, col 35 of module pipeline_ooo: 370
@!@!@ENDMSG 2221 @!@!@
@!@!@STARTMSG 2221:0 @!@!@
  line 41, col 1 to line 41, col 35 of module pipeline_ooo: 32
@!@!@ENDMSG 2221 @!@!@
@!@!@STARTMSG 2221:0 @!@!@
  line 41, col 1 to line 41, col 35 of module pipeline_ooo: 16658
@!@!@ENDMSG 2221 @!@!@
@!@!@STARTMSG 2221:0 @!@!@
  line 41, col 1 to line 41, col 35 of module pipeline_ooo: 11504
@!@!@ENDMSG 2221 @!@!@
@!@!@STARTMSG 2221:0 @!@!@
  line 41, col 1 to line 41, col 35 of module pipeline_ooo: 16871
@!@!@ENDMSG 2221 @!@!@
@!@!@STARTMSG 2221:0 @!@!@
  line 41, col 1 to line 41, col 35 of module pipeline_ooo: 8048
@!@!@ENDMSG 2221 @!@!@
@!@!@STARTMSG 2221:0 @!@!@
  line 41, col 1 to line 41, col 35 of module pipeline_ooo: 37201
@!@!@ENDMSG 2221 @!@!@
@!@!@STARTMSG 2221:0 @!@!@
  line 41, col 1 to line 41, col 35 of module pipeline_ooo: 7151
@!@!@ENDMSG 2221 @!@!@
@!@!@STARTMSG 2221:0 @!@!@
  line 41, col 1 to line 41, col 35 of module pipeline_ooo: 85
@!@!@ENDMSG 2221 @!@!@
@!@!@STARTMSG 2221:0 @!@!@
  line 41, col 1 to line 41, col 35 of module pipeline_ooo: 16028
@!@!@ENDMSG 2221 @!@!@
@!@!@STARTMSG 2221:0 @!@!@
  line 41, col 1 to line 41, col 35 of module pipeline_ooo: 57027
@!@!@ENDMSG 2221 @!@!@
@!@!@STARTMSG 2221:0 @!@!@
  line 57, col 18 to line 57, col 59 of module pipeline_exec_ooo: 221
@!@!@ENDMSG 2221 @!@!@
@!@!@STARTMSG 2775:0 @!@!@
  |line 57, col 25 to line 57, col 59 of module pipeline_exec_ooo: 222:444
@!@!@ENDMSG 2775 @!@!@
@!@!@STARTMSG 2221:0 @!@!@
  line 61, col 15 to line 61, col 69 of module pipeline_exec_ooo: 221
@!@!@ENDMSG 2221 @!@!@
@!@!@STARTMSG 2775:0 @!@!@
  |line 61, col 22 to line 61, col 69 of module pipeline_exec_ooo: 222:444
@!@!@ENDMSG 2775 @!@!@
@!@!@STARTMSG 2221:0 @!@!@
  line 65, col 15 to line 67, col 59 of module pipeline_exec_ooo: 221
@!@!@ENDMSG 2221 @!@!@
@!@!@STARTMSG 2775:0 @!@!@
  |line 65, col 22 to line 67, col 59 of module pipeline_exec_ooo: 222:666
@!@!@ENDMSG 2775 @!@!@
@!@!@STARTMSG 2221:0 @!@!@
  line 76, col 18 to line 76, col 54 of module pipeline_exec_ooo: 221
@!@!@ENDMSG 2221 @!@!@
@!@!@STARTMSG 2775:0 @!@!@
  |line 76, col 25 to line 76, col 54 of module pipeline_exec_ooo: 222:666
@!@!@ENDMSG 2775 @!@!@
@!@!@STARTMSG 2221:0 @!@!@
  line 105, col 16 to line 105, col 69 of module pipeline_exec_ooo: 221
@!@!@ENDMSG 2221 @!@!@
@!@!@STARTMSG 2775:0 @!@!@
  |line 105, col 24 to line 105, col 69 of module pipeline_exec_ooo: 222:444
@!@!@ENDMSG 2775 @!@!@
@!@!@STARTMSG 2221:0 @!@!@
  line 133, col 20 to line 133, col 61 of module pipeline_exec_ooo: 221
@!@!@ENDMSG 2221 @!@!@
@!@!@STARTMSG 2221:0 @!@!@
  |line 133, col 28 to line 133, col 61 of module pipeline_exec_ooo: 222
@!@!@ENDMSG 2221 @!@!@
@!@!@STARTMSG 2221:0 @!@!@
  ||line 133, col 39 to line 133, col 43 of module pipeline_exec_ooo: 222
@!@!@ENDMSG 2221 @!@!@
@!@!@STARTMSG 2221:0 @!@!@
  |||line 117, col 30 to line 117, col 95 of module pipeline_exec_ooo: 222
@!@!@ENDMSG 2221 @!@!@
@!@!@STARTMSG 2221:0 @!@!@
  ||||line 117, col 33 to line 117, col 42 of module pipeline_exec_ooo: 222
@!@!@ENDMSG 2221 @!@!@
@!@!@STARTMSG 2221:0 @!@!@
  |||||line 117, col 34 to line 117, col 42 of module pipeline_exec_ooo: 222
@!@!@ENDMSG 2221 @!@!@
@!@!@STARTMSG 2221:0 @!@!@
  ||||||line 19, col 14 to line 19, col 67 of module pipeline_exec_ooo: 222
@!@!@ENDMSG 2221 @!@!@
@!@!@STARTMSG 2221:0 @!@!@
  |||||||line 19, col 37 to line 19, col 67 of module pipeline_exec_ooo: 444
@!@!@ENDMSG 2221 @!@!@
@!@!@STARTMSG 2221:0 @!@!@
  |||||||line 19, col 23 to line 19, col 34 of module pipeline_exec_ooo: 222
@!@!@ENDMSG 2221 @!@!@
@!@!@STARTMSG 2221:0 @!@!@
  ||||line 117, col 49 to line 117, col 80 of module pipeline_exec_ooo: 222
@!@!@ENDMSG 2221 @!@!@
@!@!@STARTMSG 2221:0 @!@!@
  |||||line 11, col 21 to line 13, col 49 of module instructions_ooo: 444
@!@!@ENDMSG 2221 @!@!@
@!@!@STARTMSG 2221:0 @!@!@
  ||||||line 11, col 24 to line 11, col 28 of module instructions_ooo: 444
@!@!@ENDMSG 2221 @!@!@
@!@!@STARTMSG 2221:0 @!@!@
  ||||||line 12, col 26 to line 12, col 32 of module instructions_ooo: 222
@!@!@ENDMSG 2221 @!@!@
@!@!@STARTMSG 2221:0 @!@!@
  |||||||line 10, col 36 to line 10, col 72 of module instructions_ooo: 222
@!@!@ENDMSG 2221 @!@!@
@!@!@STARTMSG 2221:0 @!@!@
  ||||||||line 10, col 39 to line 10, col 48 of module instructions_ooo: 222
@!@!@ENDMSG 2221 @!@!@
@!@!@STARTMSG 2221:0 @!@!@
  ||||||||line 10, col 55 to line 10, col 61 of module instructions_ooo: 34
@!@!@ENDMSG 2221 @!@!@
@!@!@STARTMSG 2221:0 @!@!@
  ||||||||line 10, col 68 to line 10, col 72 of module instructions_ooo: 188
@!@!@ENDMSG 2221 @!@!@
@!@!@STARTMSG 2221:0 @!@!@
  |||||||line 12, col 31 to line 12, col 31 of module instructions_ooo: 222
@!@!@ENDMSG 2221 @!@!@
@!@!@STARTMSG 2221:0 @!@!@
  ||||||line 13, col 26 to line 13, col 49 of module instructions_ooo: 222
@!@!@ENDMSG 2221 @!@!@
@!@!@STARTMSG 2221:0 @!@!@
  |||||||line 13, col 37 to line 13, col 43 of module instructions_ooo: 222
@!@!@ENDMSG 2221 @!@!@
@!@!@STARTMSG 2221:0 @!@!@
  ||||||||line 10, col 36 to line 10, col 72 of module instructions_ooo: 222
@!@!@ENDMSG 2221 @!@!@
@!@!@STARTMSG 2221:0 @!@!@
  |||||||||line 10, col 39 to line 10, col 48 of module instructions_ooo: 222
@!@!@ENDMSG 2221 @!@!@
@!@!@STARTMSG 2221:0 @!@!@
  |||||||||line 10, col 55 to line 10, col 61 of module instructions_ooo: 51
@!@!@ENDMSG 2221 @!@!@
@!@!@STARTMSG 2221:0 @!@!@
  |||||||||line 10, col 68 to line 10, col 72 of module instructions_ooo: 171
@!@!@ENDMSG 2221 @!@!@
@!@!@STARTMSG 2221:0 @!@!@
  ||||||||line 13, col 42 to line 13, col 42 of module instructions_ooo: 222
@!@!@ENDMSG 2221 @!@!@
@!@!@STARTMSG 2221:0 @!@!@
  |||||||line 13, col 46 to line 13, col 48 of module instructions_ooo: 222
@!@!@ENDMSG 2221 @!@!@
@!@!@STARTMSG 2221:0 @!@!@
  |||||line 117, col 60 to line 117, col 68 of module pipeline_exec_ooo: 222
@!@!@ENDMSG 2221 @!@!@
@!@!@STARTMSG 2221:0 @!@!@
  |||||line 117, col 71 to line 117, col 79 of module pipeline_exec_ooo: 222
@!@!@ENDMSG 2221 @!@!@
@!@!@STARTMSG 2221:0 @!@!@
  ||line 133, col 55 to line 133, col 59 of module pipeline_exec_ooo: 222
@!@!@ENDMSG 2221 @!@!@
@!@!@STARTMSG 2775:0 @!@!@
  |||line 120, col 30 to line 132, col 30 of module pipeline_exec_ooo: 222:25461
@!@!@ENDMSG 2775 @!@!@
@!@!@STARTMSG 2221:0 @!@!@
  ||||line 120, col 38 to line 120, col 51 of module pipeline_exec_ooo: 222
@!@!@ENDMSG 2221 @!@!@
@!@!@STARTMSG 2221:0 @!@!@
  |||||line 120, col 41 to line 120, col 51 of module pipeline_exec_ooo: 222
@!@!@ENDMSG 2221 @!@!@
@!@!@STARTMSG 2221:0 @!@!@
  ||||||line 120, col 45 to line 120, col 50 of module pipeline_exec_ooo: 222
@!@!@ENDMSG 2221 @!@!@
@!@!@STARTMSG 2221:0 @!@!@
  |||||||line 119, col 31 to line 119, col 83 of module pipeline_exec_ooo: 222
@!@!@ENDMSG 2221 @!@!@
@!@!@STARTMSG 2221:0 @!@!@
  ||||||||line 119, col 34 to line 119, col 43 of module pipeline_exec_ooo: 222
@!@!@ENDMSG 2221 @!@!@
@!@!@STARTMSG 2221:0 @!@!@
  |||||||||line 119, col 35 to line 119, col 43 of module pipeline_exec_ooo: 222
@!@!@ENDMSG 2221 @!@!@
@!@!@STARTMSG 2221:0 @!@!@
  ||||||||||line 19, col 14 to line 19, col 67 of module pipeline_exec_ooo: 222
@!@!@ENDMSG 2221 @!@!@
@!@!@STARTMSG 2221:0 @!@!@
  |||||||||||line 19, col 37 to line 19, col 67 of module pipeline_exec_ooo: 444
@!@!@ENDMSG 2221 @!@!@
@!@!@STARTMSG 2221:0 @!@!@
  |||||||||||line 19, col 23 to line 19, col 34 of module pipeline_exec_ooo: 222
@!@!@ENDMSG 2221 @!@!@
@!@!@STARTMSG 2221:0 @!@!@
  ||||||||line 119, col 50 to line 119, col 68 of module pipeline_exec_ooo: 222
@!@!@ENDMSG 2221 @!@!@
@!@!@STARTMSG 2221:0 @!@!@
  |||||||||line 108, col 16 to line 110, col 152 of module pipeline_exec_ooo: 666
@!@!@ENDMSG 2221 @!@!@
@!@!@STARTMSG 2221:0 @!@!@
  ||||||||||line 108, col 19 to line 108, col 23 of module pipeline_exec_ooo: 666
@!@!@ENDMSG 2221 @!@!@
@!@!@STARTMSG 2221:0 @!@!@
  ||||||||||line 109, col 21 to line 109, col 29 of module pipeline_exec_ooo: 222
@!@!@ENDMSG 2221 @!@!@
@!@!@STARTMSG 2221:0 @!@!@
  ||||||||||line 110, col 21 to line 110, col 152 of module pipeline_exec_ooo: 444
@!@!@ENDMSG 2221 @!@!@
@!@!@STARTMSG 2221:0 @!@!@
  |||||||||||line 15, col 22 to line 15, col 64 of module instructions_ooo: 444
@!@!@ENDMSG 2221 @!@!@
@!@!@STARTMSG 2221:0 @!@!@
  ||||||||||||line 15, col 25 to line 15, col 38 of module instructions_ooo: 444
@!@!@ENDMSG 2221 @!@!@
@!@!@STARTMSG 2221:0 @!@!@
  ||||||||||||line 15, col 45 to line 15, col 57 of module instructions_ooo: 85
@!@!@ENDMSG 2221 @!@!@
@!@!@STARTMSG 2221:0 @!@!@
  ||||||||||||line 15, col 64 to line 15, col 64 of module instructions_ooo: 359
@!@!@ENDMSG 2221 @!@!@
@!@!@STARTMSG 2221:0 @!@!@
  |||||||||||line 110, col 32 to line 110, col 44 of module pipeline_exec_ooo: 444
@!@!@ENDMSG 2221 @!@!@
@!@!@STARTMSG 2221:0 @!@!@
  |||||||||||line 110, col 47 to line 110, col 151 of module pipeline_exec_ooo: 444
@!@!@ENDMSG 2221 @!@!@
@!@!@STARTMSG 2221:0 @!@!@
  ||||||||||||line 110, col 56 to line 110, col 79 of module pipeline_exec_ooo: 444
@!@!@ENDMSG 2221 @!@!@
@!@!@STARTMSG 2221:0 @!@!@
  |||||||||||||line 7, col 21 to line 7, col 56 of module instructions_ooo: 444
@!@!@ENDMSG 2221 @!@!@
@!@!@STARTMSG 2221:0 @!@!@
  ||||||||||||||line 7, col 24 to line 7, col 35 of module instructions_ooo: 444
@!@!@ENDMSG 2221 @!@!@
@!@!@STARTMSG 2221:0 @!@!@
  ||||||||||||||line 7, col 42 to line 7, col 45 of module instructions_ooo: 85
@!@!@ENDMSG 2221 @!@!@
@!@!@STARTMSG 2221:0 @!@!@
  ||||||||||||||line 7, col 52 to line 7, col 56 of module instructions_ooo: 359
@!@!@ENDMSG 2221 @!@!@
@!@!@STARTMSG 2221:0 @!@!@
  |||||||||||||line 110, col 67 to line 110, col 75 of module pipeline_exec_ooo: 444
@!@!@ENDMSG 2221 @!@!@
@!@!@STARTMSG 2221:0 @!@!@
  |||||||||||||line 110, col 78 to line 110, col 78 of module pipeline_exec_ooo: 444
@!@!@ENDMSG 2221 @!@!@
@!@!@STARTMSG 2221:0 @!@!@
  ||||||||||||line 110, col 82 to line 110, col 99 of module pipeline_exec_ooo: 444
@!@!@ENDMSG 2221 @!@!@
@!@!@STARTMSG 2221:0 @!@!@
  ||||||||||||line 110, col 102 to line 110, col 115 of module pipeline_exec_ooo: 444
@!@!@ENDMSG 2221 @!@!@
@!@!@STARTMSG 2221:0 @!@!@
  |||||||||line 119, col 59 to line 119, col 67 of module pipeline_exec_ooo: 222
@!@!@ENDMSG 2221 @!@!@
@!@!@STARTMSG 2221:0 @!@!@
  line 137, col 20 to line 138, col 50 of module pipeline_exec_ooo: 222
@!@!@ENDMSG 2221 @!@!@
@!@!@STARTMSG 2221:0 @!@!@
  |line 138, col 26 to line 138, col 39 of module pipeline_exec_ooo: 1342
@!@!@ENDMSG 2221 @!@!@
@!@!@STARTMSG 2221:0 @!@!@
  |line 138, col 44 to line 138, col 50 of module pipeline_exec_ooo: 671
@!@!@ENDMSG 2221 @!@!@
@!@!@STARTMSG 2221:0 @!@!@
  |line 137, col 29 to line 137, col 49 of module pipeline_exec_ooo: 222
@!@!@ENDMSG 2221 @!@!@
@!@!@STARTMSG 2221:0 @!@!@
  line 139, col 22 to line 139, col 47 of module pipeline_exec_ooo: 199
@!@!@ENDMSG 2221 @!@!@
@!@!@STARTMSG 2221:0 @!@!@
  |line 139, col 35 to line 139, col 47 of module pipeline_exec_ooo: 200
@!@!@ENDMSG 2221 @!@!@
@!@!@STARTMSG 2221:0 @!@!@
  line 140, col 22 to line 140, col 46 of module pipeline_exec_ooo: 22
@!@!@ENDMSG 2221 @!@!@
@!@!@STARTMSG 2221:0 @!@!@
  line 142, col 37 to line 142, col 95 of module pipeline_exec_ooo: 221
@!@!@ENDMSG 2221 @!@!@
@!@!@STARTMSG 2221:0 @!@!@
  line 50, col 24 to line 50, col 29 of module pipeline_ooo: 85
@!@!@ENDMSG 2221 @!@!@
@!@!@STARTMSG 2221:0 @!@!@
  line 52, col 21 to line 52, col 23 of module pipeline_ooo: 2766
@!@!@ENDMSG 2221 @!@!@
@!@!@STARTMSG 2221:0 @!@!@
  line 43, col 28 to line 43, col 37 of module pipeline_ooo: 369
@!@!@ENDMSG 2221 @!@!@
@!@!@STARTMSG 2221:0 @!@!@
  line 42, col 1 to line 55, col 35 of module pipeline_ooo: 32
@!@!@ENDMSG 2221 @!@!@
@!@!@STARTMSG 2221:0 @!@!@
  line 42, col 1 to line 55, col 35 of module pipeline_ooo: 16634
@!@!@ENDMSG 2221 @!@!@
@!@!@STARTMSG 2221:0 @!@!@
  line 45, col 22 to line 45, col 25 of module pipeline_ooo: 11510
@!@!@ENDMSG 2221 @!@!@
@!@!@STARTMSG 2221:0 @!@!@
  line 46, col 22 to line 46, col 25 of module pipeline_ooo: 16786
@!@!@ENDMSG 2221 @!@!@
@!@!@STARTMSG 2221:0 @!@!@
  line 42, col 1 to line 55, col 35 of module pipeline_ooo: 8052
@!@!@ENDMSG 2221 @!@!@
@!@!@STARTMSG 2221:0 @!@!@
  line 48, col 22 to line 48, col 25 of module pipeline_ooo: 37202
@!@!@ENDMSG 2221 @!@!@
@!@!@STARTMSG 2221:0 @!@!@
  line 47, col 22 to line 47, col 25 of module pipeline_ooo: 7139
@!@!@ENDMSG 2221 @!@!@
@!@!@STARTMSG 2221:0 @!@!@
  line 54, col 24 to line 54, col 29 of module pipeline_ooo: 85
@!@!@ENDMSG 2221 @!@!@
@!@!@STARTMSG 2221:0 @!@!@
  line 49, col 23 to line 49, col 27 of module pipeline_ooo: 16021
@!@!@ENDMSG 2221 @!@!@
@!@!@STARTMSG 2221:0 @!@!@
  line 44, col 23 to line 44, col 27 of module pipeline_ooo: 56993
@!@!@ENDMSG 2221 @!@!@
@!@!@STARTMSG 2221:0 @!@!@
  line 57, col 18 to line 57, col 59 of module pipeline_exec_ooo: 221
@!@!@ENDMSG 2221 @!@!@
@!@!@STARTMSG 2775:0 @!@!@
  |line 57, col 25 to line 57, col 59 of module pipeline_exec_ooo: 222:444
@!@!@ENDMSG 2775 @!@!@
@!@!@STARTMSG 2221:0 @!@!@
  line 61, col 15 to line 61, col 69 of module pipeline_exec_ooo: 221
@!@!@ENDMSG 2221 @!@!@
@!@!@STARTMSG 2775:0 @!@!@
  |line 61, col 22 to line 61, col 69 of module pipeline_exec_ooo: 222:444
@!@!@ENDMSG 2775 @!@!@
@!@!@STARTMSG 2221:0 @!@!@
  line 65, col 15 to line 67, col 59 of module pipeline_exec_ooo: 221
@!@!@ENDMSG 2221 @!@!@
@!@!@STARTMSG 2775:0 @!@!@
  |line 65, col 22 to line 67, col 59 of module pipeline_exec_ooo: 222:666
@!@!@ENDMSG 2775 @!@!@
@!@!@STARTMSG 2221:0 @!@!@
  line 76, col 18 to line 76, col 54 of module pipeline_exec_ooo: 221
@!@!@ENDMSG 2221 @!@!@
@!@!@STARTMSG 2775:0 @!@!@
  |line 76, col 25 to line 76, col 54 of module pipeline_exec_ooo: 222:666
@!@!@ENDMSG 2775 @!@!@
@!@!@STARTMSG 2221:0 @!@!@
  line 105, col 16 to line 105, col 69 of module pipeline_exec_ooo: 221
@!@!@ENDMSG 2221 @!@!@
@!@!@STARTMSG 2775:0 @!@!@
  |line 105, col 24 to line 105, col 69 of module pipeline_exec_ooo: 222:444
@!@!@ENDMSG 2775 @!@!@
@!@!@STARTMSG 2221:0 @!@!@
  line 133, col 20 to line 133, col 61 of module pipeline_exec_ooo: 221
@!@!@ENDMSG 2221 @!@!@
@!@!@STARTMSG 2221:0 @!@!@
  |line 133, col 28 to line 133, col 61 of module pipeline_exec_ooo: 222
@!@!@ENDMSG 2221 @!@!@
@!@!@STARTMSG 2221:0 @!@!@
  ||line 133, col 39 to line 133, col 43 of module pipeline_exec_ooo: 222
@!@!@ENDMSG 2221 @!@!@
@!@!@STARTMSG 2221:0 @!@!@
  |||line 117, col 30 to line 117, col 95 of module pipeline_exec_ooo: 222
@!@!@ENDMSG 2221 @!@!@
@!@!@STARTMSG 2221:0 @!@!@
  ||||line 117, col 33 to line 117, col 42 of module pipeline_exec_ooo: 222
@!@!@ENDMSG 2221 @!@!@
@!@!@STARTMSG 2221:0 @!@!@
  |||||line 117, col 34 to line 117, col 42 of module pipeline_exec_ooo: 222
@!@!@ENDMSG 2221 @!@!@
@!@!@STARTMSG 2221:0 @!@!@
  ||||||line 19, col 14 to line 19, col 67 of module pipeline_exec_ooo: 222
@!@!@ENDMSG 2221 @!@!@
@!@!@STARTMSG 2221:0 @!@!@
  |||||||line 19, col 37 to line 19, col 67 of module pipeline_exec_ooo: 444
@!@!@ENDMSG 2221 @!@!@
@!@!@STARTMSG 2221:0 @!@!@
  |||||||line 19, col 23 to line 19, col 34 of module pipeline_exec_ooo: 222
@!@!@ENDMSG 2221 @!@!@
@!@!@STARTMSG 2221:0 @!@!@
  ||||line 117, col 49 to line 117, col 80 of module pipeline_exec_ooo: 222
@!@!@ENDMSG 2221 @!@!@
@!@!@STARTMSG 2221:0 @!@!@
  |||||line 11, col 21 to line 13, col 49 of module instructions_ooo: 444
@!@!@ENDMSG 2221 @!@!@
@!@!@STARTMSG 2221:0 @!@!@
  ||||||line 11, col 24 to line 11, col 28 of module instructions_ooo: 444
@!@!@ENDMSG 2221 @!@!@
@!@!@STARTMSG 2221:0 @!@!@
  ||||||line 12, col 26 to line 12, col 32 of module instructions_ooo: 222
@!@!@ENDMSG 2221 @!@!@
@!@!@STARTMSG 2221:0 @!@!@
  |||||||line 10, col 36 to line 10, col 72 of module instructions_ooo: 222
@!@!@ENDMSG 2221 @!@!@
@!@!@STARTMSG 2221:0 @!@!@
  ||||||||line 10, col 39 to line 10, col 48 of module instructions_ooo: 222
@!@!@ENDMSG 2221 @!@!@
@!@!@STARTMSG 2221:0 @!@!@
  ||||||||line 10, col 55 to line 10, col 61 of module instructions_ooo: 34
@!@!@ENDMSG 2221 @!@!@
@!@!@STARTMSG 2221:0 @!@!@
  ||||||||line 10, col 68 to line 10, col 72 of module instructions_ooo: 188
@!@!@ENDMSG 2221 @!@!@
@!@!@STARTMSG 2221:0 @!@!@
  |||||||line 12, col 31 to line 12, col 31 of module instructions_ooo: 222
@!@!@ENDMSG 2221 @!@!@
@!@!@STARTMSG 2221:0 @!@!@
  ||||||line 13, col 26 to line 13, col 49 of module instructions_ooo: 222
@!@!@ENDMSG 2221 @!@!@
@!@!@STARTMSG 2221:0 @!@!@
  |||||||line 13, col 37 to line 13, col 43 of module instructions_ooo: 222
@!@!@ENDMSG 2221 @!@!@
@!@!@STARTMSG 2221:0 @!@!@
  ||||||||line 10, col 36 to line 10, col 72 of module instructions_ooo: 222
@!@!@ENDMSG 2221 @!@!@
@!@!@STARTMSG 2221:0 @!@!@
  |||||||||line 10, col 39 to line 10, col 48 of module instructions_ooo: 222
@!@!@ENDMSG 2221 @!@!@
@!@!@STARTMSG 2221:0 @!@!@
  |||||||||line 10, col 55 to line 10, col 61 of module instructions_ooo: 51
@!@!@ENDMSG 2221 @!@!@
@!@!@STARTMSG 2221:0 @!@!@
  |||||||||line 10, col 68 to line 10, col 72 of module instructions_ooo: 171
@!@!@ENDMSG 2221 @!@!@
@!@!@STARTMSG 2221:0 @!@!@
  ||||||||line 13, col 42 to line 13, col 42 of module instructions_ooo: 222
@!@!@ENDMSG 2221 @!@!@
@!@!@STARTMSG 2221:0 @!@!@
  |||||||line 13, col 46 to line 13, col 48 of module instructions_ooo: 222
@!@!@ENDMSG 2221 @!@!@
@!@!@STARTMSG 2221:0 @!@!@
  |||||line 117, col 60 to line 117, col 68 of module pipeline_exec_ooo: 222
@!@!@ENDMSG 2221 @!@!@
@!@!@STARTMSG 2221:0 @!@!@
  |||||line 117, col 71 to line 117, col 79 of module pipeline_exec_ooo: 222
@!@!@ENDMSG 2221 @!@!@
@!@!@STARTMSG 2221:0 @!@!@
  ||line 133, col 55 to line 133, col 59 of module pipeline_exec_ooo: 222
@!@!@ENDMSG 2221 @!@!@
@!@!@STARTMSG 2775:0 @!@!@
  |||line 120, col 30 to line 132, col 30 of module pipeline_exec_ooo: 222:24650
@!@!@ENDMSG 2775 @!@!@
@!@!@STARTMSG 2221:0 @!@!@
  ||||line 120, col 38 to line 120, col 51 of module pipeline_exec_ooo: 222
@!@!@ENDMSG 2221 @!@!@
@!@!@STARTMSG 2221:0 @!@!@
  |||||line 120, col 41 to line 120, col 51 of module pipeline_exec_ooo: 222
@!@!@ENDMSG 2221 @!@!@
@!@!@STARTMSG 2221:0 @!@!@
  ||||||line 120, col 45 to line 120, col 50 of module pipeline_exec_ooo: 222
@!@!@ENDMSG 2221 @!@!@
@!@!@STARTMSG 2221:0 @!@!@
  |||||||line 119, col 31 to line 119, col 83 of module pipeline_exec_ooo: 222
@!@!@ENDMSG 2221 @!@!@
@!@!@STARTMSG 2221:0 @!@!@
  ||||||||line 119, col 34 to line 119, col 43 of module pipeline_exec_ooo: 222
@!@!@ENDMSG 2221 @!@!@
@!@!@STARTMSG 2221:0 @!@!@
  |||||||||line 119, col 35 to line 119, col 43 of module pipeline_exec_ooo: 222
@!@!@ENDMSG 2221 @!@!@
@!@!@STARTMSG 2221:0 @!@!@
  ||||||||||line 19, col 14 to line 19, col 67 of module pipeline_exec_ooo: 222
@!@!@ENDMSG 2221 @!@!@
@!@!@STARTMSG 2221:0 @!@!@
  |||||||||||line 19, col 37 to line 19, col 67 of module pipeline_exec_ooo: 444
@!@!@ENDMSG 2221 @!@!@
@!@!@STARTMSG 2221:0 @!@!@
  |||||||||||line 19, col 23 to line 19, col 34 of module pipeline_exec_ooo: 222
@!@!@ENDMSG 2221 @!@!@
@!@!@STARTMSG 2221:0 @!@!@
  ||||||||line 119, col 50 to line 119, col 68 of module pipeline_exec_ooo: 222
@!@!@ENDMSG 2221 @!@!@
@!@!@STARTMSG 2221:0 @!@!@
  |||||||||line 108, col 16 to line 110, col 152 of module pipeline_exec_ooo: 666
@!@!@ENDMSG 2221 @!@!@
@!@!@STARTMSG 2221:0 @!@!@
  ||||||||||line 108, col 19 to line 108, col 23 of module pipeline_exec_ooo: 666
@!@!@ENDMSG 2221 @!@!@
@!@!@STARTMSG 2221:0 @!@!@
  ||||||||||line 109, col 21 to line 109, col 29 of module pipeline_exec_ooo: 222
@!@!@ENDMSG 2221 @!@!@
@!@!@STARTMSG 2221:0 @!@!@
  ||||||||||line 110, col 21 to line 110, col 152 of module pipeline_exec_ooo: 444
@!@!@ENDMSG 2221 @!@!@
@!@!@STARTMSG 2221:0 @!@!@
  |||||||||||line 15, col 22 to line 15, col 64 of module instructions_ooo: 444
@!@!@ENDMSG 2221 @!@!@
@!@!@STARTMSG 2221:0 @!@!@
  ||||||||||||line 15, col 25 to line 15, col 38 of module instructions_ooo: 444
@!@!@ENDMSG 2221 @!@!@
@!@!@STARTMSG 2221:0 @!@!@
  ||||||||||||line 15, col 45 to line 15, col 57 of module instructions_ooo: 85
@!@!@ENDMSG 2221 @!@!@
@!@!@STARTMSG 2221:0 @!@!@
  ||||||||||||line 15, col 64 to line 15, col 64 of module instructions_ooo: 359
@!@!@ENDMSG 2221 @!@!@
@!@!@STARTMSG 2221:0 @!@!@
  |||||||||||line 110, col 32 to line 110, col 44 of module pipeline_exec_ooo: 444
@!@!@ENDMSG 2221 @!@!@
@!@!@STARTMSG 2221:0 @!@!@
  |||||||||||line 110, col 47 to line 110, col 151 of module pipeline_exec_ooo: 444
@!@!@ENDMSG 2221 @!@!@
@!@!@STARTMSG 2221:0 @!@!@
  ||||||||||||line 110, col 56 to line 110, col 79 of module pipeline_exec_ooo: 444
@!@!@ENDMSG 2221 @!@!@
@!@!@STARTMSG 2221:0 @!@!@
  |||||||||||||line 7, col 21 to line 7, col 56 of module instructions_ooo: 444
@!@!@ENDMSG 2221 @!@!@
@!@!@STARTMSG 2221:0 @!@!@
  ||||||||||||||line 7, col 24 to line 7, col 35 of module instructions_ooo: 444
@!@!@ENDMSG 2221 @!@!@
@!@!@STARTMSG 2221:0 @!@!@
  ||||||||||||||line 7, col 42 to line 7, col 45 of module instructions_ooo: 85
@!@!@ENDMSG 2221 @!@!@
@!@!@STARTMSG 2221:0 @!@!@
  ||||||||||||||line 7, col 52 to line 7, col 56 of module instructions_ooo: 359
@!@!@ENDMSG 2221 @!@!@
@!@!@STARTMSG 2221:0 @!@!@
  |||||||||||||line 110, col 67 to line 110, col 75 of module pipeline_exec_ooo: 444
@!@!@ENDMSG 2221 @!@!@
@!@!@STARTMSG 2221:0 @!@!@
  |||||||||||||line 110, col 78 to line 110, col 78 of module pipeline_exec_ooo: 444
@!@!@ENDMSG 2221 @!@!@
@!@!@STARTMSG 2221:0 @!@!@
  ||||||||||||line 110, col 82 to line 110, col 99 of module pipeline_exec_ooo: 444
@!@!@ENDMSG 2221 @!@!@
@!@!@STARTMSG 2221:0 @!@!@
  ||||||||||||line 110, col 102 to line 110, col 115 of module pipeline_exec_ooo: 444
@!@!@ENDMSG 2221 @!@!@
@!@!@STARTMSG 2221:0 @!@!@
  |||||||||line 119, col 59 to line 119, col 67 of module pipeline_exec_ooo: 222
@!@!@ENDMSG 2221 @!@!@
@!@!@STARTMSG 2221:0 @!@!@
  line 137, col 20 to line 138, col 50 of module pipeline_exec_ooo: 222
@!@!@ENDMSG 2221 @!@!@
@!@!@STARTMSG 2221:0 @!@!@
  |line 138, col 26 to line 138, col 39 of module pipeline_exec_ooo: 1348
@!@!@ENDMSG 2221 @!@!@
@!@!@STARTMSG 2221:0 @!@!@
  |line 138, col 44 to line 138, col 50 of module pipeline_exec_ooo: 674
@!@!@ENDMSG 2221 @!@!@
@!@!@STARTMSG 2221:0 @!@!@
  |line 137, col 29 to line 137, col 49 of module pipeline_exec_ooo: 222
@!@!@ENDMSG 2221 @!@!@
@!@!@STARTMSG 2221:0 @!@!@
  line 139, col 22 to line 139, col 47 of module pipeline_exec_ooo: 199
@!@!@ENDMSG 2221 @!@!@
@!@!@STARTMSG 2221:0 @!@!@
  line 140, col 22 to line 140, col 46 of module pipeline_exec_ooo: 22
@!@!@ENDMSG 2221 @!@!@
@!@!@STARTMSG 2221:0 @!@!@
  line 142, col 37 to line 142, col 95 of module pipeline_exec_ooo: 221
@!@!@ENDMSG 2221 @!@!@
@!@!@STARTMSG 2221:0 @!@!@
  line 79, col 12 to line 88, col 101 of module pipeline_ooo: 221
@!@!@ENDMSG 2221 @!@!@
@!@!@STARTMSG 2221:0 @!@!@
  |line 79, col 25 to line 88, col 101 of module pipeline_ooo: 222
@!@!@ENDMSG 2221 @!@!@
@!@!@STARTMSG 2221:0 @!@!@
  ||line 79, col 28 to line 79, col 36 of module pipeline_ooo: 222
@!@!@ENDMSG 2221 @!@!@
@!@!@STARTMSG 2221:0 @!@!@
  ||line 81, col 28 to line 84, col 101 of module pipeline_ooo: 122
@!@!@ENDMSG 2221 @!@!@
@!@!@STARTMSG 2221:0 @!@!@
  |||line 81, col 44 to line 84, col 101 of module pipeline_ooo: 244
@!@!@ENDMSG 2221 @!@!@
@!@!@STARTMSG 2221:0 @!@!@
  ||||line 81, col 67 to line 84, col 101 of module pipeline_ooo: 488
@!@!@ENDMSG 2221 @!@!@
@!@!@STARTMSG 2221:0 @!@!@
  |||||line 82, col 29 to line 84, col 101 of module pipeline_ooo: 590
@!@!@ENDMSG 2221 @!@!@
@!@!@STARTMSG 2221:0 @!@!@
  ||||||line 82, col 32 to line 82, col 63 of module pipeline_ooo: 590
@!@!@ENDMSG 2221 @!@!@
@!@!@STARTMSG 2221:0 @!@!@
  ||||||line 84, col 32 to line 84, col 101 of module pipeline_ooo: 488
@!@!@ENDMSG 2221 @!@!@
@!@!@STARTMSG 2221:0 @!@!@
  |||||||line 84, col 32 to line 84, col 61 of module pipeline_ooo: 488
@!@!@ENDMSG 2221 @!@!@
@!@!@STARTMSG 2221:0 @!@!@
  |||||||line 84, col 66 to line 84, col 101 of module pipeline_ooo: 250
@!@!@ENDMSG 2221 @!@!@
@!@!@STARTMSG 2221:0 @!@!@
  |||||line 81, col 77 to line 81, col 88 of module pipeline_ooo: 488
@!@!@ENDMSG 2221 @!@!@
@!@!@STARTMSG 2221:0 @!@!@
  ||||line 81, col 53 to line 81, col 64 of module pipeline_ooo: 244
@!@!@ENDMSG 2221 @!@!@
@!@!@STARTMSG 2221:0 @!@!@
  |||line 81, col 38 to line 81, col 41 of module pipeline_ooo: 122
@!@!@ENDMSG 2221 @!@!@
@!@!@STARTMSG 2221:0 @!@!@
  ||line 86, col 28 to line 88, col 101 of module pipeline_ooo: 122
@!@!@ENDMSG 2221 @!@!@
@!@!@STARTMSG 2221:0 @!@!@
  |||line 86, col 44 to line 88, col 101 of module pipeline_ooo: 236
@!@!@ENDMSG 2221 @!@!@
@!@!@STARTMSG 2221:0 @!@!@
  ||||line 86, col 62 to line 88, col 101 of module pipeline_ooo: 694
@!@!@ENDMSG 2221 @!@!@
@!@!@STARTMSG 2221:0 @!@!@
  |||||line 87, col 29 to line 88, col 101 of module pipeline_ooo: 1072
@!@!@ENDMSG 2221 @!@!@
@!@!@STARTMSG 2221:0 @!@!@
  ||||||line 87, col 32 to line 87, col 63 of module pipeline_ooo: 1072
@!@!@ENDMSG 2221 @!@!@
@!@!@STARTMSG 2221:0 @!@!@
  ||||||line 88, col 32 to line 88, col 101 of module pipeline_ooo: 758
@!@!@ENDMSG 2221 @!@!@
@!@!@STARTMSG 2221:0 @!@!@
  |||||||line 88, col 32 to line 88, col 61 of module pipeline_ooo: 758
@!@!@ENDMSG 2221 @!@!@
@!@!@STARTMSG 2221:0 @!@!@
  |||||||line 88, col 66 to line 88, col 101 of module pipeline_ooo: 619
@!@!@ENDMSG 2221 @!@!@
@!@!@STARTMSG 2221:0 @!@!@
  |||||line 86, col 72 to line 86, col 78 of module pipeline_ooo: 694
@!@!@ENDMSG 2221 @!@!@
@!@!@STARTMSG 2221:0 @!@!@
  ||||line 86, col 53 to line 86, col 59 of module pipeline_ooo: 236
@!@!@ENDMSG 2221 @!@!@
@!@!@STARTMSG 2221:0 @!@!@
  |||line 86, col 38 to line 86, col 41 of module pipeline_ooo: 122
@!@!@ENDMSG 2221 @!@!@
@!@!@STARTMSG 2221:0 @!@!@
  line 89, col 12 to line 102, col 22 of module pipeline_ooo: 221
@!@!@ENDMSG 2221 @!@!@
@!@!@STARTMSG 2775:0 @!@!@
  |line 89, col 22 to line 102, col 22 of module pipeline_ooo: 222:444
@!@!@ENDMSG 2775 @!@!@
@!@!@STARTMSG 2221:0 @!@!@
  line 103, col 12 to line 107, col 20 of module pipeline_ooo: 221
@!@!@ENDMSG 2221 @!@!@
@!@!@STARTMSG 2775:0 @!@!@
  |line 103, col 20 to line 107, col 20 of module pipeline_ooo: 222:444
@!@!@ENDMSG 2775 @!@!@
@!@!@STARTMSG 2774:0 @!@!@
<NoTARei line 164, col 1 to line 164, col 7 of module pipeline_ooo>
@!@!@ENDMSG 2774 @!@!@
@!@!@STARTMSG 2221:0 @!@!@
  line 165, col 21 to line 165, col 32 of module pipeline_ooo: 195
@!@!@ENDMSG 2221 @!@!@
@!@!@STARTMSG 2221:0 @!@!@
  line 166, col 12 to line 168, col 55 of module pipeline_ooo: 211
@!@!@ENDMSG 2221 @!@!@
@!@!@STARTMSG 2221:0 @!@!@
  |line 166, col 12 to line 167, col 24 of module pipeline_ooo: 211
@!@!@ENDMSG 2221 @!@!@
@!@!@STARTMSG 2221:0 @!@!@
  ||line 166, col 15 to line 166, col 124 of module pipeline_ooo: 211
@!@!@ENDMSG 2221 @!@!@
@!@!@STARTMSG 2221:0 @!@!@
  |||line 166, col 30 to line 166, col 124 of module pipeline_ooo: 234
@!@!@ENDMSG 2221 @!@!@
@!@!@STARTMSG 2221:0 @!@!@
  ||||line 166, col 62 to line 166, col 124 of module pipeline_ooo: 1026
@!@!@ENDMSG 2221 @!@!@
@!@!@STARTMSG 2221:0 @!@!@
  |||||line 166, col 62 to line 166, col 99 of module pipeline_ooo: 1026
@!@!@ENDMSG 2221 @!@!@
@!@!@STARTMSG 2221:0 @!@!@
  |||||line 166, col 104 to line 166, col 124 of module pipeline_ooo: 186
@!@!@ENDMSG 2221 @!@!@
@!@!@STARTMSG 2221:0 @!@!@
  ||||line 166, col 39 to line 166, col 59 of module pipeline_ooo: 234
@!@!@ENDMSG 2221 @!@!@
@!@!@STARTMSG 2221:0 @!@!@
  |||line 166, col 24 to line 166, col 27 of module pipeline_ooo: 211
@!@!@ENDMSG 2221 @!@!@
@!@!@STARTMSG 2221:0 @!@!@
  ||line 167, col 15 to line 167, col 24 of module pipeline_ooo: 16
@!@!@ENDMSG 2221 @!@!@
@!@!@STARTMSG 2221:0 @!@!@
  |line 168, col 15 to line 168, col 55 of module pipeline_ooo: 4
@!@!@ENDMSG 2221 @!@!@
@!@!@STARTMSG 2202:0 @!@!@
End of statistics.
@!@!@ENDMSG 2202 @!@!@
@!@!@STARTMSG 2200:0 @!@!@
Progress(14) at 2020-12-03 16:19:14: 226 states generated (3 980 s/min), 211 distinct states found (3 715 ds/min), 0 states left on queue.
@!@!@ENDMSG 2200 @!@!@
@!@!@STARTMSG 2199:0 @!@!@
226 states generated, 211 distinct states found, 0 states left on queue.
@!@!@ENDMSG 2199 @!@!@
@!@!@STARTMSG 2194:0 @!@!@
The depth of the complete state graph search is 14.
@!@!@ENDMSG 2194 @!@!@
@!@!@STARTMSG 2268:0 @!@!@
The average outdegree of the complete state graph is 1 (minimum is 0, the maximum 1 and the 95th percentile is 1).
@!@!@ENDMSG 2268 @!@!@
@!@!@STARTMSG 2186:0 @!@!@
Finished in 3413ms at (2020-12-03 16:19:14)
@!@!@ENDMSG 2186 @!@!@
