@!@!@STARTMSG 2262:0 @!@!@
TLC2 Version 2.16 of 31 December 2020 (rev: cdddf55)
@!@!@ENDMSG 2262 @!@!@
@!@!@STARTMSG 2187:0 @!@!@
Running breadth-first search Model-Checking with fp 61 and seed 1330819112791279902 with 2 workers on 4 cores with 1161MB heap and 2609MB offheap memory [pid: 6407] (Linux 5.4.0-73-generic amd64, AdoptOpenJDK 14.0.1 x86_64, OffHeapDiskFPSet, DiskStateQueue).
@!@!@ENDMSG 2187 @!@!@
@!@!@STARTMSG 2220:0 @!@!@
Starting SANY...
@!@!@ENDMSG 2220 @!@!@
Parsing file /home/benjaminbinder/Documents/timing-anomalies/tla/OoO/pipeline_ooo.toolbox/intersections/MC.tla
Parsing file /home/benjaminbinder/Documents/timing-anomalies/tla/OoO/pipeline_ooo.toolbox/intersections/pipeline_ooo.tla
Parsing file /usr/tla_toolbox/plugins/org.lamport.tlatools_1.0.0.202012311918/tla2sany/StandardModules/TLC.tla
Parsing file /usr/tla_toolbox/plugins/org.lamport.tlatools_1.0.0.202012311918/tla2sany/StandardModules/Sequences.tla
Parsing file /home/benjaminbinder/Documents/timing-anomalies/tla/OoO/pipeline_ooo.toolbox/intersections/instructions_ooo.tla
Parsing file /usr/tla_toolbox/plugins/org.lamport.tlatools_1.0.0.202012311918/tla2sany/StandardModules/Integers.tla
Parsing file /usr/tla_toolbox/plugins/org.lamport.tlatools_1.0.0.202012311918/tla2sany/StandardModules/FiniteSets.tla
Parsing file /usr/tla_toolbox/plugins/org.lamport.tlatools_1.0.0.202012311918/tla2sany/StandardModules/Naturals.tla
Parsing file /home/benjaminbinder/Documents/timing-anomalies/tla/OoO/pipeline_ooo.toolbox/intersections/pipeline_exec_ooo.tla
Semantic processing of module Naturals
Semantic processing of module Sequences
Semantic processing of module Integers
Semantic processing of module instructions_ooo
Semantic processing of module FiniteSets
Semantic processing of module TLC
Semantic processing of module pipeline_exec_ooo
Semantic processing of module pipeline_ooo
Semantic processing of module MC
@!@!@STARTMSG 2219:0 @!@!@
SANY finished.
@!@!@ENDMSG 2219 @!@!@
@!@!@STARTMSG 2185:0 @!@!@
Starting... (2021-05-31 20:24:53)
@!@!@ENDMSG 2185 @!@!@
@!@!@STARTMSG 2189:0 @!@!@
Computing initial states...
@!@!@ENDMSG 2189 @!@!@
@!@!@STARTMSG 2776:0 @!@!@
CostModel lookup failed for expression <line 31, col 12 to line 31, col 56 of module pipeline_ooo>. Reporting costs into <line 38, col 38 to line 38, col 43 of module pipeline_ooo> instead (Safety and Liveness checking is unaffected. Please report a bug.)
@!@!@ENDMSG 2776 @!@!@
@!@!@STARTMSG 2776:0 @!@!@
CostModel lookup failed for expression <line 31, col 15 to line 31, col 19 of module pipeline_ooo>. Reporting costs into <line 38, col 38 to line 38, col 43 of module pipeline_ooo> instead (Safety and Liveness checking is unaffected. Please report a bug.)
@!@!@ENDMSG 2776 @!@!@
@!@!@STARTMSG 2776:0 @!@!@
CostModel lookup failed for expression <line 6, col 1 to line 6, col 4 of module MC>. Reporting costs into <line 38, col 38 to line 38, col 43 of module pipeline_ooo> instead (Safety and Liveness checking is unaffected. Please report a bug.)
@!@!@ENDMSG 2776 @!@!@
@!@!@STARTMSG 2776:0 @!@!@
CostModel lookup failed for expression <line 31, col 26 to line 31, col 41 of module pipeline_ooo>. Reporting costs into <line 38, col 38 to line 38, col 43 of module pipeline_ooo> instead (Safety and Liveness checking is unaffected. Please report a bug.)
@!@!@ENDMSG 2776 @!@!@
@!@!@STARTMSG 2776:0 @!@!@
CostModel lookup failed for expression <line 31, col 26 to line 31, col 35 of module pipeline_ooo>. Reporting costs into <line 38, col 38 to line 38, col 43 of module pipeline_ooo> instead (Safety and Liveness checking is unaffected. Please report a bug.)
@!@!@ENDMSG 2776 @!@!@
@!@!@STARTMSG 2776:0 @!@!@
CostModel lookup failed for expression <line 31, col 26 to line 31, col 32 of module pipeline_ooo>. Reporting costs into <line 38, col 38 to line 38, col 43 of module pipeline_ooo> instead (Safety and Liveness checking is unaffected. Please report a bug.)
@!@!@ENDMSG 2776 @!@!@
@!@!@STARTMSG 2776:0 @!@!@
CostModel lookup failed for expression <line 11, col 1 to line 14, col 77 of module MC>. Reporting costs into <line 38, col 38 to line 38, col 43 of module pipeline_ooo> instead (Safety and Liveness checking is unaffected. Please report a bug.)
@!@!@ENDMSG 2776 @!@!@
@!@!@STARTMSG 2776:0 @!@!@
CostModel lookup failed for expression <line 11, col 4 to line 11, col 73 of module MC>. Reporting costs into <line 38, col 38 to line 38, col 43 of module pipeline_ooo> instead (Safety and Liveness checking is unaffected. Please report a bug.)
@!@!@ENDMSG 2776 @!@!@
@!@!@STARTMSG 2776:0 @!@!@
CostModel lookup failed for expression <line 11, col 6 to line 11, col 13 of module MC>. Reporting costs into <line 38, col 38 to line 38, col 43 of module pipeline_ooo> instead (Safety and Liveness checking is unaffected. Please report a bug.)
@!@!@ENDMSG 2776 @!@!@
@!@!@STARTMSG 2776:0 @!@!@
CostModel lookup failed for expression <line 11, col 16 to line 11, col 27 of module MC>. Reporting costs into <line 38, col 38 to line 38, col 43 of module pipeline_ooo> instead (Safety and Liveness checking is unaffected. Please report a bug.)
@!@!@ENDMSG 2776 @!@!@
@!@!@STARTMSG 2776:0 @!@!@
CostModel lookup failed for expression <line 11, col 25 to line 11, col 27 of module MC>. Reporting costs into <line 38, col 38 to line 38, col 43 of module pipeline_ooo> instead (Safety and Liveness checking is unaffected. Please report a bug.)
@!@!@ENDMSG 2776 @!@!@
@!@!@STARTMSG 2776:0 @!@!@
CostModel lookup failed for expression <line 11, col 30 to line 11, col 40 of module MC>. Reporting costs into <line 38, col 38 to line 38, col 43 of module pipeline_ooo> instead (Safety and Liveness checking is unaffected. Please report a bug.)
@!@!@ENDMSG 2776 @!@!@
@!@!@STARTMSG 2776:0 @!@!@
CostModel lookup failed for expression <line 11, col 38 to line 11, col 40 of module MC>. Reporting costs into <line 38, col 38 to line 38, col 43 of module pipeline_ooo> instead (Safety and Liveness checking is unaffected. Please report a bug.)
@!@!@ENDMSG 2776 @!@!@
@!@!@STARTMSG 2776:0 @!@!@
CostModel lookup failed for expression <line 11, col 43 to line 11, col 52 of module MC>. Reporting costs into <line 38, col 38 to line 38, col 43 of module pipeline_ooo> instead (Safety and Liveness checking is unaffected. Please report a bug.)
@!@!@ENDMSG 2776 @!@!@
@!@!@STARTMSG 2776:0 @!@!@
CostModel lookup failed for expression <line 11, col 51 to line 11, col 52 of module MC>. Reporting costs into <line 38, col 38 to line 38, col 43 of module pipeline_ooo> instead (Safety and Liveness checking is unaffected. Please report a bug.)
@!@!@ENDMSG 2776 @!@!@
@!@!@STARTMSG 2776:0 @!@!@
CostModel lookup failed for expression <line 11, col 55 to line 11, col 71 of module MC>. Reporting costs into <line 38, col 38 to line 38, col 43 of module pipeline_ooo> instead (Safety and Liveness checking is unaffected. Please report a bug.)
@!@!@ENDMSG 2776 @!@!@
@!@!@STARTMSG 2776:0 @!@!@
CostModel lookup failed for expression <line 11, col 65 to line 11, col 71 of module MC>. Reporting costs into <line 38, col 38 to line 38, col 43 of module pipeline_ooo> instead (Safety and Liveness checking is unaffected. Please report a bug.)
@!@!@ENDMSG 2776 @!@!@
@!@!@STARTMSG 2776:0 @!@!@
CostModel lookup failed for expression <line 11, col 66 to line 11, col 70 of module MC>. Reporting costs into <line 38, col 38 to line 38, col 43 of module pipeline_ooo> instead (Safety and Liveness checking is unaffected. Please report a bug.)
@!@!@ENDMSG 2776 @!@!@
@!@!@STARTMSG 2776:0 @!@!@
CostModel lookup failed for expression <line 12, col 4 to line 12, col 74 of module MC>. Reporting costs into <line 38, col 38 to line 38, col 43 of module pipeline_ooo> instead (Safety and Liveness checking is unaffected. Please report a bug.)
@!@!@ENDMSG 2776 @!@!@
@!@!@STARTMSG 2776:0 @!@!@
CostModel lookup failed for expression <line 12, col 6 to line 12, col 13 of module MC>. Reporting costs into <line 38, col 38 to line 38, col 43 of module pipeline_ooo> instead (Safety and Liveness checking is unaffected. Please report a bug.)
@!@!@ENDMSG 2776 @!@!@
@!@!@STARTMSG 2776:0 @!@!@
CostModel lookup failed for expression <line 12, col 16 to line 12, col 27 of module MC>. Reporting costs into <line 38, col 38 to line 38, col 43 of module pipeline_ooo> instead (Safety and Liveness checking is unaffected. Please report a bug.)
@!@!@ENDMSG 2776 @!@!@
@!@!@STARTMSG 2776:0 @!@!@
CostModel lookup failed for expression <line 12, col 25 to line 12, col 27 of module MC>. Reporting costs into <line 38, col 38 to line 38, col 43 of module pipeline_ooo> instead (Safety and Liveness checking is unaffected. Please report a bug.)
@!@!@ENDMSG 2776 @!@!@
@!@!@STARTMSG 2776:0 @!@!@
CostModel lookup failed for expression <line 12, col 30 to line 12, col 40 of module MC>. Reporting costs into <line 38, col 38 to line 38, col 43 of module pipeline_ooo> instead (Safety and Liveness checking is unaffected. Please report a bug.)
@!@!@ENDMSG 2776 @!@!@
@!@!@STARTMSG 2776:0 @!@!@
CostModel lookup failed for expression <line 12, col 38 to line 12, col 40 of module MC>. Reporting costs into <line 38, col 38 to line 38, col 43 of module pipeline_ooo> instead (Safety and Liveness checking is unaffected. Please report a bug.)
@!@!@ENDMSG 2776 @!@!@
@!@!@STARTMSG 2776:0 @!@!@
CostModel lookup failed for expression <line 12, col 43 to line 12, col 53 of module MC>. Reporting costs into <line 38, col 38 to line 38, col 43 of module pipeline_ooo> instead (Safety and Liveness checking is unaffected. Please report a bug.)
@!@!@ENDMSG 2776 @!@!@
@!@!@STARTMSG 2776:0 @!@!@
CostModel lookup failed for expression <line 12, col 51 to line 12, col 53 of module MC>. Reporting costs into <line 38, col 38 to line 38, col 43 of module pipeline_ooo> instead (Safety and Liveness checking is unaffected. Please report a bug.)
@!@!@ENDMSG 2776 @!@!@
@!@!@STARTMSG 2776:0 @!@!@
CostModel lookup failed for expression <line 12, col 56 to line 12, col 72 of module MC>. Reporting costs into <line 38, col 38 to line 38, col 43 of module pipeline_ooo> instead (Safety and Liveness checking is unaffected. Please report a bug.)
@!@!@ENDMSG 2776 @!@!@
@!@!@STARTMSG 2776:0 @!@!@
CostModel lookup failed for expression <line 12, col 66 to line 12, col 72 of module MC>. Reporting costs into <line 38, col 38 to line 38, col 43 of module pipeline_ooo> instead (Safety and Liveness checking is unaffected. Please report a bug.)
@!@!@ENDMSG 2776 @!@!@
@!@!@STARTMSG 2776:0 @!@!@
CostModel lookup failed for expression <line 12, col 67 to line 12, col 71 of module MC>. Reporting costs into <line 38, col 38 to line 38, col 43 of module pipeline_ooo> instead (Safety and Liveness checking is unaffected. Please report a bug.)
@!@!@ENDMSG 2776 @!@!@
@!@!@STARTMSG 2776:0 @!@!@
CostModel lookup failed for expression <line 13, col 4 to line 13, col 73 of module MC>. Reporting costs into <line 38, col 38 to line 38, col 43 of module pipeline_ooo> instead (Safety and Liveness checking is unaffected. Please report a bug.)
@!@!@ENDMSG 2776 @!@!@
@!@!@STARTMSG 2776:0 @!@!@
CostModel lookup failed for expression <line 13, col 6 to line 13, col 13 of module MC>. Reporting costs into <line 38, col 38 to line 38, col 43 of module pipeline_ooo> instead (Safety and Liveness checking is unaffected. Please report a bug.)
@!@!@ENDMSG 2776 @!@!@
@!@!@STARTMSG 2776:0 @!@!@
CostModel lookup failed for expression <line 13, col 16 to line 13, col 27 of module MC>. Reporting costs into <line 38, col 38 to line 38, col 43 of module pipeline_ooo> instead (Safety and Liveness checking is unaffected. Please report a bug.)
@!@!@ENDMSG 2776 @!@!@
@!@!@STARTMSG 2776:0 @!@!@
CostModel lookup failed for expression <line 13, col 25 to line 13, col 27 of module MC>. Reporting costs into <line 38, col 38 to line 38, col 43 of module pipeline_ooo> instead (Safety and Liveness checking is unaffected. Please report a bug.)
@!@!@ENDMSG 2776 @!@!@
@!@!@STARTMSG 2776:0 @!@!@
CostModel lookup failed for expression <line 13, col 30 to line 13, col 40 of module MC>. Reporting costs into <line 38, col 38 to line 38, col 43 of module pipeline_ooo> instead (Safety and Liveness checking is unaffected. Please report a bug.)
@!@!@ENDMSG 2776 @!@!@
@!@!@STARTMSG 2776:0 @!@!@
CostModel lookup failed for expression <line 13, col 38 to line 13, col 40 of module MC>. Reporting costs into <line 38, col 38 to line 38, col 43 of module pipeline_ooo> instead (Safety and Liveness checking is unaffected. Please report a bug.)
@!@!@ENDMSG 2776 @!@!@
@!@!@STARTMSG 2776:0 @!@!@
CostModel lookup failed for expression <line 13, col 43 to line 13, col 52 of module MC>. Reporting costs into <line 38, col 38 to line 38, col 43 of module pipeline_ooo> instead (Safety and Liveness checking is unaffected. Please report a bug.)
@!@!@ENDMSG 2776 @!@!@
@!@!@STARTMSG 2776:0 @!@!@
CostModel lookup failed for expression <line 13, col 51 to line 13, col 52 of module MC>. Reporting costs into <line 38, col 38 to line 38, col 43 of module pipeline_ooo> instead (Safety and Liveness checking is unaffected. Please report a bug.)
@!@!@ENDMSG 2776 @!@!@
@!@!@STARTMSG 2776:0 @!@!@
CostModel lookup failed for expression <line 13, col 55 to line 13, col 71 of module MC>. Reporting costs into <line 38, col 38 to line 38, col 43 of module pipeline_ooo> instead (Safety and Liveness checking is unaffected. Please report a bug.)
@!@!@ENDMSG 2776 @!@!@
@!@!@STARTMSG 2776:0 @!@!@
CostModel lookup failed for expression <line 13, col 65 to line 13, col 71 of module MC>. Reporting costs into <line 38, col 38 to line 38, col 43 of module pipeline_ooo> instead (Safety and Liveness checking is unaffected. Please report a bug.)
@!@!@ENDMSG 2776 @!@!@
@!@!@STARTMSG 2776:0 @!@!@
CostModel lookup failed for expression <line 14, col 4 to line 14, col 74 of module MC>. Reporting costs into <line 38, col 38 to line 38, col 43 of module pipeline_ooo> instead (Safety and Liveness checking is unaffected. Please report a bug.)
@!@!@ENDMSG 2776 @!@!@
@!@!@STARTMSG 2776:0 @!@!@
CostModel lookup failed for expression <line 14, col 6 to line 14, col 13 of module MC>. Reporting costs into <line 38, col 38 to line 38, col 43 of module pipeline_ooo> instead (Safety and Liveness checking is unaffected. Please report a bug.)
@!@!@ENDMSG 2776 @!@!@
@!@!@STARTMSG 2776:0 @!@!@
CostModel lookup failed for expression <line 14, col 16 to line 14, col 27 of module MC>. Reporting costs into <line 38, col 38 to line 38, col 43 of module pipeline_ooo> instead (Safety and Liveness checking is unaffected. Please report a bug.)
@!@!@ENDMSG 2776 @!@!@
@!@!@STARTMSG 2776:0 @!@!@
CostModel lookup failed for expression <line 14, col 25 to line 14, col 27 of module MC>. Reporting costs into <line 38, col 38 to line 38, col 43 of module pipeline_ooo> instead (Safety and Liveness checking is unaffected. Please report a bug.)
@!@!@ENDMSG 2776 @!@!@
@!@!@STARTMSG 2776:0 @!@!@
CostModel lookup failed for expression <line 14, col 30 to line 14, col 40 of module MC>. Reporting costs into <line 38, col 38 to line 38, col 43 of module pipeline_ooo> instead (Safety and Liveness checking is unaffected. Please report a bug.)
@!@!@ENDMSG 2776 @!@!@
@!@!@STARTMSG 2776:0 @!@!@
CostModel lookup failed for expression <line 14, col 38 to line 14, col 40 of module MC>. Reporting costs into <line 38, col 38 to line 38, col 43 of module pipeline_ooo> instead (Safety and Liveness checking is unaffected. Please report a bug.)
@!@!@ENDMSG 2776 @!@!@
@!@!@STARTMSG 2776:0 @!@!@
CostModel lookup failed for expression <line 14, col 43 to line 14, col 53 of module MC>. Reporting costs into <line 38, col 38 to line 38, col 43 of module pipeline_ooo> instead (Safety and Liveness checking is unaffected. Please report a bug.)
@!@!@ENDMSG 2776 @!@!@
@!@!@STARTMSG 2776:0 @!@!@
CostModel lookup failed for expression <line 14, col 51 to line 14, col 53 of module MC>. Reporting costs into <line 38, col 38 to line 38, col 43 of module pipeline_ooo> instead (Safety and Liveness checking is unaffected. Please report a bug.)
@!@!@ENDMSG 2776 @!@!@
@!@!@STARTMSG 2776:0 @!@!@
CostModel lookup failed for expression <line 14, col 56 to line 14, col 72 of module MC>. Reporting costs into <line 38, col 38 to line 38, col 43 of module pipeline_ooo> instead (Safety and Liveness checking is unaffected. Please report a bug.)
@!@!@ENDMSG 2776 @!@!@
@!@!@STARTMSG 2776:0 @!@!@
CostModel lookup failed for expression <line 14, col 66 to line 14, col 72 of module MC>. Reporting costs into <line 38, col 38 to line 38, col 43 of module pipeline_ooo> instead (Safety and Liveness checking is unaffected. Please report a bug.)
@!@!@ENDMSG 2776 @!@!@
@!@!@STARTMSG 2776:0 @!@!@
CostModel lookup failed for expression <line 31, col 34 to line 31, col 34 of module pipeline_ooo>. Reporting costs into <line 38, col 38 to line 38, col 43 of module pipeline_ooo> instead (Safety and Liveness checking is unaffected. Please report a bug.)
@!@!@ENDMSG 2776 @!@!@
@!@!@STARTMSG 2776:0 @!@!@
CostModel lookup failed for expression <line 31, col 12 to line 31, col 56 of module pipeline_ooo>. Reporting costs into <line 38, col 72 to line 38, col 77 of module pipeline_ooo> instead (Safety and Liveness checking is unaffected. Please report a bug.)
@!@!@ENDMSG 2776 @!@!@
@!@!@STARTMSG 2776:0 @!@!@
CostModel lookup failed for expression <line 31, col 15 to line 31, col 19 of module pipeline_ooo>. Reporting costs into <line 38, col 72 to line 38, col 77 of module pipeline_ooo> instead (Safety and Liveness checking is unaffected. Please report a bug.)
@!@!@ENDMSG 2776 @!@!@
@!@!@STARTMSG 2776:0 @!@!@
CostModel lookup failed for expression <line 6, col 1 to line 6, col 4 of module MC>. Reporting costs into <line 38, col 72 to line 38, col 77 of module pipeline_ooo> instead (Safety and Liveness checking is unaffected. Please report a bug.)
@!@!@ENDMSG 2776 @!@!@
@!@!@STARTMSG 2776:0 @!@!@
CostModel lookup failed for expression <line 31, col 26 to line 31, col 41 of module pipeline_ooo>. Reporting costs into <line 38, col 72 to line 38, col 77 of module pipeline_ooo> instead (Safety and Liveness checking is unaffected. Please report a bug.)
@!@!@ENDMSG 2776 @!@!@
@!@!@STARTMSG 2776:0 @!@!@
CostModel lookup failed for expression <line 31, col 26 to line 31, col 35 of module pipeline_ooo>. Reporting costs into <line 38, col 72 to line 38, col 77 of module pipeline_ooo> instead (Safety and Liveness checking is unaffected. Please report a bug.)
@!@!@ENDMSG 2776 @!@!@
@!@!@STARTMSG 2776:0 @!@!@
CostModel lookup failed for expression <line 31, col 26 to line 31, col 32 of module pipeline_ooo>. Reporting costs into <line 38, col 72 to line 38, col 77 of module pipeline_ooo> instead (Safety and Liveness checking is unaffected. Please report a bug.)
@!@!@ENDMSG 2776 @!@!@
@!@!@STARTMSG 2776:0 @!@!@
CostModel lookup failed for expression <line 11, col 1 to line 14, col 77 of module MC>. Reporting costs into <line 38, col 72 to line 38, col 77 of module pipeline_ooo> instead (Safety and Liveness checking is unaffected. Please report a bug.)
@!@!@ENDMSG 2776 @!@!@
@!@!@STARTMSG 2776:0 @!@!@
CostModel lookup failed for expression <line 11, col 4 to line 11, col 73 of module MC>. Reporting costs into <line 38, col 72 to line 38, col 77 of module pipeline_ooo> instead (Safety and Liveness checking is unaffected. Please report a bug.)
@!@!@ENDMSG 2776 @!@!@
@!@!@STARTMSG 2776:0 @!@!@
CostModel lookup failed for expression <line 11, col 6 to line 11, col 13 of module MC>. Reporting costs into <line 38, col 72 to line 38, col 77 of module pipeline_ooo> instead (Safety and Liveness checking is unaffected. Please report a bug.)
@!@!@ENDMSG 2776 @!@!@
@!@!@STARTMSG 2776:0 @!@!@
CostModel lookup failed for expression <line 11, col 16 to line 11, col 27 of module MC>. Reporting costs into <line 38, col 72 to line 38, col 77 of module pipeline_ooo> instead (Safety and Liveness checking is unaffected. Please report a bug.)
@!@!@ENDMSG 2776 @!@!@
@!@!@STARTMSG 2776:0 @!@!@
CostModel lookup failed for expression <line 11, col 25 to line 11, col 27 of module MC>. Reporting costs into <line 38, col 72 to line 38, col 77 of module pipeline_ooo> instead (Safety and Liveness checking is unaffected. Please report a bug.)
@!@!@ENDMSG 2776 @!@!@
@!@!@STARTMSG 2776:0 @!@!@
CostModel lookup failed for expression <line 11, col 30 to line 11, col 40 of module MC>. Reporting costs into <line 38, col 72 to line 38, col 77 of module pipeline_ooo> instead (Safety and Liveness checking is unaffected. Please report a bug.)
@!@!@ENDMSG 2776 @!@!@
@!@!@STARTMSG 2776:0 @!@!@
CostModel lookup failed for expression <line 11, col 38 to line 11, col 40 of module MC>. Reporting costs into <line 38, col 72 to line 38, col 77 of module pipeline_ooo> instead (Safety and Liveness checking is unaffected. Please report a bug.)
@!@!@ENDMSG 2776 @!@!@
@!@!@STARTMSG 2776:0 @!@!@
CostModel lookup failed for expression <line 11, col 43 to line 11, col 52 of module MC>. Reporting costs into <line 38, col 72 to line 38, col 77 of module pipeline_ooo> instead (Safety and Liveness checking is unaffected. Please report a bug.)
@!@!@ENDMSG 2776 @!@!@
@!@!@STARTMSG 2776:0 @!@!@
CostModel lookup failed for expression <line 11, col 51 to line 11, col 52 of module MC>. Reporting costs into <line 38, col 72 to line 38, col 77 of module pipeline_ooo> instead (Safety and Liveness checking is unaffected. Please report a bug.)
@!@!@ENDMSG 2776 @!@!@
@!@!@STARTMSG 2776:0 @!@!@
CostModel lookup failed for expression <line 11, col 55 to line 11, col 71 of module MC>. Reporting costs into <line 38, col 72 to line 38, col 77 of module pipeline_ooo> instead (Safety and Liveness checking is unaffected. Please report a bug.)
@!@!@ENDMSG 2776 @!@!@
@!@!@STARTMSG 2776:0 @!@!@
CostModel lookup failed for expression <line 11, col 65 to line 11, col 71 of module MC>. Reporting costs into <line 38, col 72 to line 38, col 77 of module pipeline_ooo> instead (Safety and Liveness checking is unaffected. Please report a bug.)
@!@!@ENDMSG 2776 @!@!@
@!@!@STARTMSG 2776:0 @!@!@
CostModel lookup failed for expression <line 11, col 66 to line 11, col 70 of module MC>. Reporting costs into <line 38, col 72 to line 38, col 77 of module pipeline_ooo> instead (Safety and Liveness checking is unaffected. Please report a bug.)
@!@!@ENDMSG 2776 @!@!@
@!@!@STARTMSG 2776:0 @!@!@
CostModel lookup failed for expression <line 12, col 4 to line 12, col 74 of module MC>. Reporting costs into <line 38, col 72 to line 38, col 77 of module pipeline_ooo> instead (Safety and Liveness checking is unaffected. Please report a bug.)
@!@!@ENDMSG 2776 @!@!@
@!@!@STARTMSG 2776:0 @!@!@
CostModel lookup failed for expression <line 12, col 6 to line 12, col 13 of module MC>. Reporting costs into <line 38, col 72 to line 38, col 77 of module pipeline_ooo> instead (Safety and Liveness checking is unaffected. Please report a bug.)
@!@!@ENDMSG 2776 @!@!@
@!@!@STARTMSG 2776:0 @!@!@
CostModel lookup failed for expression <line 12, col 16 to line 12, col 27 of module MC>. Reporting costs into <line 38, col 72 to line 38, col 77 of module pipeline_ooo> instead (Safety and Liveness checking is unaffected. Please report a bug.)
@!@!@ENDMSG 2776 @!@!@
@!@!@STARTMSG 2776:0 @!@!@
CostModel lookup failed for expression <line 12, col 25 to line 12, col 27 of module MC>. Reporting costs into <line 38, col 72 to line 38, col 77 of module pipeline_ooo> instead (Safety and Liveness checking is unaffected. Please report a bug.)
@!@!@ENDMSG 2776 @!@!@
@!@!@STARTMSG 2776:0 @!@!@
CostModel lookup failed for expression <line 12, col 30 to line 12, col 40 of module MC>. Reporting costs into <line 38, col 72 to line 38, col 77 of module pipeline_ooo> instead (Safety and Liveness checking is unaffected. Please report a bug.)
@!@!@ENDMSG 2776 @!@!@
@!@!@STARTMSG 2776:0 @!@!@
CostModel lookup failed for expression <line 12, col 38 to line 12, col 40 of module MC>. Reporting costs into <line 38, col 72 to line 38, col 77 of module pipeline_ooo> instead (Safety and Liveness checking is unaffected. Please report a bug.)
@!@!@ENDMSG 2776 @!@!@
@!@!@STARTMSG 2776:0 @!@!@
CostModel lookup failed for expression <line 12, col 43 to line 12, col 53 of module MC>. Reporting costs into <line 38, col 72 to line 38, col 77 of module pipeline_ooo> instead (Safety and Liveness checking is unaffected. Please report a bug.)
@!@!@ENDMSG 2776 @!@!@
@!@!@STARTMSG 2776:0 @!@!@
CostModel lookup failed for expression <line 12, col 51 to line 12, col 53 of module MC>. Reporting costs into <line 38, col 72 to line 38, col 77 of module pipeline_ooo> instead (Safety and Liveness checking is unaffected. Please report a bug.)
@!@!@ENDMSG 2776 @!@!@
@!@!@STARTMSG 2776:0 @!@!@
CostModel lookup failed for expression <line 12, col 56 to line 12, col 72 of module MC>. Reporting costs into <line 38, col 72 to line 38, col 77 of module pipeline_ooo> instead (Safety and Liveness checking is unaffected. Please report a bug.)
@!@!@ENDMSG 2776 @!@!@
@!@!@STARTMSG 2776:0 @!@!@
CostModel lookup failed for expression <line 12, col 66 to line 12, col 72 of module MC>. Reporting costs into <line 38, col 72 to line 38, col 77 of module pipeline_ooo> instead (Safety and Liveness checking is unaffected. Please report a bug.)
@!@!@ENDMSG 2776 @!@!@
@!@!@STARTMSG 2776:0 @!@!@
CostModel lookup failed for expression <line 12, col 67 to line 12, col 71 of module MC>. Reporting costs into <line 38, col 72 to line 38, col 77 of module pipeline_ooo> instead (Safety and Liveness checking is unaffected. Please report a bug.)
@!@!@ENDMSG 2776 @!@!@
@!@!@STARTMSG 2776:0 @!@!@
CostModel lookup failed for expression <line 13, col 4 to line 13, col 73 of module MC>. Reporting costs into <line 38, col 72 to line 38, col 77 of module pipeline_ooo> instead (Safety and Liveness checking is unaffected. Please report a bug.)
@!@!@ENDMSG 2776 @!@!@
@!@!@STARTMSG 2776:0 @!@!@
CostModel lookup failed for expression <line 13, col 6 to line 13, col 13 of module MC>. Reporting costs into <line 38, col 72 to line 38, col 77 of module pipeline_ooo> instead (Safety and Liveness checking is unaffected. Please report a bug.)
@!@!@ENDMSG 2776 @!@!@
@!@!@STARTMSG 2776:0 @!@!@
CostModel lookup failed for expression <line 13, col 16 to line 13, col 27 of module MC>. Reporting costs into <line 38, col 72 to line 38, col 77 of module pipeline_ooo> instead (Safety and Liveness checking is unaffected. Please report a bug.)
@!@!@ENDMSG 2776 @!@!@
@!@!@STARTMSG 2776:0 @!@!@
CostModel lookup failed for expression <line 13, col 25 to line 13, col 27 of module MC>. Reporting costs into <line 38, col 72 to line 38, col 77 of module pipeline_ooo> instead (Safety and Liveness checking is unaffected. Please report a bug.)
@!@!@ENDMSG 2776 @!@!@
@!@!@STARTMSG 2776:0 @!@!@
CostModel lookup failed for expression <line 13, col 30 to line 13, col 40 of module MC>. Reporting costs into <line 38, col 72 to line 38, col 77 of module pipeline_ooo> instead (Safety and Liveness checking is unaffected. Please report a bug.)
@!@!@ENDMSG 2776 @!@!@
@!@!@STARTMSG 2776:0 @!@!@
CostModel lookup failed for expression <line 13, col 38 to line 13, col 40 of module MC>. Reporting costs into <line 38, col 72 to line 38, col 77 of module pipeline_ooo> instead (Safety and Liveness checking is unaffected. Please report a bug.)
@!@!@ENDMSG 2776 @!@!@
@!@!@STARTMSG 2776:0 @!@!@
CostModel lookup failed for expression <line 13, col 43 to line 13, col 52 of module MC>. Reporting costs into <line 38, col 72 to line 38, col 77 of module pipeline_ooo> instead (Safety and Liveness checking is unaffected. Please report a bug.)
@!@!@ENDMSG 2776 @!@!@
@!@!@STARTMSG 2776:0 @!@!@
CostModel lookup failed for expression <line 13, col 51 to line 13, col 52 of module MC>. Reporting costs into <line 38, col 72 to line 38, col 77 of module pipeline_ooo> instead (Safety and Liveness checking is unaffected. Please report a bug.)
@!@!@ENDMSG 2776 @!@!@
@!@!@STARTMSG 2776:0 @!@!@
CostModel lookup failed for expression <line 13, col 55 to line 13, col 71 of module MC>. Reporting costs into <line 38, col 72 to line 38, col 77 of module pipeline_ooo> instead (Safety and Liveness checking is unaffected. Please report a bug.)
@!@!@ENDMSG 2776 @!@!@
@!@!@STARTMSG 2776:0 @!@!@
CostModel lookup failed for expression <line 13, col 65 to line 13, col 71 of module MC>. Reporting costs into <line 38, col 72 to line 38, col 77 of module pipeline_ooo> instead (Safety and Liveness checking is unaffected. Please report a bug.)
@!@!@ENDMSG 2776 @!@!@
@!@!@STARTMSG 2776:0 @!@!@
CostModel lookup failed for expression <line 14, col 4 to line 14, col 74 of module MC>. Reporting costs into <line 38, col 72 to line 38, col 77 of module pipeline_ooo> instead (Safety and Liveness checking is unaffected. Please report a bug.)
@!@!@ENDMSG 2776 @!@!@
@!@!@STARTMSG 2776:0 @!@!@
CostModel lookup failed for expression <line 14, col 6 to line 14, col 13 of module MC>. Reporting costs into <line 38, col 72 to line 38, col 77 of module pipeline_ooo> instead (Safety and Liveness checking is unaffected. Please report a bug.)
@!@!@ENDMSG 2776 @!@!@
@!@!@STARTMSG 2776:0 @!@!@
CostModel lookup failed for expression <line 14, col 16 to line 14, col 27 of module MC>. Reporting costs into <line 38, col 72 to line 38, col 77 of module pipeline_ooo> instead (Safety and Liveness checking is unaffected. Please report a bug.)
@!@!@ENDMSG 2776 @!@!@
@!@!@STARTMSG 2776:0 @!@!@
CostModel lookup failed for expression <line 14, col 25 to line 14, col 27 of module MC>. Reporting costs into <line 38, col 72 to line 38, col 77 of module pipeline_ooo> instead (Safety and Liveness checking is unaffected. Please report a bug.)
@!@!@ENDMSG 2776 @!@!@
@!@!@STARTMSG 2776:0 @!@!@
CostModel lookup failed for expression <line 14, col 30 to line 14, col 40 of module MC>. Reporting costs into <line 38, col 72 to line 38, col 77 of module pipeline_ooo> instead (Safety and Liveness checking is unaffected. Please report a bug.)
@!@!@ENDMSG 2776 @!@!@
@!@!@STARTMSG 2776:0 @!@!@
CostModel lookup failed for expression <line 14, col 38 to line 14, col 40 of module MC>. Reporting costs into <line 38, col 72 to line 38, col 77 of module pipeline_ooo> instead (Safety and Liveness checking is unaffected. Please report a bug.)
@!@!@ENDMSG 2776 @!@!@
@!@!@STARTMSG 2776:0 @!@!@
CostModel lookup failed for expression <line 14, col 43 to line 14, col 53 of module MC>. Reporting costs into <line 38, col 72 to line 38, col 77 of module pipeline_ooo> instead (Safety and Liveness checking is unaffected. Please report a bug.)
@!@!@ENDMSG 2776 @!@!@
@!@!@STARTMSG 2776:0 @!@!@
CostModel lookup failed for expression <line 14, col 51 to line 14, col 53 of module MC>. Reporting costs into <line 38, col 72 to line 38, col 77 of module pipeline_ooo> instead (Safety and Liveness checking is unaffected. Please report a bug.)
@!@!@ENDMSG 2776 @!@!@
@!@!@STARTMSG 2776:0 @!@!@
CostModel lookup failed for expression <line 14, col 56 to line 14, col 72 of module MC>. Reporting costs into <line 38, col 72 to line 38, col 77 of module pipeline_ooo> instead (Safety and Liveness checking is unaffected. Please report a bug.)
@!@!@ENDMSG 2776 @!@!@
@!@!@STARTMSG 2776:0 @!@!@
CostModel lookup failed for expression <line 14, col 66 to line 14, col 72 of module MC>. Reporting costs into <line 38, col 72 to line 38, col 77 of module pipeline_ooo> instead (Safety and Liveness checking is unaffected. Please report a bug.)
@!@!@ENDMSG 2776 @!@!@
@!@!@STARTMSG 2776:0 @!@!@
CostModel lookup failed for expression <line 31, col 34 to line 31, col 34 of module pipeline_ooo>. Reporting costs into <line 38, col 72 to line 38, col 77 of module pipeline_ooo> instead (Safety and Liveness checking is unaffected. Please report a bug.)
@!@!@ENDMSG 2776 @!@!@
@!@!@STARTMSG 2776:0 @!@!@
CostModel lookup failed for expression <line 32, col 13 to line 32, col 29 of module pipeline_ooo>. Reporting costs into <line 38, col 38 to line 38, col 43 of module pipeline_ooo> instead (Safety and Liveness checking is unaffected. Please report a bug.)
@!@!@ENDMSG 2776 @!@!@
@!@!@STARTMSG 2776:0 @!@!@
CostModel lookup failed for expression <line 32, col 13 to line 32, col 24 of module pipeline_ooo>. Reporting costs into <line 38, col 38 to line 38, col 43 of module pipeline_ooo> instead (Safety and Liveness checking is unaffected. Please report a bug.)
@!@!@ENDMSG 2776 @!@!@
@!@!@STARTMSG 2776:0 @!@!@
CostModel lookup failed for expression <line 32, col 13 to line 32, col 21 of module pipeline_ooo>. Reporting costs into <line 38, col 38 to line 38, col 43 of module pipeline_ooo> instead (Safety and Liveness checking is unaffected. Please report a bug.)
@!@!@ENDMSG 2776 @!@!@
@!@!@STARTMSG 2776:0 @!@!@
CostModel lookup failed for expression <line 32, col 13 to line 32, col 16 of module pipeline_ooo>. Reporting costs into <line 38, col 38 to line 38, col 43 of module pipeline_ooo> instead (Safety and Liveness checking is unaffected. Please report a bug.)
@!@!@ENDMSG 2776 @!@!@
@!@!@STARTMSG 2776:0 @!@!@
CostModel lookup failed for expression <line 32, col 23 to line 32, col 23 of module pipeline_ooo>. Reporting costs into <line 38, col 38 to line 38, col 43 of module pipeline_ooo> instead (Safety and Liveness checking is unaffected. Please report a bug.)
@!@!@ENDMSG 2776 @!@!@
@!@!@STARTMSG 2776:0 @!@!@
CostModel lookup failed for expression <line 32, col 13 to line 32, col 29 of module pipeline_ooo>. Reporting costs into <line 38, col 72 to line 38, col 77 of module pipeline_ooo> instead (Safety and Liveness checking is unaffected. Please report a bug.)
@!@!@ENDMSG 2776 @!@!@
@!@!@STARTMSG 2776:0 @!@!@
CostModel lookup failed for expression <line 32, col 13 to line 32, col 24 of module pipeline_ooo>. Reporting costs into <line 38, col 72 to line 38, col 77 of module pipeline_ooo> instead (Safety and Liveness checking is unaffected. Please report a bug.)
@!@!@ENDMSG 2776 @!@!@
@!@!@STARTMSG 2776:0 @!@!@
CostModel lookup failed for expression <line 32, col 13 to line 32, col 21 of module pipeline_ooo>. Reporting costs into <line 38, col 72 to line 38, col 77 of module pipeline_ooo> instead (Safety and Liveness checking is unaffected. Please report a bug.)
@!@!@ENDMSG 2776 @!@!@
@!@!@STARTMSG 2776:0 @!@!@
CostModel lookup failed for expression <line 32, col 13 to line 32, col 16 of module pipeline_ooo>. Reporting costs into <line 38, col 72 to line 38, col 77 of module pipeline_ooo> instead (Safety and Liveness checking is unaffected. Please report a bug.)
@!@!@ENDMSG 2776 @!@!@
@!@!@STARTMSG 2776:0 @!@!@
CostModel lookup failed for expression <line 32, col 23 to line 32, col 23 of module pipeline_ooo>. Reporting costs into <line 38, col 72 to line 38, col 77 of module pipeline_ooo> instead (Safety and Liveness checking is unaffected. Please report a bug.)
@!@!@ENDMSG 2776 @!@!@
@!@!@STARTMSG 2776:0 @!@!@
CostModel lookup failed for expression <line 33, col 16 to line 33, col 31 of module pipeline_ooo>. Reporting costs into <line 38, col 38 to line 38, col 43 of module pipeline_ooo> instead (Safety and Liveness checking is unaffected. Please report a bug.)
@!@!@ENDMSG 2776 @!@!@
@!@!@STARTMSG 2776:0 @!@!@
CostModel lookup failed for expression <line 33, col 16 to line 33, col 27 of module pipeline_ooo>. Reporting costs into <line 38, col 38 to line 38, col 43 of module pipeline_ooo> instead (Safety and Liveness checking is unaffected. Please report a bug.)
@!@!@ENDMSG 2776 @!@!@
@!@!@STARTMSG 2776:0 @!@!@
CostModel lookup failed for expression <line 33, col 16 to line 33, col 24 of module pipeline_ooo>. Reporting costs into <line 38, col 38 to line 38, col 43 of module pipeline_ooo> instead (Safety and Liveness checking is unaffected. Please report a bug.)
@!@!@ENDMSG 2776 @!@!@
@!@!@STARTMSG 2776:0 @!@!@
CostModel lookup failed for expression <line 33, col 16 to line 33, col 19 of module pipeline_ooo>. Reporting costs into <line 38, col 38 to line 38, col 43 of module pipeline_ooo> instead (Safety and Liveness checking is unaffected. Please report a bug.)
@!@!@ENDMSG 2776 @!@!@
@!@!@STARTMSG 2776:0 @!@!@
CostModel lookup failed for expression <line 33, col 26 to line 33, col 26 of module pipeline_ooo>. Reporting costs into <line 38, col 38 to line 38, col 43 of module pipeline_ooo> instead (Safety and Liveness checking is unaffected. Please report a bug.)
@!@!@ENDMSG 2776 @!@!@
@!@!@STARTMSG 2776:0 @!@!@
CostModel lookup failed for expression <line 33, col 16 to line 33, col 31 of module pipeline_ooo>. Reporting costs into <line 38, col 72 to line 38, col 77 of module pipeline_ooo> instead (Safety and Liveness checking is unaffected. Please report a bug.)
@!@!@ENDMSG 2776 @!@!@
@!@!@STARTMSG 2776:0 @!@!@
CostModel lookup failed for expression <line 33, col 16 to line 33, col 27 of module pipeline_ooo>. Reporting costs into <line 38, col 72 to line 38, col 77 of module pipeline_ooo> instead (Safety and Liveness checking is unaffected. Please report a bug.)
@!@!@ENDMSG 2776 @!@!@
@!@!@STARTMSG 2776:0 @!@!@
CostModel lookup failed for expression <line 33, col 16 to line 33, col 24 of module pipeline_ooo>. Reporting costs into <line 38, col 72 to line 38, col 77 of module pipeline_ooo> instead (Safety and Liveness checking is unaffected. Please report a bug.)
@!@!@ENDMSG 2776 @!@!@
@!@!@STARTMSG 2776:0 @!@!@
CostModel lookup failed for expression <line 33, col 16 to line 33, col 19 of module pipeline_ooo>. Reporting costs into <line 38, col 72 to line 38, col 77 of module pipeline_ooo> instead (Safety and Liveness checking is unaffected. Please report a bug.)
@!@!@ENDMSG 2776 @!@!@
@!@!@STARTMSG 2776:0 @!@!@
CostModel lookup failed for expression <line 33, col 26 to line 33, col 26 of module pipeline_ooo>. Reporting costs into <line 38, col 72 to line 38, col 77 of module pipeline_ooo> instead (Safety and Liveness checking is unaffected. Please report a bug.)
@!@!@ENDMSG 2776 @!@!@
@!@!@STARTMSG 2269:0 @!@!@
Computed 2 initial states...
@!@!@ENDMSG 2269 @!@!@
@!@!@STARTMSG 2269:0 @!@!@
Computed 4 initial states...
@!@!@ENDMSG 2269 @!@!@
@!@!@STARTMSG 2269:0 @!@!@
Computed 8 initial states...
@!@!@ENDMSG 2269 @!@!@
@!@!@STARTMSG 2190:0 @!@!@
Finished computing initial states: 16 distinct states generated at 2021-05-31 20:24:54.
@!@!@ENDMSG 2190 @!@!@
<< "CEX TAInter (<<First (loc) instr., Second (glob) instr., Local diff, Global end diff>>",
   2,
   3,
   1,
   -2 >>
@!@!@STARTMSG 2110:1 @!@!@
Invariant inv_1622485492252595000 is violated.
@!@!@ENDMSG 2110 @!@!@
<< "CEX TAInter (<<First (loc) instr., Second (glob) instr., Local diff, Global end diff>>",
   2,
   3,
   1,
   -2 >>
@!@!@STARTMSG 2121:1 @!@!@
The behavior up to this point is:
@!@!@ENDMSG 2121 @!@!@
@!@!@STARTMSG 2217:4 @!@!@
1: <Initial predicate>
/\ FULat2 = <<3, 3, 3, 3>>
/\ iMiss2 = <<FALSE, FALSE, FALSE, FALSE>>
/\ _RS2 = <<{}, {}>>
/\ locWorst = <<FALSE, FALSE>>
/\ _COM2 = <<[PC |-> [pc |-> 0, type |-> "empty"]], [PC |-> [pc |-> 0, type |-> "empty"]]>>
/\ _ID = <<[PC |-> [pc |-> 0, type |-> "empty"]], [PC |-> [pc |-> 0, type |-> "empty"]]>>
/\ _IF = << [PC |-> [pc |-> 0, type |-> "empty"], currLat |-> 1, baseLat |-> 1],
   [PC |-> [pc |-> 0, type |-> "empty"], currLat |-> 1, baseLat |-> 1] >>
/\ FUTmpLat = <<<<<<3, 3>>, 3>>, 3>>
/\ _FU2 = << [ PC |-> [pc |-> 0, type |-> "empty"],
     currLat |-> 1,
     usage |-> 0,
     baseLat |-> 1 ],
   [ PC |-> [pc |-> 0, type |-> "empty"],
     currLat |-> 1,
     usage |-> 0,
     baseLat |-> 1 ] >>
/\ FUTmp = <<<<<<1, 2>>, 2>>, 1>>
/\ _COM = <<[PC |-> [pc |-> 0, type |-> "empty"]], [PC |-> [pc |-> 0, type |-> "empty"]]>>
/\ _ID2 = <<[PC |-> [pc |-> 0, type |-> "empty"]], [PC |-> [pc |-> 0, type |-> "empty"]]>>
/\ currCycle2 = 0
/\ FU2 = <<1, 2, 2, 1>>
/\ _IF2 = << [PC |-> [pc |-> 0, type |-> "empty"], currLat |-> 1, baseLat |-> 1],
   [PC |-> [pc |-> 0, type |-> "empty"], currLat |-> 1, baseLat |-> 1] >>
/\ iMissTmp2 = <<<<<<FALSE, FALSE>>, FALSE>>, FALSE>>
/\ iMiss = <<FALSE, FALSE, FALSE, TRUE>>
/\ _RS = <<{}, {}>>
/\ commonPre = TRUE
/\ currCycle = 0
/\ iMissTmp = <<<<<<FALSE, FALSE>>, FALSE>>, TRUE>>
/\ FULat = <<3, 3, 3, 3>>
/\ FUTmp2 = <<<<<<1, 2>>, 2>>, 1>>
/\ prog = [ rest |->
      << [pc |-> 1, type |-> {1}, lat |-> {3}, dep |-> {}, imiss |-> {FALSE}],
         [pc |-> 2, type |-> {2}, lat |-> {3}, dep |-> {1}, imiss |-> {FALSE}],
         [ pc |-> 3,
           type |-> {2},
           lat |-> {3},
           dep |-> {},
           imiss |-> {FALSE, TRUE} ],
         [ pc |-> 4,
           type |-> {1},
           lat |-> {3},
           dep |-> {3},
           imiss |-> {FALSE, TRUE} ] >>,
  exec |-> <<>> ]
/\ depProg = <<>>
/\ FUTmpLat2 = <<<<<<3, 3>>, 3>>, 3>>
/\ depProgTmp = <<>>
/\ prog2 = [ rest |->
      << [pc |-> 1, type |-> {1}, lat |-> {3}, dep |-> {}, imiss |-> {FALSE}],
         [pc |-> 2, type |-> {2}, lat |-> {3}, dep |-> {1}, imiss |-> {FALSE}],
         [ pc |-> 3,
           type |-> {2},
           lat |-> {3},
           dep |-> {},
           imiss |-> {FALSE, TRUE} ],
         [ pc |-> 4,
           type |-> {1},
           lat |-> {3},
           dep |-> {3},
           imiss |-> {FALSE, TRUE} ] >>,
  exec |-> <<>> ]
/\ FU = <<1, 2, 2, 1>>
/\ _FU = << [ PC |-> [pc |-> 0, type |-> "empty"],
     currLat |-> 1,
     usage |-> 0,
     baseLat |-> 1 ],
   [ PC |-> [pc |-> 0, type |-> "empty"],
     currLat |-> 1,
     usage |-> 0,
     baseLat |-> 1 ] >>

@!@!@ENDMSG 2217 @!@!@
@!@!@STARTMSG 2217:4 @!@!@
2: <Next line 78, col 9 to line 100, col 103 of module pipeline_ooo>
/\ FULat2 = <<3, 3, 3, 3>>
/\ iMiss2 = <<FALSE, FALSE, FALSE, FALSE>>
/\ _RS2 = <<{}, {}>>
/\ locWorst = <<TRUE, TRUE>>
/\ _COM2 = <<[PC |-> [pc |-> 0, type |-> "empty"]], [PC |-> [pc |-> 0, type |-> "empty"]]>>
/\ _ID = <<[PC |-> [pc |-> 0, type |-> "empty"]], [PC |-> [pc |-> 0, type |-> "empty"]]>>
/\ _IF = << [ PC |->
         [pc |-> 1, type |-> {1}, lat |-> {3}, dep |-> {}, imiss |-> {FALSE}],
     currLat |-> 1,
     baseLat |-> 1 ],
   [ PC |->
         [pc |-> 2, type |-> {2}, lat |-> {3}, dep |-> {1}, imiss |-> {FALSE}],
     currLat |-> 1,
     baseLat |-> 1 ] >>
/\ FUTmpLat = <<<<<<3, 3>>, 3>>, 3>>
/\ _FU2 = << [ PC |-> [pc |-> 0, type |-> "empty"],
     currLat |-> 1,
     usage |-> 0,
     baseLat |-> 1 ],
   [ PC |-> [pc |-> 0, type |-> "empty"],
     currLat |-> 1,
     usage |-> 0,
     baseLat |-> 1 ] >>
/\ FUTmp = <<<<<<1, 2>>, 2>>, 1>>
/\ _COM = <<[PC |-> [pc |-> 0, type |-> "empty"]], [PC |-> [pc |-> 0, type |-> "empty"]]>>
/\ _ID2 = <<[PC |-> [pc |-> 0, type |-> "empty"]], [PC |-> [pc |-> 0, type |-> "empty"]]>>
/\ currCycle2 = 1
/\ FU2 = <<1, 2, 2, 1>>
/\ _IF2 = << [ PC |->
         [pc |-> 1, type |-> {1}, lat |-> {3}, dep |-> {}, imiss |-> {FALSE}],
     currLat |-> 1,
     baseLat |-> 1 ],
   [ PC |->
         [pc |-> 2, type |-> {2}, lat |-> {3}, dep |-> {1}, imiss |-> {FALSE}],
     currLat |-> 1,
     baseLat |-> 1 ] >>
/\ iMissTmp2 = <<<<<<FALSE, FALSE>>, FALSE>>, FALSE>>
/\ iMiss = <<FALSE, FALSE, FALSE, TRUE>>
/\ _RS = <<{}, {}>>
/\ commonPre = TRUE
/\ currCycle = 1
/\ iMissTmp = <<<<<<FALSE, FALSE>>, FALSE>>, TRUE>>
/\ FULat = <<3, 3, 3, 3>>
/\ FUTmp2 = <<<<<<1, 2>>, 2>>, 1>>
/\ prog = [ rest |->
      << [ pc |-> 3,
           type |-> {2},
           lat |-> {3},
           dep |-> {},
           imiss |-> {FALSE, TRUE} ],
         [ pc |-> 4,
           type |-> {1},
           lat |-> {3},
           dep |-> {3},
           imiss |-> {FALSE, TRUE} ] >>,
  exec |->
      << [ PC |->
               [ pc |-> 1,
                 type |-> {1},
                 lat |-> {3},
                 dep |-> {},
                 imiss |-> {FALSE} ],
           done |-> FALSE,
           comTime |-> 0,
           executed |-> FALSE,
           exStartTime |-> 0 ],
         [ PC |->
               [ pc |-> 2,
                 type |-> {2},
                 lat |-> {3},
                 dep |-> {1},
                 imiss |-> {FALSE} ],
           done |-> FALSE,
           comTime |-> 0,
           executed |-> FALSE,
           exStartTime |-> 0 ] >> ]
/\ depProg = <<>>
/\ FUTmpLat2 = <<<<<<3, 3>>, 3>>, 3>>
/\ depProgTmp = <<>>
/\ prog2 = [ rest |->
      << [ pc |-> 3,
           type |-> {2},
           lat |-> {3},
           dep |-> {},
           imiss |-> {FALSE, TRUE} ],
         [ pc |-> 4,
           type |-> {1},
           lat |-> {3},
           dep |-> {3},
           imiss |-> {FALSE, TRUE} ] >>,
  exec |->
      << [ PC |->
               [ pc |-> 1,
                 type |-> {1},
                 lat |-> {3},
                 dep |-> {},
                 imiss |-> {FALSE} ],
           done |-> FALSE,
           comTime |-> 0,
           executed |-> FALSE,
           exStartTime |-> 0 ],
         [ PC |->
               [ pc |-> 2,
                 type |-> {2},
                 lat |-> {3},
                 dep |-> {1},
                 imiss |-> {FALSE} ],
           done |-> FALSE,
           comTime |-> 0,
           executed |-> FALSE,
           exStartTime |-> 0 ] >> ]
/\ FU = <<1, 2, 2, 1>>
/\ _FU = << [ PC |-> [pc |-> 0, type |-> "empty"],
     currLat |-> 1,
     usage |-> 0,
     baseLat |-> 1 ],
   [ PC |-> [pc |-> 0, type |-> "empty"],
     currLat |-> 1,
     usage |-> 0,
     baseLat |-> 1 ] >>

@!@!@ENDMSG 2217 @!@!@
@!@!@STARTMSG 2217:4 @!@!@
3: <Next line 78, col 9 to line 100, col 103 of module pipeline_ooo>
/\ FULat2 = <<3, 3, 3, 3>>
/\ iMiss2 = <<FALSE, FALSE, FALSE, FALSE>>
/\ _RS2 = <<{}, {}>>
/\ locWorst = <<TRUE, TRUE>>
/\ _COM2 = <<[PC |-> [pc |-> 0, type |-> "empty"]], [PC |-> [pc |-> 0, type |-> "empty"]]>>
/\ _ID = << [ PC |->
         [pc |-> 1, type |-> {1}, lat |-> {3}, dep |-> {}, imiss |-> {FALSE}] ],
   [ PC |->
         [ pc |-> 2,
           type |-> {2},
           lat |-> {3},
           dep |-> {1},
           imiss |-> {FALSE} ] ] >>
/\ _IF = << [ PC |->
         [ pc |-> 3,
           type |-> {2},
           lat |-> {3},
           dep |-> {},
           imiss |-> {FALSE, TRUE} ],
     currLat |-> 1,
     baseLat |-> 1 ],
   [ PC |->
         [ pc |-> 4,
           type |-> {1},
           lat |-> {3},
           dep |-> {3},
           imiss |-> {FALSE, TRUE} ],
     currLat |-> 1,
     baseLat |-> 3 ] >>
/\ FUTmpLat = <<<<<<3, 3>>, 3>>, 3>>
/\ _FU2 = << [ PC |-> [pc |-> 0, type |-> "empty"],
     currLat |-> 1,
     usage |-> 0,
     baseLat |-> 1 ],
   [ PC |-> [pc |-> 0, type |-> "empty"],
     currLat |-> 1,
     usage |-> 0,
     baseLat |-> 1 ] >>
/\ FUTmp = <<<<<<1, 2>>, 2>>, 1>>
/\ _COM = <<[PC |-> [pc |-> 0, type |-> "empty"]], [PC |-> [pc |-> 0, type |-> "empty"]]>>
/\ _ID2 = << [ PC |->
         [pc |-> 1, type |-> {1}, lat |-> {3}, dep |-> {}, imiss |-> {FALSE}] ],
   [ PC |->
         [ pc |-> 2,
           type |-> {2},
           lat |-> {3},
           dep |-> {1},
           imiss |-> {FALSE} ] ] >>
/\ currCycle2 = 2
/\ FU2 = <<1, 2, 2, 1>>
/\ _IF2 = << [ PC |->
         [ pc |-> 3,
           type |-> {2},
           lat |-> {3},
           dep |-> {},
           imiss |-> {FALSE, TRUE} ],
     currLat |-> 1,
     baseLat |-> 1 ],
   [ PC |->
         [ pc |-> 4,
           type |-> {1},
           lat |-> {3},
           dep |-> {3},
           imiss |-> {FALSE, TRUE} ],
     currLat |-> 1,
     baseLat |-> 1 ] >>
/\ iMissTmp2 = <<<<<<FALSE, FALSE>>, FALSE>>, FALSE>>
/\ iMiss = <<FALSE, FALSE, FALSE, TRUE>>
/\ _RS = <<{}, {}>>
/\ commonPre = TRUE
/\ currCycle = 2
/\ iMissTmp = <<<<<<FALSE, FALSE>>, FALSE>>, TRUE>>
/\ FULat = <<3, 3, 3, 3>>
/\ FUTmp2 = <<<<<<1, 2>>, 2>>, 1>>
/\ prog = [ rest |-> <<>>,
  exec |->
      << [ PC |->
               [ pc |-> 1,
                 type |-> {1},
                 lat |-> {3},
                 dep |-> {},
                 imiss |-> {FALSE} ],
           done |-> FALSE,
           comTime |-> 0,
           executed |-> FALSE,
           exStartTime |-> 0 ],
         [ PC |->
               [ pc |-> 2,
                 type |-> {2},
                 lat |-> {3},
                 dep |-> {1},
                 imiss |-> {FALSE} ],
           done |-> FALSE,
           comTime |-> 0,
           executed |-> FALSE,
           exStartTime |-> 0 ],
         [ PC |->
               [ pc |-> 3,
                 type |-> {2},
                 lat |-> {3},
                 dep |-> {},
                 imiss |-> {FALSE, TRUE} ],
           done |-> FALSE,
           comTime |-> 0,
           executed |-> FALSE,
           exStartTime |-> 0 ],
         [ PC |->
               [ pc |-> 4,
                 type |-> {1},
                 lat |-> {3},
                 dep |-> {3},
                 imiss |-> {FALSE, TRUE} ],
           done |-> FALSE,
           comTime |-> 0,
           executed |-> FALSE,
           exStartTime |-> 0 ] >> ]
/\ depProg = <<>>
/\ FUTmpLat2 = <<<<<<3, 3>>, 3>>, 3>>
/\ depProgTmp = <<>>
/\ prog2 = [ rest |-> <<>>,
  exec |->
      << [ PC |->
               [ pc |-> 1,
                 type |-> {1},
                 lat |-> {3},
                 dep |-> {},
                 imiss |-> {FALSE} ],
           done |-> FALSE,
           comTime |-> 0,
           executed |-> FALSE,
           exStartTime |-> 0 ],
         [ PC |->
               [ pc |-> 2,
                 type |-> {2},
                 lat |-> {3},
                 dep |-> {1},
                 imiss |-> {FALSE} ],
           done |-> FALSE,
           comTime |-> 0,
           executed |-> FALSE,
           exStartTime |-> 0 ],
         [ PC |->
               [ pc |-> 3,
                 type |-> {2},
                 lat |-> {3},
                 dep |-> {},
                 imiss |-> {FALSE, TRUE} ],
           done |-> FALSE,
           comTime |-> 0,
           executed |-> FALSE,
           exStartTime |-> 0 ],
         [ PC |->
               [ pc |-> 4,
                 type |-> {1},
                 lat |-> {3},
                 dep |-> {3},
                 imiss |-> {FALSE, TRUE} ],
           done |-> FALSE,
           comTime |-> 0,
           executed |-> FALSE,
           exStartTime |-> 0 ] >> ]
/\ FU = <<1, 2, 2, 1>>
/\ _FU = << [ PC |-> [pc |-> 0, type |-> "empty"],
     currLat |-> 1,
     usage |-> 0,
     baseLat |-> 1 ],
   [ PC |-> [pc |-> 0, type |-> "empty"],
     currLat |-> 1,
     usage |-> 0,
     baseLat |-> 1 ] >>

@!@!@ENDMSG 2217 @!@!@
@!@!@STARTMSG 2217:4 @!@!@
4: <Next line 78, col 9 to line 100, col 103 of module pipeline_ooo>
/\ FULat2 = <<3, 3, 3, 3>>
/\ iMiss2 = <<FALSE, FALSE, FALSE, FALSE>>
/\ _RS2 = <<{}, {[pc |-> 2, type |-> {2}, lat |-> {3}, dep |-> {1}, imiss |-> {FALSE}]}>>
/\ locWorst = <<TRUE, FALSE>>
/\ _COM2 = <<[PC |-> [pc |-> 0, type |-> "empty"]], [PC |-> [pc |-> 0, type |-> "empty"]]>>
/\ _ID = <<[PC |-> [pc |-> 0, type |-> "empty"]], [PC |-> [pc |-> 0, type |-> "empty"]]>>
/\ _IF = << [ PC |->
         [ pc |-> 3,
           type |-> {2},
           lat |-> {3},
           dep |-> {},
           imiss |-> {FALSE, TRUE} ],
     currLat |-> 2,
     baseLat |-> 1 ],
   [ PC |->
         [ pc |-> 4,
           type |-> {1},
           lat |-> {3},
           dep |-> {3},
           imiss |-> {FALSE, TRUE} ],
     currLat |-> 2,
     baseLat |-> 3 ] >>
/\ FUTmpLat = <<<<<<3, 3>>, 3>>, 3>>
/\ _FU2 = << [ PC |->
         [pc |-> 1, type |-> {1}, lat |-> {3}, dep |-> {}, imiss |-> {FALSE}],
     currLat |-> 1,
     usage |-> 1,
     baseLat |-> 3 ],
   [ PC |-> [pc |-> 0, type |-> "empty"],
     currLat |-> 1,
     usage |-> 0,
     baseLat |-> 1 ] >>
/\ FUTmp = <<<<<<1, 2>>, 2>>, 1>>
/\ _COM = <<[PC |-> [pc |-> 0, type |-> "empty"]], [PC |-> [pc |-> 0, type |-> "empty"]]>>
/\ _ID2 = << [ PC |->
         [ pc |-> 3,
           type |-> {2},
           lat |-> {3},
           dep |-> {},
           imiss |-> {FALSE, TRUE} ] ],
   [ PC |->
         [ pc |-> 4,
           type |-> {1},
           lat |-> {3},
           dep |-> {3},
           imiss |-> {FALSE, TRUE} ] ] >>
/\ currCycle2 = 3
/\ FU2 = <<1, 2, 2, 1>>
/\ _IF2 = << [PC |-> [pc |-> 0, type |-> "empty"], currLat |-> 1, baseLat |-> 1],
   [PC |-> [pc |-> 0, type |-> "empty"], currLat |-> 1, baseLat |-> 1] >>
/\ iMissTmp2 = <<<<<<FALSE, FALSE>>, FALSE>>, FALSE>>
/\ iMiss = <<FALSE, FALSE, FALSE, TRUE>>
/\ _RS = <<{}, {[pc |-> 2, type |-> {2}, lat |-> {3}, dep |-> {1}, imiss |-> {FALSE}]}>>
/\ commonPre = FALSE
/\ currCycle = 3
/\ iMissTmp = <<<<<<FALSE, FALSE>>, FALSE>>, TRUE>>
/\ FULat = <<3, 3, 3, 3>>
/\ FUTmp2 = <<<<<<1, 2>>, 2>>, 1>>
/\ prog = [ rest |-> <<>>,
  exec |->
      << [ PC |->
               [ pc |-> 1,
                 type |-> {1},
                 lat |-> {3},
                 dep |-> {},
                 imiss |-> {FALSE} ],
           done |-> FALSE,
           comTime |-> 0,
           executed |-> FALSE,
           exStartTime |-> 2 ],
         [ PC |->
               [ pc |-> 2,
                 type |-> {2},
                 lat |-> {3},
                 dep |-> {1},
                 imiss |-> {FALSE} ],
           done |-> FALSE,
           comTime |-> 0,
           executed |-> FALSE,
           exStartTime |-> 0 ],
         [ PC |->
               [ pc |-> 3,
                 type |-> {2},
                 lat |-> {3},
                 dep |-> {},
                 imiss |-> {FALSE, TRUE} ],
           done |-> FALSE,
           comTime |-> 0,
           executed |-> FALSE,
           exStartTime |-> 0 ],
         [ PC |->
               [ pc |-> 4,
                 type |-> {1},
                 lat |-> {3},
                 dep |-> {3},
                 imiss |-> {FALSE, TRUE} ],
           done |-> FALSE,
           comTime |-> 0,
           executed |-> FALSE,
           exStartTime |-> 0 ] >> ]
/\ depProg = <<>>
/\ FUTmpLat2 = <<<<<<3, 3>>, 3>>, 3>>
/\ depProgTmp = <<>>
/\ prog2 = [ rest |-> <<>>,
  exec |->
      << [ PC |->
               [ pc |-> 1,
                 type |-> {1},
                 lat |-> {3},
                 dep |-> {},
                 imiss |-> {FALSE} ],
           done |-> FALSE,
           comTime |-> 0,
           executed |-> FALSE,
           exStartTime |-> 2 ],
         [ PC |->
               [ pc |-> 2,
                 type |-> {2},
                 lat |-> {3},
                 dep |-> {1},
                 imiss |-> {FALSE} ],
           done |-> FALSE,
           comTime |-> 0,
           executed |-> FALSE,
           exStartTime |-> 0 ],
         [ PC |->
               [ pc |-> 3,
                 type |-> {2},
                 lat |-> {3},
                 dep |-> {},
                 imiss |-> {FALSE, TRUE} ],
           done |-> FALSE,
           comTime |-> 0,
           executed |-> FALSE,
           exStartTime |-> 0 ],
         [ PC |->
               [ pc |-> 4,
                 type |-> {1},
                 lat |-> {3},
                 dep |-> {3},
                 imiss |-> {FALSE, TRUE} ],
           done |-> FALSE,
           comTime |-> 0,
           executed |-> FALSE,
           exStartTime |-> 0 ] >> ]
/\ FU = <<1, 2, 2, 1>>
/\ _FU = << [ PC |->
         [pc |-> 1, type |-> {1}, lat |-> {3}, dep |-> {}, imiss |-> {FALSE}],
     currLat |-> 1,
     usage |-> 1,
     baseLat |-> 3 ],
   [ PC |-> [pc |-> 0, type |-> "empty"],
     currLat |-> 1,
     usage |-> 0,
     baseLat |-> 1 ] >>

@!@!@ENDMSG 2217 @!@!@
@!@!@STARTMSG 2217:4 @!@!@
5: <Next line 78, col 9 to line 100, col 103 of module pipeline_ooo>
/\ FULat2 = <<3, 3, 3, 3>>
/\ iMiss2 = <<FALSE, FALSE, FALSE, FALSE>>
/\ _RS2 = << { [ pc |-> 4,
       type |-> {1},
       lat |-> {3},
       dep |-> {3},
       imiss |-> {FALSE, TRUE} ] },
   {[pc |-> 2, type |-> {2}, lat |-> {3}, dep |-> {1}, imiss |-> {FALSE}]} >>
/\ locWorst = <<TRUE, FALSE>>
/\ _COM2 = <<[PC |-> [pc |-> 0, type |-> "empty"]], [PC |-> [pc |-> 0, type |-> "empty"]]>>
/\ _ID = <<[PC |-> [pc |-> 0, type |-> "empty"]], [PC |-> [pc |-> 0, type |-> "empty"]]>>
/\ _IF = << [ PC |->
         [ pc |-> 3,
           type |-> {2},
           lat |-> {3},
           dep |-> {},
           imiss |-> {FALSE, TRUE} ],
     currLat |-> 3,
     baseLat |-> 1 ],
   [ PC |->
         [ pc |-> 4,
           type |-> {1},
           lat |-> {3},
           dep |-> {3},
           imiss |-> {FALSE, TRUE} ],
     currLat |-> 3,
     baseLat |-> 3 ] >>
/\ FUTmpLat = <<<<<<3, 3>>, 3>>, 3>>
/\ _FU2 = << [ PC |->
         [pc |-> 1, type |-> {1}, lat |-> {3}, dep |-> {}, imiss |-> {FALSE}],
     currLat |-> 2,
     usage |-> 2,
     baseLat |-> 3 ],
   [ PC |->
         [ pc |-> 3,
           type |-> {2},
           lat |-> {3},
           dep |-> {},
           imiss |-> {FALSE, TRUE} ],
     currLat |-> 1,
     usage |-> 1,
     baseLat |-> 3 ] >>
/\ FUTmp = <<<<<<1, 2>>, 2>>, 1>>
/\ _COM = <<[PC |-> [pc |-> 0, type |-> "empty"]], [PC |-> [pc |-> 0, type |-> "empty"]]>>
/\ _ID2 = <<[PC |-> [pc |-> 0, type |-> "empty"]], [PC |-> [pc |-> 0, type |-> "empty"]]>>
/\ currCycle2 = 4
/\ FU2 = <<1, 2, 2, 1>>
/\ _IF2 = << [PC |-> [pc |-> 0, type |-> "empty"], currLat |-> 1, baseLat |-> 1],
   [PC |-> [pc |-> 0, type |-> "empty"], currLat |-> 1, baseLat |-> 1] >>
/\ iMissTmp2 = <<<<<<FALSE, FALSE>>, FALSE>>, FALSE>>
/\ iMiss = <<FALSE, FALSE, FALSE, TRUE>>
/\ _RS = <<{}, {[pc |-> 2, type |-> {2}, lat |-> {3}, dep |-> {1}, imiss |-> {FALSE}]}>>
/\ commonPre = FALSE
/\ currCycle = 4
/\ iMissTmp = <<<<<<FALSE, FALSE>>, FALSE>>, TRUE>>
/\ FULat = <<3, 3, 3, 3>>
/\ FUTmp2 = <<<<<<1, 2>>, 2>>, 1>>
/\ prog = [ rest |-> <<>>,
  exec |->
      << [ PC |->
               [ pc |-> 1,
                 type |-> {1},
                 lat |-> {3},
                 dep |-> {},
                 imiss |-> {FALSE} ],
           done |-> FALSE,
           comTime |-> 0,
           executed |-> FALSE,
           exStartTime |-> 2 ],
         [ PC |->
               [ pc |-> 2,
                 type |-> {2},
                 lat |-> {3},
                 dep |-> {1},
                 imiss |-> {FALSE} ],
           done |-> FALSE,
           comTime |-> 0,
           executed |-> FALSE,
           exStartTime |-> 0 ],
         [ PC |->
               [ pc |-> 3,
                 type |-> {2},
                 lat |-> {3},
                 dep |-> {},
                 imiss |-> {FALSE, TRUE} ],
           done |-> FALSE,
           comTime |-> 0,
           executed |-> FALSE,
           exStartTime |-> 0 ],
         [ PC |->
               [ pc |-> 4,
                 type |-> {1},
                 lat |-> {3},
                 dep |-> {3},
                 imiss |-> {FALSE, TRUE} ],
           done |-> FALSE,
           comTime |-> 0,
           executed |-> FALSE,
           exStartTime |-> 0 ] >> ]
/\ depProg = <<>>
/\ FUTmpLat2 = <<<<<<3, 3>>, 3>>, 3>>
/\ depProgTmp = <<>>
/\ prog2 = [ rest |-> <<>>,
  exec |->
      << [ PC |->
               [ pc |-> 1,
                 type |-> {1},
                 lat |-> {3},
                 dep |-> {},
                 imiss |-> {FALSE} ],
           done |-> FALSE,
           comTime |-> 0,
           executed |-> FALSE,
           exStartTime |-> 2 ],
         [ PC |->
               [ pc |-> 2,
                 type |-> {2},
                 lat |-> {3},
                 dep |-> {1},
                 imiss |-> {FALSE} ],
           done |-> FALSE,
           comTime |-> 0,
           executed |-> FALSE,
           exStartTime |-> 0 ],
         [ PC |->
               [ pc |-> 3,
                 type |-> {2},
                 lat |-> {3},
                 dep |-> {},
                 imiss |-> {FALSE, TRUE} ],
           done |-> FALSE,
           comTime |-> 0,
           executed |-> FALSE,
           exStartTime |-> 3 ],
         [ PC |->
               [ pc |-> 4,
                 type |-> {1},
                 lat |-> {3},
                 dep |-> {3},
                 imiss |-> {FALSE, TRUE} ],
           done |-> FALSE,
           comTime |-> 0,
           executed |-> FALSE,
           exStartTime |-> 0 ] >> ]
/\ FU = <<1, 2, 2, 1>>
/\ _FU = << [ PC |->
         [pc |-> 1, type |-> {1}, lat |-> {3}, dep |-> {}, imiss |-> {FALSE}],
     currLat |-> 2,
     usage |-> 2,
     baseLat |-> 3 ],
   [ PC |-> [pc |-> 0, type |-> "empty"],
     currLat |-> 1,
     usage |-> 0,
     baseLat |-> 1 ] >>

@!@!@ENDMSG 2217 @!@!@
@!@!@STARTMSG 2217:4 @!@!@
6: <Next line 78, col 9 to line 100, col 103 of module pipeline_ooo>
/\ FULat2 = <<3, 3, 3, 3>>
/\ iMiss2 = <<FALSE, FALSE, FALSE, FALSE>>
/\ _RS2 = << { [ pc |-> 4,
       type |-> {1},
       lat |-> {3},
       dep |-> {3},
       imiss |-> {FALSE, TRUE} ] },
   {[pc |-> 2, type |-> {2}, lat |-> {3}, dep |-> {1}, imiss |-> {FALSE}]} >>
/\ locWorst = <<TRUE, FALSE>>
/\ _COM2 = <<[PC |-> [pc |-> 0, type |-> "empty"]], [PC |-> [pc |-> 0, type |-> "empty"]]>>
/\ _ID = << [ PC |->
         [ pc |-> 3,
           type |-> {2},
           lat |-> {3},
           dep |-> {},
           imiss |-> {FALSE, TRUE} ] ],
   [ PC |->
         [ pc |-> 4,
           type |-> {1},
           lat |-> {3},
           dep |-> {3},
           imiss |-> {FALSE, TRUE} ] ] >>
/\ _IF = << [PC |-> [pc |-> 0, type |-> "empty"], currLat |-> 1, baseLat |-> 1],
   [PC |-> [pc |-> 0, type |-> "empty"], currLat |-> 1, baseLat |-> 1] >>
/\ FUTmpLat = <<<<<<3, 3>>, 3>>, 3>>
/\ _FU2 = << [ PC |->
         [pc |-> 1, type |-> {1}, lat |-> {3}, dep |-> {}, imiss |-> {FALSE}],
     currLat |-> 3,
     usage |-> 3,
     baseLat |-> 3 ],
   [ PC |->
         [ pc |-> 3,
           type |-> {2},
           lat |-> {3},
           dep |-> {},
           imiss |-> {FALSE, TRUE} ],
     currLat |-> 2,
     usage |-> 2,
     baseLat |-> 3 ] >>
/\ FUTmp = <<<<<<1, 2>>, 2>>, 1>>
/\ _COM = <<[PC |-> [pc |-> 0, type |-> "empty"]], [PC |-> [pc |-> 0, type |-> "empty"]]>>
/\ _ID2 = <<[PC |-> [pc |-> 0, type |-> "empty"]], [PC |-> [pc |-> 0, type |-> "empty"]]>>
/\ currCycle2 = 5
/\ FU2 = <<1, 2, 2, 1>>
/\ _IF2 = << [PC |-> [pc |-> 0, type |-> "empty"], currLat |-> 1, baseLat |-> 1],
   [PC |-> [pc |-> 0, type |-> "empty"], currLat |-> 1, baseLat |-> 1] >>
/\ iMissTmp2 = <<<<<<FALSE, FALSE>>, FALSE>>, FALSE>>
/\ iMiss = <<FALSE, FALSE, FALSE, TRUE>>
/\ _RS = <<{}, {[pc |-> 2, type |-> {2}, lat |-> {3}, dep |-> {1}, imiss |-> {FALSE}]}>>
/\ commonPre = FALSE
/\ currCycle = 5
/\ iMissTmp = <<<<<<FALSE, FALSE>>, FALSE>>, TRUE>>
/\ FULat = <<3, 3, 3, 3>>
/\ FUTmp2 = <<<<<<1, 2>>, 2>>, 1>>
/\ prog = [ rest |-> <<>>,
  exec |->
      << [ PC |->
               [ pc |-> 1,
                 type |-> {1},
                 lat |-> {3},
                 dep |-> {},
                 imiss |-> {FALSE} ],
           done |-> FALSE,
           comTime |-> 0,
           executed |-> FALSE,
           exStartTime |-> 2 ],
         [ PC |->
               [ pc |-> 2,
                 type |-> {2},
                 lat |-> {3},
                 dep |-> {1},
                 imiss |-> {FALSE} ],
           done |-> FALSE,
           comTime |-> 0,
           executed |-> FALSE,
           exStartTime |-> 0 ],
         [ PC |->
               [ pc |-> 3,
                 type |-> {2},
                 lat |-> {3},
                 dep |-> {},
                 imiss |-> {FALSE, TRUE} ],
           done |-> FALSE,
           comTime |-> 0,
           executed |-> FALSE,
           exStartTime |-> 0 ],
         [ PC |->
               [ pc |-> 4,
                 type |-> {1},
                 lat |-> {3},
                 dep |-> {3},
                 imiss |-> {FALSE, TRUE} ],
           done |-> FALSE,
           comTime |-> 0,
           executed |-> FALSE,
           exStartTime |-> 0 ] >> ]
/\ depProg = <<>>
/\ FUTmpLat2 = <<<<<<3, 3>>, 3>>, 3>>
/\ depProgTmp = <<>>
/\ prog2 = [ rest |-> <<>>,
  exec |->
      << [ PC |->
               [ pc |-> 1,
                 type |-> {1},
                 lat |-> {3},
                 dep |-> {},
                 imiss |-> {FALSE} ],
           done |-> FALSE,
           comTime |-> 0,
           executed |-> FALSE,
           exStartTime |-> 2 ],
         [ PC |->
               [ pc |-> 2,
                 type |-> {2},
                 lat |-> {3},
                 dep |-> {1},
                 imiss |-> {FALSE} ],
           done |-> FALSE,
           comTime |-> 0,
           executed |-> FALSE,
           exStartTime |-> 0 ],
         [ PC |->
               [ pc |-> 3,
                 type |-> {2},
                 lat |-> {3},
                 dep |-> {},
                 imiss |-> {FALSE, TRUE} ],
           done |-> FALSE,
           comTime |-> 0,
           executed |-> FALSE,
           exStartTime |-> 3 ],
         [ PC |->
               [ pc |-> 4,
                 type |-> {1},
                 lat |-> {3},
                 dep |-> {3},
                 imiss |-> {FALSE, TRUE} ],
           done |-> FALSE,
           comTime |-> 0,
           executed |-> FALSE,
           exStartTime |-> 0 ] >> ]
/\ FU = <<1, 2, 2, 1>>
/\ _FU = << [ PC |->
         [pc |-> 1, type |-> {1}, lat |-> {3}, dep |-> {}, imiss |-> {FALSE}],
     currLat |-> 3,
     usage |-> 3,
     baseLat |-> 3 ],
   [ PC |-> [pc |-> 0, type |-> "empty"],
     currLat |-> 1,
     usage |-> 0,
     baseLat |-> 1 ] >>

@!@!@ENDMSG 2217 @!@!@
@!@!@STARTMSG 2217:4 @!@!@
7: <Next line 78, col 9 to line 100, col 103 of module pipeline_ooo>
/\ FULat2 = <<3, 3, 3, 3>>
/\ iMiss2 = <<FALSE, FALSE, FALSE, FALSE>>
/\ _RS2 = << { [ pc |-> 4,
       type |-> {1},
       lat |-> {3},
       dep |-> {3},
       imiss |-> {FALSE, TRUE} ] },
   {[pc |-> 2, type |-> {2}, lat |-> {3}, dep |-> {1}, imiss |-> {FALSE}]} >>
/\ locWorst = <<TRUE, FALSE>>
/\ _COM2 = << [ PC |->
         [pc |-> 1, type |-> {1}, lat |-> {3}, dep |-> {}, imiss |-> {FALSE}] ],
   [PC |-> [pc |-> 0, type |-> "empty"]] >>
/\ _ID = <<[PC |-> [pc |-> 0, type |-> "empty"]], [PC |-> [pc |-> 0, type |-> "empty"]]>>
/\ _IF = << [PC |-> [pc |-> 0, type |-> "empty"], currLat |-> 1, baseLat |-> 1],
   [PC |-> [pc |-> 0, type |-> "empty"], currLat |-> 1, baseLat |-> 1] >>
/\ FUTmpLat = <<<<<<3, 3>>, 3>>, 3>>
/\ _FU2 = << [ PC |-> [pc |-> 0, type |-> "empty"],
     currLat |-> 1,
     usage |-> 3,
     baseLat |-> 1 ],
   [ PC |->
         [ pc |-> 3,
           type |-> {2},
           lat |-> {3},
           dep |-> {},
           imiss |-> {FALSE, TRUE} ],
     currLat |-> 3,
     usage |-> 3,
     baseLat |-> 3 ] >>
/\ FUTmp = <<<<<<1, 2>>, 2>>, 1>>
/\ _COM = << [ PC |->
         [pc |-> 1, type |-> {1}, lat |-> {3}, dep |-> {}, imiss |-> {FALSE}] ],
   [PC |-> [pc |-> 0, type |-> "empty"]] >>
/\ _ID2 = <<[PC |-> [pc |-> 0, type |-> "empty"]], [PC |-> [pc |-> 0, type |-> "empty"]]>>
/\ currCycle2 = 6
/\ FU2 = <<1, 2, 2, 1>>
/\ _IF2 = << [PC |-> [pc |-> 0, type |-> "empty"], currLat |-> 1, baseLat |-> 1],
   [PC |-> [pc |-> 0, type |-> "empty"], currLat |-> 1, baseLat |-> 1] >>
/\ iMissTmp2 = <<<<<<FALSE, FALSE>>, FALSE>>, FALSE>>
/\ iMiss = <<FALSE, FALSE, FALSE, TRUE>>
/\ _RS = << { [ pc |-> 4,
       type |-> {1},
       lat |-> {3},
       dep |-> {3},
       imiss |-> {FALSE, TRUE} ] },
   { [ pc |-> 3,
       type |-> {2},
       lat |-> {3},
       dep |-> {},
       imiss |-> {FALSE, TRUE} ] } >>
/\ commonPre = FALSE
/\ currCycle = 6
/\ iMissTmp = <<<<<<FALSE, FALSE>>, FALSE>>, TRUE>>
/\ FULat = <<3, 3, 3, 3>>
/\ FUTmp2 = <<<<<<1, 2>>, 2>>, 1>>
/\ prog = [ rest |-> <<>>,
  exec |->
      << [ PC |->
               [ pc |-> 1,
                 type |-> {1},
                 lat |-> {3},
                 dep |-> {},
                 imiss |-> {FALSE} ],
           done |-> FALSE,
           comTime |-> 0,
           executed |-> TRUE,
           exStartTime |-> 2 ],
         [ PC |->
               [ pc |-> 2,
                 type |-> {2},
                 lat |-> {3},
                 dep |-> {1},
                 imiss |-> {FALSE} ],
           done |-> FALSE,
           comTime |-> 0,
           executed |-> FALSE,
           exStartTime |-> 5 ],
         [ PC |->
               [ pc |-> 3,
                 type |-> {2},
                 lat |-> {3},
                 dep |-> {},
                 imiss |-> {FALSE, TRUE} ],
           done |-> FALSE,
           comTime |-> 0,
           executed |-> FALSE,
           exStartTime |-> 0 ],
         [ PC |->
               [ pc |-> 4,
                 type |-> {1},
                 lat |-> {3},
                 dep |-> {3},
                 imiss |-> {FALSE, TRUE} ],
           done |-> FALSE,
           comTime |-> 0,
           executed |-> FALSE,
           exStartTime |-> 0 ] >> ]
/\ depProg = <<>>
/\ FUTmpLat2 = <<<<<<3, 3>>, 3>>, 3>>
/\ depProgTmp = <<>>
/\ prog2 = [ rest |-> <<>>,
  exec |->
      << [ PC |->
               [ pc |-> 1,
                 type |-> {1},
                 lat |-> {3},
                 dep |-> {},
                 imiss |-> {FALSE} ],
           done |-> FALSE,
           comTime |-> 0,
           executed |-> TRUE,
           exStartTime |-> 2 ],
         [ PC |->
               [ pc |-> 2,
                 type |-> {2},
                 lat |-> {3},
                 dep |-> {1},
                 imiss |-> {FALSE} ],
           done |-> FALSE,
           comTime |-> 0,
           executed |-> FALSE,
           exStartTime |-> 0 ],
         [ PC |->
               [ pc |-> 3,
                 type |-> {2},
                 lat |-> {3},
                 dep |-> {},
                 imiss |-> {FALSE, TRUE} ],
           done |-> FALSE,
           comTime |-> 0,
           executed |-> FALSE,
           exStartTime |-> 3 ],
         [ PC |->
               [ pc |-> 4,
                 type |-> {1},
                 lat |-> {3},
                 dep |-> {3},
                 imiss |-> {FALSE, TRUE} ],
           done |-> FALSE,
           comTime |-> 0,
           executed |-> FALSE,
           exStartTime |-> 0 ] >> ]
/\ FU = <<1, 2, 2, 1>>
/\ _FU = << [ PC |-> [pc |-> 0, type |-> "empty"],
     currLat |-> 1,
     usage |-> 3,
     baseLat |-> 1 ],
   [ PC |->
         [pc |-> 2, type |-> {2}, lat |-> {3}, dep |-> {1}, imiss |-> {FALSE}],
     currLat |-> 1,
     usage |-> 1,
     baseLat |-> 3 ] >>

@!@!@ENDMSG 2217 @!@!@
@!@!@STARTMSG 2217:4 @!@!@
8: <Next line 78, col 9 to line 100, col 103 of module pipeline_ooo>
/\ FULat2 = <<3, 3, 3, 3>>
/\ iMiss2 = <<FALSE, FALSE, FALSE, FALSE>>
/\ _RS2 = <<{}, {}>>
/\ locWorst = <<TRUE, FALSE>>
/\ _COM2 = <<[PC |-> [pc |-> 0, type |-> "empty"]], [PC |-> [pc |-> 0, type |-> "empty"]]>>
/\ _ID = <<[PC |-> [pc |-> 0, type |-> "empty"]], [PC |-> [pc |-> 0, type |-> "empty"]]>>
/\ _IF = << [PC |-> [pc |-> 0, type |-> "empty"], currLat |-> 1, baseLat |-> 1],
   [PC |-> [pc |-> 0, type |-> "empty"], currLat |-> 1, baseLat |-> 1] >>
/\ FUTmpLat = <<<<<<3, 3>>, 3>>, 3>>
/\ _FU2 = << [ PC |->
         [ pc |-> 4,
           type |-> {1},
           lat |-> {3},
           dep |-> {3},
           imiss |-> {FALSE, TRUE} ],
     currLat |-> 1,
     usage |-> 4,
     baseLat |-> 3 ],
   [ PC |->
         [pc |-> 2, type |-> {2}, lat |-> {3}, dep |-> {1}, imiss |-> {FALSE}],
     currLat |-> 1,
     usage |-> 4,
     baseLat |-> 3 ] >>
/\ FUTmp = <<<<<<1, 2>>, 2>>, 1>>
/\ _COM = <<[PC |-> [pc |-> 0, type |-> "empty"]], [PC |-> [pc |-> 0, type |-> "empty"]]>>
/\ _ID2 = <<[PC |-> [pc |-> 0, type |-> "empty"]], [PC |-> [pc |-> 0, type |-> "empty"]]>>
/\ currCycle2 = 7
/\ FU2 = <<1, 2, 2, 1>>
/\ _IF2 = << [PC |-> [pc |-> 0, type |-> "empty"], currLat |-> 1, baseLat |-> 1],
   [PC |-> [pc |-> 0, type |-> "empty"], currLat |-> 1, baseLat |-> 1] >>
/\ iMissTmp2 = <<<<<<FALSE, FALSE>>, FALSE>>, FALSE>>
/\ iMiss = <<FALSE, FALSE, FALSE, TRUE>>
/\ _RS = << { [ pc |-> 4,
       type |-> {1},
       lat |-> {3},
       dep |-> {3},
       imiss |-> {FALSE, TRUE} ] },
   { [ pc |-> 3,
       type |-> {2},
       lat |-> {3},
       dep |-> {},
       imiss |-> {FALSE, TRUE} ] } >>
/\ commonPre = FALSE
/\ currCycle = 7
/\ iMissTmp = <<<<<<FALSE, FALSE>>, FALSE>>, TRUE>>
/\ FULat = <<3, 3, 3, 3>>
/\ FUTmp2 = <<<<<<1, 2>>, 2>>, 1>>
/\ prog = [ rest |-> <<>>,
  exec |->
      << [ PC |->
               [ pc |-> 1,
                 type |-> {1},
                 lat |-> {3},
                 dep |-> {},
                 imiss |-> {FALSE} ],
           done |-> TRUE,
           comTime |-> 6,
           executed |-> TRUE,
           exStartTime |-> 2 ],
         [ PC |->
               [ pc |-> 2,
                 type |-> {2},
                 lat |-> {3},
                 dep |-> {1},
                 imiss |-> {FALSE} ],
           done |-> FALSE,
           comTime |-> 0,
           executed |-> FALSE,
           exStartTime |-> 5 ],
         [ PC |->
               [ pc |-> 3,
                 type |-> {2},
                 lat |-> {3},
                 dep |-> {},
                 imiss |-> {FALSE, TRUE} ],
           done |-> FALSE,
           comTime |-> 0,
           executed |-> FALSE,
           exStartTime |-> 0 ],
         [ PC |->
               [ pc |-> 4,
                 type |-> {1},
                 lat |-> {3},
                 dep |-> {3},
                 imiss |-> {FALSE, TRUE} ],
           done |-> FALSE,
           comTime |-> 0,
           executed |-> FALSE,
           exStartTime |-> 0 ] >> ]
/\ depProg = <<>>
/\ FUTmpLat2 = <<<<<<3, 3>>, 3>>, 3>>
/\ depProgTmp = <<>>
/\ prog2 = [ rest |-> <<>>,
  exec |->
      << [ PC |->
               [ pc |-> 1,
                 type |-> {1},
                 lat |-> {3},
                 dep |-> {},
                 imiss |-> {FALSE} ],
           done |-> TRUE,
           comTime |-> 6,
           executed |-> TRUE,
           exStartTime |-> 2 ],
         [ PC |->
               [ pc |-> 2,
                 type |-> {2},
                 lat |-> {3},
                 dep |-> {1},
                 imiss |-> {FALSE} ],
           done |-> FALSE,
           comTime |-> 0,
           executed |-> FALSE,
           exStartTime |-> 6 ],
         [ PC |->
               [ pc |-> 3,
                 type |-> {2},
                 lat |-> {3},
                 dep |-> {},
                 imiss |-> {FALSE, TRUE} ],
           done |-> FALSE,
           comTime |-> 0,
           executed |-> TRUE,
           exStartTime |-> 3 ],
         [ PC |->
               [ pc |-> 4,
                 type |-> {1},
                 lat |-> {3},
                 dep |-> {3},
                 imiss |-> {FALSE, TRUE} ],
           done |-> FALSE,
           comTime |-> 0,
           executed |-> FALSE,
           exStartTime |-> 6 ] >> ]
/\ FU = <<1, 2, 2, 1>>
/\ _FU = << [ PC |-> [pc |-> 0, type |-> "empty"],
     currLat |-> 1,
     usage |-> 3,
     baseLat |-> 1 ],
   [ PC |->
         [pc |-> 2, type |-> {2}, lat |-> {3}, dep |-> {1}, imiss |-> {FALSE}],
     currLat |-> 2,
     usage |-> 2,
     baseLat |-> 3 ] >>

@!@!@ENDMSG 2217 @!@!@
@!@!@STARTMSG 2217:4 @!@!@
9: <Next line 78, col 9 to line 100, col 103 of module pipeline_ooo>
/\ FULat2 = <<3, 3, 3, 3>>
/\ iMiss2 = <<FALSE, FALSE, FALSE, FALSE>>
/\ _RS2 = <<{}, {}>>
/\ locWorst = <<TRUE, FALSE>>
/\ _COM2 = <<[PC |-> [pc |-> 0, type |-> "empty"]], [PC |-> [pc |-> 0, type |-> "empty"]]>>
/\ _ID = <<[PC |-> [pc |-> 0, type |-> "empty"]], [PC |-> [pc |-> 0, type |-> "empty"]]>>
/\ _IF = << [PC |-> [pc |-> 0, type |-> "empty"], currLat |-> 1, baseLat |-> 1],
   [PC |-> [pc |-> 0, type |-> "empty"], currLat |-> 1, baseLat |-> 1] >>
/\ FUTmpLat = <<<<<<3, 3>>, 3>>, 3>>
/\ _FU2 = << [ PC |->
         [ pc |-> 4,
           type |-> {1},
           lat |-> {3},
           dep |-> {3},
           imiss |-> {FALSE, TRUE} ],
     currLat |-> 2,
     usage |-> 5,
     baseLat |-> 3 ],
   [ PC |->
         [pc |-> 2, type |-> {2}, lat |-> {3}, dep |-> {1}, imiss |-> {FALSE}],
     currLat |-> 2,
     usage |-> 5,
     baseLat |-> 3 ] >>
/\ FUTmp = <<<<<<1, 2>>, 2>>, 1>>
/\ _COM = <<[PC |-> [pc |-> 0, type |-> "empty"]], [PC |-> [pc |-> 0, type |-> "empty"]]>>
/\ _ID2 = <<[PC |-> [pc |-> 0, type |-> "empty"]], [PC |-> [pc |-> 0, type |-> "empty"]]>>
/\ currCycle2 = 8
/\ FU2 = <<1, 2, 2, 1>>
/\ _IF2 = << [PC |-> [pc |-> 0, type |-> "empty"], currLat |-> 1, baseLat |-> 1],
   [PC |-> [pc |-> 0, type |-> "empty"], currLat |-> 1, baseLat |-> 1] >>
/\ iMissTmp2 = <<<<<<FALSE, FALSE>>, FALSE>>, FALSE>>
/\ iMiss = <<FALSE, FALSE, FALSE, TRUE>>
/\ _RS = << { [ pc |-> 4,
       type |-> {1},
       lat |-> {3},
       dep |-> {3},
       imiss |-> {FALSE, TRUE} ] },
   { [ pc |-> 3,
       type |-> {2},
       lat |-> {3},
       dep |-> {},
       imiss |-> {FALSE, TRUE} ] } >>
/\ commonPre = FALSE
/\ currCycle = 8
/\ iMissTmp = <<<<<<FALSE, FALSE>>, FALSE>>, TRUE>>
/\ FULat = <<3, 3, 3, 3>>
/\ FUTmp2 = <<<<<<1, 2>>, 2>>, 1>>
/\ prog = [ rest |-> <<>>,
  exec |->
      << [ PC |->
               [ pc |-> 1,
                 type |-> {1},
                 lat |-> {3},
                 dep |-> {},
                 imiss |-> {FALSE} ],
           done |-> TRUE,
           comTime |-> 6,
           executed |-> TRUE,
           exStartTime |-> 2 ],
         [ PC |->
               [ pc |-> 2,
                 type |-> {2},
                 lat |-> {3},
                 dep |-> {1},
                 imiss |-> {FALSE} ],
           done |-> FALSE,
           comTime |-> 0,
           executed |-> FALSE,
           exStartTime |-> 5 ],
         [ PC |->
               [ pc |-> 3,
                 type |-> {2},
                 lat |-> {3},
                 dep |-> {},
                 imiss |-> {FALSE, TRUE} ],
           done |-> FALSE,
           comTime |-> 0,
           executed |-> FALSE,
           exStartTime |-> 0 ],
         [ PC |->
               [ pc |-> 4,
                 type |-> {1},
                 lat |-> {3},
                 dep |-> {3},
                 imiss |-> {FALSE, TRUE} ],
           done |-> FALSE,
           comTime |-> 0,
           executed |-> FALSE,
           exStartTime |-> 0 ] >> ]
/\ depProg = <<>>
/\ FUTmpLat2 = <<<<<<3, 3>>, 3>>, 3>>
/\ depProgTmp = <<>>
/\ prog2 = [ rest |-> <<>>,
  exec |->
      << [ PC |->
               [ pc |-> 1,
                 type |-> {1},
                 lat |-> {3},
                 dep |-> {},
                 imiss |-> {FALSE} ],
           done |-> TRUE,
           comTime |-> 6,
           executed |-> TRUE,
           exStartTime |-> 2 ],
         [ PC |->
               [ pc |-> 2,
                 type |-> {2},
                 lat |-> {3},
                 dep |-> {1},
                 imiss |-> {FALSE} ],
           done |-> FALSE,
           comTime |-> 0,
           executed |-> FALSE,
           exStartTime |-> 6 ],
         [ PC |->
               [ pc |-> 3,
                 type |-> {2},
                 lat |-> {3},
                 dep |-> {},
                 imiss |-> {FALSE, TRUE} ],
           done |-> FALSE,
           comTime |-> 0,
           executed |-> TRUE,
           exStartTime |-> 3 ],
         [ PC |->
               [ pc |-> 4,
                 type |-> {1},
                 lat |-> {3},
                 dep |-> {3},
                 imiss |-> {FALSE, TRUE} ],
           done |-> FALSE,
           comTime |-> 0,
           executed |-> FALSE,
           exStartTime |-> 6 ] >> ]
/\ FU = <<1, 2, 2, 1>>
/\ _FU = << [ PC |-> [pc |-> 0, type |-> "empty"],
     currLat |-> 1,
     usage |-> 3,
     baseLat |-> 1 ],
   [ PC |->
         [pc |-> 2, type |-> {2}, lat |-> {3}, dep |-> {1}, imiss |-> {FALSE}],
     currLat |-> 3,
     usage |-> 3,
     baseLat |-> 3 ] >>

@!@!@ENDMSG 2217 @!@!@
@!@!@STARTMSG 2217:4 @!@!@
10: <Next line 78, col 9 to line 100, col 103 of module pipeline_ooo>
/\ FULat2 = <<3, 3, 3, 3>>
/\ iMiss2 = <<FALSE, FALSE, FALSE, FALSE>>
/\ _RS2 = <<{}, {}>>
/\ locWorst = <<TRUE, FALSE>>
/\ _COM2 = <<[PC |-> [pc |-> 0, type |-> "empty"]], [PC |-> [pc |-> 0, type |-> "empty"]]>>
/\ _ID = <<[PC |-> [pc |-> 0, type |-> "empty"]], [PC |-> [pc |-> 0, type |-> "empty"]]>>
/\ _IF = << [PC |-> [pc |-> 0, type |-> "empty"], currLat |-> 1, baseLat |-> 1],
   [PC |-> [pc |-> 0, type |-> "empty"], currLat |-> 1, baseLat |-> 1] >>
/\ FUTmpLat = <<<<<<3, 3>>, 3>>, 3>>
/\ _FU2 = << [ PC |->
         [ pc |-> 4,
           type |-> {1},
           lat |-> {3},
           dep |-> {3},
           imiss |-> {FALSE, TRUE} ],
     currLat |-> 3,
     usage |-> 6,
     baseLat |-> 3 ],
   [ PC |->
         [pc |-> 2, type |-> {2}, lat |-> {3}, dep |-> {1}, imiss |-> {FALSE}],
     currLat |-> 3,
     usage |-> 6,
     baseLat |-> 3 ] >>
/\ FUTmp = <<<<<<1, 2>>, 2>>, 1>>
/\ _COM = << [ PC |->
         [ pc |-> 2,
           type |-> {2},
           lat |-> {3},
           dep |-> {1},
           imiss |-> {FALSE} ] ],
   [PC |-> [pc |-> 0, type |-> "empty"]] >>
/\ _ID2 = <<[PC |-> [pc |-> 0, type |-> "empty"]], [PC |-> [pc |-> 0, type |-> "empty"]]>>
/\ currCycle2 = 9
/\ FU2 = <<1, 2, 2, 1>>
/\ _IF2 = << [PC |-> [pc |-> 0, type |-> "empty"], currLat |-> 1, baseLat |-> 1],
   [PC |-> [pc |-> 0, type |-> "empty"], currLat |-> 1, baseLat |-> 1] >>
/\ iMissTmp2 = <<<<<<FALSE, FALSE>>, FALSE>>, FALSE>>
/\ iMiss = <<FALSE, FALSE, FALSE, TRUE>>
/\ _RS = << { [ pc |-> 4,
       type |-> {1},
       lat |-> {3},
       dep |-> {3},
       imiss |-> {FALSE, TRUE} ] },
   {} >>
/\ commonPre = FALSE
/\ currCycle = 9
/\ iMissTmp = <<<<<<FALSE, FALSE>>, FALSE>>, TRUE>>
/\ FULat = <<3, 3, 3, 3>>
/\ FUTmp2 = <<<<<<1, 2>>, 2>>, 1>>
/\ prog = [ rest |-> <<>>,
  exec |->
      << [ PC |->
               [ pc |-> 1,
                 type |-> {1},
                 lat |-> {3},
                 dep |-> {},
                 imiss |-> {FALSE} ],
           done |-> TRUE,
           comTime |-> 6,
           executed |-> TRUE,
           exStartTime |-> 2 ],
         [ PC |->
               [ pc |-> 2,
                 type |-> {2},
                 lat |-> {3},
                 dep |-> {1},
                 imiss |-> {FALSE} ],
           done |-> FALSE,
           comTime |-> 0,
           executed |-> TRUE,
           exStartTime |-> 5 ],
         [ PC |->
               [ pc |-> 3,
                 type |-> {2},
                 lat |-> {3},
                 dep |-> {},
                 imiss |-> {FALSE, TRUE} ],
           done |-> FALSE,
           comTime |-> 0,
           executed |-> FALSE,
           exStartTime |-> 8 ],
         [ PC |->
               [ pc |-> 4,
                 type |-> {1},
                 lat |-> {3},
                 dep |-> {3},
                 imiss |-> {FALSE, TRUE} ],
           done |-> FALSE,
           comTime |-> 0,
           executed |-> FALSE,
           exStartTime |-> 0 ] >> ]
/\ depProg = <<>>
/\ FUTmpLat2 = <<<<<<3, 3>>, 3>>, 3>>
/\ depProgTmp = <<>>
/\ prog2 = [ rest |-> <<>>,
  exec |->
      << [ PC |->
               [ pc |-> 1,
                 type |-> {1},
                 lat |-> {3},
                 dep |-> {},
                 imiss |-> {FALSE} ],
           done |-> TRUE,
           comTime |-> 6,
           executed |-> TRUE,
           exStartTime |-> 2 ],
         [ PC |->
               [ pc |-> 2,
                 type |-> {2},
                 lat |-> {3},
                 dep |-> {1},
                 imiss |-> {FALSE} ],
           done |-> FALSE,
           comTime |-> 0,
           executed |-> FALSE,
           exStartTime |-> 6 ],
         [ PC |->
               [ pc |-> 3,
                 type |-> {2},
                 lat |-> {3},
                 dep |-> {},
                 imiss |-> {FALSE, TRUE} ],
           done |-> FALSE,
           comTime |-> 0,
           executed |-> TRUE,
           exStartTime |-> 3 ],
         [ PC |->
               [ pc |-> 4,
                 type |-> {1},
                 lat |-> {3},
                 dep |-> {3},
                 imiss |-> {FALSE, TRUE} ],
           done |-> FALSE,
           comTime |-> 0,
           executed |-> FALSE,
           exStartTime |-> 6 ] >> ]
/\ FU = <<1, 2, 2, 1>>
/\ _FU = << [ PC |-> [pc |-> 0, type |-> "empty"],
     currLat |-> 1,
     usage |-> 3,
     baseLat |-> 1 ],
   [ PC |->
         [ pc |-> 3,
           type |-> {2},
           lat |-> {3},
           dep |-> {},
           imiss |-> {FALSE, TRUE} ],
     currLat |-> 1,
     usage |-> 4,
     baseLat |-> 3 ] >>

@!@!@ENDMSG 2217 @!@!@
@!@!@STARTMSG 2217:4 @!@!@
11: <Next line 78, col 9 to line 100, col 103 of module pipeline_ooo>
/\ FULat2 = <<3, 3, 3, 3>>
/\ iMiss2 = <<FALSE, FALSE, FALSE, FALSE>>
/\ _RS2 = <<{}, {}>>
/\ locWorst = <<TRUE, FALSE>>
/\ _COM2 = << [ PC |->
         [ pc |-> 2,
           type |-> {2},
           lat |-> {3},
           dep |-> {1},
           imiss |-> {FALSE} ] ],
   [ PC |->
         [ pc |-> 3,
           type |-> {2},
           lat |-> {3},
           dep |-> {},
           imiss |-> {FALSE, TRUE} ] ] >>
/\ _ID = <<[PC |-> [pc |-> 0, type |-> "empty"]], [PC |-> [pc |-> 0, type |-> "empty"]]>>
/\ _IF = << [PC |-> [pc |-> 0, type |-> "empty"], currLat |-> 1, baseLat |-> 1],
   [PC |-> [pc |-> 0, type |-> "empty"], currLat |-> 1, baseLat |-> 1] >>
/\ FUTmpLat = <<<<<<3, 3>>, 3>>, 3>>
/\ _FU2 = << [ PC |-> [pc |-> 0, type |-> "empty"],
     currLat |-> 1,
     usage |-> 6,
     baseLat |-> 1 ],
   [ PC |-> [pc |-> 0, type |-> "empty"],
     currLat |-> 1,
     usage |-> 6,
     baseLat |-> 1 ] >>
/\ FUTmp = <<<<<<1, 2>>, 2>>, 1>>
/\ _COM = <<[PC |-> [pc |-> 0, type |-> "empty"]], [PC |-> [pc |-> 0, type |-> "empty"]]>>
/\ _ID2 = <<[PC |-> [pc |-> 0, type |-> "empty"]], [PC |-> [pc |-> 0, type |-> "empty"]]>>
/\ currCycle2 = 10
/\ FU2 = <<1, 2, 2, 1>>
/\ _IF2 = << [PC |-> [pc |-> 0, type |-> "empty"], currLat |-> 1, baseLat |-> 1],
   [PC |-> [pc |-> 0, type |-> "empty"], currLat |-> 1, baseLat |-> 1] >>
/\ iMissTmp2 = <<<<<<FALSE, FALSE>>, FALSE>>, FALSE>>
/\ iMiss = <<FALSE, FALSE, FALSE, TRUE>>
/\ _RS = << { [ pc |-> 4,
       type |-> {1},
       lat |-> {3},
       dep |-> {3},
       imiss |-> {FALSE, TRUE} ] },
   {} >>
/\ commonPre = FALSE
/\ currCycle = 10
/\ iMissTmp = <<<<<<FALSE, FALSE>>, FALSE>>, TRUE>>
/\ FULat = <<3, 3, 3, 3>>
/\ FUTmp2 = <<<<<<1, 2>>, 2>>, 1>>
/\ prog = [ rest |-> <<>>,
  exec |->
      << [ PC |->
               [ pc |-> 1,
                 type |-> {1},
                 lat |-> {3},
                 dep |-> {},
                 imiss |-> {FALSE} ],
           done |-> TRUE,
           comTime |-> 6,
           executed |-> TRUE,
           exStartTime |-> 2 ],
         [ PC |->
               [ pc |-> 2,
                 type |-> {2},
                 lat |-> {3},
                 dep |-> {1},
                 imiss |-> {FALSE} ],
           done |-> TRUE,
           comTime |-> 9,
           executed |-> TRUE,
           exStartTime |-> 5 ],
         [ PC |->
               [ pc |-> 3,
                 type |-> {2},
                 lat |-> {3},
                 dep |-> {},
                 imiss |-> {FALSE, TRUE} ],
           done |-> FALSE,
           comTime |-> 0,
           executed |-> FALSE,
           exStartTime |-> 8 ],
         [ PC |->
               [ pc |-> 4,
                 type |-> {1},
                 lat |-> {3},
                 dep |-> {3},
                 imiss |-> {FALSE, TRUE} ],
           done |-> FALSE,
           comTime |-> 0,
           executed |-> FALSE,
           exStartTime |-> 0 ] >> ]
/\ depProg = <<>>
/\ FUTmpLat2 = <<<<<<3, 3>>, 3>>, 3>>
/\ depProgTmp = <<>>
/\ prog2 = [ rest |-> <<>>,
  exec |->
      << [ PC |->
               [ pc |-> 1,
                 type |-> {1},
                 lat |-> {3},
                 dep |-> {},
                 imiss |-> {FALSE} ],
           done |-> TRUE,
           comTime |-> 6,
           executed |-> TRUE,
           exStartTime |-> 2 ],
         [ PC |->
               [ pc |-> 2,
                 type |-> {2},
                 lat |-> {3},
                 dep |-> {1},
                 imiss |-> {FALSE} ],
           done |-> FALSE,
           comTime |-> 0,
           executed |-> TRUE,
           exStartTime |-> 6 ],
         [ PC |->
               [ pc |-> 3,
                 type |-> {2},
                 lat |-> {3},
                 dep |-> {},
                 imiss |-> {FALSE, TRUE} ],
           done |-> FALSE,
           comTime |-> 0,
           executed |-> TRUE,
           exStartTime |-> 3 ],
         [ PC |->
               [ pc |-> 4,
                 type |-> {1},
                 lat |-> {3},
                 dep |-> {3},
                 imiss |-> {FALSE, TRUE} ],
           done |-> FALSE,
           comTime |-> 0,
           executed |-> TRUE,
           exStartTime |-> 6 ] >> ]
/\ FU = <<1, 2, 2, 1>>
/\ _FU = << [ PC |-> [pc |-> 0, type |-> "empty"],
     currLat |-> 1,
     usage |-> 3,
     baseLat |-> 1 ],
   [ PC |->
         [ pc |-> 3,
           type |-> {2},
           lat |-> {3},
           dep |-> {},
           imiss |-> {FALSE, TRUE} ],
     currLat |-> 2,
     usage |-> 5,
     baseLat |-> 3 ] >>

@!@!@ENDMSG 2217 @!@!@
@!@!@STARTMSG 2217:4 @!@!@
12: <Next line 78, col 9 to line 100, col 103 of module pipeline_ooo>
/\ FULat2 = <<3, 3, 3, 3>>
/\ iMiss2 = <<FALSE, FALSE, FALSE, FALSE>>
/\ _RS2 = <<{}, {}>>
/\ locWorst = <<TRUE, FALSE>>
/\ _COM2 = << [ PC |->
         [ pc |-> 4,
           type |-> {1},
           lat |-> {3},
           dep |-> {3},
           imiss |-> {FALSE, TRUE} ] ],
   [PC |-> [pc |-> 0, type |-> "empty"]] >>
/\ _ID = <<[PC |-> [pc |-> 0, type |-> "empty"]], [PC |-> [pc |-> 0, type |-> "empty"]]>>
/\ _IF = << [PC |-> [pc |-> 0, type |-> "empty"], currLat |-> 1, baseLat |-> 1],
   [PC |-> [pc |-> 0, type |-> "empty"], currLat |-> 1, baseLat |-> 1] >>
/\ FUTmpLat = <<<<<<3, 3>>, 3>>, 3>>
/\ _FU2 = << [ PC |-> [pc |-> 0, type |-> "empty"],
     currLat |-> 1,
     usage |-> 6,
     baseLat |-> 1 ],
   [ PC |-> [pc |-> 0, type |-> "empty"],
     currLat |-> 1,
     usage |-> 6,
     baseLat |-> 1 ] >>
/\ FUTmp = <<<<<<1, 2>>, 2>>, 1>>
/\ _COM = <<[PC |-> [pc |-> 0, type |-> "empty"]], [PC |-> [pc |-> 0, type |-> "empty"]]>>
/\ _ID2 = <<[PC |-> [pc |-> 0, type |-> "empty"]], [PC |-> [pc |-> 0, type |-> "empty"]]>>
/\ currCycle2 = 11
/\ FU2 = <<1, 2, 2, 1>>
/\ _IF2 = << [PC |-> [pc |-> 0, type |-> "empty"], currLat |-> 1, baseLat |-> 1],
   [PC |-> [pc |-> 0, type |-> "empty"], currLat |-> 1, baseLat |-> 1] >>
/\ iMissTmp2 = <<<<<<FALSE, FALSE>>, FALSE>>, FALSE>>
/\ iMiss = <<FALSE, FALSE, FALSE, TRUE>>
/\ _RS = << { [ pc |-> 4,
       type |-> {1},
       lat |-> {3},
       dep |-> {3},
       imiss |-> {FALSE, TRUE} ] },
   {} >>
/\ commonPre = FALSE
/\ currCycle = 11
/\ iMissTmp = <<<<<<FALSE, FALSE>>, FALSE>>, TRUE>>
/\ FULat = <<3, 3, 3, 3>>
/\ FUTmp2 = <<<<<<1, 2>>, 2>>, 1>>
/\ prog = [ rest |-> <<>>,
  exec |->
      << [ PC |->
               [ pc |-> 1,
                 type |-> {1},
                 lat |-> {3},
                 dep |-> {},
                 imiss |-> {FALSE} ],
           done |-> TRUE,
           comTime |-> 6,
           executed |-> TRUE,
           exStartTime |-> 2 ],
         [ PC |->
               [ pc |-> 2,
                 type |-> {2},
                 lat |-> {3},
                 dep |-> {1},
                 imiss |-> {FALSE} ],
           done |-> TRUE,
           comTime |-> 9,
           executed |-> TRUE,
           exStartTime |-> 5 ],
         [ PC |->
               [ pc |-> 3,
                 type |-> {2},
                 lat |-> {3},
                 dep |-> {},
                 imiss |-> {FALSE, TRUE} ],
           done |-> FALSE,
           comTime |-> 0,
           executed |-> FALSE,
           exStartTime |-> 8 ],
         [ PC |->
               [ pc |-> 4,
                 type |-> {1},
                 lat |-> {3},
                 dep |-> {3},
                 imiss |-> {FALSE, TRUE} ],
           done |-> FALSE,
           comTime |-> 0,
           executed |-> FALSE,
           exStartTime |-> 0 ] >> ]
/\ depProg = <<>>
/\ FUTmpLat2 = <<<<<<3, 3>>, 3>>, 3>>
/\ depProgTmp = <<>>
/\ prog2 = [ rest |-> <<>>,
  exec |->
      << [ PC |->
               [ pc |-> 1,
                 type |-> {1},
                 lat |-> {3},
                 dep |-> {},
                 imiss |-> {FALSE} ],
           done |-> TRUE,
           comTime |-> 6,
           executed |-> TRUE,
           exStartTime |-> 2 ],
         [ PC |->
               [ pc |-> 2,
                 type |-> {2},
                 lat |-> {3},
                 dep |-> {1},
                 imiss |-> {FALSE} ],
           done |-> TRUE,
           comTime |-> 10,
           executed |-> TRUE,
           exStartTime |-> 6 ],
         [ PC |->
               [ pc |-> 3,
                 type |-> {2},
                 lat |-> {3},
                 dep |-> {},
                 imiss |-> {FALSE, TRUE} ],
           done |-> TRUE,
           comTime |-> 10,
           executed |-> TRUE,
           exStartTime |-> 3 ],
         [ PC |->
               [ pc |-> 4,
                 type |-> {1},
                 lat |-> {3},
                 dep |-> {3},
                 imiss |-> {FALSE, TRUE} ],
           done |-> FALSE,
           comTime |-> 0,
           executed |-> TRUE,
           exStartTime |-> 6 ] >> ]
/\ FU = <<1, 2, 2, 1>>
/\ _FU = << [ PC |-> [pc |-> 0, type |-> "empty"],
     currLat |-> 1,
     usage |-> 3,
     baseLat |-> 1 ],
   [ PC |->
         [ pc |-> 3,
           type |-> {2},
           lat |-> {3},
           dep |-> {},
           imiss |-> {FALSE, TRUE} ],
     currLat |-> 3,
     usage |-> 6,
     baseLat |-> 3 ] >>

@!@!@ENDMSG 2217 @!@!@
@!@!@STARTMSG 2217:4 @!@!@
13: <Next line 78, col 9 to line 100, col 103 of module pipeline_ooo>
/\ FULat2 = <<3, 3, 3, 3>>
/\ iMiss2 = <<FALSE, FALSE, FALSE, FALSE>>
/\ _RS2 = <<{}, {}>>
/\ locWorst = <<TRUE, FALSE>>
/\ _COM2 = <<[PC |-> [pc |-> 0, type |-> "empty"]], [PC |-> [pc |-> 0, type |-> "empty"]]>>
/\ _ID = <<[PC |-> [pc |-> 0, type |-> "empty"]], [PC |-> [pc |-> 0, type |-> "empty"]]>>
/\ _IF = << [PC |-> [pc |-> 0, type |-> "empty"], currLat |-> 1, baseLat |-> 1],
   [PC |-> [pc |-> 0, type |-> "empty"], currLat |-> 1, baseLat |-> 1] >>
/\ FUTmpLat = <<<<<<3, 3>>, 3>>, 3>>
/\ _FU2 = << [ PC |-> [pc |-> 0, type |-> "empty"],
     currLat |-> 1,
     usage |-> 6,
     baseLat |-> 1 ],
   [ PC |-> [pc |-> 0, type |-> "empty"],
     currLat |-> 1,
     usage |-> 6,
     baseLat |-> 1 ] >>
/\ FUTmp = <<<<<<1, 2>>, 2>>, 1>>
/\ _COM = << [ PC |->
         [ pc |-> 3,
           type |-> {2},
           lat |-> {3},
           dep |-> {},
           imiss |-> {FALSE, TRUE} ] ],
   [PC |-> [pc |-> 0, type |-> "empty"]] >>
/\ _ID2 = <<[PC |-> [pc |-> 0, type |-> "empty"]], [PC |-> [pc |-> 0, type |-> "empty"]]>>
/\ currCycle2 = 12
/\ FU2 = <<1, 2, 2, 1>>
/\ _IF2 = << [PC |-> [pc |-> 0, type |-> "empty"], currLat |-> 1, baseLat |-> 1],
   [PC |-> [pc |-> 0, type |-> "empty"], currLat |-> 1, baseLat |-> 1] >>
/\ iMissTmp2 = <<<<<<FALSE, FALSE>>, FALSE>>, FALSE>>
/\ iMiss = <<FALSE, FALSE, FALSE, TRUE>>
/\ _RS = <<{}, {}>>
/\ commonPre = FALSE
/\ currCycle = 12
/\ iMissTmp = <<<<<<FALSE, FALSE>>, FALSE>>, TRUE>>
/\ FULat = <<3, 3, 3, 3>>
/\ FUTmp2 = <<<<<<1, 2>>, 2>>, 1>>
/\ prog = [ rest |-> <<>>,
  exec |->
      << [ PC |->
               [ pc |-> 1,
                 type |-> {1},
                 lat |-> {3},
                 dep |-> {},
                 imiss |-> {FALSE} ],
           done |-> TRUE,
           comTime |-> 6,
           executed |-> TRUE,
           exStartTime |-> 2 ],
         [ PC |->
               [ pc |-> 2,
                 type |-> {2},
                 lat |-> {3},
                 dep |-> {1},
                 imiss |-> {FALSE} ],
           done |-> TRUE,
           comTime |-> 9,
           executed |-> TRUE,
           exStartTime |-> 5 ],
         [ PC |->
               [ pc |-> 3,
                 type |-> {2},
                 lat |-> {3},
                 dep |-> {},
                 imiss |-> {FALSE, TRUE} ],
           done |-> FALSE,
           comTime |-> 0,
           executed |-> TRUE,
           exStartTime |-> 8 ],
         [ PC |->
               [ pc |-> 4,
                 type |-> {1},
                 lat |-> {3},
                 dep |-> {3},
                 imiss |-> {FALSE, TRUE} ],
           done |-> FALSE,
           comTime |-> 0,
           executed |-> FALSE,
           exStartTime |-> 11 ] >> ]
/\ depProg = <<>>
/\ FUTmpLat2 = <<<<<<3, 3>>, 3>>, 3>>
/\ depProgTmp = <<>>
/\ prog2 = [ rest |-> <<>>,
  exec |->
      << [ PC |->
               [ pc |-> 1,
                 type |-> {1},
                 lat |-> {3},
                 dep |-> {},
                 imiss |-> {FALSE} ],
           done |-> TRUE,
           comTime |-> 6,
           executed |-> TRUE,
           exStartTime |-> 2 ],
         [ PC |->
               [ pc |-> 2,
                 type |-> {2},
                 lat |-> {3},
                 dep |-> {1},
                 imiss |-> {FALSE} ],
           done |-> TRUE,
           comTime |-> 10,
           executed |-> TRUE,
           exStartTime |-> 6 ],
         [ PC |->
               [ pc |-> 3,
                 type |-> {2},
                 lat |-> {3},
                 dep |-> {},
                 imiss |-> {FALSE, TRUE} ],
           done |-> TRUE,
           comTime |-> 10,
           executed |-> TRUE,
           exStartTime |-> 3 ],
         [ PC |->
               [ pc |-> 4,
                 type |-> {1},
                 lat |-> {3},
                 dep |-> {3},
                 imiss |-> {FALSE, TRUE} ],
           done |-> TRUE,
           comTime |-> 11,
           executed |-> TRUE,
           exStartTime |-> 6 ] >> ]
/\ FU = <<1, 2, 2, 1>>
/\ _FU = << [ PC |->
         [ pc |-> 4,
           type |-> {1},
           lat |-> {3},
           dep |-> {3},
           imiss |-> {FALSE, TRUE} ],
     currLat |-> 1,
     usage |-> 4,
     baseLat |-> 3 ],
   [ PC |-> [pc |-> 0, type |-> "empty"],
     currLat |-> 1,
     usage |-> 6,
     baseLat |-> 1 ] >>

@!@!@ENDMSG 2217 @!@!@
@!@!@STARTMSG 2217:4 @!@!@
14: <Next line 78, col 9 to line 100, col 103 of module pipeline_ooo>
/\ FULat2 = <<3, 3, 3, 3>>
/\ iMiss2 = <<FALSE, FALSE, FALSE, FALSE>>
/\ _RS2 = <<{}, {}>>
/\ locWorst = <<TRUE, FALSE>>
/\ _COM2 = <<[PC |-> [pc |-> 0, type |-> "empty"]], [PC |-> [pc |-> 0, type |-> "empty"]]>>
/\ _ID = <<[PC |-> [pc |-> 0, type |-> "empty"]], [PC |-> [pc |-> 0, type |-> "empty"]]>>
/\ _IF = << [PC |-> [pc |-> 0, type |-> "empty"], currLat |-> 1, baseLat |-> 1],
   [PC |-> [pc |-> 0, type |-> "empty"], currLat |-> 1, baseLat |-> 1] >>
/\ FUTmpLat = <<<<<<3, 3>>, 3>>, 3>>
/\ _FU2 = << [ PC |-> [pc |-> 0, type |-> "empty"],
     currLat |-> 1,
     usage |-> 6,
     baseLat |-> 1 ],
   [ PC |-> [pc |-> 0, type |-> "empty"],
     currLat |-> 1,
     usage |-> 6,
     baseLat |-> 1 ] >>
/\ FUTmp = <<<<<<1, 2>>, 2>>, 1>>
/\ _COM = <<[PC |-> [pc |-> 0, type |-> "empty"]], [PC |-> [pc |-> 0, type |-> "empty"]]>>
/\ _ID2 = <<[PC |-> [pc |-> 0, type |-> "empty"]], [PC |-> [pc |-> 0, type |-> "empty"]]>>
/\ currCycle2 = 12
/\ FU2 = <<1, 2, 2, 1>>
/\ _IF2 = << [PC |-> [pc |-> 0, type |-> "empty"], currLat |-> 1, baseLat |-> 1],
   [PC |-> [pc |-> 0, type |-> "empty"], currLat |-> 1, baseLat |-> 1] >>
/\ iMissTmp2 = <<<<<<FALSE, FALSE>>, FALSE>>, FALSE>>
/\ iMiss = <<FALSE, FALSE, FALSE, TRUE>>
/\ _RS = <<{}, {}>>
/\ commonPre = FALSE
/\ currCycle = 13
/\ iMissTmp = <<<<<<FALSE, FALSE>>, FALSE>>, TRUE>>
/\ FULat = <<3, 3, 3, 3>>
/\ FUTmp2 = <<<<<<1, 2>>, 2>>, 1>>
/\ prog = [ rest |-> <<>>,
  exec |->
      << [ PC |->
               [ pc |-> 1,
                 type |-> {1},
                 lat |-> {3},
                 dep |-> {},
                 imiss |-> {FALSE} ],
           done |-> TRUE,
           comTime |-> 6,
           executed |-> TRUE,
           exStartTime |-> 2 ],
         [ PC |->
               [ pc |-> 2,
                 type |-> {2},
                 lat |-> {3},
                 dep |-> {1},
                 imiss |-> {FALSE} ],
           done |-> TRUE,
           comTime |-> 9,
           executed |-> TRUE,
           exStartTime |-> 5 ],
         [ PC |->
               [ pc |-> 3,
                 type |-> {2},
                 lat |-> {3},
                 dep |-> {},
                 imiss |-> {FALSE, TRUE} ],
           done |-> TRUE,
           comTime |-> 12,
           executed |-> TRUE,
           exStartTime |-> 8 ],
         [ PC |->
               [ pc |-> 4,
                 type |-> {1},
                 lat |-> {3},
                 dep |-> {3},
                 imiss |-> {FALSE, TRUE} ],
           done |-> FALSE,
           comTime |-> 0,
           executed |-> FALSE,
           exStartTime |-> 11 ] >> ]
/\ depProg = <<>>
/\ FUTmpLat2 = <<<<<<3, 3>>, 3>>, 3>>
/\ depProgTmp = <<>>
/\ prog2 = [ rest |-> <<>>,
  exec |->
      << [ PC |->
               [ pc |-> 1,
                 type |-> {1},
                 lat |-> {3},
                 dep |-> {},
                 imiss |-> {FALSE} ],
           done |-> TRUE,
           comTime |-> 6,
           executed |-> TRUE,
           exStartTime |-> 2 ],
         [ PC |->
               [ pc |-> 2,
                 type |-> {2},
                 lat |-> {3},
                 dep |-> {1},
                 imiss |-> {FALSE} ],
           done |-> TRUE,
           comTime |-> 10,
           executed |-> TRUE,
           exStartTime |-> 6 ],
         [ PC |->
               [ pc |-> 3,
                 type |-> {2},
                 lat |-> {3},
                 dep |-> {},
                 imiss |-> {FALSE, TRUE} ],
           done |-> TRUE,
           comTime |-> 10,
           executed |-> TRUE,
           exStartTime |-> 3 ],
         [ PC |->
               [ pc |-> 4,
                 type |-> {1},
                 lat |-> {3},
                 dep |-> {3},
                 imiss |-> {FALSE, TRUE} ],
           done |-> TRUE,
           comTime |-> 11,
           executed |-> TRUE,
           exStartTime |-> 6 ] >> ]
/\ FU = <<1, 2, 2, 1>>
/\ _FU = << [ PC |->
         [ pc |-> 4,
           type |-> {1},
           lat |-> {3},
           dep |-> {3},
           imiss |-> {FALSE, TRUE} ],
     currLat |-> 2,
     usage |-> 5,
     baseLat |-> 3 ],
   [ PC |-> [pc |-> 0, type |-> "empty"],
     currLat |-> 1,
     usage |-> 6,
     baseLat |-> 1 ] >>

@!@!@ENDMSG 2217 @!@!@
@!@!@STARTMSG 2217:4 @!@!@
15: <Next line 78, col 9 to line 100, col 103 of module pipeline_ooo>
/\ FULat2 = <<3, 3, 3, 3>>
/\ iMiss2 = <<FALSE, FALSE, FALSE, FALSE>>
/\ _RS2 = <<{}, {}>>
/\ locWorst = <<TRUE, FALSE>>
/\ _COM2 = <<[PC |-> [pc |-> 0, type |-> "empty"]], [PC |-> [pc |-> 0, type |-> "empty"]]>>
/\ _ID = <<[PC |-> [pc |-> 0, type |-> "empty"]], [PC |-> [pc |-> 0, type |-> "empty"]]>>
/\ _IF = << [PC |-> [pc |-> 0, type |-> "empty"], currLat |-> 1, baseLat |-> 1],
   [PC |-> [pc |-> 0, type |-> "empty"], currLat |-> 1, baseLat |-> 1] >>
/\ FUTmpLat = <<<<<<3, 3>>, 3>>, 3>>
/\ _FU2 = << [ PC |-> [pc |-> 0, type |-> "empty"],
     currLat |-> 1,
     usage |-> 6,
     baseLat |-> 1 ],
   [ PC |-> [pc |-> 0, type |-> "empty"],
     currLat |-> 1,
     usage |-> 6,
     baseLat |-> 1 ] >>
/\ FUTmp = <<<<<<1, 2>>, 2>>, 1>>
/\ _COM = <<[PC |-> [pc |-> 0, type |-> "empty"]], [PC |-> [pc |-> 0, type |-> "empty"]]>>
/\ _ID2 = <<[PC |-> [pc |-> 0, type |-> "empty"]], [PC |-> [pc |-> 0, type |-> "empty"]]>>
/\ currCycle2 = 12
/\ FU2 = <<1, 2, 2, 1>>
/\ _IF2 = << [PC |-> [pc |-> 0, type |-> "empty"], currLat |-> 1, baseLat |-> 1],
   [PC |-> [pc |-> 0, type |-> "empty"], currLat |-> 1, baseLat |-> 1] >>
/\ iMissTmp2 = <<<<<<FALSE, FALSE>>, FALSE>>, FALSE>>
/\ iMiss = <<FALSE, FALSE, FALSE, TRUE>>
/\ _RS = <<{}, {}>>
/\ commonPre = FALSE
/\ currCycle = 14
/\ iMissTmp = <<<<<<FALSE, FALSE>>, FALSE>>, TRUE>>
/\ FULat = <<3, 3, 3, 3>>
/\ FUTmp2 = <<<<<<1, 2>>, 2>>, 1>>
/\ prog = [ rest |-> <<>>,
  exec |->
      << [ PC |->
               [ pc |-> 1,
                 type |-> {1},
                 lat |-> {3},
                 dep |-> {},
                 imiss |-> {FALSE} ],
           done |-> TRUE,
           comTime |-> 6,
           executed |-> TRUE,
           exStartTime |-> 2 ],
         [ PC |->
               [ pc |-> 2,
                 type |-> {2},
                 lat |-> {3},
                 dep |-> {1},
                 imiss |-> {FALSE} ],
           done |-> TRUE,
           comTime |-> 9,
           executed |-> TRUE,
           exStartTime |-> 5 ],
         [ PC |->
               [ pc |-> 3,
                 type |-> {2},
                 lat |-> {3},
                 dep |-> {},
                 imiss |-> {FALSE, TRUE} ],
           done |-> TRUE,
           comTime |-> 12,
           executed |-> TRUE,
           exStartTime |-> 8 ],
         [ PC |->
               [ pc |-> 4,
                 type |-> {1},
                 lat |-> {3},
                 dep |-> {3},
                 imiss |-> {FALSE, TRUE} ],
           done |-> FALSE,
           comTime |-> 0,
           executed |-> FALSE,
           exStartTime |-> 11 ] >> ]
/\ depProg = <<>>
/\ FUTmpLat2 = <<<<<<3, 3>>, 3>>, 3>>
/\ depProgTmp = <<>>
/\ prog2 = [ rest |-> <<>>,
  exec |->
      << [ PC |->
               [ pc |-> 1,
                 type |-> {1},
                 lat |-> {3},
                 dep |-> {},
                 imiss |-> {FALSE} ],
           done |-> TRUE,
           comTime |-> 6,
           executed |-> TRUE,
           exStartTime |-> 2 ],
         [ PC |->
               [ pc |-> 2,
                 type |-> {2},
                 lat |-> {3},
                 dep |-> {1},
                 imiss |-> {FALSE} ],
           done |-> TRUE,
           comTime |-> 10,
           executed |-> TRUE,
           exStartTime |-> 6 ],
         [ PC |->
               [ pc |-> 3,
                 type |-> {2},
                 lat |-> {3},
                 dep |-> {},
                 imiss |-> {FALSE, TRUE} ],
           done |-> TRUE,
           comTime |-> 10,
           executed |-> TRUE,
           exStartTime |-> 3 ],
         [ PC |->
               [ pc |-> 4,
                 type |-> {1},
                 lat |-> {3},
                 dep |-> {3},
                 imiss |-> {FALSE, TRUE} ],
           done |-> TRUE,
           comTime |-> 11,
           executed |-> TRUE,
           exStartTime |-> 6 ] >> ]
/\ FU = <<1, 2, 2, 1>>
/\ _FU = << [ PC |->
         [ pc |-> 4,
           type |-> {1},
           lat |-> {3},
           dep |-> {3},
           imiss |-> {FALSE, TRUE} ],
     currLat |-> 3,
     usage |-> 6,
     baseLat |-> 3 ],
   [ PC |-> [pc |-> 0, type |-> "empty"],
     currLat |-> 1,
     usage |-> 6,
     baseLat |-> 1 ] >>

@!@!@ENDMSG 2217 @!@!@
@!@!@STARTMSG 2217:4 @!@!@
16: <Next line 78, col 9 to line 100, col 103 of module pipeline_ooo>
/\ FULat2 = <<3, 3, 3, 3>>
/\ iMiss2 = <<FALSE, FALSE, FALSE, FALSE>>
/\ _RS2 = <<{}, {}>>
/\ locWorst = <<TRUE, FALSE>>
/\ _COM2 = <<[PC |-> [pc |-> 0, type |-> "empty"]], [PC |-> [pc |-> 0, type |-> "empty"]]>>
/\ _ID = <<[PC |-> [pc |-> 0, type |-> "empty"]], [PC |-> [pc |-> 0, type |-> "empty"]]>>
/\ _IF = << [PC |-> [pc |-> 0, type |-> "empty"], currLat |-> 1, baseLat |-> 1],
   [PC |-> [pc |-> 0, type |-> "empty"], currLat |-> 1, baseLat |-> 1] >>
/\ FUTmpLat = <<<<<<3, 3>>, 3>>, 3>>
/\ _FU2 = << [ PC |-> [pc |-> 0, type |-> "empty"],
     currLat |-> 1,
     usage |-> 6,
     baseLat |-> 1 ],
   [ PC |-> [pc |-> 0, type |-> "empty"],
     currLat |-> 1,
     usage |-> 6,
     baseLat |-> 1 ] >>
/\ FUTmp = <<<<<<1, 2>>, 2>>, 1>>
/\ _COM = << [ PC |->
         [ pc |-> 4,
           type |-> {1},
           lat |-> {3},
           dep |-> {3},
           imiss |-> {FALSE, TRUE} ] ],
   [PC |-> [pc |-> 0, type |-> "empty"]] >>
/\ _ID2 = <<[PC |-> [pc |-> 0, type |-> "empty"]], [PC |-> [pc |-> 0, type |-> "empty"]]>>
/\ currCycle2 = 12
/\ FU2 = <<1, 2, 2, 1>>
/\ _IF2 = << [PC |-> [pc |-> 0, type |-> "empty"], currLat |-> 1, baseLat |-> 1],
   [PC |-> [pc |-> 0, type |-> "empty"], currLat |-> 1, baseLat |-> 1] >>
/\ iMissTmp2 = <<<<<<FALSE, FALSE>>, FALSE>>, FALSE>>
/\ iMiss = <<FALSE, FALSE, FALSE, TRUE>>
/\ _RS = <<{}, {}>>
/\ commonPre = FALSE
/\ currCycle = 15
/\ iMissTmp = <<<<<<FALSE, FALSE>>, FALSE>>, TRUE>>
/\ FULat = <<3, 3, 3, 3>>
/\ FUTmp2 = <<<<<<1, 2>>, 2>>, 1>>
/\ prog = [ rest |-> <<>>,
  exec |->
      << [ PC |->
               [ pc |-> 1,
                 type |-> {1},
                 lat |-> {3},
                 dep |-> {},
                 imiss |-> {FALSE} ],
           done |-> TRUE,
           comTime |-> 6,
           executed |-> TRUE,
           exStartTime |-> 2 ],
         [ PC |->
               [ pc |-> 2,
                 type |-> {2},
                 lat |-> {3},
                 dep |-> {1},
                 imiss |-> {FALSE} ],
           done |-> TRUE,
           comTime |-> 9,
           executed |-> TRUE,
           exStartTime |-> 5 ],
         [ PC |->
               [ pc |-> 3,
                 type |-> {2},
                 lat |-> {3},
                 dep |-> {},
                 imiss |-> {FALSE, TRUE} ],
           done |-> TRUE,
           comTime |-> 12,
           executed |-> TRUE,
           exStartTime |-> 8 ],
         [ PC |->
               [ pc |-> 4,
                 type |-> {1},
                 lat |-> {3},
                 dep |-> {3},
                 imiss |-> {FALSE, TRUE} ],
           done |-> FALSE,
           comTime |-> 0,
           executed |-> TRUE,
           exStartTime |-> 11 ] >> ]
/\ depProg = <<>>
/\ FUTmpLat2 = <<<<<<3, 3>>, 3>>, 3>>
/\ depProgTmp = <<>>
/\ prog2 = [ rest |-> <<>>,
  exec |->
      << [ PC |->
               [ pc |-> 1,
                 type |-> {1},
                 lat |-> {3},
                 dep |-> {},
                 imiss |-> {FALSE} ],
           done |-> TRUE,
           comTime |-> 6,
           executed |-> TRUE,
           exStartTime |-> 2 ],
         [ PC |->
               [ pc |-> 2,
                 type |-> {2},
                 lat |-> {3},
                 dep |-> {1},
                 imiss |-> {FALSE} ],
           done |-> TRUE,
           comTime |-> 10,
           executed |-> TRUE,
           exStartTime |-> 6 ],
         [ PC |->
               [ pc |-> 3,
                 type |-> {2},
                 lat |-> {3},
                 dep |-> {},
                 imiss |-> {FALSE, TRUE} ],
           done |-> TRUE,
           comTime |-> 10,
           executed |-> TRUE,
           exStartTime |-> 3 ],
         [ PC |->
               [ pc |-> 4,
                 type |-> {1},
                 lat |-> {3},
                 dep |-> {3},
                 imiss |-> {FALSE, TRUE} ],
           done |-> TRUE,
           comTime |-> 11,
           executed |-> TRUE,
           exStartTime |-> 6 ] >> ]
/\ FU = <<1, 2, 2, 1>>
/\ _FU = << [ PC |-> [pc |-> 0, type |-> "empty"],
     currLat |-> 1,
     usage |-> 6,
     baseLat |-> 1 ],
   [ PC |-> [pc |-> 0, type |-> "empty"],
     currLat |-> 1,
     usage |-> 6,
     baseLat |-> 1 ] >>

@!@!@ENDMSG 2217 @!@!@
@!@!@STARTMSG 2217:4 @!@!@
17: <Next line 78, col 9 to line 100, col 103 of module pipeline_ooo>
/\ FULat2 = <<3, 3, 3, 3>>
/\ iMiss2 = <<FALSE, FALSE, FALSE, FALSE>>
/\ _RS2 = <<{}, {}>>
/\ locWorst = <<TRUE, FALSE>>
/\ _COM2 = <<[PC |-> [pc |-> 0, type |-> "empty"]], [PC |-> [pc |-> 0, type |-> "empty"]]>>
/\ _ID = <<[PC |-> [pc |-> 0, type |-> "empty"]], [PC |-> [pc |-> 0, type |-> "empty"]]>>
/\ _IF = << [PC |-> [pc |-> 0, type |-> "empty"], currLat |-> 1, baseLat |-> 1],
   [PC |-> [pc |-> 0, type |-> "empty"], currLat |-> 1, baseLat |-> 1] >>
/\ FUTmpLat = <<<<<<3, 3>>, 3>>, 3>>
/\ _FU2 = << [ PC |-> [pc |-> 0, type |-> "empty"],
     currLat |-> 1,
     usage |-> 6,
     baseLat |-> 1 ],
   [ PC |-> [pc |-> 0, type |-> "empty"],
     currLat |-> 1,
     usage |-> 6,
     baseLat |-> 1 ] >>
/\ FUTmp = <<<<<<1, 2>>, 2>>, 1>>
/\ _COM = <<[PC |-> [pc |-> 0, type |-> "empty"]], [PC |-> [pc |-> 0, type |-> "empty"]]>>
/\ _ID2 = <<[PC |-> [pc |-> 0, type |-> "empty"]], [PC |-> [pc |-> 0, type |-> "empty"]]>>
/\ currCycle2 = 12
/\ FU2 = <<1, 2, 2, 1>>
/\ _IF2 = << [PC |-> [pc |-> 0, type |-> "empty"], currLat |-> 1, baseLat |-> 1],
   [PC |-> [pc |-> 0, type |-> "empty"], currLat |-> 1, baseLat |-> 1] >>
/\ iMissTmp2 = <<<<<<FALSE, FALSE>>, FALSE>>, FALSE>>
/\ iMiss = <<FALSE, FALSE, FALSE, TRUE>>
/\ _RS = <<{}, {}>>
/\ commonPre = FALSE
/\ currCycle = 16
/\ iMissTmp = <<<<<<FALSE, FALSE>>, FALSE>>, TRUE>>
/\ FULat = <<3, 3, 3, 3>>
/\ FUTmp2 = <<<<<<1, 2>>, 2>>, 1>>
/\ prog = [ rest |-> <<>>,
  exec |->
      << [ PC |->
               [ pc |-> 1,
                 type |-> {1},
                 lat |-> {3},
                 dep |-> {},
                 imiss |-> {FALSE} ],
           done |-> TRUE,
           comTime |-> 6,
           executed |-> TRUE,
           exStartTime |-> 2 ],
         [ PC |->
               [ pc |-> 2,
                 type |-> {2},
                 lat |-> {3},
                 dep |-> {1},
                 imiss |-> {FALSE} ],
           done |-> TRUE,
           comTime |-> 9,
           executed |-> TRUE,
           exStartTime |-> 5 ],
         [ PC |->
               [ pc |-> 3,
                 type |-> {2},
                 lat |-> {3},
                 dep |-> {},
                 imiss |-> {FALSE, TRUE} ],
           done |-> TRUE,
           comTime |-> 12,
           executed |-> TRUE,
           exStartTime |-> 8 ],
         [ PC |->
               [ pc |-> 4,
                 type |-> {1},
                 lat |-> {3},
                 dep |-> {3},
                 imiss |-> {FALSE, TRUE} ],
           done |-> TRUE,
           comTime |-> 15,
           executed |-> TRUE,
           exStartTime |-> 11 ] >> ]
/\ depProg = <<>>
/\ FUTmpLat2 = <<<<<<3, 3>>, 3>>, 3>>
/\ depProgTmp = <<>>
/\ prog2 = [ rest |-> <<>>,
  exec |->
      << [ PC |->
               [ pc |-> 1,
                 type |-> {1},
                 lat |-> {3},
                 dep |-> {},
                 imiss |-> {FALSE} ],
           done |-> TRUE,
           comTime |-> 6,
           executed |-> TRUE,
           exStartTime |-> 2 ],
         [ PC |->
               [ pc |-> 2,
                 type |-> {2},
                 lat |-> {3},
                 dep |-> {1},
                 imiss |-> {FALSE} ],
           done |-> TRUE,
           comTime |-> 10,
           executed |-> TRUE,
           exStartTime |-> 6 ],
         [ PC |->
               [ pc |-> 3,
                 type |-> {2},
                 lat |-> {3},
                 dep |-> {},
                 imiss |-> {FALSE, TRUE} ],
           done |-> TRUE,
           comTime |-> 10,
           executed |-> TRUE,
           exStartTime |-> 3 ],
         [ PC |->
               [ pc |-> 4,
                 type |-> {1},
                 lat |-> {3},
                 dep |-> {3},
                 imiss |-> {FALSE, TRUE} ],
           done |-> TRUE,
           comTime |-> 11,
           executed |-> TRUE,
           exStartTime |-> 6 ] >> ]
/\ FU = <<1, 2, 2, 1>>
/\ _FU = << [ PC |-> [pc |-> 0, type |-> "empty"],
     currLat |-> 1,
     usage |-> 6,
     baseLat |-> 1 ],
   [ PC |-> [pc |-> 0, type |-> "empty"],
     currLat |-> 1,
     usage |-> 6,
     baseLat |-> 1 ] >>

@!@!@ENDMSG 2217 @!@!@
@!@!@STARTMSG 2201:0 @!@!@
The coverage statistics at 2021-05-31 20:24:55
@!@!@ENDMSG 2201 @!@!@
@!@!@STARTMSG 2773:0 @!@!@
<Init line 54, col 1 to line 54, col 4 of module pipeline_ooo>: 32:32
@!@!@ENDMSG 2773 @!@!@
@!@!@STARTMSG 2221:0 @!@!@
  line 54, col 12 to line 56, col 53 of module pipeline_ooo: 2
@!@!@ENDMSG 2221 @!@!@
@!@!@STARTMSG 2221:0 @!@!@
  line 59, col 15 to line 59, col 51 of module pipeline_ooo: 2
@!@!@ENDMSG 2221 @!@!@
@!@!@STARTMSG 2221:0 @!@!@
  line 60, col 12 to line 60, col 23 of module pipeline_ooo: 2
@!@!@ENDMSG 2221 @!@!@
@!@!@STARTMSG 2221:0 @!@!@
  line 61, col 12 to line 61, col 21 of module pipeline_ooo: 2
@!@!@ENDMSG 2221 @!@!@
@!@!@STARTMSG 2221:0 @!@!@
  line 62, col 12 to line 62, col 21 of module pipeline_ooo: 2
@!@!@ENDMSG 2221 @!@!@
@!@!@STARTMSG 2221:0 @!@!@
  line 63, col 12 to line 63, col 27 of module pipeline_ooo: 2
@!@!@ENDMSG 2221 @!@!@
@!@!@STARTMSG 2221:0 @!@!@
  line 64, col 12 to line 64, col 46 of module pipeline_ooo: 2
@!@!@ENDMSG 2221 @!@!@
@!@!@STARTMSG 2221:0 @!@!@
  line 65, col 25 to line 65, col 47 of module pipeline_ooo: 2
@!@!@ENDMSG 2221 @!@!@
@!@!@STARTMSG 2221:0 @!@!@
  |line 38, col 24 to line 38, col 77 of module pipeline_ooo: 8
@!@!@ENDMSG 2221 @!@!@
@!@!@STARTMSG 2221:0 @!@!@
  ||line 38, col 27 to line 38, col 31 of module pipeline_ooo: 8
@!@!@ENDMSG 2221 @!@!@
@!@!@STARTMSG 2221:0 @!@!@
  ||line 38, col 38 to line 38, col 43 of module pipeline_ooo: 2
@!@!@ENDMSG 2221 @!@!@
@!@!@STARTMSG 2221:0 @!@!@
  |||line 31, col 12 to line 31, col 56 of module pipeline_ooo: 8
@!@!@ENDMSG 2221 @!@!@
@!@!@STARTMSG 2775:0 @!@!@
  ||line 38, col 50 to line 38, col 77 of module pipeline_ooo: 6:28
@!@!@ENDMSG 2775 @!@!@
@!@!@STARTMSG 2221:0 @!@!@
  |||line 38, col 50 to line 38, col 67 of module pipeline_ooo: 6
@!@!@ENDMSG 2221 @!@!@
@!@!@STARTMSG 2221:0 @!@!@
  |||line 38, col 72 to line 38, col 77 of module pipeline_ooo: 6
@!@!@ENDMSG 2221 @!@!@
@!@!@STARTMSG 2221:0 @!@!@
  ||||line 38, col 76 to line 38, col 76 of module pipeline_ooo: 6
@!@!@ENDMSG 2221 @!@!@
@!@!@STARTMSG 2221:0 @!@!@
  ||||line 31, col 12 to line 31, col 56 of module pipeline_ooo: 8
@!@!@ENDMSG 2221 @!@!@
@!@!@STARTMSG 2221:0 @!@!@
  |line 65, col 40 to line 65, col 46 of module pipeline_ooo: 2
@!@!@ENDMSG 2221 @!@!@
@!@!@STARTMSG 2221:0 @!@!@
  line 66, col 20 to line 66, col 47 of module pipeline_ooo: 8
@!@!@ENDMSG 2221 @!@!@
@!@!@STARTMSG 2221:0 @!@!@
  |line 39, col 19 to line 39, col 92 of module pipeline_ooo: 24
@!@!@ENDMSG 2221 @!@!@
@!@!@STARTMSG 2221:0 @!@!@
  ||line 39, col 22 to line 39, col 26 of module pipeline_ooo: 24
@!@!@ENDMSG 2221 @!@!@
@!@!@STARTMSG 2221:0 @!@!@
  ||line 39, col 33 to line 39, col 50 of module pipeline_ooo: 8
@!@!@ENDMSG 2221 @!@!@
@!@!@STARTMSG 2221:0 @!@!@
  ||line 39, col 57 to line 39, col 92 of module pipeline_ooo: 16
@!@!@ENDMSG 2221 @!@!@
@!@!@STARTMSG 2221:0 @!@!@
  |line 66, col 28 to line 66, col 35 of module pipeline_ooo: 16
@!@!@ENDMSG 2221 @!@!@
@!@!@STARTMSG 2221:0 @!@!@
  |line 66, col 38 to line 66, col 46 of module pipeline_ooo: 8
@!@!@ENDMSG 2221 @!@!@
@!@!@STARTMSG 2221:0 @!@!@
  line 67, col 22 to line 67, col 45 of module pipeline_ooo: 8
@!@!@ENDMSG 2221 @!@!@
@!@!@STARTMSG 2221:0 @!@!@
  |line 38, col 24 to line 38, col 77 of module pipeline_ooo: 32
@!@!@ENDMSG 2221 @!@!@
@!@!@STARTMSG 2221:0 @!@!@
  ||line 38, col 27 to line 38, col 31 of module pipeline_ooo: 32
@!@!@ENDMSG 2221 @!@!@
@!@!@STARTMSG 2221:0 @!@!@
  ||line 38, col 38 to line 38, col 43 of module pipeline_ooo: 8
@!@!@ENDMSG 2221 @!@!@
@!@!@STARTMSG 2221:0 @!@!@
  |||line 32, col 13 to line 32, col 29 of module pipeline_ooo: 32
@!@!@ENDMSG 2221 @!@!@
@!@!@STARTMSG 2775:0 @!@!@
  ||line 38, col 50 to line 38, col 77 of module pipeline_ooo: 24:48
@!@!@ENDMSG 2775 @!@!@
@!@!@STARTMSG 2221:0 @!@!@
  |||line 38, col 50 to line 38, col 67 of module pipeline_ooo: 24
@!@!@ENDMSG 2221 @!@!@
@!@!@STARTMSG 2221:0 @!@!@
  |||line 38, col 72 to line 38, col 77 of module pipeline_ooo: 24
@!@!@ENDMSG 2221 @!@!@
@!@!@STARTMSG 2221:0 @!@!@
  ||||line 38, col 76 to line 38, col 76 of module pipeline_ooo: 24
@!@!@ENDMSG 2221 @!@!@
@!@!@STARTMSG 2221:0 @!@!@
  ||||line 32, col 13 to line 32, col 29 of module pipeline_ooo: 32
@!@!@ENDMSG 2221 @!@!@
@!@!@STARTMSG 2221:0 @!@!@
  |line 67, col 38 to line 67, col 44 of module pipeline_ooo: 8
@!@!@ENDMSG 2221 @!@!@
@!@!@STARTMSG 2221:0 @!@!@
  line 68, col 17 to line 68, col 41 of module pipeline_ooo: 8
@!@!@ENDMSG 2221 @!@!@
@!@!@STARTMSG 2221:0 @!@!@
  |line 39, col 19 to line 39, col 92 of module pipeline_ooo: 24
@!@!@ENDMSG 2221 @!@!@
@!@!@STARTMSG 2221:0 @!@!@
  ||line 39, col 22 to line 39, col 26 of module pipeline_ooo: 24
@!@!@ENDMSG 2221 @!@!@
@!@!@STARTMSG 2221:0 @!@!@
  ||line 39, col 33 to line 39, col 50 of module pipeline_ooo: 8
@!@!@ENDMSG 2221 @!@!@
@!@!@STARTMSG 2221:0 @!@!@
  ||line 39, col 57 to line 39, col 92 of module pipeline_ooo: 16
@!@!@ENDMSG 2221 @!@!@
@!@!@STARTMSG 2221:0 @!@!@
  |line 68, col 25 to line 68, col 29 of module pipeline_ooo: 16
@!@!@ENDMSG 2221 @!@!@
@!@!@STARTMSG 2221:0 @!@!@
  |line 68, col 32 to line 68, col 40 of module pipeline_ooo: 8
@!@!@ENDMSG 2221 @!@!@
@!@!@STARTMSG 2221:0 @!@!@
  line 69, col 25 to line 69, col 51 of module pipeline_ooo: 8
@!@!@ENDMSG 2221 @!@!@
@!@!@STARTMSG 2221:0 @!@!@
  |line 38, col 24 to line 38, col 77 of module pipeline_ooo: 32
@!@!@ENDMSG 2221 @!@!@
@!@!@STARTMSG 2221:0 @!@!@
  ||line 38, col 27 to line 38, col 31 of module pipeline_ooo: 32
@!@!@ENDMSG 2221 @!@!@
@!@!@STARTMSG 2221:0 @!@!@
  ||line 38, col 38 to line 38, col 43 of module pipeline_ooo: 8
@!@!@ENDMSG 2221 @!@!@
@!@!@STARTMSG 2221:0 @!@!@
  |||line 33, col 16 to line 33, col 31 of module pipeline_ooo: 32
@!@!@ENDMSG 2221 @!@!@
@!@!@STARTMSG 2775:0 @!@!@
  ||line 38, col 50 to line 38, col 77 of module pipeline_ooo: 24:48
@!@!@ENDMSG 2775 @!@!@
@!@!@STARTMSG 2221:0 @!@!@
  |||line 38, col 50 to line 38, col 67 of module pipeline_ooo: 24
@!@!@ENDMSG 2221 @!@!@
@!@!@STARTMSG 2221:0 @!@!@
  |||line 38, col 72 to line 38, col 77 of module pipeline_ooo: 24
@!@!@ENDMSG 2221 @!@!@
@!@!@STARTMSG 2221:0 @!@!@
  ||||line 38, col 76 to line 38, col 76 of module pipeline_ooo: 24
@!@!@ENDMSG 2221 @!@!@
@!@!@STARTMSG 2221:0 @!@!@
  ||||line 33, col 16 to line 33, col 31 of module pipeline_ooo: 32
@!@!@ENDMSG 2221 @!@!@
@!@!@STARTMSG 2221:0 @!@!@
  |line 69, col 44 to line 69, col 50 of module pipeline_ooo: 8
@!@!@ENDMSG 2221 @!@!@
@!@!@STARTMSG 2221:0 @!@!@
  line 70, col 20 to line 70, col 47 of module pipeline_ooo: 8
@!@!@ENDMSG 2221 @!@!@
@!@!@STARTMSG 2221:0 @!@!@
  |line 39, col 19 to line 39, col 92 of module pipeline_ooo: 24
@!@!@ENDMSG 2221 @!@!@
@!@!@STARTMSG 2221:0 @!@!@
  ||line 39, col 22 to line 39, col 26 of module pipeline_ooo: 24
@!@!@ENDMSG 2221 @!@!@
@!@!@STARTMSG 2221:0 @!@!@
  ||line 39, col 33 to line 39, col 50 of module pipeline_ooo: 8
@!@!@ENDMSG 2221 @!@!@
@!@!@STARTMSG 2221:0 @!@!@
  ||line 39, col 57 to line 39, col 92 of module pipeline_ooo: 16
@!@!@ENDMSG 2221 @!@!@
@!@!@STARTMSG 2221:0 @!@!@
  |line 70, col 28 to line 70, col 35 of module pipeline_ooo: 16
@!@!@ENDMSG 2221 @!@!@
@!@!@STARTMSG 2221:0 @!@!@
  |line 70, col 38 to line 70, col 46 of module pipeline_ooo: 8
@!@!@ENDMSG 2221 @!@!@
@!@!@STARTMSG 2221:0 @!@!@
  line 71, col 26 to line 71, col 48 of module pipeline_ooo: 8
@!@!@ENDMSG 2221 @!@!@
@!@!@STARTMSG 2221:0 @!@!@
  |line 38, col 24 to line 38, col 77 of module pipeline_ooo: 32
@!@!@ENDMSG 2221 @!@!@
@!@!@STARTMSG 2221:0 @!@!@
  ||line 38, col 27 to line 38, col 31 of module pipeline_ooo: 32
@!@!@ENDMSG 2221 @!@!@
@!@!@STARTMSG 2775:0 @!@!@
  ||line 38, col 38 to line 38, col 43 of module pipeline_ooo: 248:16
@!@!@ENDMSG 2775 @!@!@
@!@!@STARTMSG 2775:0 @!@!@
  ||line 38, col 50 to line 38, col 77 of module pipeline_ooo: 24:112
@!@!@ENDMSG 2775 @!@!@
@!@!@STARTMSG 2221:0 @!@!@
  |||line 38, col 50 to line 38, col 67 of module pipeline_ooo: 24
@!@!@ENDMSG 2221 @!@!@
@!@!@STARTMSG 2775:0 @!@!@
  |||line 38, col 72 to line 38, col 77 of module pipeline_ooo: 744:24
@!@!@ENDMSG 2775 @!@!@
@!@!@STARTMSG 2221:0 @!@!@
  ||||line 38, col 76 to line 38, col 76 of module pipeline_ooo: 24
@!@!@ENDMSG 2221 @!@!@
@!@!@STARTMSG 2221:0 @!@!@
  |line 31, col 12 to line 31, col 56 of module pipeline_ooo: 8
@!@!@ENDMSG 2221 @!@!@
@!@!@STARTMSG 2221:0 @!@!@
  |line 71, col 41 to line 71, col 47 of module pipeline_ooo: 8
@!@!@ENDMSG 2221 @!@!@
@!@!@STARTMSG 2221:0 @!@!@
  line 72, col 21 to line 72, col 49 of module pipeline_ooo: 32
@!@!@ENDMSG 2221 @!@!@
@!@!@STARTMSG 2221:0 @!@!@
  |line 39, col 19 to line 39, col 92 of module pipeline_ooo: 96
@!@!@ENDMSG 2221 @!@!@
@!@!@STARTMSG 2221:0 @!@!@
  ||line 39, col 22 to line 39, col 26 of module pipeline_ooo: 96
@!@!@ENDMSG 2221 @!@!@
@!@!@STARTMSG 2221:0 @!@!@
  ||line 39, col 33 to line 39, col 50 of module pipeline_ooo: 32
@!@!@ENDMSG 2221 @!@!@
@!@!@STARTMSG 2221:0 @!@!@
  ||line 39, col 57 to line 39, col 92 of module pipeline_ooo: 64
@!@!@ENDMSG 2221 @!@!@
@!@!@STARTMSG 2221:0 @!@!@
  |line 72, col 29 to line 72, col 37 of module pipeline_ooo: 64
@!@!@ENDMSG 2221 @!@!@
@!@!@STARTMSG 2221:0 @!@!@
  |line 72, col 40 to line 72, col 48 of module pipeline_ooo: 32
@!@!@ENDMSG 2221 @!@!@
@!@!@STARTMSG 2221:0 @!@!@
  line 73, col 23 to line 73, col 46 of module pipeline_ooo: 32
@!@!@ENDMSG 2221 @!@!@
@!@!@STARTMSG 2221:0 @!@!@
  |line 38, col 24 to line 38, col 77 of module pipeline_ooo: 128
@!@!@ENDMSG 2221 @!@!@
@!@!@STARTMSG 2221:0 @!@!@
  ||line 38, col 27 to line 38, col 31 of module pipeline_ooo: 128
@!@!@ENDMSG 2221 @!@!@
@!@!@STARTMSG 2221:0 @!@!@
  ||line 38, col 38 to line 38, col 43 of module pipeline_ooo: 192
@!@!@ENDMSG 2221 @!@!@
@!@!@STARTMSG 2775:0 @!@!@
  ||line 38, col 50 to line 38, col 77 of module pipeline_ooo: 96:192
@!@!@ENDMSG 2775 @!@!@
@!@!@STARTMSG 2221:0 @!@!@
  |||line 38, col 50 to line 38, col 67 of module pipeline_ooo: 96
@!@!@ENDMSG 2221 @!@!@
@!@!@STARTMSG 2221:0 @!@!@
  |||line 38, col 72 to line 38, col 77 of module pipeline_ooo: 576
@!@!@ENDMSG 2221 @!@!@
@!@!@STARTMSG 2221:0 @!@!@
  ||||line 38, col 76 to line 38, col 76 of module pipeline_ooo: 96
@!@!@ENDMSG 2221 @!@!@
@!@!@STARTMSG 2221:0 @!@!@
  |line 32, col 13 to line 32, col 29 of module pipeline_ooo: 32
@!@!@ENDMSG 2221 @!@!@
@!@!@STARTMSG 2221:0 @!@!@
  |line 73, col 39 to line 73, col 45 of module pipeline_ooo: 32
@!@!@ENDMSG 2221 @!@!@
@!@!@STARTMSG 2221:0 @!@!@
  line 74, col 18 to line 74, col 43 of module pipeline_ooo: 32
@!@!@ENDMSG 2221 @!@!@
@!@!@STARTMSG 2221:0 @!@!@
  |line 39, col 19 to line 39, col 92 of module pipeline_ooo: 96
@!@!@ENDMSG 2221 @!@!@
@!@!@STARTMSG 2221:0 @!@!@
  ||line 39, col 22 to line 39, col 26 of module pipeline_ooo: 96
@!@!@ENDMSG 2221 @!@!@
@!@!@STARTMSG 2221:0 @!@!@
  ||line 39, col 33 to line 39, col 50 of module pipeline_ooo: 32
@!@!@ENDMSG 2221 @!@!@
@!@!@STARTMSG 2221:0 @!@!@
  ||line 39, col 57 to line 39, col 92 of module pipeline_ooo: 64
@!@!@ENDMSG 2221 @!@!@
@!@!@STARTMSG 2221:0 @!@!@
  |line 74, col 26 to line 74, col 31 of module pipeline_ooo: 64
@!@!@ENDMSG 2221 @!@!@
@!@!@STARTMSG 2221:0 @!@!@
  |line 74, col 34 to line 74, col 42 of module pipeline_ooo: 32
@!@!@ENDMSG 2221 @!@!@
@!@!@STARTMSG 2221:0 @!@!@
  line 75, col 26 to line 75, col 52 of module pipeline_ooo: 32
@!@!@ENDMSG 2221 @!@!@
@!@!@STARTMSG 2221:0 @!@!@
  |line 38, col 24 to line 38, col 77 of module pipeline_ooo: 128
@!@!@ENDMSG 2221 @!@!@
@!@!@STARTMSG 2221:0 @!@!@
  ||line 38, col 27 to line 38, col 31 of module pipeline_ooo: 128
@!@!@ENDMSG 2221 @!@!@
@!@!@STARTMSG 2221:0 @!@!@
  ||line 38, col 38 to line 38, col 43 of module pipeline_ooo: 192
@!@!@ENDMSG 2221 @!@!@
@!@!@STARTMSG 2775:0 @!@!@
  ||line 38, col 50 to line 38, col 77 of module pipeline_ooo: 96:192
@!@!@ENDMSG 2775 @!@!@
@!@!@STARTMSG 2221:0 @!@!@
  |||line 38, col 50 to line 38, col 67 of module pipeline_ooo: 96
@!@!@ENDMSG 2221 @!@!@
@!@!@STARTMSG 2221:0 @!@!@
  |||line 38, col 72 to line 38, col 77 of module pipeline_ooo: 576
@!@!@ENDMSG 2221 @!@!@
@!@!@STARTMSG 2221:0 @!@!@
  ||||line 38, col 76 to line 38, col 76 of module pipeline_ooo: 96
@!@!@ENDMSG 2221 @!@!@
@!@!@STARTMSG 2221:0 @!@!@
  |line 33, col 16 to line 33, col 31 of module pipeline_ooo: 32
@!@!@ENDMSG 2221 @!@!@
@!@!@STARTMSG 2221:0 @!@!@
  |line 75, col 45 to line 75, col 51 of module pipeline_ooo: 32
@!@!@ENDMSG 2221 @!@!@
@!@!@STARTMSG 2221:0 @!@!@
  line 76, col 12 to line 76, col 49 of module pipeline_ooo: 32
@!@!@ENDMSG 2221 @!@!@
@!@!@STARTMSG 2221:0 @!@!@
  |line 76, col 21 to line 76, col 49 of module pipeline_ooo: 32
@!@!@ENDMSG 2221 @!@!@
@!@!@STARTMSG 2221:0 @!@!@
  ||line 39, col 19 to line 39, col 92 of module pipeline_ooo: 96
@!@!@ENDMSG 2221 @!@!@
@!@!@STARTMSG 2221:0 @!@!@
  |||line 39, col 22 to line 39, col 26 of module pipeline_ooo: 96
@!@!@ENDMSG 2221 @!@!@
@!@!@STARTMSG 2221:0 @!@!@
  |||line 39, col 33 to line 39, col 50 of module pipeline_ooo: 32
@!@!@ENDMSG 2221 @!@!@
@!@!@STARTMSG 2221:0 @!@!@
  |||line 39, col 57 to line 39, col 92 of module pipeline_ooo: 64
@!@!@ENDMSG 2221 @!@!@
@!@!@STARTMSG 2221:0 @!@!@
  ||line 76, col 29 to line 76, col 37 of module pipeline_ooo: 64
@!@!@ENDMSG 2221 @!@!@
@!@!@STARTMSG 2221:0 @!@!@
  ||line 76, col 40 to line 76, col 48 of module pipeline_ooo: 32
@!@!@ENDMSG 2221 @!@!@
@!@!@STARTMSG 2772:0 @!@!@
<Next line 78, col 1 to line 78, col 4 of module pipeline_ooo>: 241:258
@!@!@ENDMSG 2772 @!@!@
@!@!@STARTMSG 2221:0 @!@!@
  line 41, col 1 to line 41, col 35 of module pipeline_ooo: 85
@!@!@ENDMSG 2221 @!@!@
@!@!@STARTMSG 2221:0 @!@!@
  line 41, col 1 to line 41, col 35 of module pipeline_ooo: 2094
@!@!@ENDMSG 2221 @!@!@
@!@!@STARTMSG 2221:0 @!@!@
  line 41, col 1 to line 41, col 35 of module pipeline_ooo: 372
@!@!@ENDMSG 2221 @!@!@
@!@!@STARTMSG 2221:0 @!@!@
  line 41, col 1 to line 41, col 35 of module pipeline_ooo: 17
@!@!@ENDMSG 2221 @!@!@
@!@!@STARTMSG 2221:0 @!@!@
  line 41, col 1 to line 41, col 35 of module pipeline_ooo: 14401
@!@!@ENDMSG 2221 @!@!@
@!@!@STARTMSG 2221:0 @!@!@
  line 41, col 1 to line 41, col 35 of module pipeline_ooo: 12422
@!@!@ENDMSG 2221 @!@!@
@!@!@STARTMSG 2221:0 @!@!@
  line 41, col 1 to line 41, col 35 of module pipeline_ooo: 12731
@!@!@ENDMSG 2221 @!@!@
@!@!@STARTMSG 2221:0 @!@!@
  line 41, col 1 to line 41, col 35 of module pipeline_ooo: 9498
@!@!@ENDMSG 2221 @!@!@
@!@!@STARTMSG 2221:0 @!@!@
  line 41, col 1 to line 41, col 35 of module pipeline_ooo: 30536
@!@!@ENDMSG 2221 @!@!@
@!@!@STARTMSG 2221:0 @!@!@
  line 41, col 1 to line 41, col 35 of module pipeline_ooo: 5684
@!@!@ENDMSG 2221 @!@!@
@!@!@STARTMSG 2221:0 @!@!@
  line 41, col 1 to line 41, col 35 of module pipeline_ooo: 68
@!@!@ENDMSG 2221 @!@!@
@!@!@STARTMSG 2221:0 @!@!@
  line 41, col 1 to line 41, col 35 of module pipeline_ooo: 14768
@!@!@ENDMSG 2221 @!@!@
@!@!@STARTMSG 2221:0 @!@!@
  line 41, col 1 to line 41, col 35 of module pipeline_ooo: 53495
@!@!@ENDMSG 2221 @!@!@
@!@!@STARTMSG 2221:0 @!@!@
  line 63, col 18 to line 63, col 59 of module pipeline_exec_ooo: 256
@!@!@ENDMSG 2221 @!@!@
@!@!@STARTMSG 2775:0 @!@!@
  |line 63, col 25 to line 63, col 59 of module pipeline_exec_ooo: 258:516
@!@!@ENDMSG 2775 @!@!@
@!@!@STARTMSG 2221:0 @!@!@
  line 67, col 15 to line 67, col 69 of module pipeline_exec_ooo: 256
@!@!@ENDMSG 2221 @!@!@
@!@!@STARTMSG 2775:0 @!@!@
  |line 67, col 22 to line 67, col 69 of module pipeline_exec_ooo: 258:516
@!@!@ENDMSG 2775 @!@!@
@!@!@STARTMSG 2221:0 @!@!@
  line 70, col 15 to line 72, col 59 of module pipeline_exec_ooo: 256
@!@!@ENDMSG 2221 @!@!@
@!@!@STARTMSG 2775:0 @!@!@
  |line 70, col 22 to line 72, col 59 of module pipeline_exec_ooo: 258:516
@!@!@ENDMSG 2775 @!@!@
@!@!@STARTMSG 2221:0 @!@!@
  line 81, col 18 to line 81, col 54 of module pipeline_exec_ooo: 256
@!@!@ENDMSG 2221 @!@!@
@!@!@STARTMSG 2775:0 @!@!@
  |line 81, col 25 to line 81, col 54 of module pipeline_exec_ooo: 258:516
@!@!@ENDMSG 2775 @!@!@
@!@!@STARTMSG 2221:0 @!@!@
  line 95, col 16 to line 95, col 69 of module pipeline_exec_ooo: 256
@!@!@ENDMSG 2221 @!@!@
@!@!@STARTMSG 2775:0 @!@!@
  |line 95, col 24 to line 95, col 69 of module pipeline_exec_ooo: 258:516
@!@!@ENDMSG 2775 @!@!@
@!@!@STARTMSG 2221:0 @!@!@
  line 122, col 20 to line 122, col 61 of module pipeline_exec_ooo: 256
@!@!@ENDMSG 2221 @!@!@
@!@!@STARTMSG 2221:0 @!@!@
  |line 122, col 28 to line 122, col 61 of module pipeline_exec_ooo: 258
@!@!@ENDMSG 2221 @!@!@
@!@!@STARTMSG 2221:0 @!@!@
  ||line 122, col 39 to line 122, col 43 of module pipeline_exec_ooo: 258
@!@!@ENDMSG 2221 @!@!@
@!@!@STARTMSG 2221:0 @!@!@
  |||line 106, col 30 to line 106, col 95 of module pipeline_exec_ooo: 258
@!@!@ENDMSG 2221 @!@!@
@!@!@STARTMSG 2221:0 @!@!@
  ||||line 106, col 33 to line 106, col 42 of module pipeline_exec_ooo: 258
@!@!@ENDMSG 2221 @!@!@
@!@!@STARTMSG 2221:0 @!@!@
  |||||line 106, col 34 to line 106, col 42 of module pipeline_exec_ooo: 258
@!@!@ENDMSG 2221 @!@!@
@!@!@STARTMSG 2221:0 @!@!@
  ||||||line 18, col 14 to line 18, col 67 of module pipeline_exec_ooo: 258
@!@!@ENDMSG 2221 @!@!@
@!@!@STARTMSG 2221:0 @!@!@
  |||||||line 18, col 37 to line 18, col 67 of module pipeline_exec_ooo: 500
@!@!@ENDMSG 2221 @!@!@
@!@!@STARTMSG 2221:0 @!@!@
  |||||||line 18, col 23 to line 18, col 34 of module pipeline_exec_ooo: 258
@!@!@ENDMSG 2221 @!@!@
@!@!@STARTMSG 2221:0 @!@!@
  ||||line 106, col 49 to line 106, col 80 of module pipeline_exec_ooo: 232
@!@!@ENDMSG 2221 @!@!@
@!@!@STARTMSG 2221:0 @!@!@
  |||||line 13, col 21 to line 15, col 49 of module instructions_ooo: 464
@!@!@ENDMSG 2221 @!@!@
@!@!@STARTMSG 2221:0 @!@!@
  ||||||line 13, col 24 to line 13, col 28 of module instructions_ooo: 464
@!@!@ENDMSG 2221 @!@!@
@!@!@STARTMSG 2221:0 @!@!@
  ||||||line 14, col 26 to line 14, col 32 of module instructions_ooo: 232
@!@!@ENDMSG 2221 @!@!@
@!@!@STARTMSG 2221:0 @!@!@
  |||||||line 12, col 36 to line 12, col 72 of module instructions_ooo: 232
@!@!@ENDMSG 2221 @!@!@
@!@!@STARTMSG 2221:0 @!@!@
  ||||||||line 12, col 39 to line 12, col 48 of module instructions_ooo: 232
@!@!@ENDMSG 2221 @!@!@
@!@!@STARTMSG 2221:0 @!@!@
  ||||||||line 12, col 55 to line 12, col 61 of module instructions_ooo: 34
@!@!@ENDMSG 2221 @!@!@
@!@!@STARTMSG 2221:0 @!@!@
  ||||||||line 12, col 68 to line 12, col 72 of module instructions_ooo: 198
@!@!@ENDMSG 2221 @!@!@
@!@!@STARTMSG 2221:0 @!@!@
  |||||||line 14, col 31 to line 14, col 31 of module instructions_ooo: 232
@!@!@ENDMSG 2221 @!@!@
@!@!@STARTMSG 2221:0 @!@!@
  ||||||line 15, col 26 to line 15, col 49 of module instructions_ooo: 232
@!@!@ENDMSG 2221 @!@!@
@!@!@STARTMSG 2221:0 @!@!@
  |||||||line 15, col 37 to line 15, col 43 of module instructions_ooo: 232
@!@!@ENDMSG 2221 @!@!@
@!@!@STARTMSG 2221:0 @!@!@
  ||||||||line 12, col 36 to line 12, col 72 of module instructions_ooo: 232
@!@!@ENDMSG 2221 @!@!@
@!@!@STARTMSG 2221:0 @!@!@
  |||||||||line 12, col 39 to line 12, col 48 of module instructions_ooo: 232
@!@!@ENDMSG 2221 @!@!@
@!@!@STARTMSG 2221:0 @!@!@
  |||||||||line 12, col 55 to line 12, col 61 of module instructions_ooo: 34
@!@!@ENDMSG 2221 @!@!@
@!@!@STARTMSG 2221:0 @!@!@
  |||||||||line 12, col 68 to line 12, col 72 of module instructions_ooo: 198
@!@!@ENDMSG 2221 @!@!@
@!@!@STARTMSG 2221:0 @!@!@
  ||||||||line 15, col 42 to line 15, col 42 of module instructions_ooo: 232
@!@!@ENDMSG 2221 @!@!@
@!@!@STARTMSG 2221:0 @!@!@
  |||||||line 15, col 46 to line 15, col 48 of module instructions_ooo: 232
@!@!@ENDMSG 2221 @!@!@
@!@!@STARTMSG 2221:0 @!@!@
  |||||line 106, col 60 to line 106, col 68 of module pipeline_exec_ooo: 232
@!@!@ENDMSG 2221 @!@!@
@!@!@STARTMSG 2221:0 @!@!@
  |||||line 106, col 71 to line 106, col 79 of module pipeline_exec_ooo: 232
@!@!@ENDMSG 2221 @!@!@
@!@!@STARTMSG 2221:0 @!@!@
  ||||line 106, col 87 to line 106, col 95 of module pipeline_exec_ooo: 26
@!@!@ENDMSG 2221 @!@!@
@!@!@STARTMSG 2221:0 @!@!@
  ||line 122, col 55 to line 122, col 59 of module pipeline_exec_ooo: 258
@!@!@ENDMSG 2221 @!@!@
@!@!@STARTMSG 2775:0 @!@!@
  |||line 109, col 30 to line 121, col 30 of module pipeline_exec_ooo: 258:29970
@!@!@ENDMSG 2775 @!@!@
@!@!@STARTMSG 2221:0 @!@!@
  ||||line 109, col 38 to line 109, col 51 of module pipeline_exec_ooo: 258
@!@!@ENDMSG 2221 @!@!@
@!@!@STARTMSG 2221:0 @!@!@
  |||||line 109, col 41 to line 109, col 51 of module pipeline_exec_ooo: 258
@!@!@ENDMSG 2221 @!@!@
@!@!@STARTMSG 2221:0 @!@!@
  ||||||line 109, col 45 to line 109, col 50 of module pipeline_exec_ooo: 258
@!@!@ENDMSG 2221 @!@!@
@!@!@STARTMSG 2221:0 @!@!@
  |||||||line 108, col 31 to line 108, col 83 of module pipeline_exec_ooo: 258
@!@!@ENDMSG 2221 @!@!@
@!@!@STARTMSG 2221:0 @!@!@
  ||||||||line 108, col 34 to line 108, col 43 of module pipeline_exec_ooo: 258
@!@!@ENDMSG 2221 @!@!@
@!@!@STARTMSG 2221:0 @!@!@
  |||||||||line 108, col 35 to line 108, col 43 of module pipeline_exec_ooo: 258
@!@!@ENDMSG 2221 @!@!@
@!@!@STARTMSG 2221:0 @!@!@
  ||||||||||line 18, col 14 to line 18, col 67 of module pipeline_exec_ooo: 258
@!@!@ENDMSG 2221 @!@!@
@!@!@STARTMSG 2221:0 @!@!@
  |||||||||||line 18, col 37 to line 18, col 67 of module pipeline_exec_ooo: 500
@!@!@ENDMSG 2221 @!@!@
@!@!@STARTMSG 2221:0 @!@!@
  |||||||||||line 18, col 23 to line 18, col 34 of module pipeline_exec_ooo: 258
@!@!@ENDMSG 2221 @!@!@
@!@!@STARTMSG 2221:0 @!@!@
  ||||||||line 108, col 50 to line 108, col 68 of module pipeline_exec_ooo: 232
@!@!@ENDMSG 2221 @!@!@
@!@!@STARTMSG 2221:0 @!@!@
  |||||||||line 98, col 16 to line 100, col 152 of module pipeline_exec_ooo: 696
@!@!@ENDMSG 2221 @!@!@
@!@!@STARTMSG 2221:0 @!@!@
  ||||||||||line 98, col 19 to line 98, col 23 of module pipeline_exec_ooo: 696
@!@!@ENDMSG 2221 @!@!@
@!@!@STARTMSG 2221:0 @!@!@
  ||||||||||line 99, col 21 to line 99, col 29 of module pipeline_exec_ooo: 232
@!@!@ENDMSG 2221 @!@!@
@!@!@STARTMSG 2221:0 @!@!@
  ||||||||||line 100, col 21 to line 100, col 152 of module pipeline_exec_ooo: 464
@!@!@ENDMSG 2221 @!@!@
@!@!@STARTMSG 2221:0 @!@!@
  |||||||||||line 17, col 22 to line 17, col 64 of module instructions_ooo: 464
@!@!@ENDMSG 2221 @!@!@
@!@!@STARTMSG 2221:0 @!@!@
  ||||||||||||line 17, col 25 to line 17, col 38 of module instructions_ooo: 464
@!@!@ENDMSG 2221 @!@!@
@!@!@STARTMSG 2221:0 @!@!@
  ||||||||||||line 17, col 45 to line 17, col 57 of module instructions_ooo: 68
@!@!@ENDMSG 2221 @!@!@
@!@!@STARTMSG 2221:0 @!@!@
  ||||||||||||line 17, col 64 to line 17, col 64 of module instructions_ooo: 396
@!@!@ENDMSG 2221 @!@!@
@!@!@STARTMSG 2221:0 @!@!@
  |||||||||||line 100, col 32 to line 100, col 44 of module pipeline_exec_ooo: 464
@!@!@ENDMSG 2221 @!@!@
@!@!@STARTMSG 2221:0 @!@!@
  |||||||||||line 100, col 47 to line 100, col 151 of module pipeline_exec_ooo: 464
@!@!@ENDMSG 2221 @!@!@
@!@!@STARTMSG 2221:0 @!@!@
  ||||||||||||line 100, col 56 to line 100, col 79 of module pipeline_exec_ooo: 464
@!@!@ENDMSG 2221 @!@!@
@!@!@STARTMSG 2221:0 @!@!@
  |||||||||||||line 9, col 21 to line 9, col 56 of module instructions_ooo: 464
@!@!@ENDMSG 2221 @!@!@
@!@!@STARTMSG 2221:0 @!@!@
  ||||||||||||||line 9, col 24 to line 9, col 35 of module instructions_ooo: 464
@!@!@ENDMSG 2221 @!@!@
@!@!@STARTMSG 2221:0 @!@!@
  ||||||||||||||line 9, col 42 to line 9, col 45 of module instructions_ooo: 68
@!@!@ENDMSG 2221 @!@!@
@!@!@STARTMSG 2221:0 @!@!@
  ||||||||||||||line 9, col 52 to line 9, col 56 of module instructions_ooo: 396
@!@!@ENDMSG 2221 @!@!@
@!@!@STARTMSG 2221:0 @!@!@
  |||||||||||||line 100, col 67 to line 100, col 75 of module pipeline_exec_ooo: 464
@!@!@ENDMSG 2221 @!@!@
@!@!@STARTMSG 2221:0 @!@!@
  |||||||||||||line 100, col 78 to line 100, col 78 of module pipeline_exec_ooo: 464
@!@!@ENDMSG 2221 @!@!@
@!@!@STARTMSG 2221:0 @!@!@
  ||||||||||||line 100, col 82 to line 100, col 99 of module pipeline_exec_ooo: 464
@!@!@ENDMSG 2221 @!@!@
@!@!@STARTMSG 2221:0 @!@!@
  ||||||||||||line 100, col 102 to line 100, col 115 of module pipeline_exec_ooo: 464
@!@!@ENDMSG 2221 @!@!@
@!@!@STARTMSG 2221:0 @!@!@
  |||||||||line 108, col 59 to line 108, col 67 of module pipeline_exec_ooo: 232
@!@!@ENDMSG 2221 @!@!@
@!@!@STARTMSG 2221:0 @!@!@
  ||||||||line 108, col 75 to line 108, col 83 of module pipeline_exec_ooo: 26
@!@!@ENDMSG 2221 @!@!@
@!@!@STARTMSG 2221:0 @!@!@
  line 127, col 20 to line 128, col 50 of module pipeline_exec_ooo: 258
@!@!@ENDMSG 2221 @!@!@
@!@!@STARTMSG 2221:0 @!@!@
  |line 128, col 26 to line 128, col 39 of module pipeline_exec_ooo: 1520
@!@!@ENDMSG 2221 @!@!@
@!@!@STARTMSG 2221:0 @!@!@
  |line 128, col 44 to line 128, col 50 of module pipeline_exec_ooo: 760
@!@!@ENDMSG 2221 @!@!@
@!@!@STARTMSG 2221:0 @!@!@
  |line 127, col 29 to line 127, col 49 of module pipeline_exec_ooo: 258
@!@!@ENDMSG 2221 @!@!@
@!@!@STARTMSG 2221:0 @!@!@
  line 129, col 22 to line 129, col 47 of module pipeline_exec_ooo: 244
@!@!@ENDMSG 2221 @!@!@
@!@!@STARTMSG 2221:0 @!@!@
  |line 129, col 35 to line 129, col 47 of module pipeline_exec_ooo: 246
@!@!@ENDMSG 2221 @!@!@
@!@!@STARTMSG 2221:0 @!@!@
  line 130, col 22 to line 130, col 46 of module pipeline_exec_ooo: 12
@!@!@ENDMSG 2221 @!@!@
@!@!@STARTMSG 2221:0 @!@!@
  line 132, col 37 to line 132, col 68 of module pipeline_exec_ooo: 256
@!@!@ENDMSG 2221 @!@!@
@!@!@STARTMSG 2221:0 @!@!@
  line 50, col 24 to line 50, col 29 of module pipeline_ooo: 84
@!@!@ENDMSG 2221 @!@!@
@!@!@STARTMSG 2221:0 @!@!@
  line 51, col 21 to line 51, col 23 of module pipeline_ooo: 2082
@!@!@ENDMSG 2221 @!@!@
@!@!@STARTMSG 2221:0 @!@!@
  line 43, col 28 to line 43, col 37 of module pipeline_ooo: 368
@!@!@ENDMSG 2221 @!@!@
@!@!@STARTMSG 2221:0 @!@!@
  line 42, col 1 to line 52, col 29 of module pipeline_ooo: 16
@!@!@ENDMSG 2221 @!@!@
@!@!@STARTMSG 2221:0 @!@!@
  line 42, col 1 to line 52, col 29 of module pipeline_ooo: 14376
@!@!@ENDMSG 2221 @!@!@
@!@!@STARTMSG 2221:0 @!@!@
  line 45, col 22 to line 45, col 25 of module pipeline_ooo: 12422
@!@!@ENDMSG 2221 @!@!@
@!@!@STARTMSG 2221:0 @!@!@
  line 46, col 22 to line 46, col 25 of module pipeline_ooo: 12731
@!@!@ENDMSG 2221 @!@!@
@!@!@STARTMSG 2221:0 @!@!@
  line 42, col 1 to line 52, col 29 of module pipeline_ooo: 9351
@!@!@ENDMSG 2221 @!@!@
@!@!@STARTMSG 2221:0 @!@!@
  line 48, col 22 to line 48, col 25 of module pipeline_ooo: 30230
@!@!@ENDMSG 2221 @!@!@
@!@!@STARTMSG 2221:0 @!@!@
  line 47, col 22 to line 47, col 25 of module pipeline_ooo: 5705
@!@!@ENDMSG 2221 @!@!@
@!@!@STARTMSG 2221:0 @!@!@
  line 52, col 24 to line 52, col 29 of module pipeline_ooo: 68
@!@!@ENDMSG 2221 @!@!@
@!@!@STARTMSG 2221:0 @!@!@
  line 49, col 23 to line 49, col 27 of module pipeline_ooo: 14742
@!@!@ENDMSG 2221 @!@!@
@!@!@STARTMSG 2221:0 @!@!@
  line 44, col 23 to line 44, col 27 of module pipeline_ooo: 53036
@!@!@ENDMSG 2221 @!@!@
@!@!@STARTMSG 2221:0 @!@!@
  line 63, col 18 to line 63, col 59 of module pipeline_exec_ooo: 256
@!@!@ENDMSG 2221 @!@!@
@!@!@STARTMSG 2775:0 @!@!@
  |line 63, col 25 to line 63, col 59 of module pipeline_exec_ooo: 258:516
@!@!@ENDMSG 2775 @!@!@
@!@!@STARTMSG 2221:0 @!@!@
  line 67, col 15 to line 67, col 69 of module pipeline_exec_ooo: 256
@!@!@ENDMSG 2221 @!@!@
@!@!@STARTMSG 2775:0 @!@!@
  |line 67, col 22 to line 67, col 69 of module pipeline_exec_ooo: 258:516
@!@!@ENDMSG 2775 @!@!@
@!@!@STARTMSG 2221:0 @!@!@
  line 70, col 15 to line 72, col 59 of module pipeline_exec_ooo: 256
@!@!@ENDMSG 2221 @!@!@
@!@!@STARTMSG 2775:0 @!@!@
  |line 70, col 22 to line 72, col 59 of module pipeline_exec_ooo: 258:516
@!@!@ENDMSG 2775 @!@!@
@!@!@STARTMSG 2221:0 @!@!@
  line 81, col 18 to line 81, col 54 of module pipeline_exec_ooo: 256
@!@!@ENDMSG 2221 @!@!@
@!@!@STARTMSG 2775:0 @!@!@
  |line 81, col 25 to line 81, col 54 of module pipeline_exec_ooo: 258:516
@!@!@ENDMSG 2775 @!@!@
@!@!@STARTMSG 2221:0 @!@!@
  line 95, col 16 to line 95, col 69 of module pipeline_exec_ooo: 256
@!@!@ENDMSG 2221 @!@!@
@!@!@STARTMSG 2775:0 @!@!@
  |line 95, col 24 to line 95, col 69 of module pipeline_exec_ooo: 258:516
@!@!@ENDMSG 2775 @!@!@
@!@!@STARTMSG 2221:0 @!@!@
  line 122, col 20 to line 122, col 61 of module pipeline_exec_ooo: 256
@!@!@ENDMSG 2221 @!@!@
@!@!@STARTMSG 2221:0 @!@!@
  |line 122, col 28 to line 122, col 61 of module pipeline_exec_ooo: 258
@!@!@ENDMSG 2221 @!@!@
@!@!@STARTMSG 2221:0 @!@!@
  ||line 122, col 39 to line 122, col 43 of module pipeline_exec_ooo: 258
@!@!@ENDMSG 2221 @!@!@
@!@!@STARTMSG 2221:0 @!@!@
  |||line 106, col 30 to line 106, col 95 of module pipeline_exec_ooo: 258
@!@!@ENDMSG 2221 @!@!@
@!@!@STARTMSG 2221:0 @!@!@
  ||||line 106, col 33 to line 106, col 42 of module pipeline_exec_ooo: 258
@!@!@ENDMSG 2221 @!@!@
@!@!@STARTMSG 2221:0 @!@!@
  |||||line 106, col 34 to line 106, col 42 of module pipeline_exec_ooo: 258
@!@!@ENDMSG 2221 @!@!@
@!@!@STARTMSG 2221:0 @!@!@
  ||||||line 18, col 14 to line 18, col 67 of module pipeline_exec_ooo: 258
@!@!@ENDMSG 2221 @!@!@
@!@!@STARTMSG 2221:0 @!@!@
  |||||||line 18, col 37 to line 18, col 67 of module pipeline_exec_ooo: 500
@!@!@ENDMSG 2221 @!@!@
@!@!@STARTMSG 2221:0 @!@!@
  |||||||line 18, col 23 to line 18, col 34 of module pipeline_exec_ooo: 258
@!@!@ENDMSG 2221 @!@!@
@!@!@STARTMSG 2221:0 @!@!@
  ||||line 106, col 49 to line 106, col 80 of module pipeline_exec_ooo: 234
@!@!@ENDMSG 2221 @!@!@
@!@!@STARTMSG 2221:0 @!@!@
  |||||line 13, col 21 to line 15, col 49 of module instructions_ooo: 468
@!@!@ENDMSG 2221 @!@!@
@!@!@STARTMSG 2221:0 @!@!@
  ||||||line 13, col 24 to line 13, col 28 of module instructions_ooo: 468
@!@!@ENDMSG 2221 @!@!@
@!@!@STARTMSG 2221:0 @!@!@
  ||||||line 14, col 26 to line 14, col 32 of module instructions_ooo: 234
@!@!@ENDMSG 2221 @!@!@
@!@!@STARTMSG 2221:0 @!@!@
  |||||||line 12, col 36 to line 12, col 72 of module instructions_ooo: 234
@!@!@ENDMSG 2221 @!@!@
@!@!@STARTMSG 2221:0 @!@!@
  ||||||||line 12, col 39 to line 12, col 48 of module instructions_ooo: 234
@!@!@ENDMSG 2221 @!@!@
@!@!@STARTMSG 2221:0 @!@!@
  ||||||||line 12, col 55 to line 12, col 61 of module instructions_ooo: 34
@!@!@ENDMSG 2221 @!@!@
@!@!@STARTMSG 2221:0 @!@!@
  ||||||||line 12, col 68 to line 12, col 72 of module instructions_ooo: 200
@!@!@ENDMSG 2221 @!@!@
@!@!@STARTMSG 2221:0 @!@!@
  |||||||line 14, col 31 to line 14, col 31 of module instructions_ooo: 234
@!@!@ENDMSG 2221 @!@!@
@!@!@STARTMSG 2221:0 @!@!@
  ||||||line 15, col 26 to line 15, col 49 of module instructions_ooo: 234
@!@!@ENDMSG 2221 @!@!@
@!@!@STARTMSG 2221:0 @!@!@
  |||||||line 15, col 37 to line 15, col 43 of module instructions_ooo: 234
@!@!@ENDMSG 2221 @!@!@
@!@!@STARTMSG 2221:0 @!@!@
  ||||||||line 12, col 36 to line 12, col 72 of module instructions_ooo: 234
@!@!@ENDMSG 2221 @!@!@
@!@!@STARTMSG 2221:0 @!@!@
  |||||||||line 12, col 39 to line 12, col 48 of module instructions_ooo: 234
@!@!@ENDMSG 2221 @!@!@
@!@!@STARTMSG 2221:0 @!@!@
  |||||||||line 12, col 55 to line 12, col 61 of module instructions_ooo: 34
@!@!@ENDMSG 2221 @!@!@
@!@!@STARTMSG 2221:0 @!@!@
  |||||||||line 12, col 68 to line 12, col 72 of module instructions_ooo: 200
@!@!@ENDMSG 2221 @!@!@
@!@!@STARTMSG 2221:0 @!@!@
  ||||||||line 15, col 42 to line 15, col 42 of module instructions_ooo: 234
@!@!@ENDMSG 2221 @!@!@
@!@!@STARTMSG 2221:0 @!@!@
  |||||||line 15, col 46 to line 15, col 48 of module instructions_ooo: 234
@!@!@ENDMSG 2221 @!@!@
@!@!@STARTMSG 2221:0 @!@!@
  |||||line 106, col 60 to line 106, col 68 of module pipeline_exec_ooo: 234
@!@!@ENDMSG 2221 @!@!@
@!@!@STARTMSG 2221:0 @!@!@
  |||||line 106, col 71 to line 106, col 79 of module pipeline_exec_ooo: 234
@!@!@ENDMSG 2221 @!@!@
@!@!@STARTMSG 2221:0 @!@!@
  ||||line 106, col 87 to line 106, col 95 of module pipeline_exec_ooo: 24
@!@!@ENDMSG 2221 @!@!@
@!@!@STARTMSG 2221:0 @!@!@
  ||line 122, col 55 to line 122, col 59 of module pipeline_exec_ooo: 258
@!@!@ENDMSG 2221 @!@!@
@!@!@STARTMSG 2775:0 @!@!@
  |||line 109, col 30 to line 121, col 30 of module pipeline_exec_ooo: 258:23806
@!@!@ENDMSG 2775 @!@!@
@!@!@STARTMSG 2221:0 @!@!@
  ||||line 109, col 38 to line 109, col 51 of module pipeline_exec_ooo: 258
@!@!@ENDMSG 2221 @!@!@
@!@!@STARTMSG 2221:0 @!@!@
  |||||line 109, col 41 to line 109, col 51 of module pipeline_exec_ooo: 258
@!@!@ENDMSG 2221 @!@!@
@!@!@STARTMSG 2221:0 @!@!@
  ||||||line 109, col 45 to line 109, col 50 of module pipeline_exec_ooo: 258
@!@!@ENDMSG 2221 @!@!@
@!@!@STARTMSG 2221:0 @!@!@
  |||||||line 108, col 31 to line 108, col 83 of module pipeline_exec_ooo: 258
@!@!@ENDMSG 2221 @!@!@
@!@!@STARTMSG 2221:0 @!@!@
  ||||||||line 108, col 34 to line 108, col 43 of module pipeline_exec_ooo: 258
@!@!@ENDMSG 2221 @!@!@
@!@!@STARTMSG 2221:0 @!@!@
  |||||||||line 108, col 35 to line 108, col 43 of module pipeline_exec_ooo: 258
@!@!@ENDMSG 2221 @!@!@
@!@!@STARTMSG 2221:0 @!@!@
  ||||||||||line 18, col 14 to line 18, col 67 of module pipeline_exec_ooo: 258
@!@!@ENDMSG 2221 @!@!@
@!@!@STARTMSG 2221:0 @!@!@
  |||||||||||line 18, col 37 to line 18, col 67 of module pipeline_exec_ooo: 500
@!@!@ENDMSG 2221 @!@!@
@!@!@STARTMSG 2221:0 @!@!@
  |||||||||||line 18, col 23 to line 18, col 34 of module pipeline_exec_ooo: 258
@!@!@ENDMSG 2221 @!@!@
@!@!@STARTMSG 2221:0 @!@!@
  ||||||||line 108, col 50 to line 108, col 68 of module pipeline_exec_ooo: 234
@!@!@ENDMSG 2221 @!@!@
@!@!@STARTMSG 2221:0 @!@!@
  |||||||||line 98, col 16 to line 100, col 152 of module pipeline_exec_ooo: 702
@!@!@ENDMSG 2221 @!@!@
@!@!@STARTMSG 2221:0 @!@!@
  ||||||||||line 98, col 19 to line 98, col 23 of module pipeline_exec_ooo: 702
@!@!@ENDMSG 2221 @!@!@
@!@!@STARTMSG 2221:0 @!@!@
  ||||||||||line 99, col 21 to line 99, col 29 of module pipeline_exec_ooo: 234
@!@!@ENDMSG 2221 @!@!@
@!@!@STARTMSG 2221:0 @!@!@
  ||||||||||line 100, col 21 to line 100, col 152 of module pipeline_exec_ooo: 468
@!@!@ENDMSG 2221 @!@!@
@!@!@STARTMSG 2221:0 @!@!@
  |||||||||||line 17, col 22 to line 17, col 64 of module instructions_ooo: 468
@!@!@ENDMSG 2221 @!@!@
@!@!@STARTMSG 2221:0 @!@!@
  ||||||||||||line 17, col 25 to line 17, col 38 of module instructions_ooo: 468
@!@!@ENDMSG 2221 @!@!@
@!@!@STARTMSG 2221:0 @!@!@
  ||||||||||||line 17, col 45 to line 17, col 57 of module instructions_ooo: 68
@!@!@ENDMSG 2221 @!@!@
@!@!@STARTMSG 2221:0 @!@!@
  ||||||||||||line 17, col 64 to line 17, col 64 of module instructions_ooo: 400
@!@!@ENDMSG 2221 @!@!@
@!@!@STARTMSG 2221:0 @!@!@
  |||||||||||line 100, col 32 to line 100, col 44 of module pipeline_exec_ooo: 468
@!@!@ENDMSG 2221 @!@!@
@!@!@STARTMSG 2221:0 @!@!@
  |||||||||||line 100, col 47 to line 100, col 151 of module pipeline_exec_ooo: 468
@!@!@ENDMSG 2221 @!@!@
@!@!@STARTMSG 2221:0 @!@!@
  ||||||||||||line 100, col 56 to line 100, col 79 of module pipeline_exec_ooo: 468
@!@!@ENDMSG 2221 @!@!@
@!@!@STARTMSG 2221:0 @!@!@
  |||||||||||||line 9, col 21 to line 9, col 56 of module instructions_ooo: 468
@!@!@ENDMSG 2221 @!@!@
@!@!@STARTMSG 2221:0 @!@!@
  ||||||||||||||line 9, col 24 to line 9, col 35 of module instructions_ooo: 468
@!@!@ENDMSG 2221 @!@!@
@!@!@STARTMSG 2221:0 @!@!@
  ||||||||||||||line 9, col 42 to line 9, col 45 of module instructions_ooo: 68
@!@!@ENDMSG 2221 @!@!@
@!@!@STARTMSG 2221:0 @!@!@
  ||||||||||||||line 9, col 52 to line 9, col 56 of module instructions_ooo: 400
@!@!@ENDMSG 2221 @!@!@
@!@!@STARTMSG 2221:0 @!@!@
  |||||||||||||line 100, col 67 to line 100, col 75 of module pipeline_exec_ooo: 468
@!@!@ENDMSG 2221 @!@!@
@!@!@STARTMSG 2221:0 @!@!@
  |||||||||||||line 100, col 78 to line 100, col 78 of module pipeline_exec_ooo: 468
@!@!@ENDMSG 2221 @!@!@
@!@!@STARTMSG 2221:0 @!@!@
  ||||||||||||line 100, col 82 to line 100, col 99 of module pipeline_exec_ooo: 468
@!@!@ENDMSG 2221 @!@!@
@!@!@STARTMSG 2221:0 @!@!@
  ||||||||||||line 100, col 102 to line 100, col 115 of module pipeline_exec_ooo: 468
@!@!@ENDMSG 2221 @!@!@
@!@!@STARTMSG 2221:0 @!@!@
  |||||||||line 108, col 59 to line 108, col 67 of module pipeline_exec_ooo: 234
@!@!@ENDMSG 2221 @!@!@
@!@!@STARTMSG 2221:0 @!@!@
  ||||||||line 108, col 75 to line 108, col 83 of module pipeline_exec_ooo: 24
@!@!@ENDMSG 2221 @!@!@
@!@!@STARTMSG 2221:0 @!@!@
  line 127, col 20 to line 128, col 50 of module pipeline_exec_ooo: 258
@!@!@ENDMSG 2221 @!@!@
@!@!@STARTMSG 2221:0 @!@!@
  |line 128, col 26 to line 128, col 39 of module pipeline_exec_ooo: 1544
@!@!@ENDMSG 2221 @!@!@
@!@!@STARTMSG 2221:0 @!@!@
  |line 128, col 44 to line 128, col 50 of module pipeline_exec_ooo: 772
@!@!@ENDMSG 2221 @!@!@
@!@!@STARTMSG 2221:0 @!@!@
  |line 127, col 29 to line 127, col 49 of module pipeline_exec_ooo: 258
@!@!@ENDMSG 2221 @!@!@
@!@!@STARTMSG 2221:0 @!@!@
  line 129, col 22 to line 129, col 47 of module pipeline_exec_ooo: 242
@!@!@ENDMSG 2221 @!@!@
@!@!@STARTMSG 2221:0 @!@!@
  line 130, col 22 to line 130, col 46 of module pipeline_exec_ooo: 14
@!@!@ENDMSG 2221 @!@!@
@!@!@STARTMSG 2221:0 @!@!@
  line 132, col 37 to line 132, col 68 of module pipeline_exec_ooo: 256
@!@!@ENDMSG 2221 @!@!@
@!@!@STARTMSG 2221:0 @!@!@
  line 80, col 12 to line 89, col 101 of module pipeline_ooo: 256
@!@!@ENDMSG 2221 @!@!@
@!@!@STARTMSG 2221:0 @!@!@
  |line 80, col 25 to line 89, col 101 of module pipeline_ooo: 258
@!@!@ENDMSG 2221 @!@!@
@!@!@STARTMSG 2221:0 @!@!@
  ||line 80, col 28 to line 80, col 36 of module pipeline_ooo: 258
@!@!@ENDMSG 2221 @!@!@
@!@!@STARTMSG 2221:0 @!@!@
  ||line 82, col 28 to line 85, col 101 of module pipeline_ooo: 169
@!@!@ENDMSG 2221 @!@!@
@!@!@STARTMSG 2221:0 @!@!@
  |||line 82, col 44 to line 85, col 101 of module pipeline_ooo: 334
@!@!@ENDMSG 2221 @!@!@
@!@!@STARTMSG 2221:0 @!@!@
  ||||line 82, col 67 to line 85, col 101 of module pipeline_ooo: 661
@!@!@ENDMSG 2221 @!@!@
@!@!@STARTMSG 2221:0 @!@!@
  |||||line 83, col 29 to line 85, col 101 of module pipeline_ooo: 761
@!@!@ENDMSG 2221 @!@!@
@!@!@STARTMSG 2221:0 @!@!@
  ||||||line 83, col 32 to line 83, col 63 of module pipeline_ooo: 761
@!@!@ENDMSG 2221 @!@!@
@!@!@STARTMSG 2221:0 @!@!@
  ||||||line 85, col 32 to line 85, col 101 of module pipeline_ooo: 661
@!@!@ENDMSG 2221 @!@!@
@!@!@STARTMSG 2221:0 @!@!@
  |||||||line 85, col 32 to line 85, col 61 of module pipeline_ooo: 661
@!@!@ENDMSG 2221 @!@!@
@!@!@STARTMSG 2221:0 @!@!@
  |||||||line 85, col 66 to line 85, col 101 of module pipeline_ooo: 479
@!@!@ENDMSG 2221 @!@!@
@!@!@STARTMSG 2221:0 @!@!@
  |||||line 82, col 77 to line 82, col 88 of module pipeline_ooo: 661
@!@!@ENDMSG 2221 @!@!@
@!@!@STARTMSG 2221:0 @!@!@
  ||||line 82, col 53 to line 82, col 64 of module pipeline_ooo: 334
@!@!@ENDMSG 2221 @!@!@
@!@!@STARTMSG 2221:0 @!@!@
  |||line 82, col 38 to line 82, col 41 of module pipeline_ooo: 169
@!@!@ENDMSG 2221 @!@!@
@!@!@STARTMSG 2221:0 @!@!@
  ||line 87, col 28 to line 89, col 101 of module pipeline_ooo: 162
@!@!@ENDMSG 2221 @!@!@
@!@!@STARTMSG 2221:0 @!@!@
  |||line 87, col 44 to line 89, col 101 of module pipeline_ooo: 324
@!@!@ENDMSG 2221 @!@!@
@!@!@STARTMSG 2221:0 @!@!@
  ||||line 87, col 62 to line 89, col 101 of module pipeline_ooo: 648
@!@!@ENDMSG 2221 @!@!@
@!@!@STARTMSG 2221:0 @!@!@
  |||||line 88, col 29 to line 89, col 101 of module pipeline_ooo: 898
@!@!@ENDMSG 2221 @!@!@
@!@!@STARTMSG 2221:0 @!@!@
  ||||||line 88, col 32 to line 88, col 63 of module pipeline_ooo: 898
@!@!@ENDMSG 2221 @!@!@
@!@!@STARTMSG 2221:0 @!@!@
  ||||||line 89, col 32 to line 89, col 101 of module pipeline_ooo: 668
@!@!@ENDMSG 2221 @!@!@
@!@!@STARTMSG 2221:0 @!@!@
  |||||||line 89, col 32 to line 89, col 61 of module pipeline_ooo: 668
@!@!@ENDMSG 2221 @!@!@
@!@!@STARTMSG 2221:0 @!@!@
  |||||||line 89, col 66 to line 89, col 101 of module pipeline_ooo: 528
@!@!@ENDMSG 2221 @!@!@
@!@!@STARTMSG 2221:0 @!@!@
  |||||line 87, col 72 to line 87, col 78 of module pipeline_ooo: 648
@!@!@ENDMSG 2221 @!@!@
@!@!@STARTMSG 2221:0 @!@!@
  ||||line 87, col 53 to line 87, col 59 of module pipeline_ooo: 324
@!@!@ENDMSG 2221 @!@!@
@!@!@STARTMSG 2221:0 @!@!@
  |||line 87, col 38 to line 87, col 41 of module pipeline_ooo: 162
@!@!@ENDMSG 2221 @!@!@
@!@!@STARTMSG 2221:0 @!@!@
  line 90, col 12 to line 99, col 22 of module pipeline_ooo: 256
@!@!@ENDMSG 2221 @!@!@
@!@!@STARTMSG 2775:0 @!@!@
  |line 90, col 24 to line 99, col 22 of module pipeline_ooo: 258:516
@!@!@ENDMSG 2775 @!@!@
@!@!@STARTMSG 2221:0 @!@!@
  line 100, col 12 to line 100, col 103 of module pipeline_ooo: 256
@!@!@ENDMSG 2221 @!@!@
@!@!@STARTMSG 2774:0 @!@!@
<inv_1622485492252595000 line 48, col 1 to line 48, col 23 of module MC>
@!@!@ENDMSG 2774 @!@!@
@!@!@STARTMSG 2221:0 @!@!@
  line 49, col 1 to line 49, col 20 of module MC: 257
@!@!@ENDMSG 2221 @!@!@
@!@!@STARTMSG 2221:0 @!@!@
  |line 49, col 1 to line 49, col 7 of module MC: 257
@!@!@ENDMSG 2221 @!@!@
@!@!@STARTMSG 2221:0 @!@!@
  ||line 131, col 21 to line 131, col 27 of module pipeline_ooo: 2
@!@!@ENDMSG 2221 @!@!@
@!@!@STARTMSG 2221:0 @!@!@
  ||line 132, col 12 to line 136, col 142 of module pipeline_ooo: 257
@!@!@ENDMSG 2221 @!@!@
@!@!@STARTMSG 2221:0 @!@!@
  |||line 132, col 15 to line 134, col 60 of module pipeline_ooo: 257
@!@!@ENDMSG 2221 @!@!@
@!@!@STARTMSG 2221:0 @!@!@
  ||||line 132, col 15 to line 133, col 29 of module pipeline_ooo: 257
@!@!@ENDMSG 2221 @!@!@
@!@!@STARTMSG 2221:0 @!@!@
  |||||line 132, col 18 to line 132, col 28 of module pipeline_ooo: 257
@!@!@ENDMSG 2221 @!@!@
@!@!@STARTMSG 2221:0 @!@!@
  ||||||line 108, col 16 to line 108, col 119 of module pipeline_ooo: 257
@!@!@ENDMSG 2221 @!@!@
@!@!@STARTMSG 2221:0 @!@!@
  |||||||line 108, col 31 to line 108, col 119 of module pipeline_ooo: 274
@!@!@ENDMSG 2221 @!@!@
@!@!@STARTMSG 2221:0 @!@!@
  ||||||||line 108, col 63 to line 108, col 119 of module pipeline_ooo: 1000
@!@!@ENDMSG 2221 @!@!@
@!@!@STARTMSG 2221:0 @!@!@
  |||||||||line 108, col 63 to line 108, col 94 of module pipeline_ooo: 1000
@!@!@ENDMSG 2221 @!@!@
@!@!@STARTMSG 2221:0 @!@!@
  |||||||||line 108, col 99 to line 108, col 119 of module pipeline_ooo: 242
@!@!@ENDMSG 2221 @!@!@
@!@!@STARTMSG 2221:0 @!@!@
  ||||||||line 108, col 40 to line 108, col 60 of module pipeline_ooo: 274
@!@!@ENDMSG 2221 @!@!@
@!@!@STARTMSG 2221:0 @!@!@
  |||||||line 108, col 25 to line 108, col 28 of module pipeline_ooo: 257
@!@!@ENDMSG 2221 @!@!@
@!@!@STARTMSG 2221:0 @!@!@
  |||||line 133, col 18 to line 133, col 29 of module pipeline_ooo: 5
@!@!@ENDMSG 2221 @!@!@
@!@!@STARTMSG 2221:0 @!@!@
  ||||line 134, col 18 to line 134, col 60 of module pipeline_ooo: 2
@!@!@ENDMSG 2221 @!@!@
@!@!@STARTMSG 2221:0 @!@!@
  |||line 135, col 17 to line 135, col 20 of module pipeline_ooo: 257
@!@!@ENDMSG 2221 @!@!@
@!@!@STARTMSG 2221:0 @!@!@
  |line 49, col 12 to line 49, col 20 of module MC: 257
@!@!@ENDMSG 2221 @!@!@
@!@!@STARTMSG 2221:0 @!@!@
  ||line 122, col 14 to line 127, col 188 of module pipeline_ooo: 257
@!@!@ENDMSG 2221 @!@!@
@!@!@STARTMSG 2221:0 @!@!@
  |||line 122, col 37 to line 127, col 188 of module pipeline_ooo: 769
@!@!@ENDMSG 2221 @!@!@
@!@!@STARTMSG 2221:0 @!@!@
  ||||line 123, col 13 to line 127, col 188 of module pipeline_ooo: 1538
@!@!@ENDMSG 2221 @!@!@
@!@!@STARTMSG 2221:0 @!@!@
  |||||line 123, col 16 to line 125, col 46 of module pipeline_ooo: 1538
@!@!@ENDMSG 2221 @!@!@
@!@!@STARTMSG 2221:0 @!@!@
  ||||||line 123, col 16 to line 124, col 45 of module pipeline_ooo: 1538
@!@!@ENDMSG 2221 @!@!@
@!@!@STARTMSG 2221:0 @!@!@
  |||||||line 123, col 19 to line 123, col 29 of module pipeline_ooo: 1538
@!@!@ENDMSG 2221 @!@!@
@!@!@STARTMSG 2221:0 @!@!@
  ||||||||line 108, col 16 to line 108, col 119 of module pipeline_ooo: 1538
@!@!@ENDMSG 2221 @!@!@
@!@!@STARTMSG 2221:0 @!@!@
  |||||||||line 108, col 31 to line 108, col 119 of module pipeline_ooo: 1636
@!@!@ENDMSG 2221 @!@!@
@!@!@STARTMSG 2221:0 @!@!@
  ||||||||||line 108, col 63 to line 108, col 119 of module pipeline_ooo: 5968
@!@!@ENDMSG 2221 @!@!@
@!@!@STARTMSG 2221:0 @!@!@
  |||||||||||line 108, col 63 to line 108, col 94 of module pipeline_ooo: 5968
@!@!@ENDMSG 2221 @!@!@
@!@!@STARTMSG 2221:0 @!@!@
  |||||||||||line 108, col 99 to line 108, col 119 of module pipeline_ooo: 1444
@!@!@ENDMSG 2221 @!@!@
@!@!@STARTMSG 2221:0 @!@!@
  ||||||||||line 108, col 40 to line 108, col 60 of module pipeline_ooo: 1636
@!@!@ENDMSG 2221 @!@!@
@!@!@STARTMSG 2221:0 @!@!@
  |||||||||line 108, col 25 to line 108, col 28 of module pipeline_ooo: 1538
@!@!@ENDMSG 2221 @!@!@
@!@!@STARTMSG 2221:0 @!@!@
  |||||||line 124, col 19 to line 124, col 45 of module pipeline_ooo: 26
@!@!@ENDMSG 2221 @!@!@
@!@!@STARTMSG 2221:0 @!@!@
  ||||||line 125, col 19 to line 125, col 46 of module pipeline_ooo: 4
@!@!@ENDMSG 2221 @!@!@
@!@!@STARTMSG 2221:0 @!@!@
  |||||line 126, col 18 to line 126, col 21 of module pipeline_ooo: 1536
@!@!@ENDMSG 2221 @!@!@
@!@!@STARTMSG 2221:0 @!@!@
  |||||line 127, col 18 to line 127, col 188 of module pipeline_ooo: 2
@!@!@ENDMSG 2221 @!@!@
@!@!@STARTMSG 2221:0 @!@!@
  ||||line 122, col 46 to line 122, col 57 of module pipeline_ooo: 769
@!@!@ENDMSG 2221 @!@!@
@!@!@STARTMSG 2221:0 @!@!@
  |||line 122, col 23 to line 122, col 34 of module pipeline_ooo: 257
@!@!@ENDMSG 2221 @!@!@
@!@!@STARTMSG 2202:0 @!@!@
End of statistics.
@!@!@ENDMSG 2202 @!@!@
@!@!@STARTMSG 2200:0 @!@!@
Progress(17) at 2021-05-31 20:24:55: 258 states generated (4 944 s/min), 257 distinct states found (4 924 ds/min), 13 states left on queue.
@!@!@ENDMSG 2200 @!@!@
@!@!@STARTMSG 2199:0 @!@!@
258 states generated, 257 distinct states found, 13 states left on queue.
@!@!@ENDMSG 2199 @!@!@
@!@!@STARTMSG 2194:0 @!@!@
The depth of the complete state graph search is 17.
@!@!@ENDMSG 2194 @!@!@
@!@!@STARTMSG 2268:0 @!@!@
The average outdegree of the complete state graph is 1 (minimum is 0, the maximum 1 and the 95th percentile is 1).
@!@!@ENDMSG 2268 @!@!@
@!@!@STARTMSG 2186:0 @!@!@
Finished in 3142ms at (2021-05-31 20:24:55)
@!@!@ENDMSG 2186 @!@!@
