@!@!@STARTMSG 2262:0 @!@!@
TLC2 Version 2.16 of 31 December 2020 (rev: cdddf55)
@!@!@ENDMSG 2262 @!@!@
@!@!@STARTMSG 2187:0 @!@!@
Running breadth-first search Model-Checking with fp 6 and seed 4051954951220432633 with 4 workers on 4 cores with 2274MB heap and 5113MB offheap memory [pid: 16868] (Linux 5.4.0-109-generic amd64, AdoptOpenJDK 14.0.1 x86_64, OffHeapDiskFPSet, DiskStateQueue).
@!@!@ENDMSG 2187 @!@!@
@!@!@STARTMSG 2220:0 @!@!@
Starting SANY...
@!@!@ENDMSG 2220 @!@!@
Parsing file /home/benjaminbinder/Documents/timing-anomalies/tla/OoO/pipeline_ooo.toolbox/bench_bsort/MC.tla
Parsing file /home/benjaminbinder/Documents/timing-anomalies/tla/OoO/pipeline_ooo.toolbox/bench_bsort/pipeline_ooo.tla
Parsing file /usr/tla_toolbox/plugins/org.lamport.tlatools_1.0.0.202012311918/tla2sany/StandardModules/TLC.tla
Parsing file /usr/tla_toolbox/plugins/org.lamport.tlatools_1.0.0.202012311918/tla2sany/StandardModules/Sequences.tla
Parsing file /home/benjaminbinder/Documents/timing-anomalies/tla/OoO/pipeline_ooo.toolbox/bench_bsort/instructions_ooo.tla
Parsing file /usr/tla_toolbox/plugins/org.lamport.tlatools_1.0.0.202012311918/tla2sany/StandardModules/Integers.tla
Parsing file /usr/tla_toolbox/plugins/org.lamport.tlatools_1.0.0.202012311918/tla2sany/StandardModules/FiniteSets.tla
Parsing file /home/benjaminbinder/Documents/timing-anomalies/tla/lib/TAExpl.tla
Parsing file /usr/tla_toolbox/plugins/org.lamport.tlatools_1.0.0.202012311918/tla2sany/StandardModules/Naturals.tla
Parsing file /home/benjaminbinder/Documents/timing-anomalies/tla/OoO/pipeline_ooo.toolbox/bench_bsort/pipeline_exec_ooo.tla
Semantic processing of module Naturals
Semantic processing of module Sequences
Semantic processing of module Integers
Semantic processing of module FiniteSets
Semantic processing of module instructions_ooo
Semantic processing of module TLC
Semantic processing of module TAExpl
Semantic processing of module pipeline_exec_ooo
Semantic processing of module pipeline_ooo
Semantic processing of module MC
@!@!@STARTMSG 2219:0 @!@!@
SANY finished.
@!@!@ENDMSG 2219 @!@!@
@!@!@STARTMSG 2185:0 @!@!@
Starting... (2022-08-03 16:18:55)
@!@!@ENDMSG 2185 @!@!@
@!@!@STARTMSG 2168:0 @!@!@
Loading InitOutputFile operator override from file:/home/benjaminbinder/Documents/timing-anomalies/tla/lib/TAExpl.class with signature: <Java Method: public static tlc2.value.impl.Value TAExpl.InitOutputFile(tlc2.value.impl.Value,tlc2.value.impl.Value,tlc2.value.impl.Value,tlc2.value.impl.Value,tlc2.value.impl.Value,tlc2.value.impl.Value,tlc2.value.impl.Value) throws java.io.IOException,java.lang.InterruptedException>.
@!@!@ENDMSG 2168 @!@!@
@!@!@STARTMSG 2168:0 @!@!@
Loading HasTA operator override from file:/home/benjaminbinder/Documents/timing-anomalies/tla/lib/TAExpl.class with signature: <Java Method: public static tlc2.value.impl.Value TAExpl.HasTA(tlc2.value.impl.Value,tlc2.value.impl.Value,tlc2.value.impl.Value,tlc2.value.impl.BoolValue) throws java.io.IOException,java.lang.InterruptedException>.
@!@!@ENDMSG 2168 @!@!@
<<"$!@$!@$!@$!@$!", 100>>
@!@!@STARTMSG 2189:0 @!@!@
Computing initial states...
@!@!@ENDMSG 2189 @!@!@
@!@!@STARTMSG 2190:0 @!@!@
Finished computing initial states: 1 distinct state generated at 2022-08-03 16:18:57.
@!@!@ENDMSG 2190 @!@!@
@!@!@STARTMSG 2200:0 @!@!@
Progress(9) at 2022-08-03 16:19:00: 10 states generated (10 s/min), 10 distinct states found (10 ds/min), 0 states left on queue.
@!@!@ENDMSG 2200 @!@!@
@!@!@STARTMSG 2200:0 @!@!@
Progress(19) at 2022-08-03 16:20:00: 407 states generated (397 s/min), 407 distinct states found (397 ds/min), 68 states left on queue.
@!@!@ENDMSG 2200 @!@!@
@!@!@STARTMSG 2200:0 @!@!@
Progress(21) at 2022-08-03 16:21:00: 784 states generated (377 s/min), 784 distinct states found (377 ds/min), 197 states left on queue.
@!@!@ENDMSG 2200 @!@!@
@!@!@STARTMSG 2110:1 @!@!@
Invariant inv_1659536334589253000 is violated.
@!@!@ENDMSG 2110 @!@!@
@!@!@STARTMSG 2121:1 @!@!@
The behavior up to this point is:
@!@!@ENDMSG 2121 @!@!@
@!@!@STARTMSG 2217:4 @!@!@
1: <Initial predicate>
/\ _RS2 = <<{}, {}, {}, {}, {}>>
/\ _COM2 = << [ ind |-> 0,
     type |-> "No_OpClass",
     r0 |-> "",
     r1 |-> "",
     r2 |-> "",
     addr |-> "" ],
   [ ind |-> 0,
     type |-> "No_OpClass",
     r0 |-> "",
     r1 |-> "",
     r2 |-> "",
     addr |-> "" ],
   [ ind |-> 0,
     type |-> "No_OpClass",
     r0 |-> "",
     r1 |-> "",
     r2 |-> "",
     addr |-> "" ],
   [ ind |-> 0,
     type |-> "No_OpClass",
     r0 |-> "",
     r1 |-> "",
     r2 |-> "",
     addr |-> "" ] >>
/\ _ID = << [ ind |-> 0,
     type |-> "No_OpClass",
     r0 |-> "",
     r1 |-> "",
     r2 |-> "",
     addr |-> "" ],
   [ ind |-> 0,
     type |-> "No_OpClass",
     r0 |-> "",
     r1 |-> "",
     r2 |-> "",
     addr |-> "" ],
   [ ind |-> 0,
     type |-> "No_OpClass",
     r0 |-> "",
     r1 |-> "",
     r2 |-> "",
     addr |-> "" ],
   [ ind |-> 0,
     type |-> "No_OpClass",
     r0 |-> "",
     r1 |-> "",
     r2 |-> "",
     addr |-> "" ] >>
/\ _IF = << [ instr |->
         [ ind |-> 0,
           type |-> "No_OpClass",
           r0 |-> "",
           r1 |-> "",
           r2 |-> "",
           addr |-> "" ],
     baseLat |-> 1,
     currLat |-> 1 ],
   [ instr |->
         [ ind |-> 0,
           type |-> "No_OpClass",
           r0 |-> "",
           r1 |-> "",
           r2 |-> "",
           addr |-> "" ],
     baseLat |-> 1,
     currLat |-> 1 ],
   [ instr |->
         [ ind |-> 0,
           type |-> "No_OpClass",
           r0 |-> "",
           r1 |-> "",
           r2 |-> "",
           addr |-> "" ],
     baseLat |-> 1,
     currLat |-> 1 ],
   [ instr |->
         [ ind |-> 0,
           type |-> "No_OpClass",
           r0 |-> "",
           r1 |-> "",
           r2 |-> "",
           addr |-> "" ],
     baseLat |-> 1,
     currLat |-> 1 ] >>
/\ _FU2 = << [ instr |->
         [ ind |-> 0,
           type |-> "No_OpClass",
           r0 |-> "",
           r1 |-> "",
           r2 |-> "",
           addr |-> "" ],
     baseLat |-> 1,
     currLat |-> 1 ],
   [ instr |->
         [ ind |-> 0,
           type |-> "No_OpClass",
           r0 |-> "",
           r1 |-> "",
           r2 |-> "",
           addr |-> "" ],
     baseLat |-> 1,
     currLat |-> 1 ],
   [ instr |->
         [ ind |-> 0,
           type |-> "No_OpClass",
           r0 |-> "",
           r1 |-> "",
           r2 |-> "",
           addr |-> "" ],
     baseLat |-> 1,
     currLat |-> 1 ],
   [ instr |->
         [ ind |-> 0,
           type |-> "No_OpClass",
           r0 |-> "",
           r1 |-> "",
           r2 |-> "",
           addr |-> "" ],
     baseLat |-> 1,
     currLat |-> 1 ],
   [ instr |->
         [ ind |-> 0,
           type |-> "No_OpClass",
           r0 |-> "",
           r1 |-> "",
           r2 |-> "",
           addr |-> "" ],
     baseLat |-> 1,
     currLat |-> 1 ] >>
/\ _COM = << [ ind |-> 0,
     type |-> "No_OpClass",
     r0 |-> "",
     r1 |-> "",
     r2 |-> "",
     addr |-> "" ],
   [ ind |-> 0,
     type |-> "No_OpClass",
     r0 |-> "",
     r1 |-> "",
     r2 |-> "",
     addr |-> "" ],
   [ ind |-> 0,
     type |-> "No_OpClass",
     r0 |-> "",
     r1 |-> "",
     r2 |-> "",
     addr |-> "" ],
   [ ind |-> 0,
     type |-> "No_OpClass",
     r0 |-> "",
     r1 |-> "",
     r2 |-> "",
     addr |-> "" ] >>
/\ exec_inst2 = 2
/\ _ID2 = << [ ind |-> 0,
     type |-> "No_OpClass",
     r0 |-> "",
     r1 |-> "",
     r2 |-> "",
     addr |-> "" ],
   [ ind |-> 0,
     type |-> "No_OpClass",
     r0 |-> "",
     r1 |-> "",
     r2 |-> "",
     addr |-> "" ],
   [ ind |-> 0,
     type |-> "No_OpClass",
     r0 |-> "",
     r1 |-> "",
     r2 |-> "",
     addr |-> "" ],
   [ ind |-> 0,
     type |-> "No_OpClass",
     r0 |-> "",
     r1 |-> "",
     r2 |-> "",
     addr |-> "" ] >>
/\ graph = [nodes |-> <<>>, edges |-> {}]
/\ currCycle2 = 0
/\ _IF2 = << [ instr |->
         [ ind |-> 0,
           type |-> "No_OpClass",
           r0 |-> "",
           r1 |-> "",
           r2 |-> "",
           addr |-> "" ],
     baseLat |-> 1,
     currLat |-> 1 ],
   [ instr |->
         [ ind |-> 0,
           type |-> "No_OpClass",
           r0 |-> "",
           r1 |-> "",
           r2 |-> "",
           addr |-> "" ],
     baseLat |-> 1,
     currLat |-> 1 ],
   [ instr |->
         [ ind |-> 0,
           type |-> "No_OpClass",
           r0 |-> "",
           r1 |-> "",
           r2 |-> "",
           addr |-> "" ],
     baseLat |-> 1,
     currLat |-> 1 ],
   [ instr |->
         [ ind |-> 0,
           type |-> "No_OpClass",
           r0 |-> "",
           r1 |-> "",
           r2 |-> "",
           addr |-> "" ],
     baseLat |-> 1,
     currLat |-> 1 ] >>
/\ graph2 = [nodes |-> <<>>, edges |-> {}]
/\ pc2 = 0
/\ robHead = 1
/\ rob = <<>>
/\ _RS = <<{}, {}, {}, {}, {}>>
/\ currCycle = 0
/\ exec_inst = 1
/\ robHead2 = 1
/\ pc = 0
/\ cpt = 0
/\ rob2 = <<>>
/\ _FU = << [ instr |->
         [ ind |-> 0,
           type |-> "No_OpClass",
           r0 |-> "",
           r1 |-> "",
           r2 |-> "",
           addr |-> "" ],
     baseLat |-> 1,
     currLat |-> 1 ],
   [ instr |->
         [ ind |-> 0,
           type |-> "No_OpClass",
           r0 |-> "",
           r1 |-> "",
           r2 |-> "",
           addr |-> "" ],
     baseLat |-> 1,
     currLat |-> 1 ],
   [ instr |->
         [ ind |-> 0,
           type |-> "No_OpClass",
           r0 |-> "",
           r1 |-> "",
           r2 |-> "",
           addr |-> "" ],
     baseLat |-> 1,
     currLat |-> 1 ],
   [ instr |->
         [ ind |-> 0,
           type |-> "No_OpClass",
           r0 |-> "",
           r1 |-> "",
           r2 |-> "",
           addr |-> "" ],
     baseLat |-> 1,
     currLat |-> 1 ],
   [ instr |->
         [ ind |-> 0,
           type |-> "No_OpClass",
           r0 |-> "",
           r1 |-> "",
           r2 |-> "",
           addr |-> "" ],
     baseLat |-> 1,
     currLat |-> 1 ] >>

@!@!@ENDMSG 2217 @!@!@
@!@!@STARTMSG 2217:4 @!@!@
2: <Next line 60, col 9 to line 65, col 35 of module pipeline_ooo>
/\ _RS2 = <<{}, {}, {}, {}, {}>>
/\ _COM2 = << [ ind |-> 0,
     type |-> "No_OpClass",
     r0 |-> "",
     r1 |-> "",
     r2 |-> "",
     addr |-> "" ],
   [ ind |-> 0,
     type |-> "No_OpClass",
     r0 |-> "",
     r1 |-> "",
     r2 |-> "",
     addr |-> "" ],
   [ ind |-> 0,
     type |-> "No_OpClass",
     r0 |-> "",
     r1 |-> "",
     r2 |-> "",
     addr |-> "" ],
   [ ind |-> 0,
     type |-> "No_OpClass",
     r0 |-> "",
     r1 |-> "",
     r2 |-> "",
     addr |-> "" ] >>
/\ _ID = << [ ind |-> 0,
     type |-> "No_OpClass",
     r0 |-> "",
     r1 |-> "",
     r2 |-> "",
     addr |-> "" ],
   [ ind |-> 0,
     type |-> "No_OpClass",
     r0 |-> "",
     r1 |-> "",
     r2 |-> "",
     addr |-> "" ],
   [ ind |-> 0,
     type |-> "No_OpClass",
     r0 |-> "",
     r1 |-> "",
     r2 |-> "",
     addr |-> "" ],
   [ ind |-> 0,
     type |-> "No_OpClass",
     r0 |-> "",
     r1 |-> "",
     r2 |-> "",
     addr |-> "" ] >>
/\ _IF = << [ instr |->
         [ ind |-> 5687,
           type |-> "IntAlu",
           r0 |-> "sp",
           r1 |-> "",
           r2 |-> "",
           addr |-> "0x105e2" ],
     baseLat |-> 1,
     currLat |-> 1 ],
   [ instr |->
         [ ind |-> 5688,
           type |-> "MemWrite",
           r0 |-> "ra",
           r1 |-> "",
           r2 |-> "",
           addr |-> "0x105e4" ],
     baseLat |-> 1,
     currLat |-> 1 ],
   [ instr |->
         [ ind |-> 5689,
           type |-> "MemWrite",
           r0 |-> "s0",
           r1 |-> "",
           r2 |-> "",
           addr |-> "0x105e6" ],
     baseLat |-> 1,
     currLat |-> 1 ],
   [ instr |->
         [ ind |-> 5690,
           type |-> "IntAlu",
           r0 |-> "s0",
           r1 |-> "sp",
           r2 |-> "",
           addr |-> "0x105e8" ],
     baseLat |-> 1,
     currLat |-> 1 ] >>
/\ _FU2 = << [ instr |->
         [ ind |-> 0,
           type |-> "No_OpClass",
           r0 |-> "",
           r1 |-> "",
           r2 |-> "",
           addr |-> "" ],
     baseLat |-> 1,
     currLat |-> 1 ],
   [ instr |->
         [ ind |-> 0,
           type |-> "No_OpClass",
           r0 |-> "",
           r1 |-> "",
           r2 |-> "",
           addr |-> "" ],
     baseLat |-> 1,
     currLat |-> 1 ],
   [ instr |->
         [ ind |-> 0,
           type |-> "No_OpClass",
           r0 |-> "",
           r1 |-> "",
           r2 |-> "",
           addr |-> "" ],
     baseLat |-> 1,
     currLat |-> 1 ],
   [ instr |->
         [ ind |-> 0,
           type |-> "No_OpClass",
           r0 |-> "",
           r1 |-> "",
           r2 |-> "",
           addr |-> "" ],
     baseLat |-> 1,
     currLat |-> 1 ],
   [ instr |->
         [ ind |-> 0,
           type |-> "No_OpClass",
           r0 |-> "",
           r1 |-> "",
           r2 |-> "",
           addr |-> "" ],
     baseLat |-> 1,
     currLat |-> 1 ] >>
/\ _COM = << [ ind |-> 0,
     type |-> "No_OpClass",
     r0 |-> "",
     r1 |-> "",
     r2 |-> "",
     addr |-> "" ],
   [ ind |-> 0,
     type |-> "No_OpClass",
     r0 |-> "",
     r1 |-> "",
     r2 |-> "",
     addr |-> "" ],
   [ ind |-> 0,
     type |-> "No_OpClass",
     r0 |-> "",
     r1 |-> "",
     r2 |-> "",
     addr |-> "" ],
   [ ind |-> 0,
     type |-> "No_OpClass",
     r0 |-> "",
     r1 |-> "",
     r2 |-> "",
     addr |-> "" ] >>
/\ exec_inst2 = 2
/\ _ID2 = << [ ind |-> 0,
     type |-> "No_OpClass",
     r0 |-> "",
     r1 |-> "",
     r2 |-> "",
     addr |-> "" ],
   [ ind |-> 0,
     type |-> "No_OpClass",
     r0 |-> "",
     r1 |-> "",
     r2 |-> "",
     addr |-> "" ],
   [ ind |-> 0,
     type |-> "No_OpClass",
     r0 |-> "",
     r1 |-> "",
     r2 |-> "",
     addr |-> "" ],
   [ ind |-> 0,
     type |-> "No_OpClass",
     r0 |-> "",
     r1 |-> "",
     r2 |-> "",
     addr |-> "" ] >>
/\ graph = [nodes |-> <<>>, edges |-> {}]
/\ currCycle2 = 1
/\ _IF2 = << [ instr |->
         [ ind |-> 5687,
           type |-> "IntAlu",
           r0 |-> "sp",
           r1 |-> "",
           r2 |-> "",
           addr |-> "0x105e2" ],
     baseLat |-> 1,
     currLat |-> 1 ],
   [ instr |->
         [ ind |-> 5688,
           type |-> "MemWrite",
           r0 |-> "ra",
           r1 |-> "",
           r2 |-> "",
           addr |-> "0x105e4" ],
     baseLat |-> 1,
     currLat |-> 1 ],
   [ instr |->
         [ ind |-> 5689,
           type |-> "MemWrite",
           r0 |-> "s0",
           r1 |-> "",
           r2 |-> "",
           addr |-> "0x105e6" ],
     baseLat |-> 1,
     currLat |-> 1 ],
   [ instr |->
         [ ind |-> 5690,
           type |-> "IntAlu",
           r0 |-> "s0",
           r1 |-> "sp",
           r2 |-> "",
           addr |-> "0x105e8" ],
     baseLat |-> 1,
     currLat |-> 1 ] >>
/\ graph2 = [nodes |-> <<>>, edges |-> {}]
/\ pc2 = 4
/\ robHead = 1
/\ rob = <<>>
/\ _RS = <<{}, {}, {}, {}, {}>>
/\ currCycle = 1
/\ exec_inst = 1
/\ robHead2 = 1
/\ pc = 4
/\ cpt = 0
/\ rob2 = <<>>
/\ _FU = << [ instr |->
         [ ind |-> 0,
           type |-> "No_OpClass",
           r0 |-> "",
           r1 |-> "",
           r2 |-> "",
           addr |-> "" ],
     baseLat |-> 1,
     currLat |-> 1 ],
   [ instr |->
         [ ind |-> 0,
           type |-> "No_OpClass",
           r0 |-> "",
           r1 |-> "",
           r2 |-> "",
           addr |-> "" ],
     baseLat |-> 1,
     currLat |-> 1 ],
   [ instr |->
         [ ind |-> 0,
           type |-> "No_OpClass",
           r0 |-> "",
           r1 |-> "",
           r2 |-> "",
           addr |-> "" ],
     baseLat |-> 1,
     currLat |-> 1 ],
   [ instr |->
         [ ind |-> 0,
           type |-> "No_OpClass",
           r0 |-> "",
           r1 |-> "",
           r2 |-> "",
           addr |-> "" ],
     baseLat |-> 1,
     currLat |-> 1 ],
   [ instr |->
         [ ind |-> 0,
           type |-> "No_OpClass",
           r0 |-> "",
           r1 |-> "",
           r2 |-> "",
           addr |-> "" ],
     baseLat |-> 1,
     currLat |-> 1 ] >>

@!@!@ENDMSG 2217 @!@!@
@!@!@STARTMSG 2217:4 @!@!@
3: <Next line 60, col 9 to line 65, col 35 of module pipeline_ooo>
/\ _RS2 = <<{}, {}, {}, {}, {}>>
/\ _COM2 = << [ ind |-> 0,
     type |-> "No_OpClass",
     r0 |-> "",
     r1 |-> "",
     r2 |-> "",
     addr |-> "" ],
   [ ind |-> 0,
     type |-> "No_OpClass",
     r0 |-> "",
     r1 |-> "",
     r2 |-> "",
     addr |-> "" ],
   [ ind |-> 0,
     type |-> "No_OpClass",
     r0 |-> "",
     r1 |-> "",
     r2 |-> "",
     addr |-> "" ],
   [ ind |-> 0,
     type |-> "No_OpClass",
     r0 |-> "",
     r1 |-> "",
     r2 |-> "",
     addr |-> "" ] >>
/\ _ID = << [ ind |-> 5687,
     type |-> "IntAlu",
     r0 |-> "sp",
     r1 |-> "",
     r2 |-> "",
     addr |-> "0x105e2" ],
   [ ind |-> 5688,
     type |-> "MemWrite",
     r0 |-> "ra",
     r1 |-> "",
     r2 |-> "",
     addr |-> "0x105e4" ],
   [ ind |-> 5689,
     type |-> "MemWrite",
     r0 |-> "s0",
     r1 |-> "",
     r2 |-> "",
     addr |-> "0x105e6" ],
   [ ind |-> 5690,
     type |-> "IntAlu",
     r0 |-> "s0",
     r1 |-> "sp",
     r2 |-> "",
     addr |-> "0x105e8" ] >>
/\ _IF = << [ instr |->
         [ ind |-> 5691,
           type |-> "IntAlu",
           r0 |-> "a0",
           r1 |-> "gp",
           r2 |-> "",
           addr |-> "0x105ea" ],
     baseLat |-> 1,
     currLat |-> 1 ],
   [ instr |->
         [ ind |-> 5692,
           type |-> "IntAlu",
           r0 |-> "ra",
           r1 |-> "",
           r2 |-> "",
           addr |-> "0x105ee" ],
     baseLat |-> 1,
     currLat |-> 1 ],
   [ instr |->
         [ ind |-> 5693,
           type |-> "IntAlu",
           r0 |-> "sp",
           r1 |-> "",
           r2 |-> "",
           addr |-> "0x104ee" ],
     baseLat |-> 1,
     currLat |-> 1 ],
   [ instr |->
         [ ind |-> 5694,
           type |-> "MemWrite",
           r0 |-> "s0",
           r1 |-> "",
           r2 |-> "",
           addr |-> "0x104f0" ],
     baseLat |-> 1,
     currLat |-> 1 ] >>
/\ _FU2 = << [ instr |->
         [ ind |-> 0,
           type |-> "No_OpClass",
           r0 |-> "",
           r1 |-> "",
           r2 |-> "",
           addr |-> "" ],
     baseLat |-> 1,
     currLat |-> 1 ],
   [ instr |->
         [ ind |-> 0,
           type |-> "No_OpClass",
           r0 |-> "",
           r1 |-> "",
           r2 |-> "",
           addr |-> "" ],
     baseLat |-> 1,
     currLat |-> 1 ],
   [ instr |->
         [ ind |-> 0,
           type |-> "No_OpClass",
           r0 |-> "",
           r1 |-> "",
           r2 |-> "",
           addr |-> "" ],
     baseLat |-> 1,
     currLat |-> 1 ],
   [ instr |->
         [ ind |-> 0,
           type |-> "No_OpClass",
           r0 |-> "",
           r1 |-> "",
           r2 |-> "",
           addr |-> "" ],
     baseLat |-> 1,
     currLat |-> 1 ],
   [ instr |->
         [ ind |-> 0,
           type |-> "No_OpClass",
           r0 |-> "",
           r1 |-> "",
           r2 |-> "",
           addr |-> "" ],
     baseLat |-> 1,
     currLat |-> 1 ] >>
/\ _COM = << [ ind |-> 0,
     type |-> "No_OpClass",
     r0 |-> "",
     r1 |-> "",
     r2 |-> "",
     addr |-> "" ],
   [ ind |-> 0,
     type |-> "No_OpClass",
     r0 |-> "",
     r1 |-> "",
     r2 |-> "",
     addr |-> "" ],
   [ ind |-> 0,
     type |-> "No_OpClass",
     r0 |-> "",
     r1 |-> "",
     r2 |-> "",
     addr |-> "" ],
   [ ind |-> 0,
     type |-> "No_OpClass",
     r0 |-> "",
     r1 |-> "",
     r2 |-> "",
     addr |-> "" ] >>
/\ exec_inst2 = 2
/\ _ID2 = << [ ind |-> 5687,
     type |-> "IntAlu",
     r0 |-> "sp",
     r1 |-> "",
     r2 |-> "",
     addr |-> "0x105e2" ],
   [ ind |-> 5688,
     type |-> "MemWrite",
     r0 |-> "ra",
     r1 |-> "",
     r2 |-> "",
     addr |-> "0x105e4" ],
   [ ind |-> 5689,
     type |-> "MemWrite",
     r0 |-> "s0",
     r1 |-> "",
     r2 |-> "",
     addr |-> "0x105e6" ],
   [ ind |-> 5690,
     type |-> "IntAlu",
     r0 |-> "s0",
     r1 |-> "sp",
     r2 |-> "",
     addr |-> "0x105e8" ] >>
/\ graph = [ nodes |->
      << [ ind |-> 5687,
           addr |-> "0x105e2",
           IFacq |-> 1,
           IFrel |-> 2,
           IDacq |-> 0,
           IDrel |-> 0,
           FUacq |-> 0,
           FUrel |-> 0,
           COM |-> 0,
           ROB |-> 0,
           RS |-> 0,
           FU |-> 0 ],
         [ ind |-> 5688,
           addr |-> "0x105e4",
           IFacq |-> 1,
           IFrel |-> 2,
           IDacq |-> 0,
           IDrel |-> 0,
           FUacq |-> 0,
           FUrel |-> 0,
           COM |-> 0,
           ROB |-> 0,
           RS |-> 0,
           FU |-> 0 ],
         [ ind |-> 5689,
           addr |-> "0x105e6",
           IFacq |-> 1,
           IFrel |-> 2,
           IDacq |-> 0,
           IDrel |-> 0,
           FUacq |-> 0,
           FUrel |-> 0,
           COM |-> 0,
           ROB |-> 0,
           RS |-> 0,
           FU |-> 0 ],
         [ ind |-> 5690,
           addr |-> "0x105e8",
           IFacq |-> 1,
           IFrel |-> 2,
           IDacq |-> 0,
           IDrel |-> 0,
           FUacq |-> 0,
           FUrel |-> 0,
           COM |-> 0,
           ROB |-> 0,
           RS |-> 0,
           FU |-> 0 ] >>,
  edges |-> {} ]
/\ currCycle2 = 2
/\ _IF2 = << [ instr |->
         [ ind |-> 5691,
           type |-> "IntAlu",
           r0 |-> "a0",
           r1 |-> "gp",
           r2 |-> "",
           addr |-> "0x105ea" ],
     baseLat |-> 1,
     currLat |-> 1 ],
   [ instr |->
         [ ind |-> 5692,
           type |-> "IntAlu",
           r0 |-> "ra",
           r1 |-> "",
           r2 |-> "",
           addr |-> "0x105ee" ],
     baseLat |-> 1,
     currLat |-> 1 ],
   [ instr |->
         [ ind |-> 5693,
           type |-> "IntAlu",
           r0 |-> "sp",
           r1 |-> "",
           r2 |-> "",
           addr |-> "0x104ee" ],
     baseLat |-> 1,
     currLat |-> 1 ],
   [ instr |->
         [ ind |-> 5694,
           type |-> "MemWrite",
           r0 |-> "s0",
           r1 |-> "",
           r2 |-> "",
           addr |-> "0x104f0" ],
     baseLat |-> 1,
     currLat |-> 1 ] >>
/\ graph2 = [ nodes |->
      << [ ind |-> 5687,
           addr |-> "0x105e2",
           IFacq |-> 1,
           IFrel |-> 2,
           IDacq |-> 0,
           IDrel |-> 0,
           FUacq |-> 0,
           FUrel |-> 0,
           COM |-> 0,
           ROB |-> 0,
           RS |-> 0,
           FU |-> 0 ],
         [ ind |-> 5688,
           addr |-> "0x105e4",
           IFacq |-> 1,
           IFrel |-> 2,
           IDacq |-> 0,
           IDrel |-> 0,
           FUacq |-> 0,
           FUrel |-> 0,
           COM |-> 0,
           ROB |-> 0,
           RS |-> 0,
           FU |-> 0 ],
         [ ind |-> 5689,
           addr |-> "0x105e6",
           IFacq |-> 1,
           IFrel |-> 2,
           IDacq |-> 0,
           IDrel |-> 0,
           FUacq |-> 0,
           FUrel |-> 0,
           COM |-> 0,
           ROB |-> 0,
           RS |-> 0,
           FU |-> 0 ],
         [ ind |-> 5690,
           addr |-> "0x105e8",
           IFacq |-> 1,
           IFrel |-> 2,
           IDacq |-> 0,
           IDrel |-> 0,
           FUacq |-> 0,
           FUrel |-> 0,
           COM |-> 0,
           ROB |-> 0,
           RS |-> 0,
           FU |-> 0 ] >>,
  edges |-> {} ]
/\ pc2 = 8
/\ robHead = 1
/\ rob = <<>>
/\ _RS = <<{}, {}, {}, {}, {}>>
/\ currCycle = 2
/\ exec_inst = 1
/\ robHead2 = 1
/\ pc = 8
/\ cpt = 0
/\ rob2 = <<>>
/\ _FU = << [ instr |->
         [ ind |-> 0,
           type |-> "No_OpClass",
           r0 |-> "",
           r1 |-> "",
           r2 |-> "",
           addr |-> "" ],
     baseLat |-> 1,
     currLat |-> 1 ],
   [ instr |->
         [ ind |-> 0,
           type |-> "No_OpClass",
           r0 |-> "",
           r1 |-> "",
           r2 |-> "",
           addr |-> "" ],
     baseLat |-> 1,
     currLat |-> 1 ],
   [ instr |->
         [ ind |-> 0,
           type |-> "No_OpClass",
           r0 |-> "",
           r1 |-> "",
           r2 |-> "",
           addr |-> "" ],
     baseLat |-> 1,
     currLat |-> 1 ],
   [ instr |->
         [ ind |-> 0,
           type |-> "No_OpClass",
           r0 |-> "",
           r1 |-> "",
           r2 |-> "",
           addr |-> "" ],
     baseLat |-> 1,
     currLat |-> 1 ],
   [ instr |->
         [ ind |-> 0,
           type |-> "No_OpClass",
           r0 |-> "",
           r1 |-> "",
           r2 |-> "",
           addr |-> "" ],
     baseLat |-> 1,
     currLat |-> 1 ] >>

@!@!@ENDMSG 2217 @!@!@
@!@!@STARTMSG 2217:4 @!@!@
4: <Next line 60, col 9 to line 65, col 35 of module pipeline_ooo>
/\ _RS2 = << { [ ind |-> 5690,
       type |-> "IntAlu",
       r0 |-> "s0",
       r1 |-> "sp",
       r2 |-> "",
       addr |-> "0x105e8" ] },
   { [ ind |-> 5689,
       type |-> "MemWrite",
       r0 |-> "s0",
       r1 |-> "",
       r2 |-> "",
       addr |-> "0x105e6" ] },
   {},
   {},
   {} >>
/\ _COM2 = << [ ind |-> 0,
     type |-> "No_OpClass",
     r0 |-> "",
     r1 |-> "",
     r2 |-> "",
     addr |-> "" ],
   [ ind |-> 0,
     type |-> "No_OpClass",
     r0 |-> "",
     r1 |-> "",
     r2 |-> "",
     addr |-> "" ],
   [ ind |-> 0,
     type |-> "No_OpClass",
     r0 |-> "",
     r1 |-> "",
     r2 |-> "",
     addr |-> "" ],
   [ ind |-> 0,
     type |-> "No_OpClass",
     r0 |-> "",
     r1 |-> "",
     r2 |-> "",
     addr |-> "" ] >>
/\ _ID = << [ ind |-> 5691,
     type |-> "IntAlu",
     r0 |-> "a0",
     r1 |-> "gp",
     r2 |-> "",
     addr |-> "0x105ea" ],
   [ ind |-> 5692,
     type |-> "IntAlu",
     r0 |-> "ra",
     r1 |-> "",
     r2 |-> "",
     addr |-> "0x105ee" ],
   [ ind |-> 5693,
     type |-> "IntAlu",
     r0 |-> "sp",
     r1 |-> "",
     r2 |-> "",
     addr |-> "0x104ee" ],
   [ ind |-> 5694,
     type |-> "MemWrite",
     r0 |-> "s0",
     r1 |-> "",
     r2 |-> "",
     addr |-> "0x104f0" ] >>
/\ _IF = << [ instr |->
         [ ind |-> 5695,
           type |-> "IntAlu",
           r0 |-> "s0",
           r1 |-> "sp",
           r2 |-> "",
           addr |-> "0x104f2" ],
     baseLat |-> 1,
     currLat |-> 1 ],
   [ instr |->
         [ ind |-> 5696,
           type |-> "MemWrite",
           r0 |-> "a0",
           r1 |-> "",
           r2 |-> "",
           addr |-> "0x104f4" ],
     baseLat |-> 1,
     currLat |-> 1 ],
   [ instr |->
         [ ind |-> 5697,
           type |-> "MemWrite",
           r0 |-> "zero",
           r1 |-> "",
           r2 |-> "",
           addr |-> "0x104f8" ],
     baseLat |-> 1,
     currLat |-> 1 ],
   [ instr |->
         [ ind |-> 5698,
           type |-> "MemWrite",
           r0 |-> "zero",
           r1 |-> "",
           r2 |-> "",
           addr |-> "0x104fc" ],
     baseLat |-> 1,
     currLat |-> 1 ] >>
/\ _FU2 = << [ instr |->
         [ ind |-> 5687,
           type |-> "IntAlu",
           r0 |-> "sp",
           r1 |-> "",
           r2 |-> "",
           addr |-> "0x105e2" ],
     baseLat |-> 1,
     currLat |-> 1 ],
   [ instr |->
         [ ind |-> 5688,
           type |-> "MemWrite",
           r0 |-> "ra",
           r1 |-> "",
           r2 |-> "",
           addr |-> "0x105e4" ],
     baseLat |-> 1,
     currLat |-> 1 ],
   [ instr |->
         [ ind |-> 0,
           type |-> "No_OpClass",
           r0 |-> "",
           r1 |-> "",
           r2 |-> "",
           addr |-> "" ],
     baseLat |-> 1,
     currLat |-> 1 ],
   [ instr |->
         [ ind |-> 0,
           type |-> "No_OpClass",
           r0 |-> "",
           r1 |-> "",
           r2 |-> "",
           addr |-> "" ],
     baseLat |-> 1,
     currLat |-> 1 ],
   [ instr |->
         [ ind |-> 0,
           type |-> "No_OpClass",
           r0 |-> "",
           r1 |-> "",
           r2 |-> "",
           addr |-> "" ],
     baseLat |-> 1,
     currLat |-> 1 ] >>
/\ _COM = << [ ind |-> 0,
     type |-> "No_OpClass",
     r0 |-> "",
     r1 |-> "",
     r2 |-> "",
     addr |-> "" ],
   [ ind |-> 0,
     type |-> "No_OpClass",
     r0 |-> "",
     r1 |-> "",
     r2 |-> "",
     addr |-> "" ],
   [ ind |-> 0,
     type |-> "No_OpClass",
     r0 |-> "",
     r1 |-> "",
     r2 |-> "",
     addr |-> "" ],
   [ ind |-> 0,
     type |-> "No_OpClass",
     r0 |-> "",
     r1 |-> "",
     r2 |-> "",
     addr |-> "" ] >>
/\ exec_inst2 = 2
/\ _ID2 = << [ ind |-> 5691,
     type |-> "IntAlu",
     r0 |-> "a0",
     r1 |-> "gp",
     r2 |-> "",
     addr |-> "0x105ea" ],
   [ ind |-> 5692,
     type |-> "IntAlu",
     r0 |-> "ra",
     r1 |-> "",
     r2 |-> "",
     addr |-> "0x105ee" ],
   [ ind |-> 5693,
     type |-> "IntAlu",
     r0 |-> "sp",
     r1 |-> "",
     r2 |-> "",
     addr |-> "0x104ee" ],
   [ ind |-> 5694,
     type |-> "MemWrite",
     r0 |-> "s0",
     r1 |-> "",
     r2 |-> "",
     addr |-> "0x104f0" ] >>
/\ graph = [ nodes |->
      << [ ind |-> 5687,
           addr |-> "0x105e2",
           IFacq |-> 1,
           IFrel |-> 2,
           IDacq |-> 2,
           IDrel |-> 3,
           FUacq |-> 0,
           FUrel |-> 0,
           COM |-> 0,
           ROB |-> 2,
           RS |-> 2,
           FU |-> 0 ],
         [ ind |-> 5688,
           addr |-> "0x105e4",
           IFacq |-> 1,
           IFrel |-> 2,
           IDacq |-> 2,
           IDrel |-> 3,
           FUacq |-> 0,
           FUrel |-> 0,
           COM |-> 0,
           ROB |-> 2,
           RS |-> 2,
           FU |-> 0 ],
         [ ind |-> 5689,
           addr |-> "0x105e6",
           IFacq |-> 1,
           IFrel |-> 2,
           IDacq |-> 2,
           IDrel |-> 3,
           FUacq |-> 0,
           FUrel |-> 0,
           COM |-> 0,
           ROB |-> 2,
           RS |-> 2,
           FU |-> 0 ],
         [ ind |-> 5690,
           addr |-> "0x105e8",
           IFacq |-> 1,
           IFrel |-> 2,
           IDacq |-> 2,
           IDrel |-> 3,
           FUacq |-> 0,
           FUrel |-> 0,
           COM |-> 0,
           ROB |-> 2,
           RS |-> 2,
           FU |-> 0 ],
         [ ind |-> 5691,
           addr |-> "0x105ea",
           IFacq |-> 2,
           IFrel |-> 3,
           IDacq |-> 0,
           IDrel |-> 0,
           FUacq |-> 0,
           FUrel |-> 0,
           COM |-> 0,
           ROB |-> 0,
           RS |-> 0,
           FU |-> 0 ],
         [ ind |-> 5692,
           addr |-> "0x105ee",
           IFacq |-> 2,
           IFrel |-> 3,
           IDacq |-> 0,
           IDrel |-> 0,
           FUacq |-> 0,
           FUrel |-> 0,
           COM |-> 0,
           ROB |-> 0,
           RS |-> 0,
           FU |-> 0 ],
         [ ind |-> 5693,
           addr |-> "0x104ee",
           IFacq |-> 2,
           IFrel |-> 3,
           IDacq |-> 0,
           IDrel |-> 0,
           FUacq |-> 0,
           FUrel |-> 0,
           COM |-> 0,
           ROB |-> 0,
           RS |-> 0,
           FU |-> 0 ],
         [ ind |-> 5694,
           addr |-> "0x104f0",
           IFacq |-> 2,
           IFrel |-> 3,
           IDacq |-> 0,
           IDrel |-> 0,
           FUacq |-> 0,
           FUrel |-> 0,
           COM |-> 0,
           ROB |-> 0,
           RS |-> 0,
           FU |-> 0 ] >>,
  edges |-> {} ]
/\ currCycle2 = 3
/\ _IF2 = << [ instr |->
         [ ind |-> 5695,
           type |-> "IntAlu",
           r0 |-> "s0",
           r1 |-> "sp",
           r2 |-> "",
           addr |-> "0x104f2" ],
     baseLat |-> 1,
     currLat |-> 1 ],
   [ instr |->
         [ ind |-> 5696,
           type |-> "MemWrite",
           r0 |-> "a0",
           r1 |-> "",
           r2 |-> "",
           addr |-> "0x104f4" ],
     baseLat |-> 1,
     currLat |-> 1 ],
   [ instr |->
         [ ind |-> 5697,
           type |-> "MemWrite",
           r0 |-> "zero",
           r1 |-> "",
           r2 |-> "",
           addr |-> "0x104f8" ],
     baseLat |-> 1,
     currLat |-> 1 ],
   [ instr |->
         [ ind |-> 5698,
           type |-> "MemWrite",
           r0 |-> "zero",
           r1 |-> "",
           r2 |-> "",
           addr |-> "0x104fc" ],
     baseLat |-> 1,
     currLat |-> 1 ] >>
/\ graph2 = [ nodes |->
      << [ ind |-> 5687,
           addr |-> "0x105e2",
           IFacq |-> 1,
           IFrel |-> 2,
           IDacq |-> 2,
           IDrel |-> 3,
           FUacq |-> 0,
           FUrel |-> 0,
           COM |-> 0,
           ROB |-> 2,
           RS |-> 2,
           FU |-> 0 ],
         [ ind |-> 5688,
           addr |-> "0x105e4",
           IFacq |-> 1,
           IFrel |-> 2,
           IDacq |-> 2,
           IDrel |-> 3,
           FUacq |-> 0,
           FUrel |-> 0,
           COM |-> 0,
           ROB |-> 2,
           RS |-> 2,
           FU |-> 0 ],
         [ ind |-> 5689,
           addr |-> "0x105e6",
           IFacq |-> 1,
           IFrel |-> 2,
           IDacq |-> 2,
           IDrel |-> 3,
           FUacq |-> 0,
           FUrel |-> 0,
           COM |-> 0,
           ROB |-> 2,
           RS |-> 2,
           FU |-> 0 ],
         [ ind |-> 5690,
           addr |-> "0x105e8",
           IFacq |-> 1,
           IFrel |-> 2,
           IDacq |-> 2,
           IDrel |-> 3,
           FUacq |-> 0,
           FUrel |-> 0,
           COM |-> 0,
           ROB |-> 2,
           RS |-> 2,
           FU |-> 0 ],
         [ ind |-> 5691,
           addr |-> "0x105ea",
           IFacq |-> 2,
           IFrel |-> 3,
           IDacq |-> 0,
           IDrel |-> 0,
           FUacq |-> 0,
           FUrel |-> 0,
           COM |-> 0,
           ROB |-> 0,
           RS |-> 0,
           FU |-> 0 ],
         [ ind |-> 5692,
           addr |-> "0x105ee",
           IFacq |-> 2,
           IFrel |-> 3,
           IDacq |-> 0,
           IDrel |-> 0,
           FUacq |-> 0,
           FUrel |-> 0,
           COM |-> 0,
           ROB |-> 0,
           RS |-> 0,
           FU |-> 0 ],
         [ ind |-> 5693,
           addr |-> "0x104ee",
           IFacq |-> 2,
           IFrel |-> 3,
           IDacq |-> 0,
           IDrel |-> 0,
           FUacq |-> 0,
           FUrel |-> 0,
           COM |-> 0,
           ROB |-> 0,
           RS |-> 0,
           FU |-> 0 ],
         [ ind |-> 5694,
           addr |-> "0x104f0",
           IFacq |-> 2,
           IFrel |-> 3,
           IDacq |-> 0,
           IDrel |-> 0,
           FUacq |-> 0,
           FUrel |-> 0,
           COM |-> 0,
           ROB |-> 0,
           RS |-> 0,
           FU |-> 0 ] >>,
  edges |-> {} ]
/\ pc2 = 12
/\ robHead = 1
/\ rob = << [ instr |->
         [ ind |-> 5687,
           type |-> "IntAlu",
           r0 |-> "sp",
           r1 |-> "",
           r2 |-> "",
           addr |-> "0x105e2" ],
     executed |-> FALSE,
     done |-> FALSE ],
   [ instr |->
         [ ind |-> 5688,
           type |-> "MemWrite",
           r0 |-> "ra",
           r1 |-> "",
           r2 |-> "",
           addr |-> "0x105e4" ],
     executed |-> FALSE,
     done |-> FALSE ],
   [ instr |->
         [ ind |-> 5689,
           type |-> "MemWrite",
           r0 |-> "s0",
           r1 |-> "",
           r2 |-> "",
           addr |-> "0x105e6" ],
     executed |-> FALSE,
     done |-> FALSE ],
   [ instr |->
         [ ind |-> 5690,
           type |-> "IntAlu",
           r0 |-> "s0",
           r1 |-> "sp",
           r2 |-> "",
           addr |-> "0x105e8" ],
     executed |-> FALSE,
     done |-> FALSE ] >>
/\ _RS = << { [ ind |-> 5690,
       type |-> "IntAlu",
       r0 |-> "s0",
       r1 |-> "sp",
       r2 |-> "",
       addr |-> "0x105e8" ] },
   { [ ind |-> 5689,
       type |-> "MemWrite",
       r0 |-> "s0",
       r1 |-> "",
       r2 |-> "",
       addr |-> "0x105e6" ] },
   {},
   {},
   {} >>
/\ currCycle = 3
/\ exec_inst = 1
/\ robHead2 = 1
/\ pc = 12
/\ cpt = 0
/\ rob2 = << [ instr |->
         [ ind |-> 5687,
           type |-> "IntAlu",
           r0 |-> "sp",
           r1 |-> "",
           r2 |-> "",
           addr |-> "0x105e2" ],
     executed |-> FALSE,
     done |-> FALSE ],
   [ instr |->
         [ ind |-> 5688,
           type |-> "MemWrite",
           r0 |-> "ra",
           r1 |-> "",
           r2 |-> "",
           addr |-> "0x105e4" ],
     executed |-> FALSE,
     done |-> FALSE ],
   [ instr |->
         [ ind |-> 5689,
           type |-> "MemWrite",
           r0 |-> "s0",
           r1 |-> "",
           r2 |-> "",
           addr |-> "0x105e6" ],
     executed |-> FALSE,
     done |-> FALSE ],
   [ instr |->
         [ ind |-> 5690,
           type |-> "IntAlu",
           r0 |-> "s0",
           r1 |-> "sp",
           r2 |-> "",
           addr |-> "0x105e8" ],
     executed |-> FALSE,
     done |-> FALSE ] >>
/\ _FU = << [ instr |->
         [ ind |-> 5687,
           type |-> "IntAlu",
           r0 |-> "sp",
           r1 |-> "",
           r2 |-> "",
           addr |-> "0x105e2" ],
     baseLat |-> 1,
     currLat |-> 1 ],
   [ instr |->
         [ ind |-> 5688,
           type |-> "MemWrite",
           r0 |-> "ra",
           r1 |-> "",
           r2 |-> "",
           addr |-> "0x105e4" ],
     baseLat |-> 1,
     currLat |-> 1 ],
   [ instr |->
         [ ind |-> 0,
           type |-> "No_OpClass",
           r0 |-> "",
           r1 |-> "",
           r2 |-> "",
           addr |-> "" ],
     baseLat |-> 1,
     currLat |-> 1 ],
   [ instr |->
         [ ind |-> 0,
           type |-> "No_OpClass",
           r0 |-> "",
           r1 |-> "",
           r2 |-> "",
           addr |-> "" ],
     baseLat |-> 1,
     currLat |-> 1 ],
   [ instr |->
         [ ind |-> 0,
           type |-> "No_OpClass",
           r0 |-> "",
           r1 |-> "",
           r2 |-> "",
           addr |-> "" ],
     baseLat |-> 1,
     currLat |-> 1 ] >>

@!@!@ENDMSG 2217 @!@!@
@!@!@STARTMSG 2217:4 @!@!@
5: <Next line 60, col 9 to line 65, col 35 of module pipeline_ooo>
/\ _RS2 = << { [ ind |-> 5691,
       type |-> "IntAlu",
       r0 |-> "a0",
       r1 |-> "gp",
       r2 |-> "",
       addr |-> "0x105ea" ],
     [ ind |-> 5692,
       type |-> "IntAlu",
       r0 |-> "ra",
       r1 |-> "",
       r2 |-> "",
       addr |-> "0x105ee" ],
     [ ind |-> 5693,
       type |-> "IntAlu",
       r0 |-> "sp",
       r1 |-> "",
       r2 |-> "",
       addr |-> "0x104ee" ] },
   { [ ind |-> 5694,
       type |-> "MemWrite",
       r0 |-> "s0",
       r1 |-> "",
       r2 |-> "",
       addr |-> "0x104f0" ] },
   {},
   {},
   {} >>
/\ _COM2 = << [ ind |-> 5687,
     type |-> "IntAlu",
     r0 |-> "sp",
     r1 |-> "",
     r2 |-> "",
     addr |-> "0x105e2" ],
   [ ind |-> 5688,
     type |-> "MemWrite",
     r0 |-> "ra",
     r1 |-> "",
     r2 |-> "",
     addr |-> "0x105e4" ],
   [ ind |-> 0,
     type |-> "No_OpClass",
     r0 |-> "",
     r1 |-> "",
     r2 |-> "",
     addr |-> "" ],
   [ ind |-> 0,
     type |-> "No_OpClass",
     r0 |-> "",
     r1 |-> "",
     r2 |-> "",
     addr |-> "" ] >>
/\ _ID = << [ ind |-> 5695,
     type |-> "IntAlu",
     r0 |-> "s0",
     r1 |-> "sp",
     r2 |-> "",
     addr |-> "0x104f2" ],
   [ ind |-> 5696,
     type |-> "MemWrite",
     r0 |-> "a0",
     r1 |-> "",
     r2 |-> "",
     addr |-> "0x104f4" ],
   [ ind |-> 5697,
     type |-> "MemWrite",
     r0 |-> "zero",
     r1 |-> "",
     r2 |-> "",
     addr |-> "0x104f8" ],
   [ ind |-> 5698,
     type |-> "MemWrite",
     r0 |-> "zero",
     r1 |-> "",
     r2 |-> "",
     addr |-> "0x104fc" ] >>
/\ _IF = << [ instr |->
         [ ind |-> 5699,
           type |-> "IntAlu",
           r0 |-> "",
           r1 |-> "",
           r2 |-> "",
           addr |-> "0x10500" ],
     baseLat |-> 1,
     currLat |-> 1 ],
   [ instr |->
         [ ind |-> 5700,
           type |-> "MemRead",
           r0 |-> "a5",
           r1 |-> "",
           r2 |-> "",
           addr |-> "0x105c4" ],
     baseLat |-> 1,
     currLat |-> 1 ],
   [ instr |->
         [ ind |-> 5701,
           type |-> "IntAlu",
           r0 |-> "a4",
           r1 |-> "a5",
           r2 |-> "",
           addr |-> "0x105c8" ],
     baseLat |-> 1,
     currLat |-> 1 ],
   [ instr |->
         [ ind |-> 5702,
           type |-> "IntAlu",
           r0 |-> "a5",
           r1 |-> "zero",
           r2 |-> "",
           addr |-> "0x105cc" ],
     baseLat |-> 1,
     currLat |-> 1 ] >>
/\ _FU2 = << [ instr |->
         [ ind |-> 5690,
           type |-> "IntAlu",
           r0 |-> "s0",
           r1 |-> "sp",
           r2 |-> "",
           addr |-> "0x105e8" ],
     baseLat |-> 1,
     currLat |-> 1 ],
   [ instr |->
         [ ind |-> 5689,
           type |-> "MemWrite",
           r0 |-> "s0",
           r1 |-> "",
           r2 |-> "",
           addr |-> "0x105e6" ],
     baseLat |-> 1,
     currLat |-> 1 ],
   [ instr |->
         [ ind |-> 0,
           type |-> "No_OpClass",
           r0 |-> "",
           r1 |-> "",
           r2 |-> "",
           addr |-> "" ],
     baseLat |-> 1,
     currLat |-> 1 ],
   [ instr |->
         [ ind |-> 0,
           type |-> "No_OpClass",
           r0 |-> "",
           r1 |-> "",
           r2 |-> "",
           addr |-> "" ],
     baseLat |-> 1,
     currLat |-> 1 ],
   [ instr |->
         [ ind |-> 0,
           type |-> "No_OpClass",
           r0 |-> "",
           r1 |-> "",
           r2 |-> "",
           addr |-> "" ],
     baseLat |-> 1,
     currLat |-> 1 ] >>
/\ _COM = << [ ind |-> 5687,
     type |-> "IntAlu",
     r0 |-> "sp",
     r1 |-> "",
     r2 |-> "",
     addr |-> "0x105e2" ],
   [ ind |-> 5688,
     type |-> "MemWrite",
     r0 |-> "ra",
     r1 |-> "",
     r2 |-> "",
     addr |-> "0x105e4" ],
   [ ind |-> 0,
     type |-> "No_OpClass",
     r0 |-> "",
     r1 |-> "",
     r2 |-> "",
     addr |-> "" ],
   [ ind |-> 0,
     type |-> "No_OpClass",
     r0 |-> "",
     r1 |-> "",
     r2 |-> "",
     addr |-> "" ] >>
/\ exec_inst2 = 2
/\ _ID2 = << [ ind |-> 5695,
     type |-> "IntAlu",
     r0 |-> "s0",
     r1 |-> "sp",
     r2 |-> "",
     addr |-> "0x104f2" ],
   [ ind |-> 5696,
     type |-> "MemWrite",
     r0 |-> "a0",
     r1 |-> "",
     r2 |-> "",
     addr |-> "0x104f4" ],
   [ ind |-> 5697,
     type |-> "MemWrite",
     r0 |-> "zero",
     r1 |-> "",
     r2 |-> "",
     addr |-> "0x104f8" ],
   [ ind |-> 5698,
     type |-> "MemWrite",
     r0 |-> "zero",
     r1 |-> "",
     r2 |-> "",
     addr |-> "0x104fc" ] >>
/\ graph = [ nodes |->
      << [ ind |-> 5687,
           addr |-> "0x105e2",
           IFacq |-> 1,
           IFrel |-> 2,
           IDacq |-> 2,
           IDrel |-> 3,
           FUacq |-> 3,
           FUrel |-> 4,
           COM |-> 0,
           ROB |-> 2,
           RS |-> 2,
           FU |-> 1 ],
         [ ind |-> 5688,
           addr |-> "0x105e4",
           IFacq |-> 1,
           IFrel |-> 2,
           IDacq |-> 2,
           IDrel |-> 3,
           FUacq |-> 3,
           FUrel |-> 4,
           COM |-> 0,
           ROB |-> 2,
           RS |-> 2,
           FU |-> 2 ],
         [ ind |-> 5689,
           addr |-> "0x105e6",
           IFacq |-> 1,
           IFrel |-> 2,
           IDacq |-> 2,
           IDrel |-> 3,
           FUacq |-> 0,
           FUrel |-> 0,
           COM |-> 0,
           ROB |-> 2,
           RS |-> 2,
           FU |-> 0 ],
         [ ind |-> 5690,
           addr |-> "0x105e8",
           IFacq |-> 1,
           IFrel |-> 2,
           IDacq |-> 2,
           IDrel |-> 3,
           FUacq |-> 0,
           FUrel |-> 0,
           COM |-> 0,
           ROB |-> 2,
           RS |-> 2,
           FU |-> 0 ],
         [ ind |-> 5691,
           addr |-> "0x105ea",
           IFacq |-> 2,
           IFrel |-> 3,
           IDacq |-> 3,
           IDrel |-> 4,
           FUacq |-> 0,
           FUrel |-> 0,
           COM |-> 0,
           ROB |-> 3,
           RS |-> 3,
           FU |-> 0 ],
         [ ind |-> 5692,
           addr |-> "0x105ee",
           IFacq |-> 2,
           IFrel |-> 3,
           IDacq |-> 3,
           IDrel |-> 4,
           FUacq |-> 0,
           FUrel |-> 0,
           COM |-> 0,
           ROB |-> 3,
           RS |-> 3,
           FU |-> 0 ],
         [ ind |-> 5693,
           addr |-> "0x104ee",
           IFacq |-> 2,
           IFrel |-> 3,
           IDacq |-> 3,
           IDrel |-> 4,
           FUacq |-> 0,
           FUrel |-> 0,
           COM |-> 0,
           ROB |-> 3,
           RS |-> 3,
           FU |-> 0 ],
         [ ind |-> 5694,
           addr |-> "0x104f0",
           IFacq |-> 2,
           IFrel |-> 3,
           IDacq |-> 3,
           IDrel |-> 4,
           FUacq |-> 0,
           FUrel |-> 0,
           COM |-> 0,
           ROB |-> 3,
           RS |-> 3,
           FU |-> 0 ],
         [ ind |-> 5695,
           addr |-> "0x104f2",
           IFacq |-> 3,
           IFrel |-> 4,
           IDacq |-> 0,
           IDrel |-> 0,
           FUacq |-> 0,
           FUrel |-> 0,
           COM |-> 0,
           ROB |-> 0,
           RS |-> 0,
           FU |-> 0 ],
         [ ind |-> 5696,
           addr |-> "0x104f4",
           IFacq |-> 3,
           IFrel |-> 4,
           IDacq |-> 0,
           IDrel |-> 0,
           FUacq |-> 0,
           FUrel |-> 0,
           COM |-> 0,
           ROB |-> 0,
           RS |-> 0,
           FU |-> 0 ],
         [ ind |-> 5697,
           addr |-> "0x104f8",
           IFacq |-> 3,
           IFrel |-> 4,
           IDacq |-> 0,
           IDrel |-> 0,
           FUacq |-> 0,
           FUrel |-> 0,
           COM |-> 0,
           ROB |-> 0,
           RS |-> 0,
           FU |-> 0 ],
         [ ind |-> 5698,
           addr |-> "0x104fc",
           IFacq |-> 3,
           IFrel |-> 4,
           IDacq |-> 0,
           IDrel |-> 0,
           FUacq |-> 0,
           FUrel |-> 0,
           COM |-> 0,
           ROB |-> 0,
           RS |-> 0,
           FU |-> 0 ] >>,
  edges |-> {} ]
/\ currCycle2 = 4
/\ _IF2 = << [ instr |->
         [ ind |-> 5699,
           type |-> "IntAlu",
           r0 |-> "",
           r1 |-> "",
           r2 |-> "",
           addr |-> "0x10500" ],
     baseLat |-> 1,
     currLat |-> 1 ],
   [ instr |->
         [ ind |-> 5700,
           type |-> "MemRead",
           r0 |-> "a5",
           r1 |-> "",
           r2 |-> "",
           addr |-> "0x105c4" ],
     baseLat |-> 1,
     currLat |-> 1 ],
   [ instr |->
         [ ind |-> 5701,
           type |-> "IntAlu",
           r0 |-> "a4",
           r1 |-> "a5",
           r2 |-> "",
           addr |-> "0x105c8" ],
     baseLat |-> 1,
     currLat |-> 1 ],
   [ instr |->
         [ ind |-> 5702,
           type |-> "IntAlu",
           r0 |-> "a5",
           r1 |-> "zero",
           r2 |-> "",
           addr |-> "0x105cc" ],
     baseLat |-> 1,
     currLat |-> 1 ] >>
/\ graph2 = [ nodes |->
      << [ ind |-> 5687,
           addr |-> "0x105e2",
           IFacq |-> 1,
           IFrel |-> 2,
           IDacq |-> 2,
           IDrel |-> 3,
           FUacq |-> 3,
           FUrel |-> 4,
           COM |-> 0,
           ROB |-> 2,
           RS |-> 2,
           FU |-> 1 ],
         [ ind |-> 5688,
           addr |-> "0x105e4",
           IFacq |-> 1,
           IFrel |-> 2,
           IDacq |-> 2,
           IDrel |-> 3,
           FUacq |-> 3,
           FUrel |-> 4,
           COM |-> 0,
           ROB |-> 2,
           RS |-> 2,
           FU |-> 2 ],
         [ ind |-> 5689,
           addr |-> "0x105e6",
           IFacq |-> 1,
           IFrel |-> 2,
           IDacq |-> 2,
           IDrel |-> 3,
           FUacq |-> 0,
           FUrel |-> 0,
           COM |-> 0,
           ROB |-> 2,
           RS |-> 2,
           FU |-> 0 ],
         [ ind |-> 5690,
           addr |-> "0x105e8",
           IFacq |-> 1,
           IFrel |-> 2,
           IDacq |-> 2,
           IDrel |-> 3,
           FUacq |-> 0,
           FUrel |-> 0,
           COM |-> 0,
           ROB |-> 2,
           RS |-> 2,
           FU |-> 0 ],
         [ ind |-> 5691,
           addr |-> "0x105ea",
           IFacq |-> 2,
           IFrel |-> 3,
           IDacq |-> 3,
           IDrel |-> 4,
           FUacq |-> 0,
           FUrel |-> 0,
           COM |-> 0,
           ROB |-> 3,
           RS |-> 3,
           FU |-> 0 ],
         [ ind |-> 5692,
           addr |-> "0x105ee",
           IFacq |-> 2,
           IFrel |-> 3,
           IDacq |-> 3,
           IDrel |-> 4,
           FUacq |-> 0,
           FUrel |-> 0,
           COM |-> 0,
           ROB |-> 3,
           RS |-> 3,
           FU |-> 0 ],
         [ ind |-> 5693,
           addr |-> "0x104ee",
           IFacq |-> 2,
           IFrel |-> 3,
           IDacq |-> 3,
           IDrel |-> 4,
           FUacq |-> 0,
           FUrel |-> 0,
           COM |-> 0,
           ROB |-> 3,
           RS |-> 3,
           FU |-> 0 ],
         [ ind |-> 5694,
           addr |-> "0x104f0",
           IFacq |-> 2,
           IFrel |-> 3,
           IDacq |-> 3,
           IDrel |-> 4,
           FUacq |-> 0,
           FUrel |-> 0,
           COM |-> 0,
           ROB |-> 3,
           RS |-> 3,
           FU |-> 0 ],
         [ ind |-> 5695,
           addr |-> "0x104f2",
           IFacq |-> 3,
           IFrel |-> 4,
           IDacq |-> 0,
           IDrel |-> 0,
           FUacq |-> 0,
           FUrel |-> 0,
           COM |-> 0,
           ROB |-> 0,
           RS |-> 0,
           FU |-> 0 ],
         [ ind |-> 5696,
           addr |-> "0x104f4",
           IFacq |-> 3,
           IFrel |-> 4,
           IDacq |-> 0,
           IDrel |-> 0,
           FUacq |-> 0,
           FUrel |-> 0,
           COM |-> 0,
           ROB |-> 0,
           RS |-> 0,
           FU |-> 0 ],
         [ ind |-> 5697,
           addr |-> "0x104f8",
           IFacq |-> 3,
           IFrel |-> 4,
           IDacq |-> 0,
           IDrel |-> 0,
           FUacq |-> 0,
           FUrel |-> 0,
           COM |-> 0,
           ROB |-> 0,
           RS |-> 0,
           FU |-> 0 ],
         [ ind |-> 5698,
           addr |-> "0x104fc",
           IFacq |-> 3,
           IFrel |-> 4,
           IDacq |-> 0,
           IDrel |-> 0,
           FUacq |-> 0,
           FUrel |-> 0,
           COM |-> 0,
           ROB |-> 0,
           RS |-> 0,
           FU |-> 0 ] >>,
  edges |-> {} ]
/\ pc2 = 16
/\ robHead = 1
/\ rob = << [ instr |->
         [ ind |-> 5687,
           type |-> "IntAlu",
           r0 |-> "sp",
           r1 |-> "",
           r2 |-> "",
           addr |-> "0x105e2" ],
     executed |-> TRUE,
     done |-> FALSE ],
   [ instr |->
         [ ind |-> 5688,
           type |-> "MemWrite",
           r0 |-> "ra",
           r1 |-> "",
           r2 |-> "",
           addr |-> "0x105e4" ],
     executed |-> TRUE,
     done |-> FALSE ],
   [ instr |->
         [ ind |-> 5689,
           type |-> "MemWrite",
           r0 |-> "s0",
           r1 |-> "",
           r2 |-> "",
           addr |-> "0x105e6" ],
     executed |-> FALSE,
     done |-> FALSE ],
   [ instr |->
         [ ind |-> 5690,
           type |-> "IntAlu",
           r0 |-> "s0",
           r1 |-> "sp",
           r2 |-> "",
           addr |-> "0x105e8" ],
     executed |-> FALSE,
     done |-> FALSE ],
   [ instr |->
         [ ind |-> 5691,
           type |-> "IntAlu",
           r0 |-> "a0",
           r1 |-> "gp",
           r2 |-> "",
           addr |-> "0x105ea" ],
     executed |-> FALSE,
     done |-> FALSE ],
   [ instr |->
         [ ind |-> 5692,
           type |-> "IntAlu",
           r0 |-> "ra",
           r1 |-> "",
           r2 |-> "",
           addr |-> "0x105ee" ],
     executed |-> FALSE,
     done |-> FALSE ],
   [ instr |->
         [ ind |-> 5693,
           type |-> "IntAlu",
           r0 |-> "sp",
           r1 |-> "",
           r2 |-> "",
           addr |-> "0x104ee" ],
     executed |-> FALSE,
     done |-> FALSE ],
   [ instr |->
         [ ind |-> 5694,
           type |-> "MemWrite",
           r0 |-> "s0",
           r1 |-> "",
           r2 |-> "",
           addr |-> "0x104f0" ],
     executed |-> FALSE,
     done |-> FALSE ] >>
/\ _RS = << { [ ind |-> 5691,
       type |-> "IntAlu",
       r0 |-> "a0",
       r1 |-> "gp",
       r2 |-> "",
       addr |-> "0x105ea" ],
     [ ind |-> 5692,
       type |-> "IntAlu",
       r0 |-> "ra",
       r1 |-> "",
       r2 |-> "",
       addr |-> "0x105ee" ],
     [ ind |-> 5693,
       type |-> "IntAlu",
       r0 |-> "sp",
       r1 |-> "",
       r2 |-> "",
       addr |-> "0x104ee" ] },
   { [ ind |-> 5694,
       type |-> "MemWrite",
       r0 |-> "s0",
       r1 |-> "",
       r2 |-> "",
       addr |-> "0x104f0" ] },
   {},
   {},
   {} >>
/\ currCycle = 4
/\ exec_inst = 1
/\ robHead2 = 1
/\ pc = 16
/\ cpt = 0
/\ rob2 = << [ instr |->
         [ ind |-> 5687,
           type |-> "IntAlu",
           r0 |-> "sp",
           r1 |-> "",
           r2 |-> "",
           addr |-> "0x105e2" ],
     executed |-> TRUE,
     done |-> FALSE ],
   [ instr |->
         [ ind |-> 5688,
           type |-> "MemWrite",
           r0 |-> "ra",
           r1 |-> "",
           r2 |-> "",
           addr |-> "0x105e4" ],
     executed |-> TRUE,
     done |-> FALSE ],
   [ instr |->
         [ ind |-> 5689,
           type |-> "MemWrite",
           r0 |-> "s0",
           r1 |-> "",
           r2 |-> "",
           addr |-> "0x105e6" ],
     executed |-> FALSE,
     done |-> FALSE ],
   [ instr |->
         [ ind |-> 5690,
           type |-> "IntAlu",
           r0 |-> "s0",
           r1 |-> "sp",
           r2 |-> "",
           addr |-> "0x105e8" ],
     executed |-> FALSE,
     done |-> FALSE ],
   [ instr |->
         [ ind |-> 5691,
           type |-> "IntAlu",
           r0 |-> "a0",
           r1 |-> "gp",
           r2 |-> "",
           addr |-> "0x105ea" ],
     executed |-> FALSE,
     done |-> FALSE ],
   [ instr |->
         [ ind |-> 5692,
           type |-> "IntAlu",
           r0 |-> "ra",
           r1 |-> "",
           r2 |-> "",
           addr |-> "0x105ee" ],
     executed |-> FALSE,
     done |-> FALSE ],
   [ instr |->
         [ ind |-> 5693,
           type |-> "IntAlu",
           r0 |-> "sp",
           r1 |-> "",
           r2 |-> "",
           addr |-> "0x104ee" ],
     executed |-> FALSE,
     done |-> FALSE ],
   [ instr |->
         [ ind |-> 5694,
           type |-> "MemWrite",
           r0 |-> "s0",
           r1 |-> "",
           r2 |-> "",
           addr |-> "0x104f0" ],
     executed |-> FALSE,
     done |-> FALSE ] >>
/\ _FU = << [ instr |->
         [ ind |-> 5690,
           type |-> "IntAlu",
           r0 |-> "s0",
           r1 |-> "sp",
           r2 |-> "",
           addr |-> "0x105e8" ],
     baseLat |-> 1,
     currLat |-> 1 ],
   [ instr |->
         [ ind |-> 5689,
           type |-> "MemWrite",
           r0 |-> "s0",
           r1 |-> "",
           r2 |-> "",
           addr |-> "0x105e6" ],
     baseLat |-> 1,
     currLat |-> 1 ],
   [ instr |->
         [ ind |-> 0,
           type |-> "No_OpClass",
           r0 |-> "",
           r1 |-> "",
           r2 |-> "",
           addr |-> "" ],
     baseLat |-> 1,
     currLat |-> 1 ],
   [ instr |->
         [ ind |-> 0,
           type |-> "No_OpClass",
           r0 |-> "",
           r1 |-> "",
           r2 |-> "",
           addr |-> "" ],
     baseLat |-> 1,
     currLat |-> 1 ],
   [ instr |->
         [ ind |-> 0,
           type |-> "No_OpClass",
           r0 |-> "",
           r1 |-> "",
           r2 |-> "",
           addr |-> "" ],
     baseLat |-> 1,
     currLat |-> 1 ] >>

@!@!@ENDMSG 2217 @!@!@
@!@!@STARTMSG 2217:4 @!@!@
6: <Next line 60, col 9 to line 65, col 35 of module pipeline_ooo>
/\ _RS2 = << { [ ind |-> 5692,
       type |-> "IntAlu",
       r0 |-> "ra",
       r1 |-> "",
       r2 |-> "",
       addr |-> "0x105ee" ],
     [ ind |-> 5693,
       type |-> "IntAlu",
       r0 |-> "sp",
       r1 |-> "",
       r2 |-> "",
       addr |-> "0x104ee" ],
     [ ind |-> 5695,
       type |-> "IntAlu",
       r0 |-> "s0",
       r1 |-> "sp",
       r2 |-> "",
       addr |-> "0x104f2" ] },
   { [ ind |-> 5696,
       type |-> "MemWrite",
       r0 |-> "a0",
       r1 |-> "",
       r2 |-> "",
       addr |-> "0x104f4" ],
     [ ind |-> 5697,
       type |-> "MemWrite",
       r0 |-> "zero",
       r1 |-> "",
       r2 |-> "",
       addr |-> "0x104f8" ],
     [ ind |-> 5698,
       type |-> "MemWrite",
       r0 |-> "zero",
       r1 |-> "",
       r2 |-> "",
       addr |-> "0x104fc" ] },
   {},
   {},
   {} >>
/\ _COM2 = << [ ind |-> 5689,
     type |-> "MemWrite",
     r0 |-> "s0",
     r1 |-> "",
     r2 |-> "",
     addr |-> "0x105e6" ],
   [ ind |-> 5690,
     type |-> "IntAlu",
     r0 |-> "s0",
     r1 |-> "sp",
     r2 |-> "",
     addr |-> "0x105e8" ],
   [ ind |-> 0,
     type |-> "No_OpClass",
     r0 |-> "",
     r1 |-> "",
     r2 |-> "",
     addr |-> "" ],
   [ ind |-> 0,
     type |-> "No_OpClass",
     r0 |-> "",
     r1 |-> "",
     r2 |-> "",
     addr |-> "" ] >>
/\ _ID = << [ ind |-> 5699,
     type |-> "IntAlu",
     r0 |-> "",
     r1 |-> "",
     r2 |-> "",
     addr |-> "0x10500" ],
   [ ind |-> 5700,
     type |-> "MemRead",
     r0 |-> "a5",
     r1 |-> "",
     r2 |-> "",
     addr |-> "0x105c4" ],
   [ ind |-> 5701,
     type |-> "IntAlu",
     r0 |-> "a4",
     r1 |-> "a5",
     r2 |-> "",
     addr |-> "0x105c8" ],
   [ ind |-> 5702,
     type |-> "IntAlu",
     r0 |-> "a5",
     r1 |-> "zero",
     r2 |-> "",
     addr |-> "0x105cc" ] >>
/\ _IF = << [ instr |->
         [ ind |-> 5703,
           type |-> "IntAlu",
           r0 |-> "a5",
           r1 |-> "a4",
           r2 |-> "",
           addr |-> "0x105d0" ],
     baseLat |-> 1,
     currLat |-> 1 ],
   [ instr |->
         [ ind |-> 5704,
           type |-> "IntAlu",
           r0 |-> "a5",
           r1 |-> "",
           r2 |-> "",
           addr |-> "0x10502" ],
     baseLat |-> 1,
     currLat |-> 1 ],
   [ instr |->
         [ ind |-> 5705,
           type |-> "MemWrite",
           r0 |-> "a5",
           r1 |-> "",
           r2 |-> "",
           addr |-> "0x10504" ],
     baseLat |-> 1,
     currLat |-> 1 ],
   [ instr |->
         [ ind |-> 5706,
           type |-> "MemWrite",
           r0 |-> "zero",
           r1 |-> "",
           r2 |-> "",
           addr |-> "0x10508" ],
     baseLat |-> 1,
     currLat |-> 1 ] >>
/\ _FU2 = << [ instr |->
         [ ind |-> 5691,
           type |-> "IntAlu",
           r0 |-> "a0",
           r1 |-> "gp",
           r2 |-> "",
           addr |-> "0x105ea" ],
     baseLat |-> 1,
     currLat |-> 1 ],
   [ instr |->
         [ ind |-> 5694,
           type |-> "MemWrite",
           r0 |-> "s0",
           r1 |-> "",
           r2 |-> "",
           addr |-> "0x104f0" ],
     baseLat |-> 1,
     currLat |-> 1 ],
   [ instr |->
         [ ind |-> 0,
           type |-> "No_OpClass",
           r0 |-> "",
           r1 |-> "",
           r2 |-> "",
           addr |-> "" ],
     baseLat |-> 1,
     currLat |-> 1 ],
   [ instr |->
         [ ind |-> 0,
           type |-> "No_OpClass",
           r0 |-> "",
           r1 |-> "",
           r2 |-> "",
           addr |-> "" ],
     baseLat |-> 1,
     currLat |-> 1 ],
   [ instr |->
         [ ind |-> 0,
           type |-> "No_OpClass",
           r0 |-> "",
           r1 |-> "",
           r2 |-> "",
           addr |-> "" ],
     baseLat |-> 1,
     currLat |-> 1 ] >>
/\ _COM = << [ ind |-> 5689,
     type |-> "MemWrite",
     r0 |-> "s0",
     r1 |-> "",
     r2 |-> "",
     addr |-> "0x105e6" ],
   [ ind |-> 5690,
     type |-> "IntAlu",
     r0 |-> "s0",
     r1 |-> "sp",
     r2 |-> "",
     addr |-> "0x105e8" ],
   [ ind |-> 0,
     type |-> "No_OpClass",
     r0 |-> "",
     r1 |-> "",
     r2 |-> "",
     addr |-> "" ],
   [ ind |-> 0,
     type |-> "No_OpClass",
     r0 |-> "",
     r1 |-> "",
     r2 |-> "",
     addr |-> "" ] >>
/\ exec_inst2 = 2
/\ _ID2 = << [ ind |-> 5699,
     type |-> "IntAlu",
     r0 |-> "",
     r1 |-> "",
     r2 |-> "",
     addr |-> "0x10500" ],
   [ ind |-> 5700,
     type |-> "MemRead",
     r0 |-> "a5",
     r1 |-> "",
     r2 |-> "",
     addr |-> "0x105c4" ],
   [ ind |-> 5701,
     type |-> "IntAlu",
     r0 |-> "a4",
     r1 |-> "a5",
     r2 |-> "",
     addr |-> "0x105c8" ],
   [ ind |-> 5702,
     type |-> "IntAlu",
     r0 |-> "a5",
     r1 |-> "zero",
     r2 |-> "",
     addr |-> "0x105cc" ] >>
/\ graph = [ nodes |->
      << [ ind |-> 5687,
           addr |-> "0x105e2",
           IFacq |-> 1,
           IFrel |-> 2,
           IDacq |-> 2,
           IDrel |-> 3,
           FUacq |-> 3,
           FUrel |-> 4,
           COM |-> 4,
           ROB |-> 2,
           RS |-> 2,
           FU |-> 1 ],
         [ ind |-> 5688,
           addr |-> "0x105e4",
           IFacq |-> 1,
           IFrel |-> 2,
           IDacq |-> 2,
           IDrel |-> 3,
           FUacq |-> 3,
           FUrel |-> 4,
           COM |-> 4,
           ROB |-> 2,
           RS |-> 2,
           FU |-> 2 ],
         [ ind |-> 5689,
           addr |-> "0x105e6",
           IFacq |-> 1,
           IFrel |-> 2,
           IDacq |-> 2,
           IDrel |-> 3,
           FUacq |-> 4,
           FUrel |-> 5,
           COM |-> 0,
           ROB |-> 2,
           RS |-> 2,
           FU |-> 2 ],
         [ ind |-> 5690,
           addr |-> "0x105e8",
           IFacq |-> 1,
           IFrel |-> 2,
           IDacq |-> 2,
           IDrel |-> 3,
           FUacq |-> 4,
           FUrel |-> 5,
           COM |-> 0,
           ROB |-> 2,
           RS |-> 2,
           FU |-> 1 ],
         [ ind |-> 5691,
           addr |-> "0x105ea",
           IFacq |-> 2,
           IFrel |-> 3,
           IDacq |-> 3,
           IDrel |-> 4,
           FUacq |-> 0,
           FUrel |-> 0,
           COM |-> 0,
           ROB |-> 3,
           RS |-> 3,
           FU |-> 0 ],
         [ ind |-> 5692,
           addr |-> "0x105ee",
           IFacq |-> 2,
           IFrel |-> 3,
           IDacq |-> 3,
           IDrel |-> 4,
           FUacq |-> 0,
           FUrel |-> 0,
           COM |-> 0,
           ROB |-> 3,
           RS |-> 3,
           FU |-> 0 ],
         [ ind |-> 5693,
           addr |-> "0x104ee",
           IFacq |-> 2,
           IFrel |-> 3,
           IDacq |-> 3,
           IDrel |-> 4,
           FUacq |-> 0,
           FUrel |-> 0,
           COM |-> 0,
           ROB |-> 3,
           RS |-> 3,
           FU |-> 0 ],
         [ ind |-> 5694,
           addr |-> "0x104f0",
           IFacq |-> 2,
           IFrel |-> 3,
           IDacq |-> 3,
           IDrel |-> 4,
           FUacq |-> 0,
           FUrel |-> 0,
           COM |-> 0,
           ROB |-> 3,
           RS |-> 3,
           FU |-> 0 ],
         [ ind |-> 5695,
           addr |-> "0x104f2",
           IFacq |-> 3,
           IFrel |-> 4,
           IDacq |-> 4,
           IDrel |-> 5,
           FUacq |-> 0,
           FUrel |-> 0,
           COM |-> 0,
           ROB |-> 4,
           RS |-> 4,
           FU |-> 0 ],
         [ ind |-> 5696,
           addr |-> "0x104f4",
           IFacq |-> 3,
           IFrel |-> 4,
           IDacq |-> 4,
           IDrel |-> 5,
           FUacq |-> 0,
           FUrel |-> 0,
           COM |-> 0,
           ROB |-> 4,
           RS |-> 4,
           FU |-> 0 ],
         [ ind |-> 5697,
           addr |-> "0x104f8",
           IFacq |-> 3,
           IFrel |-> 4,
           IDacq |-> 4,
           IDrel |-> 5,
           FUacq |-> 0,
           FUrel |-> 0,
           COM |-> 0,
           ROB |-> 4,
           RS |-> 4,
           FU |-> 0 ],
         [ ind |-> 5698,
           addr |-> "0x104fc",
           IFacq |-> 3,
           IFrel |-> 4,
           IDacq |-> 4,
           IDrel |-> 5,
           FUacq |-> 0,
           FUrel |-> 0,
           COM |-> 0,
           ROB |-> 4,
           RS |-> 4,
           FU |-> 0 ],
         [ ind |-> 5699,
           addr |-> "0x10500",
           IFacq |-> 4,
           IFrel |-> 5,
           IDacq |-> 0,
           IDrel |-> 0,
           FUacq |-> 0,
           FUrel |-> 0,
           COM |-> 0,
           ROB |-> 0,
           RS |-> 0,
           FU |-> 0 ],
         [ ind |-> 5700,
           addr |-> "0x105c4",
           IFacq |-> 4,
           IFrel |-> 5,
           IDacq |-> 0,
           IDrel |-> 0,
           FUacq |-> 0,
           FUrel |-> 0,
           COM |-> 0,
           ROB |-> 0,
           RS |-> 0,
           FU |-> 0 ],
         [ ind |-> 5701,
           addr |-> "0x105c8",
           IFacq |-> 4,
           IFrel |-> 5,
           IDacq |-> 0,
           IDrel |-> 0,
           FUacq |-> 0,
           FUrel |-> 0,
           COM |-> 0,
           ROB |-> 0,
           RS |-> 0,
           FU |-> 0 ],
         [ ind |-> 5702,
           addr |-> "0x105cc",
           IFacq |-> 4,
           IFrel |-> 5,
           IDacq |-> 0,
           IDrel |-> 0,
           FUacq |-> 0,
           FUrel |-> 0,
           COM |-> 0,
           ROB |-> 0,
           RS |-> 0,
           FU |-> 0 ] >>,
  edges |-> {[type |-> "D", source |-> 5687, dest |-> 5690]} ]
/\ currCycle2 = 5
/\ _IF2 = << [ instr |->
         [ ind |-> 5703,
           type |-> "IntAlu",
           r0 |-> "a5",
           r1 |-> "a4",
           r2 |-> "",
           addr |-> "0x105d0" ],
     baseLat |-> 1,
     currLat |-> 1 ],
   [ instr |->
         [ ind |-> 5704,
           type |-> "IntAlu",
           r0 |-> "a5",
           r1 |-> "",
           r2 |-> "",
           addr |-> "0x10502" ],
     baseLat |-> 1,
     currLat |-> 1 ],
   [ instr |->
         [ ind |-> 5705,
           type |-> "MemWrite",
           r0 |-> "a5",
           r1 |-> "",
           r2 |-> "",
           addr |-> "0x10504" ],
     baseLat |-> 1,
     currLat |-> 1 ],
   [ instr |->
         [ ind |-> 5706,
           type |-> "MemWrite",
           r0 |-> "zero",
           r1 |-> "",
           r2 |-> "",
           addr |-> "0x10508" ],
     baseLat |-> 1,
     currLat |-> 1 ] >>
/\ graph2 = [ nodes |->
      << [ ind |-> 5687,
           addr |-> "0x105e2",
           IFacq |-> 1,
           IFrel |-> 2,
           IDacq |-> 2,
           IDrel |-> 3,
           FUacq |-> 3,
           FUrel |-> 4,
           COM |-> 4,
           ROB |-> 2,
           RS |-> 2,
           FU |-> 1 ],
         [ ind |-> 5688,
           addr |-> "0x105e4",
           IFacq |-> 1,
           IFrel |-> 2,
           IDacq |-> 2,
           IDrel |-> 3,
           FUacq |-> 3,
           FUrel |-> 4,
           COM |-> 4,
           ROB |-> 2,
           RS |-> 2,
           FU |-> 2 ],
         [ ind |-> 5689,
           addr |-> "0x105e6",
           IFacq |-> 1,
           IFrel |-> 2,
           IDacq |-> 2,
           IDrel |-> 3,
           FUacq |-> 4,
           FUrel |-> 5,
           COM |-> 0,
           ROB |-> 2,
           RS |-> 2,
           FU |-> 2 ],
         [ ind |-> 5690,
           addr |-> "0x105e8",
           IFacq |-> 1,
           IFrel |-> 2,
           IDacq |-> 2,
           IDrel |-> 3,
           FUacq |-> 4,
           FUrel |-> 5,
           COM |-> 0,
           ROB |-> 2,
           RS |-> 2,
           FU |-> 1 ],
         [ ind |-> 5691,
           addr |-> "0x105ea",
           IFacq |-> 2,
           IFrel |-> 3,
           IDacq |-> 3,
           IDrel |-> 4,
           FUacq |-> 0,
           FUrel |-> 0,
           COM |-> 0,
           ROB |-> 3,
           RS |-> 3,
           FU |-> 0 ],
         [ ind |-> 5692,
           addr |-> "0x105ee",
           IFacq |-> 2,
           IFrel |-> 3,
           IDacq |-> 3,
           IDrel |-> 4,
           FUacq |-> 0,
           FUrel |-> 0,
           COM |-> 0,
           ROB |-> 3,
           RS |-> 3,
           FU |-> 0 ],
         [ ind |-> 5693,
           addr |-> "0x104ee",
           IFacq |-> 2,
           IFrel |-> 3,
           IDacq |-> 3,
           IDrel |-> 4,
           FUacq |-> 0,
           FUrel |-> 0,
           COM |-> 0,
           ROB |-> 3,
           RS |-> 3,
           FU |-> 0 ],
         [ ind |-> 5694,
           addr |-> "0x104f0",
           IFacq |-> 2,
           IFrel |-> 3,
           IDacq |-> 3,
           IDrel |-> 4,
           FUacq |-> 0,
           FUrel |-> 0,
           COM |-> 0,
           ROB |-> 3,
           RS |-> 3,
           FU |-> 0 ],
         [ ind |-> 5695,
           addr |-> "0x104f2",
           IFacq |-> 3,
           IFrel |-> 4,
           IDacq |-> 4,
           IDrel |-> 5,
           FUacq |-> 0,
           FUrel |-> 0,
           COM |-> 0,
           ROB |-> 4,
           RS |-> 4,
           FU |-> 0 ],
         [ ind |-> 5696,
           addr |-> "0x104f4",
           IFacq |-> 3,
           IFrel |-> 4,
           IDacq |-> 4,
           IDrel |-> 5,
           FUacq |-> 0,
           FUrel |-> 0,
           COM |-> 0,
           ROB |-> 4,
           RS |-> 4,
           FU |-> 0 ],
         [ ind |-> 5697,
           addr |-> "0x104f8",
           IFacq |-> 3,
           IFrel |-> 4,
           IDacq |-> 4,
           IDrel |-> 5,
           FUacq |-> 0,
           FUrel |-> 0,
           COM |-> 0,
           ROB |-> 4,
           RS |-> 4,
           FU |-> 0 ],
         [ ind |-> 5698,
           addr |-> "0x104fc",
           IFacq |-> 3,
           IFrel |-> 4,
           IDacq |-> 4,
           IDrel |-> 5,
           FUacq |-> 0,
           FUrel |-> 0,
           COM |-> 0,
           ROB |-> 4,
           RS |-> 4,
           FU |-> 0 ],
         [ ind |-> 5699,
           addr |-> "0x10500",
           IFacq |-> 4,
           IFrel |-> 5,
           IDacq |-> 0,
           IDrel |-> 0,
           FUacq |-> 0,
           FUrel |-> 0,
           COM |-> 0,
           ROB |-> 0,
           RS |-> 0,
           FU |-> 0 ],
         [ ind |-> 5700,
           addr |-> "0x105c4",
           IFacq |-> 4,
           IFrel |-> 5,
           IDacq |-> 0,
           IDrel |-> 0,
           FUacq |-> 0,
           FUrel |-> 0,
           COM |-> 0,
           ROB |-> 0,
           RS |-> 0,
           FU |-> 0 ],
         [ ind |-> 5701,
           addr |-> "0x105c8",
           IFacq |-> 4,
           IFrel |-> 5,
           IDacq |-> 0,
           IDrel |-> 0,
           FUacq |-> 0,
           FUrel |-> 0,
           COM |-> 0,
           ROB |-> 0,
           RS |-> 0,
           FU |-> 0 ],
         [ ind |-> 5702,
           addr |-> "0x105cc",
           IFacq |-> 4,
           IFrel |-> 5,
           IDacq |-> 0,
           IDrel |-> 0,
           FUacq |-> 0,
           FUrel |-> 0,
           COM |-> 0,
           ROB |-> 0,
           RS |-> 0,
           FU |-> 0 ] >>,
  edges |-> {[type |-> "D", source |-> 5687, dest |-> 5690]} ]
/\ pc2 = 20
/\ robHead = 3
/\ rob = << [ instr |->
         [ ind |-> 5687,
           type |-> "IntAlu",
           r0 |-> "sp",
           r1 |-> "",
           r2 |-> "",
           addr |-> "0x105e2" ],
     executed |-> TRUE,
     done |-> TRUE ],
   [ instr |->
         [ ind |-> 5688,
           type |-> "MemWrite",
           r0 |-> "ra",
           r1 |-> "",
           r2 |-> "",
           addr |-> "0x105e4" ],
     executed |-> TRUE,
     done |-> TRUE ],
   [ instr |->
         [ ind |-> 5689,
           type |-> "MemWrite",
           r0 |-> "s0",
           r1 |-> "",
           r2 |-> "",
           addr |-> "0x105e6" ],
     executed |-> TRUE,
     done |-> FALSE ],
   [ instr |->
         [ ind |-> 5690,
           type |-> "IntAlu",
           r0 |-> "s0",
           r1 |-> "sp",
           r2 |-> "",
           addr |-> "0x105e8" ],
     executed |-> TRUE,
     done |-> FALSE ],
   [ instr |->
         [ ind |-> 5691,
           type |-> "IntAlu",
           r0 |-> "a0",
           r1 |-> "gp",
           r2 |-> "",
           addr |-> "0x105ea" ],
     executed |-> FALSE,
     done |-> FALSE ],
   [ instr |->
         [ ind |-> 5692,
           type |-> "IntAlu",
           r0 |-> "ra",
           r1 |-> "",
           r2 |-> "",
           addr |-> "0x105ee" ],
     executed |-> FALSE,
     done |-> FALSE ],
   [ instr |->
         [ ind |-> 5693,
           type |-> "IntAlu",
           r0 |-> "sp",
           r1 |-> "",
           r2 |-> "",
           addr |-> "0x104ee" ],
     executed |-> FALSE,
     done |-> FALSE ],
   [ instr |->
         [ ind |-> 5694,
           type |-> "MemWrite",
           r0 |-> "s0",
           r1 |-> "",
           r2 |-> "",
           addr |-> "0x104f0" ],
     executed |-> FALSE,
     done |-> FALSE ],
   [ instr |->
         [ ind |-> 5695,
           type |-> "IntAlu",
           r0 |-> "s0",
           r1 |-> "sp",
           r2 |-> "",
           addr |-> "0x104f2" ],
     executed |-> FALSE,
     done |-> FALSE ],
   [ instr |->
         [ ind |-> 5696,
           type |-> "MemWrite",
           r0 |-> "a0",
           r1 |-> "",
           r2 |-> "",
           addr |-> "0x104f4" ],
     executed |-> FALSE,
     done |-> FALSE ],
   [ instr |->
         [ ind |-> 5697,
           type |-> "MemWrite",
           r0 |-> "zero",
           r1 |-> "",
           r2 |-> "",
           addr |-> "0x104f8" ],
     executed |-> FALSE,
     done |-> FALSE ],
   [ instr |->
         [ ind |-> 5698,
           type |-> "MemWrite",
           r0 |-> "zero",
           r1 |-> "",
           r2 |-> "",
           addr |-> "0x104fc" ],
     executed |-> FALSE,
     done |-> FALSE ] >>
/\ _RS = << { [ ind |-> 5692,
       type |-> "IntAlu",
       r0 |-> "ra",
       r1 |-> "",
       r2 |-> "",
       addr |-> "0x105ee" ],
     [ ind |-> 5693,
       type |-> "IntAlu",
       r0 |-> "sp",
       r1 |-> "",
       r2 |-> "",
       addr |-> "0x104ee" ],
     [ ind |-> 5695,
       type |-> "IntAlu",
       r0 |-> "s0",
       r1 |-> "sp",
       r2 |-> "",
       addr |-> "0x104f2" ] },
   { [ ind |-> 5696,
       type |-> "MemWrite",
       r0 |-> "a0",
       r1 |-> "",
       r2 |-> "",
       addr |-> "0x104f4" ],
     [ ind |-> 5697,
       type |-> "MemWrite",
       r0 |-> "zero",
       r1 |-> "",
       r2 |-> "",
       addr |-> "0x104f8" ],
     [ ind |-> 5698,
       type |-> "MemWrite",
       r0 |-> "zero",
       r1 |-> "",
       r2 |-> "",
       addr |-> "0x104fc" ] },
   {},
   {},
   {} >>
/\ currCycle = 5
/\ exec_inst = 1
/\ robHead2 = 3
/\ pc = 20
/\ cpt = 0
/\ rob2 = << [ instr |->
         [ ind |-> 5687,
           type |-> "IntAlu",
           r0 |-> "sp",
           r1 |-> "",
           r2 |-> "",
           addr |-> "0x105e2" ],
     executed |-> TRUE,
     done |-> TRUE ],
   [ instr |->
         [ ind |-> 5688,
           type |-> "MemWrite",
           r0 |-> "ra",
           r1 |-> "",
           r2 |-> "",
           addr |-> "0x105e4" ],
     executed |-> TRUE,
     done |-> TRUE ],
   [ instr |->
         [ ind |-> 5689,
           type |-> "MemWrite",
           r0 |-> "s0",
           r1 |-> "",
           r2 |-> "",
           addr |-> "0x105e6" ],
     executed |-> TRUE,
     done |-> FALSE ],
   [ instr |->
         [ ind |-> 5690,
           type |-> "IntAlu",
           r0 |-> "s0",
           r1 |-> "sp",
           r2 |-> "",
           addr |-> "0x105e8" ],
     executed |-> TRUE,
     done |-> FALSE ],
   [ instr |->
         [ ind |-> 5691,
           type |-> "IntAlu",
           r0 |-> "a0",
           r1 |-> "gp",
           r2 |-> "",
           addr |-> "0x105ea" ],
     executed |-> FALSE,
     done |-> FALSE ],
   [ instr |->
         [ ind |-> 5692,
           type |-> "IntAlu",
           r0 |-> "ra",
           r1 |-> "",
           r2 |-> "",
           addr |-> "0x105ee" ],
     executed |-> FALSE,
     done |-> FALSE ],
   [ instr |->
         [ ind |-> 5693,
           type |-> "IntAlu",
           r0 |-> "sp",
           r1 |-> "",
           r2 |-> "",
           addr |-> "0x104ee" ],
     executed |-> FALSE,
     done |-> FALSE ],
   [ instr |->
         [ ind |-> 5694,
           type |-> "MemWrite",
           r0 |-> "s0",
           r1 |-> "",
           r2 |-> "",
           addr |-> "0x104f0" ],
     executed |-> FALSE,
     done |-> FALSE ],
   [ instr |->
         [ ind |-> 5695,
           type |-> "IntAlu",
           r0 |-> "s0",
           r1 |-> "sp",
           r2 |-> "",
           addr |-> "0x104f2" ],
     executed |-> FALSE,
     done |-> FALSE ],
   [ instr |->
         [ ind |-> 5696,
           type |-> "MemWrite",
           r0 |-> "a0",
           r1 |-> "",
           r2 |-> "",
           addr |-> "0x104f4" ],
     executed |-> FALSE,
     done |-> FALSE ],
   [ instr |->
         [ ind |-> 5697,
           type |-> "MemWrite",
           r0 |-> "zero",
           r1 |-> "",
           r2 |-> "",
           addr |-> "0x104f8" ],
     executed |-> FALSE,
     done |-> FALSE ],
   [ instr |->
         [ ind |-> 5698,
           type |-> "MemWrite",
           r0 |-> "zero",
           r1 |-> "",
           r2 |-> "",
           addr |-> "0x104fc" ],
     executed |-> FALSE,
     done |-> FALSE ] >>
/\ _FU = << [ instr |->
         [ ind |-> 5691,
           type |-> "IntAlu",
           r0 |-> "a0",
           r1 |-> "gp",
           r2 |-> "",
           addr |-> "0x105ea" ],
     baseLat |-> 1,
     currLat |-> 1 ],
   [ instr |->
         [ ind |-> 5694,
           type |-> "MemWrite",
           r0 |-> "s0",
           r1 |-> "",
           r2 |-> "",
           addr |-> "0x104f0" ],
     baseLat |-> 1,
     currLat |-> 1 ],
   [ instr |->
         [ ind |-> 0,
           type |-> "No_OpClass",
           r0 |-> "",
           r1 |-> "",
           r2 |-> "",
           addr |-> "" ],
     baseLat |-> 1,
     currLat |-> 1 ],
   [ instr |->
         [ ind |-> 0,
           type |-> "No_OpClass",
           r0 |-> "",
           r1 |-> "",
           r2 |-> "",
           addr |-> "" ],
     baseLat |-> 1,
     currLat |-> 1 ],
   [ instr |->
         [ ind |-> 0,
           type |-> "No_OpClass",
           r0 |-> "",
           r1 |-> "",
           r2 |-> "",
           addr |-> "" ],
     baseLat |-> 1,
     currLat |-> 1 ] >>

@!@!@ENDMSG 2217 @!@!@
@!@!@STARTMSG 2217:4 @!@!@
7: <Next line 60, col 9 to line 65, col 35 of module pipeline_ooo>
/\ _RS2 = << { [ ind |-> 5693,
       type |-> "IntAlu",
       r0 |-> "sp",
       r1 |-> "",
       r2 |-> "",
       addr |-> "0x104ee" ],
     [ ind |-> 5695,
       type |-> "IntAlu",
       r0 |-> "s0",
       r1 |-> "sp",
       r2 |-> "",
       addr |-> "0x104f2" ] },
   { [ ind |-> 5697,
       type |-> "MemWrite",
       r0 |-> "zero",
       r1 |-> "",
       r2 |-> "",
       addr |-> "0x104f8" ],
     [ ind |-> 5698,
       type |-> "MemWrite",
       r0 |-> "zero",
       r1 |-> "",
       r2 |-> "",
       addr |-> "0x104fc" ] },
   {},
   {},
   {} >>
/\ _COM2 = << [ ind |-> 5691,
     type |-> "IntAlu",
     r0 |-> "a0",
     r1 |-> "gp",
     r2 |-> "",
     addr |-> "0x105ea" ],
   [ ind |-> 0,
     type |-> "No_OpClass",
     r0 |-> "",
     r1 |-> "",
     r2 |-> "",
     addr |-> "" ],
   [ ind |-> 0,
     type |-> "No_OpClass",
     r0 |-> "",
     r1 |-> "",
     r2 |-> "",
     addr |-> "" ],
   [ ind |-> 0,
     type |-> "No_OpClass",
     r0 |-> "",
     r1 |-> "",
     r2 |-> "",
     addr |-> "" ] >>
/\ _ID = << [ ind |-> 5699,
     type |-> "IntAlu",
     r0 |-> "",
     r1 |-> "",
     r2 |-> "",
     addr |-> "0x10500" ],
   [ ind |-> 5700,
     type |-> "MemRead",
     r0 |-> "a5",
     r1 |-> "",
     r2 |-> "",
     addr |-> "0x105c4" ],
   [ ind |-> 5701,
     type |-> "IntAlu",
     r0 |-> "a4",
     r1 |-> "a5",
     r2 |-> "",
     addr |-> "0x105c8" ],
   [ ind |-> 5702,
     type |-> "IntAlu",
     r0 |-> "a5",
     r1 |-> "zero",
     r2 |-> "",
     addr |-> "0x105cc" ] >>
/\ _IF = << [ instr |->
         [ ind |-> 5703,
           type |-> "IntAlu",
           r0 |-> "a5",
           r1 |-> "a4",
           r2 |-> "",
           addr |-> "0x105d0" ],
     baseLat |-> 1,
     currLat |-> 2 ],
   [ instr |->
         [ ind |-> 5704,
           type |-> "IntAlu",
           r0 |-> "a5",
           r1 |-> "",
           r2 |-> "",
           addr |-> "0x10502" ],
     baseLat |-> 1,
     currLat |-> 2 ],
   [ instr |->
         [ ind |-> 5705,
           type |-> "MemWrite",
           r0 |-> "a5",
           r1 |-> "",
           r2 |-> "",
           addr |-> "0x10504" ],
     baseLat |-> 1,
     currLat |-> 2 ],
   [ instr |->
         [ ind |-> 5706,
           type |-> "MemWrite",
           r0 |-> "zero",
           r1 |-> "",
           r2 |-> "",
           addr |-> "0x10508" ],
     baseLat |-> 1,
     currLat |-> 2 ] >>
/\ _FU2 = << [ instr |->
         [ ind |-> 5692,
           type |-> "IntAlu",
           r0 |-> "ra",
           r1 |-> "",
           r2 |-> "",
           addr |-> "0x105ee" ],
     baseLat |-> 1,
     currLat |-> 1 ],
   [ instr |->
         [ ind |-> 5696,
           type |-> "MemWrite",
           r0 |-> "a0",
           r1 |-> "",
           r2 |-> "",
           addr |-> "0x104f4" ],
     baseLat |-> 1,
     currLat |-> 1 ],
   [ instr |->
         [ ind |-> 0,
           type |-> "No_OpClass",
           r0 |-> "",
           r1 |-> "",
           r2 |-> "",
           addr |-> "" ],
     baseLat |-> 1,
     currLat |-> 1 ],
   [ instr |->
         [ ind |-> 0,
           type |-> "No_OpClass",
           r0 |-> "",
           r1 |-> "",
           r2 |-> "",
           addr |-> "" ],
     baseLat |-> 1,
     currLat |-> 1 ],
   [ instr |->
         [ ind |-> 0,
           type |-> "No_OpClass",
           r0 |-> "",
           r1 |-> "",
           r2 |-> "",
           addr |-> "" ],
     baseLat |-> 1,
     currLat |-> 1 ] >>
/\ _COM = << [ ind |-> 5691,
     type |-> "IntAlu",
     r0 |-> "a0",
     r1 |-> "gp",
     r2 |-> "",
     addr |-> "0x105ea" ],
   [ ind |-> 0,
     type |-> "No_OpClass",
     r0 |-> "",
     r1 |-> "",
     r2 |-> "",
     addr |-> "" ],
   [ ind |-> 0,
     type |-> "No_OpClass",
     r0 |-> "",
     r1 |-> "",
     r2 |-> "",
     addr |-> "" ],
   [ ind |-> 0,
     type |-> "No_OpClass",
     r0 |-> "",
     r1 |-> "",
     r2 |-> "",
     addr |-> "" ] >>
/\ exec_inst2 = 2
/\ _ID2 = << [ ind |-> 5699,
     type |-> "IntAlu",
     r0 |-> "",
     r1 |-> "",
     r2 |-> "",
     addr |-> "0x10500" ],
   [ ind |-> 5700,
     type |-> "MemRead",
     r0 |-> "a5",
     r1 |-> "",
     r2 |-> "",
     addr |-> "0x105c4" ],
   [ ind |-> 5701,
     type |-> "IntAlu",
     r0 |-> "a4",
     r1 |-> "a5",
     r2 |-> "",
     addr |-> "0x105c8" ],
   [ ind |-> 5702,
     type |-> "IntAlu",
     r0 |-> "a5",
     r1 |-> "zero",
     r2 |-> "",
     addr |-> "0x105cc" ] >>
/\ graph = [ nodes |->
      << [ ind |-> 5687,
           addr |-> "0x105e2",
           IFacq |-> 1,
           IFrel |-> 2,
           IDacq |-> 2,
           IDrel |-> 3,
           FUacq |-> 3,
           FUrel |-> 4,
           COM |-> 4,
           ROB |-> 2,
           RS |-> 2,
           FU |-> 1 ],
         [ ind |-> 5688,
           addr |-> "0x105e4",
           IFacq |-> 1,
           IFrel |-> 2,
           IDacq |-> 2,
           IDrel |-> 3,
           FUacq |-> 3,
           FUrel |-> 4,
           COM |-> 4,
           ROB |-> 2,
           RS |-> 2,
           FU |-> 2 ],
         [ ind |-> 5689,
           addr |-> "0x105e6",
           IFacq |-> 1,
           IFrel |-> 2,
           IDacq |-> 2,
           IDrel |-> 3,
           FUacq |-> 4,
           FUrel |-> 5,
           COM |-> 5,
           ROB |-> 2,
           RS |-> 2,
           FU |-> 2 ],
         [ ind |-> 5690,
           addr |-> "0x105e8",
           IFacq |-> 1,
           IFrel |-> 2,
           IDacq |-> 2,
           IDrel |-> 3,
           FUacq |-> 4,
           FUrel |-> 5,
           COM |-> 5,
           ROB |-> 2,
           RS |-> 2,
           FU |-> 1 ],
         [ ind |-> 5691,
           addr |-> "0x105ea",
           IFacq |-> 2,
           IFrel |-> 3,
           IDacq |-> 3,
           IDrel |-> 4,
           FUacq |-> 5,
           FUrel |-> 6,
           COM |-> 0,
           ROB |-> 3,
           RS |-> 3,
           FU |-> 1 ],
         [ ind |-> 5692,
           addr |-> "0x105ee",
           IFacq |-> 2,
           IFrel |-> 3,
           IDacq |-> 3,
           IDrel |-> 4,
           FUacq |-> 0,
           FUrel |-> 0,
           COM |-> 0,
           ROB |-> 3,
           RS |-> 3,
           FU |-> 0 ],
         [ ind |-> 5693,
           addr |-> "0x104ee",
           IFacq |-> 2,
           IFrel |-> 3,
           IDacq |-> 3,
           IDrel |-> 4,
           FUacq |-> 0,
           FUrel |-> 0,
           COM |-> 0,
           ROB |-> 3,
           RS |-> 3,
           FU |-> 0 ],
         [ ind |-> 5694,
           addr |-> "0x104f0",
           IFacq |-> 2,
           IFrel |-> 3,
           IDacq |-> 3,
           IDrel |-> 4,
           FUacq |-> 5,
           FUrel |-> 6,
           COM |-> 0,
           ROB |-> 3,
           RS |-> 3,
           FU |-> 2 ],
         [ ind |-> 5695,
           addr |-> "0x104f2",
           IFacq |-> 3,
           IFrel |-> 4,
           IDacq |-> 4,
           IDrel |-> 5,
           FUacq |-> 0,
           FUrel |-> 0,
           COM |-> 0,
           ROB |-> 4,
           RS |-> 4,
           FU |-> 0 ],
         [ ind |-> 5696,
           addr |-> "0x104f4",
           IFacq |-> 3,
           IFrel |-> 4,
           IDacq |-> 4,
           IDrel |-> 5,
           FUacq |-> 0,
           FUrel |-> 0,
           COM |-> 0,
           ROB |-> 4,
           RS |-> 4,
           FU |-> 0 ],
         [ ind |-> 5697,
           addr |-> "0x104f8",
           IFacq |-> 3,
           IFrel |-> 4,
           IDacq |-> 4,
           IDrel |-> 5,
           FUacq |-> 0,
           FUrel |-> 0,
           COM |-> 0,
           ROB |-> 4,
           RS |-> 4,
           FU |-> 0 ],
         [ ind |-> 5698,
           addr |-> "0x104fc",
           IFacq |-> 3,
           IFrel |-> 4,
           IDacq |-> 4,
           IDrel |-> 5,
           FUacq |-> 0,
           FUrel |-> 0,
           COM |-> 0,
           ROB |-> 4,
           RS |-> 4,
           FU |-> 0 ],
         [ ind |-> 5699,
           addr |-> "0x10500",
           IFacq |-> 4,
           IFrel |-> 5,
           IDacq |-> 5,
           IDrel |-> 0,
           FUacq |-> 0,
           FUrel |-> 0,
           COM |-> 0,
           ROB |-> 0,
           RS |-> 5,
           FU |-> 0 ],
         [ ind |-> 5700,
           addr |-> "0x105c4",
           IFacq |-> 4,
           IFrel |-> 5,
           IDacq |-> 5,
           IDrel |-> 0,
           FUacq |-> 0,
           FUrel |-> 0,
           COM |-> 0,
           ROB |-> 0,
           RS |-> 5,
           FU |-> 0 ],
         [ ind |-> 5701,
           addr |-> "0x105c8",
           IFacq |-> 4,
           IFrel |-> 5,
           IDacq |-> 5,
           IDrel |-> 0,
           FUacq |-> 0,
           FUrel |-> 0,
           COM |-> 0,
           ROB |-> 0,
           RS |-> 5,
           FU |-> 0 ],
         [ ind |-> 5702,
           addr |-> "0x105cc",
           IFacq |-> 4,
           IFrel |-> 5,
           IDacq |-> 5,
           IDrel |-> 0,
           FUacq |-> 0,
           FUrel |-> 0,
           COM |-> 0,
           ROB |-> 0,
           RS |-> 5,
           FU |-> 0 ],
         [ ind |-> 5703,
           addr |-> "0x105d0",
           IFacq |-> 5,
           IFrel |-> 6,
           IDacq |-> 0,
           IDrel |-> 0,
           FUacq |-> 0,
           FUrel |-> 0,
           COM |-> 0,
           ROB |-> 0,
           RS |-> 0,
           FU |-> 0 ],
         [ ind |-> 5704,
           addr |-> "0x10502",
           IFacq |-> 5,
           IFrel |-> 6,
           IDacq |-> 0,
           IDrel |-> 0,
           FUacq |-> 0,
           FUrel |-> 0,
           COM |-> 0,
           ROB |-> 0,
           RS |-> 0,
           FU |-> 0 ],
         [ ind |-> 5705,
           addr |-> "0x10504",
           IFacq |-> 5,
           IFrel |-> 6,
           IDacq |-> 0,
           IDrel |-> 0,
           FUacq |-> 0,
           FUrel |-> 0,
           COM |-> 0,
           ROB |-> 0,
           RS |-> 0,
           FU |-> 0 ],
         [ ind |-> 5706,
           addr |-> "0x10508",
           IFacq |-> 5,
           IFrel |-> 6,
           IDacq |-> 0,
           IDrel |-> 0,
           FUacq |-> 0,
           FUrel |-> 0,
           COM |-> 0,
           ROB |-> 0,
           RS |-> 0,
           FU |-> 0 ] >>,
  edges |-> {[type |-> "D", source |-> 5687, dest |-> 5690]} ]
/\ currCycle2 = 6
/\ _IF2 = << [ instr |->
         [ ind |-> 5703,
           type |-> "IntAlu",
           r0 |-> "a5",
           r1 |-> "a4",
           r2 |-> "",
           addr |-> "0x105d0" ],
     baseLat |-> 1,
     currLat |-> 2 ],
   [ instr |->
         [ ind |-> 5704,
           type |-> "IntAlu",
           r0 |-> "a5",
           r1 |-> "",
           r2 |-> "",
           addr |-> "0x10502" ],
     baseLat |-> 1,
     currLat |-> 2 ],
   [ instr |->
         [ ind |-> 5705,
           type |-> "MemWrite",
           r0 |-> "a5",
           r1 |-> "",
           r2 |-> "",
           addr |-> "0x10504" ],
     baseLat |-> 1,
     currLat |-> 2 ],
   [ instr |->
         [ ind |-> 5706,
           type |-> "MemWrite",
           r0 |-> "zero",
           r1 |-> "",
           r2 |-> "",
           addr |-> "0x10508" ],
     baseLat |-> 1,
     currLat |-> 2 ] >>
/\ graph2 = [ nodes |->
      << [ ind |-> 5687,
           addr |-> "0x105e2",
           IFacq |-> 1,
           IFrel |-> 2,
           IDacq |-> 2,
           IDrel |-> 3,
           FUacq |-> 3,
           FUrel |-> 4,
           COM |-> 4,
           ROB |-> 2,
           RS |-> 2,
           FU |-> 1 ],
         [ ind |-> 5688,
           addr |-> "0x105e4",
           IFacq |-> 1,
           IFrel |-> 2,
           IDacq |-> 2,
           IDrel |-> 3,
           FUacq |-> 3,
           FUrel |-> 4,
           COM |-> 4,
           ROB |-> 2,
           RS |-> 2,
           FU |-> 2 ],
         [ ind |-> 5689,
           addr |-> "0x105e6",
           IFacq |-> 1,
           IFrel |-> 2,
           IDacq |-> 2,
           IDrel |-> 3,
           FUacq |-> 4,
           FUrel |-> 5,
           COM |-> 5,
           ROB |-> 2,
           RS |-> 2,
           FU |-> 2 ],
         [ ind |-> 5690,
           addr |-> "0x105e8",
           IFacq |-> 1,
           IFrel |-> 2,
           IDacq |-> 2,
           IDrel |-> 3,
           FUacq |-> 4,
           FUrel |-> 5,
           COM |-> 5,
           ROB |-> 2,
           RS |-> 2,
           FU |-> 1 ],
         [ ind |-> 5691,
           addr |-> "0x105ea",
           IFacq |-> 2,
           IFrel |-> 3,
           IDacq |-> 3,
           IDrel |-> 4,
           FUacq |-> 5,
           FUrel |-> 6,
           COM |-> 0,
           ROB |-> 3,
           RS |-> 3,
           FU |-> 1 ],
         [ ind |-> 5692,
           addr |-> "0x105ee",
           IFacq |-> 2,
           IFrel |-> 3,
           IDacq |-> 3,
           IDrel |-> 4,
           FUacq |-> 0,
           FUrel |-> 0,
           COM |-> 0,
           ROB |-> 3,
           RS |-> 3,
           FU |-> 0 ],
         [ ind |-> 5693,
           addr |-> "0x104ee",
           IFacq |-> 2,
           IFrel |-> 3,
           IDacq |-> 3,
           IDrel |-> 4,
           FUacq |-> 0,
           FUrel |-> 0,
           COM |-> 0,
           ROB |-> 3,
           RS |-> 3,
           FU |-> 0 ],
         [ ind |-> 5694,
           addr |-> "0x104f0",
           IFacq |-> 2,
           IFrel |-> 3,
           IDacq |-> 3,
           IDrel |-> 4,
           FUacq |-> 5,
           FUrel |-> 6,
           COM |-> 0,
           ROB |-> 3,
           RS |-> 3,
           FU |-> 2 ],
         [ ind |-> 5695,
           addr |-> "0x104f2",
           IFacq |-> 3,
           IFrel |-> 4,
           IDacq |-> 4,
           IDrel |-> 5,
           FUacq |-> 0,
           FUrel |-> 0,
           COM |-> 0,
           ROB |-> 4,
           RS |-> 4,
           FU |-> 0 ],
         [ ind |-> 5696,
           addr |-> "0x104f4",
           IFacq |-> 3,
           IFrel |-> 4,
           IDacq |-> 4,
           IDrel |-> 5,
           FUacq |-> 0,
           FUrel |-> 0,
           COM |-> 0,
           ROB |-> 4,
           RS |-> 4,
           FU |-> 0 ],
         [ ind |-> 5697,
           addr |-> "0x104f8",
           IFacq |-> 3,
           IFrel |-> 4,
           IDacq |-> 4,
           IDrel |-> 5,
           FUacq |-> 0,
           FUrel |-> 0,
           COM |-> 0,
           ROB |-> 4,
           RS |-> 4,
           FU |-> 0 ],
         [ ind |-> 5698,
           addr |-> "0x104fc",
           IFacq |-> 3,
           IFrel |-> 4,
           IDacq |-> 4,
           IDrel |-> 5,
           FUacq |-> 0,
           FUrel |-> 0,
           COM |-> 0,
           ROB |-> 4,
           RS |-> 4,
           FU |-> 0 ],
         [ ind |-> 5699,
           addr |-> "0x10500",
           IFacq |-> 4,
           IFrel |-> 5,
           IDacq |-> 5,
           IDrel |-> 0,
           FUacq |-> 0,
           FUrel |-> 0,
           COM |-> 0,
           ROB |-> 0,
           RS |-> 5,
           FU |-> 0 ],
         [ ind |-> 5700,
           addr |-> "0x105c4",
           IFacq |-> 4,
           IFrel |-> 5,
           IDacq |-> 5,
           IDrel |-> 0,
           FUacq |-> 0,
           FUrel |-> 0,
           COM |-> 0,
           ROB |-> 0,
           RS |-> 5,
           FU |-> 0 ],
         [ ind |-> 5701,
           addr |-> "0x105c8",
           IFacq |-> 4,
           IFrel |-> 5,
           IDacq |-> 5,
           IDrel |-> 0,
           FUacq |-> 0,
           FUrel |-> 0,
           COM |-> 0,
           ROB |-> 0,
           RS |-> 5,
           FU |-> 0 ],
         [ ind |-> 5702,
           addr |-> "0x105cc",
           IFacq |-> 4,
           IFrel |-> 5,
           IDacq |-> 5,
           IDrel |-> 0,
           FUacq |-> 0,
           FUrel |-> 0,
           COM |-> 0,
           ROB |-> 0,
           RS |-> 5,
           FU |-> 0 ],
         [ ind |-> 5703,
           addr |-> "0x105d0",
           IFacq |-> 5,
           IFrel |-> 6,
           IDacq |-> 0,
           IDrel |-> 0,
           FUacq |-> 0,
           FUrel |-> 0,
           COM |-> 0,
           ROB |-> 0,
           RS |-> 0,
           FU |-> 0 ],
         [ ind |-> 5704,
           addr |-> "0x10502",
           IFacq |-> 5,
           IFrel |-> 6,
           IDacq |-> 0,
           IDrel |-> 0,
           FUacq |-> 0,
           FUrel |-> 0,
           COM |-> 0,
           ROB |-> 0,
           RS |-> 0,
           FU |-> 0 ],
         [ ind |-> 5705,
           addr |-> "0x10504",
           IFacq |-> 5,
           IFrel |-> 6,
           IDacq |-> 0,
           IDrel |-> 0,
           FUacq |-> 0,
           FUrel |-> 0,
           COM |-> 0,
           ROB |-> 0,
           RS |-> 0,
           FU |-> 0 ],
         [ ind |-> 5706,
           addr |-> "0x10508",
           IFacq |-> 5,
           IFrel |-> 6,
           IDacq |-> 0,
           IDrel |-> 0,
           FUacq |-> 0,
           FUrel |-> 0,
           COM |-> 0,
           ROB |-> 0,
           RS |-> 0,
           FU |-> 0 ] >>,
  edges |-> {[type |-> "D", source |-> 5687, dest |-> 5690]} ]
/\ pc2 = 20
/\ robHead = 5
/\ rob = << [ instr |->
         [ ind |-> 5687,
           type |-> "IntAlu",
           r0 |-> "sp",
           r1 |-> "",
           r2 |-> "",
           addr |-> "0x105e2" ],
     executed |-> TRUE,
     done |-> TRUE ],
   [ instr |->
         [ ind |-> 5688,
           type |-> "MemWrite",
           r0 |-> "ra",
           r1 |-> "",
           r2 |-> "",
           addr |-> "0x105e4" ],
     executed |-> TRUE,
     done |-> TRUE ],
   [ instr |->
         [ ind |-> 5689,
           type |-> "MemWrite",
           r0 |-> "s0",
           r1 |-> "",
           r2 |-> "",
           addr |-> "0x105e6" ],
     executed |-> TRUE,
     done |-> TRUE ],
   [ instr |->
         [ ind |-> 5690,
           type |-> "IntAlu",
           r0 |-> "s0",
           r1 |-> "sp",
           r2 |-> "",
           addr |-> "0x105e8" ],
     executed |-> TRUE,
     done |-> TRUE ],
   [ instr |->
         [ ind |-> 5691,
           type |-> "IntAlu",
           r0 |-> "a0",
           r1 |-> "gp",
           r2 |-> "",
           addr |-> "0x105ea" ],
     executed |-> TRUE,
     done |-> FALSE ],
   [ instr |->
         [ ind |-> 5692,
           type |-> "IntAlu",
           r0 |-> "ra",
           r1 |-> "",
           r2 |-> "",
           addr |-> "0x105ee" ],
     executed |-> FALSE,
     done |-> FALSE ],
   [ instr |->
         [ ind |-> 5693,
           type |-> "IntAlu",
           r0 |-> "sp",
           r1 |-> "",
           r2 |-> "",
           addr |-> "0x104ee" ],
     executed |-> FALSE,
     done |-> FALSE ],
   [ instr |->
         [ ind |-> 5694,
           type |-> "MemWrite",
           r0 |-> "s0",
           r1 |-> "",
           r2 |-> "",
           addr |-> "0x104f0" ],
     executed |-> TRUE,
     done |-> FALSE ],
   [ instr |->
         [ ind |-> 5695,
           type |-> "IntAlu",
           r0 |-> "s0",
           r1 |-> "sp",
           r2 |-> "",
           addr |-> "0x104f2" ],
     executed |-> FALSE,
     done |-> FALSE ],
   [ instr |->
         [ ind |-> 5696,
           type |-> "MemWrite",
           r0 |-> "a0",
           r1 |-> "",
           r2 |-> "",
           addr |-> "0x104f4" ],
     executed |-> FALSE,
     done |-> FALSE ],
   [ instr |->
         [ ind |-> 5697,
           type |-> "MemWrite",
           r0 |-> "zero",
           r1 |-> "",
           r2 |-> "",
           addr |-> "0x104f8" ],
     executed |-> FALSE,
     done |-> FALSE ],
   [ instr |->
         [ ind |-> 5698,
           type |-> "MemWrite",
           r0 |-> "zero",
           r1 |-> "",
           r2 |-> "",
           addr |-> "0x104fc" ],
     executed |-> FALSE,
     done |-> FALSE ] >>
/\ _RS = << { [ ind |-> 5693,
       type |-> "IntAlu",
       r0 |-> "sp",
       r1 |-> "",
       r2 |-> "",
       addr |-> "0x104ee" ],
     [ ind |-> 5695,
       type |-> "IntAlu",
       r0 |-> "s0",
       r1 |-> "sp",
       r2 |-> "",
       addr |-> "0x104f2" ] },
   { [ ind |-> 5697,
       type |-> "MemWrite",
       r0 |-> "zero",
       r1 |-> "",
       r2 |-> "",
       addr |-> "0x104f8" ],
     [ ind |-> 5698,
       type |-> "MemWrite",
       r0 |-> "zero",
       r1 |-> "",
       r2 |-> "",
       addr |-> "0x104fc" ] },
   {},
   {},
   {} >>
/\ currCycle = 6
/\ exec_inst = 1
/\ robHead2 = 5
/\ pc = 20
/\ cpt = 0
/\ rob2 = << [ instr |->
         [ ind |-> 5687,
           type |-> "IntAlu",
           r0 |-> "sp",
           r1 |-> "",
           r2 |-> "",
           addr |-> "0x105e2" ],
     executed |-> TRUE,
     done |-> TRUE ],
   [ instr |->
         [ ind |-> 5688,
           type |-> "MemWrite",
           r0 |-> "ra",
           r1 |-> "",
           r2 |-> "",
           addr |-> "0x105e4" ],
     executed |-> TRUE,
     done |-> TRUE ],
   [ instr |->
         [ ind |-> 5689,
           type |-> "MemWrite",
           r0 |-> "s0",
           r1 |-> "",
           r2 |-> "",
           addr |-> "0x105e6" ],
     executed |-> TRUE,
     done |-> TRUE ],
   [ instr |->
         [ ind |-> 5690,
           type |-> "IntAlu",
           r0 |-> "s0",
           r1 |-> "sp",
           r2 |-> "",
           addr |-> "0x105e8" ],
     executed |-> TRUE,
     done |-> TRUE ],
   [ instr |->
         [ ind |-> 5691,
           type |-> "IntAlu",
           r0 |-> "a0",
           r1 |-> "gp",
           r2 |-> "",
           addr |-> "0x105ea" ],
     executed |-> TRUE,
     done |-> FALSE ],
   [ instr |->
         [ ind |-> 5692,
           type |-> "IntAlu",
           r0 |-> "ra",
           r1 |-> "",
           r2 |-> "",
           addr |-> "0x105ee" ],
     executed |-> FALSE,
     done |-> FALSE ],
   [ instr |->
         [ ind |-> 5693,
           type |-> "IntAlu",
           r0 |-> "sp",
           r1 |-> "",
           r2 |-> "",
           addr |-> "0x104ee" ],
     executed |-> FALSE,
     done |-> FALSE ],
   [ instr |->
         [ ind |-> 5694,
           type |-> "MemWrite",
           r0 |-> "s0",
           r1 |-> "",
           r2 |-> "",
           addr |-> "0x104f0" ],
     executed |-> TRUE,
     done |-> FALSE ],
   [ instr |->
         [ ind |-> 5695,
           type |-> "IntAlu",
           r0 |-> "s0",
           r1 |-> "sp",
           r2 |-> "",
           addr |-> "0x104f2" ],
     executed |-> FALSE,
     done |-> FALSE ],
   [ instr |->
         [ ind |-> 5696,
           type |-> "MemWrite",
           r0 |-> "a0",
           r1 |-> "",
           r2 |-> "",
           addr |-> "0x104f4" ],
     executed |-> FALSE,
     done |-> FALSE ],
   [ instr |->
         [ ind |-> 5697,
           type |-> "MemWrite",
           r0 |-> "zero",
           r1 |-> "",
           r2 |-> "",
           addr |-> "0x104f8" ],
     executed |-> FALSE,
     done |-> FALSE ],
   [ instr |->
         [ ind |-> 5698,
           type |-> "MemWrite",
           r0 |-> "zero",
           r1 |-> "",
           r2 |-> "",
           addr |-> "0x104fc" ],
     executed |-> FALSE,
     done |-> FALSE ] >>
/\ _FU = << [ instr |->
         [ ind |-> 5692,
           type |-> "IntAlu",
           r0 |-> "ra",
           r1 |-> "",
           r2 |-> "",
           addr |-> "0x105ee" ],
     baseLat |-> 1,
     currLat |-> 1 ],
   [ instr |->
         [ ind |-> 5696,
           type |-> "MemWrite",
           r0 |-> "a0",
           r1 |-> "",
           r2 |-> "",
           addr |-> "0x104f4" ],
     baseLat |-> 1,
     currLat |-> 1 ],
   [ instr |->
         [ ind |-> 0,
           type |-> "No_OpClass",
           r0 |-> "",
           r1 |-> "",
           r2 |-> "",
           addr |-> "" ],
     baseLat |-> 1,
     currLat |-> 1 ],
   [ instr |->
         [ ind |-> 0,
           type |-> "No_OpClass",
           r0 |-> "",
           r1 |-> "",
           r2 |-> "",
           addr |-> "" ],
     baseLat |-> 1,
     currLat |-> 1 ],
   [ instr |->
         [ ind |-> 0,
           type |-> "No_OpClass",
           r0 |-> "",
           r1 |-> "",
           r2 |-> "",
           addr |-> "" ],
     baseLat |-> 1,
     currLat |-> 1 ] >>

@!@!@ENDMSG 2217 @!@!@
@!@!@STARTMSG 2217:4 @!@!@
8: <Next line 60, col 9 to line 65, col 35 of module pipeline_ooo>
/\ _RS2 = << { [ ind |-> 5695,
       type |-> "IntAlu",
       r0 |-> "s0",
       r1 |-> "sp",
       r2 |-> "",
       addr |-> "0x104f2" ],
     [ ind |-> 5699,
       type |-> "IntAlu",
       r0 |-> "",
       r1 |-> "",
       r2 |-> "",
       addr |-> "0x10500" ],
     [ ind |-> 5701,
       type |-> "IntAlu",
       r0 |-> "a4",
       r1 |-> "a5",
       r2 |-> "",
       addr |-> "0x105c8" ],
     [ ind |-> 5702,
       type |-> "IntAlu",
       r0 |-> "a5",
       r1 |-> "zero",
       r2 |-> "",
       addr |-> "0x105cc" ] },
   { [ ind |-> 5698,
       type |-> "MemWrite",
       r0 |-> "zero",
       r1 |-> "",
       r2 |-> "",
       addr |-> "0x104fc" ],
     [ ind |-> 5700,
       type |-> "MemRead",
       r0 |-> "a5",
       r1 |-> "",
       r2 |-> "",
       addr |-> "0x105c4" ] },
   {},
   {},
   {} >>
/\ _COM2 = << [ ind |-> 5692,
     type |-> "IntAlu",
     r0 |-> "ra",
     r1 |-> "",
     r2 |-> "",
     addr |-> "0x105ee" ],
   [ ind |-> 0,
     type |-> "No_OpClass",
     r0 |-> "",
     r1 |-> "",
     r2 |-> "",
     addr |-> "" ],
   [ ind |-> 0,
     type |-> "No_OpClass",
     r0 |-> "",
     r1 |-> "",
     r2 |-> "",
     addr |-> "" ],
   [ ind |-> 0,
     type |-> "No_OpClass",
     r0 |-> "",
     r1 |-> "",
     r2 |-> "",
     addr |-> "" ] >>
/\ _ID = << [ ind |-> 5703,
     type |-> "IntAlu",
     r0 |-> "a5",
     r1 |-> "a4",
     r2 |-> "",
     addr |-> "0x105d0" ],
   [ ind |-> 5704,
     type |-> "IntAlu",
     r0 |-> "a5",
     r1 |-> "",
     r2 |-> "",
     addr |-> "0x10502" ],
   [ ind |-> 5705,
     type |-> "MemWrite",
     r0 |-> "a5",
     r1 |-> "",
     r2 |-> "",
     addr |-> "0x10504" ],
   [ ind |-> 5706,
     type |-> "MemWrite",
     r0 |-> "zero",
     r1 |-> "",
     r2 |-> "",
     addr |-> "0x10508" ] >>
/\ _IF = << [ instr |->
         [ ind |-> 5707,
           type |-> "IntAlu",
           r0 |-> "",
           r1 |-> "",
           r2 |-> "",
           addr |-> "0x1050c" ],
     baseLat |-> 1,
     currLat |-> 1 ],
   [ instr |->
         [ ind |-> 5708,
           type |-> "MemRead",
           r0 |-> "a5",
           r1 |-> "",
           r2 |-> "",
           addr |-> "0x1059e" ],
     baseLat |-> 1,
     currLat |-> 1 ],
   [ instr |->
         [ ind |-> 5709,
           type |-> "IntAlu",
           r0 |-> "a4",
           r1 |-> "a5",
           r2 |-> "",
           addr |-> "0x105a2" ],
     baseLat |-> 1,
     currLat |-> 1 ],
   [ instr |->
         [ ind |-> 5710,
           type |-> "IntAlu",
           r0 |-> "a5",
           r1 |-> "zero",
           r2 |-> "",
           addr |-> "0x105a6" ],
     baseLat |-> 1,
     currLat |-> 1 ] >>
/\ _FU2 = << [ instr |->
         [ ind |-> 5693,
           type |-> "IntAlu",
           r0 |-> "sp",
           r1 |-> "",
           r2 |-> "",
           addr |-> "0x104ee" ],
     baseLat |-> 1,
     currLat |-> 1 ],
   [ instr |->
         [ ind |-> 5697,
           type |-> "MemWrite",
           r0 |-> "zero",
           r1 |-> "",
           r2 |-> "",
           addr |-> "0x104f8" ],
     baseLat |-> 1,
     currLat |-> 1 ],
   [ instr |->
         [ ind |-> 0,
           type |-> "No_OpClass",
           r0 |-> "",
           r1 |-> "",
           r2 |-> "",
           addr |-> "" ],
     baseLat |-> 1,
     currLat |-> 1 ],
   [ instr |->
         [ ind |-> 0,
           type |-> "No_OpClass",
           r0 |-> "",
           r1 |-> "",
           r2 |-> "",
           addr |-> "" ],
     baseLat |-> 1,
     currLat |-> 1 ],
   [ instr |->
         [ ind |-> 0,
           type |-> "No_OpClass",
           r0 |-> "",
           r1 |-> "",
           r2 |-> "",
           addr |-> "" ],
     baseLat |-> 1,
     currLat |-> 1 ] >>
/\ _COM = << [ ind |-> 5692,
     type |-> "IntAlu",
     r0 |-> "ra",
     r1 |-> "",
     r2 |-> "",
     addr |-> "0x105ee" ],
   [ ind |-> 0,
     type |-> "No_OpClass",
     r0 |-> "",
     r1 |-> "",
     r2 |-> "",
     addr |-> "" ],
   [ ind |-> 0,
     type |-> "No_OpClass",
     r0 |-> "",
     r1 |-> "",
     r2 |-> "",
     addr |-> "" ],
   [ ind |-> 0,
     type |-> "No_OpClass",
     r0 |-> "",
     r1 |-> "",
     r2 |-> "",
     addr |-> "" ] >>
/\ exec_inst2 = 2
/\ _ID2 = << [ ind |-> 5703,
     type |-> "IntAlu",
     r0 |-> "a5",
     r1 |-> "a4",
     r2 |-> "",
     addr |-> "0x105d0" ],
   [ ind |-> 5704,
     type |-> "IntAlu",
     r0 |-> "a5",
     r1 |-> "",
     r2 |-> "",
     addr |-> "0x10502" ],
   [ ind |-> 5705,
     type |-> "MemWrite",
     r0 |-> "a5",
     r1 |-> "",
     r2 |-> "",
     addr |-> "0x10504" ],
   [ ind |-> 5706,
     type |-> "MemWrite",
     r0 |-> "zero",
     r1 |-> "",
     r2 |-> "",
     addr |-> "0x10508" ] >>
/\ graph = [ nodes |->
      << [ ind |-> 5687,
           addr |-> "0x105e2",
           IFacq |-> 1,
           IFrel |-> 2,
           IDacq |-> 2,
           IDrel |-> 3,
           FUacq |-> 3,
           FUrel |-> 4,
           COM |-> 4,
           ROB |-> 2,
           RS |-> 2,
           FU |-> 1 ],
         [ ind |-> 5688,
           addr |-> "0x105e4",
           IFacq |-> 1,
           IFrel |-> 2,
           IDacq |-> 2,
           IDrel |-> 3,
           FUacq |-> 3,
           FUrel |-> 4,
           COM |-> 4,
           ROB |-> 2,
           RS |-> 2,
           FU |-> 2 ],
         [ ind |-> 5689,
           addr |-> "0x105e6",
           IFacq |-> 1,
           IFrel |-> 2,
           IDacq |-> 2,
           IDrel |-> 3,
           FUacq |-> 4,
           FUrel |-> 5,
           COM |-> 5,
           ROB |-> 2,
           RS |-> 2,
           FU |-> 2 ],
         [ ind |-> 5690,
           addr |-> "0x105e8",
           IFacq |-> 1,
           IFrel |-> 2,
           IDacq |-> 2,
           IDrel |-> 3,
           FUacq |-> 4,
           FUrel |-> 5,
           COM |-> 5,
           ROB |-> 2,
           RS |-> 2,
           FU |-> 1 ],
         [ ind |-> 5691,
           addr |-> "0x105ea",
           IFacq |-> 2,
           IFrel |-> 3,
           IDacq |-> 3,
           IDrel |-> 4,
           FUacq |-> 5,
           FUrel |-> 6,
           COM |-> 6,
           ROB |-> 3,
           RS |-> 3,
           FU |-> 1 ],
         [ ind |-> 5692,
           addr |-> "0x105ee",
           IFacq |-> 2,
           IFrel |-> 3,
           IDacq |-> 3,
           IDrel |-> 4,
           FUacq |-> 6,
           FUrel |-> 7,
           COM |-> 0,
           ROB |-> 3,
           RS |-> 3,
           FU |-> 1 ],
         [ ind |-> 5693,
           addr |-> "0x104ee",
           IFacq |-> 2,
           IFrel |-> 3,
           IDacq |-> 3,
           IDrel |-> 4,
           FUacq |-> 0,
           FUrel |-> 0,
           COM |-> 0,
           ROB |-> 3,
           RS |-> 3,
           FU |-> 0 ],
         [ ind |-> 5694,
           addr |-> "0x104f0",
           IFacq |-> 2,
           IFrel |-> 3,
           IDacq |-> 3,
           IDrel |-> 4,
           FUacq |-> 5,
           FUrel |-> 6,
           COM |-> 0,
           ROB |-> 3,
           RS |-> 3,
           FU |-> 2 ],
         [ ind |-> 5695,
           addr |-> "0x104f2",
           IFacq |-> 3,
           IFrel |-> 4,
           IDacq |-> 4,
           IDrel |-> 5,
           FUacq |-> 0,
           FUrel |-> 0,
           COM |-> 0,
           ROB |-> 4,
           RS |-> 4,
           FU |-> 0 ],
         [ ind |-> 5696,
           addr |-> "0x104f4",
           IFacq |-> 3,
           IFrel |-> 4,
           IDacq |-> 4,
           IDrel |-> 5,
           FUacq |-> 6,
           FUrel |-> 7,
           COM |-> 0,
           ROB |-> 4,
           RS |-> 4,
           FU |-> 2 ],
         [ ind |-> 5697,
           addr |-> "0x104f8",
           IFacq |-> 3,
           IFrel |-> 4,
           IDacq |-> 4,
           IDrel |-> 5,
           FUacq |-> 0,
           FUrel |-> 0,
           COM |-> 0,
           ROB |-> 4,
           RS |-> 4,
           FU |-> 0 ],
         [ ind |-> 5698,
           addr |-> "0x104fc",
           IFacq |-> 3,
           IFrel |-> 4,
           IDacq |-> 4,
           IDrel |-> 5,
           FUacq |-> 0,
           FUrel |-> 0,
           COM |-> 0,
           ROB |-> 4,
           RS |-> 4,
           FU |-> 0 ],
         [ ind |-> 5699,
           addr |-> "0x10500",
           IFacq |-> 4,
           IFrel |-> 5,
           IDacq |-> 5,
           IDrel |-> 7,
           FUacq |-> 0,
           FUrel |-> 0,
           COM |-> 0,
           ROB |-> 6,
           RS |-> 6,
           FU |-> 0 ],
         [ ind |-> 5700,
           addr |-> "0x105c4",
           IFacq |-> 4,
           IFrel |-> 5,
           IDacq |-> 5,
           IDrel |-> 7,
           FUacq |-> 0,
           FUrel |-> 0,
           COM |-> 0,
           ROB |-> 6,
           RS |-> 6,
           FU |-> 0 ],
         [ ind |-> 5701,
           addr |-> "0x105c8",
           IFacq |-> 4,
           IFrel |-> 5,
           IDacq |-> 5,
           IDrel |-> 7,
           FUacq |-> 0,
           FUrel |-> 0,
           COM |-> 0,
           ROB |-> 6,
           RS |-> 6,
           FU |-> 0 ],
         [ ind |-> 5702,
           addr |-> "0x105cc",
           IFacq |-> 4,
           IFrel |-> 5,
           IDacq |-> 5,
           IDrel |-> 7,
           FUacq |-> 0,
           FUrel |-> 0,
           COM |-> 0,
           ROB |-> 6,
           RS |-> 6,
           FU |-> 0 ],
         [ ind |-> 5703,
           addr |-> "0x105d0",
           IFacq |-> 5,
           IFrel |-> 6,
           IDacq |-> 0,
           IDrel |-> 0,
           FUacq |-> 0,
           FUrel |-> 0,
           COM |-> 0,
           ROB |-> 0,
           RS |-> 0,
           FU |-> 0 ],
         [ ind |-> 5704,
           addr |-> "0x10502",
           IFacq |-> 5,
           IFrel |-> 6,
           IDacq |-> 0,
           IDrel |-> 0,
           FUacq |-> 0,
           FUrel |-> 0,
           COM |-> 0,
           ROB |-> 0,
           RS |-> 0,
           FU |-> 0 ],
         [ ind |-> 5705,
           addr |-> "0x10504",
           IFacq |-> 5,
           IFrel |-> 6,
           IDacq |-> 0,
           IDrel |-> 0,
           FUacq |-> 0,
           FUrel |-> 0,
           COM |-> 0,
           ROB |-> 0,
           RS |-> 0,
           FU |-> 0 ],
         [ ind |-> 5706,
           addr |-> "0x10508",
           IFacq |-> 5,
           IFrel |-> 6,
           IDacq |-> 0,
           IDrel |-> 0,
           FUacq |-> 0,
           FUrel |-> 0,
           COM |-> 0,
           ROB |-> 0,
           RS |-> 0,
           FU |-> 0 ] >>,
  edges |-> {[type |-> "D", source |-> 5687, dest |-> 5690]} ]
/\ currCycle2 = 7
/\ _IF2 = << [ instr |->
         [ ind |-> 5707,
           type |-> "IntAlu",
           r0 |-> "",
           r1 |-> "",
           r2 |-> "",
           addr |-> "0x1050c" ],
     baseLat |-> 1,
     currLat |-> 1 ],
   [ instr |->
         [ ind |-> 5708,
           type |-> "MemRead",
           r0 |-> "a5",
           r1 |-> "",
           r2 |-> "",
           addr |-> "0x1059e" ],
     baseLat |-> 1,
     currLat |-> 1 ],
   [ instr |->
         [ ind |-> 5709,
           type |-> "IntAlu",
           r0 |-> "a4",
           r1 |-> "a5",
           r2 |-> "",
           addr |-> "0x105a2" ],
     baseLat |-> 1,
     currLat |-> 1 ],
   [ instr |->
         [ ind |-> 5710,
           type |-> "IntAlu",
           r0 |-> "a5",
           r1 |-> "zero",
           r2 |-> "",
           addr |-> "0x105a6" ],
     baseLat |-> 1,
     currLat |-> 1 ] >>
/\ graph2 = [ nodes |->
      << [ ind |-> 5687,
           addr |-> "0x105e2",
           IFacq |-> 1,
           IFrel |-> 2,
           IDacq |-> 2,
           IDrel |-> 3,
           FUacq |-> 3,
           FUrel |-> 4,
           COM |-> 4,
           ROB |-> 2,
           RS |-> 2,
           FU |-> 1 ],
         [ ind |-> 5688,
           addr |-> "0x105e4",
           IFacq |-> 1,
           IFrel |-> 2,
           IDacq |-> 2,
           IDrel |-> 3,
           FUacq |-> 3,
           FUrel |-> 4,
           COM |-> 4,
           ROB |-> 2,
           RS |-> 2,
           FU |-> 2 ],
         [ ind |-> 5689,
           addr |-> "0x105e6",
           IFacq |-> 1,
           IFrel |-> 2,
           IDacq |-> 2,
           IDrel |-> 3,
           FUacq |-> 4,
           FUrel |-> 5,
           COM |-> 5,
           ROB |-> 2,
           RS |-> 2,
           FU |-> 2 ],
         [ ind |-> 5690,
           addr |-> "0x105e8",
           IFacq |-> 1,
           IFrel |-> 2,
           IDacq |-> 2,
           IDrel |-> 3,
           FUacq |-> 4,
           FUrel |-> 5,
           COM |-> 5,
           ROB |-> 2,
           RS |-> 2,
           FU |-> 1 ],
         [ ind |-> 5691,
           addr |-> "0x105ea",
           IFacq |-> 2,
           IFrel |-> 3,
           IDacq |-> 3,
           IDrel |-> 4,
           FUacq |-> 5,
           FUrel |-> 6,
           COM |-> 6,
           ROB |-> 3,
           RS |-> 3,
           FU |-> 1 ],
         [ ind |-> 5692,
           addr |-> "0x105ee",
           IFacq |-> 2,
           IFrel |-> 3,
           IDacq |-> 3,
           IDrel |-> 4,
           FUacq |-> 6,
           FUrel |-> 7,
           COM |-> 0,
           ROB |-> 3,
           RS |-> 3,
           FU |-> 1 ],
         [ ind |-> 5693,
           addr |-> "0x104ee",
           IFacq |-> 2,
           IFrel |-> 3,
           IDacq |-> 3,
           IDrel |-> 4,
           FUacq |-> 0,
           FUrel |-> 0,
           COM |-> 0,
           ROB |-> 3,
           RS |-> 3,
           FU |-> 0 ],
         [ ind |-> 5694,
           addr |-> "0x104f0",
           IFacq |-> 2,
           IFrel |-> 3,
           IDacq |-> 3,
           IDrel |-> 4,
           FUacq |-> 5,
           FUrel |-> 6,
           COM |-> 0,
           ROB |-> 3,
           RS |-> 3,
           FU |-> 2 ],
         [ ind |-> 5695,
           addr |-> "0x104f2",
           IFacq |-> 3,
           IFrel |-> 4,
           IDacq |-> 4,
           IDrel |-> 5,
           FUacq |-> 0,
           FUrel |-> 0,
           COM |-> 0,
           ROB |-> 4,
           RS |-> 4,
           FU |-> 0 ],
         [ ind |-> 5696,
           addr |-> "0x104f4",
           IFacq |-> 3,
           IFrel |-> 4,
           IDacq |-> 4,
           IDrel |-> 5,
           FUacq |-> 6,
           FUrel |-> 7,
           COM |-> 0,
           ROB |-> 4,
           RS |-> 4,
           FU |-> 2 ],
         [ ind |-> 5697,
           addr |-> "0x104f8",
           IFacq |-> 3,
           IFrel |-> 4,
           IDacq |-> 4,
           IDrel |-> 5,
           FUacq |-> 0,
           FUrel |-> 0,
           COM |-> 0,
           ROB |-> 4,
           RS |-> 4,
           FU |-> 0 ],
         [ ind |-> 5698,
           addr |-> "0x104fc",
           IFacq |-> 3,
           IFrel |-> 4,
           IDacq |-> 4,
           IDrel |-> 5,
           FUacq |-> 0,
           FUrel |-> 0,
           COM |-> 0,
           ROB |-> 4,
           RS |-> 4,
           FU |-> 0 ],
         [ ind |-> 5699,
           addr |-> "0x10500",
           IFacq |-> 4,
           IFrel |-> 5,
           IDacq |-> 5,
           IDrel |-> 7,
           FUacq |-> 0,
           FUrel |-> 0,
           COM |-> 0,
           ROB |-> 6,
           RS |-> 6,
           FU |-> 0 ],
         [ ind |-> 5700,
           addr |-> "0x105c4",
           IFacq |-> 4,
           IFrel |-> 5,
           IDacq |-> 5,
           IDrel |-> 7,
           FUacq |-> 0,
           FUrel |-> 0,
           COM |-> 0,
           ROB |-> 6,
           RS |-> 6,
           FU |-> 0 ],
         [ ind |-> 5701,
           addr |-> "0x105c8",
           IFacq |-> 4,
           IFrel |-> 5,
           IDacq |-> 5,
           IDrel |-> 7,
           FUacq |-> 0,
           FUrel |-> 0,
           COM |-> 0,
           ROB |-> 6,
           RS |-> 6,
           FU |-> 0 ],
         [ ind |-> 5702,
           addr |-> "0x105cc",
           IFacq |-> 4,
           IFrel |-> 5,
           IDacq |-> 5,
           IDrel |-> 7,
           FUacq |-> 0,
           FUrel |-> 0,
           COM |-> 0,
           ROB |-> 6,
           RS |-> 6,
           FU |-> 0 ],
         [ ind |-> 5703,
           addr |-> "0x105d0",
           IFacq |-> 5,
           IFrel |-> 6,
           IDacq |-> 0,
           IDrel |-> 0,
           FUacq |-> 0,
           FUrel |-> 0,
           COM |-> 0,
           ROB |-> 0,
           RS |-> 0,
           FU |-> 0 ],
         [ ind |-> 5704,
           addr |-> "0x10502",
           IFacq |-> 5,
           IFrel |-> 6,
           IDacq |-> 0,
           IDrel |-> 0,
           FUacq |-> 0,
           FUrel |-> 0,
           COM |-> 0,
           ROB |-> 0,
           RS |-> 0,
           FU |-> 0 ],
         [ ind |-> 5705,
           addr |-> "0x10504",
           IFacq |-> 5,
           IFrel |-> 6,
           IDacq |-> 0,
           IDrel |-> 0,
           FUacq |-> 0,
           FUrel |-> 0,
           COM |-> 0,
           ROB |-> 0,
           RS |-> 0,
           FU |-> 0 ],
         [ ind |-> 5706,
           addr |-> "0x10508",
           IFacq |-> 5,
           IFrel |-> 6,
           IDacq |-> 0,
           IDrel |-> 0,
           FUacq |-> 0,
           FUrel |-> 0,
           COM |-> 0,
           ROB |-> 0,
           RS |-> 0,
           FU |-> 0 ] >>,
  edges |-> {[type |-> "D", source |-> 5687, dest |-> 5690]} ]
/\ pc2 = 24
/\ robHead = 6
/\ rob = << [ instr |->
         [ ind |-> 5687,
           type |-> "IntAlu",
           r0 |-> "sp",
           r1 |-> "",
           r2 |-> "",
           addr |-> "0x105e2" ],
     executed |-> TRUE,
     done |-> TRUE ],
   [ instr |->
         [ ind |-> 5688,
           type |-> "MemWrite",
           r0 |-> "ra",
           r1 |-> "",
           r2 |-> "",
           addr |-> "0x105e4" ],
     executed |-> TRUE,
     done |-> TRUE ],
   [ instr |->
         [ ind |-> 5689,
           type |-> "MemWrite",
           r0 |-> "s0",
           r1 |-> "",
           r2 |-> "",
           addr |-> "0x105e6" ],
     executed |-> TRUE,
     done |-> TRUE ],
   [ instr |->
         [ ind |-> 5690,
           type |-> "IntAlu",
           r0 |-> "s0",
           r1 |-> "sp",
           r2 |-> "",
           addr |-> "0x105e8" ],
     executed |-> TRUE,
     done |-> TRUE ],
   [ instr |->
         [ ind |-> 5691,
           type |-> "IntAlu",
           r0 |-> "a0",
           r1 |-> "gp",
           r2 |-> "",
           addr |-> "0x105ea" ],
     executed |-> TRUE,
     done |-> TRUE ],
   [ instr |->
         [ ind |-> 5692,
           type |-> "IntAlu",
           r0 |-> "ra",
           r1 |-> "",
           r2 |-> "",
           addr |-> "0x105ee" ],
     executed |-> TRUE,
     done |-> FALSE ],
   [ instr |->
         [ ind |-> 5693,
           type |-> "IntAlu",
           r0 |-> "sp",
           r1 |-> "",
           r2 |-> "",
           addr |-> "0x104ee" ],
     executed |-> FALSE,
     done |-> FALSE ],
   [ instr |->
         [ ind |-> 5694,
           type |-> "MemWrite",
           r0 |-> "s0",
           r1 |-> "",
           r2 |-> "",
           addr |-> "0x104f0" ],
     executed |-> TRUE,
     done |-> FALSE ],
   [ instr |->
         [ ind |-> 5695,
           type |-> "IntAlu",
           r0 |-> "s0",
           r1 |-> "sp",
           r2 |-> "",
           addr |-> "0x104f2" ],
     executed |-> FALSE,
     done |-> FALSE ],
   [ instr |->
         [ ind |-> 5696,
           type |-> "MemWrite",
           r0 |-> "a0",
           r1 |-> "",
           r2 |-> "",
           addr |-> "0x104f4" ],
     executed |-> TRUE,
     done |-> FALSE ],
   [ instr |->
         [ ind |-> 5697,
           type |-> "MemWrite",
           r0 |-> "zero",
           r1 |-> "",
           r2 |-> "",
           addr |-> "0x104f8" ],
     executed |-> FALSE,
     done |-> FALSE ],
   [ instr |->
         [ ind |-> 5698,
           type |-> "MemWrite",
           r0 |-> "zero",
           r1 |-> "",
           r2 |-> "",
           addr |-> "0x104fc" ],
     executed |-> FALSE,
     done |-> FALSE ],
   [ instr |->
         [ ind |-> 5699,
           type |-> "IntAlu",
           r0 |-> "",
           r1 |-> "",
           r2 |-> "",
           addr |-> "0x10500" ],
     executed |-> FALSE,
     done |-> FALSE ],
   [ instr |->
         [ ind |-> 5700,
           type |-> "MemRead",
           r0 |-> "a5",
           r1 |-> "",
           r2 |-> "",
           addr |-> "0x105c4" ],
     executed |-> FALSE,
     done |-> FALSE ],
   [ instr |->
         [ ind |-> 5701,
           type |-> "IntAlu",
           r0 |-> "a4",
           r1 |-> "a5",
           r2 |-> "",
           addr |-> "0x105c8" ],
     executed |-> FALSE,
     done |-> FALSE ],
   [ instr |->
         [ ind |-> 5702,
           type |-> "IntAlu",
           r0 |-> "a5",
           r1 |-> "zero",
           r2 |-> "",
           addr |-> "0x105cc" ],
     executed |-> FALSE,
     done |-> FALSE ] >>
/\ _RS = << { [ ind |-> 5695,
       type |-> "IntAlu",
       r0 |-> "s0",
       r1 |-> "sp",
       r2 |-> "",
       addr |-> "0x104f2" ],
     [ ind |-> 5699,
       type |-> "IntAlu",
       r0 |-> "",
       r1 |-> "",
       r2 |-> "",
       addr |-> "0x10500" ],
     [ ind |-> 5701,
       type |-> "IntAlu",
       r0 |-> "a4",
       r1 |-> "a5",
       r2 |-> "",
       addr |-> "0x105c8" ],
     [ ind |-> 5702,
       type |-> "IntAlu",
       r0 |-> "a5",
       r1 |-> "zero",
       r2 |-> "",
       addr |-> "0x105cc" ] },
   { [ ind |-> 5698,
       type |-> "MemWrite",
       r0 |-> "zero",
       r1 |-> "",
       r2 |-> "",
       addr |-> "0x104fc" ],
     [ ind |-> 5700,
       type |-> "MemRead",
       r0 |-> "a5",
       r1 |-> "",
       r2 |-> "",
       addr |-> "0x105c4" ] },
   {},
   {},
   {} >>
/\ currCycle = 7
/\ exec_inst = 1
/\ robHead2 = 6
/\ pc = 24
/\ cpt = 0
/\ rob2 = << [ instr |->
         [ ind |-> 5687,
           type |-> "IntAlu",
           r0 |-> "sp",
           r1 |-> "",
           r2 |-> "",
           addr |-> "0x105e2" ],
     executed |-> TRUE,
     done |-> TRUE ],
   [ instr |->
         [ ind |-> 5688,
           type |-> "MemWrite",
           r0 |-> "ra",
           r1 |-> "",
           r2 |-> "",
           addr |-> "0x105e4" ],
     executed |-> TRUE,
     done |-> TRUE ],
   [ instr |->
         [ ind |-> 5689,
           type |-> "MemWrite",
           r0 |-> "s0",
           r1 |-> "",
           r2 |-> "",
           addr |-> "0x105e6" ],
     executed |-> TRUE,
     done |-> TRUE ],
   [ instr |->
         [ ind |-> 5690,
           type |-> "IntAlu",
           r0 |-> "s0",
           r1 |-> "sp",
           r2 |-> "",
           addr |-> "0x105e8" ],
     executed |-> TRUE,
     done |-> TRUE ],
   [ instr |->
         [ ind |-> 5691,
           type |-> "IntAlu",
           r0 |-> "a0",
           r1 |-> "gp",
           r2 |-> "",
           addr |-> "0x105ea" ],
     executed |-> TRUE,
     done |-> TRUE ],
   [ instr |->
         [ ind |-> 5692,
           type |-> "IntAlu",
           r0 |-> "ra",
           r1 |-> "",
           r2 |-> "",
           addr |-> "0x105ee" ],
     executed |-> TRUE,
     done |-> FALSE ],
   [ instr |->
         [ ind |-> 5693,
           type |-> "IntAlu",
           r0 |-> "sp",
           r1 |-> "",
           r2 |-> "",
           addr |-> "0x104ee" ],
     executed |-> FALSE,
     done |-> FALSE ],
   [ instr |->
         [ ind |-> 5694,
           type |-> "MemWrite",
           r0 |-> "s0",
           r1 |-> "",
           r2 |-> "",
           addr |-> "0x104f0" ],
     executed |-> TRUE,
     done |-> FALSE ],
   [ instr |->
         [ ind |-> 5695,
           type |-> "IntAlu",
           r0 |-> "s0",
           r1 |-> "sp",
           r2 |-> "",
           addr |-> "0x104f2" ],
     executed |-> FALSE,
     done |-> FALSE ],
   [ instr |->
         [ ind |-> 5696,
           type |-> "MemWrite",
           r0 |-> "a0",
           r1 |-> "",
           r2 |-> "",
           addr |-> "0x104f4" ],
     executed |-> TRUE,
     done |-> FALSE ],
   [ instr |->
         [ ind |-> 5697,
           type |-> "MemWrite",
           r0 |-> "zero",
           r1 |-> "",
           r2 |-> "",
           addr |-> "0x104f8" ],
     executed |-> FALSE,
     done |-> FALSE ],
   [ instr |->
         [ ind |-> 5698,
           type |-> "MemWrite",
           r0 |-> "zero",
           r1 |-> "",
           r2 |-> "",
           addr |-> "0x104fc" ],
     executed |-> FALSE,
     done |-> FALSE ],
   [ instr |->
         [ ind |-> 5699,
           type |-> "IntAlu",
           r0 |-> "",
           r1 |-> "",
           r2 |-> "",
           addr |-> "0x10500" ],
     executed |-> FALSE,
     done |-> FALSE ],
   [ instr |->
         [ ind |-> 5700,
           type |-> "MemRead",
           r0 |-> "a5",
           r1 |-> "",
           r2 |-> "",
           addr |-> "0x105c4" ],
     executed |-> FALSE,
     done |-> FALSE ],
   [ instr |->
         [ ind |-> 5701,
           type |-> "IntAlu",
           r0 |-> "a4",
           r1 |-> "a5",
           r2 |-> "",
           addr |-> "0x105c8" ],
     executed |-> FALSE,
     done |-> FALSE ],
   [ instr |->
         [ ind |-> 5702,
           type |-> "IntAlu",
           r0 |-> "a5",
           r1 |-> "zero",
           r2 |-> "",
           addr |-> "0x105cc" ],
     executed |-> FALSE,
     done |-> FALSE ] >>
/\ _FU = << [ instr |->
         [ ind |-> 5693,
           type |-> "IntAlu",
           r0 |-> "sp",
           r1 |-> "",
           r2 |-> "",
           addr |-> "0x104ee" ],
     baseLat |-> 1,
     currLat |-> 1 ],
   [ instr |->
         [ ind |-> 5697,
           type |-> "MemWrite",
           r0 |-> "zero",
           r1 |-> "",
           r2 |-> "",
           addr |-> "0x104f8" ],
     baseLat |-> 1,
     currLat |-> 1 ],
   [ instr |->
         [ ind |-> 0,
           type |-> "No_OpClass",
           r0 |-> "",
           r1 |-> "",
           r2 |-> "",
           addr |-> "" ],
     baseLat |-> 1,
     currLat |-> 1 ],
   [ instr |->
         [ ind |-> 0,
           type |-> "No_OpClass",
           r0 |-> "",
           r1 |-> "",
           r2 |-> "",
           addr |-> "" ],
     baseLat |-> 1,
     currLat |-> 1 ],
   [ instr |->
         [ ind |-> 0,
           type |-> "No_OpClass",
           r0 |-> "",
           r1 |-> "",
           r2 |-> "",
           addr |-> "" ],
     baseLat |-> 1,
     currLat |-> 1 ] >>

@!@!@ENDMSG 2217 @!@!@
@!@!@STARTMSG 2217:4 @!@!@
9: <Next line 60, col 9 to line 65, col 35 of module pipeline_ooo>
/\ _RS2 = << { [ ind |-> 5699,
       type |-> "IntAlu",
       r0 |-> "",
       r1 |-> "",
       r2 |-> "",
       addr |-> "0x10500" ],
     [ ind |-> 5701,
       type |-> "IntAlu",
       r0 |-> "a4",
       r1 |-> "a5",
       r2 |-> "",
       addr |-> "0x105c8" ],
     [ ind |-> 5702,
       type |-> "IntAlu",
       r0 |-> "a5",
       r1 |-> "zero",
       r2 |-> "",
       addr |-> "0x105cc" ] },
   { [ ind |-> 5700,
       type |-> "MemRead",
       r0 |-> "a5",
       r1 |-> "",
       r2 |-> "",
       addr |-> "0x105c4" ] },
   {},
   {},
   {} >>
/\ _COM2 = << [ ind |-> 5693,
     type |-> "IntAlu",
     r0 |-> "sp",
     r1 |-> "",
     r2 |-> "",
     addr |-> "0x104ee" ],
   [ ind |-> 5694,
     type |-> "MemWrite",
     r0 |-> "s0",
     r1 |-> "",
     r2 |-> "",
     addr |-> "0x104f0" ],
   [ ind |-> 0,
     type |-> "No_OpClass",
     r0 |-> "",
     r1 |-> "",
     r2 |-> "",
     addr |-> "" ],
   [ ind |-> 0,
     type |-> "No_OpClass",
     r0 |-> "",
     r1 |-> "",
     r2 |-> "",
     addr |-> "" ] >>
/\ _ID = << [ ind |-> 5703,
     type |-> "IntAlu",
     r0 |-> "a5",
     r1 |-> "a4",
     r2 |-> "",
     addr |-> "0x105d0" ],
   [ ind |-> 5704,
     type |-> "IntAlu",
     r0 |-> "a5",
     r1 |-> "",
     r2 |-> "",
     addr |-> "0x10502" ],
   [ ind |-> 5705,
     type |-> "MemWrite",
     r0 |-> "a5",
     r1 |-> "",
     r2 |-> "",
     addr |-> "0x10504" ],
   [ ind |-> 5706,
     type |-> "MemWrite",
     r0 |-> "zero",
     r1 |-> "",
     r2 |-> "",
     addr |-> "0x10508" ] >>
/\ _IF = << [ instr |->
         [ ind |-> 5707,
           type |-> "IntAlu",
           r0 |-> "",
           r1 |-> "",
           r2 |-> "",
           addr |-> "0x1050c" ],
     baseLat |-> 1,
     currLat |-> 2 ],
   [ instr |->
         [ ind |-> 5708,
           type |-> "MemRead",
           r0 |-> "a5",
           r1 |-> "",
           r2 |-> "",
           addr |-> "0x1059e" ],
     baseLat |-> 1,
     currLat |-> 2 ],
   [ instr |->
         [ ind |-> 5709,
           type |-> "IntAlu",
           r0 |-> "a4",
           r1 |-> "a5",
           r2 |-> "",
           addr |-> "0x105a2" ],
     baseLat |-> 1,
     currLat |-> 2 ],
   [ instr |->
         [ ind |-> 5710,
           type |-> "IntAlu",
           r0 |-> "a5",
           r1 |-> "zero",
           r2 |-> "",
           addr |-> "0x105a6" ],
     baseLat |-> 1,
     currLat |-> 2 ] >>
/\ _FU2 = << [ instr |->
         [ ind |-> 5695,
           type |-> "IntAlu",
           r0 |-> "s0",
           r1 |-> "sp",
           r2 |-> "",
           addr |-> "0x104f2" ],
     baseLat |-> 1,
     currLat |-> 1 ],
   [ instr |->
         [ ind |-> 5698,
           type |-> "MemWrite",
           r0 |-> "zero",
           r1 |-> "",
           r2 |-> "",
           addr |-> "0x104fc" ],
     baseLat |-> 10,
     currLat |-> 1 ],
   [ instr |->
         [ ind |-> 0,
           type |-> "No_OpClass",
           r0 |-> "",
           r1 |-> "",
           r2 |-> "",
           addr |-> "" ],
     baseLat |-> 1,
     currLat |-> 1 ],
   [ instr |->
         [ ind |-> 0,
           type |-> "No_OpClass",
           r0 |-> "",
           r1 |-> "",
           r2 |-> "",
           addr |-> "" ],
     baseLat |-> 1,
     currLat |-> 1 ],
   [ instr |->
         [ ind |-> 0,
           type |-> "No_OpClass",
           r0 |-> "",
           r1 |-> "",
           r2 |-> "",
           addr |-> "" ],
     baseLat |-> 1,
     currLat |-> 1 ] >>
/\ _COM = << [ ind |-> 5693,
     type |-> "IntAlu",
     r0 |-> "sp",
     r1 |-> "",
     r2 |-> "",
     addr |-> "0x104ee" ],
   [ ind |-> 5694,
     type |-> "MemWrite",
     r0 |-> "s0",
     r1 |-> "",
     r2 |-> "",
     addr |-> "0x104f0" ],
   [ ind |-> 0,
     type |-> "No_OpClass",
     r0 |-> "",
     r1 |-> "",
     r2 |-> "",
     addr |-> "" ],
   [ ind |-> 0,
     type |-> "No_OpClass",
     r0 |-> "",
     r1 |-> "",
     r2 |-> "",
     addr |-> "" ] >>
/\ exec_inst2 = 2
/\ _ID2 = << [ ind |-> 5703,
     type |-> "IntAlu",
     r0 |-> "a5",
     r1 |-> "a4",
     r2 |-> "",
     addr |-> "0x105d0" ],
   [ ind |-> 5704,
     type |-> "IntAlu",
     r0 |-> "a5",
     r1 |-> "",
     r2 |-> "",
     addr |-> "0x10502" ],
   [ ind |-> 5705,
     type |-> "MemWrite",
     r0 |-> "a5",
     r1 |-> "",
     r2 |-> "",
     addr |-> "0x10504" ],
   [ ind |-> 5706,
     type |-> "MemWrite",
     r0 |-> "zero",
     r1 |-> "",
     r2 |-> "",
     addr |-> "0x10508" ] >>
/\ graph = [ nodes |->
      << [ ind |-> 5687,
           addr |-> "0x105e2",
           IFacq |-> 1,
           IFrel |-> 2,
           IDacq |-> 2,
           IDrel |-> 3,
           FUacq |-> 3,
           FUrel |-> 4,
           COM |-> 4,
           ROB |-> 2,
           RS |-> 2,
           FU |-> 1 ],
         [ ind |-> 5688,
           addr |-> "0x105e4",
           IFacq |-> 1,
           IFrel |-> 2,
           IDacq |-> 2,
           IDrel |-> 3,
           FUacq |-> 3,
           FUrel |-> 4,
           COM |-> 4,
           ROB |-> 2,
           RS |-> 2,
           FU |-> 2 ],
         [ ind |-> 5689,
           addr |-> "0x105e6",
           IFacq |-> 1,
           IFrel |-> 2,
           IDacq |-> 2,
           IDrel |-> 3,
           FUacq |-> 4,
           FUrel |-> 5,
           COM |-> 5,
           ROB |-> 2,
           RS |-> 2,
           FU |-> 2 ],
         [ ind |-> 5690,
           addr |-> "0x105e8",
           IFacq |-> 1,
           IFrel |-> 2,
           IDacq |-> 2,
           IDrel |-> 3,
           FUacq |-> 4,
           FUrel |-> 5,
           COM |-> 5,
           ROB |-> 2,
           RS |-> 2,
           FU |-> 1 ],
         [ ind |-> 5691,
           addr |-> "0x105ea",
           IFacq |-> 2,
           IFrel |-> 3,
           IDacq |-> 3,
           IDrel |-> 4,
           FUacq |-> 5,
           FUrel |-> 6,
           COM |-> 6,
           ROB |-> 3,
           RS |-> 3,
           FU |-> 1 ],
         [ ind |-> 5692,
           addr |-> "0x105ee",
           IFacq |-> 2,
           IFrel |-> 3,
           IDacq |-> 3,
           IDrel |-> 4,
           FUacq |-> 6,
           FUrel |-> 7,
           COM |-> 7,
           ROB |-> 3,
           RS |-> 3,
           FU |-> 1 ],
         [ ind |-> 5693,
           addr |-> "0x104ee",
           IFacq |-> 2,
           IFrel |-> 3,
           IDacq |-> 3,
           IDrel |-> 4,
           FUacq |-> 7,
           FUrel |-> 8,
           COM |-> 0,
           ROB |-> 3,
           RS |-> 3,
           FU |-> 1 ],
         [ ind |-> 5694,
           addr |-> "0x104f0",
           IFacq |-> 2,
           IFrel |-> 3,
           IDacq |-> 3,
           IDrel |-> 4,
           FUacq |-> 5,
           FUrel |-> 6,
           COM |-> 0,
           ROB |-> 3,
           RS |-> 3,
           FU |-> 2 ],
         [ ind |-> 5695,
           addr |-> "0x104f2",
           IFacq |-> 3,
           IFrel |-> 4,
           IDacq |-> 4,
           IDrel |-> 5,
           FUacq |-> 0,
           FUrel |-> 0,
           COM |-> 0,
           ROB |-> 4,
           RS |-> 4,
           FU |-> 0 ],
         [ ind |-> 5696,
           addr |-> "0x104f4",
           IFacq |-> 3,
           IFrel |-> 4,
           IDacq |-> 4,
           IDrel |-> 5,
           FUacq |-> 6,
           FUrel |-> 7,
           COM |-> 0,
           ROB |-> 4,
           RS |-> 4,
           FU |-> 2 ],
         [ ind |-> 5697,
           addr |-> "0x104f8",
           IFacq |-> 3,
           IFrel |-> 4,
           IDacq |-> 4,
           IDrel |-> 5,
           FUacq |-> 7,
           FUrel |-> 8,
           COM |-> 0,
           ROB |-> 4,
           RS |-> 4,
           FU |-> 2 ],
         [ ind |-> 5698,
           addr |-> "0x104fc",
           IFacq |-> 3,
           IFrel |-> 4,
           IDacq |-> 4,
           IDrel |-> 5,
           FUacq |-> 0,
           FUrel |-> 0,
           COM |-> 0,
           ROB |-> 4,
           RS |-> 4,
           FU |-> 0 ],
         [ ind |-> 5699,
           addr |-> "0x10500",
           IFacq |-> 4,
           IFrel |-> 5,
           IDacq |-> 5,
           IDrel |-> 7,
           FUacq |-> 0,
           FUrel |-> 0,
           COM |-> 0,
           ROB |-> 6,
           RS |-> 6,
           FU |-> 0 ],
         [ ind |-> 5700,
           addr |-> "0x105c4",
           IFacq |-> 4,
           IFrel |-> 5,
           IDacq |-> 5,
           IDrel |-> 7,
           FUacq |-> 0,
           FUrel |-> 0,
           COM |-> 0,
           ROB |-> 6,
           RS |-> 6,
           FU |-> 0 ],
         [ ind |-> 5701,
           addr |-> "0x105c8",
           IFacq |-> 4,
           IFrel |-> 5,
           IDacq |-> 5,
           IDrel |-> 7,
           FUacq |-> 0,
           FUrel |-> 0,
           COM |-> 0,
           ROB |-> 6,
           RS |-> 6,
           FU |-> 0 ],
         [ ind |-> 5702,
           addr |-> "0x105cc",
           IFacq |-> 4,
           IFrel |-> 5,
           IDacq |-> 5,
           IDrel |-> 7,
           FUacq |-> 0,
           FUrel |-> 0,
           COM |-> 0,
           ROB |-> 6,
           RS |-> 6,
           FU |-> 0 ],
         [ ind |-> 5703,
           addr |-> "0x105d0",
           IFacq |-> 5,
           IFrel |-> 6,
           IDacq |-> 7,
           IDrel |-> 0,
           FUacq |-> 0,
           FUrel |-> 0,
           COM |-> 0,
           ROB |-> 0,
           RS |-> 7,
           FU |-> 0 ],
         [ ind |-> 5704,
           addr |-> "0x10502",
           IFacq |-> 5,
           IFrel |-> 6,
           IDacq |-> 7,
           IDrel |-> 0,
           FUacq |-> 0,
           FUrel |-> 0,
           COM |-> 0,
           ROB |-> 0,
           RS |-> 7,
           FU |-> 0 ],
         [ ind |-> 5705,
           addr |-> "0x10504",
           IFacq |-> 5,
           IFrel |-> 6,
           IDacq |-> 7,
           IDrel |-> 0,
           FUacq |-> 0,
           FUrel |-> 0,
           COM |-> 0,
           ROB |-> 0,
           RS |-> 7,
           FU |-> 0 ],
         [ ind |-> 5706,
           addr |-> "0x10508",
           IFacq |-> 5,
           IFrel |-> 6,
           IDacq |-> 7,
           IDrel |-> 0,
           FUacq |-> 0,
           FUrel |-> 0,
           COM |-> 0,
           ROB |-> 0,
           RS |-> 7,
           FU |-> 0 ],
         [ ind |-> 5707,
           addr |-> "0x1050c",
           IFacq |-> 7,
           IFrel |-> 8,
           IDacq |-> 0,
           IDrel |-> 0,
           FUacq |-> 0,
           FUrel |-> 0,
           COM |-> 0,
           ROB |-> 0,
           RS |-> 0,
           FU |-> 0 ],
         [ ind |-> 5708,
           addr |-> "0x1059e",
           IFacq |-> 7,
           IFrel |-> 8,
           IDacq |-> 0,
           IDrel |-> 0,
           FUacq |-> 0,
           FUrel |-> 0,
           COM |-> 0,
           ROB |-> 0,
           RS |-> 0,
           FU |-> 0 ],
         [ ind |-> 5709,
           addr |-> "0x105a2",
           IFacq |-> 7,
           IFrel |-> 8,
           IDacq |-> 0,
           IDrel |-> 0,
           FUacq |-> 0,
           FUrel |-> 0,
           COM |-> 0,
           ROB |-> 0,
           RS |-> 0,
           FU |-> 0 ],
         [ ind |-> 5710,
           addr |-> "0x105a6",
           IFacq |-> 7,
           IFrel |-> 8,
           IDacq |-> 0,
           IDrel |-> 0,
           FUacq |-> 0,
           FUrel |-> 0,
           COM |-> 0,
           ROB |-> 0,
           RS |-> 0,
           FU |-> 0 ] >>,
  edges |-> {[type |-> "D", source |-> 5687, dest |-> 5690]} ]
/\ currCycle2 = 8
/\ _IF2 = << [ instr |->
         [ ind |-> 5707,
           type |-> "IntAlu",
           r0 |-> "",
           r1 |-> "",
           r2 |-> "",
           addr |-> "0x1050c" ],
     baseLat |-> 1,
     currLat |-> 2 ],
   [ instr |->
         [ ind |-> 5708,
           type |-> "MemRead",
           r0 |-> "a5",
           r1 |-> "",
           r2 |-> "",
           addr |-> "0x1059e" ],
     baseLat |-> 1,
     currLat |-> 2 ],
   [ instr |->
         [ ind |-> 5709,
           type |-> "IntAlu",
           r0 |-> "a4",
           r1 |-> "a5",
           r2 |-> "",
           addr |-> "0x105a2" ],
     baseLat |-> 1,
     currLat |-> 2 ],
   [ instr |->
         [ ind |-> 5710,
           type |-> "IntAlu",
           r0 |-> "a5",
           r1 |-> "zero",
           r2 |-> "",
           addr |-> "0x105a6" ],
     baseLat |-> 1,
     currLat |-> 2 ] >>
/\ graph2 = [ nodes |->
      << [ ind |-> 5687,
           addr |-> "0x105e2",
           IFacq |-> 1,
           IFrel |-> 2,
           IDacq |-> 2,
           IDrel |-> 3,
           FUacq |-> 3,
           FUrel |-> 4,
           COM |-> 4,
           ROB |-> 2,
           RS |-> 2,
           FU |-> 1 ],
         [ ind |-> 5688,
           addr |-> "0x105e4",
           IFacq |-> 1,
           IFrel |-> 2,
           IDacq |-> 2,
           IDrel |-> 3,
           FUacq |-> 3,
           FUrel |-> 4,
           COM |-> 4,
           ROB |-> 2,
           RS |-> 2,
           FU |-> 2 ],
         [ ind |-> 5689,
           addr |-> "0x105e6",
           IFacq |-> 1,
           IFrel |-> 2,
           IDacq |-> 2,
           IDrel |-> 3,
           FUacq |-> 4,
           FUrel |-> 5,
           COM |-> 5,
           ROB |-> 2,
           RS |-> 2,
           FU |-> 2 ],
         [ ind |-> 5690,
           addr |-> "0x105e8",
           IFacq |-> 1,
           IFrel |-> 2,
           IDacq |-> 2,
           IDrel |-> 3,
           FUacq |-> 4,
           FUrel |-> 5,
           COM |-> 5,
           ROB |-> 2,
           RS |-> 2,
           FU |-> 1 ],
         [ ind |-> 5691,
           addr |-> "0x105ea",
           IFacq |-> 2,
           IFrel |-> 3,
           IDacq |-> 3,
           IDrel |-> 4,
           FUacq |-> 5,
           FUrel |-> 6,
           COM |-> 6,
           ROB |-> 3,
           RS |-> 3,
           FU |-> 1 ],
         [ ind |-> 5692,
           addr |-> "0x105ee",
           IFacq |-> 2,
           IFrel |-> 3,
           IDacq |-> 3,
           IDrel |-> 4,
           FUacq |-> 6,
           FUrel |-> 7,
           COM |-> 7,
           ROB |-> 3,
           RS |-> 3,
           FU |-> 1 ],
         [ ind |-> 5693,
           addr |-> "0x104ee",
           IFacq |-> 2,
           IFrel |-> 3,
           IDacq |-> 3,
           IDrel |-> 4,
           FUacq |-> 7,
           FUrel |-> 8,
           COM |-> 0,
           ROB |-> 3,
           RS |-> 3,
           FU |-> 1 ],
         [ ind |-> 5694,
           addr |-> "0x104f0",
           IFacq |-> 2,
           IFrel |-> 3,
           IDacq |-> 3,
           IDrel |-> 4,
           FUacq |-> 5,
           FUrel |-> 6,
           COM |-> 0,
           ROB |-> 3,
           RS |-> 3,
           FU |-> 2 ],
         [ ind |-> 5695,
           addr |-> "0x104f2",
           IFacq |-> 3,
           IFrel |-> 4,
           IDacq |-> 4,
           IDrel |-> 5,
           FUacq |-> 0,
           FUrel |-> 0,
           COM |-> 0,
           ROB |-> 4,
           RS |-> 4,
           FU |-> 0 ],
         [ ind |-> 5696,
           addr |-> "0x104f4",
           IFacq |-> 3,
           IFrel |-> 4,
           IDacq |-> 4,
           IDrel |-> 5,
           FUacq |-> 6,
           FUrel |-> 7,
           COM |-> 0,
           ROB |-> 4,
           RS |-> 4,
           FU |-> 2 ],
         [ ind |-> 5697,
           addr |-> "0x104f8",
           IFacq |-> 3,
           IFrel |-> 4,
           IDacq |-> 4,
           IDrel |-> 5,
           FUacq |-> 7,
           FUrel |-> 8,
           COM |-> 0,
           ROB |-> 4,
           RS |-> 4,
           FU |-> 2 ],
         [ ind |-> 5698,
           addr |-> "0x104fc",
           IFacq |-> 3,
           IFrel |-> 4,
           IDacq |-> 4,
           IDrel |-> 5,
           FUacq |-> 0,
           FUrel |-> 0,
           COM |-> 0,
           ROB |-> 4,
           RS |-> 4,
           FU |-> 0 ],
         [ ind |-> 5699,
           addr |-> "0x10500",
           IFacq |-> 4,
           IFrel |-> 5,
           IDacq |-> 5,
           IDrel |-> 7,
           FUacq |-> 0,
           FUrel |-> 0,
           COM |-> 0,
           ROB |-> 6,
           RS |-> 6,
           FU |-> 0 ],
         [ ind |-> 5700,
           addr |-> "0x105c4",
           IFacq |-> 4,
           IFrel |-> 5,
           IDacq |-> 5,
           IDrel |-> 7,
           FUacq |-> 0,
           FUrel |-> 0,
           COM |-> 0,
           ROB |-> 6,
           RS |-> 6,
           FU |-> 0 ],
         [ ind |-> 5701,
           addr |-> "0x105c8",
           IFacq |-> 4,
           IFrel |-> 5,
           IDacq |-> 5,
           IDrel |-> 7,
           FUacq |-> 0,
           FUrel |-> 0,
           COM |-> 0,
           ROB |-> 6,
           RS |-> 6,
           FU |-> 0 ],
         [ ind |-> 5702,
           addr |-> "0x105cc",
           IFacq |-> 4,
           IFrel |-> 5,
           IDacq |-> 5,
           IDrel |-> 7,
           FUacq |-> 0,
           FUrel |-> 0,
           COM |-> 0,
           ROB |-> 6,
           RS |-> 6,
           FU |-> 0 ],
         [ ind |-> 5703,
           addr |-> "0x105d0",
           IFacq |-> 5,
           IFrel |-> 6,
           IDacq |-> 7,
           IDrel |-> 0,
           FUacq |-> 0,
           FUrel |-> 0,
           COM |-> 0,
           ROB |-> 0,
           RS |-> 7,
           FU |-> 0 ],
         [ ind |-> 5704,
           addr |-> "0x10502",
           IFacq |-> 5,
           IFrel |-> 6,
           IDacq |-> 7,
           IDrel |-> 0,
           FUacq |-> 0,
           FUrel |-> 0,
           COM |-> 0,
           ROB |-> 0,
           RS |-> 7,
           FU |-> 0 ],
         [ ind |-> 5705,
           addr |-> "0x10504",
           IFacq |-> 5,
           IFrel |-> 6,
           IDacq |-> 7,
           IDrel |-> 0,
           FUacq |-> 0,
           FUrel |-> 0,
           COM |-> 0,
           ROB |-> 0,
           RS |-> 7,
           FU |-> 0 ],
         [ ind |-> 5706,
           addr |-> "0x10508",
           IFacq |-> 5,
           IFrel |-> 6,
           IDacq |-> 7,
           IDrel |-> 0,
           FUacq |-> 0,
           FUrel |-> 0,
           COM |-> 0,
           ROB |-> 0,
           RS |-> 7,
           FU |-> 0 ],
         [ ind |-> 5707,
           addr |-> "0x1050c",
           IFacq |-> 7,
           IFrel |-> 8,
           IDacq |-> 0,
           IDrel |-> 0,
           FUacq |-> 0,
           FUrel |-> 0,
           COM |-> 0,
           ROB |-> 0,
           RS |-> 0,
           FU |-> 0 ],
         [ ind |-> 5708,
           addr |-> "0x1059e",
           IFacq |-> 7,
           IFrel |-> 8,
           IDacq |-> 0,
           IDrel |-> 0,
           FUacq |-> 0,
           FUrel |-> 0,
           COM |-> 0,
           ROB |-> 0,
           RS |-> 0,
           FU |-> 0 ],
         [ ind |-> 5709,
           addr |-> "0x105a2",
           IFacq |-> 7,
           IFrel |-> 8,
           IDacq |-> 0,
           IDrel |-> 0,
           FUacq |-> 0,
           FUrel |-> 0,
           COM |-> 0,
           ROB |-> 0,
           RS |-> 0,
           FU |-> 0 ],
         [ ind |-> 5710,
           addr |-> "0x105a6",
           IFacq |-> 7,
           IFrel |-> 8,
           IDacq |-> 0,
           IDrel |-> 0,
           FUacq |-> 0,
           FUrel |-> 0,
           COM |-> 0,
           ROB |-> 0,
           RS |-> 0,
           FU |-> 0 ] >>,
  edges |-> {[type |-> "D", source |-> 5687, dest |-> 5690]} ]
/\ pc2 = 24
/\ robHead = 7
/\ rob = << [ instr |->
         [ ind |-> 5687,
           type |-> "IntAlu",
           r0 |-> "sp",
           r1 |-> "",
           r2 |-> "",
           addr |-> "0x105e2" ],
     executed |-> TRUE,
     done |-> TRUE ],
   [ instr |->
         [ ind |-> 5688,
           type |-> "MemWrite",
           r0 |-> "ra",
           r1 |-> "",
           r2 |-> "",
           addr |-> "0x105e4" ],
     executed |-> TRUE,
     done |-> TRUE ],
   [ instr |->
         [ ind |-> 5689,
           type |-> "MemWrite",
           r0 |-> "s0",
           r1 |-> "",
           r2 |-> "",
           addr |-> "0x105e6" ],
     executed |-> TRUE,
     done |-> TRUE ],
   [ instr |->
         [ ind |-> 5690,
           type |-> "IntAlu",
           r0 |-> "s0",
           r1 |-> "sp",
           r2 |-> "",
           addr |-> "0x105e8" ],
     executed |-> TRUE,
     done |-> TRUE ],
   [ instr |->
         [ ind |-> 5691,
           type |-> "IntAlu",
           r0 |-> "a0",
           r1 |-> "gp",
           r2 |-> "",
           addr |-> "0x105ea" ],
     executed |-> TRUE,
     done |-> TRUE ],
   [ instr |->
         [ ind |-> 5692,
           type |-> "IntAlu",
           r0 |-> "ra",
           r1 |-> "",
           r2 |-> "",
           addr |-> "0x105ee" ],
     executed |-> TRUE,
     done |-> TRUE ],
   [ instr |->
         [ ind |-> 5693,
           type |-> "IntAlu",
           r0 |-> "sp",
           r1 |-> "",
           r2 |-> "",
           addr |-> "0x104ee" ],
     executed |-> TRUE,
     done |-> FALSE ],
   [ instr |->
         [ ind |-> 5694,
           type |-> "MemWrite",
           r0 |-> "s0",
           r1 |-> "",
           r2 |-> "",
           addr |-> "0x104f0" ],
     executed |-> TRUE,
     done |-> FALSE ],
   [ instr |->
         [ ind |-> 5695,
           type |-> "IntAlu",
           r0 |-> "s0",
           r1 |-> "sp",
           r2 |-> "",
           addr |-> "0x104f2" ],
     executed |-> FALSE,
     done |-> FALSE ],
   [ instr |->
         [ ind |-> 5696,
           type |-> "MemWrite",
           r0 |-> "a0",
           r1 |-> "",
           r2 |-> "",
           addr |-> "0x104f4" ],
     executed |-> TRUE,
     done |-> FALSE ],
   [ instr |->
         [ ind |-> 5697,
           type |-> "MemWrite",
           r0 |-> "zero",
           r1 |-> "",
           r2 |-> "",
           addr |-> "0x104f8" ],
     executed |-> TRUE,
     done |-> FALSE ],
   [ instr |->
         [ ind |-> 5698,
           type |-> "MemWrite",
           r0 |-> "zero",
           r1 |-> "",
           r2 |-> "",
           addr |-> "0x104fc" ],
     executed |-> FALSE,
     done |-> FALSE ],
   [ instr |->
         [ ind |-> 5699,
           type |-> "IntAlu",
           r0 |-> "",
           r1 |-> "",
           r2 |-> "",
           addr |-> "0x10500" ],
     executed |-> FALSE,
     done |-> FALSE ],
   [ instr |->
         [ ind |-> 5700,
           type |-> "MemRead",
           r0 |-> "a5",
           r1 |-> "",
           r2 |-> "",
           addr |-> "0x105c4" ],
     executed |-> FALSE,
     done |-> FALSE ],
   [ instr |->
         [ ind |-> 5701,
           type |-> "IntAlu",
           r0 |-> "a4",
           r1 |-> "a5",
           r2 |-> "",
           addr |-> "0x105c8" ],
     executed |-> FALSE,
     done |-> FALSE ],
   [ instr |->
         [ ind |-> 5702,
           type |-> "IntAlu",
           r0 |-> "a5",
           r1 |-> "zero",
           r2 |-> "",
           addr |-> "0x105cc" ],
     executed |-> FALSE,
     done |-> FALSE ] >>
/\ _RS = << { [ ind |-> 5699,
       type |-> "IntAlu",
       r0 |-> "",
       r1 |-> "",
       r2 |-> "",
       addr |-> "0x10500" ],
     [ ind |-> 5701,
       type |-> "IntAlu",
       r0 |-> "a4",
       r1 |-> "a5",
       r2 |-> "",
       addr |-> "0x105c8" ],
     [ ind |-> 5702,
       type |-> "IntAlu",
       r0 |-> "a5",
       r1 |-> "zero",
       r2 |-> "",
       addr |-> "0x105cc" ] },
   { [ ind |-> 5700,
       type |-> "MemRead",
       r0 |-> "a5",
       r1 |-> "",
       r2 |-> "",
       addr |-> "0x105c4" ] },
   {},
   {},
   {} >>
/\ currCycle = 8
/\ exec_inst = 1
/\ robHead2 = 7
/\ pc = 24
/\ cpt = 0
/\ rob2 = << [ instr |->
         [ ind |-> 5687,
           type |-> "IntAlu",
           r0 |-> "sp",
           r1 |-> "",
           r2 |-> "",
           addr |-> "0x105e2" ],
     executed |-> TRUE,
     done |-> TRUE ],
   [ instr |->
         [ ind |-> 5688,
           type |-> "MemWrite",
           r0 |-> "ra",
           r1 |-> "",
           r2 |-> "",
           addr |-> "0x105e4" ],
     executed |-> TRUE,
     done |-> TRUE ],
   [ instr |->
         [ ind |-> 5689,
           type |-> "MemWrite",
           r0 |-> "s0",
           r1 |-> "",
           r2 |-> "",
           addr |-> "0x105e6" ],
     executed |-> TRUE,
     done |-> TRUE ],
   [ instr |->
         [ ind |-> 5690,
           type |-> "IntAlu",
           r0 |-> "s0",
           r1 |-> "sp",
           r2 |-> "",
           addr |-> "0x105e8" ],
     executed |-> TRUE,
     done |-> TRUE ],
   [ instr |->
         [ ind |-> 5691,
           type |-> "IntAlu",
           r0 |-> "a0",
           r1 |-> "gp",
           r2 |-> "",
           addr |-> "0x105ea" ],
     executed |-> TRUE,
     done |-> TRUE ],
   [ instr |->
         [ ind |-> 5692,
           type |-> "IntAlu",
           r0 |-> "ra",
           r1 |-> "",
           r2 |-> "",
           addr |-> "0x105ee" ],
     executed |-> TRUE,
     done |-> TRUE ],
   [ instr |->
         [ ind |-> 5693,
           type |-> "IntAlu",
           r0 |-> "sp",
           r1 |-> "",
           r2 |-> "",
           addr |-> "0x104ee" ],
     executed |-> TRUE,
     done |-> FALSE ],
   [ instr |->
         [ ind |-> 5694,
           type |-> "MemWrite",
           r0 |-> "s0",
           r1 |-> "",
           r2 |-> "",
           addr |-> "0x104f0" ],
     executed |-> TRUE,
     done |-> FALSE ],
   [ instr |->
         [ ind |-> 5695,
           type |-> "IntAlu",
           r0 |-> "s0",
           r1 |-> "sp",
           r2 |-> "",
           addr |-> "0x104f2" ],
     executed |-> FALSE,
     done |-> FALSE ],
   [ instr |->
         [ ind |-> 5696,
           type |-> "MemWrite",
           r0 |-> "a0",
           r1 |-> "",
           r2 |-> "",
           addr |-> "0x104f4" ],
     executed |-> TRUE,
     done |-> FALSE ],
   [ instr |->
         [ ind |-> 5697,
           type |-> "MemWrite",
           r0 |-> "zero",
           r1 |-> "",
           r2 |-> "",
           addr |-> "0x104f8" ],
     executed |-> TRUE,
     done |-> FALSE ],
   [ instr |->
         [ ind |-> 5698,
           type |-> "MemWrite",
           r0 |-> "zero",
           r1 |-> "",
           r2 |-> "",
           addr |-> "0x104fc" ],
     executed |-> FALSE,
     done |-> FALSE ],
   [ instr |->
         [ ind |-> 5699,
           type |-> "IntAlu",
           r0 |-> "",
           r1 |-> "",
           r2 |-> "",
           addr |-> "0x10500" ],
     executed |-> FALSE,
     done |-> FALSE ],
   [ instr |->
         [ ind |-> 5700,
           type |-> "MemRead",
           r0 |-> "a5",
           r1 |-> "",
           r2 |-> "",
           addr |-> "0x105c4" ],
     executed |-> FALSE,
     done |-> FALSE ],
   [ instr |->
         [ ind |-> 5701,
           type |-> "IntAlu",
           r0 |-> "a4",
           r1 |-> "a5",
           r2 |-> "",
           addr |-> "0x105c8" ],
     executed |-> FALSE,
     done |-> FALSE ],
   [ instr |->
         [ ind |-> 5702,
           type |-> "IntAlu",
           r0 |-> "a5",
           r1 |-> "zero",
           r2 |-> "",
           addr |-> "0x105cc" ],
     executed |-> FALSE,
     done |-> FALSE ] >>
/\ _FU = << [ instr |->
         [ ind |-> 5695,
           type |-> "IntAlu",
           r0 |-> "s0",
           r1 |-> "sp",
           r2 |-> "",
           addr |-> "0x104f2" ],
     baseLat |-> 1,
     currLat |-> 1 ],
   [ instr |->
         [ ind |-> 5698,
           type |-> "MemWrite",
           r0 |-> "zero",
           r1 |-> "",
           r2 |-> "",
           addr |-> "0x104fc" ],
     baseLat |-> 1,
     currLat |-> 1 ],
   [ instr |->
         [ ind |-> 0,
           type |-> "No_OpClass",
           r0 |-> "",
           r1 |-> "",
           r2 |-> "",
           addr |-> "" ],
     baseLat |-> 1,
     currLat |-> 1 ],
   [ instr |->
         [ ind |-> 0,
           type |-> "No_OpClass",
           r0 |-> "",
           r1 |-> "",
           r2 |-> "",
           addr |-> "" ],
     baseLat |-> 1,
     currLat |-> 1 ],
   [ instr |->
         [ ind |-> 0,
           type |-> "No_OpClass",
           r0 |-> "",
           r1 |-> "",
           r2 |-> "",
           addr |-> "" ],
     baseLat |-> 1,
     currLat |-> 1 ] >>

@!@!@ENDMSG 2217 @!@!@
@!@!@STARTMSG 2217:4 @!@!@
10: <Next line 60, col 9 to line 65, col 35 of module pipeline_ooo>
/\ _RS2 = << { [ ind |-> 5701,
       type |-> "IntAlu",
       r0 |-> "a4",
       r1 |-> "a5",
       r2 |-> "",
       addr |-> "0x105c8" ],
     [ ind |-> 5702,
       type |-> "IntAlu",
       r0 |-> "a5",
       r1 |-> "zero",
       r2 |-> "",
       addr |-> "0x105cc" ] },
   { [ ind |-> 5700,
       type |-> "MemRead",
       r0 |-> "a5",
       r1 |-> "",
       r2 |-> "",
       addr |-> "0x105c4" ] },
   {},
   {},
   {} >>
/\ _COM2 = << [ ind |-> 5695,
     type |-> "IntAlu",
     r0 |-> "s0",
     r1 |-> "sp",
     r2 |-> "",
     addr |-> "0x104f2" ],
   [ ind |-> 5696,
     type |-> "MemWrite",
     r0 |-> "a0",
     r1 |-> "",
     r2 |-> "",
     addr |-> "0x104f4" ],
   [ ind |-> 5697,
     type |-> "MemWrite",
     r0 |-> "zero",
     r1 |-> "",
     r2 |-> "",
     addr |-> "0x104f8" ],
   [ ind |-> 0,
     type |-> "No_OpClass",
     r0 |-> "",
     r1 |-> "",
     r2 |-> "",
     addr |-> "" ] >>
/\ _ID = << [ ind |-> 5703,
     type |-> "IntAlu",
     r0 |-> "a5",
     r1 |-> "a4",
     r2 |-> "",
     addr |-> "0x105d0" ],
   [ ind |-> 5704,
     type |-> "IntAlu",
     r0 |-> "a5",
     r1 |-> "",
     r2 |-> "",
     addr |-> "0x10502" ],
   [ ind |-> 5705,
     type |-> "MemWrite",
     r0 |-> "a5",
     r1 |-> "",
     r2 |-> "",
     addr |-> "0x10504" ],
   [ ind |-> 5706,
     type |-> "MemWrite",
     r0 |-> "zero",
     r1 |-> "",
     r2 |-> "",
     addr |-> "0x10508" ] >>
/\ _IF = << [ instr |->
         [ ind |-> 5707,
           type |-> "IntAlu",
           r0 |-> "",
           r1 |-> "",
           r2 |-> "",
           addr |-> "0x1050c" ],
     baseLat |-> 1,
     currLat |-> 3 ],
   [ instr |->
         [ ind |-> 5708,
           type |-> "MemRead",
           r0 |-> "a5",
           r1 |-> "",
           r2 |-> "",
           addr |-> "0x1059e" ],
     baseLat |-> 1,
     currLat |-> 3 ],
   [ instr |->
         [ ind |-> 5709,
           type |-> "IntAlu",
           r0 |-> "a4",
           r1 |-> "a5",
           r2 |-> "",
           addr |-> "0x105a2" ],
     baseLat |-> 1,
     currLat |-> 3 ],
   [ instr |->
         [ ind |-> 5710,
           type |-> "IntAlu",
           r0 |-> "a5",
           r1 |-> "zero",
           r2 |-> "",
           addr |-> "0x105a6" ],
     baseLat |-> 1,
     currLat |-> 3 ] >>
/\ _FU2 = << [ instr |->
         [ ind |-> 5699,
           type |-> "IntAlu",
           r0 |-> "",
           r1 |-> "",
           r2 |-> "",
           addr |-> "0x10500" ],
     baseLat |-> 1,
     currLat |-> 1 ],
   [ instr |->
         [ ind |-> 5698,
           type |-> "MemWrite",
           r0 |-> "zero",
           r1 |-> "",
           r2 |-> "",
           addr |-> "0x104fc" ],
     baseLat |-> 10,
     currLat |-> 2 ],
   [ instr |->
         [ ind |-> 0,
           type |-> "No_OpClass",
           r0 |-> "",
           r1 |-> "",
           r2 |-> "",
           addr |-> "" ],
     baseLat |-> 1,
     currLat |-> 1 ],
   [ instr |->
         [ ind |-> 0,
           type |-> "No_OpClass",
           r0 |-> "",
           r1 |-> "",
           r2 |-> "",
           addr |-> "" ],
     baseLat |-> 1,
     currLat |-> 1 ],
   [ instr |->
         [ ind |-> 0,
           type |-> "No_OpClass",
           r0 |-> "",
           r1 |-> "",
           r2 |-> "",
           addr |-> "" ],
     baseLat |-> 1,
     currLat |-> 1 ] >>
/\ _COM = << [ ind |-> 5695,
     type |-> "IntAlu",
     r0 |-> "s0",
     r1 |-> "sp",
     r2 |-> "",
     addr |-> "0x104f2" ],
   [ ind |-> 5696,
     type |-> "MemWrite",
     r0 |-> "a0",
     r1 |-> "",
     r2 |-> "",
     addr |-> "0x104f4" ],
   [ ind |-> 5697,
     type |-> "MemWrite",
     r0 |-> "zero",
     r1 |-> "",
     r2 |-> "",
     addr |-> "0x104f8" ],
   [ ind |-> 5698,
     type |-> "MemWrite",
     r0 |-> "zero",
     r1 |-> "",
     r2 |-> "",
     addr |-> "0x104fc" ] >>
/\ exec_inst2 = 2
/\ _ID2 = << [ ind |-> 5703,
     type |-> "IntAlu",
     r0 |-> "a5",
     r1 |-> "a4",
     r2 |-> "",
     addr |-> "0x105d0" ],
   [ ind |-> 5704,
     type |-> "IntAlu",
     r0 |-> "a5",
     r1 |-> "",
     r2 |-> "",
     addr |-> "0x10502" ],
   [ ind |-> 5705,
     type |-> "MemWrite",
     r0 |-> "a5",
     r1 |-> "",
     r2 |-> "",
     addr |-> "0x10504" ],
   [ ind |-> 5706,
     type |-> "MemWrite",
     r0 |-> "zero",
     r1 |-> "",
     r2 |-> "",
     addr |-> "0x10508" ] >>
/\ graph = [ nodes |->
      << [ ind |-> 5687,
           addr |-> "0x105e2",
           IFacq |-> 1,
           IFrel |-> 2,
           IDacq |-> 2,
           IDrel |-> 3,
           FUacq |-> 3,
           FUrel |-> 4,
           COM |-> 4,
           ROB |-> 2,
           RS |-> 2,
           FU |-> 1 ],
         [ ind |-> 5688,
           addr |-> "0x105e4",
           IFacq |-> 1,
           IFrel |-> 2,
           IDacq |-> 2,
           IDrel |-> 3,
           FUacq |-> 3,
           FUrel |-> 4,
           COM |-> 4,
           ROB |-> 2,
           RS |-> 2,
           FU |-> 2 ],
         [ ind |-> 5689,
           addr |-> "0x105e6",
           IFacq |-> 1,
           IFrel |-> 2,
           IDacq |-> 2,
           IDrel |-> 3,
           FUacq |-> 4,
           FUrel |-> 5,
           COM |-> 5,
           ROB |-> 2,
           RS |-> 2,
           FU |-> 2 ],
         [ ind |-> 5690,
           addr |-> "0x105e8",
           IFacq |-> 1,
           IFrel |-> 2,
           IDacq |-> 2,
           IDrel |-> 3,
           FUacq |-> 4,
           FUrel |-> 5,
           COM |-> 5,
           ROB |-> 2,
           RS |-> 2,
           FU |-> 1 ],
         [ ind |-> 5691,
           addr |-> "0x105ea",
           IFacq |-> 2,
           IFrel |-> 3,
           IDacq |-> 3,
           IDrel |-> 4,
           FUacq |-> 5,
           FUrel |-> 6,
           COM |-> 6,
           ROB |-> 3,
           RS |-> 3,
           FU |-> 1 ],
         [ ind |-> 5692,
           addr |-> "0x105ee",
           IFacq |-> 2,
           IFrel |-> 3,
           IDacq |-> 3,
           IDrel |-> 4,
           FUacq |-> 6,
           FUrel |-> 7,
           COM |-> 7,
           ROB |-> 3,
           RS |-> 3,
           FU |-> 1 ],
         [ ind |-> 5693,
           addr |-> "0x104ee",
           IFacq |-> 2,
           IFrel |-> 3,
           IDacq |-> 3,
           IDrel |-> 4,
           FUacq |-> 7,
           FUrel |-> 8,
           COM |-> 8,
           ROB |-> 3,
           RS |-> 3,
           FU |-> 1 ],
         [ ind |-> 5694,
           addr |-> "0x104f0",
           IFacq |-> 2,
           IFrel |-> 3,
           IDacq |-> 3,
           IDrel |-> 4,
           FUacq |-> 5,
           FUrel |-> 6,
           COM |-> 8,
           ROB |-> 3,
           RS |-> 3,
           FU |-> 2 ],
         [ ind |-> 5695,
           addr |-> "0x104f2",
           IFacq |-> 3,
           IFrel |-> 4,
           IDacq |-> 4,
           IDrel |-> 5,
           FUacq |-> 8,
           FUrel |-> 9,
           COM |-> 0,
           ROB |-> 4,
           RS |-> 4,
           FU |-> 1 ],
         [ ind |-> 5696,
           addr |-> "0x104f4",
           IFacq |-> 3,
           IFrel |-> 4,
           IDacq |-> 4,
           IDrel |-> 5,
           FUacq |-> 6,
           FUrel |-> 7,
           COM |-> 0,
           ROB |-> 4,
           RS |-> 4,
           FU |-> 2 ],
         [ ind |-> 5697,
           addr |-> "0x104f8",
           IFacq |-> 3,
           IFrel |-> 4,
           IDacq |-> 4,
           IDrel |-> 5,
           FUacq |-> 7,
           FUrel |-> 8,
           COM |-> 0,
           ROB |-> 4,
           RS |-> 4,
           FU |-> 2 ],
         [ ind |-> 5698,
           addr |-> "0x104fc",
           IFacq |-> 3,
           IFrel |-> 4,
           IDacq |-> 4,
           IDrel |-> 5,
           FUacq |-> 8,
           FUrel |-> 9,
           COM |-> 0,
           ROB |-> 4,
           RS |-> 4,
           FU |-> 2 ],
         [ ind |-> 5699,
           addr |-> "0x10500",
           IFacq |-> 4,
           IFrel |-> 5,
           IDacq |-> 5,
           IDrel |-> 7,
           FUacq |-> 0,
           FUrel |-> 0,
           COM |-> 0,
           ROB |-> 6,
           RS |-> 6,
           FU |-> 0 ],
         [ ind |-> 5700,
           addr |-> "0x105c4",
           IFacq |-> 4,
           IFrel |-> 5,
           IDacq |-> 5,
           IDrel |-> 7,
           FUacq |-> 0,
           FUrel |-> 0,
           COM |-> 0,
           ROB |-> 6,
           RS |-> 6,
           FU |-> 0 ],
         [ ind |-> 5701,
           addr |-> "0x105c8",
           IFacq |-> 4,
           IFrel |-> 5,
           IDacq |-> 5,
           IDrel |-> 7,
           FUacq |-> 0,
           FUrel |-> 0,
           COM |-> 0,
           ROB |-> 6,
           RS |-> 6,
           FU |-> 0 ],
         [ ind |-> 5702,
           addr |-> "0x105cc",
           IFacq |-> 4,
           IFrel |-> 5,
           IDacq |-> 5,
           IDrel |-> 7,
           FUacq |-> 0,
           FUrel |-> 0,
           COM |-> 0,
           ROB |-> 6,
           RS |-> 6,
           FU |-> 0 ],
         [ ind |-> 5703,
           addr |-> "0x105d0",
           IFacq |-> 5,
           IFrel |-> 6,
           IDacq |-> 7,
           IDrel |-> 0,
           FUacq |-> 0,
           FUrel |-> 0,
           COM |-> 0,
           ROB |-> 0,
           RS |-> 8,
           FU |-> 0 ],
         [ ind |-> 5704,
           addr |-> "0x10502",
           IFacq |-> 5,
           IFrel |-> 6,
           IDacq |-> 7,
           IDrel |-> 0,
           FUacq |-> 0,
           FUrel |-> 0,
           COM |-> 0,
           ROB |-> 0,
           RS |-> 8,
           FU |-> 0 ],
         [ ind |-> 5705,
           addr |-> "0x10504",
           IFacq |-> 5,
           IFrel |-> 6,
           IDacq |-> 7,
           IDrel |-> 0,
           FUacq |-> 0,
           FUrel |-> 0,
           COM |-> 0,
           ROB |-> 0,
           RS |-> 8,
           FU |-> 0 ],
         [ ind |-> 5706,
           addr |-> "0x10508",
           IFacq |-> 5,
           IFrel |-> 6,
           IDacq |-> 7,
           IDrel |-> 0,
           FUacq |-> 0,
           FUrel |-> 0,
           COM |-> 0,
           ROB |-> 0,
           RS |-> 8,
           FU |-> 0 ],
         [ ind |-> 5707,
           addr |-> "0x1050c",
           IFacq |-> 7,
           IFrel |-> 8,
           IDacq |-> 0,
           IDrel |-> 0,
           FUacq |-> 0,
           FUrel |-> 0,
           COM |-> 0,
           ROB |-> 0,
           RS |-> 0,
           FU |-> 0 ],
         [ ind |-> 5708,
           addr |-> "0x1059e",
           IFacq |-> 7,
           IFrel |-> 8,
           IDacq |-> 0,
           IDrel |-> 0,
           FUacq |-> 0,
           FUrel |-> 0,
           COM |-> 0,
           ROB |-> 0,
           RS |-> 0,
           FU |-> 0 ],
         [ ind |-> 5709,
           addr |-> "0x105a2",
           IFacq |-> 7,
           IFrel |-> 8,
           IDacq |-> 0,
           IDrel |-> 0,
           FUacq |-> 0,
           FUrel |-> 0,
           COM |-> 0,
           ROB |-> 0,
           RS |-> 0,
           FU |-> 0 ],
         [ ind |-> 5710,
           addr |-> "0x105a6",
           IFacq |-> 7,
           IFrel |-> 8,
           IDacq |-> 0,
           IDrel |-> 0,
           FUacq |-> 0,
           FUrel |-> 0,
           COM |-> 0,
           ROB |-> 0,
           RS |-> 0,
           FU |-> 0 ] >>,
  edges |->
      { [type |-> "D", source |-> 5687, dest |-> 5690],
        [type |-> "D", source |-> 5693, dest |-> 5695] } ]
/\ currCycle2 = 9
/\ _IF2 = << [ instr |->
         [ ind |-> 5707,
           type |-> "IntAlu",
           r0 |-> "",
           r1 |-> "",
           r2 |-> "",
           addr |-> "0x1050c" ],
     baseLat |-> 1,
     currLat |-> 3 ],
   [ instr |->
         [ ind |-> 5708,
           type |-> "MemRead",
           r0 |-> "a5",
           r1 |-> "",
           r2 |-> "",
           addr |-> "0x1059e" ],
     baseLat |-> 1,
     currLat |-> 3 ],
   [ instr |->
         [ ind |-> 5709,
           type |-> "IntAlu",
           r0 |-> "a4",
           r1 |-> "a5",
           r2 |-> "",
           addr |-> "0x105a2" ],
     baseLat |-> 1,
     currLat |-> 3 ],
   [ instr |->
         [ ind |-> 5710,
           type |-> "IntAlu",
           r0 |-> "a5",
           r1 |-> "zero",
           r2 |-> "",
           addr |-> "0x105a6" ],
     baseLat |-> 1,
     currLat |-> 3 ] >>
/\ graph2 = [ nodes |->
      << [ ind |-> 5687,
           addr |-> "0x105e2",
           IFacq |-> 1,
           IFrel |-> 2,
           IDacq |-> 2,
           IDrel |-> 3,
           FUacq |-> 3,
           FUrel |-> 4,
           COM |-> 4,
           ROB |-> 2,
           RS |-> 2,
           FU |-> 1 ],
         [ ind |-> 5688,
           addr |-> "0x105e4",
           IFacq |-> 1,
           IFrel |-> 2,
           IDacq |-> 2,
           IDrel |-> 3,
           FUacq |-> 3,
           FUrel |-> 4,
           COM |-> 4,
           ROB |-> 2,
           RS |-> 2,
           FU |-> 2 ],
         [ ind |-> 5689,
           addr |-> "0x105e6",
           IFacq |-> 1,
           IFrel |-> 2,
           IDacq |-> 2,
           IDrel |-> 3,
           FUacq |-> 4,
           FUrel |-> 5,
           COM |-> 5,
           ROB |-> 2,
           RS |-> 2,
           FU |-> 2 ],
         [ ind |-> 5690,
           addr |-> "0x105e8",
           IFacq |-> 1,
           IFrel |-> 2,
           IDacq |-> 2,
           IDrel |-> 3,
           FUacq |-> 4,
           FUrel |-> 5,
           COM |-> 5,
           ROB |-> 2,
           RS |-> 2,
           FU |-> 1 ],
         [ ind |-> 5691,
           addr |-> "0x105ea",
           IFacq |-> 2,
           IFrel |-> 3,
           IDacq |-> 3,
           IDrel |-> 4,
           FUacq |-> 5,
           FUrel |-> 6,
           COM |-> 6,
           ROB |-> 3,
           RS |-> 3,
           FU |-> 1 ],
         [ ind |-> 5692,
           addr |-> "0x105ee",
           IFacq |-> 2,
           IFrel |-> 3,
           IDacq |-> 3,
           IDrel |-> 4,
           FUacq |-> 6,
           FUrel |-> 7,
           COM |-> 7,
           ROB |-> 3,
           RS |-> 3,
           FU |-> 1 ],
         [ ind |-> 5693,
           addr |-> "0x104ee",
           IFacq |-> 2,
           IFrel |-> 3,
           IDacq |-> 3,
           IDrel |-> 4,
           FUacq |-> 7,
           FUrel |-> 8,
           COM |-> 8,
           ROB |-> 3,
           RS |-> 3,
           FU |-> 1 ],
         [ ind |-> 5694,
           addr |-> "0x104f0",
           IFacq |-> 2,
           IFrel |-> 3,
           IDacq |-> 3,
           IDrel |-> 4,
           FUacq |-> 5,
           FUrel |-> 6,
           COM |-> 8,
           ROB |-> 3,
           RS |-> 3,
           FU |-> 2 ],
         [ ind |-> 5695,
           addr |-> "0x104f2",
           IFacq |-> 3,
           IFrel |-> 4,
           IDacq |-> 4,
           IDrel |-> 5,
           FUacq |-> 8,
           FUrel |-> 9,
           COM |-> 0,
           ROB |-> 4,
           RS |-> 4,
           FU |-> 1 ],
         [ ind |-> 5696,
           addr |-> "0x104f4",
           IFacq |-> 3,
           IFrel |-> 4,
           IDacq |-> 4,
           IDrel |-> 5,
           FUacq |-> 6,
           FUrel |-> 7,
           COM |-> 0,
           ROB |-> 4,
           RS |-> 4,
           FU |-> 2 ],
         [ ind |-> 5697,
           addr |-> "0x104f8",
           IFacq |-> 3,
           IFrel |-> 4,
           IDacq |-> 4,
           IDrel |-> 5,
           FUacq |-> 7,
           FUrel |-> 8,
           COM |-> 0,
           ROB |-> 4,
           RS |-> 4,
           FU |-> 2 ],
         [ ind |-> 5698,
           addr |-> "0x104fc",
           IFacq |-> 3,
           IFrel |-> 4,
           IDacq |-> 4,
           IDrel |-> 5,
           FUacq |-> 8,
           FUrel |-> 0,
           COM |-> 0,
           ROB |-> 4,
           RS |-> 4,
           FU |-> 2 ],
         [ ind |-> 5699,
           addr |-> "0x10500",
           IFacq |-> 4,
           IFrel |-> 5,
           IDacq |-> 5,
           IDrel |-> 7,
           FUacq |-> 0,
           FUrel |-> 0,
           COM |-> 0,
           ROB |-> 6,
           RS |-> 6,
           FU |-> 0 ],
         [ ind |-> 5700,
           addr |-> "0x105c4",
           IFacq |-> 4,
           IFrel |-> 5,
           IDacq |-> 5,
           IDrel |-> 7,
           FUacq |-> 0,
           FUrel |-> 0,
           COM |-> 0,
           ROB |-> 6,
           RS |-> 6,
           FU |-> 0 ],
         [ ind |-> 5701,
           addr |-> "0x105c8",
           IFacq |-> 4,
           IFrel |-> 5,
           IDacq |-> 5,
           IDrel |-> 7,
           FUacq |-> 0,
           FUrel |-> 0,
           COM |-> 0,
           ROB |-> 6,
           RS |-> 6,
           FU |-> 0 ],
         [ ind |-> 5702,
           addr |-> "0x105cc",
           IFacq |-> 4,
           IFrel |-> 5,
           IDacq |-> 5,
           IDrel |-> 7,
           FUacq |-> 0,
           FUrel |-> 0,
           COM |-> 0,
           ROB |-> 6,
           RS |-> 6,
           FU |-> 0 ],
         [ ind |-> 5703,
           addr |-> "0x105d0",
           IFacq |-> 5,
           IFrel |-> 6,
           IDacq |-> 7,
           IDrel |-> 0,
           FUacq |-> 0,
           FUrel |-> 0,
           COM |-> 0,
           ROB |-> 0,
           RS |-> 8,
           FU |-> 0 ],
         [ ind |-> 5704,
           addr |-> "0x10502",
           IFacq |-> 5,
           IFrel |-> 6,
           IDacq |-> 7,
           IDrel |-> 0,
           FUacq |-> 0,
           FUrel |-> 0,
           COM |-> 0,
           ROB |-> 0,
           RS |-> 8,
           FU |-> 0 ],
         [ ind |-> 5705,
           addr |-> "0x10504",
           IFacq |-> 5,
           IFrel |-> 6,
           IDacq |-> 7,
           IDrel |-> 0,
           FUacq |-> 0,
           FUrel |-> 0,
           COM |-> 0,
           ROB |-> 0,
           RS |-> 8,
           FU |-> 0 ],
         [ ind |-> 5706,
           addr |-> "0x10508",
           IFacq |-> 5,
           IFrel |-> 6,
           IDacq |-> 7,
           IDrel |-> 0,
           FUacq |-> 0,
           FUrel |-> 0,
           COM |-> 0,
           ROB |-> 0,
           RS |-> 8,
           FU |-> 0 ],
         [ ind |-> 5707,
           addr |-> "0x1050c",
           IFacq |-> 7,
           IFrel |-> 8,
           IDacq |-> 0,
           IDrel |-> 0,
           FUacq |-> 0,
           FUrel |-> 0,
           COM |-> 0,
           ROB |-> 0,
           RS |-> 0,
           FU |-> 0 ],
         [ ind |-> 5708,
           addr |-> "0x1059e",
           IFacq |-> 7,
           IFrel |-> 8,
           IDacq |-> 0,
           IDrel |-> 0,
           FUacq |-> 0,
           FUrel |-> 0,
           COM |-> 0,
           ROB |-> 0,
           RS |-> 0,
           FU |-> 0 ],
         [ ind |-> 5709,
           addr |-> "0x105a2",
           IFacq |-> 7,
           IFrel |-> 8,
           IDacq |-> 0,
           IDrel |-> 0,
           FUacq |-> 0,
           FUrel |-> 0,
           COM |-> 0,
           ROB |-> 0,
           RS |-> 0,
           FU |-> 0 ],
         [ ind |-> 5710,
           addr |-> "0x105a6",
           IFacq |-> 7,
           IFrel |-> 8,
           IDacq |-> 0,
           IDrel |-> 0,
           FUacq |-> 0,
           FUrel |-> 0,
           COM |-> 0,
           ROB |-> 0,
           RS |-> 0,
           FU |-> 0 ] >>,
  edges |->
      { [type |-> "D", source |-> 5687, dest |-> 5690],
        [type |-> "D", source |-> 5693, dest |-> 5695] } ]
/\ pc2 = 24
/\ robHead = 9
/\ rob = << [ instr |->
         [ ind |-> 5687,
           type |-> "IntAlu",
           r0 |-> "sp",
           r1 |-> "",
           r2 |-> "",
           addr |-> "0x105e2" ],
     executed |-> TRUE,
     done |-> TRUE ],
   [ instr |->
         [ ind |-> 5688,
           type |-> "MemWrite",
           r0 |-> "ra",
           r1 |-> "",
           r2 |-> "",
           addr |-> "0x105e4" ],
     executed |-> TRUE,
     done |-> TRUE ],
   [ instr |->
         [ ind |-> 5689,
           type |-> "MemWrite",
           r0 |-> "s0",
           r1 |-> "",
           r2 |-> "",
           addr |-> "0x105e6" ],
     executed |-> TRUE,
     done |-> TRUE ],
   [ instr |->
         [ ind |-> 5690,
           type |-> "IntAlu",
           r0 |-> "s0",
           r1 |-> "sp",
           r2 |-> "",
           addr |-> "0x105e8" ],
     executed |-> TRUE,
     done |-> TRUE ],
   [ instr |->
         [ ind |-> 5691,
           type |-> "IntAlu",
           r0 |-> "a0",
           r1 |-> "gp",
           r2 |-> "",
           addr |-> "0x105ea" ],
     executed |-> TRUE,
     done |-> TRUE ],
   [ instr |->
         [ ind |-> 5692,
           type |-> "IntAlu",
           r0 |-> "ra",
           r1 |-> "",
           r2 |-> "",
           addr |-> "0x105ee" ],
     executed |-> TRUE,
     done |-> TRUE ],
   [ instr |->
         [ ind |-> 5693,
           type |-> "IntAlu",
           r0 |-> "sp",
           r1 |-> "",
           r2 |-> "",
           addr |-> "0x104ee" ],
     executed |-> TRUE,
     done |-> TRUE ],
   [ instr |->
         [ ind |-> 5694,
           type |-> "MemWrite",
           r0 |-> "s0",
           r1 |-> "",
           r2 |-> "",
           addr |-> "0x104f0" ],
     executed |-> TRUE,
     done |-> TRUE ],
   [ instr |->
         [ ind |-> 5695,
           type |-> "IntAlu",
           r0 |-> "s0",
           r1 |-> "sp",
           r2 |-> "",
           addr |-> "0x104f2" ],
     executed |-> TRUE,
     done |-> FALSE ],
   [ instr |->
         [ ind |-> 5696,
           type |-> "MemWrite",
           r0 |-> "a0",
           r1 |-> "",
           r2 |-> "",
           addr |-> "0x104f4" ],
     executed |-> TRUE,
     done |-> FALSE ],
   [ instr |->
         [ ind |-> 5697,
           type |-> "MemWrite",
           r0 |-> "zero",
           r1 |-> "",
           r2 |-> "",
           addr |-> "0x104f8" ],
     executed |-> TRUE,
     done |-> FALSE ],
   [ instr |->
         [ ind |-> 5698,
           type |-> "MemWrite",
           r0 |-> "zero",
           r1 |-> "",
           r2 |-> "",
           addr |-> "0x104fc" ],
     executed |-> TRUE,
     done |-> FALSE ],
   [ instr |->
         [ ind |-> 5699,
           type |-> "IntAlu",
           r0 |-> "",
           r1 |-> "",
           r2 |-> "",
           addr |-> "0x10500" ],
     executed |-> FALSE,
     done |-> FALSE ],
   [ instr |->
         [ ind |-> 5700,
           type |-> "MemRead",
           r0 |-> "a5",
           r1 |-> "",
           r2 |-> "",
           addr |-> "0x105c4" ],
     executed |-> FALSE,
     done |-> FALSE ],
   [ instr |->
         [ ind |-> 5701,
           type |-> "IntAlu",
           r0 |-> "a4",
           r1 |-> "a5",
           r2 |-> "",
           addr |-> "0x105c8" ],
     executed |-> FALSE,
     done |-> FALSE ],
   [ instr |->
         [ ind |-> 5702,
           type |-> "IntAlu",
           r0 |-> "a5",
           r1 |-> "zero",
           r2 |-> "",
           addr |-> "0x105cc" ],
     executed |-> FALSE,
     done |-> FALSE ] >>
/\ _RS = << { [ ind |-> 5701,
       type |-> "IntAlu",
       r0 |-> "a4",
       r1 |-> "a5",
       r2 |-> "",
       addr |-> "0x105c8" ],
     [ ind |-> 5702,
       type |-> "IntAlu",
       r0 |-> "a5",
       r1 |-> "zero",
       r2 |-> "",
       addr |-> "0x105cc" ] },
   {},
   {},
   {},
   {} >>
/\ currCycle = 9
/\ exec_inst = 1
/\ robHead2 = 9
/\ pc = 24
/\ cpt = 0
/\ rob2 = << [ instr |->
         [ ind |-> 5687,
           type |-> "IntAlu",
           r0 |-> "sp",
           r1 |-> "",
           r2 |-> "",
           addr |-> "0x105e2" ],
     executed |-> TRUE,
     done |-> TRUE ],
   [ instr |->
         [ ind |-> 5688,
           type |-> "MemWrite",
           r0 |-> "ra",
           r1 |-> "",
           r2 |-> "",
           addr |-> "0x105e4" ],
     executed |-> TRUE,
     done |-> TRUE ],
   [ instr |->
         [ ind |-> 5689,
           type |-> "MemWrite",
           r0 |-> "s0",
           r1 |-> "",
           r2 |-> "",
           addr |-> "0x105e6" ],
     executed |-> TRUE,
     done |-> TRUE ],
   [ instr |->
         [ ind |-> 5690,
           type |-> "IntAlu",
           r0 |-> "s0",
           r1 |-> "sp",
           r2 |-> "",
           addr |-> "0x105e8" ],
     executed |-> TRUE,
     done |-> TRUE ],
   [ instr |->
         [ ind |-> 5691,
           type |-> "IntAlu",
           r0 |-> "a0",
           r1 |-> "gp",
           r2 |-> "",
           addr |-> "0x105ea" ],
     executed |-> TRUE,
     done |-> TRUE ],
   [ instr |->
         [ ind |-> 5692,
           type |-> "IntAlu",
           r0 |-> "ra",
           r1 |-> "",
           r2 |-> "",
           addr |-> "0x105ee" ],
     executed |-> TRUE,
     done |-> TRUE ],
   [ instr |->
         [ ind |-> 5693,
           type |-> "IntAlu",
           r0 |-> "sp",
           r1 |-> "",
           r2 |-> "",
           addr |-> "0x104ee" ],
     executed |-> TRUE,
     done |-> TRUE ],
   [ instr |->
         [ ind |-> 5694,
           type |-> "MemWrite",
           r0 |-> "s0",
           r1 |-> "",
           r2 |-> "",
           addr |-> "0x104f0" ],
     executed |-> TRUE,
     done |-> TRUE ],
   [ instr |->
         [ ind |-> 5695,
           type |-> "IntAlu",
           r0 |-> "s0",
           r1 |-> "sp",
           r2 |-> "",
           addr |-> "0x104f2" ],
     executed |-> TRUE,
     done |-> FALSE ],
   [ instr |->
         [ ind |-> 5696,
           type |-> "MemWrite",
           r0 |-> "a0",
           r1 |-> "",
           r2 |-> "",
           addr |-> "0x104f4" ],
     executed |-> TRUE,
     done |-> FALSE ],
   [ instr |->
         [ ind |-> 5697,
           type |-> "MemWrite",
           r0 |-> "zero",
           r1 |-> "",
           r2 |-> "",
           addr |-> "0x104f8" ],
     executed |-> TRUE,
     done |-> FALSE ],
   [ instr |->
         [ ind |-> 5698,
           type |-> "MemWrite",
           r0 |-> "zero",
           r1 |-> "",
           r2 |-> "",
           addr |-> "0x104fc" ],
     executed |-> FALSE,
     done |-> FALSE ],
   [ instr |->
         [ ind |-> 5699,
           type |-> "IntAlu",
           r0 |-> "",
           r1 |-> "",
           r2 |-> "",
           addr |-> "0x10500" ],
     executed |-> FALSE,
     done |-> FALSE ],
   [ instr |->
         [ ind |-> 5700,
           type |-> "MemRead",
           r0 |-> "a5",
           r1 |-> "",
           r2 |-> "",
           addr |-> "0x105c4" ],
     executed |-> FALSE,
     done |-> FALSE ],
   [ instr |->
         [ ind |-> 5701,
           type |-> "IntAlu",
           r0 |-> "a4",
           r1 |-> "a5",
           r2 |-> "",
           addr |-> "0x105c8" ],
     executed |-> FALSE,
     done |-> FALSE ],
   [ instr |->
         [ ind |-> 5702,
           type |-> "IntAlu",
           r0 |-> "a5",
           r1 |-> "zero",
           r2 |-> "",
           addr |-> "0x105cc" ],
     executed |-> FALSE,
     done |-> FALSE ] >>
/\ _FU = << [ instr |->
         [ ind |-> 5699,
           type |-> "IntAlu",
           r0 |-> "",
           r1 |-> "",
           r2 |-> "",
           addr |-> "0x10500" ],
     baseLat |-> 1,
     currLat |-> 1 ],
   [ instr |->
         [ ind |-> 5700,
           type |-> "MemRead",
           r0 |-> "a5",
           r1 |-> "",
           r2 |-> "",
           addr |-> "0x105c4" ],
     baseLat |-> 1,
     currLat |-> 1 ],
   [ instr |->
         [ ind |-> 0,
           type |-> "No_OpClass",
           r0 |-> "",
           r1 |-> "",
           r2 |-> "",
           addr |-> "" ],
     baseLat |-> 1,
     currLat |-> 1 ],
   [ instr |->
         [ ind |-> 0,
           type |-> "No_OpClass",
           r0 |-> "",
           r1 |-> "",
           r2 |-> "",
           addr |-> "" ],
     baseLat |-> 1,
     currLat |-> 1 ],
   [ instr |->
         [ ind |-> 0,
           type |-> "No_OpClass",
           r0 |-> "",
           r1 |-> "",
           r2 |-> "",
           addr |-> "" ],
     baseLat |-> 1,
     currLat |-> 1 ] >>

@!@!@ENDMSG 2217 @!@!@
@!@!@STARTMSG 2217:4 @!@!@
11: <Next line 60, col 9 to line 65, col 35 of module pipeline_ooo>
/\ _RS2 = << { [ ind |-> 5701,
       type |-> "IntAlu",
       r0 |-> "a4",
       r1 |-> "a5",
       r2 |-> "",
       addr |-> "0x105c8" ],
     [ ind |-> 5702,
       type |-> "IntAlu",
       r0 |-> "a5",
       r1 |-> "zero",
       r2 |-> "",
       addr |-> "0x105cc" ],
     [ ind |-> 5703,
       type |-> "IntAlu",
       r0 |-> "a5",
       r1 |-> "a4",
       r2 |-> "",
       addr |-> "0x105d0" ] },
   { [ ind |-> 5700,
       type |-> "MemRead",
       r0 |-> "a5",
       r1 |-> "",
       r2 |-> "",
       addr |-> "0x105c4" ],
     [ ind |-> 5705,
       type |-> "MemWrite",
       r0 |-> "a5",
       r1 |-> "",
       r2 |-> "",
       addr |-> "0x10504" ],
     [ ind |-> 5706,
       type |-> "MemWrite",
       r0 |-> "zero",
       r1 |-> "",
       r2 |-> "",
       addr |-> "0x10508" ] },
   {},
   {},
   {} >>
/\ _COM2 = << [ ind |-> 0,
     type |-> "No_OpClass",
     r0 |-> "",
     r1 |-> "",
     r2 |-> "",
     addr |-> "" ],
   [ ind |-> 0,
     type |-> "No_OpClass",
     r0 |-> "",
     r1 |-> "",
     r2 |-> "",
     addr |-> "" ],
   [ ind |-> 0,
     type |-> "No_OpClass",
     r0 |-> "",
     r1 |-> "",
     r2 |-> "",
     addr |-> "" ],
   [ ind |-> 0,
     type |-> "No_OpClass",
     r0 |-> "",
     r1 |-> "",
     r2 |-> "",
     addr |-> "" ] >>
/\ _ID = << [ ind |-> 5707,
     type |-> "IntAlu",
     r0 |-> "",
     r1 |-> "",
     r2 |-> "",
     addr |-> "0x1050c" ],
   [ ind |-> 5708,
     type |-> "MemRead",
     r0 |-> "a5",
     r1 |-> "",
     r2 |-> "",
     addr |-> "0x1059e" ],
   [ ind |-> 5709,
     type |-> "IntAlu",
     r0 |-> "a4",
     r1 |-> "a5",
     r2 |-> "",
     addr |-> "0x105a2" ],
   [ ind |-> 5710,
     type |-> "IntAlu",
     r0 |-> "a5",
     r1 |-> "zero",
     r2 |-> "",
     addr |-> "0x105a6" ] >>
/\ _IF = << [ instr |->
         [ ind |-> 5711,
           type |-> "IntAlu",
           r0 |-> "a5",
           r1 |-> "a4",
           r2 |-> "",
           addr |-> "0x105aa" ],
     baseLat |-> 1,
     currLat |-> 1 ],
   [ instr |->
         [ ind |-> 5712,
           type |-> "IntAlu",
           r0 |-> "a4",
           r1 |-> "zero",
           r2 |-> "",
           addr |-> "0x1050e" ],
     baseLat |-> 1,
     currLat |-> 1 ],
   [ instr |->
         [ ind |-> 5713,
           type |-> "MemRead",
           r0 |-> "a5",
           r1 |-> "",
           r2 |-> "",
           addr |-> "0x10512" ],
     baseLat |-> 1,
     currLat |-> 1 ],
   [ instr |->
         [ ind |-> 5714,
           type |-> "IntAlu",
           r0 |-> "a5",
           r1 |-> "a4",
           r2 |-> "a5",
           addr |-> "0x10516" ],
     baseLat |-> 1,
     currLat |-> 1 ] >>
/\ _FU2 = << [ instr |->
         [ ind |-> 5704,
           type |-> "IntAlu",
           r0 |-> "a5",
           r1 |-> "",
           r2 |-> "",
           addr |-> "0x10502" ],
     baseLat |-> 1,
     currLat |-> 1 ],
   [ instr |->
         [ ind |-> 5698,
           type |-> "MemWrite",
           r0 |-> "zero",
           r1 |-> "",
           r2 |-> "",
           addr |-> "0x104fc" ],
     baseLat |-> 10,
     currLat |-> 3 ],
   [ instr |->
         [ ind |-> 0,
           type |-> "No_OpClass",
           r0 |-> "",
           r1 |-> "",
           r2 |-> "",
           addr |-> "" ],
     baseLat |-> 1,
     currLat |-> 1 ],
   [ instr |->
         [ ind |-> 0,
           type |-> "No_OpClass",
           r0 |-> "",
           r1 |-> "",
           r2 |-> "",
           addr |-> "" ],
     baseLat |-> 1,
     currLat |-> 1 ],
   [ instr |->
         [ ind |-> 0,
           type |-> "No_OpClass",
           r0 |-> "",
           r1 |-> "",
           r2 |-> "",
           addr |-> "" ],
     baseLat |-> 1,
     currLat |-> 1 ] >>
/\ _COM = << [ ind |-> 5699,
     type |-> "IntAlu",
     r0 |-> "",
     r1 |-> "",
     r2 |-> "",
     addr |-> "0x10500" ],
   [ ind |-> 5700,
     type |-> "MemRead",
     r0 |-> "a5",
     r1 |-> "",
     r2 |-> "",
     addr |-> "0x105c4" ],
   [ ind |-> 0,
     type |-> "No_OpClass",
     r0 |-> "",
     r1 |-> "",
     r2 |-> "",
     addr |-> "" ],
   [ ind |-> 0,
     type |-> "No_OpClass",
     r0 |-> "",
     r1 |-> "",
     r2 |-> "",
     addr |-> "" ] >>
/\ exec_inst2 = 2
/\ _ID2 = << [ ind |-> 5707,
     type |-> "IntAlu",
     r0 |-> "",
     r1 |-> "",
     r2 |-> "",
     addr |-> "0x1050c" ],
   [ ind |-> 5708,
     type |-> "MemRead",
     r0 |-> "a5",
     r1 |-> "",
     r2 |-> "",
     addr |-> "0x1059e" ],
   [ ind |-> 5709,
     type |-> "IntAlu",
     r0 |-> "a4",
     r1 |-> "a5",
     r2 |-> "",
     addr |-> "0x105a2" ],
   [ ind |-> 5710,
     type |-> "IntAlu",
     r0 |-> "a5",
     r1 |-> "zero",
     r2 |-> "",
     addr |-> "0x105a6" ] >>
/\ graph = [ nodes |->
      << [ ind |-> 5687,
           addr |-> "0x105e2",
           IFacq |-> 1,
           IFrel |-> 2,
           IDacq |-> 2,
           IDrel |-> 3,
           FUacq |-> 3,
           FUrel |-> 4,
           COM |-> 4,
           ROB |-> 2,
           RS |-> 2,
           FU |-> 1 ],
         [ ind |-> 5688,
           addr |-> "0x105e4",
           IFacq |-> 1,
           IFrel |-> 2,
           IDacq |-> 2,
           IDrel |-> 3,
           FUacq |-> 3,
           FUrel |-> 4,
           COM |-> 4,
           ROB |-> 2,
           RS |-> 2,
           FU |-> 2 ],
         [ ind |-> 5689,
           addr |-> "0x105e6",
           IFacq |-> 1,
           IFrel |-> 2,
           IDacq |-> 2,
           IDrel |-> 3,
           FUacq |-> 4,
           FUrel |-> 5,
           COM |-> 5,
           ROB |-> 2,
           RS |-> 2,
           FU |-> 2 ],
         [ ind |-> 5690,
           addr |-> "0x105e8",
           IFacq |-> 1,
           IFrel |-> 2,
           IDacq |-> 2,
           IDrel |-> 3,
           FUacq |-> 4,
           FUrel |-> 5,
           COM |-> 5,
           ROB |-> 2,
           RS |-> 2,
           FU |-> 1 ],
         [ ind |-> 5691,
           addr |-> "0x105ea",
           IFacq |-> 2,
           IFrel |-> 3,
           IDacq |-> 3,
           IDrel |-> 4,
           FUacq |-> 5,
           FUrel |-> 6,
           COM |-> 6,
           ROB |-> 3,
           RS |-> 3,
           FU |-> 1 ],
         [ ind |-> 5692,
           addr |-> "0x105ee",
           IFacq |-> 2,
           IFrel |-> 3,
           IDacq |-> 3,
           IDrel |-> 4,
           FUacq |-> 6,
           FUrel |-> 7,
           COM |-> 7,
           ROB |-> 3,
           RS |-> 3,
           FU |-> 1 ],
         [ ind |-> 5693,
           addr |-> "0x104ee",
           IFacq |-> 2,
           IFrel |-> 3,
           IDacq |-> 3,
           IDrel |-> 4,
           FUacq |-> 7,
           FUrel |-> 8,
           COM |-> 8,
           ROB |-> 3,
           RS |-> 3,
           FU |-> 1 ],
         [ ind |-> 5694,
           addr |-> "0x104f0",
           IFacq |-> 2,
           IFrel |-> 3,
           IDacq |-> 3,
           IDrel |-> 4,
           FUacq |-> 5,
           FUrel |-> 6,
           COM |-> 8,
           ROB |-> 3,
           RS |-> 3,
           FU |-> 2 ],
         [ ind |-> 5695,
           addr |-> "0x104f2",
           IFacq |-> 3,
           IFrel |-> 4,
           IDacq |-> 4,
           IDrel |-> 5,
           FUacq |-> 8,
           FUrel |-> 9,
           COM |-> 9,
           ROB |-> 4,
           RS |-> 4,
           FU |-> 1 ],
         [ ind |-> 5696,
           addr |-> "0x104f4",
           IFacq |-> 3,
           IFrel |-> 4,
           IDacq |-> 4,
           IDrel |-> 5,
           FUacq |-> 6,
           FUrel |-> 7,
           COM |-> 9,
           ROB |-> 4,
           RS |-> 4,
           FU |-> 2 ],
         [ ind |-> 5697,
           addr |-> "0x104f8",
           IFacq |-> 3,
           IFrel |-> 4,
           IDacq |-> 4,
           IDrel |-> 5,
           FUacq |-> 7,
           FUrel |-> 8,
           COM |-> 9,
           ROB |-> 4,
           RS |-> 4,
           FU |-> 2 ],
         [ ind |-> 5698,
           addr |-> "0x104fc",
           IFacq |-> 3,
           IFrel |-> 4,
           IDacq |-> 4,
           IDrel |-> 5,
           FUacq |-> 8,
           FUrel |-> 9,
           COM |-> 9,
           ROB |-> 4,
           RS |-> 4,
           FU |-> 2 ],
         [ ind |-> 5699,
           addr |-> "0x10500",
           IFacq |-> 4,
           IFrel |-> 5,
           IDacq |-> 5,
           IDrel |-> 7,
           FUacq |-> 9,
           FUrel |-> 10,
           COM |-> 0,
           ROB |-> 6,
           RS |-> 6,
           FU |-> 1 ],
         [ ind |-> 5700,
           addr |-> "0x105c4",
           IFacq |-> 4,
           IFrel |-> 5,
           IDacq |-> 5,
           IDrel |-> 7,
           FUacq |-> 9,
           FUrel |-> 10,
           COM |-> 0,
           ROB |-> 6,
           RS |-> 6,
           FU |-> 2 ],
         [ ind |-> 5701,
           addr |-> "0x105c8",
           IFacq |-> 4,
           IFrel |-> 5,
           IDacq |-> 5,
           IDrel |-> 7,
           FUacq |-> 0,
           FUrel |-> 0,
           COM |-> 0,
           ROB |-> 6,
           RS |-> 6,
           FU |-> 0 ],
         [ ind |-> 5702,
           addr |-> "0x105cc",
           IFacq |-> 4,
           IFrel |-> 5,
           IDacq |-> 5,
           IDrel |-> 7,
           FUacq |-> 0,
           FUrel |-> 0,
           COM |-> 0,
           ROB |-> 6,
           RS |-> 6,
           FU |-> 0 ],
         [ ind |-> 5703,
           addr |-> "0x105d0",
           IFacq |-> 5,
           IFrel |-> 6,
           IDacq |-> 7,
           IDrel |-> 10,
           FUacq |-> 0,
           FUrel |-> 0,
           COM |-> 0,
           ROB |-> 9,
           RS |-> 9,
           FU |-> 0 ],
         [ ind |-> 5704,
           addr |-> "0x10502",
           IFacq |-> 5,
           IFrel |-> 6,
           IDacq |-> 7,
           IDrel |-> 10,
           FUacq |-> 0,
           FUrel |-> 0,
           COM |-> 0,
           ROB |-> 9,
           RS |-> 9,
           FU |-> 0 ],
         [ ind |-> 5705,
           addr |-> "0x10504",
           IFacq |-> 5,
           IFrel |-> 6,
           IDacq |-> 7,
           IDrel |-> 10,
           FUacq |-> 0,
           FUrel |-> 0,
           COM |-> 0,
           ROB |-> 9,
           RS |-> 9,
           FU |-> 0 ],
         [ ind |-> 5706,
           addr |-> "0x10508",
           IFacq |-> 5,
           IFrel |-> 6,
           IDacq |-> 7,
           IDrel |-> 10,
           FUacq |-> 0,
           FUrel |-> 0,
           COM |-> 0,
           ROB |-> 9,
           RS |-> 9,
           FU |-> 0 ],
         [ ind |-> 5707,
           addr |-> "0x1050c",
           IFacq |-> 7,
           IFrel |-> 8,
           IDacq |-> 0,
           IDrel |-> 0,
           FUacq |-> 0,
           FUrel |-> 0,
           COM |-> 0,
           ROB |-> 0,
           RS |-> 0,
           FU |-> 0 ],
         [ ind |-> 5708,
           addr |-> "0x1059e",
           IFacq |-> 7,
           IFrel |-> 8,
           IDacq |-> 0,
           IDrel |-> 0,
           FUacq |-> 0,
           FUrel |-> 0,
           COM |-> 0,
           ROB |-> 0,
           RS |-> 0,
           FU |-> 0 ],
         [ ind |-> 5709,
           addr |-> "0x105a2",
           IFacq |-> 7,
           IFrel |-> 8,
           IDacq |-> 0,
           IDrel |-> 0,
           FUacq |-> 0,
           FUrel |-> 0,
           COM |-> 0,
           ROB |-> 0,
           RS |-> 0,
           FU |-> 0 ],
         [ ind |-> 5710,
           addr |-> "0x105a6",
           IFacq |-> 7,
           IFrel |-> 8,
           IDacq |-> 0,
           IDrel |-> 0,
           FUacq |-> 0,
           FUrel |-> 0,
           COM |-> 0,
           ROB |-> 0,
           RS |-> 0,
           FU |-> 0 ] >>,
  edges |->
      { [type |-> "D", source |-> 5687, dest |-> 5690],
        [type |-> "D", source |-> 5693, dest |-> 5695] } ]
/\ currCycle2 = 10
/\ _IF2 = << [ instr |->
         [ ind |-> 5711,
           type |-> "IntAlu",
           r0 |-> "a5",
           r1 |-> "a4",
           r2 |-> "",
           addr |-> "0x105aa" ],
     baseLat |-> 1,
     currLat |-> 1 ],
   [ instr |->
         [ ind |-> 5712,
           type |-> "IntAlu",
           r0 |-> "a4",
           r1 |-> "zero",
           r2 |-> "",
           addr |-> "0x1050e" ],
     baseLat |-> 1,
     currLat |-> 1 ],
   [ instr |->
         [ ind |-> 5713,
           type |-> "MemRead",
           r0 |-> "a5",
           r1 |-> "",
           r2 |-> "",
           addr |-> "0x10512" ],
     baseLat |-> 1,
     currLat |-> 1 ],
   [ instr |->
         [ ind |-> 5714,
           type |-> "IntAlu",
           r0 |-> "a5",
           r1 |-> "a4",
           r2 |-> "a5",
           addr |-> "0x10516" ],
     baseLat |-> 1,
     currLat |-> 1 ] >>
/\ graph2 = [ nodes |->
      << [ ind |-> 5687,
           addr |-> "0x105e2",
           IFacq |-> 1,
           IFrel |-> 2,
           IDacq |-> 2,
           IDrel |-> 3,
           FUacq |-> 3,
           FUrel |-> 4,
           COM |-> 4,
           ROB |-> 2,
           RS |-> 2,
           FU |-> 1 ],
         [ ind |-> 5688,
           addr |-> "0x105e4",
           IFacq |-> 1,
           IFrel |-> 2,
           IDacq |-> 2,
           IDrel |-> 3,
           FUacq |-> 3,
           FUrel |-> 4,
           COM |-> 4,
           ROB |-> 2,
           RS |-> 2,
           FU |-> 2 ],
         [ ind |-> 5689,
           addr |-> "0x105e6",
           IFacq |-> 1,
           IFrel |-> 2,
           IDacq |-> 2,
           IDrel |-> 3,
           FUacq |-> 4,
           FUrel |-> 5,
           COM |-> 5,
           ROB |-> 2,
           RS |-> 2,
           FU |-> 2 ],
         [ ind |-> 5690,
           addr |-> "0x105e8",
           IFacq |-> 1,
           IFrel |-> 2,
           IDacq |-> 2,
           IDrel |-> 3,
           FUacq |-> 4,
           FUrel |-> 5,
           COM |-> 5,
           ROB |-> 2,
           RS |-> 2,
           FU |-> 1 ],
         [ ind |-> 5691,
           addr |-> "0x105ea",
           IFacq |-> 2,
           IFrel |-> 3,
           IDacq |-> 3,
           IDrel |-> 4,
           FUacq |-> 5,
           FUrel |-> 6,
           COM |-> 6,
           ROB |-> 3,
           RS |-> 3,
           FU |-> 1 ],
         [ ind |-> 5692,
           addr |-> "0x105ee",
           IFacq |-> 2,
           IFrel |-> 3,
           IDacq |-> 3,
           IDrel |-> 4,
           FUacq |-> 6,
           FUrel |-> 7,
           COM |-> 7,
           ROB |-> 3,
           RS |-> 3,
           FU |-> 1 ],
         [ ind |-> 5693,
           addr |-> "0x104ee",
           IFacq |-> 2,
           IFrel |-> 3,
           IDacq |-> 3,
           IDrel |-> 4,
           FUacq |-> 7,
           FUrel |-> 8,
           COM |-> 8,
           ROB |-> 3,
           RS |-> 3,
           FU |-> 1 ],
         [ ind |-> 5694,
           addr |-> "0x104f0",
           IFacq |-> 2,
           IFrel |-> 3,
           IDacq |-> 3,
           IDrel |-> 4,
           FUacq |-> 5,
           FUrel |-> 6,
           COM |-> 8,
           ROB |-> 3,
           RS |-> 3,
           FU |-> 2 ],
         [ ind |-> 5695,
           addr |-> "0x104f2",
           IFacq |-> 3,
           IFrel |-> 4,
           IDacq |-> 4,
           IDrel |-> 5,
           FUacq |-> 8,
           FUrel |-> 9,
           COM |-> 9,
           ROB |-> 4,
           RS |-> 4,
           FU |-> 1 ],
         [ ind |-> 5696,
           addr |-> "0x104f4",
           IFacq |-> 3,
           IFrel |-> 4,
           IDacq |-> 4,
           IDrel |-> 5,
           FUacq |-> 6,
           FUrel |-> 7,
           COM |-> 9,
           ROB |-> 4,
           RS |-> 4,
           FU |-> 2 ],
         [ ind |-> 5697,
           addr |-> "0x104f8",
           IFacq |-> 3,
           IFrel |-> 4,
           IDacq |-> 4,
           IDrel |-> 5,
           FUacq |-> 7,
           FUrel |-> 8,
           COM |-> 9,
           ROB |-> 4,
           RS |-> 4,
           FU |-> 2 ],
         [ ind |-> 5698,
           addr |-> "0x104fc",
           IFacq |-> 3,
           IFrel |-> 4,
           IDacq |-> 4,
           IDrel |-> 5,
           FUacq |-> 8,
           FUrel |-> 0,
           COM |-> 0,
           ROB |-> 4,
           RS |-> 4,
           FU |-> 2 ],
         [ ind |-> 5699,
           addr |-> "0x10500",
           IFacq |-> 4,
           IFrel |-> 5,
           IDacq |-> 5,
           IDrel |-> 7,
           FUacq |-> 9,
           FUrel |-> 10,
           COM |-> 0,
           ROB |-> 6,
           RS |-> 6,
           FU |-> 1 ],
         [ ind |-> 5700,
           addr |-> "0x105c4",
           IFacq |-> 4,
           IFrel |-> 5,
           IDacq |-> 5,
           IDrel |-> 7,
           FUacq |-> 0,
           FUrel |-> 0,
           COM |-> 0,
           ROB |-> 6,
           RS |-> 6,
           FU |-> 0 ],
         [ ind |-> 5701,
           addr |-> "0x105c8",
           IFacq |-> 4,
           IFrel |-> 5,
           IDacq |-> 5,
           IDrel |-> 7,
           FUacq |-> 0,
           FUrel |-> 0,
           COM |-> 0,
           ROB |-> 6,
           RS |-> 6,
           FU |-> 0 ],
         [ ind |-> 5702,
           addr |-> "0x105cc",
           IFacq |-> 4,
           IFrel |-> 5,
           IDacq |-> 5,
           IDrel |-> 7,
           FUacq |-> 0,
           FUrel |-> 0,
           COM |-> 0,
           ROB |-> 6,
           RS |-> 6,
           FU |-> 0 ],
         [ ind |-> 5703,
           addr |-> "0x105d0",
           IFacq |-> 5,
           IFrel |-> 6,
           IDacq |-> 7,
           IDrel |-> 10,
           FUacq |-> 0,
           FUrel |-> 0,
           COM |-> 0,
           ROB |-> 9,
           RS |-> 9,
           FU |-> 0 ],
         [ ind |-> 5704,
           addr |-> "0x10502",
           IFacq |-> 5,
           IFrel |-> 6,
           IDacq |-> 7,
           IDrel |-> 10,
           FUacq |-> 0,
           FUrel |-> 0,
           COM |-> 0,
           ROB |-> 9,
           RS |-> 9,
           FU |-> 0 ],
         [ ind |-> 5705,
           addr |-> "0x10504",
           IFacq |-> 5,
           IFrel |-> 6,
           IDacq |-> 7,
           IDrel |-> 10,
           FUacq |-> 0,
           FUrel |-> 0,
           COM |-> 0,
           ROB |-> 9,
           RS |-> 9,
           FU |-> 0 ],
         [ ind |-> 5706,
           addr |-> "0x10508",
           IFacq |-> 5,
           IFrel |-> 6,
           IDacq |-> 7,
           IDrel |-> 10,
           FUacq |-> 0,
           FUrel |-> 0,
           COM |-> 0,
           ROB |-> 9,
           RS |-> 9,
           FU |-> 0 ],
         [ ind |-> 5707,
           addr |-> "0x1050c",
           IFacq |-> 7,
           IFrel |-> 8,
           IDacq |-> 0,
           IDrel |-> 0,
           FUacq |-> 0,
           FUrel |-> 0,
           COM |-> 0,
           ROB |-> 0,
           RS |-> 0,
           FU |-> 0 ],
         [ ind |-> 5708,
           addr |-> "0x1059e",
           IFacq |-> 7,
           IFrel |-> 8,
           IDacq |-> 0,
           IDrel |-> 0,
           FUacq |-> 0,
           FUrel |-> 0,
           COM |-> 0,
           ROB |-> 0,
           RS |-> 0,
           FU |-> 0 ],
         [ ind |-> 5709,
           addr |-> "0x105a2",
           IFacq |-> 7,
           IFrel |-> 8,
           IDacq |-> 0,
           IDrel |-> 0,
           FUacq |-> 0,
           FUrel |-> 0,
           COM |-> 0,
           ROB |-> 0,
           RS |-> 0,
           FU |-> 0 ],
         [ ind |-> 5710,
           addr |-> "0x105a6",
           IFacq |-> 7,
           IFrel |-> 8,
           IDacq |-> 0,
           IDrel |-> 0,
           FUacq |-> 0,
           FUrel |-> 0,
           COM |-> 0,
           ROB |-> 0,
           RS |-> 0,
           FU |-> 0 ] >>,
  edges |->
      { [type |-> "D", source |-> 5687, dest |-> 5690],
        [type |-> "D", source |-> 5693, dest |-> 5695] } ]
/\ pc2 = 28
/\ robHead = 13
/\ rob = << [ instr |->
         [ ind |-> 5687,
           type |-> "IntAlu",
           r0 |-> "sp",
           r1 |-> "",
           r2 |-> "",
           addr |-> "0x105e2" ],
     executed |-> TRUE,
     done |-> TRUE ],
   [ instr |->
         [ ind |-> 5688,
           type |-> "MemWrite",
           r0 |-> "ra",
           r1 |-> "",
           r2 |-> "",
           addr |-> "0x105e4" ],
     executed |-> TRUE,
     done |-> TRUE ],
   [ instr |->
         [ ind |-> 5689,
           type |-> "MemWrite",
           r0 |-> "s0",
           r1 |-> "",
           r2 |-> "",
           addr |-> "0x105e6" ],
     executed |-> TRUE,
     done |-> TRUE ],
   [ instr |->
         [ ind |-> 5690,
           type |-> "IntAlu",
           r0 |-> "s0",
           r1 |-> "sp",
           r2 |-> "",
           addr |-> "0x105e8" ],
     executed |-> TRUE,
     done |-> TRUE ],
   [ instr |->
         [ ind |-> 5691,
           type |-> "IntAlu",
           r0 |-> "a0",
           r1 |-> "gp",
           r2 |-> "",
           addr |-> "0x105ea" ],
     executed |-> TRUE,
     done |-> TRUE ],
   [ instr |->
         [ ind |-> 5692,
           type |-> "IntAlu",
           r0 |-> "ra",
           r1 |-> "",
           r2 |-> "",
           addr |-> "0x105ee" ],
     executed |-> TRUE,
     done |-> TRUE ],
   [ instr |->
         [ ind |-> 5693,
           type |-> "IntAlu",
           r0 |-> "sp",
           r1 |-> "",
           r2 |-> "",
           addr |-> "0x104ee" ],
     executed |-> TRUE,
     done |-> TRUE ],
   [ instr |->
         [ ind |-> 5694,
           type |-> "MemWrite",
           r0 |-> "s0",
           r1 |-> "",
           r2 |-> "",
           addr |-> "0x104f0" ],
     executed |-> TRUE,
     done |-> TRUE ],
   [ instr |->
         [ ind |-> 5695,
           type |-> "IntAlu",
           r0 |-> "s0",
           r1 |-> "sp",
           r2 |-> "",
           addr |-> "0x104f2" ],
     executed |-> TRUE,
     done |-> TRUE ],
   [ instr |->
         [ ind |-> 5696,
           type |-> "MemWrite",
           r0 |-> "a0",
           r1 |-> "",
           r2 |-> "",
           addr |-> "0x104f4" ],
     executed |-> TRUE,
     done |-> TRUE ],
   [ instr |->
         [ ind |-> 5697,
           type |-> "MemWrite",
           r0 |-> "zero",
           r1 |-> "",
           r2 |-> "",
           addr |-> "0x104f8" ],
     executed |-> TRUE,
     done |-> TRUE ],
   [ instr |->
         [ ind |-> 5698,
           type |-> "MemWrite",
           r0 |-> "zero",
           r1 |-> "",
           r2 |-> "",
           addr |-> "0x104fc" ],
     executed |-> TRUE,
     done |-> TRUE ],
   [ instr |->
         [ ind |-> 5699,
           type |-> "IntAlu",
           r0 |-> "",
           r1 |-> "",
           r2 |-> "",
           addr |-> "0x10500" ],
     executed |-> TRUE,
     done |-> FALSE ],
   [ instr |->
         [ ind |-> 5700,
           type |-> "MemRead",
           r0 |-> "a5",
           r1 |-> "",
           r2 |-> "",
           addr |-> "0x105c4" ],
     executed |-> TRUE,
     done |-> FALSE ],
   [ instr |->
         [ ind |-> 5701,
           type |-> "IntAlu",
           r0 |-> "a4",
           r1 |-> "a5",
           r2 |-> "",
           addr |-> "0x105c8" ],
     executed |-> FALSE,
     done |-> FALSE ],
   [ instr |->
         [ ind |-> 5702,
           type |-> "IntAlu",
           r0 |-> "a5",
           r1 |-> "zero",
           r2 |-> "",
           addr |-> "0x105cc" ],
     executed |-> FALSE,
     done |-> FALSE ],
   [ instr |->
         [ ind |-> 5703,
           type |-> "IntAlu",
           r0 |-> "a5",
           r1 |-> "a4",
           r2 |-> "",
           addr |-> "0x105d0" ],
     executed |-> FALSE,
     done |-> FALSE ],
   [ instr |->
         [ ind |-> 5704,
           type |-> "IntAlu",
           r0 |-> "a5",
           r1 |-> "",
           r2 |-> "",
           addr |-> "0x10502" ],
     executed |-> FALSE,
     done |-> FALSE ],
   [ instr |->
         [ ind |-> 5705,
           type |-> "MemWrite",
           r0 |-> "a5",
           r1 |-> "",
           r2 |-> "",
           addr |-> "0x10504" ],
     executed |-> FALSE,
     done |-> FALSE ],
   [ instr |->
         [ ind |-> 5706,
           type |-> "MemWrite",
           r0 |-> "zero",
           r1 |-> "",
           r2 |-> "",
           addr |-> "0x10508" ],
     executed |-> FALSE,
     done |-> FALSE ] >>
/\ _RS = << { [ ind |-> 5702,
       type |-> "IntAlu",
       r0 |-> "a5",
       r1 |-> "zero",
       r2 |-> "",
       addr |-> "0x105cc" ],
     [ ind |-> 5703,
       type |-> "IntAlu",
       r0 |-> "a5",
       r1 |-> "a4",
       r2 |-> "",
       addr |-> "0x105d0" ],
     [ ind |-> 5704,
       type |-> "IntAlu",
       r0 |-> "a5",
       r1 |-> "",
       r2 |-> "",
       addr |-> "0x10502" ] },
   { [ ind |-> 5706,
       type |-> "MemWrite",
       r0 |-> "zero",
       r1 |-> "",
       r2 |-> "",
       addr |-> "0x10508" ] },
   {},
   {},
   {} >>
/\ currCycle = 10
/\ exec_inst = 1
/\ robHead2 = 12
/\ pc = 28
/\ cpt = 0
/\ rob2 = << [ instr |->
         [ ind |-> 5687,
           type |-> "IntAlu",
           r0 |-> "sp",
           r1 |-> "",
           r2 |-> "",
           addr |-> "0x105e2" ],
     executed |-> TRUE,
     done |-> TRUE ],
   [ instr |->
         [ ind |-> 5688,
           type |-> "MemWrite",
           r0 |-> "ra",
           r1 |-> "",
           r2 |-> "",
           addr |-> "0x105e4" ],
     executed |-> TRUE,
     done |-> TRUE ],
   [ instr |->
         [ ind |-> 5689,
           type |-> "MemWrite",
           r0 |-> "s0",
           r1 |-> "",
           r2 |-> "",
           addr |-> "0x105e6" ],
     executed |-> TRUE,
     done |-> TRUE ],
   [ instr |->
         [ ind |-> 5690,
           type |-> "IntAlu",
           r0 |-> "s0",
           r1 |-> "sp",
           r2 |-> "",
           addr |-> "0x105e8" ],
     executed |-> TRUE,
     done |-> TRUE ],
   [ instr |->
         [ ind |-> 5691,
           type |-> "IntAlu",
           r0 |-> "a0",
           r1 |-> "gp",
           r2 |-> "",
           addr |-> "0x105ea" ],
     executed |-> TRUE,
     done |-> TRUE ],
   [ instr |->
         [ ind |-> 5692,
           type |-> "IntAlu",
           r0 |-> "ra",
           r1 |-> "",
           r2 |-> "",
           addr |-> "0x105ee" ],
     executed |-> TRUE,
     done |-> TRUE ],
   [ instr |->
         [ ind |-> 5693,
           type |-> "IntAlu",
           r0 |-> "sp",
           r1 |-> "",
           r2 |-> "",
           addr |-> "0x104ee" ],
     executed |-> TRUE,
     done |-> TRUE ],
   [ instr |->
         [ ind |-> 5694,
           type |-> "MemWrite",
           r0 |-> "s0",
           r1 |-> "",
           r2 |-> "",
           addr |-> "0x104f0" ],
     executed |-> TRUE,
     done |-> TRUE ],
   [ instr |->
         [ ind |-> 5695,
           type |-> "IntAlu",
           r0 |-> "s0",
           r1 |-> "sp",
           r2 |-> "",
           addr |-> "0x104f2" ],
     executed |-> TRUE,
     done |-> TRUE ],
   [ instr |->
         [ ind |-> 5696,
           type |-> "MemWrite",
           r0 |-> "a0",
           r1 |-> "",
           r2 |-> "",
           addr |-> "0x104f4" ],
     executed |-> TRUE,
     done |-> TRUE ],
   [ instr |->
         [ ind |-> 5697,
           type |-> "MemWrite",
           r0 |-> "zero",
           r1 |-> "",
           r2 |-> "",
           addr |-> "0x104f8" ],
     executed |-> TRUE,
     done |-> TRUE ],
   [ instr |->
         [ ind |-> 5698,
           type |-> "MemWrite",
           r0 |-> "zero",
           r1 |-> "",
           r2 |-> "",
           addr |-> "0x104fc" ],
     executed |-> FALSE,
     done |-> FALSE ],
   [ instr |->
         [ ind |-> 5699,
           type |-> "IntAlu",
           r0 |-> "",
           r1 |-> "",
           r2 |-> "",
           addr |-> "0x10500" ],
     executed |-> TRUE,
     done |-> FALSE ],
   [ instr |->
         [ ind |-> 5700,
           type |-> "MemRead",
           r0 |-> "a5",
           r1 |-> "",
           r2 |-> "",
           addr |-> "0x105c4" ],
     executed |-> FALSE,
     done |-> FALSE ],
   [ instr |->
         [ ind |-> 5701,
           type |-> "IntAlu",
           r0 |-> "a4",
           r1 |-> "a5",
           r2 |-> "",
           addr |-> "0x105c8" ],
     executed |-> FALSE,
     done |-> FALSE ],
   [ instr |->
         [ ind |-> 5702,
           type |-> "IntAlu",
           r0 |-> "a5",
           r1 |-> "zero",
           r2 |-> "",
           addr |-> "0x105cc" ],
     executed |-> FALSE,
     done |-> FALSE ],
   [ instr |->
         [ ind |-> 5703,
           type |-> "IntAlu",
           r0 |-> "a5",
           r1 |-> "a4",
           r2 |-> "",
           addr |-> "0x105d0" ],
     executed |-> FALSE,
     done |-> FALSE ],
   [ instr |->
         [ ind |-> 5704,
           type |-> "IntAlu",
           r0 |-> "a5",
           r1 |-> "",
           r2 |-> "",
           addr |-> "0x10502" ],
     executed |-> FALSE,
     done |-> FALSE ],
   [ instr |->
         [ ind |-> 5705,
           type |-> "MemWrite",
           r0 |-> "a5",
           r1 |-> "",
           r2 |-> "",
           addr |-> "0x10504" ],
     executed |-> FALSE,
     done |-> FALSE ],
   [ instr |->
         [ ind |-> 5706,
           type |-> "MemWrite",
           r0 |-> "zero",
           r1 |-> "",
           r2 |-> "",
           addr |-> "0x10508" ],
     executed |-> FALSE,
     done |-> FALSE ] >>
/\ _FU = << [ instr |->
         [ ind |-> 5701,
           type |-> "IntAlu",
           r0 |-> "a4",
           r1 |-> "a5",
           r2 |-> "",
           addr |-> "0x105c8" ],
     baseLat |-> 1,
     currLat |-> 1 ],
   [ instr |->
         [ ind |-> 5705,
           type |-> "MemWrite",
           r0 |-> "a5",
           r1 |-> "",
           r2 |-> "",
           addr |-> "0x10504" ],
     baseLat |-> 1,
     currLat |-> 1 ],
   [ instr |->
         [ ind |-> 0,
           type |-> "No_OpClass",
           r0 |-> "",
           r1 |-> "",
           r2 |-> "",
           addr |-> "" ],
     baseLat |-> 1,
     currLat |-> 1 ],
   [ instr |->
         [ ind |-> 0,
           type |-> "No_OpClass",
           r0 |-> "",
           r1 |-> "",
           r2 |-> "",
           addr |-> "" ],
     baseLat |-> 1,
     currLat |-> 1 ],
   [ instr |->
         [ ind |-> 0,
           type |-> "No_OpClass",
           r0 |-> "",
           r1 |-> "",
           r2 |-> "",
           addr |-> "" ],
     baseLat |-> 1,
     currLat |-> 1 ] >>

@!@!@ENDMSG 2217 @!@!@
@!@!@STARTMSG 2217:4 @!@!@
12: <Next line 60, col 9 to line 65, col 35 of module pipeline_ooo>
/\ _RS2 = << { [ ind |-> 5701,
       type |-> "IntAlu",
       r0 |-> "a4",
       r1 |-> "a5",
       r2 |-> "",
       addr |-> "0x105c8" ],
     [ ind |-> 5702,
       type |-> "IntAlu",
       r0 |-> "a5",
       r1 |-> "zero",
       r2 |-> "",
       addr |-> "0x105cc" ],
     [ ind |-> 5703,
       type |-> "IntAlu",
       r0 |-> "a5",
       r1 |-> "a4",
       r2 |-> "",
       addr |-> "0x105d0" ] },
   { [ ind |-> 5700,
       type |-> "MemRead",
       r0 |-> "a5",
       r1 |-> "",
       r2 |-> "",
       addr |-> "0x105c4" ],
     [ ind |-> 5705,
       type |-> "MemWrite",
       r0 |-> "a5",
       r1 |-> "",
       r2 |-> "",
       addr |-> "0x10504" ],
     [ ind |-> 5706,
       type |-> "MemWrite",
       r0 |-> "zero",
       r1 |-> "",
       r2 |-> "",
       addr |-> "0x10508" ] },
   {},
   {},
   {} >>
/\ _COM2 = << [ ind |-> 0,
     type |-> "No_OpClass",
     r0 |-> "",
     r1 |-> "",
     r2 |-> "",
     addr |-> "" ],
   [ ind |-> 0,
     type |-> "No_OpClass",
     r0 |-> "",
     r1 |-> "",
     r2 |-> "",
     addr |-> "" ],
   [ ind |-> 0,
     type |-> "No_OpClass",
     r0 |-> "",
     r1 |-> "",
     r2 |-> "",
     addr |-> "" ],
   [ ind |-> 0,
     type |-> "No_OpClass",
     r0 |-> "",
     r1 |-> "",
     r2 |-> "",
     addr |-> "" ] >>
/\ _ID = << [ ind |-> 5711,
     type |-> "IntAlu",
     r0 |-> "a5",
     r1 |-> "a4",
     r2 |-> "",
     addr |-> "0x105aa" ],
   [ ind |-> 5712,
     type |-> "IntAlu",
     r0 |-> "a4",
     r1 |-> "zero",
     r2 |-> "",
     addr |-> "0x1050e" ],
   [ ind |-> 5713,
     type |-> "MemRead",
     r0 |-> "a5",
     r1 |-> "",
     r2 |-> "",
     addr |-> "0x10512" ],
   [ ind |-> 5714,
     type |-> "IntAlu",
     r0 |-> "a5",
     r1 |-> "a4",
     r2 |-> "a5",
     addr |-> "0x10516" ] >>
/\ _IF = << [ instr |->
         [ ind |-> 5715,
           type |-> "IntAlu",
           r0 |-> "a4",
           r1 |-> "a5",
           r2 |-> "",
           addr |-> "0x1051a" ],
     baseLat |-> 1,
     currLat |-> 1 ],
   [ instr |->
         [ ind |-> 5716,
           type |-> "MemRead",
           r0 |-> "a5",
           r1 |-> "",
           r2 |-> "",
           addr |-> "0x1051e" ],
     baseLat |-> 1,
     currLat |-> 1 ],
   [ instr |->
         [ ind |-> 5717,
           type |-> "IntAlu",
           r0 |-> "a5",
           r1 |-> "",
           r2 |-> "",
           addr |-> "0x10522" ],
     baseLat |-> 1,
     currLat |-> 1 ],
   [ instr |->
         [ ind |-> 5718,
           type |-> "IntAlu",
           r0 |-> "a4",
           r1 |-> "a5",
           r2 |-> "",
           addr |-> "0x10524" ],
     baseLat |-> 1,
     currLat |-> 1 ] >>
/\ _FU2 = << [ instr |->
         [ ind |-> 0,
           type |-> "No_OpClass",
           r0 |-> "",
           r1 |-> "",
           r2 |-> "",
           addr |-> "" ],
     baseLat |-> 1,
     currLat |-> 1 ],
   [ instr |->
         [ ind |-> 5698,
           type |-> "MemWrite",
           r0 |-> "zero",
           r1 |-> "",
           r2 |-> "",
           addr |-> "0x104fc" ],
     baseLat |-> 10,
     currLat |-> 4 ],
   [ instr |->
         [ ind |-> 0,
           type |-> "No_OpClass",
           r0 |-> "",
           r1 |-> "",
           r2 |-> "",
           addr |-> "" ],
     baseLat |-> 1,
     currLat |-> 1 ],
   [ instr |->
         [ ind |-> 0,
           type |-> "No_OpClass",
           r0 |-> "",
           r1 |-> "",
           r2 |-> "",
           addr |-> "" ],
     baseLat |-> 1,
     currLat |-> 1 ],
   [ instr |->
         [ ind |-> 0,
           type |-> "No_OpClass",
           r0 |-> "",
           r1 |-> "",
           r2 |-> "",
           addr |-> "" ],
     baseLat |-> 1,
     currLat |-> 1 ] >>
/\ _COM = << [ ind |-> 5701,
     type |-> "IntAlu",
     r0 |-> "a4",
     r1 |-> "a5",
     r2 |-> "",
     addr |-> "0x105c8" ],
   [ ind |-> 0,
     type |-> "No_OpClass",
     r0 |-> "",
     r1 |-> "",
     r2 |-> "",
     addr |-> "" ],
   [ ind |-> 0,
     type |-> "No_OpClass",
     r0 |-> "",
     r1 |-> "",
     r2 |-> "",
     addr |-> "" ],
   [ ind |-> 0,
     type |-> "No_OpClass",
     r0 |-> "",
     r1 |-> "",
     r2 |-> "",
     addr |-> "" ] >>
/\ exec_inst2 = 2
/\ _ID2 = << [ ind |-> 5707,
     type |-> "IntAlu",
     r0 |-> "",
     r1 |-> "",
     r2 |-> "",
     addr |-> "0x1050c" ],
   [ ind |-> 5708,
     type |-> "MemRead",
     r0 |-> "a5",
     r1 |-> "",
     r2 |-> "",
     addr |-> "0x1059e" ],
   [ ind |-> 5709,
     type |-> "IntAlu",
     r0 |-> "a4",
     r1 |-> "a5",
     r2 |-> "",
     addr |-> "0x105a2" ],
   [ ind |-> 5710,
     type |-> "IntAlu",
     r0 |-> "a5",
     r1 |-> "zero",
     r2 |-> "",
     addr |-> "0x105a6" ] >>
/\ graph = [ nodes |->
      << [ ind |-> 5687,
           addr |-> "0x105e2",
           IFacq |-> 1,
           IFrel |-> 2,
           IDacq |-> 2,
           IDrel |-> 3,
           FUacq |-> 3,
           FUrel |-> 4,
           COM |-> 4,
           ROB |-> 2,
           RS |-> 2,
           FU |-> 1 ],
         [ ind |-> 5688,
           addr |-> "0x105e4",
           IFacq |-> 1,
           IFrel |-> 2,
           IDacq |-> 2,
           IDrel |-> 3,
           FUacq |-> 3,
           FUrel |-> 4,
           COM |-> 4,
           ROB |-> 2,
           RS |-> 2,
           FU |-> 2 ],
         [ ind |-> 5689,
           addr |-> "0x105e6",
           IFacq |-> 1,
           IFrel |-> 2,
           IDacq |-> 2,
           IDrel |-> 3,
           FUacq |-> 4,
           FUrel |-> 5,
           COM |-> 5,
           ROB |-> 2,
           RS |-> 2,
           FU |-> 2 ],
         [ ind |-> 5690,
           addr |-> "0x105e8",
           IFacq |-> 1,
           IFrel |-> 2,
           IDacq |-> 2,
           IDrel |-> 3,
           FUacq |-> 4,
           FUrel |-> 5,
           COM |-> 5,
           ROB |-> 2,
           RS |-> 2,
           FU |-> 1 ],
         [ ind |-> 5691,
           addr |-> "0x105ea",
           IFacq |-> 2,
           IFrel |-> 3,
           IDacq |-> 3,
           IDrel |-> 4,
           FUacq |-> 5,
           FUrel |-> 6,
           COM |-> 6,
           ROB |-> 3,
           RS |-> 3,
           FU |-> 1 ],
         [ ind |-> 5692,
           addr |-> "0x105ee",
           IFacq |-> 2,
           IFrel |-> 3,
           IDacq |-> 3,
           IDrel |-> 4,
           FUacq |-> 6,
           FUrel |-> 7,
           COM |-> 7,
           ROB |-> 3,
           RS |-> 3,
           FU |-> 1 ],
         [ ind |-> 5693,
           addr |-> "0x104ee",
           IFacq |-> 2,
           IFrel |-> 3,
           IDacq |-> 3,
           IDrel |-> 4,
           FUacq |-> 7,
           FUrel |-> 8,
           COM |-> 8,
           ROB |-> 3,
           RS |-> 3,
           FU |-> 1 ],
         [ ind |-> 5694,
           addr |-> "0x104f0",
           IFacq |-> 2,
           IFrel |-> 3,
           IDacq |-> 3,
           IDrel |-> 4,
           FUacq |-> 5,
           FUrel |-> 6,
           COM |-> 8,
           ROB |-> 3,
           RS |-> 3,
           FU |-> 2 ],
         [ ind |-> 5695,
           addr |-> "0x104f2",
           IFacq |-> 3,
           IFrel |-> 4,
           IDacq |-> 4,
           IDrel |-> 5,
           FUacq |-> 8,
           FUrel |-> 9,
           COM |-> 9,
           ROB |-> 4,
           RS |-> 4,
           FU |-> 1 ],
         [ ind |-> 5696,
           addr |-> "0x104f4",
           IFacq |-> 3,
           IFrel |-> 4,
           IDacq |-> 4,
           IDrel |-> 5,
           FUacq |-> 6,
           FUrel |-> 7,
           COM |-> 9,
           ROB |-> 4,
           RS |-> 4,
           FU |-> 2 ],
         [ ind |-> 5697,
           addr |-> "0x104f8",
           IFacq |-> 3,
           IFrel |-> 4,
           IDacq |-> 4,
           IDrel |-> 5,
           FUacq |-> 7,
           FUrel |-> 8,
           COM |-> 9,
           ROB |-> 4,
           RS |-> 4,
           FU |-> 2 ],
         [ ind |-> 5698,
           addr |-> "0x104fc",
           IFacq |-> 3,
           IFrel |-> 4,
           IDacq |-> 4,
           IDrel |-> 5,
           FUacq |-> 8,
           FUrel |-> 9,
           COM |-> 9,
           ROB |-> 4,
           RS |-> 4,
           FU |-> 2 ],
         [ ind |-> 5699,
           addr |-> "0x10500",
           IFacq |-> 4,
           IFrel |-> 5,
           IDacq |-> 5,
           IDrel |-> 7,
           FUacq |-> 9,
           FUrel |-> 10,
           COM |-> 10,
           ROB |-> 6,
           RS |-> 6,
           FU |-> 1 ],
         [ ind |-> 5700,
           addr |-> "0x105c4",
           IFacq |-> 4,
           IFrel |-> 5,
           IDacq |-> 5,
           IDrel |-> 7,
           FUacq |-> 9,
           FUrel |-> 10,
           COM |-> 10,
           ROB |-> 6,
           RS |-> 6,
           FU |-> 2 ],
         [ ind |-> 5701,
           addr |-> "0x105c8",
           IFacq |-> 4,
           IFrel |-> 5,
           IDacq |-> 5,
           IDrel |-> 7,
           FUacq |-> 10,
           FUrel |-> 11,
           COM |-> 0,
           ROB |-> 6,
           RS |-> 6,
           FU |-> 1 ],
         [ ind |-> 5702,
           addr |-> "0x105cc",
           IFacq |-> 4,
           IFrel |-> 5,
           IDacq |-> 5,
           IDrel |-> 7,
           FUacq |-> 0,
           FUrel |-> 0,
           COM |-> 0,
           ROB |-> 6,
           RS |-> 6,
           FU |-> 0 ],
         [ ind |-> 5703,
           addr |-> "0x105d0",
           IFacq |-> 5,
           IFrel |-> 6,
           IDacq |-> 7,
           IDrel |-> 10,
           FUacq |-> 0,
           FUrel |-> 0,
           COM |-> 0,
           ROB |-> 9,
           RS |-> 9,
           FU |-> 0 ],
         [ ind |-> 5704,
           addr |-> "0x10502",
           IFacq |-> 5,
           IFrel |-> 6,
           IDacq |-> 7,
           IDrel |-> 10,
           FUacq |-> 0,
           FUrel |-> 0,
           COM |-> 0,
           ROB |-> 9,
           RS |-> 9,
           FU |-> 0 ],
         [ ind |-> 5705,
           addr |-> "0x10504",
           IFacq |-> 5,
           IFrel |-> 6,
           IDacq |-> 7,
           IDrel |-> 10,
           FUacq |-> 10,
           FUrel |-> 11,
           COM |-> 0,
           ROB |-> 9,
           RS |-> 9,
           FU |-> 2 ],
         [ ind |-> 5706,
           addr |-> "0x10508",
           IFacq |-> 5,
           IFrel |-> 6,
           IDacq |-> 7,
           IDrel |-> 10,
           FUacq |-> 0,
           FUrel |-> 0,
           COM |-> 0,
           ROB |-> 9,
           RS |-> 9,
           FU |-> 0 ],
         [ ind |-> 5707,
           addr |-> "0x1050c",
           IFacq |-> 7,
           IFrel |-> 8,
           IDacq |-> 10,
           IDrel |-> 11,
           FUacq |-> 0,
           FUrel |-> 0,
           COM |-> 0,
           ROB |-> 10,
           RS |-> 10,
           FU |-> 0 ],
         [ ind |-> 5708,
           addr |-> "0x1059e",
           IFacq |-> 7,
           IFrel |-> 8,
           IDacq |-> 10,
           IDrel |-> 11,
           FUacq |-> 0,
           FUrel |-> 0,
           COM |-> 0,
           ROB |-> 10,
           RS |-> 10,
           FU |-> 0 ],
         [ ind |-> 5709,
           addr |-> "0x105a2",
           IFacq |-> 7,
           IFrel |-> 8,
           IDacq |-> 10,
           IDrel |-> 11,
           FUacq |-> 0,
           FUrel |-> 0,
           COM |-> 0,
           ROB |-> 10,
           RS |-> 10,
           FU |-> 0 ],
         [ ind |-> 5710,
           addr |-> "0x105a6",
           IFacq |-> 7,
           IFrel |-> 8,
           IDacq |-> 10,
           IDrel |-> 11,
           FUacq |-> 0,
           FUrel |-> 0,
           COM |-> 0,
           ROB |-> 10,
           RS |-> 10,
           FU |-> 0 ],
         [ ind |-> 5711,
           addr |-> "0x105aa",
           IFacq |-> 10,
           IFrel |-> 11,
           IDacq |-> 0,
           IDrel |-> 0,
           FUacq |-> 0,
           FUrel |-> 0,
           COM |-> 0,
           ROB |-> 0,
           RS |-> 0,
           FU |-> 0 ],
         [ ind |-> 5712,
           addr |-> "0x1050e",
           IFacq |-> 10,
           IFrel |-> 11,
           IDacq |-> 0,
           IDrel |-> 0,
           FUacq |-> 0,
           FUrel |-> 0,
           COM |-> 0,
           ROB |-> 0,
           RS |-> 0,
           FU |-> 0 ],
         [ ind |-> 5713,
           addr |-> "0x10512",
           IFacq |-> 10,
           IFrel |-> 11,
           IDacq |-> 0,
           IDrel |-> 0,
           FUacq |-> 0,
           FUrel |-> 0,
           COM |-> 0,
           ROB |-> 0,
           RS |-> 0,
           FU |-> 0 ],
         [ ind |-> 5714,
           addr |-> "0x10516",
           IFacq |-> 10,
           IFrel |-> 11,
           IDacq |-> 0,
           IDrel |-> 0,
           FUacq |-> 0,
           FUrel |-> 0,
           COM |-> 0,
           ROB |-> 0,
           RS |-> 0,
           FU |-> 0 ] >>,
  edges |->
      { [type |-> "D", source |-> 5687, dest |-> 5690],
        [type |-> "D", source |-> 5693, dest |-> 5695],
        [type |-> "D", source |-> 5700, dest |-> 5701] } ]
/\ currCycle2 = 11
/\ _IF2 = << [ instr |->
         [ ind |-> 5711,
           type |-> "IntAlu",
           r0 |-> "a5",
           r1 |-> "a4",
           r2 |-> "",
           addr |-> "0x105aa" ],
     baseLat |-> 1,
     currLat |-> 2 ],
   [ instr |->
         [ ind |-> 5712,
           type |-> "IntAlu",
           r0 |-> "a4",
           r1 |-> "zero",
           r2 |-> "",
           addr |-> "0x1050e" ],
     baseLat |-> 1,
     currLat |-> 2 ],
   [ instr |->
         [ ind |-> 5713,
           type |-> "MemRead",
           r0 |-> "a5",
           r1 |-> "",
           r2 |-> "",
           addr |-> "0x10512" ],
     baseLat |-> 1,
     currLat |-> 2 ],
   [ instr |->
         [ ind |-> 5714,
           type |-> "IntAlu",
           r0 |-> "a5",
           r1 |-> "a4",
           r2 |-> "a5",
           addr |-> "0x10516" ],
     baseLat |-> 1,
     currLat |-> 2 ] >>
/\ graph2 = [ nodes |->
      << [ ind |-> 5687,
           addr |-> "0x105e2",
           IFacq |-> 1,
           IFrel |-> 2,
           IDacq |-> 2,
           IDrel |-> 3,
           FUacq |-> 3,
           FUrel |-> 4,
           COM |-> 4,
           ROB |-> 2,
           RS |-> 2,
           FU |-> 1 ],
         [ ind |-> 5688,
           addr |-> "0x105e4",
           IFacq |-> 1,
           IFrel |-> 2,
           IDacq |-> 2,
           IDrel |-> 3,
           FUacq |-> 3,
           FUrel |-> 4,
           COM |-> 4,
           ROB |-> 2,
           RS |-> 2,
           FU |-> 2 ],
         [ ind |-> 5689,
           addr |-> "0x105e6",
           IFacq |-> 1,
           IFrel |-> 2,
           IDacq |-> 2,
           IDrel |-> 3,
           FUacq |-> 4,
           FUrel |-> 5,
           COM |-> 5,
           ROB |-> 2,
           RS |-> 2,
           FU |-> 2 ],
         [ ind |-> 5690,
           addr |-> "0x105e8",
           IFacq |-> 1,
           IFrel |-> 2,
           IDacq |-> 2,
           IDrel |-> 3,
           FUacq |-> 4,
           FUrel |-> 5,
           COM |-> 5,
           ROB |-> 2,
           RS |-> 2,
           FU |-> 1 ],
         [ ind |-> 5691,
           addr |-> "0x105ea",
           IFacq |-> 2,
           IFrel |-> 3,
           IDacq |-> 3,
           IDrel |-> 4,
           FUacq |-> 5,
           FUrel |-> 6,
           COM |-> 6,
           ROB |-> 3,
           RS |-> 3,
           FU |-> 1 ],
         [ ind |-> 5692,
           addr |-> "0x105ee",
           IFacq |-> 2,
           IFrel |-> 3,
           IDacq |-> 3,
           IDrel |-> 4,
           FUacq |-> 6,
           FUrel |-> 7,
           COM |-> 7,
           ROB |-> 3,
           RS |-> 3,
           FU |-> 1 ],
         [ ind |-> 5693,
           addr |-> "0x104ee",
           IFacq |-> 2,
           IFrel |-> 3,
           IDacq |-> 3,
           IDrel |-> 4,
           FUacq |-> 7,
           FUrel |-> 8,
           COM |-> 8,
           ROB |-> 3,
           RS |-> 3,
           FU |-> 1 ],
         [ ind |-> 5694,
           addr |-> "0x104f0",
           IFacq |-> 2,
           IFrel |-> 3,
           IDacq |-> 3,
           IDrel |-> 4,
           FUacq |-> 5,
           FUrel |-> 6,
           COM |-> 8,
           ROB |-> 3,
           RS |-> 3,
           FU |-> 2 ],
         [ ind |-> 5695,
           addr |-> "0x104f2",
           IFacq |-> 3,
           IFrel |-> 4,
           IDacq |-> 4,
           IDrel |-> 5,
           FUacq |-> 8,
           FUrel |-> 9,
           COM |-> 9,
           ROB |-> 4,
           RS |-> 4,
           FU |-> 1 ],
         [ ind |-> 5696,
           addr |-> "0x104f4",
           IFacq |-> 3,
           IFrel |-> 4,
           IDacq |-> 4,
           IDrel |-> 5,
           FUacq |-> 6,
           FUrel |-> 7,
           COM |-> 9,
           ROB |-> 4,
           RS |-> 4,
           FU |-> 2 ],
         [ ind |-> 5697,
           addr |-> "0x104f8",
           IFacq |-> 3,
           IFrel |-> 4,
           IDacq |-> 4,
           IDrel |-> 5,
           FUacq |-> 7,
           FUrel |-> 8,
           COM |-> 9,
           ROB |-> 4,
           RS |-> 4,
           FU |-> 2 ],
         [ ind |-> 5698,
           addr |-> "0x104fc",
           IFacq |-> 3,
           IFrel |-> 4,
           IDacq |-> 4,
           IDrel |-> 5,
           FUacq |-> 8,
           FUrel |-> 0,
           COM |-> 0,
           ROB |-> 4,
           RS |-> 4,
           FU |-> 2 ],
         [ ind |-> 5699,
           addr |-> "0x10500",
           IFacq |-> 4,
           IFrel |-> 5,
           IDacq |-> 5,
           IDrel |-> 7,
           FUacq |-> 9,
           FUrel |-> 10,
           COM |-> 0,
           ROB |-> 6,
           RS |-> 6,
           FU |-> 1 ],
         [ ind |-> 5700,
           addr |-> "0x105c4",
           IFacq |-> 4,
           IFrel |-> 5,
           IDacq |-> 5,
           IDrel |-> 7,
           FUacq |-> 0,
           FUrel |-> 0,
           COM |-> 0,
           ROB |-> 6,
           RS |-> 6,
           FU |-> 0 ],
         [ ind |-> 5701,
           addr |-> "0x105c8",
           IFacq |-> 4,
           IFrel |-> 5,
           IDacq |-> 5,
           IDrel |-> 7,
           FUacq |-> 0,
           FUrel |-> 0,
           COM |-> 0,
           ROB |-> 6,
           RS |-> 6,
           FU |-> 0 ],
         [ ind |-> 5702,
           addr |-> "0x105cc",
           IFacq |-> 4,
           IFrel |-> 5,
           IDacq |-> 5,
           IDrel |-> 7,
           FUacq |-> 0,
           FUrel |-> 0,
           COM |-> 0,
           ROB |-> 6,
           RS |-> 6,
           FU |-> 0 ],
         [ ind |-> 5703,
           addr |-> "0x105d0",
           IFacq |-> 5,
           IFrel |-> 6,
           IDacq |-> 7,
           IDrel |-> 10,
           FUacq |-> 0,
           FUrel |-> 0,
           COM |-> 0,
           ROB |-> 9,
           RS |-> 9,
           FU |-> 0 ],
         [ ind |-> 5704,
           addr |-> "0x10502",
           IFacq |-> 5,
           IFrel |-> 6,
           IDacq |-> 7,
           IDrel |-> 10,
           FUacq |-> 10,
           FUrel |-> 11,
           COM |-> 0,
           ROB |-> 9,
           RS |-> 9,
           FU |-> 1 ],
         [ ind |-> 5705,
           addr |-> "0x10504",
           IFacq |-> 5,
           IFrel |-> 6,
           IDacq |-> 7,
           IDrel |-> 10,
           FUacq |-> 0,
           FUrel |-> 0,
           COM |-> 0,
           ROB |-> 9,
           RS |-> 9,
           FU |-> 0 ],
         [ ind |-> 5706,
           addr |-> "0x10508",
           IFacq |-> 5,
           IFrel |-> 6,
           IDacq |-> 7,
           IDrel |-> 10,
           FUacq |-> 0,
           FUrel |-> 0,
           COM |-> 0,
           ROB |-> 9,
           RS |-> 9,
           FU |-> 0 ],
         [ ind |-> 5707,
           addr |-> "0x1050c",
           IFacq |-> 7,
           IFrel |-> 8,
           IDacq |-> 10,
           IDrel |-> 0,
           FUacq |-> 0,
           FUrel |-> 0,
           COM |-> 0,
           ROB |-> 0,
           RS |-> 10,
           FU |-> 0 ],
         [ ind |-> 5708,
           addr |-> "0x1059e",
           IFacq |-> 7,
           IFrel |-> 8,
           IDacq |-> 10,
           IDrel |-> 0,
           FUacq |-> 0,
           FUrel |-> 0,
           COM |-> 0,
           ROB |-> 0,
           RS |-> 10,
           FU |-> 0 ],
         [ ind |-> 5709,
           addr |-> "0x105a2",
           IFacq |-> 7,
           IFrel |-> 8,
           IDacq |-> 10,
           IDrel |-> 0,
           FUacq |-> 0,
           FUrel |-> 0,
           COM |-> 0,
           ROB |-> 0,
           RS |-> 10,
           FU |-> 0 ],
         [ ind |-> 5710,
           addr |-> "0x105a6",
           IFacq |-> 7,
           IFrel |-> 8,
           IDacq |-> 10,
           IDrel |-> 0,
           FUacq |-> 0,
           FUrel |-> 0,
           COM |-> 0,
           ROB |-> 0,
           RS |-> 10,
           FU |-> 0 ],
         [ ind |-> 5711,
           addr |-> "0x105aa",
           IFacq |-> 10,
           IFrel |-> 11,
           IDacq |-> 0,
           IDrel |-> 0,
           FUacq |-> 0,
           FUrel |-> 0,
           COM |-> 0,
           ROB |-> 0,
           RS |-> 0,
           FU |-> 0 ],
         [ ind |-> 5712,
           addr |-> "0x1050e",
           IFacq |-> 10,
           IFrel |-> 11,
           IDacq |-> 0,
           IDrel |-> 0,
           FUacq |-> 0,
           FUrel |-> 0,
           COM |-> 0,
           ROB |-> 0,
           RS |-> 0,
           FU |-> 0 ],
         [ ind |-> 5713,
           addr |-> "0x10512",
           IFacq |-> 10,
           IFrel |-> 11,
           IDacq |-> 0,
           IDrel |-> 0,
           FUacq |-> 0,
           FUrel |-> 0,
           COM |-> 0,
           ROB |-> 0,
           RS |-> 0,
           FU |-> 0 ],
         [ ind |-> 5714,
           addr |-> "0x10516",
           IFacq |-> 10,
           IFrel |-> 11,
           IDacq |-> 0,
           IDrel |-> 0,
           FUacq |-> 0,
           FUrel |-> 0,
           COM |-> 0,
           ROB |-> 0,
           RS |-> 0,
           FU |-> 0 ] >>,
  edges |->
      { [type |-> "D", source |-> 5687, dest |-> 5690],
        [type |-> "D", source |-> 5693, dest |-> 5695] } ]
/\ pc2 = 28
/\ robHead = 15
/\ rob = << [ instr |->
         [ ind |-> 5687,
           type |-> "IntAlu",
           r0 |-> "sp",
           r1 |-> "",
           r2 |-> "",
           addr |-> "0x105e2" ],
     executed |-> TRUE,
     done |-> TRUE ],
   [ instr |->
         [ ind |-> 5688,
           type |-> "MemWrite",
           r0 |-> "ra",
           r1 |-> "",
           r2 |-> "",
           addr |-> "0x105e4" ],
     executed |-> TRUE,
     done |-> TRUE ],
   [ instr |->
         [ ind |-> 5689,
           type |-> "MemWrite",
           r0 |-> "s0",
           r1 |-> "",
           r2 |-> "",
           addr |-> "0x105e6" ],
     executed |-> TRUE,
     done |-> TRUE ],
   [ instr |->
         [ ind |-> 5690,
           type |-> "IntAlu",
           r0 |-> "s0",
           r1 |-> "sp",
           r2 |-> "",
           addr |-> "0x105e8" ],
     executed |-> TRUE,
     done |-> TRUE ],
   [ instr |->
         [ ind |-> 5691,
           type |-> "IntAlu",
           r0 |-> "a0",
           r1 |-> "gp",
           r2 |-> "",
           addr |-> "0x105ea" ],
     executed |-> TRUE,
     done |-> TRUE ],
   [ instr |->
         [ ind |-> 5692,
           type |-> "IntAlu",
           r0 |-> "ra",
           r1 |-> "",
           r2 |-> "",
           addr |-> "0x105ee" ],
     executed |-> TRUE,
     done |-> TRUE ],
   [ instr |->
         [ ind |-> 5693,
           type |-> "IntAlu",
           r0 |-> "sp",
           r1 |-> "",
           r2 |-> "",
           addr |-> "0x104ee" ],
     executed |-> TRUE,
     done |-> TRUE ],
   [ instr |->
         [ ind |-> 5694,
           type |-> "MemWrite",
           r0 |-> "s0",
           r1 |-> "",
           r2 |-> "",
           addr |-> "0x104f0" ],
     executed |-> TRUE,
     done |-> TRUE ],
   [ instr |->
         [ ind |-> 5695,
           type |-> "IntAlu",
           r0 |-> "s0",
           r1 |-> "sp",
           r2 |-> "",
           addr |-> "0x104f2" ],
     executed |-> TRUE,
     done |-> TRUE ],
   [ instr |->
         [ ind |-> 5696,
           type |-> "MemWrite",
           r0 |-> "a0",
           r1 |-> "",
           r2 |-> "",
           addr |-> "0x104f4" ],
     executed |-> TRUE,
     done |-> TRUE ],
   [ instr |->
         [ ind |-> 5697,
           type |-> "MemWrite",
           r0 |-> "zero",
           r1 |-> "",
           r2 |-> "",
           addr |-> "0x104f8" ],
     executed |-> TRUE,
     done |-> TRUE ],
   [ instr |->
         [ ind |-> 5698,
           type |-> "MemWrite",
           r0 |-> "zero",
           r1 |-> "",
           r2 |-> "",
           addr |-> "0x104fc" ],
     executed |-> TRUE,
     done |-> TRUE ],
   [ instr |->
         [ ind |-> 5699,
           type |-> "IntAlu",
           r0 |-> "",
           r1 |-> "",
           r2 |-> "",
           addr |-> "0x10500" ],
     executed |-> TRUE,
     done |-> TRUE ],
   [ instr |->
         [ ind |-> 5700,
           type |-> "MemRead",
           r0 |-> "a5",
           r1 |-> "",
           r2 |-> "",
           addr |-> "0x105c4" ],
     executed |-> TRUE,
     done |-> TRUE ],
   [ instr |->
         [ ind |-> 5701,
           type |-> "IntAlu",
           r0 |-> "a4",
           r1 |-> "a5",
           r2 |-> "",
           addr |-> "0x105c8" ],
     executed |-> TRUE,
     done |-> FALSE ],
   [ instr |->
         [ ind |-> 5702,
           type |-> "IntAlu",
           r0 |-> "a5",
           r1 |-> "zero",
           r2 |-> "",
           addr |-> "0x105cc" ],
     executed |-> FALSE,
     done |-> FALSE ],
   [ instr |->
         [ ind |-> 5703,
           type |-> "IntAlu",
           r0 |-> "a5",
           r1 |-> "a4",
           r2 |-> "",
           addr |-> "0x105d0" ],
     executed |-> FALSE,
     done |-> FALSE ],
   [ instr |->
         [ ind |-> 5704,
           type |-> "IntAlu",
           r0 |-> "a5",
           r1 |-> "",
           r2 |-> "",
           addr |-> "0x10502" ],
     executed |-> FALSE,
     done |-> FALSE ],
   [ instr |->
         [ ind |-> 5705,
           type |-> "MemWrite",
           r0 |-> "a5",
           r1 |-> "",
           r2 |-> "",
           addr |-> "0x10504" ],
     executed |-> TRUE,
     done |-> FALSE ],
   [ instr |->
         [ ind |-> 5706,
           type |-> "MemWrite",
           r0 |-> "zero",
           r1 |-> "",
           r2 |-> "",
           addr |-> "0x10508" ],
     executed |-> FALSE,
     done |-> FALSE ],
   [ instr |->
         [ ind |-> 5707,
           type |-> "IntAlu",
           r0 |-> "",
           r1 |-> "",
           r2 |-> "",
           addr |-> "0x1050c" ],
     executed |-> FALSE,
     done |-> FALSE ],
   [ instr |->
         [ ind |-> 5708,
           type |-> "MemRead",
           r0 |-> "a5",
           r1 |-> "",
           r2 |-> "",
           addr |-> "0x1059e" ],
     executed |-> FALSE,
     done |-> FALSE ],
   [ instr |->
         [ ind |-> 5709,
           type |-> "IntAlu",
           r0 |-> "a4",
           r1 |-> "a5",
           r2 |-> "",
           addr |-> "0x105a2" ],
     executed |-> FALSE,
     done |-> FALSE ],
   [ instr |->
         [ ind |-> 5710,
           type |-> "IntAlu",
           r0 |-> "a5",
           r1 |-> "zero",
           r2 |-> "",
           addr |-> "0x105a6" ],
     executed |-> FALSE,
     done |-> FALSE ] >>
/\ _RS = << { [ ind |-> 5703,
       type |-> "IntAlu",
       r0 |-> "a5",
       r1 |-> "a4",
       r2 |-> "",
       addr |-> "0x105d0" ],
     [ ind |-> 5704,
       type |-> "IntAlu",
       r0 |-> "a5",
       r1 |-> "",
       r2 |-> "",
       addr |-> "0x10502" ],
     [ ind |-> 5707,
       type |-> "IntAlu",
       r0 |-> "",
       r1 |-> "",
       r2 |-> "",
       addr |-> "0x1050c" ],
     [ ind |-> 5709,
       type |-> "IntAlu",
       r0 |-> "a4",
       r1 |-> "a5",
       r2 |-> "",
       addr |-> "0x105a2" ],
     [ ind |-> 5710,
       type |-> "IntAlu",
       r0 |-> "a5",
       r1 |-> "zero",
       r2 |-> "",
       addr |-> "0x105a6" ] },
   { [ ind |-> 5708,
       type |-> "MemRead",
       r0 |-> "a5",
       r1 |-> "",
       r2 |-> "",
       addr |-> "0x1059e" ] },
   {},
   {},
   {} >>
/\ currCycle = 11
/\ exec_inst = 1
/\ robHead2 = 12
/\ pc = 32
/\ cpt = 0
/\ rob2 = << [ instr |->
         [ ind |-> 5687,
           type |-> "IntAlu",
           r0 |-> "sp",
           r1 |-> "",
           r2 |-> "",
           addr |-> "0x105e2" ],
     executed |-> TRUE,
     done |-> TRUE ],
   [ instr |->
         [ ind |-> 5688,
           type |-> "MemWrite",
           r0 |-> "ra",
           r1 |-> "",
           r2 |-> "",
           addr |-> "0x105e4" ],
     executed |-> TRUE,
     done |-> TRUE ],
   [ instr |->
         [ ind |-> 5689,
           type |-> "MemWrite",
           r0 |-> "s0",
           r1 |-> "",
           r2 |-> "",
           addr |-> "0x105e6" ],
     executed |-> TRUE,
     done |-> TRUE ],
   [ instr |->
         [ ind |-> 5690,
           type |-> "IntAlu",
           r0 |-> "s0",
           r1 |-> "sp",
           r2 |-> "",
           addr |-> "0x105e8" ],
     executed |-> TRUE,
     done |-> TRUE ],
   [ instr |->
         [ ind |-> 5691,
           type |-> "IntAlu",
           r0 |-> "a0",
           r1 |-> "gp",
           r2 |-> "",
           addr |-> "0x105ea" ],
     executed |-> TRUE,
     done |-> TRUE ],
   [ instr |->
         [ ind |-> 5692,
           type |-> "IntAlu",
           r0 |-> "ra",
           r1 |-> "",
           r2 |-> "",
           addr |-> "0x105ee" ],
     executed |-> TRUE,
     done |-> TRUE ],
   [ instr |->
         [ ind |-> 5693,
           type |-> "IntAlu",
           r0 |-> "sp",
           r1 |-> "",
           r2 |-> "",
           addr |-> "0x104ee" ],
     executed |-> TRUE,
     done |-> TRUE ],
   [ instr |->
         [ ind |-> 5694,
           type |-> "MemWrite",
           r0 |-> "s0",
           r1 |-> "",
           r2 |-> "",
           addr |-> "0x104f0" ],
     executed |-> TRUE,
     done |-> TRUE ],
   [ instr |->
         [ ind |-> 5695,
           type |-> "IntAlu",
           r0 |-> "s0",
           r1 |-> "sp",
           r2 |-> "",
           addr |-> "0x104f2" ],
     executed |-> TRUE,
     done |-> TRUE ],
   [ instr |->
         [ ind |-> 5696,
           type |-> "MemWrite",
           r0 |-> "a0",
           r1 |-> "",
           r2 |-> "",
           addr |-> "0x104f4" ],
     executed |-> TRUE,
     done |-> TRUE ],
   [ instr |->
         [ ind |-> 5697,
           type |-> "MemWrite",
           r0 |-> "zero",
           r1 |-> "",
           r2 |-> "",
           addr |-> "0x104f8" ],
     executed |-> TRUE,
     done |-> TRUE ],
   [ instr |->
         [ ind |-> 5698,
           type |-> "MemWrite",
           r0 |-> "zero",
           r1 |-> "",
           r2 |-> "",
           addr |-> "0x104fc" ],
     executed |-> FALSE,
     done |-> FALSE ],
   [ instr |->
         [ ind |-> 5699,
           type |-> "IntAlu",
           r0 |-> "",
           r1 |-> "",
           r2 |-> "",
           addr |-> "0x10500" ],
     executed |-> TRUE,
     done |-> FALSE ],
   [ instr |->
         [ ind |-> 5700,
           type |-> "MemRead",
           r0 |-> "a5",
           r1 |-> "",
           r2 |-> "",
           addr |-> "0x105c4" ],
     executed |-> FALSE,
     done |-> FALSE ],
   [ instr |->
         [ ind |-> 5701,
           type |-> "IntAlu",
           r0 |-> "a4",
           r1 |-> "a5",
           r2 |-> "",
           addr |-> "0x105c8" ],
     executed |-> FALSE,
     done |-> FALSE ],
   [ instr |->
         [ ind |-> 5702,
           type |-> "IntAlu",
           r0 |-> "a5",
           r1 |-> "zero",
           r2 |-> "",
           addr |-> "0x105cc" ],
     executed |-> FALSE,
     done |-> FALSE ],
   [ instr |->
         [ ind |-> 5703,
           type |-> "IntAlu",
           r0 |-> "a5",
           r1 |-> "a4",
           r2 |-> "",
           addr |-> "0x105d0" ],
     executed |-> FALSE,
     done |-> FALSE ],
   [ instr |->
         [ ind |-> 5704,
           type |-> "IntAlu",
           r0 |-> "a5",
           r1 |-> "",
           r2 |-> "",
           addr |-> "0x10502" ],
     executed |-> TRUE,
     done |-> FALSE ],
   [ instr |->
         [ ind |-> 5705,
           type |-> "MemWrite",
           r0 |-> "a5",
           r1 |-> "",
           r2 |-> "",
           addr |-> "0x10504" ],
     executed |-> FALSE,
     done |-> FALSE ],
   [ instr |->
         [ ind |-> 5706,
           type |-> "MemWrite",
           r0 |-> "zero",
           r1 |-> "",
           r2 |-> "",
           addr |-> "0x10508" ],
     executed |-> FALSE,
     done |-> FALSE ] >>
/\ _FU = << [ instr |->
         [ ind |-> 5702,
           type |-> "IntAlu",
           r0 |-> "a5",
           r1 |-> "zero",
           r2 |-> "",
           addr |-> "0x105cc" ],
     baseLat |-> 1,
     currLat |-> 1 ],
   [ instr |->
         [ ind |-> 5706,
           type |-> "MemWrite",
           r0 |-> "zero",
           r1 |-> "",
           r2 |-> "",
           addr |-> "0x10508" ],
     baseLat |-> 1,
     currLat |-> 1 ],
   [ instr |->
         [ ind |-> 0,
           type |-> "No_OpClass",
           r0 |-> "",
           r1 |-> "",
           r2 |-> "",
           addr |-> "" ],
     baseLat |-> 1,
     currLat |-> 1 ],
   [ instr |->
         [ ind |-> 0,
           type |-> "No_OpClass",
           r0 |-> "",
           r1 |-> "",
           r2 |-> "",
           addr |-> "" ],
     baseLat |-> 1,
     currLat |-> 1 ],
   [ instr |->
         [ ind |-> 0,
           type |-> "No_OpClass",
           r0 |-> "",
           r1 |-> "",
           r2 |-> "",
           addr |-> "" ],
     baseLat |-> 1,
     currLat |-> 1 ] >>

@!@!@ENDMSG 2217 @!@!@
@!@!@STARTMSG 2217:4 @!@!@
13: <Next line 60, col 9 to line 65, col 35 of module pipeline_ooo>
/\ _RS2 = << { [ ind |-> 5701,
       type |-> "IntAlu",
       r0 |-> "a4",
       r1 |-> "a5",
       r2 |-> "",
       addr |-> "0x105c8" ],
     [ ind |-> 5702,
       type |-> "IntAlu",
       r0 |-> "a5",
       r1 |-> "zero",
       r2 |-> "",
       addr |-> "0x105cc" ],
     [ ind |-> 5703,
       type |-> "IntAlu",
       r0 |-> "a5",
       r1 |-> "a4",
       r2 |-> "",
       addr |-> "0x105d0" ] },
   { [ ind |-> 5700,
       type |-> "MemRead",
       r0 |-> "a5",
       r1 |-> "",
       r2 |-> "",
       addr |-> "0x105c4" ],
     [ ind |-> 5705,
       type |-> "MemWrite",
       r0 |-> "a5",
       r1 |-> "",
       r2 |-> "",
       addr |-> "0x10504" ],
     [ ind |-> 5706,
       type |-> "MemWrite",
       r0 |-> "zero",
       r1 |-> "",
       r2 |-> "",
       addr |-> "0x10508" ] },
   {},
   {},
   {} >>
/\ _COM2 = << [ ind |-> 0,
     type |-> "No_OpClass",
     r0 |-> "",
     r1 |-> "",
     r2 |-> "",
     addr |-> "" ],
   [ ind |-> 0,
     type |-> "No_OpClass",
     r0 |-> "",
     r1 |-> "",
     r2 |-> "",
     addr |-> "" ],
   [ ind |-> 0,
     type |-> "No_OpClass",
     r0 |-> "",
     r1 |-> "",
     r2 |-> "",
     addr |-> "" ],
   [ ind |-> 0,
     type |-> "No_OpClass",
     r0 |-> "",
     r1 |-> "",
     r2 |-> "",
     addr |-> "" ] >>
/\ _ID = << [ ind |-> 5711,
     type |-> "IntAlu",
     r0 |-> "a5",
     r1 |-> "a4",
     r2 |-> "",
     addr |-> "0x105aa" ],
   [ ind |-> 5712,
     type |-> "IntAlu",
     r0 |-> "a4",
     r1 |-> "zero",
     r2 |-> "",
     addr |-> "0x1050e" ],
   [ ind |-> 5713,
     type |-> "MemRead",
     r0 |-> "a5",
     r1 |-> "",
     r2 |-> "",
     addr |-> "0x10512" ],
   [ ind |-> 5714,
     type |-> "IntAlu",
     r0 |-> "a5",
     r1 |-> "a4",
     r2 |-> "a5",
     addr |-> "0x10516" ] >>
/\ _IF = << [ instr |->
         [ ind |-> 5715,
           type |-> "IntAlu",
           r0 |-> "a4",
           r1 |-> "a5",
           r2 |-> "",
           addr |-> "0x1051a" ],
     baseLat |-> 1,
     currLat |-> 2 ],
   [ instr |->
         [ ind |-> 5716,
           type |-> "MemRead",
           r0 |-> "a5",
           r1 |-> "",
           r2 |-> "",
           addr |-> "0x1051e" ],
     baseLat |-> 1,
     currLat |-> 2 ],
   [ instr |->
         [ ind |-> 5717,
           type |-> "IntAlu",
           r0 |-> "a5",
           r1 |-> "",
           r2 |-> "",
           addr |-> "0x10522" ],
     baseLat |-> 1,
     currLat |-> 2 ],
   [ instr |->
         [ ind |-> 5718,
           type |-> "IntAlu",
           r0 |-> "a4",
           r1 |-> "a5",
           r2 |-> "",
           addr |-> "0x10524" ],
     baseLat |-> 1,
     currLat |-> 2 ] >>
/\ _FU2 = << [ instr |->
         [ ind |-> 0,
           type |-> "No_OpClass",
           r0 |-> "",
           r1 |-> "",
           r2 |-> "",
           addr |-> "" ],
     baseLat |-> 1,
     currLat |-> 1 ],
   [ instr |->
         [ ind |-> 5698,
           type |-> "MemWrite",
           r0 |-> "zero",
           r1 |-> "",
           r2 |-> "",
           addr |-> "0x104fc" ],
     baseLat |-> 10,
     currLat |-> 5 ],
   [ instr |->
         [ ind |-> 0,
           type |-> "No_OpClass",
           r0 |-> "",
           r1 |-> "",
           r2 |-> "",
           addr |-> "" ],
     baseLat |-> 1,
     currLat |-> 1 ],
   [ instr |->
         [ ind |-> 0,
           type |-> "No_OpClass",
           r0 |-> "",
           r1 |-> "",
           r2 |-> "",
           addr |-> "" ],
     baseLat |-> 1,
     currLat |-> 1 ],
   [ instr |->
         [ ind |-> 0,
           type |-> "No_OpClass",
           r0 |-> "",
           r1 |-> "",
           r2 |-> "",
           addr |-> "" ],
     baseLat |-> 1,
     currLat |-> 1 ] >>
/\ _COM = << [ ind |-> 5702,
     type |-> "IntAlu",
     r0 |-> "a5",
     r1 |-> "zero",
     r2 |-> "",
     addr |-> "0x105cc" ],
   [ ind |-> 0,
     type |-> "No_OpClass",
     r0 |-> "",
     r1 |-> "",
     r2 |-> "",
     addr |-> "" ],
   [ ind |-> 0,
     type |-> "No_OpClass",
     r0 |-> "",
     r1 |-> "",
     r2 |-> "",
     addr |-> "" ],
   [ ind |-> 0,
     type |-> "No_OpClass",
     r0 |-> "",
     r1 |-> "",
     r2 |-> "",
     addr |-> "" ] >>
/\ exec_inst2 = 2
/\ _ID2 = << [ ind |-> 5707,
     type |-> "IntAlu",
     r0 |-> "",
     r1 |-> "",
     r2 |-> "",
     addr |-> "0x1050c" ],
   [ ind |-> 5708,
     type |-> "MemRead",
     r0 |-> "a5",
     r1 |-> "",
     r2 |-> "",
     addr |-> "0x1059e" ],
   [ ind |-> 5709,
     type |-> "IntAlu",
     r0 |-> "a4",
     r1 |-> "a5",
     r2 |-> "",
     addr |-> "0x105a2" ],
   [ ind |-> 5710,
     type |-> "IntAlu",
     r0 |-> "a5",
     r1 |-> "zero",
     r2 |-> "",
     addr |-> "0x105a6" ] >>
/\ graph = [ nodes |->
      << [ ind |-> 5687,
           addr |-> "0x105e2",
           IFacq |-> 1,
           IFrel |-> 2,
           IDacq |-> 2,
           IDrel |-> 3,
           FUacq |-> 3,
           FUrel |-> 4,
           COM |-> 4,
           ROB |-> 2,
           RS |-> 2,
           FU |-> 1 ],
         [ ind |-> 5688,
           addr |-> "0x105e4",
           IFacq |-> 1,
           IFrel |-> 2,
           IDacq |-> 2,
           IDrel |-> 3,
           FUacq |-> 3,
           FUrel |-> 4,
           COM |-> 4,
           ROB |-> 2,
           RS |-> 2,
           FU |-> 2 ],
         [ ind |-> 5689,
           addr |-> "0x105e6",
           IFacq |-> 1,
           IFrel |-> 2,
           IDacq |-> 2,
           IDrel |-> 3,
           FUacq |-> 4,
           FUrel |-> 5,
           COM |-> 5,
           ROB |-> 2,
           RS |-> 2,
           FU |-> 2 ],
         [ ind |-> 5690,
           addr |-> "0x105e8",
           IFacq |-> 1,
           IFrel |-> 2,
           IDacq |-> 2,
           IDrel |-> 3,
           FUacq |-> 4,
           FUrel |-> 5,
           COM |-> 5,
           ROB |-> 2,
           RS |-> 2,
           FU |-> 1 ],
         [ ind |-> 5691,
           addr |-> "0x105ea",
           IFacq |-> 2,
           IFrel |-> 3,
           IDacq |-> 3,
           IDrel |-> 4,
           FUacq |-> 5,
           FUrel |-> 6,
           COM |-> 6,
           ROB |-> 3,
           RS |-> 3,
           FU |-> 1 ],
         [ ind |-> 5692,
           addr |-> "0x105ee",
           IFacq |-> 2,
           IFrel |-> 3,
           IDacq |-> 3,
           IDrel |-> 4,
           FUacq |-> 6,
           FUrel |-> 7,
           COM |-> 7,
           ROB |-> 3,
           RS |-> 3,
           FU |-> 1 ],
         [ ind |-> 5693,
           addr |-> "0x104ee",
           IFacq |-> 2,
           IFrel |-> 3,
           IDacq |-> 3,
           IDrel |-> 4,
           FUacq |-> 7,
           FUrel |-> 8,
           COM |-> 8,
           ROB |-> 3,
           RS |-> 3,
           FU |-> 1 ],
         [ ind |-> 5694,
           addr |-> "0x104f0",
           IFacq |-> 2,
           IFrel |-> 3,
           IDacq |-> 3,
           IDrel |-> 4,
           FUacq |-> 5,
           FUrel |-> 6,
           COM |-> 8,
           ROB |-> 3,
           RS |-> 3,
           FU |-> 2 ],
         [ ind |-> 5695,
           addr |-> "0x104f2",
           IFacq |-> 3,
           IFrel |-> 4,
           IDacq |-> 4,
           IDrel |-> 5,
           FUacq |-> 8,
           FUrel |-> 9,
           COM |-> 9,
           ROB |-> 4,
           RS |-> 4,
           FU |-> 1 ],
         [ ind |-> 5696,
           addr |-> "0x104f4",
           IFacq |-> 3,
           IFrel |-> 4,
           IDacq |-> 4,
           IDrel |-> 5,
           FUacq |-> 6,
           FUrel |-> 7,
           COM |-> 9,
           ROB |-> 4,
           RS |-> 4,
           FU |-> 2 ],
         [ ind |-> 5697,
           addr |-> "0x104f8",
           IFacq |-> 3,
           IFrel |-> 4,
           IDacq |-> 4,
           IDrel |-> 5,
           FUacq |-> 7,
           FUrel |-> 8,
           COM |-> 9,
           ROB |-> 4,
           RS |-> 4,
           FU |-> 2 ],
         [ ind |-> 5698,
           addr |-> "0x104fc",
           IFacq |-> 3,
           IFrel |-> 4,
           IDacq |-> 4,
           IDrel |-> 5,
           FUacq |-> 8,
           FUrel |-> 9,
           COM |-> 9,
           ROB |-> 4,
           RS |-> 4,
           FU |-> 2 ],
         [ ind |-> 5699,
           addr |-> "0x10500",
           IFacq |-> 4,
           IFrel |-> 5,
           IDacq |-> 5,
           IDrel |-> 7,
           FUacq |-> 9,
           FUrel |-> 10,
           COM |-> 10,
           ROB |-> 6,
           RS |-> 6,
           FU |-> 1 ],
         [ ind |-> 5700,
           addr |-> "0x105c4",
           IFacq |-> 4,
           IFrel |-> 5,
           IDacq |-> 5,
           IDrel |-> 7,
           FUacq |-> 9,
           FUrel |-> 10,
           COM |-> 10,
           ROB |-> 6,
           RS |-> 6,
           FU |-> 2 ],
         [ ind |-> 5701,
           addr |-> "0x105c8",
           IFacq |-> 4,
           IFrel |-> 5,
           IDacq |-> 5,
           IDrel |-> 7,
           FUacq |-> 10,
           FUrel |-> 11,
           COM |-> 11,
           ROB |-> 6,
           RS |-> 6,
           FU |-> 1 ],
         [ ind |-> 5702,
           addr |-> "0x105cc",
           IFacq |-> 4,
           IFrel |-> 5,
           IDacq |-> 5,
           IDrel |-> 7,
           FUacq |-> 11,
           FUrel |-> 12,
           COM |-> 0,
           ROB |-> 6,
           RS |-> 6,
           FU |-> 1 ],
         [ ind |-> 5703,
           addr |-> "0x105d0",
           IFacq |-> 5,
           IFrel |-> 6,
           IDacq |-> 7,
           IDrel |-> 10,
           FUacq |-> 0,
           FUrel |-> 0,
           COM |-> 0,
           ROB |-> 9,
           RS |-> 9,
           FU |-> 0 ],
         [ ind |-> 5704,
           addr |-> "0x10502",
           IFacq |-> 5,
           IFrel |-> 6,
           IDacq |-> 7,
           IDrel |-> 10,
           FUacq |-> 0,
           FUrel |-> 0,
           COM |-> 0,
           ROB |-> 9,
           RS |-> 9,
           FU |-> 0 ],
         [ ind |-> 5705,
           addr |-> "0x10504",
           IFacq |-> 5,
           IFrel |-> 6,
           IDacq |-> 7,
           IDrel |-> 10,
           FUacq |-> 10,
           FUrel |-> 11,
           COM |-> 0,
           ROB |-> 9,
           RS |-> 9,
           FU |-> 2 ],
         [ ind |-> 5706,
           addr |-> "0x10508",
           IFacq |-> 5,
           IFrel |-> 6,
           IDacq |-> 7,
           IDrel |-> 10,
           FUacq |-> 11,
           FUrel |-> 12,
           COM |-> 0,
           ROB |-> 9,
           RS |-> 9,
           FU |-> 2 ],
         [ ind |-> 5707,
           addr |-> "0x1050c",
           IFacq |-> 7,
           IFrel |-> 8,
           IDacq |-> 10,
           IDrel |-> 11,
           FUacq |-> 0,
           FUrel |-> 0,
           COM |-> 0,
           ROB |-> 10,
           RS |-> 10,
           FU |-> 0 ],
         [ ind |-> 5708,
           addr |-> "0x1059e",
           IFacq |-> 7,
           IFrel |-> 8,
           IDacq |-> 10,
           IDrel |-> 11,
           FUacq |-> 0,
           FUrel |-> 0,
           COM |-> 0,
           ROB |-> 10,
           RS |-> 10,
           FU |-> 0 ],
         [ ind |-> 5709,
           addr |-> "0x105a2",
           IFacq |-> 7,
           IFrel |-> 8,
           IDacq |-> 10,
           IDrel |-> 11,
           FUacq |-> 0,
           FUrel |-> 0,
           COM |-> 0,
           ROB |-> 10,
           RS |-> 10,
           FU |-> 0 ],
         [ ind |-> 5710,
           addr |-> "0x105a6",
           IFacq |-> 7,
           IFrel |-> 8,
           IDacq |-> 10,
           IDrel |-> 11,
           FUacq |-> 0,
           FUrel |-> 0,
           COM |-> 0,
           ROB |-> 10,
           RS |-> 10,
           FU |-> 0 ],
         [ ind |-> 5711,
           addr |-> "0x105aa",
           IFacq |-> 10,
           IFrel |-> 11,
           IDacq |-> 11,
           IDrel |-> 0,
           FUacq |-> 0,
           FUrel |-> 0,
           COM |-> 0,
           ROB |-> 0,
           RS |-> 11,
           FU |-> 0 ],
         [ ind |-> 5712,
           addr |-> "0x1050e",
           IFacq |-> 10,
           IFrel |-> 11,
           IDacq |-> 11,
           IDrel |-> 0,
           FUacq |-> 0,
           FUrel |-> 0,
           COM |-> 0,
           ROB |-> 0,
           RS |-> 11,
           FU |-> 0 ],
         [ ind |-> 5713,
           addr |-> "0x10512",
           IFacq |-> 10,
           IFrel |-> 11,
           IDacq |-> 11,
           IDrel |-> 0,
           FUacq |-> 0,
           FUrel |-> 0,
           COM |-> 0,
           ROB |-> 0,
           RS |-> 11,
           FU |-> 0 ],
         [ ind |-> 5714,
           addr |-> "0x10516",
           IFacq |-> 10,
           IFrel |-> 11,
           IDacq |-> 11,
           IDrel |-> 0,
           FUacq |-> 0,
           FUrel |-> 0,
           COM |-> 0,
           ROB |-> 0,
           RS |-> 11,
           FU |-> 0 ],
         [ ind |-> 5715,
           addr |-> "0x1051a",
           IFacq |-> 11,
           IFrel |-> 12,
           IDacq |-> 0,
           IDrel |-> 0,
           FUacq |-> 0,
           FUrel |-> 0,
           COM |-> 0,
           ROB |-> 0,
           RS |-> 0,
           FU |-> 0 ],
         [ ind |-> 5716,
           addr |-> "0x1051e",
           IFacq |-> 11,
           IFrel |-> 12,
           IDacq |-> 0,
           IDrel |-> 0,
           FUacq |-> 0,
           FUrel |-> 0,
           COM |-> 0,
           ROB |-> 0,
           RS |-> 0,
           FU |-> 0 ],
         [ ind |-> 5717,
           addr |-> "0x10522",
           IFacq |-> 11,
           IFrel |-> 12,
           IDacq |-> 0,
           IDrel |-> 0,
           FUacq |-> 0,
           FUrel |-> 0,
           COM |-> 0,
           ROB |-> 0,
           RS |-> 0,
           FU |-> 0 ],
         [ ind |-> 5718,
           addr |-> "0x10524",
           IFacq |-> 11,
           IFrel |-> 12,
           IDacq |-> 0,
           IDrel |-> 0,
           FUacq |-> 0,
           FUrel |-> 0,
           COM |-> 0,
           ROB |-> 0,
           RS |-> 0,
           FU |-> 0 ] >>,
  edges |->
      { [type |-> "D", source |-> 5687, dest |-> 5690],
        [type |-> "D", source |-> 5693, dest |-> 5695],
        [type |-> "D", source |-> 5700, dest |-> 5701] } ]
/\ currCycle2 = 12
/\ _IF2 = << [ instr |->
         [ ind |-> 5711,
           type |-> "IntAlu",
           r0 |-> "a5",
           r1 |-> "a4",
           r2 |-> "",
           addr |-> "0x105aa" ],
     baseLat |-> 1,
     currLat |-> 3 ],
   [ instr |->
         [ ind |-> 5712,
           type |-> "IntAlu",
           r0 |-> "a4",
           r1 |-> "zero",
           r2 |-> "",
           addr |-> "0x1050e" ],
     baseLat |-> 1,
     currLat |-> 3 ],
   [ instr |->
         [ ind |-> 5713,
           type |-> "MemRead",
           r0 |-> "a5",
           r1 |-> "",
           r2 |-> "",
           addr |-> "0x10512" ],
     baseLat |-> 1,
     currLat |-> 3 ],
   [ instr |->
         [ ind |-> 5714,
           type |-> "IntAlu",
           r0 |-> "a5",
           r1 |-> "a4",
           r2 |-> "a5",
           addr |-> "0x10516" ],
     baseLat |-> 1,
     currLat |-> 3 ] >>
/\ graph2 = [ nodes |->
      << [ ind |-> 5687,
           addr |-> "0x105e2",
           IFacq |-> 1,
           IFrel |-> 2,
           IDacq |-> 2,
           IDrel |-> 3,
           FUacq |-> 3,
           FUrel |-> 4,
           COM |-> 4,
           ROB |-> 2,
           RS |-> 2,
           FU |-> 1 ],
         [ ind |-> 5688,
           addr |-> "0x105e4",
           IFacq |-> 1,
           IFrel |-> 2,
           IDacq |-> 2,
           IDrel |-> 3,
           FUacq |-> 3,
           FUrel |-> 4,
           COM |-> 4,
           ROB |-> 2,
           RS |-> 2,
           FU |-> 2 ],
         [ ind |-> 5689,
           addr |-> "0x105e6",
           IFacq |-> 1,
           IFrel |-> 2,
           IDacq |-> 2,
           IDrel |-> 3,
           FUacq |-> 4,
           FUrel |-> 5,
           COM |-> 5,
           ROB |-> 2,
           RS |-> 2,
           FU |-> 2 ],
         [ ind |-> 5690,
           addr |-> "0x105e8",
           IFacq |-> 1,
           IFrel |-> 2,
           IDacq |-> 2,
           IDrel |-> 3,
           FUacq |-> 4,
           FUrel |-> 5,
           COM |-> 5,
           ROB |-> 2,
           RS |-> 2,
           FU |-> 1 ],
         [ ind |-> 5691,
           addr |-> "0x105ea",
           IFacq |-> 2,
           IFrel |-> 3,
           IDacq |-> 3,
           IDrel |-> 4,
           FUacq |-> 5,
           FUrel |-> 6,
           COM |-> 6,
           ROB |-> 3,
           RS |-> 3,
           FU |-> 1 ],
         [ ind |-> 5692,
           addr |-> "0x105ee",
           IFacq |-> 2,
           IFrel |-> 3,
           IDacq |-> 3,
           IDrel |-> 4,
           FUacq |-> 6,
           FUrel |-> 7,
           COM |-> 7,
           ROB |-> 3,
           RS |-> 3,
           FU |-> 1 ],
         [ ind |-> 5693,
           addr |-> "0x104ee",
           IFacq |-> 2,
           IFrel |-> 3,
           IDacq |-> 3,
           IDrel |-> 4,
           FUacq |-> 7,
           FUrel |-> 8,
           COM |-> 8,
           ROB |-> 3,
           RS |-> 3,
           FU |-> 1 ],
         [ ind |-> 5694,
           addr |-> "0x104f0",
           IFacq |-> 2,
           IFrel |-> 3,
           IDacq |-> 3,
           IDrel |-> 4,
           FUacq |-> 5,
           FUrel |-> 6,
           COM |-> 8,
           ROB |-> 3,
           RS |-> 3,
           FU |-> 2 ],
         [ ind |-> 5695,
           addr |-> "0x104f2",
           IFacq |-> 3,
           IFrel |-> 4,
           IDacq |-> 4,
           IDrel |-> 5,
           FUacq |-> 8,
           FUrel |-> 9,
           COM |-> 9,
           ROB |-> 4,
           RS |-> 4,
           FU |-> 1 ],
         [ ind |-> 5696,
           addr |-> "0x104f4",
           IFacq |-> 3,
           IFrel |-> 4,
           IDacq |-> 4,
           IDrel |-> 5,
           FUacq |-> 6,
           FUrel |-> 7,
           COM |-> 9,
           ROB |-> 4,
           RS |-> 4,
           FU |-> 2 ],
         [ ind |-> 5697,
           addr |-> "0x104f8",
           IFacq |-> 3,
           IFrel |-> 4,
           IDacq |-> 4,
           IDrel |-> 5,
           FUacq |-> 7,
           FUrel |-> 8,
           COM |-> 9,
           ROB |-> 4,
           RS |-> 4,
           FU |-> 2 ],
         [ ind |-> 5698,
           addr |-> "0x104fc",
           IFacq |-> 3,
           IFrel |-> 4,
           IDacq |-> 4,
           IDrel |-> 5,
           FUacq |-> 8,
           FUrel |-> 0,
           COM |-> 0,
           ROB |-> 4,
           RS |-> 4,
           FU |-> 2 ],
         [ ind |-> 5699,
           addr |-> "0x10500",
           IFacq |-> 4,
           IFrel |-> 5,
           IDacq |-> 5,
           IDrel |-> 7,
           FUacq |-> 9,
           FUrel |-> 10,
           COM |-> 0,
           ROB |-> 6,
           RS |-> 6,
           FU |-> 1 ],
         [ ind |-> 5700,
           addr |-> "0x105c4",
           IFacq |-> 4,
           IFrel |-> 5,
           IDacq |-> 5,
           IDrel |-> 7,
           FUacq |-> 0,
           FUrel |-> 0,
           COM |-> 0,
           ROB |-> 6,
           RS |-> 6,
           FU |-> 0 ],
         [ ind |-> 5701,
           addr |-> "0x105c8",
           IFacq |-> 4,
           IFrel |-> 5,
           IDacq |-> 5,
           IDrel |-> 7,
           FUacq |-> 0,
           FUrel |-> 0,
           COM |-> 0,
           ROB |-> 6,
           RS |-> 6,
           FU |-> 0 ],
         [ ind |-> 5702,
           addr |-> "0x105cc",
           IFacq |-> 4,
           IFrel |-> 5,
           IDacq |-> 5,
           IDrel |-> 7,
           FUacq |-> 0,
           FUrel |-> 0,
           COM |-> 0,
           ROB |-> 6,
           RS |-> 6,
           FU |-> 0 ],
         [ ind |-> 5703,
           addr |-> "0x105d0",
           IFacq |-> 5,
           IFrel |-> 6,
           IDacq |-> 7,
           IDrel |-> 10,
           FUacq |-> 0,
           FUrel |-> 0,
           COM |-> 0,
           ROB |-> 9,
           RS |-> 9,
           FU |-> 0 ],
         [ ind |-> 5704,
           addr |-> "0x10502",
           IFacq |-> 5,
           IFrel |-> 6,
           IDacq |-> 7,
           IDrel |-> 10,
           FUacq |-> 10,
           FUrel |-> 11,
           COM |-> 0,
           ROB |-> 9,
           RS |-> 9,
           FU |-> 1 ],
         [ ind |-> 5705,
           addr |-> "0x10504",
           IFacq |-> 5,
           IFrel |-> 6,
           IDacq |-> 7,
           IDrel |-> 10,
           FUacq |-> 0,
           FUrel |-> 0,
           COM |-> 0,
           ROB |-> 9,
           RS |-> 9,
           FU |-> 0 ],
         [ ind |-> 5706,
           addr |-> "0x10508",
           IFacq |-> 5,
           IFrel |-> 6,
           IDacq |-> 7,
           IDrel |-> 10,
           FUacq |-> 0,
           FUrel |-> 0,
           COM |-> 0,
           ROB |-> 9,
           RS |-> 9,
           FU |-> 0 ],
         [ ind |-> 5707,
           addr |-> "0x1050c",
           IFacq |-> 7,
           IFrel |-> 8,
           IDacq |-> 10,
           IDrel |-> 0,
           FUacq |-> 0,
           FUrel |-> 0,
           COM |-> 0,
           ROB |-> 0,
           RS |-> 11,
           FU |-> 0 ],
         [ ind |-> 5708,
           addr |-> "0x1059e",
           IFacq |-> 7,
           IFrel |-> 8,
           IDacq |-> 10,
           IDrel |-> 0,
           FUacq |-> 0,
           FUrel |-> 0,
           COM |-> 0,
           ROB |-> 0,
           RS |-> 11,
           FU |-> 0 ],
         [ ind |-> 5709,
           addr |-> "0x105a2",
           IFacq |-> 7,
           IFrel |-> 8,
           IDacq |-> 10,
           IDrel |-> 0,
           FUacq |-> 0,
           FUrel |-> 0,
           COM |-> 0,
           ROB |-> 0,
           RS |-> 11,
           FU |-> 0 ],
         [ ind |-> 5710,
           addr |-> "0x105a6",
           IFacq |-> 7,
           IFrel |-> 8,
           IDacq |-> 10,
           IDrel |-> 0,
           FUacq |-> 0,
           FUrel |-> 0,
           COM |-> 0,
           ROB |-> 0,
           RS |-> 11,
           FU |-> 0 ],
         [ ind |-> 5711,
           addr |-> "0x105aa",
           IFacq |-> 10,
           IFrel |-> 11,
           IDacq |-> 0,
           IDrel |-> 0,
           FUacq |-> 0,
           FUrel |-> 0,
           COM |-> 0,
           ROB |-> 0,
           RS |-> 0,
           FU |-> 0 ],
         [ ind |-> 5712,
           addr |-> "0x1050e",
           IFacq |-> 10,
           IFrel |-> 11,
           IDacq |-> 0,
           IDrel |-> 0,
           FUacq |-> 0,
           FUrel |-> 0,
           COM |-> 0,
           ROB |-> 0,
           RS |-> 0,
           FU |-> 0 ],
         [ ind |-> 5713,
           addr |-> "0x10512",
           IFacq |-> 10,
           IFrel |-> 11,
           IDacq |-> 0,
           IDrel |-> 0,
           FUacq |-> 0,
           FUrel |-> 0,
           COM |-> 0,
           ROB |-> 0,
           RS |-> 0,
           FU |-> 0 ],
         [ ind |-> 5714,
           addr |-> "0x10516",
           IFacq |-> 10,
           IFrel |-> 11,
           IDacq |-> 0,
           IDrel |-> 0,
           FUacq |-> 0,
           FUrel |-> 0,
           COM |-> 0,
           ROB |-> 0,
           RS |-> 0,
           FU |-> 0 ] >>,
  edges |->
      { [type |-> "D", source |-> 5687, dest |-> 5690],
        [type |-> "D", source |-> 5693, dest |-> 5695] } ]
/\ pc2 = 28
/\ robHead = 16
/\ rob = << [ instr |->
         [ ind |-> 5687,
           type |-> "IntAlu",
           r0 |-> "sp",
           r1 |-> "",
           r2 |-> "",
           addr |-> "0x105e2" ],
     executed |-> TRUE,
     done |-> TRUE ],
   [ instr |->
         [ ind |-> 5688,
           type |-> "MemWrite",
           r0 |-> "ra",
           r1 |-> "",
           r2 |-> "",
           addr |-> "0x105e4" ],
     executed |-> TRUE,
     done |-> TRUE ],
   [ instr |->
         [ ind |-> 5689,
           type |-> "MemWrite",
           r0 |-> "s0",
           r1 |-> "",
           r2 |-> "",
           addr |-> "0x105e6" ],
     executed |-> TRUE,
     done |-> TRUE ],
   [ instr |->
         [ ind |-> 5690,
           type |-> "IntAlu",
           r0 |-> "s0",
           r1 |-> "sp",
           r2 |-> "",
           addr |-> "0x105e8" ],
     executed |-> TRUE,
     done |-> TRUE ],
   [ instr |->
         [ ind |-> 5691,
           type |-> "IntAlu",
           r0 |-> "a0",
           r1 |-> "gp",
           r2 |-> "",
           addr |-> "0x105ea" ],
     executed |-> TRUE,
     done |-> TRUE ],
   [ instr |->
         [ ind |-> 5692,
           type |-> "IntAlu",
           r0 |-> "ra",
           r1 |-> "",
           r2 |-> "",
           addr |-> "0x105ee" ],
     executed |-> TRUE,
     done |-> TRUE ],
   [ instr |->
         [ ind |-> 5693,
           type |-> "IntAlu",
           r0 |-> "sp",
           r1 |-> "",
           r2 |-> "",
           addr |-> "0x104ee" ],
     executed |-> TRUE,
     done |-> TRUE ],
   [ instr |->
         [ ind |-> 5694,
           type |-> "MemWrite",
           r0 |-> "s0",
           r1 |-> "",
           r2 |-> "",
           addr |-> "0x104f0" ],
     executed |-> TRUE,
     done |-> TRUE ],
   [ instr |->
         [ ind |-> 5695,
           type |-> "IntAlu",
           r0 |-> "s0",
           r1 |-> "sp",
           r2 |-> "",
           addr |-> "0x104f2" ],
     executed |-> TRUE,
     done |-> TRUE ],
   [ instr |->
         [ ind |-> 5696,
           type |-> "MemWrite",
           r0 |-> "a0",
           r1 |-> "",
           r2 |-> "",
           addr |-> "0x104f4" ],
     executed |-> TRUE,
     done |-> TRUE ],
   [ instr |->
         [ ind |-> 5697,
           type |-> "MemWrite",
           r0 |-> "zero",
           r1 |-> "",
           r2 |-> "",
           addr |-> "0x104f8" ],
     executed |-> TRUE,
     done |-> TRUE ],
   [ instr |->
         [ ind |-> 5698,
           type |-> "MemWrite",
           r0 |-> "zero",
           r1 |-> "",
           r2 |-> "",
           addr |-> "0x104fc" ],
     executed |-> TRUE,
     done |-> TRUE ],
   [ instr |->
         [ ind |-> 5699,
           type |-> "IntAlu",
           r0 |-> "",
           r1 |-> "",
           r2 |-> "",
           addr |-> "0x10500" ],
     executed |-> TRUE,
     done |-> TRUE ],
   [ instr |->
         [ ind |-> 5700,
           type |-> "MemRead",
           r0 |-> "a5",
           r1 |-> "",
           r2 |-> "",
           addr |-> "0x105c4" ],
     executed |-> TRUE,
     done |-> TRUE ],
   [ instr |->
         [ ind |-> 5701,
           type |-> "IntAlu",
           r0 |-> "a4",
           r1 |-> "a5",
           r2 |-> "",
           addr |-> "0x105c8" ],
     executed |-> TRUE,
     done |-> TRUE ],
   [ instr |->
         [ ind |-> 5702,
           type |-> "IntAlu",
           r0 |-> "a5",
           r1 |-> "zero",
           r2 |-> "",
           addr |-> "0x105cc" ],
     executed |-> TRUE,
     done |-> FALSE ],
   [ instr |->
         [ ind |-> 5703,
           type |-> "IntAlu",
           r0 |-> "a5",
           r1 |-> "a4",
           r2 |-> "",
           addr |-> "0x105d0" ],
     executed |-> FALSE,
     done |-> FALSE ],
   [ instr |->
         [ ind |-> 5704,
           type |-> "IntAlu",
           r0 |-> "a5",
           r1 |-> "",
           r2 |-> "",
           addr |-> "0x10502" ],
     executed |-> FALSE,
     done |-> FALSE ],
   [ instr |->
         [ ind |-> 5705,
           type |-> "MemWrite",
           r0 |-> "a5",
           r1 |-> "",
           r2 |-> "",
           addr |-> "0x10504" ],
     executed |-> TRUE,
     done |-> FALSE ],
   [ instr |->
         [ ind |-> 5706,
           type |-> "MemWrite",
           r0 |-> "zero",
           r1 |-> "",
           r2 |-> "",
           addr |-> "0x10508" ],
     executed |-> TRUE,
     done |-> FALSE ],
   [ instr |->
         [ ind |-> 5707,
           type |-> "IntAlu",
           r0 |-> "",
           r1 |-> "",
           r2 |-> "",
           addr |-> "0x1050c" ],
     executed |-> FALSE,
     done |-> FALSE ],
   [ instr |->
         [ ind |-> 5708,
           type |-> "MemRead",
           r0 |-> "a5",
           r1 |-> "",
           r2 |-> "",
           addr |-> "0x1059e" ],
     executed |-> FALSE,
     done |-> FALSE ],
   [ instr |->
         [ ind |-> 5709,
           type |-> "IntAlu",
           r0 |-> "a4",
           r1 |-> "a5",
           r2 |-> "",
           addr |-> "0x105a2" ],
     executed |-> FALSE,
     done |-> FALSE ],
   [ instr |->
         [ ind |-> 5710,
           type |-> "IntAlu",
           r0 |-> "a5",
           r1 |-> "zero",
           r2 |-> "",
           addr |-> "0x105a6" ],
     executed |-> FALSE,
     done |-> FALSE ] >>
/\ _RS = << { [ ind |-> 5704,
       type |-> "IntAlu",
       r0 |-> "a5",
       r1 |-> "",
       r2 |-> "",
       addr |-> "0x10502" ],
     [ ind |-> 5707,
       type |-> "IntAlu",
       r0 |-> "",
       r1 |-> "",
       r2 |-> "",
       addr |-> "0x1050c" ],
     [ ind |-> 5709,
       type |-> "IntAlu",
       r0 |-> "a4",
       r1 |-> "a5",
       r2 |-> "",
       addr |-> "0x105a2" ],
     [ ind |-> 5710,
       type |-> "IntAlu",
       r0 |-> "a5",
       r1 |-> "zero",
       r2 |-> "",
       addr |-> "0x105a6" ] },
   {},
   {},
   {},
   {} >>
/\ currCycle = 12
/\ exec_inst = 1
/\ robHead2 = 12
/\ pc = 32
/\ cpt = 0
/\ rob2 = << [ instr |->
         [ ind |-> 5687,
           type |-> "IntAlu",
           r0 |-> "sp",
           r1 |-> "",
           r2 |-> "",
           addr |-> "0x105e2" ],
     executed |-> TRUE,
     done |-> TRUE ],
   [ instr |->
         [ ind |-> 5688,
           type |-> "MemWrite",
           r0 |-> "ra",
           r1 |-> "",
           r2 |-> "",
           addr |-> "0x105e4" ],
     executed |-> TRUE,
     done |-> TRUE ],
   [ instr |->
         [ ind |-> 5689,
           type |-> "MemWrite",
           r0 |-> "s0",
           r1 |-> "",
           r2 |-> "",
           addr |-> "0x105e6" ],
     executed |-> TRUE,
     done |-> TRUE ],
   [ instr |->
         [ ind |-> 5690,
           type |-> "IntAlu",
           r0 |-> "s0",
           r1 |-> "sp",
           r2 |-> "",
           addr |-> "0x105e8" ],
     executed |-> TRUE,
     done |-> TRUE ],
   [ instr |->
         [ ind |-> 5691,
           type |-> "IntAlu",
           r0 |-> "a0",
           r1 |-> "gp",
           r2 |-> "",
           addr |-> "0x105ea" ],
     executed |-> TRUE,
     done |-> TRUE ],
   [ instr |->
         [ ind |-> 5692,
           type |-> "IntAlu",
           r0 |-> "ra",
           r1 |-> "",
           r2 |-> "",
           addr |-> "0x105ee" ],
     executed |-> TRUE,
     done |-> TRUE ],
   [ instr |->
         [ ind |-> 5693,
           type |-> "IntAlu",
           r0 |-> "sp",
           r1 |-> "",
           r2 |-> "",
           addr |-> "0x104ee" ],
     executed |-> TRUE,
     done |-> TRUE ],
   [ instr |->
         [ ind |-> 5694,
           type |-> "MemWrite",
           r0 |-> "s0",
           r1 |-> "",
           r2 |-> "",
           addr |-> "0x104f0" ],
     executed |-> TRUE,
     done |-> TRUE ],
   [ instr |->
         [ ind |-> 5695,
           type |-> "IntAlu",
           r0 |-> "s0",
           r1 |-> "sp",
           r2 |-> "",
           addr |-> "0x104f2" ],
     executed |-> TRUE,
     done |-> TRUE ],
   [ instr |->
         [ ind |-> 5696,
           type |-> "MemWrite",
           r0 |-> "a0",
           r1 |-> "",
           r2 |-> "",
           addr |-> "0x104f4" ],
     executed |-> TRUE,
     done |-> TRUE ],
   [ instr |->
         [ ind |-> 5697,
           type |-> "MemWrite",
           r0 |-> "zero",
           r1 |-> "",
           r2 |-> "",
           addr |-> "0x104f8" ],
     executed |-> TRUE,
     done |-> TRUE ],
   [ instr |->
         [ ind |-> 5698,
           type |-> "MemWrite",
           r0 |-> "zero",
           r1 |-> "",
           r2 |-> "",
           addr |-> "0x104fc" ],
     executed |-> FALSE,
     done |-> FALSE ],
   [ instr |->
         [ ind |-> 5699,
           type |-> "IntAlu",
           r0 |-> "",
           r1 |-> "",
           r2 |-> "",
           addr |-> "0x10500" ],
     executed |-> TRUE,
     done |-> FALSE ],
   [ instr |->
         [ ind |-> 5700,
           type |-> "MemRead",
           r0 |-> "a5",
           r1 |-> "",
           r2 |-> "",
           addr |-> "0x105c4" ],
     executed |-> FALSE,
     done |-> FALSE ],
   [ instr |->
         [ ind |-> 5701,
           type |-> "IntAlu",
           r0 |-> "a4",
           r1 |-> "a5",
           r2 |-> "",
           addr |-> "0x105c8" ],
     executed |-> FALSE,
     done |-> FALSE ],
   [ instr |->
         [ ind |-> 5702,
           type |-> "IntAlu",
           r0 |-> "a5",
           r1 |-> "zero",
           r2 |-> "",
           addr |-> "0x105cc" ],
     executed |-> FALSE,
     done |-> FALSE ],
   [ instr |->
         [ ind |-> 5703,
           type |-> "IntAlu",
           r0 |-> "a5",
           r1 |-> "a4",
           r2 |-> "",
           addr |-> "0x105d0" ],
     executed |-> FALSE,
     done |-> FALSE ],
   [ instr |->
         [ ind |-> 5704,
           type |-> "IntAlu",
           r0 |-> "a5",
           r1 |-> "",
           r2 |-> "",
           addr |-> "0x10502" ],
     executed |-> TRUE,
     done |-> FALSE ],
   [ instr |->
         [ ind |-> 5705,
           type |-> "MemWrite",
           r0 |-> "a5",
           r1 |-> "",
           r2 |-> "",
           addr |-> "0x10504" ],
     executed |-> FALSE,
     done |-> FALSE ],
   [ instr |->
         [ ind |-> 5706,
           type |-> "MemWrite",
           r0 |-> "zero",
           r1 |-> "",
           r2 |-> "",
           addr |-> "0x10508" ],
     executed |-> FALSE,
     done |-> FALSE ] >>
/\ _FU = << [ instr |->
         [ ind |-> 5703,
           type |-> "IntAlu",
           r0 |-> "a5",
           r1 |-> "a4",
           r2 |-> "",
           addr |-> "0x105d0" ],
     baseLat |-> 1,
     currLat |-> 1 ],
   [ instr |->
         [ ind |-> 5708,
           type |-> "MemRead",
           r0 |-> "a5",
           r1 |-> "",
           r2 |-> "",
           addr |-> "0x1059e" ],
     baseLat |-> 1,
     currLat |-> 1 ],
   [ instr |->
         [ ind |-> 0,
           type |-> "No_OpClass",
           r0 |-> "",
           r1 |-> "",
           r2 |-> "",
           addr |-> "" ],
     baseLat |-> 1,
     currLat |-> 1 ],
   [ instr |->
         [ ind |-> 0,
           type |-> "No_OpClass",
           r0 |-> "",
           r1 |-> "",
           r2 |-> "",
           addr |-> "" ],
     baseLat |-> 1,
     currLat |-> 1 ],
   [ instr |->
         [ ind |-> 0,
           type |-> "No_OpClass",
           r0 |-> "",
           r1 |-> "",
           r2 |-> "",
           addr |-> "" ],
     baseLat |-> 1,
     currLat |-> 1 ] >>

@!@!@ENDMSG 2217 @!@!@
@!@!@STARTMSG 2217:4 @!@!@
14: <Next line 60, col 9 to line 65, col 35 of module pipeline_ooo>
/\ _RS2 = << { [ ind |-> 5701,
       type |-> "IntAlu",
       r0 |-> "a4",
       r1 |-> "a5",
       r2 |-> "",
       addr |-> "0x105c8" ],
     [ ind |-> 5702,
       type |-> "IntAlu",
       r0 |-> "a5",
       r1 |-> "zero",
       r2 |-> "",
       addr |-> "0x105cc" ],
     [ ind |-> 5703,
       type |-> "IntAlu",
       r0 |-> "a5",
       r1 |-> "a4",
       r2 |-> "",
       addr |-> "0x105d0" ] },
   { [ ind |-> 5700,
       type |-> "MemRead",
       r0 |-> "a5",
       r1 |-> "",
       r2 |-> "",
       addr |-> "0x105c4" ],
     [ ind |-> 5705,
       type |-> "MemWrite",
       r0 |-> "a5",
       r1 |-> "",
       r2 |-> "",
       addr |-> "0x10504" ],
     [ ind |-> 5706,
       type |-> "MemWrite",
       r0 |-> "zero",
       r1 |-> "",
       r2 |-> "",
       addr |-> "0x10508" ] },
   {},
   {},
   {} >>
/\ _COM2 = << [ ind |-> 0,
     type |-> "No_OpClass",
     r0 |-> "",
     r1 |-> "",
     r2 |-> "",
     addr |-> "" ],
   [ ind |-> 0,
     type |-> "No_OpClass",
     r0 |-> "",
     r1 |-> "",
     r2 |-> "",
     addr |-> "" ],
   [ ind |-> 0,
     type |-> "No_OpClass",
     r0 |-> "",
     r1 |-> "",
     r2 |-> "",
     addr |-> "" ],
   [ ind |-> 0,
     type |-> "No_OpClass",
     r0 |-> "",
     r1 |-> "",
     r2 |-> "",
     addr |-> "" ] >>
/\ _ID = << [ ind |-> 5711,
     type |-> "IntAlu",
     r0 |-> "a5",
     r1 |-> "a4",
     r2 |-> "",
     addr |-> "0x105aa" ],
   [ ind |-> 5712,
     type |-> "IntAlu",
     r0 |-> "a4",
     r1 |-> "zero",
     r2 |-> "",
     addr |-> "0x1050e" ],
   [ ind |-> 5713,
     type |-> "MemRead",
     r0 |-> "a5",
     r1 |-> "",
     r2 |-> "",
     addr |-> "0x10512" ],
   [ ind |-> 5714,
     type |-> "IntAlu",
     r0 |-> "a5",
     r1 |-> "a4",
     r2 |-> "a5",
     addr |-> "0x10516" ] >>
/\ _IF = << [ instr |->
         [ ind |-> 5715,
           type |-> "IntAlu",
           r0 |-> "a4",
           r1 |-> "a5",
           r2 |-> "",
           addr |-> "0x1051a" ],
     baseLat |-> 1,
     currLat |-> 3 ],
   [ instr |->
         [ ind |-> 5716,
           type |-> "MemRead",
           r0 |-> "a5",
           r1 |-> "",
           r2 |-> "",
           addr |-> "0x1051e" ],
     baseLat |-> 1,
     currLat |-> 3 ],
   [ instr |->
         [ ind |-> 5717,
           type |-> "IntAlu",
           r0 |-> "a5",
           r1 |-> "",
           r2 |-> "",
           addr |-> "0x10522" ],
     baseLat |-> 1,
     currLat |-> 3 ],
   [ instr |->
         [ ind |-> 5718,
           type |-> "IntAlu",
           r0 |-> "a4",
           r1 |-> "a5",
           r2 |-> "",
           addr |-> "0x10524" ],
     baseLat |-> 1,
     currLat |-> 3 ] >>
/\ _FU2 = << [ instr |->
         [ ind |-> 0,
           type |-> "No_OpClass",
           r0 |-> "",
           r1 |-> "",
           r2 |-> "",
           addr |-> "" ],
     baseLat |-> 1,
     currLat |-> 1 ],
   [ instr |->
         [ ind |-> 5698,
           type |-> "MemWrite",
           r0 |-> "zero",
           r1 |-> "",
           r2 |-> "",
           addr |-> "0x104fc" ],
     baseLat |-> 10,
     currLat |-> 6 ],
   [ instr |->
         [ ind |-> 0,
           type |-> "No_OpClass",
           r0 |-> "",
           r1 |-> "",
           r2 |-> "",
           addr |-> "" ],
     baseLat |-> 1,
     currLat |-> 1 ],
   [ instr |->
         [ ind |-> 0,
           type |-> "No_OpClass",
           r0 |-> "",
           r1 |-> "",
           r2 |-> "",
           addr |-> "" ],
     baseLat |-> 1,
     currLat |-> 1 ],
   [ instr |->
         [ ind |-> 0,
           type |-> "No_OpClass",
           r0 |-> "",
           r1 |-> "",
           r2 |-> "",
           addr |-> "" ],
     baseLat |-> 1,
     currLat |-> 1 ] >>
/\ _COM = << [ ind |-> 5703,
     type |-> "IntAlu",
     r0 |-> "a5",
     r1 |-> "a4",
     r2 |-> "",
     addr |-> "0x105d0" ],
   [ ind |-> 0,
     type |-> "No_OpClass",
     r0 |-> "",
     r1 |-> "",
     r2 |-> "",
     addr |-> "" ],
   [ ind |-> 0,
     type |-> "No_OpClass",
     r0 |-> "",
     r1 |-> "",
     r2 |-> "",
     addr |-> "" ],
   [ ind |-> 0,
     type |-> "No_OpClass",
     r0 |-> "",
     r1 |-> "",
     r2 |-> "",
     addr |-> "" ] >>
/\ exec_inst2 = 2
/\ _ID2 = << [ ind |-> 5707,
     type |-> "IntAlu",
     r0 |-> "",
     r1 |-> "",
     r2 |-> "",
     addr |-> "0x1050c" ],
   [ ind |-> 5708,
     type |-> "MemRead",
     r0 |-> "a5",
     r1 |-> "",
     r2 |-> "",
     addr |-> "0x1059e" ],
   [ ind |-> 5709,
     type |-> "IntAlu",
     r0 |-> "a4",
     r1 |-> "a5",
     r2 |-> "",
     addr |-> "0x105a2" ],
   [ ind |-> 5710,
     type |-> "IntAlu",
     r0 |-> "a5",
     r1 |-> "zero",
     r2 |-> "",
     addr |-> "0x105a6" ] >>
/\ graph = [ nodes |->
      << [ ind |-> 5687,
           addr |-> "0x105e2",
           IFacq |-> 1,
           IFrel |-> 2,
           IDacq |-> 2,
           IDrel |-> 3,
           FUacq |-> 3,
           FUrel |-> 4,
           COM |-> 4,
           ROB |-> 2,
           RS |-> 2,
           FU |-> 1 ],
         [ ind |-> 5688,
           addr |-> "0x105e4",
           IFacq |-> 1,
           IFrel |-> 2,
           IDacq |-> 2,
           IDrel |-> 3,
           FUacq |-> 3,
           FUrel |-> 4,
           COM |-> 4,
           ROB |-> 2,
           RS |-> 2,
           FU |-> 2 ],
         [ ind |-> 5689,
           addr |-> "0x105e6",
           IFacq |-> 1,
           IFrel |-> 2,
           IDacq |-> 2,
           IDrel |-> 3,
           FUacq |-> 4,
           FUrel |-> 5,
           COM |-> 5,
           ROB |-> 2,
           RS |-> 2,
           FU |-> 2 ],
         [ ind |-> 5690,
           addr |-> "0x105e8",
           IFacq |-> 1,
           IFrel |-> 2,
           IDacq |-> 2,
           IDrel |-> 3,
           FUacq |-> 4,
           FUrel |-> 5,
           COM |-> 5,
           ROB |-> 2,
           RS |-> 2,
           FU |-> 1 ],
         [ ind |-> 5691,
           addr |-> "0x105ea",
           IFacq |-> 2,
           IFrel |-> 3,
           IDacq |-> 3,
           IDrel |-> 4,
           FUacq |-> 5,
           FUrel |-> 6,
           COM |-> 6,
           ROB |-> 3,
           RS |-> 3,
           FU |-> 1 ],
         [ ind |-> 5692,
           addr |-> "0x105ee",
           IFacq |-> 2,
           IFrel |-> 3,
           IDacq |-> 3,
           IDrel |-> 4,
           FUacq |-> 6,
           FUrel |-> 7,
           COM |-> 7,
           ROB |-> 3,
           RS |-> 3,
           FU |-> 1 ],
         [ ind |-> 5693,
           addr |-> "0x104ee",
           IFacq |-> 2,
           IFrel |-> 3,
           IDacq |-> 3,
           IDrel |-> 4,
           FUacq |-> 7,
           FUrel |-> 8,
           COM |-> 8,
           ROB |-> 3,
           RS |-> 3,
           FU |-> 1 ],
         [ ind |-> 5694,
           addr |-> "0x104f0",
           IFacq |-> 2,
           IFrel |-> 3,
           IDacq |-> 3,
           IDrel |-> 4,
           FUacq |-> 5,
           FUrel |-> 6,
           COM |-> 8,
           ROB |-> 3,
           RS |-> 3,
           FU |-> 2 ],
         [ ind |-> 5695,
           addr |-> "0x104f2",
           IFacq |-> 3,
           IFrel |-> 4,
           IDacq |-> 4,
           IDrel |-> 5,
           FUacq |-> 8,
           FUrel |-> 9,
           COM |-> 9,
           ROB |-> 4,
           RS |-> 4,
           FU |-> 1 ],
         [ ind |-> 5696,
           addr |-> "0x104f4",
           IFacq |-> 3,
           IFrel |-> 4,
           IDacq |-> 4,
           IDrel |-> 5,
           FUacq |-> 6,
           FUrel |-> 7,
           COM |-> 9,
           ROB |-> 4,
           RS |-> 4,
           FU |-> 2 ],
         [ ind |-> 5697,
           addr |-> "0x104f8",
           IFacq |-> 3,
           IFrel |-> 4,
           IDacq |-> 4,
           IDrel |-> 5,
           FUacq |-> 7,
           FUrel |-> 8,
           COM |-> 9,
           ROB |-> 4,
           RS |-> 4,
           FU |-> 2 ],
         [ ind |-> 5698,
           addr |-> "0x104fc",
           IFacq |-> 3,
           IFrel |-> 4,
           IDacq |-> 4,
           IDrel |-> 5,
           FUacq |-> 8,
           FUrel |-> 9,
           COM |-> 9,
           ROB |-> 4,
           RS |-> 4,
           FU |-> 2 ],
         [ ind |-> 5699,
           addr |-> "0x10500",
           IFacq |-> 4,
           IFrel |-> 5,
           IDacq |-> 5,
           IDrel |-> 7,
           FUacq |-> 9,
           FUrel |-> 10,
           COM |-> 10,
           ROB |-> 6,
           RS |-> 6,
           FU |-> 1 ],
         [ ind |-> 5700,
           addr |-> "0x105c4",
           IFacq |-> 4,
           IFrel |-> 5,
           IDacq |-> 5,
           IDrel |-> 7,
           FUacq |-> 9,
           FUrel |-> 10,
           COM |-> 10,
           ROB |-> 6,
           RS |-> 6,
           FU |-> 2 ],
         [ ind |-> 5701,
           addr |-> "0x105c8",
           IFacq |-> 4,
           IFrel |-> 5,
           IDacq |-> 5,
           IDrel |-> 7,
           FUacq |-> 10,
           FUrel |-> 11,
           COM |-> 11,
           ROB |-> 6,
           RS |-> 6,
           FU |-> 1 ],
         [ ind |-> 5702,
           addr |-> "0x105cc",
           IFacq |-> 4,
           IFrel |-> 5,
           IDacq |-> 5,
           IDrel |-> 7,
           FUacq |-> 11,
           FUrel |-> 12,
           COM |-> 12,
           ROB |-> 6,
           RS |-> 6,
           FU |-> 1 ],
         [ ind |-> 5703,
           addr |-> "0x105d0",
           IFacq |-> 5,
           IFrel |-> 6,
           IDacq |-> 7,
           IDrel |-> 10,
           FUacq |-> 12,
           FUrel |-> 13,
           COM |-> 0,
           ROB |-> 9,
           RS |-> 9,
           FU |-> 1 ],
         [ ind |-> 5704,
           addr |-> "0x10502",
           IFacq |-> 5,
           IFrel |-> 6,
           IDacq |-> 7,
           IDrel |-> 10,
           FUacq |-> 0,
           FUrel |-> 0,
           COM |-> 0,
           ROB |-> 9,
           RS |-> 9,
           FU |-> 0 ],
         [ ind |-> 5705,
           addr |-> "0x10504",
           IFacq |-> 5,
           IFrel |-> 6,
           IDacq |-> 7,
           IDrel |-> 10,
           FUacq |-> 10,
           FUrel |-> 11,
           COM |-> 0,
           ROB |-> 9,
           RS |-> 9,
           FU |-> 2 ],
         [ ind |-> 5706,
           addr |-> "0x10508",
           IFacq |-> 5,
           IFrel |-> 6,
           IDacq |-> 7,
           IDrel |-> 10,
           FUacq |-> 11,
           FUrel |-> 12,
           COM |-> 0,
           ROB |-> 9,
           RS |-> 9,
           FU |-> 2 ],
         [ ind |-> 5707,
           addr |-> "0x1050c",
           IFacq |-> 7,
           IFrel |-> 8,
           IDacq |-> 10,
           IDrel |-> 11,
           FUacq |-> 0,
           FUrel |-> 0,
           COM |-> 0,
           ROB |-> 10,
           RS |-> 10,
           FU |-> 0 ],
         [ ind |-> 5708,
           addr |-> "0x1059e",
           IFacq |-> 7,
           IFrel |-> 8,
           IDacq |-> 10,
           IDrel |-> 11,
           FUacq |-> 12,
           FUrel |-> 13,
           COM |-> 0,
           ROB |-> 10,
           RS |-> 10,
           FU |-> 2 ],
         [ ind |-> 5709,
           addr |-> "0x105a2",
           IFacq |-> 7,
           IFrel |-> 8,
           IDacq |-> 10,
           IDrel |-> 11,
           FUacq |-> 0,
           FUrel |-> 0,
           COM |-> 0,
           ROB |-> 10,
           RS |-> 10,
           FU |-> 0 ],
         [ ind |-> 5710,
           addr |-> "0x105a6",
           IFacq |-> 7,
           IFrel |-> 8,
           IDacq |-> 10,
           IDrel |-> 11,
           FUacq |-> 0,
           FUrel |-> 0,
           COM |-> 0,
           ROB |-> 10,
           RS |-> 10,
           FU |-> 0 ],
         [ ind |-> 5711,
           addr |-> "0x105aa",
           IFacq |-> 10,
           IFrel |-> 11,
           IDacq |-> 11,
           IDrel |-> 0,
           FUacq |-> 0,
           FUrel |-> 0,
           COM |-> 0,
           ROB |-> 0,
           RS |-> 12,
           FU |-> 0 ],
         [ ind |-> 5712,
           addr |-> "0x1050e",
           IFacq |-> 10,
           IFrel |-> 11,
           IDacq |-> 11,
           IDrel |-> 0,
           FUacq |-> 0,
           FUrel |-> 0,
           COM |-> 0,
           ROB |-> 0,
           RS |-> 12,
           FU |-> 0 ],
         [ ind |-> 5713,
           addr |-> "0x10512",
           IFacq |-> 10,
           IFrel |-> 11,
           IDacq |-> 11,
           IDrel |-> 0,
           FUacq |-> 0,
           FUrel |-> 0,
           COM |-> 0,
           ROB |-> 0,
           RS |-> 12,
           FU |-> 0 ],
         [ ind |-> 5714,
           addr |-> "0x10516",
           IFacq |-> 10,
           IFrel |-> 11,
           IDacq |-> 11,
           IDrel |-> 0,
           FUacq |-> 0,
           FUrel |-> 0,
           COM |-> 0,
           ROB |-> 0,
           RS |-> 12,
           FU |-> 0 ],
         [ ind |-> 5715,
           addr |-> "0x1051a",
           IFacq |-> 11,
           IFrel |-> 12,
           IDacq |-> 0,
           IDrel |-> 0,
           FUacq |-> 0,
           FUrel |-> 0,
           COM |-> 0,
           ROB |-> 0,
           RS |-> 0,
           FU |-> 0 ],
         [ ind |-> 5716,
           addr |-> "0x1051e",
           IFacq |-> 11,
           IFrel |-> 12,
           IDacq |-> 0,
           IDrel |-> 0,
           FUacq |-> 0,
           FUrel |-> 0,
           COM |-> 0,
           ROB |-> 0,
           RS |-> 0,
           FU |-> 0 ],
         [ ind |-> 5717,
           addr |-> "0x10522",
           IFacq |-> 11,
           IFrel |-> 12,
           IDacq |-> 0,
           IDrel |-> 0,
           FUacq |-> 0,
           FUrel |-> 0,
           COM |-> 0,
           ROB |-> 0,
           RS |-> 0,
           FU |-> 0 ],
         [ ind |-> 5718,
           addr |-> "0x10524",
           IFacq |-> 11,
           IFrel |-> 12,
           IDacq |-> 0,
           IDrel |-> 0,
           FUacq |-> 0,
           FUrel |-> 0,
           COM |-> 0,
           ROB |-> 0,
           RS |-> 0,
           FU |-> 0 ] >>,
  edges |->
      { [type |-> "D", source |-> 5687, dest |-> 5690],
        [type |-> "D", source |-> 5693, dest |-> 5695],
        [type |-> "D", source |-> 5700, dest |-> 5701] } ]
/\ currCycle2 = 13
/\ _IF2 = << [ instr |->
         [ ind |-> 5711,
           type |-> "IntAlu",
           r0 |-> "a5",
           r1 |-> "a4",
           r2 |-> "",
           addr |-> "0x105aa" ],
     baseLat |-> 1,
     currLat |-> 4 ],
   [ instr |->
         [ ind |-> 5712,
           type |-> "IntAlu",
           r0 |-> "a4",
           r1 |-> "zero",
           r2 |-> "",
           addr |-> "0x1050e" ],
     baseLat |-> 1,
     currLat |-> 4 ],
   [ instr |->
         [ ind |-> 5713,
           type |-> "MemRead",
           r0 |-> "a5",
           r1 |-> "",
           r2 |-> "",
           addr |-> "0x10512" ],
     baseLat |-> 1,
     currLat |-> 4 ],
   [ instr |->
         [ ind |-> 5714,
           type |-> "IntAlu",
           r0 |-> "a5",
           r1 |-> "a4",
           r2 |-> "a5",
           addr |-> "0x10516" ],
     baseLat |-> 1,
     currLat |-> 4 ] >>
/\ graph2 = [ nodes |->
      << [ ind |-> 5687,
           addr |-> "0x105e2",
           IFacq |-> 1,
           IFrel |-> 2,
           IDacq |-> 2,
           IDrel |-> 3,
           FUacq |-> 3,
           FUrel |-> 4,
           COM |-> 4,
           ROB |-> 2,
           RS |-> 2,
           FU |-> 1 ],
         [ ind |-> 5688,
           addr |-> "0x105e4",
           IFacq |-> 1,
           IFrel |-> 2,
           IDacq |-> 2,
           IDrel |-> 3,
           FUacq |-> 3,
           FUrel |-> 4,
           COM |-> 4,
           ROB |-> 2,
           RS |-> 2,
           FU |-> 2 ],
         [ ind |-> 5689,
           addr |-> "0x105e6",
           IFacq |-> 1,
           IFrel |-> 2,
           IDacq |-> 2,
           IDrel |-> 3,
           FUacq |-> 4,
           FUrel |-> 5,
           COM |-> 5,
           ROB |-> 2,
           RS |-> 2,
           FU |-> 2 ],
         [ ind |-> 5690,
           addr |-> "0x105e8",
           IFacq |-> 1,
           IFrel |-> 2,
           IDacq |-> 2,
           IDrel |-> 3,
           FUacq |-> 4,
           FUrel |-> 5,
           COM |-> 5,
           ROB |-> 2,
           RS |-> 2,
           FU |-> 1 ],
         [ ind |-> 5691,
           addr |-> "0x105ea",
           IFacq |-> 2,
           IFrel |-> 3,
           IDacq |-> 3,
           IDrel |-> 4,
           FUacq |-> 5,
           FUrel |-> 6,
           COM |-> 6,
           ROB |-> 3,
           RS |-> 3,
           FU |-> 1 ],
         [ ind |-> 5692,
           addr |-> "0x105ee",
           IFacq |-> 2,
           IFrel |-> 3,
           IDacq |-> 3,
           IDrel |-> 4,
           FUacq |-> 6,
           FUrel |-> 7,
           COM |-> 7,
           ROB |-> 3,
           RS |-> 3,
           FU |-> 1 ],
         [ ind |-> 5693,
           addr |-> "0x104ee",
           IFacq |-> 2,
           IFrel |-> 3,
           IDacq |-> 3,
           IDrel |-> 4,
           FUacq |-> 7,
           FUrel |-> 8,
           COM |-> 8,
           ROB |-> 3,
           RS |-> 3,
           FU |-> 1 ],
         [ ind |-> 5694,
           addr |-> "0x104f0",
           IFacq |-> 2,
           IFrel |-> 3,
           IDacq |-> 3,
           IDrel |-> 4,
           FUacq |-> 5,
           FUrel |-> 6,
           COM |-> 8,
           ROB |-> 3,
           RS |-> 3,
           FU |-> 2 ],
         [ ind |-> 5695,
           addr |-> "0x104f2",
           IFacq |-> 3,
           IFrel |-> 4,
           IDacq |-> 4,
           IDrel |-> 5,
           FUacq |-> 8,
           FUrel |-> 9,
           COM |-> 9,
           ROB |-> 4,
           RS |-> 4,
           FU |-> 1 ],
         [ ind |-> 5696,
           addr |-> "0x104f4",
           IFacq |-> 3,
           IFrel |-> 4,
           IDacq |-> 4,
           IDrel |-> 5,
           FUacq |-> 6,
           FUrel |-> 7,
           COM |-> 9,
           ROB |-> 4,
           RS |-> 4,
           FU |-> 2 ],
         [ ind |-> 5697,
           addr |-> "0x104f8",
           IFacq |-> 3,
           IFrel |-> 4,
           IDacq |-> 4,
           IDrel |-> 5,
           FUacq |-> 7,
           FUrel |-> 8,
           COM |-> 9,
           ROB |-> 4,
           RS |-> 4,
           FU |-> 2 ],
         [ ind |-> 5698,
           addr |-> "0x104fc",
           IFacq |-> 3,
           IFrel |-> 4,
           IDacq |-> 4,
           IDrel |-> 5,
           FUacq |-> 8,
           FUrel |-> 0,
           COM |-> 0,
           ROB |-> 4,
           RS |-> 4,
           FU |-> 2 ],
         [ ind |-> 5699,
           addr |-> "0x10500",
           IFacq |-> 4,
           IFrel |-> 5,
           IDacq |-> 5,
           IDrel |-> 7,
           FUacq |-> 9,
           FUrel |-> 10,
           COM |-> 0,
           ROB |-> 6,
           RS |-> 6,
           FU |-> 1 ],
         [ ind |-> 5700,
           addr |-> "0x105c4",
           IFacq |-> 4,
           IFrel |-> 5,
           IDacq |-> 5,
           IDrel |-> 7,
           FUacq |-> 0,
           FUrel |-> 0,
           COM |-> 0,
           ROB |-> 6,
           RS |-> 6,
           FU |-> 0 ],
         [ ind |-> 5701,
           addr |-> "0x105c8",
           IFacq |-> 4,
           IFrel |-> 5,
           IDacq |-> 5,
           IDrel |-> 7,
           FUacq |-> 0,
           FUrel |-> 0,
           COM |-> 0,
           ROB |-> 6,
           RS |-> 6,
           FU |-> 0 ],
         [ ind |-> 5702,
           addr |-> "0x105cc",
           IFacq |-> 4,
           IFrel |-> 5,
           IDacq |-> 5,
           IDrel |-> 7,
           FUacq |-> 0,
           FUrel |-> 0,
           COM |-> 0,
           ROB |-> 6,
           RS |-> 6,
           FU |-> 0 ],
         [ ind |-> 5703,
           addr |-> "0x105d0",
           IFacq |-> 5,
           IFrel |-> 6,
           IDacq |-> 7,
           IDrel |-> 10,
           FUacq |-> 0,
           FUrel |-> 0,
           COM |-> 0,
           ROB |-> 9,
           RS |-> 9,
           FU |-> 0 ],
         [ ind |-> 5704,
           addr |-> "0x10502",
           IFacq |-> 5,
           IFrel |-> 6,
           IDacq |-> 7,
           IDrel |-> 10,
           FUacq |-> 10,
           FUrel |-> 11,
           COM |-> 0,
           ROB |-> 9,
           RS |-> 9,
           FU |-> 1 ],
         [ ind |-> 5705,
           addr |-> "0x10504",
           IFacq |-> 5,
           IFrel |-> 6,
           IDacq |-> 7,
           IDrel |-> 10,
           FUacq |-> 0,
           FUrel |-> 0,
           COM |-> 0,
           ROB |-> 9,
           RS |-> 9,
           FU |-> 0 ],
         [ ind |-> 5706,
           addr |-> "0x10508",
           IFacq |-> 5,
           IFrel |-> 6,
           IDacq |-> 7,
           IDrel |-> 10,
           FUacq |-> 0,
           FUrel |-> 0,
           COM |-> 0,
           ROB |-> 9,
           RS |-> 9,
           FU |-> 0 ],
         [ ind |-> 5707,
           addr |-> "0x1050c",
           IFacq |-> 7,
           IFrel |-> 8,
           IDacq |-> 10,
           IDrel |-> 0,
           FUacq |-> 0,
           FUrel |-> 0,
           COM |-> 0,
           ROB |-> 0,
           RS |-> 12,
           FU |-> 0 ],
         [ ind |-> 5708,
           addr |-> "0x1059e",
           IFacq |-> 7,
           IFrel |-> 8,
           IDacq |-> 10,
           IDrel |-> 0,
           FUacq |-> 0,
           FUrel |-> 0,
           COM |-> 0,
           ROB |-> 0,
           RS |-> 12,
           FU |-> 0 ],
         [ ind |-> 5709,
           addr |-> "0x105a2",
           IFacq |-> 7,
           IFrel |-> 8,
           IDacq |-> 10,
           IDrel |-> 0,
           FUacq |-> 0,
           FUrel |-> 0,
           COM |-> 0,
           ROB |-> 0,
           RS |-> 12,
           FU |-> 0 ],
         [ ind |-> 5710,
           addr |-> "0x105a6",
           IFacq |-> 7,
           IFrel |-> 8,
           IDacq |-> 10,
           IDrel |-> 0,
           FUacq |-> 0,
           FUrel |-> 0,
           COM |-> 0,
           ROB |-> 0,
           RS |-> 12,
           FU |-> 0 ],
         [ ind |-> 5711,
           addr |-> "0x105aa",
           IFacq |-> 10,
           IFrel |-> 11,
           IDacq |-> 0,
           IDrel |-> 0,
           FUacq |-> 0,
           FUrel |-> 0,
           COM |-> 0,
           ROB |-> 0,
           RS |-> 0,
           FU |-> 0 ],
         [ ind |-> 5712,
           addr |-> "0x1050e",
           IFacq |-> 10,
           IFrel |-> 11,
           IDacq |-> 0,
           IDrel |-> 0,
           FUacq |-> 0,
           FUrel |-> 0,
           COM |-> 0,
           ROB |-> 0,
           RS |-> 0,
           FU |-> 0 ],
         [ ind |-> 5713,
           addr |-> "0x10512",
           IFacq |-> 10,
           IFrel |-> 11,
           IDacq |-> 0,
           IDrel |-> 0,
           FUacq |-> 0,
           FUrel |-> 0,
           COM |-> 0,
           ROB |-> 0,
           RS |-> 0,
           FU |-> 0 ],
         [ ind |-> 5714,
           addr |-> "0x10516",
           IFacq |-> 10,
           IFrel |-> 11,
           IDacq |-> 0,
           IDrel |-> 0,
           FUacq |-> 0,
           FUrel |-> 0,
           COM |-> 0,
           ROB |-> 0,
           RS |-> 0,
           FU |-> 0 ] >>,
  edges |->
      { [type |-> "D", source |-> 5687, dest |-> 5690],
        [type |-> "D", source |-> 5693, dest |-> 5695] } ]
/\ pc2 = 28
/\ robHead = 17
/\ rob = << [ instr |->
         [ ind |-> 5687,
           type |-> "IntAlu",
           r0 |-> "sp",
           r1 |-> "",
           r2 |-> "",
           addr |-> "0x105e2" ],
     executed |-> TRUE,
     done |-> TRUE ],
   [ instr |->
         [ ind |-> 5688,
           type |-> "MemWrite",
           r0 |-> "ra",
           r1 |-> "",
           r2 |-> "",
           addr |-> "0x105e4" ],
     executed |-> TRUE,
     done |-> TRUE ],
   [ instr |->
         [ ind |-> 5689,
           type |-> "MemWrite",
           r0 |-> "s0",
           r1 |-> "",
           r2 |-> "",
           addr |-> "0x105e6" ],
     executed |-> TRUE,
     done |-> TRUE ],
   [ instr |->
         [ ind |-> 5690,
           type |-> "IntAlu",
           r0 |-> "s0",
           r1 |-> "sp",
           r2 |-> "",
           addr |-> "0x105e8" ],
     executed |-> TRUE,
     done |-> TRUE ],
   [ instr |->
         [ ind |-> 5691,
           type |-> "IntAlu",
           r0 |-> "a0",
           r1 |-> "gp",
           r2 |-> "",
           addr |-> "0x105ea" ],
     executed |-> TRUE,
     done |-> TRUE ],
   [ instr |->
         [ ind |-> 5692,
           type |-> "IntAlu",
           r0 |-> "ra",
           r1 |-> "",
           r2 |-> "",
           addr |-> "0x105ee" ],
     executed |-> TRUE,
     done |-> TRUE ],
   [ instr |->
         [ ind |-> 5693,
           type |-> "IntAlu",
           r0 |-> "sp",
           r1 |-> "",
           r2 |-> "",
           addr |-> "0x104ee" ],
     executed |-> TRUE,
     done |-> TRUE ],
   [ instr |->
         [ ind |-> 5694,
           type |-> "MemWrite",
           r0 |-> "s0",
           r1 |-> "",
           r2 |-> "",
           addr |-> "0x104f0" ],
     executed |-> TRUE,
     done |-> TRUE ],
   [ instr |->
         [ ind |-> 5695,
           type |-> "IntAlu",
           r0 |-> "s0",
           r1 |-> "sp",
           r2 |-> "",
           addr |-> "0x104f2" ],
     executed |-> TRUE,
     done |-> TRUE ],
   [ instr |->
         [ ind |-> 5696,
           type |-> "MemWrite",
           r0 |-> "a0",
           r1 |-> "",
           r2 |-> "",
           addr |-> "0x104f4" ],
     executed |-> TRUE,
     done |-> TRUE ],
   [ instr |->
         [ ind |-> 5697,
           type |-> "MemWrite",
           r0 |-> "zero",
           r1 |-> "",
           r2 |-> "",
           addr |-> "0x104f8" ],
     executed |-> TRUE,
     done |-> TRUE ],
   [ instr |->
         [ ind |-> 5698,
           type |-> "MemWrite",
           r0 |-> "zero",
           r1 |-> "",
           r2 |-> "",
           addr |-> "0x104fc" ],
     executed |-> TRUE,
     done |-> TRUE ],
   [ instr |->
         [ ind |-> 5699,
           type |-> "IntAlu",
           r0 |-> "",
           r1 |-> "",
           r2 |-> "",
           addr |-> "0x10500" ],
     executed |-> TRUE,
     done |-> TRUE ],
   [ instr |->
         [ ind |-> 5700,
           type |-> "MemRead",
           r0 |-> "a5",
           r1 |-> "",
           r2 |-> "",
           addr |-> "0x105c4" ],
     executed |-> TRUE,
     done |-> TRUE ],
   [ instr |->
         [ ind |-> 5701,
           type |-> "IntAlu",
           r0 |-> "a4",
           r1 |-> "a5",
           r2 |-> "",
           addr |-> "0x105c8" ],
     executed |-> TRUE,
     done |-> TRUE ],
   [ instr |->
         [ ind |-> 5702,
           type |-> "IntAlu",
           r0 |-> "a5",
           r1 |-> "zero",
           r2 |-> "",
           addr |-> "0x105cc" ],
     executed |-> TRUE,
     done |-> TRUE ],
   [ instr |->
         [ ind |-> 5703,
           type |-> "IntAlu",
           r0 |-> "a5",
           r1 |-> "a4",
           r2 |-> "",
           addr |-> "0x105d0" ],
     executed |-> TRUE,
     done |-> FALSE ],
   [ instr |->
         [ ind |-> 5704,
           type |-> "IntAlu",
           r0 |-> "a5",
           r1 |-> "",
           r2 |-> "",
           addr |-> "0x10502" ],
     executed |-> FALSE,
     done |-> FALSE ],
   [ instr |->
         [ ind |-> 5705,
           type |-> "MemWrite",
           r0 |-> "a5",
           r1 |-> "",
           r2 |-> "",
           addr |-> "0x10504" ],
     executed |-> TRUE,
     done |-> FALSE ],
   [ instr |->
         [ ind |-> 5706,
           type |-> "MemWrite",
           r0 |-> "zero",
           r1 |-> "",
           r2 |-> "",
           addr |-> "0x10508" ],
     executed |-> TRUE,
     done |-> FALSE ],
   [ instr |->
         [ ind |-> 5707,
           type |-> "IntAlu",
           r0 |-> "",
           r1 |-> "",
           r2 |-> "",
           addr |-> "0x1050c" ],
     executed |-> FALSE,
     done |-> FALSE ],
   [ instr |->
         [ ind |-> 5708,
           type |-> "MemRead",
           r0 |-> "a5",
           r1 |-> "",
           r2 |-> "",
           addr |-> "0x1059e" ],
     executed |-> TRUE,
     done |-> FALSE ],
   [ instr |->
         [ ind |-> 5709,
           type |-> "IntAlu",
           r0 |-> "a4",
           r1 |-> "a5",
           r2 |-> "",
           addr |-> "0x105a2" ],
     executed |-> FALSE,
     done |-> FALSE ],
   [ instr |->
         [ ind |-> 5710,
           type |-> "IntAlu",
           r0 |-> "a5",
           r1 |-> "zero",
           r2 |-> "",
           addr |-> "0x105a6" ],
     executed |-> FALSE,
     done |-> FALSE ] >>
/\ _RS = << { [ ind |-> 5707,
       type |-> "IntAlu",
       r0 |-> "",
       r1 |-> "",
       r2 |-> "",
       addr |-> "0x1050c" ],
     [ ind |-> 5709,
       type |-> "IntAlu",
       r0 |-> "a4",
       r1 |-> "a5",
       r2 |-> "",
       addr |-> "0x105a2" ],
     [ ind |-> 5710,
       type |-> "IntAlu",
       r0 |-> "a5",
       r1 |-> "zero",
       r2 |-> "",
       addr |-> "0x105a6" ] },
   {},
   {},
   {},
   {} >>
/\ currCycle = 13
/\ exec_inst = 1
/\ robHead2 = 12
/\ pc = 32
/\ cpt = 0
/\ rob2 = << [ instr |->
         [ ind |-> 5687,
           type |-> "IntAlu",
           r0 |-> "sp",
           r1 |-> "",
           r2 |-> "",
           addr |-> "0x105e2" ],
     executed |-> TRUE,
     done |-> TRUE ],
   [ instr |->
         [ ind |-> 5688,
           type |-> "MemWrite",
           r0 |-> "ra",
           r1 |-> "",
           r2 |-> "",
           addr |-> "0x105e4" ],
     executed |-> TRUE,
     done |-> TRUE ],
   [ instr |->
         [ ind |-> 5689,
           type |-> "MemWrite",
           r0 |-> "s0",
           r1 |-> "",
           r2 |-> "",
           addr |-> "0x105e6" ],
     executed |-> TRUE,
     done |-> TRUE ],
   [ instr |->
         [ ind |-> 5690,
           type |-> "IntAlu",
           r0 |-> "s0",
           r1 |-> "sp",
           r2 |-> "",
           addr |-> "0x105e8" ],
     executed |-> TRUE,
     done |-> TRUE ],
   [ instr |->
         [ ind |-> 5691,
           type |-> "IntAlu",
           r0 |-> "a0",
           r1 |-> "gp",
           r2 |-> "",
           addr |-> "0x105ea" ],
     executed |-> TRUE,
     done |-> TRUE ],
   [ instr |->
         [ ind |-> 5692,
           type |-> "IntAlu",
           r0 |-> "ra",
           r1 |-> "",
           r2 |-> "",
           addr |-> "0x105ee" ],
     executed |-> TRUE,
     done |-> TRUE ],
   [ instr |->
         [ ind |-> 5693,
           type |-> "IntAlu",
           r0 |-> "sp",
           r1 |-> "",
           r2 |-> "",
           addr |-> "0x104ee" ],
     executed |-> TRUE,
     done |-> TRUE ],
   [ instr |->
         [ ind |-> 5694,
           type |-> "MemWrite",
           r0 |-> "s0",
           r1 |-> "",
           r2 |-> "",
           addr |-> "0x104f0" ],
     executed |-> TRUE,
     done |-> TRUE ],
   [ instr |->
         [ ind |-> 5695,
           type |-> "IntAlu",
           r0 |-> "s0",
           r1 |-> "sp",
           r2 |-> "",
           addr |-> "0x104f2" ],
     executed |-> TRUE,
     done |-> TRUE ],
   [ instr |->
         [ ind |-> 5696,
           type |-> "MemWrite",
           r0 |-> "a0",
           r1 |-> "",
           r2 |-> "",
           addr |-> "0x104f4" ],
     executed |-> TRUE,
     done |-> TRUE ],
   [ instr |->
         [ ind |-> 5697,
           type |-> "MemWrite",
           r0 |-> "zero",
           r1 |-> "",
           r2 |-> "",
           addr |-> "0x104f8" ],
     executed |-> TRUE,
     done |-> TRUE ],
   [ instr |->
         [ ind |-> 5698,
           type |-> "MemWrite",
           r0 |-> "zero",
           r1 |-> "",
           r2 |-> "",
           addr |-> "0x104fc" ],
     executed |-> FALSE,
     done |-> FALSE ],
   [ instr |->
         [ ind |-> 5699,
           type |-> "IntAlu",
           r0 |-> "",
           r1 |-> "",
           r2 |-> "",
           addr |-> "0x10500" ],
     executed |-> TRUE,
     done |-> FALSE ],
   [ instr |->
         [ ind |-> 5700,
           type |-> "MemRead",
           r0 |-> "a5",
           r1 |-> "",
           r2 |-> "",
           addr |-> "0x105c4" ],
     executed |-> FALSE,
     done |-> FALSE ],
   [ instr |->
         [ ind |-> 5701,
           type |-> "IntAlu",
           r0 |-> "a4",
           r1 |-> "a5",
           r2 |-> "",
           addr |-> "0x105c8" ],
     executed |-> FALSE,
     done |-> FALSE ],
   [ instr |->
         [ ind |-> 5702,
           type |-> "IntAlu",
           r0 |-> "a5",
           r1 |-> "zero",
           r2 |-> "",
           addr |-> "0x105cc" ],
     executed |-> FALSE,
     done |-> FALSE ],
   [ instr |->
         [ ind |-> 5703,
           type |-> "IntAlu",
           r0 |-> "a5",
           r1 |-> "a4",
           r2 |-> "",
           addr |-> "0x105d0" ],
     executed |-> FALSE,
     done |-> FALSE ],
   [ instr |->
         [ ind |-> 5704,
           type |-> "IntAlu",
           r0 |-> "a5",
           r1 |-> "",
           r2 |-> "",
           addr |-> "0x10502" ],
     executed |-> TRUE,
     done |-> FALSE ],
   [ instr |->
         [ ind |-> 5705,
           type |-> "MemWrite",
           r0 |-> "a5",
           r1 |-> "",
           r2 |-> "",
           addr |-> "0x10504" ],
     executed |-> FALSE,
     done |-> FALSE ],
   [ instr |->
         [ ind |-> 5706,
           type |-> "MemWrite",
           r0 |-> "zero",
           r1 |-> "",
           r2 |-> "",
           addr |-> "0x10508" ],
     executed |-> FALSE,
     done |-> FALSE ] >>
/\ _FU = << [ instr |->
         [ ind |-> 5704,
           type |-> "IntAlu",
           r0 |-> "a5",
           r1 |-> "",
           r2 |-> "",
           addr |-> "0x10502" ],
     baseLat |-> 1,
     currLat |-> 1 ],
   [ instr |->
         [ ind |-> 0,
           type |-> "No_OpClass",
           r0 |-> "",
           r1 |-> "",
           r2 |-> "",
           addr |-> "" ],
     baseLat |-> 1,
     currLat |-> 1 ],
   [ instr |->
         [ ind |-> 0,
           type |-> "No_OpClass",
           r0 |-> "",
           r1 |-> "",
           r2 |-> "",
           addr |-> "" ],
     baseLat |-> 1,
     currLat |-> 1 ],
   [ instr |->
         [ ind |-> 0,
           type |-> "No_OpClass",
           r0 |-> "",
           r1 |-> "",
           r2 |-> "",
           addr |-> "" ],
     baseLat |-> 1,
     currLat |-> 1 ],
   [ instr |->
         [ ind |-> 0,
           type |-> "No_OpClass",
           r0 |-> "",
           r1 |-> "",
           r2 |-> "",
           addr |-> "" ],
     baseLat |-> 1,
     currLat |-> 1 ] >>

@!@!@ENDMSG 2217 @!@!@
@!@!@STARTMSG 2217:4 @!@!@
15: <Next line 60, col 9 to line 65, col 35 of module pipeline_ooo>
/\ _RS2 = << { [ ind |-> 5701,
       type |-> "IntAlu",
       r0 |-> "a4",
       r1 |-> "a5",
       r2 |-> "",
       addr |-> "0x105c8" ],
     [ ind |-> 5702,
       type |-> "IntAlu",
       r0 |-> "a5",
       r1 |-> "zero",
       r2 |-> "",
       addr |-> "0x105cc" ],
     [ ind |-> 5703,
       type |-> "IntAlu",
       r0 |-> "a5",
       r1 |-> "a4",
       r2 |-> "",
       addr |-> "0x105d0" ] },
   { [ ind |-> 5700,
       type |-> "MemRead",
       r0 |-> "a5",
       r1 |-> "",
       r2 |-> "",
       addr |-> "0x105c4" ],
     [ ind |-> 5705,
       type |-> "MemWrite",
       r0 |-> "a5",
       r1 |-> "",
       r2 |-> "",
       addr |-> "0x10504" ],
     [ ind |-> 5706,
       type |-> "MemWrite",
       r0 |-> "zero",
       r1 |-> "",
       r2 |-> "",
       addr |-> "0x10508" ] },
   {},
   {},
   {} >>
/\ _COM2 = << [ ind |-> 0,
     type |-> "No_OpClass",
     r0 |-> "",
     r1 |-> "",
     r2 |-> "",
     addr |-> "" ],
   [ ind |-> 0,
     type |-> "No_OpClass",
     r0 |-> "",
     r1 |-> "",
     r2 |-> "",
     addr |-> "" ],
   [ ind |-> 0,
     type |-> "No_OpClass",
     r0 |-> "",
     r1 |-> "",
     r2 |-> "",
     addr |-> "" ],
   [ ind |-> 0,
     type |-> "No_OpClass",
     r0 |-> "",
     r1 |-> "",
     r2 |-> "",
     addr |-> "" ] >>
/\ _ID = << [ ind |-> 5715,
     type |-> "IntAlu",
     r0 |-> "a4",
     r1 |-> "a5",
     r2 |-> "",
     addr |-> "0x1051a" ],
   [ ind |-> 5716,
     type |-> "MemRead",
     r0 |-> "a5",
     r1 |-> "",
     r2 |-> "",
     addr |-> "0x1051e" ],
   [ ind |-> 5717,
     type |-> "IntAlu",
     r0 |-> "a5",
     r1 |-> "",
     r2 |-> "",
     addr |-> "0x10522" ],
   [ ind |-> 5718,
     type |-> "IntAlu",
     r0 |-> "a4",
     r1 |-> "a5",
     r2 |-> "",
     addr |-> "0x10524" ] >>
/\ _IF = << [ instr |->
         [ ind |-> 5719,
           type |-> "MemRead",
           r0 |-> "a5",
           r1 |-> "",
           r2 |-> "",
           addr |-> "0x10528" ],
     baseLat |-> 1,
     currLat |-> 1 ],
   [ instr |->
         [ ind |-> 5720,
           type |-> "IntAlu",
           r0 |-> "a5",
           r1 |-> "",
           r2 |-> "",
           addr |-> "0x1052c" ],
     baseLat |-> 1,
     currLat |-> 1 ],
   [ instr |->
         [ ind |-> 5721,
           type |-> "MemRead",
           r0 |-> "a4",
           r1 |-> "",
           r2 |-> "",
           addr |-> "0x1052e" ],
     baseLat |-> 1,
     currLat |-> 1 ],
   [ instr |->
         [ ind |-> 5722,
           type |-> "IntAlu",
           r0 |-> "a5",
           r1 |-> "a4",
           r2 |-> "",
           addr |-> "0x10532" ],
     baseLat |-> 1,
     currLat |-> 1 ] >>
/\ _FU2 = << [ instr |->
         [ ind |-> 0,
           type |-> "No_OpClass",
           r0 |-> "",
           r1 |-> "",
           r2 |-> "",
           addr |-> "" ],
     baseLat |-> 1,
     currLat |-> 1 ],
   [ instr |->
         [ ind |-> 5698,
           type |-> "MemWrite",
           r0 |-> "zero",
           r1 |-> "",
           r2 |-> "",
           addr |-> "0x104fc" ],
     baseLat |-> 10,
     currLat |-> 7 ],
   [ instr |->
         [ ind |-> 0,
           type |-> "No_OpClass",
           r0 |-> "",
           r1 |-> "",
           r2 |-> "",
           addr |-> "" ],
     baseLat |-> 1,
     currLat |-> 1 ],
   [ instr |->
         [ ind |-> 0,
           type |-> "No_OpClass",
           r0 |-> "",
           r1 |-> "",
           r2 |-> "",
           addr |-> "" ],
     baseLat |-> 1,
     currLat |-> 1 ],
   [ instr |->
         [ ind |-> 0,
           type |-> "No_OpClass",
           r0 |-> "",
           r1 |-> "",
           r2 |-> "",
           addr |-> "" ],
     baseLat |-> 1,
     currLat |-> 1 ] >>
/\ _COM = << [ ind |-> 5704,
     type |-> "IntAlu",
     r0 |-> "a5",
     r1 |-> "",
     r2 |-> "",
     addr |-> "0x10502" ],
   [ ind |-> 5705,
     type |-> "MemWrite",
     r0 |-> "a5",
     r1 |-> "",
     r2 |-> "",
     addr |-> "0x10504" ],
   [ ind |-> 5706,
     type |-> "MemWrite",
     r0 |-> "zero",
     r1 |-> "",
     r2 |-> "",
     addr |-> "0x10508" ],
   [ ind |-> 0,
     type |-> "No_OpClass",
     r0 |-> "",
     r1 |-> "",
     r2 |-> "",
     addr |-> "" ] >>
/\ exec_inst2 = 2
/\ _ID2 = << [ ind |-> 5707,
     type |-> "IntAlu",
     r0 |-> "",
     r1 |-> "",
     r2 |-> "",
     addr |-> "0x1050c" ],
   [ ind |-> 5708,
     type |-> "MemRead",
     r0 |-> "a5",
     r1 |-> "",
     r2 |-> "",
     addr |-> "0x1059e" ],
   [ ind |-> 5709,
     type |-> "IntAlu",
     r0 |-> "a4",
     r1 |-> "a5",
     r2 |-> "",
     addr |-> "0x105a2" ],
   [ ind |-> 5710,
     type |-> "IntAlu",
     r0 |-> "a5",
     r1 |-> "zero",
     r2 |-> "",
     addr |-> "0x105a6" ] >>
/\ graph = [ nodes |->
      << [ ind |-> 5687,
           addr |-> "0x105e2",
           IFacq |-> 1,
           IFrel |-> 2,
           IDacq |-> 2,
           IDrel |-> 3,
           FUacq |-> 3,
           FUrel |-> 4,
           COM |-> 4,
           ROB |-> 2,
           RS |-> 2,
           FU |-> 1 ],
         [ ind |-> 5688,
           addr |-> "0x105e4",
           IFacq |-> 1,
           IFrel |-> 2,
           IDacq |-> 2,
           IDrel |-> 3,
           FUacq |-> 3,
           FUrel |-> 4,
           COM |-> 4,
           ROB |-> 2,
           RS |-> 2,
           FU |-> 2 ],
         [ ind |-> 5689,
           addr |-> "0x105e6",
           IFacq |-> 1,
           IFrel |-> 2,
           IDacq |-> 2,
           IDrel |-> 3,
           FUacq |-> 4,
           FUrel |-> 5,
           COM |-> 5,
           ROB |-> 2,
           RS |-> 2,
           FU |-> 2 ],
         [ ind |-> 5690,
           addr |-> "0x105e8",
           IFacq |-> 1,
           IFrel |-> 2,
           IDacq |-> 2,
           IDrel |-> 3,
           FUacq |-> 4,
           FUrel |-> 5,
           COM |-> 5,
           ROB |-> 2,
           RS |-> 2,
           FU |-> 1 ],
         [ ind |-> 5691,
           addr |-> "0x105ea",
           IFacq |-> 2,
           IFrel |-> 3,
           IDacq |-> 3,
           IDrel |-> 4,
           FUacq |-> 5,
           FUrel |-> 6,
           COM |-> 6,
           ROB |-> 3,
           RS |-> 3,
           FU |-> 1 ],
         [ ind |-> 5692,
           addr |-> "0x105ee",
           IFacq |-> 2,
           IFrel |-> 3,
           IDacq |-> 3,
           IDrel |-> 4,
           FUacq |-> 6,
           FUrel |-> 7,
           COM |-> 7,
           ROB |-> 3,
           RS |-> 3,
           FU |-> 1 ],
         [ ind |-> 5693,
           addr |-> "0x104ee",
           IFacq |-> 2,
           IFrel |-> 3,
           IDacq |-> 3,
           IDrel |-> 4,
           FUacq |-> 7,
           FUrel |-> 8,
           COM |-> 8,
           ROB |-> 3,
           RS |-> 3,
           FU |-> 1 ],
         [ ind |-> 5694,
           addr |-> "0x104f0",
           IFacq |-> 2,
           IFrel |-> 3,
           IDacq |-> 3,
           IDrel |-> 4,
           FUacq |-> 5,
           FUrel |-> 6,
           COM |-> 8,
           ROB |-> 3,
           RS |-> 3,
           FU |-> 2 ],
         [ ind |-> 5695,
           addr |-> "0x104f2",
           IFacq |-> 3,
           IFrel |-> 4,
           IDacq |-> 4,
           IDrel |-> 5,
           FUacq |-> 8,
           FUrel |-> 9,
           COM |-> 9,
           ROB |-> 4,
           RS |-> 4,
           FU |-> 1 ],
         [ ind |-> 5696,
           addr |-> "0x104f4",
           IFacq |-> 3,
           IFrel |-> 4,
           IDacq |-> 4,
           IDrel |-> 5,
           FUacq |-> 6,
           FUrel |-> 7,
           COM |-> 9,
           ROB |-> 4,
           RS |-> 4,
           FU |-> 2 ],
         [ ind |-> 5697,
           addr |-> "0x104f8",
           IFacq |-> 3,
           IFrel |-> 4,
           IDacq |-> 4,
           IDrel |-> 5,
           FUacq |-> 7,
           FUrel |-> 8,
           COM |-> 9,
           ROB |-> 4,
           RS |-> 4,
           FU |-> 2 ],
         [ ind |-> 5698,
           addr |-> "0x104fc",
           IFacq |-> 3,
           IFrel |-> 4,
           IDacq |-> 4,
           IDrel |-> 5,
           FUacq |-> 8,
           FUrel |-> 9,
           COM |-> 9,
           ROB |-> 4,
           RS |-> 4,
           FU |-> 2 ],
         [ ind |-> 5699,
           addr |-> "0x10500",
           IFacq |-> 4,
           IFrel |-> 5,
           IDacq |-> 5,
           IDrel |-> 7,
           FUacq |-> 9,
           FUrel |-> 10,
           COM |-> 10,
           ROB |-> 6,
           RS |-> 6,
           FU |-> 1 ],
         [ ind |-> 5700,
           addr |-> "0x105c4",
           IFacq |-> 4,
           IFrel |-> 5,
           IDacq |-> 5,
           IDrel |-> 7,
           FUacq |-> 9,
           FUrel |-> 10,
           COM |-> 10,
           ROB |-> 6,
           RS |-> 6,
           FU |-> 2 ],
         [ ind |-> 5701,
           addr |-> "0x105c8",
           IFacq |-> 4,
           IFrel |-> 5,
           IDacq |-> 5,
           IDrel |-> 7,
           FUacq |-> 10,
           FUrel |-> 11,
           COM |-> 11,
           ROB |-> 6,
           RS |-> 6,
           FU |-> 1 ],
         [ ind |-> 5702,
           addr |-> "0x105cc",
           IFacq |-> 4,
           IFrel |-> 5,
           IDacq |-> 5,
           IDrel |-> 7,
           FUacq |-> 11,
           FUrel |-> 12,
           COM |-> 12,
           ROB |-> 6,
           RS |-> 6,
           FU |-> 1 ],
         [ ind |-> 5703,
           addr |-> "0x105d0",
           IFacq |-> 5,
           IFrel |-> 6,
           IDacq |-> 7,
           IDrel |-> 10,
           FUacq |-> 12,
           FUrel |-> 13,
           COM |-> 13,
           ROB |-> 9,
           RS |-> 9,
           FU |-> 1 ],
         [ ind |-> 5704,
           addr |-> "0x10502",
           IFacq |-> 5,
           IFrel |-> 6,
           IDacq |-> 7,
           IDrel |-> 10,
           FUacq |-> 13,
           FUrel |-> 14,
           COM |-> 0,
           ROB |-> 9,
           RS |-> 9,
           FU |-> 1 ],
         [ ind |-> 5705,
           addr |-> "0x10504",
           IFacq |-> 5,
           IFrel |-> 6,
           IDacq |-> 7,
           IDrel |-> 10,
           FUacq |-> 10,
           FUrel |-> 11,
           COM |-> 0,
           ROB |-> 9,
           RS |-> 9,
           FU |-> 2 ],
         [ ind |-> 5706,
           addr |-> "0x10508",
           IFacq |-> 5,
           IFrel |-> 6,
           IDacq |-> 7,
           IDrel |-> 10,
           FUacq |-> 11,
           FUrel |-> 12,
           COM |-> 0,
           ROB |-> 9,
           RS |-> 9,
           FU |-> 2 ],
         [ ind |-> 5707,
           addr |-> "0x1050c",
           IFacq |-> 7,
           IFrel |-> 8,
           IDacq |-> 10,
           IDrel |-> 11,
           FUacq |-> 0,
           FUrel |-> 0,
           COM |-> 0,
           ROB |-> 10,
           RS |-> 10,
           FU |-> 0 ],
         [ ind |-> 5708,
           addr |-> "0x1059e",
           IFacq |-> 7,
           IFrel |-> 8,
           IDacq |-> 10,
           IDrel |-> 11,
           FUacq |-> 12,
           FUrel |-> 13,
           COM |-> 0,
           ROB |-> 10,
           RS |-> 10,
           FU |-> 2 ],
         [ ind |-> 5709,
           addr |-> "0x105a2",
           IFacq |-> 7,
           IFrel |-> 8,
           IDacq |-> 10,
           IDrel |-> 11,
           FUacq |-> 0,
           FUrel |-> 0,
           COM |-> 0,
           ROB |-> 10,
           RS |-> 10,
           FU |-> 0 ],
         [ ind |-> 5710,
           addr |-> "0x105a6",
           IFacq |-> 7,
           IFrel |-> 8,
           IDacq |-> 10,
           IDrel |-> 11,
           FUacq |-> 0,
           FUrel |-> 0,
           COM |-> 0,
           ROB |-> 10,
           RS |-> 10,
           FU |-> 0 ],
         [ ind |-> 5711,
           addr |-> "0x105aa",
           IFacq |-> 10,
           IFrel |-> 11,
           IDacq |-> 11,
           IDrel |-> 14,
           FUacq |-> 0,
           FUrel |-> 0,
           COM |-> 0,
           ROB |-> 13,
           RS |-> 13,
           FU |-> 0 ],
         [ ind |-> 5712,
           addr |-> "0x1050e",
           IFacq |-> 10,
           IFrel |-> 11,
           IDacq |-> 11,
           IDrel |-> 14,
           FUacq |-> 0,
           FUrel |-> 0,
           COM |-> 0,
           ROB |-> 13,
           RS |-> 13,
           FU |-> 0 ],
         [ ind |-> 5713,
           addr |-> "0x10512",
           IFacq |-> 10,
           IFrel |-> 11,
           IDacq |-> 11,
           IDrel |-> 14,
           FUacq |-> 0,
           FUrel |-> 0,
           COM |-> 0,
           ROB |-> 13,
           RS |-> 13,
           FU |-> 0 ],
         [ ind |-> 5714,
           addr |-> "0x10516",
           IFacq |-> 10,
           IFrel |-> 11,
           IDacq |-> 11,
           IDrel |-> 14,
           FUacq |-> 0,
           FUrel |-> 0,
           COM |-> 0,
           ROB |-> 13,
           RS |-> 13,
           FU |-> 0 ],
         [ ind |-> 5715,
           addr |-> "0x1051a",
           IFacq |-> 11,
           IFrel |-> 12,
           IDacq |-> 0,
           IDrel |-> 0,
           FUacq |-> 0,
           FUrel |-> 0,
           COM |-> 0,
           ROB |-> 0,
           RS |-> 0,
           FU |-> 0 ],
         [ ind |-> 5716,
           addr |-> "0x1051e",
           IFacq |-> 11,
           IFrel |-> 12,
           IDacq |-> 0,
           IDrel |-> 0,
           FUacq |-> 0,
           FUrel |-> 0,
           COM |-> 0,
           ROB |-> 0,
           RS |-> 0,
           FU |-> 0 ],
         [ ind |-> 5717,
           addr |-> "0x10522",
           IFacq |-> 11,
           IFrel |-> 12,
           IDacq |-> 0,
           IDrel |-> 0,
           FUacq |-> 0,
           FUrel |-> 0,
           COM |-> 0,
           ROB |-> 0,
           RS |-> 0,
           FU |-> 0 ],
         [ ind |-> 5718,
           addr |-> "0x10524",
           IFacq |-> 11,
           IFrel |-> 12,
           IDacq |-> 0,
           IDrel |-> 0,
           FUacq |-> 0,
           FUrel |-> 0,
           COM |-> 0,
           ROB |-> 0,
           RS |-> 0,
           FU |-> 0 ] >>,
  edges |->
      { [type |-> "D", source |-> 5687, dest |-> 5690],
        [type |-> "D", source |-> 5693, dest |-> 5695],
        [type |-> "D", source |-> 5700, dest |-> 5701] } ]
/\ currCycle2 = 14
/\ _IF2 = << [ instr |->
         [ ind |-> 5711,
           type |-> "IntAlu",
           r0 |-> "a5",
           r1 |-> "a4",
           r2 |-> "",
           addr |-> "0x105aa" ],
     baseLat |-> 1,
     currLat |-> 5 ],
   [ instr |->
         [ ind |-> 5712,
           type |-> "IntAlu",
           r0 |-> "a4",
           r1 |-> "zero",
           r2 |-> "",
           addr |-> "0x1050e" ],
     baseLat |-> 1,
     currLat |-> 5 ],
   [ instr |->
         [ ind |-> 5713,
           type |-> "MemRead",
           r0 |-> "a5",
           r1 |-> "",
           r2 |-> "",
           addr |-> "0x10512" ],
     baseLat |-> 1,
     currLat |-> 5 ],
   [ instr |->
         [ ind |-> 5714,
           type |-> "IntAlu",
           r0 |-> "a5",
           r1 |-> "a4",
           r2 |-> "a5",
           addr |-> "0x10516" ],
     baseLat |-> 1,
     currLat |-> 5 ] >>
/\ graph2 = [ nodes |->
      << [ ind |-> 5687,
           addr |-> "0x105e2",
           IFacq |-> 1,
           IFrel |-> 2,
           IDacq |-> 2,
           IDrel |-> 3,
           FUacq |-> 3,
           FUrel |-> 4,
           COM |-> 4,
           ROB |-> 2,
           RS |-> 2,
           FU |-> 1 ],
         [ ind |-> 5688,
           addr |-> "0x105e4",
           IFacq |-> 1,
           IFrel |-> 2,
           IDacq |-> 2,
           IDrel |-> 3,
           FUacq |-> 3,
           FUrel |-> 4,
           COM |-> 4,
           ROB |-> 2,
           RS |-> 2,
           FU |-> 2 ],
         [ ind |-> 5689,
           addr |-> "0x105e6",
           IFacq |-> 1,
           IFrel |-> 2,
           IDacq |-> 2,
           IDrel |-> 3,
           FUacq |-> 4,
           FUrel |-> 5,
           COM |-> 5,
           ROB |-> 2,
           RS |-> 2,
           FU |-> 2 ],
         [ ind |-> 5690,
           addr |-> "0x105e8",
           IFacq |-> 1,
           IFrel |-> 2,
           IDacq |-> 2,
           IDrel |-> 3,
           FUacq |-> 4,
           FUrel |-> 5,
           COM |-> 5,
           ROB |-> 2,
           RS |-> 2,
           FU |-> 1 ],
         [ ind |-> 5691,
           addr |-> "0x105ea",
           IFacq |-> 2,
           IFrel |-> 3,
           IDacq |-> 3,
           IDrel |-> 4,
           FUacq |-> 5,
           FUrel |-> 6,
           COM |-> 6,
           ROB |-> 3,
           RS |-> 3,
           FU |-> 1 ],
         [ ind |-> 5692,
           addr |-> "0x105ee",
           IFacq |-> 2,
           IFrel |-> 3,
           IDacq |-> 3,
           IDrel |-> 4,
           FUacq |-> 6,
           FUrel |-> 7,
           COM |-> 7,
           ROB |-> 3,
           RS |-> 3,
           FU |-> 1 ],
         [ ind |-> 5693,
           addr |-> "0x104ee",
           IFacq |-> 2,
           IFrel |-> 3,
           IDacq |-> 3,
           IDrel |-> 4,
           FUacq |-> 7,
           FUrel |-> 8,
           COM |-> 8,
           ROB |-> 3,
           RS |-> 3,
           FU |-> 1 ],
         [ ind |-> 5694,
           addr |-> "0x104f0",
           IFacq |-> 2,
           IFrel |-> 3,
           IDacq |-> 3,
           IDrel |-> 4,
           FUacq |-> 5,
           FUrel |-> 6,
           COM |-> 8,
           ROB |-> 3,
           RS |-> 3,
           FU |-> 2 ],
         [ ind |-> 5695,
           addr |-> "0x104f2",
           IFacq |-> 3,
           IFrel |-> 4,
           IDacq |-> 4,
           IDrel |-> 5,
           FUacq |-> 8,
           FUrel |-> 9,
           COM |-> 9,
           ROB |-> 4,
           RS |-> 4,
           FU |-> 1 ],
         [ ind |-> 5696,
           addr |-> "0x104f4",
           IFacq |-> 3,
           IFrel |-> 4,
           IDacq |-> 4,
           IDrel |-> 5,
           FUacq |-> 6,
           FUrel |-> 7,
           COM |-> 9,
           ROB |-> 4,
           RS |-> 4,
           FU |-> 2 ],
         [ ind |-> 5697,
           addr |-> "0x104f8",
           IFacq |-> 3,
           IFrel |-> 4,
           IDacq |-> 4,
           IDrel |-> 5,
           FUacq |-> 7,
           FUrel |-> 8,
           COM |-> 9,
           ROB |-> 4,
           RS |-> 4,
           FU |-> 2 ],
         [ ind |-> 5698,
           addr |-> "0x104fc",
           IFacq |-> 3,
           IFrel |-> 4,
           IDacq |-> 4,
           IDrel |-> 5,
           FUacq |-> 8,
           FUrel |-> 0,
           COM |-> 0,
           ROB |-> 4,
           RS |-> 4,
           FU |-> 2 ],
         [ ind |-> 5699,
           addr |-> "0x10500",
           IFacq |-> 4,
           IFrel |-> 5,
           IDacq |-> 5,
           IDrel |-> 7,
           FUacq |-> 9,
           FUrel |-> 10,
           COM |-> 0,
           ROB |-> 6,
           RS |-> 6,
           FU |-> 1 ],
         [ ind |-> 5700,
           addr |-> "0x105c4",
           IFacq |-> 4,
           IFrel |-> 5,
           IDacq |-> 5,
           IDrel |-> 7,
           FUacq |-> 0,
           FUrel |-> 0,
           COM |-> 0,
           ROB |-> 6,
           RS |-> 6,
           FU |-> 0 ],
         [ ind |-> 5701,
           addr |-> "0x105c8",
           IFacq |-> 4,
           IFrel |-> 5,
           IDacq |-> 5,
           IDrel |-> 7,
           FUacq |-> 0,
           FUrel |-> 0,
           COM |-> 0,
           ROB |-> 6,
           RS |-> 6,
           FU |-> 0 ],
         [ ind |-> 5702,
           addr |-> "0x105cc",
           IFacq |-> 4,
           IFrel |-> 5,
           IDacq |-> 5,
           IDrel |-> 7,
           FUacq |-> 0,
           FUrel |-> 0,
           COM |-> 0,
           ROB |-> 6,
           RS |-> 6,
           FU |-> 0 ],
         [ ind |-> 5703,
           addr |-> "0x105d0",
           IFacq |-> 5,
           IFrel |-> 6,
           IDacq |-> 7,
           IDrel |-> 10,
           FUacq |-> 0,
           FUrel |-> 0,
           COM |-> 0,
           ROB |-> 9,
           RS |-> 9,
           FU |-> 0 ],
         [ ind |-> 5704,
           addr |-> "0x10502",
           IFacq |-> 5,
           IFrel |-> 6,
           IDacq |-> 7,
           IDrel |-> 10,
           FUacq |-> 10,
           FUrel |-> 11,
           COM |-> 0,
           ROB |-> 9,
           RS |-> 9,
           FU |-> 1 ],
         [ ind |-> 5705,
           addr |-> "0x10504",
           IFacq |-> 5,
           IFrel |-> 6,
           IDacq |-> 7,
           IDrel |-> 10,
           FUacq |-> 0,
           FUrel |-> 0,
           COM |-> 0,
           ROB |-> 9,
           RS |-> 9,
           FU |-> 0 ],
         [ ind |-> 5706,
           addr |-> "0x10508",
           IFacq |-> 5,
           IFrel |-> 6,
           IDacq |-> 7,
           IDrel |-> 10,
           FUacq |-> 0,
           FUrel |-> 0,
           COM |-> 0,
           ROB |-> 9,
           RS |-> 9,
           FU |-> 0 ],
         [ ind |-> 5707,
           addr |-> "0x1050c",
           IFacq |-> 7,
           IFrel |-> 8,
           IDacq |-> 10,
           IDrel |-> 0,
           FUacq |-> 0,
           FUrel |-> 0,
           COM |-> 0,
           ROB |-> 0,
           RS |-> 13,
           FU |-> 0 ],
         [ ind |-> 5708,
           addr |-> "0x1059e",
           IFacq |-> 7,
           IFrel |-> 8,
           IDacq |-> 10,
           IDrel |-> 0,
           FUacq |-> 0,
           FUrel |-> 0,
           COM |-> 0,
           ROB |-> 0,
           RS |-> 13,
           FU |-> 0 ],
         [ ind |-> 5709,
           addr |-> "0x105a2",
           IFacq |-> 7,
           IFrel |-> 8,
           IDacq |-> 10,
           IDrel |-> 0,
           FUacq |-> 0,
           FUrel |-> 0,
           COM |-> 0,
           ROB |-> 0,
           RS |-> 13,
           FU |-> 0 ],
         [ ind |-> 5710,
           addr |-> "0x105a6",
           IFacq |-> 7,
           IFrel |-> 8,
           IDacq |-> 10,
           IDrel |-> 0,
           FUacq |-> 0,
           FUrel |-> 0,
           COM |-> 0,
           ROB |-> 0,
           RS |-> 13,
           FU |-> 0 ],
         [ ind |-> 5711,
           addr |-> "0x105aa",
           IFacq |-> 10,
           IFrel |-> 11,
           IDacq |-> 0,
           IDrel |-> 0,
           FUacq |-> 0,
           FUrel |-> 0,
           COM |-> 0,
           ROB |-> 0,
           RS |-> 0,
           FU |-> 0 ],
         [ ind |-> 5712,
           addr |-> "0x1050e",
           IFacq |-> 10,
           IFrel |-> 11,
           IDacq |-> 0,
           IDrel |-> 0,
           FUacq |-> 0,
           FUrel |-> 0,
           COM |-> 0,
           ROB |-> 0,
           RS |-> 0,
           FU |-> 0 ],
         [ ind |-> 5713,
           addr |-> "0x10512",
           IFacq |-> 10,
           IFrel |-> 11,
           IDacq |-> 0,
           IDrel |-> 0,
           FUacq |-> 0,
           FUrel |-> 0,
           COM |-> 0,
           ROB |-> 0,
           RS |-> 0,
           FU |-> 0 ],
         [ ind |-> 5714,
           addr |-> "0x10516",
           IFacq |-> 10,
           IFrel |-> 11,
           IDacq |-> 0,
           IDrel |-> 0,
           FUacq |-> 0,
           FUrel |-> 0,
           COM |-> 0,
           ROB |-> 0,
           RS |-> 0,
           FU |-> 0 ] >>,
  edges |->
      { [type |-> "D", source |-> 5687, dest |-> 5690],
        [type |-> "D", source |-> 5693, dest |-> 5695] } ]
/\ pc2 = 28
/\ robHead = 18
/\ rob = << [ instr |->
         [ ind |-> 5687,
           type |-> "IntAlu",
           r0 |-> "sp",
           r1 |-> "",
           r2 |-> "",
           addr |-> "0x105e2" ],
     executed |-> TRUE,
     done |-> TRUE ],
   [ instr |->
         [ ind |-> 5688,
           type |-> "MemWrite",
           r0 |-> "ra",
           r1 |-> "",
           r2 |-> "",
           addr |-> "0x105e4" ],
     executed |-> TRUE,
     done |-> TRUE ],
   [ instr |->
         [ ind |-> 5689,
           type |-> "MemWrite",
           r0 |-> "s0",
           r1 |-> "",
           r2 |-> "",
           addr |-> "0x105e6" ],
     executed |-> TRUE,
     done |-> TRUE ],
   [ instr |->
         [ ind |-> 5690,
           type |-> "IntAlu",
           r0 |-> "s0",
           r1 |-> "sp",
           r2 |-> "",
           addr |-> "0x105e8" ],
     executed |-> TRUE,
     done |-> TRUE ],
   [ instr |->
         [ ind |-> 5691,
           type |-> "IntAlu",
           r0 |-> "a0",
           r1 |-> "gp",
           r2 |-> "",
           addr |-> "0x105ea" ],
     executed |-> TRUE,
     done |-> TRUE ],
   [ instr |->
         [ ind |-> 5692,
           type |-> "IntAlu",
           r0 |-> "ra",
           r1 |-> "",
           r2 |-> "",
           addr |-> "0x105ee" ],
     executed |-> TRUE,
     done |-> TRUE ],
   [ instr |->
         [ ind |-> 5693,
           type |-> "IntAlu",
           r0 |-> "sp",
           r1 |-> "",
           r2 |-> "",
           addr |-> "0x104ee" ],
     executed |-> TRUE,
     done |-> TRUE ],
   [ instr |->
         [ ind |-> 5694,
           type |-> "MemWrite",
           r0 |-> "s0",
           r1 |-> "",
           r2 |-> "",
           addr |-> "0x104f0" ],
     executed |-> TRUE,
     done |-> TRUE ],
   [ instr |->
         [ ind |-> 5695,
           type |-> "IntAlu",
           r0 |-> "s0",
           r1 |-> "sp",
           r2 |-> "",
           addr |-> "0x104f2" ],
     executed |-> TRUE,
     done |-> TRUE ],
   [ instr |->
         [ ind |-> 5696,
           type |-> "MemWrite",
           r0 |-> "a0",
           r1 |-> "",
           r2 |-> "",
           addr |-> "0x104f4" ],
     executed |-> TRUE,
     done |-> TRUE ],
   [ instr |->
         [ ind |-> 5697,
           type |-> "MemWrite",
           r0 |-> "zero",
           r1 |-> "",
           r2 |-> "",
           addr |-> "0x104f8" ],
     executed |-> TRUE,
     done |-> TRUE ],
   [ instr |->
         [ ind |-> 5698,
           type |-> "MemWrite",
           r0 |-> "zero",
           r1 |-> "",
           r2 |-> "",
           addr |-> "0x104fc" ],
     executed |-> TRUE,
     done |-> TRUE ],
   [ instr |->
         [ ind |-> 5699,
           type |-> "IntAlu",
           r0 |-> "",
           r1 |-> "",
           r2 |-> "",
           addr |-> "0x10500" ],
     executed |-> TRUE,
     done |-> TRUE ],
   [ instr |->
         [ ind |-> 5700,
           type |-> "MemRead",
           r0 |-> "a5",
           r1 |-> "",
           r2 |-> "",
           addr |-> "0x105c4" ],
     executed |-> TRUE,
     done |-> TRUE ],
   [ instr |->
         [ ind |-> 5701,
           type |-> "IntAlu",
           r0 |-> "a4",
           r1 |-> "a5",
           r2 |-> "",
           addr |-> "0x105c8" ],
     executed |-> TRUE,
     done |-> TRUE ],
   [ instr |->
         [ ind |-> 5702,
           type |-> "IntAlu",
           r0 |-> "a5",
           r1 |-> "zero",
           r2 |-> "",
           addr |-> "0x105cc" ],
     executed |-> TRUE,
     done |-> TRUE ],
   [ instr |->
         [ ind |-> 5703,
           type |-> "IntAlu",
           r0 |-> "a5",
           r1 |-> "a4",
           r2 |-> "",
           addr |-> "0x105d0" ],
     executed |-> TRUE,
     done |-> TRUE ],
   [ instr |->
         [ ind |-> 5704,
           type |-> "IntAlu",
           r0 |-> "a5",
           r1 |-> "",
           r2 |-> "",
           addr |-> "0x10502" ],
     executed |-> TRUE,
     done |-> FALSE ],
   [ instr |->
         [ ind |-> 5705,
           type |-> "MemWrite",
           r0 |-> "a5",
           r1 |-> "",
           r2 |-> "",
           addr |-> "0x10504" ],
     executed |-> TRUE,
     done |-> FALSE ],
   [ instr |->
         [ ind |-> 5706,
           type |-> "MemWrite",
           r0 |-> "zero",
           r1 |-> "",
           r2 |-> "",
           addr |-> "0x10508" ],
     executed |-> TRUE,
     done |-> FALSE ],
   [ instr |->
         [ ind |-> 5707,
           type |-> "IntAlu",
           r0 |-> "",
           r1 |-> "",
           r2 |-> "",
           addr |-> "0x1050c" ],
     executed |-> FALSE,
     done |-> FALSE ],
   [ instr |->
         [ ind |-> 5708,
           type |-> "MemRead",
           r0 |-> "a5",
           r1 |-> "",
           r2 |-> "",
           addr |-> "0x1059e" ],
     executed |-> TRUE,
     done |-> FALSE ],
   [ instr |->
         [ ind |-> 5709,
           type |-> "IntAlu",
           r0 |-> "a4",
           r1 |-> "a5",
           r2 |-> "",
           addr |-> "0x105a2" ],
     executed |-> FALSE,
     done |-> FALSE ],
   [ instr |->
         [ ind |-> 5710,
           type |-> "IntAlu",
           r0 |-> "a5",
           r1 |-> "zero",
           r2 |-> "",
           addr |-> "0x105a6" ],
     executed |-> FALSE,
     done |-> FALSE ],
   [ instr |->
         [ ind |-> 5711,
           type |-> "IntAlu",
           r0 |-> "a5",
           r1 |-> "a4",
           r2 |-> "",
           addr |-> "0x105aa" ],
     executed |-> FALSE,
     done |-> FALSE ],
   [ instr |->
         [ ind |-> 5712,
           type |-> "IntAlu",
           r0 |-> "a4",
           r1 |-> "zero",
           r2 |-> "",
           addr |-> "0x1050e" ],
     executed |-> FALSE,
     done |-> FALSE ],
   [ instr |->
         [ ind |-> 5713,
           type |-> "MemRead",
           r0 |-> "a5",
           r1 |-> "",
           r2 |-> "",
           addr |-> "0x10512" ],
     executed |-> FALSE,
     done |-> FALSE ],
   [ instr |->
         [ ind |-> 5714,
           type |-> "IntAlu",
           r0 |-> "a5",
           r1 |-> "a4",
           r2 |-> "a5",
           addr |-> "0x10516" ],
     executed |-> FALSE,
     done |-> FALSE ] >>
/\ _RS = << { [ ind |-> 5709,
       type |-> "IntAlu",
       r0 |-> "a4",
       r1 |-> "a5",
       r2 |-> "",
       addr |-> "0x105a2" ],
     [ ind |-> 5710,
       type |-> "IntAlu",
       r0 |-> "a5",
       r1 |-> "zero",
       r2 |-> "",
       addr |-> "0x105a6" ],
     [ ind |-> 5711,
       type |-> "IntAlu",
       r0 |-> "a5",
       r1 |-> "a4",
       r2 |-> "",
       addr |-> "0x105aa" ],
     [ ind |-> 5712,
       type |-> "IntAlu",
       r0 |-> "a4",
       r1 |-> "zero",
       r2 |-> "",
       addr |-> "0x1050e" ],
     [ ind |-> 5714,
       type |-> "IntAlu",
       r0 |-> "a5",
       r1 |-> "a4",
       r2 |-> "a5",
       addr |-> "0x10516" ] },
   {},
   {},
   {},
   {} >>
/\ currCycle = 14
/\ exec_inst = 1
/\ robHead2 = 12
/\ pc = 36
/\ cpt = 0
/\ rob2 = << [ instr |->
         [ ind |-> 5687,
           type |-> "IntAlu",
           r0 |-> "sp",
           r1 |-> "",
           r2 |-> "",
           addr |-> "0x105e2" ],
     executed |-> TRUE,
     done |-> TRUE ],
   [ instr |->
         [ ind |-> 5688,
           type |-> "MemWrite",
           r0 |-> "ra",
           r1 |-> "",
           r2 |-> "",
           addr |-> "0x105e4" ],
     executed |-> TRUE,
     done |-> TRUE ],
   [ instr |->
         [ ind |-> 5689,
           type |-> "MemWrite",
           r0 |-> "s0",
           r1 |-> "",
           r2 |-> "",
           addr |-> "0x105e6" ],
     executed |-> TRUE,
     done |-> TRUE ],
   [ instr |->
         [ ind |-> 5690,
           type |-> "IntAlu",
           r0 |-> "s0",
           r1 |-> "sp",
           r2 |-> "",
           addr |-> "0x105e8" ],
     executed |-> TRUE,
     done |-> TRUE ],
   [ instr |->
         [ ind |-> 5691,
           type |-> "IntAlu",
           r0 |-> "a0",
           r1 |-> "gp",
           r2 |-> "",
           addr |-> "0x105ea" ],
     executed |-> TRUE,
     done |-> TRUE ],
   [ instr |->
         [ ind |-> 5692,
           type |-> "IntAlu",
           r0 |-> "ra",
           r1 |-> "",
           r2 |-> "",
           addr |-> "0x105ee" ],
     executed |-> TRUE,
     done |-> TRUE ],
   [ instr |->
         [ ind |-> 5693,
           type |-> "IntAlu",
           r0 |-> "sp",
           r1 |-> "",
           r2 |-> "",
           addr |-> "0x104ee" ],
     executed |-> TRUE,
     done |-> TRUE ],
   [ instr |->
         [ ind |-> 5694,
           type |-> "MemWrite",
           r0 |-> "s0",
           r1 |-> "",
           r2 |-> "",
           addr |-> "0x104f0" ],
     executed |-> TRUE,
     done |-> TRUE ],
   [ instr |->
         [ ind |-> 5695,
           type |-> "IntAlu",
           r0 |-> "s0",
           r1 |-> "sp",
           r2 |-> "",
           addr |-> "0x104f2" ],
     executed |-> TRUE,
     done |-> TRUE ],
   [ instr |->
         [ ind |-> 5696,
           type |-> "MemWrite",
           r0 |-> "a0",
           r1 |-> "",
           r2 |-> "",
           addr |-> "0x104f4" ],
     executed |-> TRUE,
     done |-> TRUE ],
   [ instr |->
         [ ind |-> 5697,
           type |-> "MemWrite",
           r0 |-> "zero",
           r1 |-> "",
           r2 |-> "",
           addr |-> "0x104f8" ],
     executed |-> TRUE,
     done |-> TRUE ],
   [ instr |->
         [ ind |-> 5698,
           type |-> "MemWrite",
           r0 |-> "zero",
           r1 |-> "",
           r2 |-> "",
           addr |-> "0x104fc" ],
     executed |-> FALSE,
     done |-> FALSE ],
   [ instr |->
         [ ind |-> 5699,
           type |-> "IntAlu",
           r0 |-> "",
           r1 |-> "",
           r2 |-> "",
           addr |-> "0x10500" ],
     executed |-> TRUE,
     done |-> FALSE ],
   [ instr |->
         [ ind |-> 5700,
           type |-> "MemRead",
           r0 |-> "a5",
           r1 |-> "",
           r2 |-> "",
           addr |-> "0x105c4" ],
     executed |-> FALSE,
     done |-> FALSE ],
   [ instr |->
         [ ind |-> 5701,
           type |-> "IntAlu",
           r0 |-> "a4",
           r1 |-> "a5",
           r2 |-> "",
           addr |-> "0x105c8" ],
     executed |-> FALSE,
     done |-> FALSE ],
   [ instr |->
         [ ind |-> 5702,
           type |-> "IntAlu",
           r0 |-> "a5",
           r1 |-> "zero",
           r2 |-> "",
           addr |-> "0x105cc" ],
     executed |-> FALSE,
     done |-> FALSE ],
   [ instr |->
         [ ind |-> 5703,
           type |-> "IntAlu",
           r0 |-> "a5",
           r1 |-> "a4",
           r2 |-> "",
           addr |-> "0x105d0" ],
     executed |-> FALSE,
     done |-> FALSE ],
   [ instr |->
         [ ind |-> 5704,
           type |-> "IntAlu",
           r0 |-> "a5",
           r1 |-> "",
           r2 |-> "",
           addr |-> "0x10502" ],
     executed |-> TRUE,
     done |-> FALSE ],
   [ instr |->
         [ ind |-> 5705,
           type |-> "MemWrite",
           r0 |-> "a5",
           r1 |-> "",
           r2 |-> "",
           addr |-> "0x10504" ],
     executed |-> FALSE,
     done |-> FALSE ],
   [ instr |->
         [ ind |-> 5706,
           type |-> "MemWrite",
           r0 |-> "zero",
           r1 |-> "",
           r2 |-> "",
           addr |-> "0x10508" ],
     executed |-> FALSE,
     done |-> FALSE ] >>
/\ _FU = << [ instr |->
         [ ind |-> 5707,
           type |-> "IntAlu",
           r0 |-> "",
           r1 |-> "",
           r2 |-> "",
           addr |-> "0x1050c" ],
     baseLat |-> 1,
     currLat |-> 1 ],
   [ instr |->
         [ ind |-> 5713,
           type |-> "MemRead",
           r0 |-> "a5",
           r1 |-> "",
           r2 |-> "",
           addr |-> "0x10512" ],
     baseLat |-> 1,
     currLat |-> 1 ],
   [ instr |->
         [ ind |-> 0,
           type |-> "No_OpClass",
           r0 |-> "",
           r1 |-> "",
           r2 |-> "",
           addr |-> "" ],
     baseLat |-> 1,
     currLat |-> 1 ],
   [ instr |->
         [ ind |-> 0,
           type |-> "No_OpClass",
           r0 |-> "",
           r1 |-> "",
           r2 |-> "",
           addr |-> "" ],
     baseLat |-> 1,
     currLat |-> 1 ],
   [ instr |->
         [ ind |-> 0,
           type |-> "No_OpClass",
           r0 |-> "",
           r1 |-> "",
           r2 |-> "",
           addr |-> "" ],
     baseLat |-> 1,
     currLat |-> 1 ] >>

@!@!@ENDMSG 2217 @!@!@
@!@!@STARTMSG 2217:4 @!@!@
16: <Next line 60, col 9 to line 65, col 35 of module pipeline_ooo>
/\ _RS2 = << { [ ind |-> 5701,
       type |-> "IntAlu",
       r0 |-> "a4",
       r1 |-> "a5",
       r2 |-> "",
       addr |-> "0x105c8" ],
     [ ind |-> 5702,
       type |-> "IntAlu",
       r0 |-> "a5",
       r1 |-> "zero",
       r2 |-> "",
       addr |-> "0x105cc" ],
     [ ind |-> 5703,
       type |-> "IntAlu",
       r0 |-> "a5",
       r1 |-> "a4",
       r2 |-> "",
       addr |-> "0x105d0" ] },
   { [ ind |-> 5700,
       type |-> "MemRead",
       r0 |-> "a5",
       r1 |-> "",
       r2 |-> "",
       addr |-> "0x105c4" ],
     [ ind |-> 5705,
       type |-> "MemWrite",
       r0 |-> "a5",
       r1 |-> "",
       r2 |-> "",
       addr |-> "0x10504" ],
     [ ind |-> 5706,
       type |-> "MemWrite",
       r0 |-> "zero",
       r1 |-> "",
       r2 |-> "",
       addr |-> "0x10508" ] },
   {},
   {},
   {} >>
/\ _COM2 = << [ ind |-> 0,
     type |-> "No_OpClass",
     r0 |-> "",
     r1 |-> "",
     r2 |-> "",
     addr |-> "" ],
   [ ind |-> 0,
     type |-> "No_OpClass",
     r0 |-> "",
     r1 |-> "",
     r2 |-> "",
     addr |-> "" ],
   [ ind |-> 0,
     type |-> "No_OpClass",
     r0 |-> "",
     r1 |-> "",
     r2 |-> "",
     addr |-> "" ],
   [ ind |-> 0,
     type |-> "No_OpClass",
     r0 |-> "",
     r1 |-> "",
     r2 |-> "",
     addr |-> "" ] >>
/\ _ID = << [ ind |-> 5715,
     type |-> "IntAlu",
     r0 |-> "a4",
     r1 |-> "a5",
     r2 |-> "",
     addr |-> "0x1051a" ],
   [ ind |-> 5716,
     type |-> "MemRead",
     r0 |-> "a5",
     r1 |-> "",
     r2 |-> "",
     addr |-> "0x1051e" ],
   [ ind |-> 5717,
     type |-> "IntAlu",
     r0 |-> "a5",
     r1 |-> "",
     r2 |-> "",
     addr |-> "0x10522" ],
   [ ind |-> 5718,
     type |-> "IntAlu",
     r0 |-> "a4",
     r1 |-> "a5",
     r2 |-> "",
     addr |-> "0x10524" ] >>
/\ _IF = << [ instr |->
         [ ind |-> 5719,
           type |-> "MemRead",
           r0 |-> "a5",
           r1 |-> "",
           r2 |-> "",
           addr |-> "0x10528" ],
     baseLat |-> 1,
     currLat |-> 2 ],
   [ instr |->
         [ ind |-> 5720,
           type |-> "IntAlu",
           r0 |-> "a5",
           r1 |-> "",
           r2 |-> "",
           addr |-> "0x1052c" ],
     baseLat |-> 1,
     currLat |-> 2 ],
   [ instr |->
         [ ind |-> 5721,
           type |-> "MemRead",
           r0 |-> "a4",
           r1 |-> "",
           r2 |-> "",
           addr |-> "0x1052e" ],
     baseLat |-> 1,
     currLat |-> 2 ],
   [ instr |->
         [ ind |-> 5722,
           type |-> "IntAlu",
           r0 |-> "a5",
           r1 |-> "a4",
           r2 |-> "",
           addr |-> "0x10532" ],
     baseLat |-> 1,
     currLat |-> 2 ] >>
/\ _FU2 = << [ instr |->
         [ ind |-> 0,
           type |-> "No_OpClass",
           r0 |-> "",
           r1 |-> "",
           r2 |-> "",
           addr |-> "" ],
     baseLat |-> 1,
     currLat |-> 1 ],
   [ instr |->
         [ ind |-> 5698,
           type |-> "MemWrite",
           r0 |-> "zero",
           r1 |-> "",
           r2 |-> "",
           addr |-> "0x104fc" ],
     baseLat |-> 10,
     currLat |-> 8 ],
   [ instr |->
         [ ind |-> 0,
           type |-> "No_OpClass",
           r0 |-> "",
           r1 |-> "",
           r2 |-> "",
           addr |-> "" ],
     baseLat |-> 1,
     currLat |-> 1 ],
   [ instr |->
         [ ind |-> 0,
           type |-> "No_OpClass",
           r0 |-> "",
           r1 |-> "",
           r2 |-> "",
           addr |-> "" ],
     baseLat |-> 1,
     currLat |-> 1 ],
   [ instr |->
         [ ind |-> 0,
           type |-> "No_OpClass",
           r0 |-> "",
           r1 |-> "",
           r2 |-> "",
           addr |-> "" ],
     baseLat |-> 1,
     currLat |-> 1 ] >>
/\ _COM = << [ ind |-> 5707,
     type |-> "IntAlu",
     r0 |-> "",
     r1 |-> "",
     r2 |-> "",
     addr |-> "0x1050c" ],
   [ ind |-> 5708,
     type |-> "MemRead",
     r0 |-> "a5",
     r1 |-> "",
     r2 |-> "",
     addr |-> "0x1059e" ],
   [ ind |-> 0,
     type |-> "No_OpClass",
     r0 |-> "",
     r1 |-> "",
     r2 |-> "",
     addr |-> "" ],
   [ ind |-> 0,
     type |-> "No_OpClass",
     r0 |-> "",
     r1 |-> "",
     r2 |-> "",
     addr |-> "" ] >>
/\ exec_inst2 = 2
/\ _ID2 = << [ ind |-> 5707,
     type |-> "IntAlu",
     r0 |-> "",
     r1 |-> "",
     r2 |-> "",
     addr |-> "0x1050c" ],
   [ ind |-> 5708,
     type |-> "MemRead",
     r0 |-> "a5",
     r1 |-> "",
     r2 |-> "",
     addr |-> "0x1059e" ],
   [ ind |-> 5709,
     type |-> "IntAlu",
     r0 |-> "a4",
     r1 |-> "a5",
     r2 |-> "",
     addr |-> "0x105a2" ],
   [ ind |-> 5710,
     type |-> "IntAlu",
     r0 |-> "a5",
     r1 |-> "zero",
     r2 |-> "",
     addr |-> "0x105a6" ] >>
/\ graph = [ nodes |->
      << [ ind |-> 5687,
           addr |-> "0x105e2",
           IFacq |-> 1,
           IFrel |-> 2,
           IDacq |-> 2,
           IDrel |-> 3,
           FUacq |-> 3,
           FUrel |-> 4,
           COM |-> 4,
           ROB |-> 2,
           RS |-> 2,
           FU |-> 1 ],
         [ ind |-> 5688,
           addr |-> "0x105e4",
           IFacq |-> 1,
           IFrel |-> 2,
           IDacq |-> 2,
           IDrel |-> 3,
           FUacq |-> 3,
           FUrel |-> 4,
           COM |-> 4,
           ROB |-> 2,
           RS |-> 2,
           FU |-> 2 ],
         [ ind |-> 5689,
           addr |-> "0x105e6",
           IFacq |-> 1,
           IFrel |-> 2,
           IDacq |-> 2,
           IDrel |-> 3,
           FUacq |-> 4,
           FUrel |-> 5,
           COM |-> 5,
           ROB |-> 2,
           RS |-> 2,
           FU |-> 2 ],
         [ ind |-> 5690,
           addr |-> "0x105e8",
           IFacq |-> 1,
           IFrel |-> 2,
           IDacq |-> 2,
           IDrel |-> 3,
           FUacq |-> 4,
           FUrel |-> 5,
           COM |-> 5,
           ROB |-> 2,
           RS |-> 2,
           FU |-> 1 ],
         [ ind |-> 5691,
           addr |-> "0x105ea",
           IFacq |-> 2,
           IFrel |-> 3,
           IDacq |-> 3,
           IDrel |-> 4,
           FUacq |-> 5,
           FUrel |-> 6,
           COM |-> 6,
           ROB |-> 3,
           RS |-> 3,
           FU |-> 1 ],
         [ ind |-> 5692,
           addr |-> "0x105ee",
           IFacq |-> 2,
           IFrel |-> 3,
           IDacq |-> 3,
           IDrel |-> 4,
           FUacq |-> 6,
           FUrel |-> 7,
           COM |-> 7,
           ROB |-> 3,
           RS |-> 3,
           FU |-> 1 ],
         [ ind |-> 5693,
           addr |-> "0x104ee",
           IFacq |-> 2,
           IFrel |-> 3,
           IDacq |-> 3,
           IDrel |-> 4,
           FUacq |-> 7,
           FUrel |-> 8,
           COM |-> 8,
           ROB |-> 3,
           RS |-> 3,
           FU |-> 1 ],
         [ ind |-> 5694,
           addr |-> "0x104f0",
           IFacq |-> 2,
           IFrel |-> 3,
           IDacq |-> 3,
           IDrel |-> 4,
           FUacq |-> 5,
           FUrel |-> 6,
           COM |-> 8,
           ROB |-> 3,
           RS |-> 3,
           FU |-> 2 ],
         [ ind |-> 5695,
           addr |-> "0x104f2",
           IFacq |-> 3,
           IFrel |-> 4,
           IDacq |-> 4,
           IDrel |-> 5,
           FUacq |-> 8,
           FUrel |-> 9,
           COM |-> 9,
           ROB |-> 4,
           RS |-> 4,
           FU |-> 1 ],
         [ ind |-> 5696,
           addr |-> "0x104f4",
           IFacq |-> 3,
           IFrel |-> 4,
           IDacq |-> 4,
           IDrel |-> 5,
           FUacq |-> 6,
           FUrel |-> 7,
           COM |-> 9,
           ROB |-> 4,
           RS |-> 4,
           FU |-> 2 ],
         [ ind |-> 5697,
           addr |-> "0x104f8",
           IFacq |-> 3,
           IFrel |-> 4,
           IDacq |-> 4,
           IDrel |-> 5,
           FUacq |-> 7,
           FUrel |-> 8,
           COM |-> 9,
           ROB |-> 4,
           RS |-> 4,
           FU |-> 2 ],
         [ ind |-> 5698,
           addr |-> "0x104fc",
           IFacq |-> 3,
           IFrel |-> 4,
           IDacq |-> 4,
           IDrel |-> 5,
           FUacq |-> 8,
           FUrel |-> 9,
           COM |-> 9,
           ROB |-> 4,
           RS |-> 4,
           FU |-> 2 ],
         [ ind |-> 5699,
           addr |-> "0x10500",
           IFacq |-> 4,
           IFrel |-> 5,
           IDacq |-> 5,
           IDrel |-> 7,
           FUacq |-> 9,
           FUrel |-> 10,
           COM |-> 10,
           ROB |-> 6,
           RS |-> 6,
           FU |-> 1 ],
         [ ind |-> 5700,
           addr |-> "0x105c4",
           IFacq |-> 4,
           IFrel |-> 5,
           IDacq |-> 5,
           IDrel |-> 7,
           FUacq |-> 9,
           FUrel |-> 10,
           COM |-> 10,
           ROB |-> 6,
           RS |-> 6,
           FU |-> 2 ],
         [ ind |-> 5701,
           addr |-> "0x105c8",
           IFacq |-> 4,
           IFrel |-> 5,
           IDacq |-> 5,
           IDrel |-> 7,
           FUacq |-> 10,
           FUrel |-> 11,
           COM |-> 11,
           ROB |-> 6,
           RS |-> 6,
           FU |-> 1 ],
         [ ind |-> 5702,
           addr |-> "0x105cc",
           IFacq |-> 4,
           IFrel |-> 5,
           IDacq |-> 5,
           IDrel |-> 7,
           FUacq |-> 11,
           FUrel |-> 12,
           COM |-> 12,
           ROB |-> 6,
           RS |-> 6,
           FU |-> 1 ],
         [ ind |-> 5703,
           addr |-> "0x105d0",
           IFacq |-> 5,
           IFrel |-> 6,
           IDacq |-> 7,
           IDrel |-> 10,
           FUacq |-> 12,
           FUrel |-> 13,
           COM |-> 13,
           ROB |-> 9,
           RS |-> 9,
           FU |-> 1 ],
         [ ind |-> 5704,
           addr |-> "0x10502",
           IFacq |-> 5,
           IFrel |-> 6,
           IDacq |-> 7,
           IDrel |-> 10,
           FUacq |-> 13,
           FUrel |-> 14,
           COM |-> 14,
           ROB |-> 9,
           RS |-> 9,
           FU |-> 1 ],
         [ ind |-> 5705,
           addr |-> "0x10504",
           IFacq |-> 5,
           IFrel |-> 6,
           IDacq |-> 7,
           IDrel |-> 10,
           FUacq |-> 10,
           FUrel |-> 11,
           COM |-> 14,
           ROB |-> 9,
           RS |-> 9,
           FU |-> 2 ],
         [ ind |-> 5706,
           addr |-> "0x10508",
           IFacq |-> 5,
           IFrel |-> 6,
           IDacq |-> 7,
           IDrel |-> 10,
           FUacq |-> 11,
           FUrel |-> 12,
           COM |-> 14,
           ROB |-> 9,
           RS |-> 9,
           FU |-> 2 ],
         [ ind |-> 5707,
           addr |-> "0x1050c",
           IFacq |-> 7,
           IFrel |-> 8,
           IDacq |-> 10,
           IDrel |-> 11,
           FUacq |-> 14,
           FUrel |-> 15,
           COM |-> 0,
           ROB |-> 10,
           RS |-> 10,
           FU |-> 1 ],
         [ ind |-> 5708,
           addr |-> "0x1059e",
           IFacq |-> 7,
           IFrel |-> 8,
           IDacq |-> 10,
           IDrel |-> 11,
           FUacq |-> 12,
           FUrel |-> 13,
           COM |-> 0,
           ROB |-> 10,
           RS |-> 10,
           FU |-> 2 ],
         [ ind |-> 5709,
           addr |-> "0x105a2",
           IFacq |-> 7,
           IFrel |-> 8,
           IDacq |-> 10,
           IDrel |-> 11,
           FUacq |-> 0,
           FUrel |-> 0,
           COM |-> 0,
           ROB |-> 10,
           RS |-> 10,
           FU |-> 0 ],
         [ ind |-> 5710,
           addr |-> "0x105a6",
           IFacq |-> 7,
           IFrel |-> 8,
           IDacq |-> 10,
           IDrel |-> 11,
           FUacq |-> 0,
           FUrel |-> 0,
           COM |-> 0,
           ROB |-> 10,
           RS |-> 10,
           FU |-> 0 ],
         [ ind |-> 5711,
           addr |-> "0x105aa",
           IFacq |-> 10,
           IFrel |-> 11,
           IDacq |-> 11,
           IDrel |-> 14,
           FUacq |-> 0,
           FUrel |-> 0,
           COM |-> 0,
           ROB |-> 13,
           RS |-> 13,
           FU |-> 0 ],
         [ ind |-> 5712,
           addr |-> "0x1050e",
           IFacq |-> 10,
           IFrel |-> 11,
           IDacq |-> 11,
           IDrel |-> 14,
           FUacq |-> 0,
           FUrel |-> 0,
           COM |-> 0,
           ROB |-> 13,
           RS |-> 13,
           FU |-> 0 ],
         [ ind |-> 5713,
           addr |-> "0x10512",
           IFacq |-> 10,
           IFrel |-> 11,
           IDacq |-> 11,
           IDrel |-> 14,
           FUacq |-> 14,
           FUrel |-> 15,
           COM |-> 0,
           ROB |-> 13,
           RS |-> 13,
           FU |-> 2 ],
         [ ind |-> 5714,
           addr |-> "0x10516",
           IFacq |-> 10,
           IFrel |-> 11,
           IDacq |-> 11,
           IDrel |-> 14,
           FUacq |-> 0,
           FUrel |-> 0,
           COM |-> 0,
           ROB |-> 13,
           RS |-> 13,
           FU |-> 0 ],
         [ ind |-> 5715,
           addr |-> "0x1051a",
           IFacq |-> 11,
           IFrel |-> 12,
           IDacq |-> 14,
           IDrel |-> 0,
           FUacq |-> 0,
           FUrel |-> 0,
           COM |-> 0,
           ROB |-> 0,
           RS |-> 14,
           FU |-> 0 ],
         [ ind |-> 5716,
           addr |-> "0x1051e",
           IFacq |-> 11,
           IFrel |-> 12,
           IDacq |-> 14,
           IDrel |-> 0,
           FUacq |-> 0,
           FUrel |-> 0,
           COM |-> 0,
           ROB |-> 0,
           RS |-> 14,
           FU |-> 0 ],
         [ ind |-> 5717,
           addr |-> "0x10522",
           IFacq |-> 11,
           IFrel |-> 12,
           IDacq |-> 14,
           IDrel |-> 0,
           FUacq |-> 0,
           FUrel |-> 0,
           COM |-> 0,
           ROB |-> 0,
           RS |-> 14,
           FU |-> 0 ],
         [ ind |-> 5718,
           addr |-> "0x10524",
           IFacq |-> 11,
           IFrel |-> 12,
           IDacq |-> 14,
           IDrel |-> 0,
           FUacq |-> 0,
           FUrel |-> 0,
           COM |-> 0,
           ROB |-> 0,
           RS |-> 14,
           FU |-> 0 ],
         [ ind |-> 5719,
           addr |-> "0x10528",
           IFacq |-> 14,
           IFrel |-> 15,
           IDacq |-> 0,
           IDrel |-> 0,
           FUacq |-> 0,
           FUrel |-> 0,
           COM |-> 0,
           ROB |-> 0,
           RS |-> 0,
           FU |-> 0 ],
         [ ind |-> 5720,
           addr |-> "0x1052c",
           IFacq |-> 14,
           IFrel |-> 15,
           IDacq |-> 0,
           IDrel |-> 0,
           FUacq |-> 0,
           FUrel |-> 0,
           COM |-> 0,
           ROB |-> 0,
           RS |-> 0,
           FU |-> 0 ],
         [ ind |-> 5721,
           addr |-> "0x1052e",
           IFacq |-> 14,
           IFrel |-> 15,
           IDacq |-> 0,
           IDrel |-> 0,
           FUacq |-> 0,
           FUrel |-> 0,
           COM |-> 0,
           ROB |-> 0,
           RS |-> 0,
           FU |-> 0 ],
         [ ind |-> 5722,
           addr |-> "0x10532",
           IFacq |-> 14,
           IFrel |-> 15,
           IDacq |-> 0,
           IDrel |-> 0,
           FUacq |-> 0,
           FUrel |-> 0,
           COM |-> 0,
           ROB |-> 0,
           RS |-> 0,
           FU |-> 0 ] >>,
  edges |->
      { [type |-> "D", source |-> 5687, dest |-> 5690],
        [type |-> "D", source |-> 5693, dest |-> 5695],
        [type |-> "D", source |-> 5700, dest |-> 5701] } ]
/\ currCycle2 = 15
/\ _IF2 = << [ instr |->
         [ ind |-> 5711,
           type |-> "IntAlu",
           r0 |-> "a5",
           r1 |-> "a4",
           r2 |-> "",
           addr |-> "0x105aa" ],
     baseLat |-> 1,
     currLat |-> 6 ],
   [ instr |->
         [ ind |-> 5712,
           type |-> "IntAlu",
           r0 |-> "a4",
           r1 |-> "zero",
           r2 |-> "",
           addr |-> "0x1050e" ],
     baseLat |-> 1,
     currLat |-> 6 ],
   [ instr |->
         [ ind |-> 5713,
           type |-> "MemRead",
           r0 |-> "a5",
           r1 |-> "",
           r2 |-> "",
           addr |-> "0x10512" ],
     baseLat |-> 1,
     currLat |-> 6 ],
   [ instr |->
         [ ind |-> 5714,
           type |-> "IntAlu",
           r0 |-> "a5",
           r1 |-> "a4",
           r2 |-> "a5",
           addr |-> "0x10516" ],
     baseLat |-> 1,
     currLat |-> 6 ] >>
/\ graph2 = [ nodes |->
      << [ ind |-> 5687,
           addr |-> "0x105e2",
           IFacq |-> 1,
           IFrel |-> 2,
           IDacq |-> 2,
           IDrel |-> 3,
           FUacq |-> 3,
           FUrel |-> 4,
           COM |-> 4,
           ROB |-> 2,
           RS |-> 2,
           FU |-> 1 ],
         [ ind |-> 5688,
           addr |-> "0x105e4",
           IFacq |-> 1,
           IFrel |-> 2,
           IDacq |-> 2,
           IDrel |-> 3,
           FUacq |-> 3,
           FUrel |-> 4,
           COM |-> 4,
           ROB |-> 2,
           RS |-> 2,
           FU |-> 2 ],
         [ ind |-> 5689,
           addr |-> "0x105e6",
           IFacq |-> 1,
           IFrel |-> 2,
           IDacq |-> 2,
           IDrel |-> 3,
           FUacq |-> 4,
           FUrel |-> 5,
           COM |-> 5,
           ROB |-> 2,
           RS |-> 2,
           FU |-> 2 ],
         [ ind |-> 5690,
           addr |-> "0x105e8",
           IFacq |-> 1,
           IFrel |-> 2,
           IDacq |-> 2,
           IDrel |-> 3,
           FUacq |-> 4,
           FUrel |-> 5,
           COM |-> 5,
           ROB |-> 2,
           RS |-> 2,
           FU |-> 1 ],
         [ ind |-> 5691,
           addr |-> "0x105ea",
           IFacq |-> 2,
           IFrel |-> 3,
           IDacq |-> 3,
           IDrel |-> 4,
           FUacq |-> 5,
           FUrel |-> 6,
           COM |-> 6,
           ROB |-> 3,
           RS |-> 3,
           FU |-> 1 ],
         [ ind |-> 5692,
           addr |-> "0x105ee",
           IFacq |-> 2,
           IFrel |-> 3,
           IDacq |-> 3,
           IDrel |-> 4,
           FUacq |-> 6,
           FUrel |-> 7,
           COM |-> 7,
           ROB |-> 3,
           RS |-> 3,
           FU |-> 1 ],
         [ ind |-> 5693,
           addr |-> "0x104ee",
           IFacq |-> 2,
           IFrel |-> 3,
           IDacq |-> 3,
           IDrel |-> 4,
           FUacq |-> 7,
           FUrel |-> 8,
           COM |-> 8,
           ROB |-> 3,
           RS |-> 3,
           FU |-> 1 ],
         [ ind |-> 5694,
           addr |-> "0x104f0",
           IFacq |-> 2,
           IFrel |-> 3,
           IDacq |-> 3,
           IDrel |-> 4,
           FUacq |-> 5,
           FUrel |-> 6,
           COM |-> 8,
           ROB |-> 3,
           RS |-> 3,
           FU |-> 2 ],
         [ ind |-> 5695,
           addr |-> "0x104f2",
           IFacq |-> 3,
           IFrel |-> 4,
           IDacq |-> 4,
           IDrel |-> 5,
           FUacq |-> 8,
           FUrel |-> 9,
           COM |-> 9,
           ROB |-> 4,
           RS |-> 4,
           FU |-> 1 ],
         [ ind |-> 5696,
           addr |-> "0x104f4",
           IFacq |-> 3,
           IFrel |-> 4,
           IDacq |-> 4,
           IDrel |-> 5,
           FUacq |-> 6,
           FUrel |-> 7,
           COM |-> 9,
           ROB |-> 4,
           RS |-> 4,
           FU |-> 2 ],
         [ ind |-> 5697,
           addr |-> "0x104f8",
           IFacq |-> 3,
           IFrel |-> 4,
           IDacq |-> 4,
           IDrel |-> 5,
           FUacq |-> 7,
           FUrel |-> 8,
           COM |-> 9,
           ROB |-> 4,
           RS |-> 4,
           FU |-> 2 ],
         [ ind |-> 5698,
           addr |-> "0x104fc",
           IFacq |-> 3,
           IFrel |-> 4,
           IDacq |-> 4,
           IDrel |-> 5,
           FUacq |-> 8,
           FUrel |-> 0,
           COM |-> 0,
           ROB |-> 4,
           RS |-> 4,
           FU |-> 2 ],
         [ ind |-> 5699,
           addr |-> "0x10500",
           IFacq |-> 4,
           IFrel |-> 5,
           IDacq |-> 5,
           IDrel |-> 7,
           FUacq |-> 9,
           FUrel |-> 10,
           COM |-> 0,
           ROB |-> 6,
           RS |-> 6,
           FU |-> 1 ],
         [ ind |-> 5700,
           addr |-> "0x105c4",
           IFacq |-> 4,
           IFrel |-> 5,
           IDacq |-> 5,
           IDrel |-> 7,
           FUacq |-> 0,
           FUrel |-> 0,
           COM |-> 0,
           ROB |-> 6,
           RS |-> 6,
           FU |-> 0 ],
         [ ind |-> 5701,
           addr |-> "0x105c8",
           IFacq |-> 4,
           IFrel |-> 5,
           IDacq |-> 5,
           IDrel |-> 7,
           FUacq |-> 0,
           FUrel |-> 0,
           COM |-> 0,
           ROB |-> 6,
           RS |-> 6,
           FU |-> 0 ],
         [ ind |-> 5702,
           addr |-> "0x105cc",
           IFacq |-> 4,
           IFrel |-> 5,
           IDacq |-> 5,
           IDrel |-> 7,
           FUacq |-> 0,
           FUrel |-> 0,
           COM |-> 0,
           ROB |-> 6,
           RS |-> 6,
           FU |-> 0 ],
         [ ind |-> 5703,
           addr |-> "0x105d0",
           IFacq |-> 5,
           IFrel |-> 6,
           IDacq |-> 7,
           IDrel |-> 10,
           FUacq |-> 0,
           FUrel |-> 0,
           COM |-> 0,
           ROB |-> 9,
           RS |-> 9,
           FU |-> 0 ],
         [ ind |-> 5704,
           addr |-> "0x10502",
           IFacq |-> 5,
           IFrel |-> 6,
           IDacq |-> 7,
           IDrel |-> 10,
           FUacq |-> 10,
           FUrel |-> 11,
           COM |-> 0,
           ROB |-> 9,
           RS |-> 9,
           FU |-> 1 ],
         [ ind |-> 5705,
           addr |-> "0x10504",
           IFacq |-> 5,
           IFrel |-> 6,
           IDacq |-> 7,
           IDrel |-> 10,
           FUacq |-> 0,
           FUrel |-> 0,
           COM |-> 0,
           ROB |-> 9,
           RS |-> 9,
           FU |-> 0 ],
         [ ind |-> 5706,
           addr |-> "0x10508",
           IFacq |-> 5,
           IFrel |-> 6,
           IDacq |-> 7,
           IDrel |-> 10,
           FUacq |-> 0,
           FUrel |-> 0,
           COM |-> 0,
           ROB |-> 9,
           RS |-> 9,
           FU |-> 0 ],
         [ ind |-> 5707,
           addr |-> "0x1050c",
           IFacq |-> 7,
           IFrel |-> 8,
           IDacq |-> 10,
           IDrel |-> 0,
           FUacq |-> 0,
           FUrel |-> 0,
           COM |-> 0,
           ROB |-> 0,
           RS |-> 14,
           FU |-> 0 ],
         [ ind |-> 5708,
           addr |-> "0x1059e",
           IFacq |-> 7,
           IFrel |-> 8,
           IDacq |-> 10,
           IDrel |-> 0,
           FUacq |-> 0,
           FUrel |-> 0,
           COM |-> 0,
           ROB |-> 0,
           RS |-> 14,
           FU |-> 0 ],
         [ ind |-> 5709,
           addr |-> "0x105a2",
           IFacq |-> 7,
           IFrel |-> 8,
           IDacq |-> 10,
           IDrel |-> 0,
           FUacq |-> 0,
           FUrel |-> 0,
           COM |-> 0,
           ROB |-> 0,
           RS |-> 14,
           FU |-> 0 ],
         [ ind |-> 5710,
           addr |-> "0x105a6",
           IFacq |-> 7,
           IFrel |-> 8,
           IDacq |-> 10,
           IDrel |-> 0,
           FUacq |-> 0,
           FUrel |-> 0,
           COM |-> 0,
           ROB |-> 0,
           RS |-> 14,
           FU |-> 0 ],
         [ ind |-> 5711,
           addr |-> "0x105aa",
           IFacq |-> 10,
           IFrel |-> 11,
           IDacq |-> 0,
           IDrel |-> 0,
           FUacq |-> 0,
           FUrel |-> 0,
           COM |-> 0,
           ROB |-> 0,
           RS |-> 0,
           FU |-> 0 ],
         [ ind |-> 5712,
           addr |-> "0x1050e",
           IFacq |-> 10,
           IFrel |-> 11,
           IDacq |-> 0,
           IDrel |-> 0,
           FUacq |-> 0,
           FUrel |-> 0,
           COM |-> 0,
           ROB |-> 0,
           RS |-> 0,
           FU |-> 0 ],
         [ ind |-> 5713,
           addr |-> "0x10512",
           IFacq |-> 10,
           IFrel |-> 11,
           IDacq |-> 0,
           IDrel |-> 0,
           FUacq |-> 0,
           FUrel |-> 0,
           COM |-> 0,
           ROB |-> 0,
           RS |-> 0,
           FU |-> 0 ],
         [ ind |-> 5714,
           addr |-> "0x10516",
           IFacq |-> 10,
           IFrel |-> 11,
           IDacq |-> 0,
           IDrel |-> 0,
           FUacq |-> 0,
           FUrel |-> 0,
           COM |-> 0,
           ROB |-> 0,
           RS |-> 0,
           FU |-> 0 ] >>,
  edges |->
      { [type |-> "D", source |-> 5687, dest |-> 5690],
        [type |-> "D", source |-> 5693, dest |-> 5695] } ]
/\ pc2 = 28
/\ robHead = 21
/\ rob = << [ instr |->
         [ ind |-> 5687,
           type |-> "IntAlu",
           r0 |-> "sp",
           r1 |-> "",
           r2 |-> "",
           addr |-> "0x105e2" ],
     executed |-> TRUE,
     done |-> TRUE ],
   [ instr |->
         [ ind |-> 5688,
           type |-> "MemWrite",
           r0 |-> "ra",
           r1 |-> "",
           r2 |-> "",
           addr |-> "0x105e4" ],
     executed |-> TRUE,
     done |-> TRUE ],
   [ instr |->
         [ ind |-> 5689,
           type |-> "MemWrite",
           r0 |-> "s0",
           r1 |-> "",
           r2 |-> "",
           addr |-> "0x105e6" ],
     executed |-> TRUE,
     done |-> TRUE ],
   [ instr |->
         [ ind |-> 5690,
           type |-> "IntAlu",
           r0 |-> "s0",
           r1 |-> "sp",
           r2 |-> "",
           addr |-> "0x105e8" ],
     executed |-> TRUE,
     done |-> TRUE ],
   [ instr |->
         [ ind |-> 5691,
           type |-> "IntAlu",
           r0 |-> "a0",
           r1 |-> "gp",
           r2 |-> "",
           addr |-> "0x105ea" ],
     executed |-> TRUE,
     done |-> TRUE ],
   [ instr |->
         [ ind |-> 5692,
           type |-> "IntAlu",
           r0 |-> "ra",
           r1 |-> "",
           r2 |-> "",
           addr |-> "0x105ee" ],
     executed |-> TRUE,
     done |-> TRUE ],
   [ instr |->
         [ ind |-> 5693,
           type |-> "IntAlu",
           r0 |-> "sp",
           r1 |-> "",
           r2 |-> "",
           addr |-> "0x104ee" ],
     executed |-> TRUE,
     done |-> TRUE ],
   [ instr |->
         [ ind |-> 5694,
           type |-> "MemWrite",
           r0 |-> "s0",
           r1 |-> "",
           r2 |-> "",
           addr |-> "0x104f0" ],
     executed |-> TRUE,
     done |-> TRUE ],
   [ instr |->
         [ ind |-> 5695,
           type |-> "IntAlu",
           r0 |-> "s0",
           r1 |-> "sp",
           r2 |-> "",
           addr |-> "0x104f2" ],
     executed |-> TRUE,
     done |-> TRUE ],
   [ instr |->
         [ ind |-> 5696,
           type |-> "MemWrite",
           r0 |-> "a0",
           r1 |-> "",
           r2 |-> "",
           addr |-> "0x104f4" ],
     executed |-> TRUE,
     done |-> TRUE ],
   [ instr |->
         [ ind |-> 5697,
           type |-> "MemWrite",
           r0 |-> "zero",
           r1 |-> "",
           r2 |-> "",
           addr |-> "0x104f8" ],
     executed |-> TRUE,
     done |-> TRUE ],
   [ instr |->
         [ ind |-> 5698,
           type |-> "MemWrite",
           r0 |-> "zero",
           r1 |-> "",
           r2 |-> "",
           addr |-> "0x104fc" ],
     executed |-> TRUE,
     done |-> TRUE ],
   [ instr |->
         [ ind |-> 5699,
           type |-> "IntAlu",
           r0 |-> "",
           r1 |-> "",
           r2 |-> "",
           addr |-> "0x10500" ],
     executed |-> TRUE,
     done |-> TRUE ],
   [ instr |->
         [ ind |-> 5700,
           type |-> "MemRead",
           r0 |-> "a5",
           r1 |-> "",
           r2 |-> "",
           addr |-> "0x105c4" ],
     executed |-> TRUE,
     done |-> TRUE ],
   [ instr |->
         [ ind |-> 5701,
           type |-> "IntAlu",
           r0 |-> "a4",
           r1 |-> "a5",
           r2 |-> "",
           addr |-> "0x105c8" ],
     executed |-> TRUE,
     done |-> TRUE ],
   [ instr |->
         [ ind |-> 5702,
           type |-> "IntAlu",
           r0 |-> "a5",
           r1 |-> "zero",
           r2 |-> "",
           addr |-> "0x105cc" ],
     executed |-> TRUE,
     done |-> TRUE ],
   [ instr |->
         [ ind |-> 5703,
           type |-> "IntAlu",
           r0 |-> "a5",
           r1 |-> "a4",
           r2 |-> "",
           addr |-> "0x105d0" ],
     executed |-> TRUE,
     done |-> TRUE ],
   [ instr |->
         [ ind |-> 5704,
           type |-> "IntAlu",
           r0 |-> "a5",
           r1 |-> "",
           r2 |-> "",
           addr |-> "0x10502" ],
     executed |-> TRUE,
     done |-> TRUE ],
   [ instr |->
         [ ind |-> 5705,
           type |-> "MemWrite",
           r0 |-> "a5",
           r1 |-> "",
           r2 |-> "",
           addr |-> "0x10504" ],
     executed |-> TRUE,
     done |-> TRUE ],
   [ instr |->
         [ ind |-> 5706,
           type |-> "MemWrite",
           r0 |-> "zero",
           r1 |-> "",
           r2 |-> "",
           addr |-> "0x10508" ],
     executed |-> TRUE,
     done |-> TRUE ],
   [ instr |->
         [ ind |-> 5707,
           type |-> "IntAlu",
           r0 |-> "",
           r1 |-> "",
           r2 |-> "",
           addr |-> "0x1050c" ],
     executed |-> TRUE,
     done |-> FALSE ],
   [ instr |->
         [ ind |-> 5708,
           type |-> "MemRead",
           r0 |-> "a5",
           r1 |-> "",
           r2 |-> "",
           addr |-> "0x1059e" ],
     executed |-> TRUE,
     done |-> FALSE ],
   [ instr |->
         [ ind |-> 5709,
           type |-> "IntAlu",
           r0 |-> "a4",
           r1 |-> "a5",
           r2 |-> "",
           addr |-> "0x105a2" ],
     executed |-> FALSE,
     done |-> FALSE ],
   [ instr |->
         [ ind |-> 5710,
           type |-> "IntAlu",
           r0 |-> "a5",
           r1 |-> "zero",
           r2 |-> "",
           addr |-> "0x105a6" ],
     executed |-> FALSE,
     done |-> FALSE ],
   [ instr |->
         [ ind |-> 5711,
           type |-> "IntAlu",
           r0 |-> "a5",
           r1 |-> "a4",
           r2 |-> "",
           addr |-> "0x105aa" ],
     executed |-> FALSE,
     done |-> FALSE ],
   [ instr |->
         [ ind |-> 5712,
           type |-> "IntAlu",
           r0 |-> "a4",
           r1 |-> "zero",
           r2 |-> "",
           addr |-> "0x1050e" ],
     executed |-> FALSE,
     done |-> FALSE ],
   [ instr |->
         [ ind |-> 5713,
           type |-> "MemRead",
           r0 |-> "a5",
           r1 |-> "",
           r2 |-> "",
           addr |-> "0x10512" ],
     executed |-> TRUE,
     done |-> FALSE ],
   [ instr |->
         [ ind |-> 5714,
           type |-> "IntAlu",
           r0 |-> "a5",
           r1 |-> "a4",
           r2 |-> "a5",
           addr |-> "0x10516" ],
     executed |-> FALSE,
     done |-> FALSE ] >>
/\ _RS = << { [ ind |-> 5710,
       type |-> "IntAlu",
       r0 |-> "a5",
       r1 |-> "zero",
       r2 |-> "",
       addr |-> "0x105a6" ],
     [ ind |-> 5711,
       type |-> "IntAlu",
       r0 |-> "a5",
       r1 |-> "a4",
       r2 |-> "",
       addr |-> "0x105aa" ],
     [ ind |-> 5712,
       type |-> "IntAlu",
       r0 |-> "a4",
       r1 |-> "zero",
       r2 |-> "",
       addr |-> "0x1050e" ],
     [ ind |-> 5714,
       type |-> "IntAlu",
       r0 |-> "a5",
       r1 |-> "a4",
       r2 |-> "a5",
       addr |-> "0x10516" ] },
   {},
   {},
   {},
   {} >>
/\ currCycle = 15
/\ exec_inst = 1
/\ robHead2 = 12
/\ pc = 36
/\ cpt = 0
/\ rob2 = << [ instr |->
         [ ind |-> 5687,
           type |-> "IntAlu",
           r0 |-> "sp",
           r1 |-> "",
           r2 |-> "",
           addr |-> "0x105e2" ],
     executed |-> TRUE,
     done |-> TRUE ],
   [ instr |->
         [ ind |-> 5688,
           type |-> "MemWrite",
           r0 |-> "ra",
           r1 |-> "",
           r2 |-> "",
           addr |-> "0x105e4" ],
     executed |-> TRUE,
     done |-> TRUE ],
   [ instr |->
         [ ind |-> 5689,
           type |-> "MemWrite",
           r0 |-> "s0",
           r1 |-> "",
           r2 |-> "",
           addr |-> "0x105e6" ],
     executed |-> TRUE,
     done |-> TRUE ],
   [ instr |->
         [ ind |-> 5690,
           type |-> "IntAlu",
           r0 |-> "s0",
           r1 |-> "sp",
           r2 |-> "",
           addr |-> "0x105e8" ],
     executed |-> TRUE,
     done |-> TRUE ],
   [ instr |->
         [ ind |-> 5691,
           type |-> "IntAlu",
           r0 |-> "a0",
           r1 |-> "gp",
           r2 |-> "",
           addr |-> "0x105ea" ],
     executed |-> TRUE,
     done |-> TRUE ],
   [ instr |->
         [ ind |-> 5692,
           type |-> "IntAlu",
           r0 |-> "ra",
           r1 |-> "",
           r2 |-> "",
           addr |-> "0x105ee" ],
     executed |-> TRUE,
     done |-> TRUE ],
   [ instr |->
         [ ind |-> 5693,
           type |-> "IntAlu",
           r0 |-> "sp",
           r1 |-> "",
           r2 |-> "",
           addr |-> "0x104ee" ],
     executed |-> TRUE,
     done |-> TRUE ],
   [ instr |->
         [ ind |-> 5694,
           type |-> "MemWrite",
           r0 |-> "s0",
           r1 |-> "",
           r2 |-> "",
           addr |-> "0x104f0" ],
     executed |-> TRUE,
     done |-> TRUE ],
   [ instr |->
         [ ind |-> 5695,
           type |-> "IntAlu",
           r0 |-> "s0",
           r1 |-> "sp",
           r2 |-> "",
           addr |-> "0x104f2" ],
     executed |-> TRUE,
     done |-> TRUE ],
   [ instr |->
         [ ind |-> 5696,
           type |-> "MemWrite",
           r0 |-> "a0",
           r1 |-> "",
           r2 |-> "",
           addr |-> "0x104f4" ],
     executed |-> TRUE,
     done |-> TRUE ],
   [ instr |->
         [ ind |-> 5697,
           type |-> "MemWrite",
           r0 |-> "zero",
           r1 |-> "",
           r2 |-> "",
           addr |-> "0x104f8" ],
     executed |-> TRUE,
     done |-> TRUE ],
   [ instr |->
         [ ind |-> 5698,
           type |-> "MemWrite",
           r0 |-> "zero",
           r1 |-> "",
           r2 |-> "",
           addr |-> "0x104fc" ],
     executed |-> FALSE,
     done |-> FALSE ],
   [ instr |->
         [ ind |-> 5699,
           type |-> "IntAlu",
           r0 |-> "",
           r1 |-> "",
           r2 |-> "",
           addr |-> "0x10500" ],
     executed |-> TRUE,
     done |-> FALSE ],
   [ instr |->
         [ ind |-> 5700,
           type |-> "MemRead",
           r0 |-> "a5",
           r1 |-> "",
           r2 |-> "",
           addr |-> "0x105c4" ],
     executed |-> FALSE,
     done |-> FALSE ],
   [ instr |->
         [ ind |-> 5701,
           type |-> "IntAlu",
           r0 |-> "a4",
           r1 |-> "a5",
           r2 |-> "",
           addr |-> "0x105c8" ],
     executed |-> FALSE,
     done |-> FALSE ],
   [ instr |->
         [ ind |-> 5702,
           type |-> "IntAlu",
           r0 |-> "a5",
           r1 |-> "zero",
           r2 |-> "",
           addr |-> "0x105cc" ],
     executed |-> FALSE,
     done |-> FALSE ],
   [ instr |->
         [ ind |-> 5703,
           type |-> "IntAlu",
           r0 |-> "a5",
           r1 |-> "a4",
           r2 |-> "",
           addr |-> "0x105d0" ],
     executed |-> FALSE,
     done |-> FALSE ],
   [ instr |->
         [ ind |-> 5704,
           type |-> "IntAlu",
           r0 |-> "a5",
           r1 |-> "",
           r2 |-> "",
           addr |-> "0x10502" ],
     executed |-> TRUE,
     done |-> FALSE ],
   [ instr |->
         [ ind |-> 5705,
           type |-> "MemWrite",
           r0 |-> "a5",
           r1 |-> "",
           r2 |-> "",
           addr |-> "0x10504" ],
     executed |-> FALSE,
     done |-> FALSE ],
   [ instr |->
         [ ind |-> 5706,
           type |-> "MemWrite",
           r0 |-> "zero",
           r1 |-> "",
           r2 |-> "",
           addr |-> "0x10508" ],
     executed |-> FALSE,
     done |-> FALSE ] >>
/\ _FU = << [ instr |->
         [ ind |-> 5709,
           type |-> "IntAlu",
           r0 |-> "a4",
           r1 |-> "a5",
           r2 |-> "",
           addr |-> "0x105a2" ],
     baseLat |-> 1,
     currLat |-> 1 ],
   [ instr |->
         [ ind |-> 0,
           type |-> "No_OpClass",
           r0 |-> "",
           r1 |-> "",
           r2 |-> "",
           addr |-> "" ],
     baseLat |-> 1,
     currLat |-> 1 ],
   [ instr |->
         [ ind |-> 0,
           type |-> "No_OpClass",
           r0 |-> "",
           r1 |-> "",
           r2 |-> "",
           addr |-> "" ],
     baseLat |-> 1,
     currLat |-> 1 ],
   [ instr |->
         [ ind |-> 0,
           type |-> "No_OpClass",
           r0 |-> "",
           r1 |-> "",
           r2 |-> "",
           addr |-> "" ],
     baseLat |-> 1,
     currLat |-> 1 ],
   [ instr |->
         [ ind |-> 0,
           type |-> "No_OpClass",
           r0 |-> "",
           r1 |-> "",
           r2 |-> "",
           addr |-> "" ],
     baseLat |-> 1,
     currLat |-> 1 ] >>

@!@!@ENDMSG 2217 @!@!@
@!@!@STARTMSG 2217:4 @!@!@
17: <Next line 60, col 9 to line 65, col 35 of module pipeline_ooo>
/\ _RS2 = << { [ ind |-> 5701,
       type |-> "IntAlu",
       r0 |-> "a4",
       r1 |-> "a5",
       r2 |-> "",
       addr |-> "0x105c8" ],
     [ ind |-> 5702,
       type |-> "IntAlu",
       r0 |-> "a5",
       r1 |-> "zero",
       r2 |-> "",
       addr |-> "0x105cc" ],
     [ ind |-> 5703,
       type |-> "IntAlu",
       r0 |-> "a5",
       r1 |-> "a4",
       r2 |-> "",
       addr |-> "0x105d0" ] },
   { [ ind |-> 5700,
       type |-> "MemRead",
       r0 |-> "a5",
       r1 |-> "",
       r2 |-> "",
       addr |-> "0x105c4" ],
     [ ind |-> 5705,
       type |-> "MemWrite",
       r0 |-> "a5",
       r1 |-> "",
       r2 |-> "",
       addr |-> "0x10504" ],
     [ ind |-> 5706,
       type |-> "MemWrite",
       r0 |-> "zero",
       r1 |-> "",
       r2 |-> "",
       addr |-> "0x10508" ] },
   {},
   {},
   {} >>
/\ _COM2 = << [ ind |-> 0,
     type |-> "No_OpClass",
     r0 |-> "",
     r1 |-> "",
     r2 |-> "",
     addr |-> "" ],
   [ ind |-> 0,
     type |-> "No_OpClass",
     r0 |-> "",
     r1 |-> "",
     r2 |-> "",
     addr |-> "" ],
   [ ind |-> 0,
     type |-> "No_OpClass",
     r0 |-> "",
     r1 |-> "",
     r2 |-> "",
     addr |-> "" ],
   [ ind |-> 0,
     type |-> "No_OpClass",
     r0 |-> "",
     r1 |-> "",
     r2 |-> "",
     addr |-> "" ] >>
/\ _ID = << [ ind |-> 5719,
     type |-> "MemRead",
     r0 |-> "a5",
     r1 |-> "",
     r2 |-> "",
     addr |-> "0x10528" ],
   [ ind |-> 5720,
     type |-> "IntAlu",
     r0 |-> "a5",
     r1 |-> "",
     r2 |-> "",
     addr |-> "0x1052c" ],
   [ ind |-> 5721,
     type |-> "MemRead",
     r0 |-> "a4",
     r1 |-> "",
     r2 |-> "",
     addr |-> "0x1052e" ],
   [ ind |-> 5722,
     type |-> "IntAlu",
     r0 |-> "a5",
     r1 |-> "a4",
     r2 |-> "",
     addr |-> "0x10532" ] >>
/\ _IF = << [ instr |->
         [ ind |-> 5723,
           type |-> "MemRead",
           r0 |-> "a3",
           r1 |-> "",
           r2 |-> "",
           addr |-> "0x10534" ],
     baseLat |-> 1,
     currLat |-> 1 ],
   [ instr |->
         [ ind |-> 5724,
           type |-> "MemRead",
           r0 |-> "a5",
           r1 |-> "",
           r2 |-> "",
           addr |-> "0x10536" ],
     baseLat |-> 1,
     currLat |-> 1 ],
   [ instr |->
         [ ind |-> 5725,
           type |-> "IntAlu",
           r0 |-> "a5",
           r1 |-> "",
           r2 |-> "",
           addr |-> "0x1053a" ],
     baseLat |-> 1,
     currLat |-> 1 ],
   [ instr |->
         [ ind |-> 5726,
           type |-> "IntAlu",
           r0 |-> "a5",
           r1 |-> "",
           r2 |-> "",
           addr |-> "0x1053c" ],
     baseLat |-> 1,
     currLat |-> 1 ] >>
/\ _FU2 = << [ instr |->
         [ ind |-> 0,
           type |-> "No_OpClass",
           r0 |-> "",
           r1 |-> "",
           r2 |-> "",
           addr |-> "" ],
     baseLat |-> 1,
     currLat |-> 1 ],
   [ instr |->
         [ ind |-> 5698,
           type |-> "MemWrite",
           r0 |-> "zero",
           r1 |-> "",
           r2 |-> "",
           addr |-> "0x104fc" ],
     baseLat |-> 10,
     currLat |-> 9 ],
   [ instr |->
         [ ind |-> 0,
           type |-> "No_OpClass",
           r0 |-> "",
           r1 |-> "",
           r2 |-> "",
           addr |-> "" ],
     baseLat |-> 1,
     currLat |-> 1 ],
   [ instr |->
         [ ind |-> 0,
           type |-> "No_OpClass",
           r0 |-> "",
           r1 |-> "",
           r2 |-> "",
           addr |-> "" ],
     baseLat |-> 1,
     currLat |-> 1 ],
   [ instr |->
         [ ind |-> 0,
           type |-> "No_OpClass",
           r0 |-> "",
           r1 |-> "",
           r2 |-> "",
           addr |-> "" ],
     baseLat |-> 1,
     currLat |-> 1 ] >>
/\ _COM = << [ ind |-> 5709,
     type |-> "IntAlu",
     r0 |-> "a4",
     r1 |-> "a5",
     r2 |-> "",
     addr |-> "0x105a2" ],
   [ ind |-> 0,
     type |-> "No_OpClass",
     r0 |-> "",
     r1 |-> "",
     r2 |-> "",
     addr |-> "" ],
   [ ind |-> 0,
     type |-> "No_OpClass",
     r0 |-> "",
     r1 |-> "",
     r2 |-> "",
     addr |-> "" ],
   [ ind |-> 0,
     type |-> "No_OpClass",
     r0 |-> "",
     r1 |-> "",
     r2 |-> "",
     addr |-> "" ] >>
/\ exec_inst2 = 2
/\ _ID2 = << [ ind |-> 5707,
     type |-> "IntAlu",
     r0 |-> "",
     r1 |-> "",
     r2 |-> "",
     addr |-> "0x1050c" ],
   [ ind |-> 5708,
     type |-> "MemRead",
     r0 |-> "a5",
     r1 |-> "",
     r2 |-> "",
     addr |-> "0x1059e" ],
   [ ind |-> 5709,
     type |-> "IntAlu",
     r0 |-> "a4",
     r1 |-> "a5",
     r2 |-> "",
     addr |-> "0x105a2" ],
   [ ind |-> 5710,
     type |-> "IntAlu",
     r0 |-> "a5",
     r1 |-> "zero",
     r2 |-> "",
     addr |-> "0x105a6" ] >>
/\ graph = [ nodes |->
      << [ ind |-> 5687,
           addr |-> "0x105e2",
           IFacq |-> 1,
           IFrel |-> 2,
           IDacq |-> 2,
           IDrel |-> 3,
           FUacq |-> 3,
           FUrel |-> 4,
           COM |-> 4,
           ROB |-> 2,
           RS |-> 2,
           FU |-> 1 ],
         [ ind |-> 5688,
           addr |-> "0x105e4",
           IFacq |-> 1,
           IFrel |-> 2,
           IDacq |-> 2,
           IDrel |-> 3,
           FUacq |-> 3,
           FUrel |-> 4,
           COM |-> 4,
           ROB |-> 2,
           RS |-> 2,
           FU |-> 2 ],
         [ ind |-> 5689,
           addr |-> "0x105e6",
           IFacq |-> 1,
           IFrel |-> 2,
           IDacq |-> 2,
           IDrel |-> 3,
           FUacq |-> 4,
           FUrel |-> 5,
           COM |-> 5,
           ROB |-> 2,
           RS |-> 2,
           FU |-> 2 ],
         [ ind |-> 5690,
           addr |-> "0x105e8",
           IFacq |-> 1,
           IFrel |-> 2,
           IDacq |-> 2,
           IDrel |-> 3,
           FUacq |-> 4,
           FUrel |-> 5,
           COM |-> 5,
           ROB |-> 2,
           RS |-> 2,
           FU |-> 1 ],
         [ ind |-> 5691,
           addr |-> "0x105ea",
           IFacq |-> 2,
           IFrel |-> 3,
           IDacq |-> 3,
           IDrel |-> 4,
           FUacq |-> 5,
           FUrel |-> 6,
           COM |-> 6,
           ROB |-> 3,
           RS |-> 3,
           FU |-> 1 ],
         [ ind |-> 5692,
           addr |-> "0x105ee",
           IFacq |-> 2,
           IFrel |-> 3,
           IDacq |-> 3,
           IDrel |-> 4,
           FUacq |-> 6,
           FUrel |-> 7,
           COM |-> 7,
           ROB |-> 3,
           RS |-> 3,
           FU |-> 1 ],
         [ ind |-> 5693,
           addr |-> "0x104ee",
           IFacq |-> 2,
           IFrel |-> 3,
           IDacq |-> 3,
           IDrel |-> 4,
           FUacq |-> 7,
           FUrel |-> 8,
           COM |-> 8,
           ROB |-> 3,
           RS |-> 3,
           FU |-> 1 ],
         [ ind |-> 5694,
           addr |-> "0x104f0",
           IFacq |-> 2,
           IFrel |-> 3,
           IDacq |-> 3,
           IDrel |-> 4,
           FUacq |-> 5,
           FUrel |-> 6,
           COM |-> 8,
           ROB |-> 3,
           RS |-> 3,
           FU |-> 2 ],
         [ ind |-> 5695,
           addr |-> "0x104f2",
           IFacq |-> 3,
           IFrel |-> 4,
           IDacq |-> 4,
           IDrel |-> 5,
           FUacq |-> 8,
           FUrel |-> 9,
           COM |-> 9,
           ROB |-> 4,
           RS |-> 4,
           FU |-> 1 ],
         [ ind |-> 5696,
           addr |-> "0x104f4",
           IFacq |-> 3,
           IFrel |-> 4,
           IDacq |-> 4,
           IDrel |-> 5,
           FUacq |-> 6,
           FUrel |-> 7,
           COM |-> 9,
           ROB |-> 4,
           RS |-> 4,
           FU |-> 2 ],
         [ ind |-> 5697,
           addr |-> "0x104f8",
           IFacq |-> 3,
           IFrel |-> 4,
           IDacq |-> 4,
           IDrel |-> 5,
           FUacq |-> 7,
           FUrel |-> 8,
           COM |-> 9,
           ROB |-> 4,
           RS |-> 4,
           FU |-> 2 ],
         [ ind |-> 5698,
           addr |-> "0x104fc",
           IFacq |-> 3,
           IFrel |-> 4,
           IDacq |-> 4,
           IDrel |-> 5,
           FUacq |-> 8,
           FUrel |-> 9,
           COM |-> 9,
           ROB |-> 4,
           RS |-> 4,
           FU |-> 2 ],
         [ ind |-> 5699,
           addr |-> "0x10500",
           IFacq |-> 4,
           IFrel |-> 5,
           IDacq |-> 5,
           IDrel |-> 7,
           FUacq |-> 9,
           FUrel |-> 10,
           COM |-> 10,
           ROB |-> 6,
           RS |-> 6,
           FU |-> 1 ],
         [ ind |-> 5700,
           addr |-> "0x105c4",
           IFacq |-> 4,
           IFrel |-> 5,
           IDacq |-> 5,
           IDrel |-> 7,
           FUacq |-> 9,
           FUrel |-> 10,
           COM |-> 10,
           ROB |-> 6,
           RS |-> 6,
           FU |-> 2 ],
         [ ind |-> 5701,
           addr |-> "0x105c8",
           IFacq |-> 4,
           IFrel |-> 5,
           IDacq |-> 5,
           IDrel |-> 7,
           FUacq |-> 10,
           FUrel |-> 11,
           COM |-> 11,
           ROB |-> 6,
           RS |-> 6,
           FU |-> 1 ],
         [ ind |-> 5702,
           addr |-> "0x105cc",
           IFacq |-> 4,
           IFrel |-> 5,
           IDacq |-> 5,
           IDrel |-> 7,
           FUacq |-> 11,
           FUrel |-> 12,
           COM |-> 12,
           ROB |-> 6,
           RS |-> 6,
           FU |-> 1 ],
         [ ind |-> 5703,
           addr |-> "0x105d0",
           IFacq |-> 5,
           IFrel |-> 6,
           IDacq |-> 7,
           IDrel |-> 10,
           FUacq |-> 12,
           FUrel |-> 13,
           COM |-> 13,
           ROB |-> 9,
           RS |-> 9,
           FU |-> 1 ],
         [ ind |-> 5704,
           addr |-> "0x10502",
           IFacq |-> 5,
           IFrel |-> 6,
           IDacq |-> 7,
           IDrel |-> 10,
           FUacq |-> 13,
           FUrel |-> 14,
           COM |-> 14,
           ROB |-> 9,
           RS |-> 9,
           FU |-> 1 ],
         [ ind |-> 5705,
           addr |-> "0x10504",
           IFacq |-> 5,
           IFrel |-> 6,
           IDacq |-> 7,
           IDrel |-> 10,
           FUacq |-> 10,
           FUrel |-> 11,
           COM |-> 14,
           ROB |-> 9,
           RS |-> 9,
           FU |-> 2 ],
         [ ind |-> 5706,
           addr |-> "0x10508",
           IFacq |-> 5,
           IFrel |-> 6,
           IDacq |-> 7,
           IDrel |-> 10,
           FUacq |-> 11,
           FUrel |-> 12,
           COM |-> 14,
           ROB |-> 9,
           RS |-> 9,
           FU |-> 2 ],
         [ ind |-> 5707,
           addr |-> "0x1050c",
           IFacq |-> 7,
           IFrel |-> 8,
           IDacq |-> 10,
           IDrel |-> 11,
           FUacq |-> 14,
           FUrel |-> 15,
           COM |-> 15,
           ROB |-> 10,
           RS |-> 10,
           FU |-> 1 ],
         [ ind |-> 5708,
           addr |-> "0x1059e",
           IFacq |-> 7,
           IFrel |-> 8,
           IDacq |-> 10,
           IDrel |-> 11,
           FUacq |-> 12,
           FUrel |-> 13,
           COM |-> 15,
           ROB |-> 10,
           RS |-> 10,
           FU |-> 2 ],
         [ ind |-> 5709,
           addr |-> "0x105a2",
           IFacq |-> 7,
           IFrel |-> 8,
           IDacq |-> 10,
           IDrel |-> 11,
           FUacq |-> 15,
           FUrel |-> 16,
           COM |-> 0,
           ROB |-> 10,
           RS |-> 10,
           FU |-> 1 ],
         [ ind |-> 5710,
           addr |-> "0x105a6",
           IFacq |-> 7,
           IFrel |-> 8,
           IDacq |-> 10,
           IDrel |-> 11,
           FUacq |-> 0,
           FUrel |-> 0,
           COM |-> 0,
           ROB |-> 10,
           RS |-> 10,
           FU |-> 0 ],
         [ ind |-> 5711,
           addr |-> "0x105aa",
           IFacq |-> 10,
           IFrel |-> 11,
           IDacq |-> 11,
           IDrel |-> 14,
           FUacq |-> 0,
           FUrel |-> 0,
           COM |-> 0,
           ROB |-> 13,
           RS |-> 13,
           FU |-> 0 ],
         [ ind |-> 5712,
           addr |-> "0x1050e",
           IFacq |-> 10,
           IFrel |-> 11,
           IDacq |-> 11,
           IDrel |-> 14,
           FUacq |-> 0,
           FUrel |-> 0,
           COM |-> 0,
           ROB |-> 13,
           RS |-> 13,
           FU |-> 0 ],
         [ ind |-> 5713,
           addr |-> "0x10512",
           IFacq |-> 10,
           IFrel |-> 11,
           IDacq |-> 11,
           IDrel |-> 14,
           FUacq |-> 14,
           FUrel |-> 15,
           COM |-> 0,
           ROB |-> 13,
           RS |-> 13,
           FU |-> 2 ],
         [ ind |-> 5714,
           addr |-> "0x10516",
           IFacq |-> 10,
           IFrel |-> 11,
           IDacq |-> 11,
           IDrel |-> 14,
           FUacq |-> 0,
           FUrel |-> 0,
           COM |-> 0,
           ROB |-> 13,
           RS |-> 13,
           FU |-> 0 ],
         [ ind |-> 5715,
           addr |-> "0x1051a",
           IFacq |-> 11,
           IFrel |-> 12,
           IDacq |-> 14,
           IDrel |-> 16,
           FUacq |-> 0,
           FUrel |-> 0,
           COM |-> 0,
           ROB |-> 15,
           RS |-> 15,
           FU |-> 0 ],
         [ ind |-> 5716,
           addr |-> "0x1051e",
           IFacq |-> 11,
           IFrel |-> 12,
           IDacq |-> 14,
           IDrel |-> 16,
           FUacq |-> 0,
           FUrel |-> 0,
           COM |-> 0,
           ROB |-> 15,
           RS |-> 15,
           FU |-> 0 ],
         [ ind |-> 5717,
           addr |-> "0x10522",
           IFacq |-> 11,
           IFrel |-> 12,
           IDacq |-> 14,
           IDrel |-> 16,
           FUacq |-> 0,
           FUrel |-> 0,
           COM |-> 0,
           ROB |-> 15,
           RS |-> 15,
           FU |-> 0 ],
         [ ind |-> 5718,
           addr |-> "0x10524",
           IFacq |-> 11,
           IFrel |-> 12,
           IDacq |-> 14,
           IDrel |-> 16,
           FUacq |-> 0,
           FUrel |-> 0,
           COM |-> 0,
           ROB |-> 15,
           RS |-> 15,
           FU |-> 0 ],
         [ ind |-> 5719,
           addr |-> "0x10528",
           IFacq |-> 14,
           IFrel |-> 15,
           IDacq |-> 0,
           IDrel |-> 0,
           FUacq |-> 0,
           FUrel |-> 0,
           COM |-> 0,
           ROB |-> 0,
           RS |-> 0,
           FU |-> 0 ],
         [ ind |-> 5720,
           addr |-> "0x1052c",
           IFacq |-> 14,
           IFrel |-> 15,
           IDacq |-> 0,
           IDrel |-> 0,
           FUacq |-> 0,
           FUrel |-> 0,
           COM |-> 0,
           ROB |-> 0,
           RS |-> 0,
           FU |-> 0 ],
         [ ind |-> 5721,
           addr |-> "0x1052e",
           IFacq |-> 14,
           IFrel |-> 15,
           IDacq |-> 0,
           IDrel |-> 0,
           FUacq |-> 0,
           FUrel |-> 0,
           COM |-> 0,
           ROB |-> 0,
           RS |-> 0,
           FU |-> 0 ],
         [ ind |-> 5722,
           addr |-> "0x10532",
           IFacq |-> 14,
           IFrel |-> 15,
           IDacq |-> 0,
           IDrel |-> 0,
           FUacq |-> 0,
           FUrel |-> 0,
           COM |-> 0,
           ROB |-> 0,
           RS |-> 0,
           FU |-> 0 ] >>,
  edges |->
      { [type |-> "D", source |-> 5687, dest |-> 5690],
        [type |-> "D", source |-> 5693, dest |-> 5695],
        [type |-> "D", source |-> 5700, dest |-> 5701],
        [type |-> "D", source |-> 5708, dest |-> 5709] } ]
/\ currCycle2 = 16
/\ _IF2 = << [ instr |->
         [ ind |-> 5711,
           type |-> "IntAlu",
           r0 |-> "a5",
           r1 |-> "a4",
           r2 |-> "",
           addr |-> "0x105aa" ],
     baseLat |-> 1,
     currLat |-> 7 ],
   [ instr |->
         [ ind |-> 5712,
           type |-> "IntAlu",
           r0 |-> "a4",
           r1 |-> "zero",
           r2 |-> "",
           addr |-> "0x1050e" ],
     baseLat |-> 1,
     currLat |-> 7 ],
   [ instr |->
         [ ind |-> 5713,
           type |-> "MemRead",
           r0 |-> "a5",
           r1 |-> "",
           r2 |-> "",
           addr |-> "0x10512" ],
     baseLat |-> 1,
     currLat |-> 7 ],
   [ instr |->
         [ ind |-> 5714,
           type |-> "IntAlu",
           r0 |-> "a5",
           r1 |-> "a4",
           r2 |-> "a5",
           addr |-> "0x10516" ],
     baseLat |-> 1,
     currLat |-> 7 ] >>
/\ graph2 = [ nodes |->
      << [ ind |-> 5687,
           addr |-> "0x105e2",
           IFacq |-> 1,
           IFrel |-> 2,
           IDacq |-> 2,
           IDrel |-> 3,
           FUacq |-> 3,
           FUrel |-> 4,
           COM |-> 4,
           ROB |-> 2,
           RS |-> 2,
           FU |-> 1 ],
         [ ind |-> 5688,
           addr |-> "0x105e4",
           IFacq |-> 1,
           IFrel |-> 2,
           IDacq |-> 2,
           IDrel |-> 3,
           FUacq |-> 3,
           FUrel |-> 4,
           COM |-> 4,
           ROB |-> 2,
           RS |-> 2,
           FU |-> 2 ],
         [ ind |-> 5689,
           addr |-> "0x105e6",
           IFacq |-> 1,
           IFrel |-> 2,
           IDacq |-> 2,
           IDrel |-> 3,
           FUacq |-> 4,
           FUrel |-> 5,
           COM |-> 5,
           ROB |-> 2,
           RS |-> 2,
           FU |-> 2 ],
         [ ind |-> 5690,
           addr |-> "0x105e8",
           IFacq |-> 1,
           IFrel |-> 2,
           IDacq |-> 2,
           IDrel |-> 3,
           FUacq |-> 4,
           FUrel |-> 5,
           COM |-> 5,
           ROB |-> 2,
           RS |-> 2,
           FU |-> 1 ],
         [ ind |-> 5691,
           addr |-> "0x105ea",
           IFacq |-> 2,
           IFrel |-> 3,
           IDacq |-> 3,
           IDrel |-> 4,
           FUacq |-> 5,
           FUrel |-> 6,
           COM |-> 6,
           ROB |-> 3,
           RS |-> 3,
           FU |-> 1 ],
         [ ind |-> 5692,
           addr |-> "0x105ee",
           IFacq |-> 2,
           IFrel |-> 3,
           IDacq |-> 3,
           IDrel |-> 4,
           FUacq |-> 6,
           FUrel |-> 7,
           COM |-> 7,
           ROB |-> 3,
           RS |-> 3,
           FU |-> 1 ],
         [ ind |-> 5693,
           addr |-> "0x104ee",
           IFacq |-> 2,
           IFrel |-> 3,
           IDacq |-> 3,
           IDrel |-> 4,
           FUacq |-> 7,
           FUrel |-> 8,
           COM |-> 8,
           ROB |-> 3,
           RS |-> 3,
           FU |-> 1 ],
         [ ind |-> 5694,
           addr |-> "0x104f0",
           IFacq |-> 2,
           IFrel |-> 3,
           IDacq |-> 3,
           IDrel |-> 4,
           FUacq |-> 5,
           FUrel |-> 6,
           COM |-> 8,
           ROB |-> 3,
           RS |-> 3,
           FU |-> 2 ],
         [ ind |-> 5695,
           addr |-> "0x104f2",
           IFacq |-> 3,
           IFrel |-> 4,
           IDacq |-> 4,
           IDrel |-> 5,
           FUacq |-> 8,
           FUrel |-> 9,
           COM |-> 9,
           ROB |-> 4,
           RS |-> 4,
           FU |-> 1 ],
         [ ind |-> 5696,
           addr |-> "0x104f4",
           IFacq |-> 3,
           IFrel |-> 4,
           IDacq |-> 4,
           IDrel |-> 5,
           FUacq |-> 6,
           FUrel |-> 7,
           COM |-> 9,
           ROB |-> 4,
           RS |-> 4,
           FU |-> 2 ],
         [ ind |-> 5697,
           addr |-> "0x104f8",
           IFacq |-> 3,
           IFrel |-> 4,
           IDacq |-> 4,
           IDrel |-> 5,
           FUacq |-> 7,
           FUrel |-> 8,
           COM |-> 9,
           ROB |-> 4,
           RS |-> 4,
           FU |-> 2 ],
         [ ind |-> 5698,
           addr |-> "0x104fc",
           IFacq |-> 3,
           IFrel |-> 4,
           IDacq |-> 4,
           IDrel |-> 5,
           FUacq |-> 8,
           FUrel |-> 0,
           COM |-> 0,
           ROB |-> 4,
           RS |-> 4,
           FU |-> 2 ],
         [ ind |-> 5699,
           addr |-> "0x10500",
           IFacq |-> 4,
           IFrel |-> 5,
           IDacq |-> 5,
           IDrel |-> 7,
           FUacq |-> 9,
           FUrel |-> 10,
           COM |-> 0,
           ROB |-> 6,
           RS |-> 6,
           FU |-> 1 ],
         [ ind |-> 5700,
           addr |-> "0x105c4",
           IFacq |-> 4,
           IFrel |-> 5,
           IDacq |-> 5,
           IDrel |-> 7,
           FUacq |-> 0,
           FUrel |-> 0,
           COM |-> 0,
           ROB |-> 6,
           RS |-> 6,
           FU |-> 0 ],
         [ ind |-> 5701,
           addr |-> "0x105c8",
           IFacq |-> 4,
           IFrel |-> 5,
           IDacq |-> 5,
           IDrel |-> 7,
           FUacq |-> 0,
           FUrel |-> 0,
           COM |-> 0,
           ROB |-> 6,
           RS |-> 6,
           FU |-> 0 ],
         [ ind |-> 5702,
           addr |-> "0x105cc",
           IFacq |-> 4,
           IFrel |-> 5,
           IDacq |-> 5,
           IDrel |-> 7,
           FUacq |-> 0,
           FUrel |-> 0,
           COM |-> 0,
           ROB |-> 6,
           RS |-> 6,
           FU |-> 0 ],
         [ ind |-> 5703,
           addr |-> "0x105d0",
           IFacq |-> 5,
           IFrel |-> 6,
           IDacq |-> 7,
           IDrel |-> 10,
           FUacq |-> 0,
           FUrel |-> 0,
           COM |-> 0,
           ROB |-> 9,
           RS |-> 9,
           FU |-> 0 ],
         [ ind |-> 5704,
           addr |-> "0x10502",
           IFacq |-> 5,
           IFrel |-> 6,
           IDacq |-> 7,
           IDrel |-> 10,
           FUacq |-> 10,
           FUrel |-> 11,
           COM |-> 0,
           ROB |-> 9,
           RS |-> 9,
           FU |-> 1 ],
         [ ind |-> 5705,
           addr |-> "0x10504",
           IFacq |-> 5,
           IFrel |-> 6,
           IDacq |-> 7,
           IDrel |-> 10,
           FUacq |-> 0,
           FUrel |-> 0,
           COM |-> 0,
           ROB |-> 9,
           RS |-> 9,
           FU |-> 0 ],
         [ ind |-> 5706,
           addr |-> "0x10508",
           IFacq |-> 5,
           IFrel |-> 6,
           IDacq |-> 7,
           IDrel |-> 10,
           FUacq |-> 0,
           FUrel |-> 0,
           COM |-> 0,
           ROB |-> 9,
           RS |-> 9,
           FU |-> 0 ],
         [ ind |-> 5707,
           addr |-> "0x1050c",
           IFacq |-> 7,
           IFrel |-> 8,
           IDacq |-> 10,
           IDrel |-> 0,
           FUacq |-> 0,
           FUrel |-> 0,
           COM |-> 0,
           ROB |-> 0,
           RS |-> 15,
           FU |-> 0 ],
         [ ind |-> 5708,
           addr |-> "0x1059e",
           IFacq |-> 7,
           IFrel |-> 8,
           IDacq |-> 10,
           IDrel |-> 0,
           FUacq |-> 0,
           FUrel |-> 0,
           COM |-> 0,
           ROB |-> 0,
           RS |-> 15,
           FU |-> 0 ],
         [ ind |-> 5709,
           addr |-> "0x105a2",
           IFacq |-> 7,
           IFrel |-> 8,
           IDacq |-> 10,
           IDrel |-> 0,
           FUacq |-> 0,
           FUrel |-> 0,
           COM |-> 0,
           ROB |-> 0,
           RS |-> 15,
           FU |-> 0 ],
         [ ind |-> 5710,
           addr |-> "0x105a6",
           IFacq |-> 7,
           IFrel |-> 8,
           IDacq |-> 10,
           IDrel |-> 0,
           FUacq |-> 0,
           FUrel |-> 0,
           COM |-> 0,
           ROB |-> 0,
           RS |-> 15,
           FU |-> 0 ],
         [ ind |-> 5711,
           addr |-> "0x105aa",
           IFacq |-> 10,
           IFrel |-> 11,
           IDacq |-> 0,
           IDrel |-> 0,
           FUacq |-> 0,
           FUrel |-> 0,
           COM |-> 0,
           ROB |-> 0,
           RS |-> 0,
           FU |-> 0 ],
         [ ind |-> 5712,
           addr |-> "0x1050e",
           IFacq |-> 10,
           IFrel |-> 11,
           IDacq |-> 0,
           IDrel |-> 0,
           FUacq |-> 0,
           FUrel |-> 0,
           COM |-> 0,
           ROB |-> 0,
           RS |-> 0,
           FU |-> 0 ],
         [ ind |-> 5713,
           addr |-> "0x10512",
           IFacq |-> 10,
           IFrel |-> 11,
           IDacq |-> 0,
           IDrel |-> 0,
           FUacq |-> 0,
           FUrel |-> 0,
           COM |-> 0,
           ROB |-> 0,
           RS |-> 0,
           FU |-> 0 ],
         [ ind |-> 5714,
           addr |-> "0x10516",
           IFacq |-> 10,
           IFrel |-> 11,
           IDacq |-> 0,
           IDrel |-> 0,
           FUacq |-> 0,
           FUrel |-> 0,
           COM |-> 0,
           ROB |-> 0,
           RS |-> 0,
           FU |-> 0 ] >>,
  edges |->
      { [type |-> "D", source |-> 5687, dest |-> 5690],
        [type |-> "D", source |-> 5693, dest |-> 5695] } ]
/\ pc2 = 28
/\ robHead = 23
/\ rob = << [ instr |->
         [ ind |-> 5687,
           type |-> "IntAlu",
           r0 |-> "sp",
           r1 |-> "",
           r2 |-> "",
           addr |-> "0x105e2" ],
     executed |-> TRUE,
     done |-> TRUE ],
   [ instr |->
         [ ind |-> 5688,
           type |-> "MemWrite",
           r0 |-> "ra",
           r1 |-> "",
           r2 |-> "",
           addr |-> "0x105e4" ],
     executed |-> TRUE,
     done |-> TRUE ],
   [ instr |->
         [ ind |-> 5689,
           type |-> "MemWrite",
           r0 |-> "s0",
           r1 |-> "",
           r2 |-> "",
           addr |-> "0x105e6" ],
     executed |-> TRUE,
     done |-> TRUE ],
   [ instr |->
         [ ind |-> 5690,
           type |-> "IntAlu",
           r0 |-> "s0",
           r1 |-> "sp",
           r2 |-> "",
           addr |-> "0x105e8" ],
     executed |-> TRUE,
     done |-> TRUE ],
   [ instr |->
         [ ind |-> 5691,
           type |-> "IntAlu",
           r0 |-> "a0",
           r1 |-> "gp",
           r2 |-> "",
           addr |-> "0x105ea" ],
     executed |-> TRUE,
     done |-> TRUE ],
   [ instr |->
         [ ind |-> 5692,
           type |-> "IntAlu",
           r0 |-> "ra",
           r1 |-> "",
           r2 |-> "",
           addr |-> "0x105ee" ],
     executed |-> TRUE,
     done |-> TRUE ],
   [ instr |->
         [ ind |-> 5693,
           type |-> "IntAlu",
           r0 |-> "sp",
           r1 |-> "",
           r2 |-> "",
           addr |-> "0x104ee" ],
     executed |-> TRUE,
     done |-> TRUE ],
   [ instr |->
         [ ind |-> 5694,
           type |-> "MemWrite",
           r0 |-> "s0",
           r1 |-> "",
           r2 |-> "",
           addr |-> "0x104f0" ],
     executed |-> TRUE,
     done |-> TRUE ],
   [ instr |->
         [ ind |-> 5695,
           type |-> "IntAlu",
           r0 |-> "s0",
           r1 |-> "sp",
           r2 |-> "",
           addr |-> "0x104f2" ],
     executed |-> TRUE,
     done |-> TRUE ],
   [ instr |->
         [ ind |-> 5696,
           type |-> "MemWrite",
           r0 |-> "a0",
           r1 |-> "",
           r2 |-> "",
           addr |-> "0x104f4" ],
     executed |-> TRUE,
     done |-> TRUE ],
   [ instr |->
         [ ind |-> 5697,
           type |-> "MemWrite",
           r0 |-> "zero",
           r1 |-> "",
           r2 |-> "",
           addr |-> "0x104f8" ],
     executed |-> TRUE,
     done |-> TRUE ],
   [ instr |->
         [ ind |-> 5698,
           type |-> "MemWrite",
           r0 |-> "zero",
           r1 |-> "",
           r2 |-> "",
           addr |-> "0x104fc" ],
     executed |-> TRUE,
     done |-> TRUE ],
   [ instr |->
         [ ind |-> 5699,
           type |-> "IntAlu",
           r0 |-> "",
           r1 |-> "",
           r2 |-> "",
           addr |-> "0x10500" ],
     executed |-> TRUE,
     done |-> TRUE ],
   [ instr |->
         [ ind |-> 5700,
           type |-> "MemRead",
           r0 |-> "a5",
           r1 |-> "",
           r2 |-> "",
           addr |-> "0x105c4" ],
     executed |-> TRUE,
     done |-> TRUE ],
   [ instr |->
         [ ind |-> 5701,
           type |-> "IntAlu",
           r0 |-> "a4",
           r1 |-> "a5",
           r2 |-> "",
           addr |-> "0x105c8" ],
     executed |-> TRUE,
     done |-> TRUE ],
   [ instr |->
         [ ind |-> 5702,
           type |-> "IntAlu",
           r0 |-> "a5",
           r1 |-> "zero",
           r2 |-> "",
           addr |-> "0x105cc" ],
     executed |-> TRUE,
     done |-> TRUE ],
   [ instr |->
         [ ind |-> 5703,
           type |-> "IntAlu",
           r0 |-> "a5",
           r1 |-> "a4",
           r2 |-> "",
           addr |-> "0x105d0" ],
     executed |-> TRUE,
     done |-> TRUE ],
   [ instr |->
         [ ind |-> 5704,
           type |-> "IntAlu",
           r0 |-> "a5",
           r1 |-> "",
           r2 |-> "",
           addr |-> "0x10502" ],
     executed |-> TRUE,
     done |-> TRUE ],
   [ instr |->
         [ ind |-> 5705,
           type |-> "MemWrite",
           r0 |-> "a5",
           r1 |-> "",
           r2 |-> "",
           addr |-> "0x10504" ],
     executed |-> TRUE,
     done |-> TRUE ],
   [ instr |->
         [ ind |-> 5706,
           type |-> "MemWrite",
           r0 |-> "zero",
           r1 |-> "",
           r2 |-> "",
           addr |-> "0x10508" ],
     executed |-> TRUE,
     done |-> TRUE ],
   [ instr |->
         [ ind |-> 5707,
           type |-> "IntAlu",
           r0 |-> "",
           r1 |-> "",
           r2 |-> "",
           addr |-> "0x1050c" ],
     executed |-> TRUE,
     done |-> TRUE ],
   [ instr |->
         [ ind |-> 5708,
           type |-> "MemRead",
           r0 |-> "a5",
           r1 |-> "",
           r2 |-> "",
           addr |-> "0x1059e" ],
     executed |-> TRUE,
     done |-> TRUE ],
   [ instr |->
         [ ind |-> 5709,
           type |-> "IntAlu",
           r0 |-> "a4",
           r1 |-> "a5",
           r2 |-> "",
           addr |-> "0x105a2" ],
     executed |-> TRUE,
     done |-> FALSE ],
   [ instr |->
         [ ind |-> 5710,
           type |-> "IntAlu",
           r0 |-> "a5",
           r1 |-> "zero",
           r2 |-> "",
           addr |-> "0x105a6" ],
     executed |-> FALSE,
     done |-> FALSE ],
   [ instr |->
         [ ind |-> 5711,
           type |-> "IntAlu",
           r0 |-> "a5",
           r1 |-> "a4",
           r2 |-> "",
           addr |-> "0x105aa" ],
     executed |-> FALSE,
     done |-> FALSE ],
   [ instr |->
         [ ind |-> 5712,
           type |-> "IntAlu",
           r0 |-> "a4",
           r1 |-> "zero",
           r2 |-> "",
           addr |-> "0x1050e" ],
     executed |-> FALSE,
     done |-> FALSE ],
   [ instr |->
         [ ind |-> 5713,
           type |-> "MemRead",
           r0 |-> "a5",
           r1 |-> "",
           r2 |-> "",
           addr |-> "0x10512" ],
     executed |-> TRUE,
     done |-> FALSE ],
   [ instr |->
         [ ind |-> 5714,
           type |-> "IntAlu",
           r0 |-> "a5",
           r1 |-> "a4",
           r2 |-> "a5",
           addr |-> "0x10516" ],
     executed |-> FALSE,
     done |-> FALSE ],
   [ instr |->
         [ ind |-> 5715,
           type |-> "IntAlu",
           r0 |-> "a4",
           r1 |-> "a5",
           r2 |-> "",
           addr |-> "0x1051a" ],
     executed |-> FALSE,
     done |-> FALSE ],
   [ instr |->
         [ ind |-> 5716,
           type |-> "MemRead",
           r0 |-> "a5",
           r1 |-> "",
           r2 |-> "",
           addr |-> "0x1051e" ],
     executed |-> FALSE,
     done |-> FALSE ],
   [ instr |->
         [ ind |-> 5717,
           type |-> "IntAlu",
           r0 |-> "a5",
           r1 |-> "",
           r2 |-> "",
           addr |-> "0x10522" ],
     executed |-> FALSE,
     done |-> FALSE ],
   [ instr |->
         [ ind |-> 5718,
           type |-> "IntAlu",
           r0 |-> "a4",
           r1 |-> "a5",
           r2 |-> "",
           addr |-> "0x10524" ],
     executed |-> FALSE,
     done |-> FALSE ] >>
/\ _RS = << { [ ind |-> 5711,
       type |-> "IntAlu",
       r0 |-> "a5",
       r1 |-> "a4",
       r2 |-> "",
       addr |-> "0x105aa" ],
     [ ind |-> 5712,
       type |-> "IntAlu",
       r0 |-> "a4",
       r1 |-> "zero",
       r2 |-> "",
       addr |-> "0x1050e" ],
     [ ind |-> 5714,
       type |-> "IntAlu",
       r0 |-> "a5",
       r1 |-> "a4",
       r2 |-> "a5",
       addr |-> "0x10516" ],
     [ ind |-> 5715,
       type |-> "IntAlu",
       r0 |-> "a4",
       r1 |-> "a5",
       r2 |-> "",
       addr |-> "0x1051a" ],
     [ ind |-> 5717,
       type |-> "IntAlu",
       r0 |-> "a5",
       r1 |-> "",
       r2 |-> "",
       addr |-> "0x10522" ],
     [ ind |-> 5718,
       type |-> "IntAlu",
       r0 |-> "a4",
       r1 |-> "a5",
       r2 |-> "",
       addr |-> "0x10524" ] },
   {},
   {},
   {},
   {} >>
/\ currCycle = 16
/\ exec_inst = 1
/\ robHead2 = 12
/\ pc = 40
/\ cpt = 0
/\ rob2 = << [ instr |->
         [ ind |-> 5687,
           type |-> "IntAlu",
           r0 |-> "sp",
           r1 |-> "",
           r2 |-> "",
           addr |-> "0x105e2" ],
     executed |-> TRUE,
     done |-> TRUE ],
   [ instr |->
         [ ind |-> 5688,
           type |-> "MemWrite",
           r0 |-> "ra",
           r1 |-> "",
           r2 |-> "",
           addr |-> "0x105e4" ],
     executed |-> TRUE,
     done |-> TRUE ],
   [ instr |->
         [ ind |-> 5689,
           type |-> "MemWrite",
           r0 |-> "s0",
           r1 |-> "",
           r2 |-> "",
           addr |-> "0x105e6" ],
     executed |-> TRUE,
     done |-> TRUE ],
   [ instr |->
         [ ind |-> 5690,
           type |-> "IntAlu",
           r0 |-> "s0",
           r1 |-> "sp",
           r2 |-> "",
           addr |-> "0x105e8" ],
     executed |-> TRUE,
     done |-> TRUE ],
   [ instr |->
         [ ind |-> 5691,
           type |-> "IntAlu",
           r0 |-> "a0",
           r1 |-> "gp",
           r2 |-> "",
           addr |-> "0x105ea" ],
     executed |-> TRUE,
     done |-> TRUE ],
   [ instr |->
         [ ind |-> 5692,
           type |-> "IntAlu",
           r0 |-> "ra",
           r1 |-> "",
           r2 |-> "",
           addr |-> "0x105ee" ],
     executed |-> TRUE,
     done |-> TRUE ],
   [ instr |->
         [ ind |-> 5693,
           type |-> "IntAlu",
           r0 |-> "sp",
           r1 |-> "",
           r2 |-> "",
           addr |-> "0x104ee" ],
     executed |-> TRUE,
     done |-> TRUE ],
   [ instr |->
         [ ind |-> 5694,
           type |-> "MemWrite",
           r0 |-> "s0",
           r1 |-> "",
           r2 |-> "",
           addr |-> "0x104f0" ],
     executed |-> TRUE,
     done |-> TRUE ],
   [ instr |->
         [ ind |-> 5695,
           type |-> "IntAlu",
           r0 |-> "s0",
           r1 |-> "sp",
           r2 |-> "",
           addr |-> "0x104f2" ],
     executed |-> TRUE,
     done |-> TRUE ],
   [ instr |->
         [ ind |-> 5696,
           type |-> "MemWrite",
           r0 |-> "a0",
           r1 |-> "",
           r2 |-> "",
           addr |-> "0x104f4" ],
     executed |-> TRUE,
     done |-> TRUE ],
   [ instr |->
         [ ind |-> 5697,
           type |-> "MemWrite",
           r0 |-> "zero",
           r1 |-> "",
           r2 |-> "",
           addr |-> "0x104f8" ],
     executed |-> TRUE,
     done |-> TRUE ],
   [ instr |->
         [ ind |-> 5698,
           type |-> "MemWrite",
           r0 |-> "zero",
           r1 |-> "",
           r2 |-> "",
           addr |-> "0x104fc" ],
     executed |-> FALSE,
     done |-> FALSE ],
   [ instr |->
         [ ind |-> 5699,
           type |-> "IntAlu",
           r0 |-> "",
           r1 |-> "",
           r2 |-> "",
           addr |-> "0x10500" ],
     executed |-> TRUE,
     done |-> FALSE ],
   [ instr |->
         [ ind |-> 5700,
           type |-> "MemRead",
           r0 |-> "a5",
           r1 |-> "",
           r2 |-> "",
           addr |-> "0x105c4" ],
     executed |-> FALSE,
     done |-> FALSE ],
   [ instr |->
         [ ind |-> 5701,
           type |-> "IntAlu",
           r0 |-> "a4",
           r1 |-> "a5",
           r2 |-> "",
           addr |-> "0x105c8" ],
     executed |-> FALSE,
     done |-> FALSE ],
   [ instr |->
         [ ind |-> 5702,
           type |-> "IntAlu",
           r0 |-> "a5",
           r1 |-> "zero",
           r2 |-> "",
           addr |-> "0x105cc" ],
     executed |-> FALSE,
     done |-> FALSE ],
   [ instr |->
         [ ind |-> 5703,
           type |-> "IntAlu",
           r0 |-> "a5",
           r1 |-> "a4",
           r2 |-> "",
           addr |-> "0x105d0" ],
     executed |-> FALSE,
     done |-> FALSE ],
   [ instr |->
         [ ind |-> 5704,
           type |-> "IntAlu",
           r0 |-> "a5",
           r1 |-> "",
           r2 |-> "",
           addr |-> "0x10502" ],
     executed |-> TRUE,
     done |-> FALSE ],
   [ instr |->
         [ ind |-> 5705,
           type |-> "MemWrite",
           r0 |-> "a5",
           r1 |-> "",
           r2 |-> "",
           addr |-> "0x10504" ],
     executed |-> FALSE,
     done |-> FALSE ],
   [ instr |->
         [ ind |-> 5706,
           type |-> "MemWrite",
           r0 |-> "zero",
           r1 |-> "",
           r2 |-> "",
           addr |-> "0x10508" ],
     executed |-> FALSE,
     done |-> FALSE ] >>
/\ _FU = << [ instr |->
         [ ind |-> 5710,
           type |-> "IntAlu",
           r0 |-> "a5",
           r1 |-> "zero",
           r2 |-> "",
           addr |-> "0x105a6" ],
     baseLat |-> 1,
     currLat |-> 1 ],
   [ instr |->
         [ ind |-> 5716,
           type |-> "MemRead",
           r0 |-> "a5",
           r1 |-> "",
           r2 |-> "",
           addr |-> "0x1051e" ],
     baseLat |-> 1,
     currLat |-> 1 ],
   [ instr |->
         [ ind |-> 0,
           type |-> "No_OpClass",
           r0 |-> "",
           r1 |-> "",
           r2 |-> "",
           addr |-> "" ],
     baseLat |-> 1,
     currLat |-> 1 ],
   [ instr |->
         [ ind |-> 0,
           type |-> "No_OpClass",
           r0 |-> "",
           r1 |-> "",
           r2 |-> "",
           addr |-> "" ],
     baseLat |-> 1,
     currLat |-> 1 ],
   [ instr |->
         [ ind |-> 0,
           type |-> "No_OpClass",
           r0 |-> "",
           r1 |-> "",
           r2 |-> "",
           addr |-> "" ],
     baseLat |-> 1,
     currLat |-> 1 ] >>

@!@!@ENDMSG 2217 @!@!@
@!@!@STARTMSG 2217:4 @!@!@
18: <Next line 60, col 9 to line 65, col 35 of module pipeline_ooo>
/\ _RS2 = << { [ ind |-> 5701,
       type |-> "IntAlu",
       r0 |-> "a4",
       r1 |-> "a5",
       r2 |-> "",
       addr |-> "0x105c8" ],
     [ ind |-> 5702,
       type |-> "IntAlu",
       r0 |-> "a5",
       r1 |-> "zero",
       r2 |-> "",
       addr |-> "0x105cc" ],
     [ ind |-> 5703,
       type |-> "IntAlu",
       r0 |-> "a5",
       r1 |-> "a4",
       r2 |-> "",
       addr |-> "0x105d0" ] },
   { [ ind |-> 5700,
       type |-> "MemRead",
       r0 |-> "a5",
       r1 |-> "",
       r2 |-> "",
       addr |-> "0x105c4" ],
     [ ind |-> 5705,
       type |-> "MemWrite",
       r0 |-> "a5",
       r1 |-> "",
       r2 |-> "",
       addr |-> "0x10504" ],
     [ ind |-> 5706,
       type |-> "MemWrite",
       r0 |-> "zero",
       r1 |-> "",
       r2 |-> "",
       addr |-> "0x10508" ] },
   {},
   {},
   {} >>
/\ _COM2 = << [ ind |-> 0,
     type |-> "No_OpClass",
     r0 |-> "",
     r1 |-> "",
     r2 |-> "",
     addr |-> "" ],
   [ ind |-> 0,
     type |-> "No_OpClass",
     r0 |-> "",
     r1 |-> "",
     r2 |-> "",
     addr |-> "" ],
   [ ind |-> 0,
     type |-> "No_OpClass",
     r0 |-> "",
     r1 |-> "",
     r2 |-> "",
     addr |-> "" ],
   [ ind |-> 0,
     type |-> "No_OpClass",
     r0 |-> "",
     r1 |-> "",
     r2 |-> "",
     addr |-> "" ] >>
/\ _ID = << [ ind |-> 5719,
     type |-> "MemRead",
     r0 |-> "a5",
     r1 |-> "",
     r2 |-> "",
     addr |-> "0x10528" ],
   [ ind |-> 5720,
     type |-> "IntAlu",
     r0 |-> "a5",
     r1 |-> "",
     r2 |-> "",
     addr |-> "0x1052c" ],
   [ ind |-> 5721,
     type |-> "MemRead",
     r0 |-> "a4",
     r1 |-> "",
     r2 |-> "",
     addr |-> "0x1052e" ],
   [ ind |-> 5722,
     type |-> "IntAlu",
     r0 |-> "a5",
     r1 |-> "a4",
     r2 |-> "",
     addr |-> "0x10532" ] >>
/\ _IF = << [ instr |->
         [ ind |-> 5723,
           type |-> "MemRead",
           r0 |-> "a3",
           r1 |-> "",
           r2 |-> "",
           addr |-> "0x10534" ],
     baseLat |-> 1,
     currLat |-> 2 ],
   [ instr |->
         [ ind |-> 5724,
           type |-> "MemRead",
           r0 |-> "a5",
           r1 |-> "",
           r2 |-> "",
           addr |-> "0x10536" ],
     baseLat |-> 1,
     currLat |-> 2 ],
   [ instr |->
         [ ind |-> 5725,
           type |-> "IntAlu",
           r0 |-> "a5",
           r1 |-> "",
           r2 |-> "",
           addr |-> "0x1053a" ],
     baseLat |-> 1,
     currLat |-> 2 ],
   [ instr |->
         [ ind |-> 5726,
           type |-> "IntAlu",
           r0 |-> "a5",
           r1 |-> "",
           r2 |-> "",
           addr |-> "0x1053c" ],
     baseLat |-> 1,
     currLat |-> 2 ] >>
/\ _FU2 = << [ instr |->
         [ ind |-> 0,
           type |-> "No_OpClass",
           r0 |-> "",
           r1 |-> "",
           r2 |-> "",
           addr |-> "" ],
     baseLat |-> 1,
     currLat |-> 1 ],
   [ instr |->
         [ ind |-> 5698,
           type |-> "MemWrite",
           r0 |-> "zero",
           r1 |-> "",
           r2 |-> "",
           addr |-> "0x104fc" ],
     baseLat |-> 10,
     currLat |-> 10 ],
   [ instr |->
         [ ind |-> 0,
           type |-> "No_OpClass",
           r0 |-> "",
           r1 |-> "",
           r2 |-> "",
           addr |-> "" ],
     baseLat |-> 1,
     currLat |-> 1 ],
   [ instr |->
         [ ind |-> 0,
           type |-> "No_OpClass",
           r0 |-> "",
           r1 |-> "",
           r2 |-> "",
           addr |-> "" ],
     baseLat |-> 1,
     currLat |-> 1 ],
   [ instr |->
         [ ind |-> 0,
           type |-> "No_OpClass",
           r0 |-> "",
           r1 |-> "",
           r2 |-> "",
           addr |-> "" ],
     baseLat |-> 1,
     currLat |-> 1 ] >>
/\ _COM = << [ ind |-> 5710,
     type |-> "IntAlu",
     r0 |-> "a5",
     r1 |-> "zero",
     r2 |-> "",
     addr |-> "0x105a6" ],
   [ ind |-> 0,
     type |-> "No_OpClass",
     r0 |-> "",
     r1 |-> "",
     r2 |-> "",
     addr |-> "" ],
   [ ind |-> 0,
     type |-> "No_OpClass",
     r0 |-> "",
     r1 |-> "",
     r2 |-> "",
     addr |-> "" ],
   [ ind |-> 0,
     type |-> "No_OpClass",
     r0 |-> "",
     r1 |-> "",
     r2 |-> "",
     addr |-> "" ] >>
/\ exec_inst2 = 2
/\ _ID2 = << [ ind |-> 5707,
     type |-> "IntAlu",
     r0 |-> "",
     r1 |-> "",
     r2 |-> "",
     addr |-> "0x1050c" ],
   [ ind |-> 5708,
     type |-> "MemRead",
     r0 |-> "a5",
     r1 |-> "",
     r2 |-> "",
     addr |-> "0x1059e" ],
   [ ind |-> 5709,
     type |-> "IntAlu",
     r0 |-> "a4",
     r1 |-> "a5",
     r2 |-> "",
     addr |-> "0x105a2" ],
   [ ind |-> 5710,
     type |-> "IntAlu",
     r0 |-> "a5",
     r1 |-> "zero",
     r2 |-> "",
     addr |-> "0x105a6" ] >>
/\ graph = [ nodes |->
      << [ ind |-> 5687,
           addr |-> "0x105e2",
           IFacq |-> 1,
           IFrel |-> 2,
           IDacq |-> 2,
           IDrel |-> 3,
           FUacq |-> 3,
           FUrel |-> 4,
           COM |-> 4,
           ROB |-> 2,
           RS |-> 2,
           FU |-> 1 ],
         [ ind |-> 5688,
           addr |-> "0x105e4",
           IFacq |-> 1,
           IFrel |-> 2,
           IDacq |-> 2,
           IDrel |-> 3,
           FUacq |-> 3,
           FUrel |-> 4,
           COM |-> 4,
           ROB |-> 2,
           RS |-> 2,
           FU |-> 2 ],
         [ ind |-> 5689,
           addr |-> "0x105e6",
           IFacq |-> 1,
           IFrel |-> 2,
           IDacq |-> 2,
           IDrel |-> 3,
           FUacq |-> 4,
           FUrel |-> 5,
           COM |-> 5,
           ROB |-> 2,
           RS |-> 2,
           FU |-> 2 ],
         [ ind |-> 5690,
           addr |-> "0x105e8",
           IFacq |-> 1,
           IFrel |-> 2,
           IDacq |-> 2,
           IDrel |-> 3,
           FUacq |-> 4,
           FUrel |-> 5,
           COM |-> 5,
           ROB |-> 2,
           RS |-> 2,
           FU |-> 1 ],
         [ ind |-> 5691,
           addr |-> "0x105ea",
           IFacq |-> 2,
           IFrel |-> 3,
           IDacq |-> 3,
           IDrel |-> 4,
           FUacq |-> 5,
           FUrel |-> 6,
           COM |-> 6,
           ROB |-> 3,
           RS |-> 3,
           FU |-> 1 ],
         [ ind |-> 5692,
           addr |-> "0x105ee",
           IFacq |-> 2,
           IFrel |-> 3,
           IDacq |-> 3,
           IDrel |-> 4,
           FUacq |-> 6,
           FUrel |-> 7,
           COM |-> 7,
           ROB |-> 3,
           RS |-> 3,
           FU |-> 1 ],
         [ ind |-> 5693,
           addr |-> "0x104ee",
           IFacq |-> 2,
           IFrel |-> 3,
           IDacq |-> 3,
           IDrel |-> 4,
           FUacq |-> 7,
           FUrel |-> 8,
           COM |-> 8,
           ROB |-> 3,
           RS |-> 3,
           FU |-> 1 ],
         [ ind |-> 5694,
           addr |-> "0x104f0",
           IFacq |-> 2,
           IFrel |-> 3,
           IDacq |-> 3,
           IDrel |-> 4,
           FUacq |-> 5,
           FUrel |-> 6,
           COM |-> 8,
           ROB |-> 3,
           RS |-> 3,
           FU |-> 2 ],
         [ ind |-> 5695,
           addr |-> "0x104f2",
           IFacq |-> 3,
           IFrel |-> 4,
           IDacq |-> 4,
           IDrel |-> 5,
           FUacq |-> 8,
           FUrel |-> 9,
           COM |-> 9,
           ROB |-> 4,
           RS |-> 4,
           FU |-> 1 ],
         [ ind |-> 5696,
           addr |-> "0x104f4",
           IFacq |-> 3,
           IFrel |-> 4,
           IDacq |-> 4,
           IDrel |-> 5,
           FUacq |-> 6,
           FUrel |-> 7,
           COM |-> 9,
           ROB |-> 4,
           RS |-> 4,
           FU |-> 2 ],
         [ ind |-> 5697,
           addr |-> "0x104f8",
           IFacq |-> 3,
           IFrel |-> 4,
           IDacq |-> 4,
           IDrel |-> 5,
           FUacq |-> 7,
           FUrel |-> 8,
           COM |-> 9,
           ROB |-> 4,
           RS |-> 4,
           FU |-> 2 ],
         [ ind |-> 5698,
           addr |-> "0x104fc",
           IFacq |-> 3,
           IFrel |-> 4,
           IDacq |-> 4,
           IDrel |-> 5,
           FUacq |-> 8,
           FUrel |-> 9,
           COM |-> 9,
           ROB |-> 4,
           RS |-> 4,
           FU |-> 2 ],
         [ ind |-> 5699,
           addr |-> "0x10500",
           IFacq |-> 4,
           IFrel |-> 5,
           IDacq |-> 5,
           IDrel |-> 7,
           FUacq |-> 9,
           FUrel |-> 10,
           COM |-> 10,
           ROB |-> 6,
           RS |-> 6,
           FU |-> 1 ],
         [ ind |-> 5700,
           addr |-> "0x105c4",
           IFacq |-> 4,
           IFrel |-> 5,
           IDacq |-> 5,
           IDrel |-> 7,
           FUacq |-> 9,
           FUrel |-> 10,
           COM |-> 10,
           ROB |-> 6,
           RS |-> 6,
           FU |-> 2 ],
         [ ind |-> 5701,
           addr |-> "0x105c8",
           IFacq |-> 4,
           IFrel |-> 5,
           IDacq |-> 5,
           IDrel |-> 7,
           FUacq |-> 10,
           FUrel |-> 11,
           COM |-> 11,
           ROB |-> 6,
           RS |-> 6,
           FU |-> 1 ],
         [ ind |-> 5702,
           addr |-> "0x105cc",
           IFacq |-> 4,
           IFrel |-> 5,
           IDacq |-> 5,
           IDrel |-> 7,
           FUacq |-> 11,
           FUrel |-> 12,
           COM |-> 12,
           ROB |-> 6,
           RS |-> 6,
           FU |-> 1 ],
         [ ind |-> 5703,
           addr |-> "0x105d0",
           IFacq |-> 5,
           IFrel |-> 6,
           IDacq |-> 7,
           IDrel |-> 10,
           FUacq |-> 12,
           FUrel |-> 13,
           COM |-> 13,
           ROB |-> 9,
           RS |-> 9,
           FU |-> 1 ],
         [ ind |-> 5704,
           addr |-> "0x10502",
           IFacq |-> 5,
           IFrel |-> 6,
           IDacq |-> 7,
           IDrel |-> 10,
           FUacq |-> 13,
           FUrel |-> 14,
           COM |-> 14,
           ROB |-> 9,
           RS |-> 9,
           FU |-> 1 ],
         [ ind |-> 5705,
           addr |-> "0x10504",
           IFacq |-> 5,
           IFrel |-> 6,
           IDacq |-> 7,
           IDrel |-> 10,
           FUacq |-> 10,
           FUrel |-> 11,
           COM |-> 14,
           ROB |-> 9,
           RS |-> 9,
           FU |-> 2 ],
         [ ind |-> 5706,
           addr |-> "0x10508",
           IFacq |-> 5,
           IFrel |-> 6,
           IDacq |-> 7,
           IDrel |-> 10,
           FUacq |-> 11,
           FUrel |-> 12,
           COM |-> 14,
           ROB |-> 9,
           RS |-> 9,
           FU |-> 2 ],
         [ ind |-> 5707,
           addr |-> "0x1050c",
           IFacq |-> 7,
           IFrel |-> 8,
           IDacq |-> 10,
           IDrel |-> 11,
           FUacq |-> 14,
           FUrel |-> 15,
           COM |-> 15,
           ROB |-> 10,
           RS |-> 10,
           FU |-> 1 ],
         [ ind |-> 5708,
           addr |-> "0x1059e",
           IFacq |-> 7,
           IFrel |-> 8,
           IDacq |-> 10,
           IDrel |-> 11,
           FUacq |-> 12,
           FUrel |-> 13,
           COM |-> 15,
           ROB |-> 10,
           RS |-> 10,
           FU |-> 2 ],
         [ ind |-> 5709,
           addr |-> "0x105a2",
           IFacq |-> 7,
           IFrel |-> 8,
           IDacq |-> 10,
           IDrel |-> 11,
           FUacq |-> 15,
           FUrel |-> 16,
           COM |-> 16,
           ROB |-> 10,
           RS |-> 10,
           FU |-> 1 ],
         [ ind |-> 5710,
           addr |-> "0x105a6",
           IFacq |-> 7,
           IFrel |-> 8,
           IDacq |-> 10,
           IDrel |-> 11,
           FUacq |-> 16,
           FUrel |-> 17,
           COM |-> 0,
           ROB |-> 10,
           RS |-> 10,
           FU |-> 1 ],
         [ ind |-> 5711,
           addr |-> "0x105aa",
           IFacq |-> 10,
           IFrel |-> 11,
           IDacq |-> 11,
           IDrel |-> 14,
           FUacq |-> 0,
           FUrel |-> 0,
           COM |-> 0,
           ROB |-> 13,
           RS |-> 13,
           FU |-> 0 ],
         [ ind |-> 5712,
           addr |-> "0x1050e",
           IFacq |-> 10,
           IFrel |-> 11,
           IDacq |-> 11,
           IDrel |-> 14,
           FUacq |-> 0,
           FUrel |-> 0,
           COM |-> 0,
           ROB |-> 13,
           RS |-> 13,
           FU |-> 0 ],
         [ ind |-> 5713,
           addr |-> "0x10512",
           IFacq |-> 10,
           IFrel |-> 11,
           IDacq |-> 11,
           IDrel |-> 14,
           FUacq |-> 14,
           FUrel |-> 15,
           COM |-> 0,
           ROB |-> 13,
           RS |-> 13,
           FU |-> 2 ],
         [ ind |-> 5714,
           addr |-> "0x10516",
           IFacq |-> 10,
           IFrel |-> 11,
           IDacq |-> 11,
           IDrel |-> 14,
           FUacq |-> 0,
           FUrel |-> 0,
           COM |-> 0,
           ROB |-> 13,
           RS |-> 13,
           FU |-> 0 ],
         [ ind |-> 5715,
           addr |-> "0x1051a",
           IFacq |-> 11,
           IFrel |-> 12,
           IDacq |-> 14,
           IDrel |-> 16,
           FUacq |-> 0,
           FUrel |-> 0,
           COM |-> 0,
           ROB |-> 15,
           RS |-> 15,
           FU |-> 0 ],
         [ ind |-> 5716,
           addr |-> "0x1051e",
           IFacq |-> 11,
           IFrel |-> 12,
           IDacq |-> 14,
           IDrel |-> 16,
           FUacq |-> 16,
           FUrel |-> 17,
           COM |-> 0,
           ROB |-> 15,
           RS |-> 15,
           FU |-> 2 ],
         [ ind |-> 5717,
           addr |-> "0x10522",
           IFacq |-> 11,
           IFrel |-> 12,
           IDacq |-> 14,
           IDrel |-> 16,
           FUacq |-> 0,
           FUrel |-> 0,
           COM |-> 0,
           ROB |-> 15,
           RS |-> 15,
           FU |-> 0 ],
         [ ind |-> 5718,
           addr |-> "0x10524",
           IFacq |-> 11,
           IFrel |-> 12,
           IDacq |-> 14,
           IDrel |-> 16,
           FUacq |-> 0,
           FUrel |-> 0,
           COM |-> 0,
           ROB |-> 15,
           RS |-> 15,
           FU |-> 0 ],
         [ ind |-> 5719,
           addr |-> "0x10528",
           IFacq |-> 14,
           IFrel |-> 15,
           IDacq |-> 16,
           IDrel |-> 0,
           FUacq |-> 0,
           FUrel |-> 0,
           COM |-> 0,
           ROB |-> 0,
           RS |-> 16,
           FU |-> 0 ],
         [ ind |-> 5720,
           addr |-> "0x1052c",
           IFacq |-> 14,
           IFrel |-> 15,
           IDacq |-> 16,
           IDrel |-> 0,
           FUacq |-> 0,
           FUrel |-> 0,
           COM |-> 0,
           ROB |-> 0,
           RS |-> 16,
           FU |-> 0 ],
         [ ind |-> 5721,
           addr |-> "0x1052e",
           IFacq |-> 14,
           IFrel |-> 15,
           IDacq |-> 16,
           IDrel |-> 0,
           FUacq |-> 0,
           FUrel |-> 0,
           COM |-> 0,
           ROB |-> 0,
           RS |-> 16,
           FU |-> 0 ],
         [ ind |-> 5722,
           addr |-> "0x10532",
           IFacq |-> 14,
           IFrel |-> 15,
           IDacq |-> 16,
           IDrel |-> 0,
           FUacq |-> 0,
           FUrel |-> 0,
           COM |-> 0,
           ROB |-> 0,
           RS |-> 16,
           FU |-> 0 ],
         [ ind |-> 5723,
           addr |-> "0x10534",
           IFacq |-> 16,
           IFrel |-> 17,
           IDacq |-> 0,
           IDrel |-> 0,
           FUacq |-> 0,
           FUrel |-> 0,
           COM |-> 0,
           ROB |-> 0,
           RS |-> 0,
           FU |-> 0 ],
         [ ind |-> 5724,
           addr |-> "0x10536",
           IFacq |-> 16,
           IFrel |-> 17,
           IDacq |-> 0,
           IDrel |-> 0,
           FUacq |-> 0,
           FUrel |-> 0,
           COM |-> 0,
           ROB |-> 0,
           RS |-> 0,
           FU |-> 0 ],
         [ ind |-> 5725,
           addr |-> "0x1053a",
           IFacq |-> 16,
           IFrel |-> 17,
           IDacq |-> 0,
           IDrel |-> 0,
           FUacq |-> 0,
           FUrel |-> 0,
           COM |-> 0,
           ROB |-> 0,
           RS |-> 0,
           FU |-> 0 ],
         [ ind |-> 5726,
           addr |-> "0x1053c",
           IFacq |-> 16,
           IFrel |-> 17,
           IDacq |-> 0,
           IDrel |-> 0,
           FUacq |-> 0,
           FUrel |-> 0,
           COM |-> 0,
           ROB |-> 0,
           RS |-> 0,
           FU |-> 0 ] >>,
  edges |->
      { [type |-> "D", source |-> 5687, dest |-> 5690],
        [type |-> "D", source |-> 5693, dest |-> 5695],
        [type |-> "D", source |-> 5700, dest |-> 5701],
        [type |-> "D", source |-> 5708, dest |-> 5709] } ]
/\ currCycle2 = 17
/\ _IF2 = << [ instr |->
         [ ind |-> 5711,
           type |-> "IntAlu",
           r0 |-> "a5",
           r1 |-> "a4",
           r2 |-> "",
           addr |-> "0x105aa" ],
     baseLat |-> 1,
     currLat |-> 8 ],
   [ instr |->
         [ ind |-> 5712,
           type |-> "IntAlu",
           r0 |-> "a4",
           r1 |-> "zero",
           r2 |-> "",
           addr |-> "0x1050e" ],
     baseLat |-> 1,
     currLat |-> 8 ],
   [ instr |->
         [ ind |-> 5713,
           type |-> "MemRead",
           r0 |-> "a5",
           r1 |-> "",
           r2 |-> "",
           addr |-> "0x10512" ],
     baseLat |-> 1,
     currLat |-> 8 ],
   [ instr |->
         [ ind |-> 5714,
           type |-> "IntAlu",
           r0 |-> "a5",
           r1 |-> "a4",
           r2 |-> "a5",
           addr |-> "0x10516" ],
     baseLat |-> 1,
     currLat |-> 8 ] >>
/\ graph2 = [ nodes |->
      << [ ind |-> 5687,
           addr |-> "0x105e2",
           IFacq |-> 1,
           IFrel |-> 2,
           IDacq |-> 2,
           IDrel |-> 3,
           FUacq |-> 3,
           FUrel |-> 4,
           COM |-> 4,
           ROB |-> 2,
           RS |-> 2,
           FU |-> 1 ],
         [ ind |-> 5688,
           addr |-> "0x105e4",
           IFacq |-> 1,
           IFrel |-> 2,
           IDacq |-> 2,
           IDrel |-> 3,
           FUacq |-> 3,
           FUrel |-> 4,
           COM |-> 4,
           ROB |-> 2,
           RS |-> 2,
           FU |-> 2 ],
         [ ind |-> 5689,
           addr |-> "0x105e6",
           IFacq |-> 1,
           IFrel |-> 2,
           IDacq |-> 2,
           IDrel |-> 3,
           FUacq |-> 4,
           FUrel |-> 5,
           COM |-> 5,
           ROB |-> 2,
           RS |-> 2,
           FU |-> 2 ],
         [ ind |-> 5690,
           addr |-> "0x105e8",
           IFacq |-> 1,
           IFrel |-> 2,
           IDacq |-> 2,
           IDrel |-> 3,
           FUacq |-> 4,
           FUrel |-> 5,
           COM |-> 5,
           ROB |-> 2,
           RS |-> 2,
           FU |-> 1 ],
         [ ind |-> 5691,
           addr |-> "0x105ea",
           IFacq |-> 2,
           IFrel |-> 3,
           IDacq |-> 3,
           IDrel |-> 4,
           FUacq |-> 5,
           FUrel |-> 6,
           COM |-> 6,
           ROB |-> 3,
           RS |-> 3,
           FU |-> 1 ],
         [ ind |-> 5692,
           addr |-> "0x105ee",
           IFacq |-> 2,
           IFrel |-> 3,
           IDacq |-> 3,
           IDrel |-> 4,
           FUacq |-> 6,
           FUrel |-> 7,
           COM |-> 7,
           ROB |-> 3,
           RS |-> 3,
           FU |-> 1 ],
         [ ind |-> 5693,
           addr |-> "0x104ee",
           IFacq |-> 2,
           IFrel |-> 3,
           IDacq |-> 3,
           IDrel |-> 4,
           FUacq |-> 7,
           FUrel |-> 8,
           COM |-> 8,
           ROB |-> 3,
           RS |-> 3,
           FU |-> 1 ],
         [ ind |-> 5694,
           addr |-> "0x104f0",
           IFacq |-> 2,
           IFrel |-> 3,
           IDacq |-> 3,
           IDrel |-> 4,
           FUacq |-> 5,
           FUrel |-> 6,
           COM |-> 8,
           ROB |-> 3,
           RS |-> 3,
           FU |-> 2 ],
         [ ind |-> 5695,
           addr |-> "0x104f2",
           IFacq |-> 3,
           IFrel |-> 4,
           IDacq |-> 4,
           IDrel |-> 5,
           FUacq |-> 8,
           FUrel |-> 9,
           COM |-> 9,
           ROB |-> 4,
           RS |-> 4,
           FU |-> 1 ],
         [ ind |-> 5696,
           addr |-> "0x104f4",
           IFacq |-> 3,
           IFrel |-> 4,
           IDacq |-> 4,
           IDrel |-> 5,
           FUacq |-> 6,
           FUrel |-> 7,
           COM |-> 9,
           ROB |-> 4,
           RS |-> 4,
           FU |-> 2 ],
         [ ind |-> 5697,
           addr |-> "0x104f8",
           IFacq |-> 3,
           IFrel |-> 4,
           IDacq |-> 4,
           IDrel |-> 5,
           FUacq |-> 7,
           FUrel |-> 8,
           COM |-> 9,
           ROB |-> 4,
           RS |-> 4,
           FU |-> 2 ],
         [ ind |-> 5698,
           addr |-> "0x104fc",
           IFacq |-> 3,
           IFrel |-> 4,
           IDacq |-> 4,
           IDrel |-> 5,
           FUacq |-> 8,
           FUrel |-> 0,
           COM |-> 0,
           ROB |-> 4,
           RS |-> 4,
           FU |-> 2 ],
         [ ind |-> 5699,
           addr |-> "0x10500",
           IFacq |-> 4,
           IFrel |-> 5,
           IDacq |-> 5,
           IDrel |-> 7,
           FUacq |-> 9,
           FUrel |-> 10,
           COM |-> 0,
           ROB |-> 6,
           RS |-> 6,
           FU |-> 1 ],
         [ ind |-> 5700,
           addr |-> "0x105c4",
           IFacq |-> 4,
           IFrel |-> 5,
           IDacq |-> 5,
           IDrel |-> 7,
           FUacq |-> 0,
           FUrel |-> 0,
           COM |-> 0,
           ROB |-> 6,
           RS |-> 6,
           FU |-> 0 ],
         [ ind |-> 5701,
           addr |-> "0x105c8",
           IFacq |-> 4,
           IFrel |-> 5,
           IDacq |-> 5,
           IDrel |-> 7,
           FUacq |-> 0,
           FUrel |-> 0,
           COM |-> 0,
           ROB |-> 6,
           RS |-> 6,
           FU |-> 0 ],
         [ ind |-> 5702,
           addr |-> "0x105cc",
           IFacq |-> 4,
           IFrel |-> 5,
           IDacq |-> 5,
           IDrel |-> 7,
           FUacq |-> 0,
           FUrel |-> 0,
           COM |-> 0,
           ROB |-> 6,
           RS |-> 6,
           FU |-> 0 ],
         [ ind |-> 5703,
           addr |-> "0x105d0",
           IFacq |-> 5,
           IFrel |-> 6,
           IDacq |-> 7,
           IDrel |-> 10,
           FUacq |-> 0,
           FUrel |-> 0,
           COM |-> 0,
           ROB |-> 9,
           RS |-> 9,
           FU |-> 0 ],
         [ ind |-> 5704,
           addr |-> "0x10502",
           IFacq |-> 5,
           IFrel |-> 6,
           IDacq |-> 7,
           IDrel |-> 10,
           FUacq |-> 10,
           FUrel |-> 11,
           COM |-> 0,
           ROB |-> 9,
           RS |-> 9,
           FU |-> 1 ],
         [ ind |-> 5705,
           addr |-> "0x10504",
           IFacq |-> 5,
           IFrel |-> 6,
           IDacq |-> 7,
           IDrel |-> 10,
           FUacq |-> 0,
           FUrel |-> 0,
           COM |-> 0,
           ROB |-> 9,
           RS |-> 9,
           FU |-> 0 ],
         [ ind |-> 5706,
           addr |-> "0x10508",
           IFacq |-> 5,
           IFrel |-> 6,
           IDacq |-> 7,
           IDrel |-> 10,
           FUacq |-> 0,
           FUrel |-> 0,
           COM |-> 0,
           ROB |-> 9,
           RS |-> 9,
           FU |-> 0 ],
         [ ind |-> 5707,
           addr |-> "0x1050c",
           IFacq |-> 7,
           IFrel |-> 8,
           IDacq |-> 10,
           IDrel |-> 0,
           FUacq |-> 0,
           FUrel |-> 0,
           COM |-> 0,
           ROB |-> 0,
           RS |-> 16,
           FU |-> 0 ],
         [ ind |-> 5708,
           addr |-> "0x1059e",
           IFacq |-> 7,
           IFrel |-> 8,
           IDacq |-> 10,
           IDrel |-> 0,
           FUacq |-> 0,
           FUrel |-> 0,
           COM |-> 0,
           ROB |-> 0,
           RS |-> 16,
           FU |-> 0 ],
         [ ind |-> 5709,
           addr |-> "0x105a2",
           IFacq |-> 7,
           IFrel |-> 8,
           IDacq |-> 10,
           IDrel |-> 0,
           FUacq |-> 0,
           FUrel |-> 0,
           COM |-> 0,
           ROB |-> 0,
           RS |-> 16,
           FU |-> 0 ],
         [ ind |-> 5710,
           addr |-> "0x105a6",
           IFacq |-> 7,
           IFrel |-> 8,
           IDacq |-> 10,
           IDrel |-> 0,
           FUacq |-> 0,
           FUrel |-> 0,
           COM |-> 0,
           ROB |-> 0,
           RS |-> 16,
           FU |-> 0 ],
         [ ind |-> 5711,
           addr |-> "0x105aa",
           IFacq |-> 10,
           IFrel |-> 11,
           IDacq |-> 0,
           IDrel |-> 0,
           FUacq |-> 0,
           FUrel |-> 0,
           COM |-> 0,
           ROB |-> 0,
           RS |-> 0,
           FU |-> 0 ],
         [ ind |-> 5712,
           addr |-> "0x1050e",
           IFacq |-> 10,
           IFrel |-> 11,
           IDacq |-> 0,
           IDrel |-> 0,
           FUacq |-> 0,
           FUrel |-> 0,
           COM |-> 0,
           ROB |-> 0,
           RS |-> 0,
           FU |-> 0 ],
         [ ind |-> 5713,
           addr |-> "0x10512",
           IFacq |-> 10,
           IFrel |-> 11,
           IDacq |-> 0,
           IDrel |-> 0,
           FUacq |-> 0,
           FUrel |-> 0,
           COM |-> 0,
           ROB |-> 0,
           RS |-> 0,
           FU |-> 0 ],
         [ ind |-> 5714,
           addr |-> "0x10516",
           IFacq |-> 10,
           IFrel |-> 11,
           IDacq |-> 0,
           IDrel |-> 0,
           FUacq |-> 0,
           FUrel |-> 0,
           COM |-> 0,
           ROB |-> 0,
           RS |-> 0,
           FU |-> 0 ] >>,
  edges |->
      { [type |-> "D", source |-> 5687, dest |-> 5690],
        [type |-> "D", source |-> 5693, dest |-> 5695] } ]
/\ pc2 = 28
/\ robHead = 24
/\ rob = << [ instr |->
         [ ind |-> 5687,
           type |-> "IntAlu",
           r0 |-> "sp",
           r1 |-> "",
           r2 |-> "",
           addr |-> "0x105e2" ],
     executed |-> TRUE,
     done |-> TRUE ],
   [ instr |->
         [ ind |-> 5688,
           type |-> "MemWrite",
           r0 |-> "ra",
           r1 |-> "",
           r2 |-> "",
           addr |-> "0x105e4" ],
     executed |-> TRUE,
     done |-> TRUE ],
   [ instr |->
         [ ind |-> 5689,
           type |-> "MemWrite",
           r0 |-> "s0",
           r1 |-> "",
           r2 |-> "",
           addr |-> "0x105e6" ],
     executed |-> TRUE,
     done |-> TRUE ],
   [ instr |->
         [ ind |-> 5690,
           type |-> "IntAlu",
           r0 |-> "s0",
           r1 |-> "sp",
           r2 |-> "",
           addr |-> "0x105e8" ],
     executed |-> TRUE,
     done |-> TRUE ],
   [ instr |->
         [ ind |-> 5691,
           type |-> "IntAlu",
           r0 |-> "a0",
           r1 |-> "gp",
           r2 |-> "",
           addr |-> "0x105ea" ],
     executed |-> TRUE,
     done |-> TRUE ],
   [ instr |->
         [ ind |-> 5692,
           type |-> "IntAlu",
           r0 |-> "ra",
           r1 |-> "",
           r2 |-> "",
           addr |-> "0x105ee" ],
     executed |-> TRUE,
     done |-> TRUE ],
   [ instr |->
         [ ind |-> 5693,
           type |-> "IntAlu",
           r0 |-> "sp",
           r1 |-> "",
           r2 |-> "",
           addr |-> "0x104ee" ],
     executed |-> TRUE,
     done |-> TRUE ],
   [ instr |->
         [ ind |-> 5694,
           type |-> "MemWrite",
           r0 |-> "s0",
           r1 |-> "",
           r2 |-> "",
           addr |-> "0x104f0" ],
     executed |-> TRUE,
     done |-> TRUE ],
   [ instr |->
         [ ind |-> 5695,
           type |-> "IntAlu",
           r0 |-> "s0",
           r1 |-> "sp",
           r2 |-> "",
           addr |-> "0x104f2" ],
     executed |-> TRUE,
     done |-> TRUE ],
   [ instr |->
         [ ind |-> 5696,
           type |-> "MemWrite",
           r0 |-> "a0",
           r1 |-> "",
           r2 |-> "",
           addr |-> "0x104f4" ],
     executed |-> TRUE,
     done |-> TRUE ],
   [ instr |->
         [ ind |-> 5697,
           type |-> "MemWrite",
           r0 |-> "zero",
           r1 |-> "",
           r2 |-> "",
           addr |-> "0x104f8" ],
     executed |-> TRUE,
     done |-> TRUE ],
   [ instr |->
         [ ind |-> 5698,
           type |-> "MemWrite",
           r0 |-> "zero",
           r1 |-> "",
           r2 |-> "",
           addr |-> "0x104fc" ],
     executed |-> TRUE,
     done |-> TRUE ],
   [ instr |->
         [ ind |-> 5699,
           type |-> "IntAlu",
           r0 |-> "",
           r1 |-> "",
           r2 |-> "",
           addr |-> "0x10500" ],
     executed |-> TRUE,
     done |-> TRUE ],
   [ instr |->
         [ ind |-> 5700,
           type |-> "MemRead",
           r0 |-> "a5",
           r1 |-> "",
           r2 |-> "",
           addr |-> "0x105c4" ],
     executed |-> TRUE,
     done |-> TRUE ],
   [ instr |->
         [ ind |-> 5701,
           type |-> "IntAlu",
           r0 |-> "a4",
           r1 |-> "a5",
           r2 |-> "",
           addr |-> "0x105c8" ],
     executed |-> TRUE,
     done |-> TRUE ],
   [ instr |->
         [ ind |-> 5702,
           type |-> "IntAlu",
           r0 |-> "a5",
           r1 |-> "zero",
           r2 |-> "",
           addr |-> "0x105cc" ],
     executed |-> TRUE,
     done |-> TRUE ],
   [ instr |->
         [ ind |-> 5703,
           type |-> "IntAlu",
           r0 |-> "a5",
           r1 |-> "a4",
           r2 |-> "",
           addr |-> "0x105d0" ],
     executed |-> TRUE,
     done |-> TRUE ],
   [ instr |->
         [ ind |-> 5704,
           type |-> "IntAlu",
           r0 |-> "a5",
           r1 |-> "",
           r2 |-> "",
           addr |-> "0x10502" ],
     executed |-> TRUE,
     done |-> TRUE ],
   [ instr |->
         [ ind |-> 5705,
           type |-> "MemWrite",
           r0 |-> "a5",
           r1 |-> "",
           r2 |-> "",
           addr |-> "0x10504" ],
     executed |-> TRUE,
     done |-> TRUE ],
   [ instr |->
         [ ind |-> 5706,
           type |-> "MemWrite",
           r0 |-> "zero",
           r1 |-> "",
           r2 |-> "",
           addr |-> "0x10508" ],
     executed |-> TRUE,
     done |-> TRUE ],
   [ instr |->
         [ ind |-> 5707,
           type |-> "IntAlu",
           r0 |-> "",
           r1 |-> "",
           r2 |-> "",
           addr |-> "0x1050c" ],
     executed |-> TRUE,
     done |-> TRUE ],
   [ instr |->
         [ ind |-> 5708,
           type |-> "MemRead",
           r0 |-> "a5",
           r1 |-> "",
           r2 |-> "",
           addr |-> "0x1059e" ],
     executed |-> TRUE,
     done |-> TRUE ],
   [ instr |->
         [ ind |-> 5709,
           type |-> "IntAlu",
           r0 |-> "a4",
           r1 |-> "a5",
           r2 |-> "",
           addr |-> "0x105a2" ],
     executed |-> TRUE,
     done |-> TRUE ],
   [ instr |->
         [ ind |-> 5710,
           type |-> "IntAlu",
           r0 |-> "a5",
           r1 |-> "zero",
           r2 |-> "",
           addr |-> "0x105a6" ],
     executed |-> TRUE,
     done |-> FALSE ],
   [ instr |->
         [ ind |-> 5711,
           type |-> "IntAlu",
           r0 |-> "a5",
           r1 |-> "a4",
           r2 |-> "",
           addr |-> "0x105aa" ],
     executed |-> FALSE,
     done |-> FALSE ],
   [ instr |->
         [ ind |-> 5712,
           type |-> "IntAlu",
           r0 |-> "a4",
           r1 |-> "zero",
           r2 |-> "",
           addr |-> "0x1050e" ],
     executed |-> FALSE,
     done |-> FALSE ],
   [ instr |->
         [ ind |-> 5713,
           type |-> "MemRead",
           r0 |-> "a5",
           r1 |-> "",
           r2 |-> "",
           addr |-> "0x10512" ],
     executed |-> TRUE,
     done |-> FALSE ],
   [ instr |->
         [ ind |-> 5714,
           type |-> "IntAlu",
           r0 |-> "a5",
           r1 |-> "a4",
           r2 |-> "a5",
           addr |-> "0x10516" ],
     executed |-> FALSE,
     done |-> FALSE ],
   [ instr |->
         [ ind |-> 5715,
           type |-> "IntAlu",
           r0 |-> "a4",
           r1 |-> "a5",
           r2 |-> "",
           addr |-> "0x1051a" ],
     executed |-> FALSE,
     done |-> FALSE ],
   [ instr |->
         [ ind |-> 5716,
           type |-> "MemRead",
           r0 |-> "a5",
           r1 |-> "",
           r2 |-> "",
           addr |-> "0x1051e" ],
     executed |-> TRUE,
     done |-> FALSE ],
   [ instr |->
         [ ind |-> 5717,
           type |-> "IntAlu",
           r0 |-> "a5",
           r1 |-> "",
           r2 |-> "",
           addr |-> "0x10522" ],
     executed |-> FALSE,
     done |-> FALSE ],
   [ instr |->
         [ ind |-> 5718,
           type |-> "IntAlu",
           r0 |-> "a4",
           r1 |-> "a5",
           r2 |-> "",
           addr |-> "0x10524" ],
     executed |-> FALSE,
     done |-> FALSE ] >>
/\ _RS = << { [ ind |-> 5712,
       type |-> "IntAlu",
       r0 |-> "a4",
       r1 |-> "zero",
       r2 |-> "",
       addr |-> "0x1050e" ],
     [ ind |-> 5714,
       type |-> "IntAlu",
       r0 |-> "a5",
       r1 |-> "a4",
       r2 |-> "a5",
       addr |-> "0x10516" ],
     [ ind |-> 5715,
       type |-> "IntAlu",
       r0 |-> "a4",
       r1 |-> "a5",
       r2 |-> "",
       addr |-> "0x1051a" ],
     [ ind |-> 5717,
       type |-> "IntAlu",
       r0 |-> "a5",
       r1 |-> "",
       r2 |-> "",
       addr |-> "0x10522" ],
     [ ind |-> 5718,
       type |-> "IntAlu",
       r0 |-> "a4",
       r1 |-> "a5",
       r2 |-> "",
       addr |-> "0x10524" ] },
   {},
   {},
   {},
   {} >>
/\ currCycle = 17
/\ exec_inst = 1
/\ robHead2 = 12
/\ pc = 40
/\ cpt = 0
/\ rob2 = << [ instr |->
         [ ind |-> 5687,
           type |-> "IntAlu",
           r0 |-> "sp",
           r1 |-> "",
           r2 |-> "",
           addr |-> "0x105e2" ],
     executed |-> TRUE,
     done |-> TRUE ],
   [ instr |->
         [ ind |-> 5688,
           type |-> "MemWrite",
           r0 |-> "ra",
           r1 |-> "",
           r2 |-> "",
           addr |-> "0x105e4" ],
     executed |-> TRUE,
     done |-> TRUE ],
   [ instr |->
         [ ind |-> 5689,
           type |-> "MemWrite",
           r0 |-> "s0",
           r1 |-> "",
           r2 |-> "",
           addr |-> "0x105e6" ],
     executed |-> TRUE,
     done |-> TRUE ],
   [ instr |->
         [ ind |-> 5690,
           type |-> "IntAlu",
           r0 |-> "s0",
           r1 |-> "sp",
           r2 |-> "",
           addr |-> "0x105e8" ],
     executed |-> TRUE,
     done |-> TRUE ],
   [ instr |->
         [ ind |-> 5691,
           type |-> "IntAlu",
           r0 |-> "a0",
           r1 |-> "gp",
           r2 |-> "",
           addr |-> "0x105ea" ],
     executed |-> TRUE,
     done |-> TRUE ],
   [ instr |->
         [ ind |-> 5692,
           type |-> "IntAlu",
           r0 |-> "ra",
           r1 |-> "",
           r2 |-> "",
           addr |-> "0x105ee" ],
     executed |-> TRUE,
     done |-> TRUE ],
   [ instr |->
         [ ind |-> 5693,
           type |-> "IntAlu",
           r0 |-> "sp",
           r1 |-> "",
           r2 |-> "",
           addr |-> "0x104ee" ],
     executed |-> TRUE,
     done |-> TRUE ],
   [ instr |->
         [ ind |-> 5694,
           type |-> "MemWrite",
           r0 |-> "s0",
           r1 |-> "",
           r2 |-> "",
           addr |-> "0x104f0" ],
     executed |-> TRUE,
     done |-> TRUE ],
   [ instr |->
         [ ind |-> 5695,
           type |-> "IntAlu",
           r0 |-> "s0",
           r1 |-> "sp",
           r2 |-> "",
           addr |-> "0x104f2" ],
     executed |-> TRUE,
     done |-> TRUE ],
   [ instr |->
         [ ind |-> 5696,
           type |-> "MemWrite",
           r0 |-> "a0",
           r1 |-> "",
           r2 |-> "",
           addr |-> "0x104f4" ],
     executed |-> TRUE,
     done |-> TRUE ],
   [ instr |->
         [ ind |-> 5697,
           type |-> "MemWrite",
           r0 |-> "zero",
           r1 |-> "",
           r2 |-> "",
           addr |-> "0x104f8" ],
     executed |-> TRUE,
     done |-> TRUE ],
   [ instr |->
         [ ind |-> 5698,
           type |-> "MemWrite",
           r0 |-> "zero",
           r1 |-> "",
           r2 |-> "",
           addr |-> "0x104fc" ],
     executed |-> FALSE,
     done |-> FALSE ],
   [ instr |->
         [ ind |-> 5699,
           type |-> "IntAlu",
           r0 |-> "",
           r1 |-> "",
           r2 |-> "",
           addr |-> "0x10500" ],
     executed |-> TRUE,
     done |-> FALSE ],
   [ instr |->
         [ ind |-> 5700,
           type |-> "MemRead",
           r0 |-> "a5",
           r1 |-> "",
           r2 |-> "",
           addr |-> "0x105c4" ],
     executed |-> FALSE,
     done |-> FALSE ],
   [ instr |->
         [ ind |-> 5701,
           type |-> "IntAlu",
           r0 |-> "a4",
           r1 |-> "a5",
           r2 |-> "",
           addr |-> "0x105c8" ],
     executed |-> FALSE,
     done |-> FALSE ],
   [ instr |->
         [ ind |-> 5702,
           type |-> "IntAlu",
           r0 |-> "a5",
           r1 |-> "zero",
           r2 |-> "",
           addr |-> "0x105cc" ],
     executed |-> FALSE,
     done |-> FALSE ],
   [ instr |->
         [ ind |-> 5703,
           type |-> "IntAlu",
           r0 |-> "a5",
           r1 |-> "a4",
           r2 |-> "",
           addr |-> "0x105d0" ],
     executed |-> FALSE,
     done |-> FALSE ],
   [ instr |->
         [ ind |-> 5704,
           type |-> "IntAlu",
           r0 |-> "a5",
           r1 |-> "",
           r2 |-> "",
           addr |-> "0x10502" ],
     executed |-> TRUE,
     done |-> FALSE ],
   [ instr |->
         [ ind |-> 5705,
           type |-> "MemWrite",
           r0 |-> "a5",
           r1 |-> "",
           r2 |-> "",
           addr |-> "0x10504" ],
     executed |-> FALSE,
     done |-> FALSE ],
   [ instr |->
         [ ind |-> 5706,
           type |-> "MemWrite",
           r0 |-> "zero",
           r1 |-> "",
           r2 |-> "",
           addr |-> "0x10508" ],
     executed |-> FALSE,
     done |-> FALSE ] >>
/\ _FU = << [ instr |->
         [ ind |-> 5711,
           type |-> "IntAlu",
           r0 |-> "a5",
           r1 |-> "a4",
           r2 |-> "",
           addr |-> "0x105aa" ],
     baseLat |-> 1,
     currLat |-> 1 ],
   [ instr |->
         [ ind |-> 0,
           type |-> "No_OpClass",
           r0 |-> "",
           r1 |-> "",
           r2 |-> "",
           addr |-> "" ],
     baseLat |-> 1,
     currLat |-> 1 ],
   [ instr |->
         [ ind |-> 0,
           type |-> "No_OpClass",
           r0 |-> "",
           r1 |-> "",
           r2 |-> "",
           addr |-> "" ],
     baseLat |-> 1,
     currLat |-> 1 ],
   [ instr |->
         [ ind |-> 0,
           type |-> "No_OpClass",
           r0 |-> "",
           r1 |-> "",
           r2 |-> "",
           addr |-> "" ],
     baseLat |-> 1,
     currLat |-> 1 ],
   [ instr |->
         [ ind |-> 0,
           type |-> "No_OpClass",
           r0 |-> "",
           r1 |-> "",
           r2 |-> "",
           addr |-> "" ],
     baseLat |-> 1,
     currLat |-> 1 ] >>

@!@!@ENDMSG 2217 @!@!@
@!@!@STARTMSG 2217:4 @!@!@
19: <Next line 60, col 9 to line 65, col 35 of module pipeline_ooo>
/\ _RS2 = << { [ ind |-> 5701,
       type |-> "IntAlu",
       r0 |-> "a4",
       r1 |-> "a5",
       r2 |-> "",
       addr |-> "0x105c8" ],
     [ ind |-> 5703,
       type |-> "IntAlu",
       r0 |-> "a5",
       r1 |-> "a4",
       r2 |-> "",
       addr |-> "0x105d0" ] },
   { [ ind |-> 5705,
       type |-> "MemWrite",
       r0 |-> "a5",
       r1 |-> "",
       r2 |-> "",
       addr |-> "0x10504" ],
     [ ind |-> 5706,
       type |-> "MemWrite",
       r0 |-> "zero",
       r1 |-> "",
       r2 |-> "",
       addr |-> "0x10508" ] },
   {},
   {},
   {} >>
/\ _COM2 = << [ ind |-> 5698,
     type |-> "MemWrite",
     r0 |-> "zero",
     r1 |-> "",
     r2 |-> "",
     addr |-> "0x104fc" ],
   [ ind |-> 5699,
     type |-> "IntAlu",
     r0 |-> "",
     r1 |-> "",
     r2 |-> "",
     addr |-> "0x10500" ],
   [ ind |-> 0,
     type |-> "No_OpClass",
     r0 |-> "",
     r1 |-> "",
     r2 |-> "",
     addr |-> "" ],
   [ ind |-> 0,
     type |-> "No_OpClass",
     r0 |-> "",
     r1 |-> "",
     r2 |-> "",
     addr |-> "" ] >>
/\ _ID = << [ ind |-> 5719,
     type |-> "MemRead",
     r0 |-> "a5",
     r1 |-> "",
     r2 |-> "",
     addr |-> "0x10528" ],
   [ ind |-> 5720,
     type |-> "IntAlu",
     r0 |-> "a5",
     r1 |-> "",
     r2 |-> "",
     addr |-> "0x1052c" ],
   [ ind |-> 5721,
     type |-> "MemRead",
     r0 |-> "a4",
     r1 |-> "",
     r2 |-> "",
     addr |-> "0x1052e" ],
   [ ind |-> 5722,
     type |-> "IntAlu",
     r0 |-> "a5",
     r1 |-> "a4",
     r2 |-> "",
     addr |-> "0x10532" ] >>
/\ _IF = << [ instr |->
         [ ind |-> 5723,
           type |-> "MemRead",
           r0 |-> "a3",
           r1 |-> "",
           r2 |-> "",
           addr |-> "0x10534" ],
     baseLat |-> 1,
     currLat |-> 3 ],
   [ instr |->
         [ ind |-> 5724,
           type |-> "MemRead",
           r0 |-> "a5",
           r1 |-> "",
           r2 |-> "",
           addr |-> "0x10536" ],
     baseLat |-> 1,
     currLat |-> 3 ],
   [ instr |->
         [ ind |-> 5725,
           type |-> "IntAlu",
           r0 |-> "a5",
           r1 |-> "",
           r2 |-> "",
           addr |-> "0x1053a" ],
     baseLat |-> 1,
     currLat |-> 3 ],
   [ instr |->
         [ ind |-> 5726,
           type |-> "IntAlu",
           r0 |-> "a5",
           r1 |-> "",
           r2 |-> "",
           addr |-> "0x1053c" ],
     baseLat |-> 1,
     currLat |-> 3 ] >>
/\ _FU2 = << [ instr |->
         [ ind |-> 5702,
           type |-> "IntAlu",
           r0 |-> "a5",
           r1 |-> "zero",
           r2 |-> "",
           addr |-> "0x105cc" ],
     baseLat |-> 1,
     currLat |-> 1 ],
   [ instr |->
         [ ind |-> 5700,
           type |-> "MemRead",
           r0 |-> "a5",
           r1 |-> "",
           r2 |-> "",
           addr |-> "0x105c4" ],
     baseLat |-> 1,
     currLat |-> 1 ],
   [ instr |->
         [ ind |-> 0,
           type |-> "No_OpClass",
           r0 |-> "",
           r1 |-> "",
           r2 |-> "",
           addr |-> "" ],
     baseLat |-> 1,
     currLat |-> 1 ],
   [ instr |->
         [ ind |-> 0,
           type |-> "No_OpClass",
           r0 |-> "",
           r1 |-> "",
           r2 |-> "",
           addr |-> "" ],
     baseLat |-> 1,
     currLat |-> 1 ],
   [ instr |->
         [ ind |-> 0,
           type |-> "No_OpClass",
           r0 |-> "",
           r1 |-> "",
           r2 |-> "",
           addr |-> "" ],
     baseLat |-> 1,
     currLat |-> 1 ] >>
/\ _COM = << [ ind |-> 5711,
     type |-> "IntAlu",
     r0 |-> "a5",
     r1 |-> "a4",
     r2 |-> "",
     addr |-> "0x105aa" ],
   [ ind |-> 0,
     type |-> "No_OpClass",
     r0 |-> "",
     r1 |-> "",
     r2 |-> "",
     addr |-> "" ],
   [ ind |-> 0,
     type |-> "No_OpClass",
     r0 |-> "",
     r1 |-> "",
     r2 |-> "",
     addr |-> "" ],
   [ ind |-> 0,
     type |-> "No_OpClass",
     r0 |-> "",
     r1 |-> "",
     r2 |-> "",
     addr |-> "" ] >>
/\ exec_inst2 = 2
/\ _ID2 = << [ ind |-> 5707,
     type |-> "IntAlu",
     r0 |-> "",
     r1 |-> "",
     r2 |-> "",
     addr |-> "0x1050c" ],
   [ ind |-> 5708,
     type |-> "MemRead",
     r0 |-> "a5",
     r1 |-> "",
     r2 |-> "",
     addr |-> "0x1059e" ],
   [ ind |-> 5709,
     type |-> "IntAlu",
     r0 |-> "a4",
     r1 |-> "a5",
     r2 |-> "",
     addr |-> "0x105a2" ],
   [ ind |-> 5710,
     type |-> "IntAlu",
     r0 |-> "a5",
     r1 |-> "zero",
     r2 |-> "",
     addr |-> "0x105a6" ] >>
/\ graph = [ nodes |->
      << [ ind |-> 5687,
           addr |-> "0x105e2",
           IFacq |-> 1,
           IFrel |-> 2,
           IDacq |-> 2,
           IDrel |-> 3,
           FUacq |-> 3,
           FUrel |-> 4,
           COM |-> 4,
           ROB |-> 2,
           RS |-> 2,
           FU |-> 1 ],
         [ ind |-> 5688,
           addr |-> "0x105e4",
           IFacq |-> 1,
           IFrel |-> 2,
           IDacq |-> 2,
           IDrel |-> 3,
           FUacq |-> 3,
           FUrel |-> 4,
           COM |-> 4,
           ROB |-> 2,
           RS |-> 2,
           FU |-> 2 ],
         [ ind |-> 5689,
           addr |-> "0x105e6",
           IFacq |-> 1,
           IFrel |-> 2,
           IDacq |-> 2,
           IDrel |-> 3,
           FUacq |-> 4,
           FUrel |-> 5,
           COM |-> 5,
           ROB |-> 2,
           RS |-> 2,
           FU |-> 2 ],
         [ ind |-> 5690,
           addr |-> "0x105e8",
           IFacq |-> 1,
           IFrel |-> 2,
           IDacq |-> 2,
           IDrel |-> 3,
           FUacq |-> 4,
           FUrel |-> 5,
           COM |-> 5,
           ROB |-> 2,
           RS |-> 2,
           FU |-> 1 ],
         [ ind |-> 5691,
           addr |-> "0x105ea",
           IFacq |-> 2,
           IFrel |-> 3,
           IDacq |-> 3,
           IDrel |-> 4,
           FUacq |-> 5,
           FUrel |-> 6,
           COM |-> 6,
           ROB |-> 3,
           RS |-> 3,
           FU |-> 1 ],
         [ ind |-> 5692,
           addr |-> "0x105ee",
           IFacq |-> 2,
           IFrel |-> 3,
           IDacq |-> 3,
           IDrel |-> 4,
           FUacq |-> 6,
           FUrel |-> 7,
           COM |-> 7,
           ROB |-> 3,
           RS |-> 3,
           FU |-> 1 ],
         [ ind |-> 5693,
           addr |-> "0x104ee",
           IFacq |-> 2,
           IFrel |-> 3,
           IDacq |-> 3,
           IDrel |-> 4,
           FUacq |-> 7,
           FUrel |-> 8,
           COM |-> 8,
           ROB |-> 3,
           RS |-> 3,
           FU |-> 1 ],
         [ ind |-> 5694,
           addr |-> "0x104f0",
           IFacq |-> 2,
           IFrel |-> 3,
           IDacq |-> 3,
           IDrel |-> 4,
           FUacq |-> 5,
           FUrel |-> 6,
           COM |-> 8,
           ROB |-> 3,
           RS |-> 3,
           FU |-> 2 ],
         [ ind |-> 5695,
           addr |-> "0x104f2",
           IFacq |-> 3,
           IFrel |-> 4,
           IDacq |-> 4,
           IDrel |-> 5,
           FUacq |-> 8,
           FUrel |-> 9,
           COM |-> 9,
           ROB |-> 4,
           RS |-> 4,
           FU |-> 1 ],
         [ ind |-> 5696,
           addr |-> "0x104f4",
           IFacq |-> 3,
           IFrel |-> 4,
           IDacq |-> 4,
           IDrel |-> 5,
           FUacq |-> 6,
           FUrel |-> 7,
           COM |-> 9,
           ROB |-> 4,
           RS |-> 4,
           FU |-> 2 ],
         [ ind |-> 5697,
           addr |-> "0x104f8",
           IFacq |-> 3,
           IFrel |-> 4,
           IDacq |-> 4,
           IDrel |-> 5,
           FUacq |-> 7,
           FUrel |-> 8,
           COM |-> 9,
           ROB |-> 4,
           RS |-> 4,
           FU |-> 2 ],
         [ ind |-> 5698,
           addr |-> "0x104fc",
           IFacq |-> 3,
           IFrel |-> 4,
           IDacq |-> 4,
           IDrel |-> 5,
           FUacq |-> 8,
           FUrel |-> 9,
           COM |-> 9,
           ROB |-> 4,
           RS |-> 4,
           FU |-> 2 ],
         [ ind |-> 5699,
           addr |-> "0x10500",
           IFacq |-> 4,
           IFrel |-> 5,
           IDacq |-> 5,
           IDrel |-> 7,
           FUacq |-> 9,
           FUrel |-> 10,
           COM |-> 10,
           ROB |-> 6,
           RS |-> 6,
           FU |-> 1 ],
         [ ind |-> 5700,
           addr |-> "0x105c4",
           IFacq |-> 4,
           IFrel |-> 5,
           IDacq |-> 5,
           IDrel |-> 7,
           FUacq |-> 9,
           FUrel |-> 10,
           COM |-> 10,
           ROB |-> 6,
           RS |-> 6,
           FU |-> 2 ],
         [ ind |-> 5701,
           addr |-> "0x105c8",
           IFacq |-> 4,
           IFrel |-> 5,
           IDacq |-> 5,
           IDrel |-> 7,
           FUacq |-> 10,
           FUrel |-> 11,
           COM |-> 11,
           ROB |-> 6,
           RS |-> 6,
           FU |-> 1 ],
         [ ind |-> 5702,
           addr |-> "0x105cc",
           IFacq |-> 4,
           IFrel |-> 5,
           IDacq |-> 5,
           IDrel |-> 7,
           FUacq |-> 11,
           FUrel |-> 12,
           COM |-> 12,
           ROB |-> 6,
           RS |-> 6,
           FU |-> 1 ],
         [ ind |-> 5703,
           addr |-> "0x105d0",
           IFacq |-> 5,
           IFrel |-> 6,
           IDacq |-> 7,
           IDrel |-> 10,
           FUacq |-> 12,
           FUrel |-> 13,
           COM |-> 13,
           ROB |-> 9,
           RS |-> 9,
           FU |-> 1 ],
         [ ind |-> 5704,
           addr |-> "0x10502",
           IFacq |-> 5,
           IFrel |-> 6,
           IDacq |-> 7,
           IDrel |-> 10,
           FUacq |-> 13,
           FUrel |-> 14,
           COM |-> 14,
           ROB |-> 9,
           RS |-> 9,
           FU |-> 1 ],
         [ ind |-> 5705,
           addr |-> "0x10504",
           IFacq |-> 5,
           IFrel |-> 6,
           IDacq |-> 7,
           IDrel |-> 10,
           FUacq |-> 10,
           FUrel |-> 11,
           COM |-> 14,
           ROB |-> 9,
           RS |-> 9,
           FU |-> 2 ],
         [ ind |-> 5706,
           addr |-> "0x10508",
           IFacq |-> 5,
           IFrel |-> 6,
           IDacq |-> 7,
           IDrel |-> 10,
           FUacq |-> 11,
           FUrel |-> 12,
           COM |-> 14,
           ROB |-> 9,
           RS |-> 9,
           FU |-> 2 ],
         [ ind |-> 5707,
           addr |-> "0x1050c",
           IFacq |-> 7,
           IFrel |-> 8,
           IDacq |-> 10,
           IDrel |-> 11,
           FUacq |-> 14,
           FUrel |-> 15,
           COM |-> 15,
           ROB |-> 10,
           RS |-> 10,
           FU |-> 1 ],
         [ ind |-> 5708,
           addr |-> "0x1059e",
           IFacq |-> 7,
           IFrel |-> 8,
           IDacq |-> 10,
           IDrel |-> 11,
           FUacq |-> 12,
           FUrel |-> 13,
           COM |-> 15,
           ROB |-> 10,
           RS |-> 10,
           FU |-> 2 ],
         [ ind |-> 5709,
           addr |-> "0x105a2",
           IFacq |-> 7,
           IFrel |-> 8,
           IDacq |-> 10,
           IDrel |-> 11,
           FUacq |-> 15,
           FUrel |-> 16,
           COM |-> 16,
           ROB |-> 10,
           RS |-> 10,
           FU |-> 1 ],
         [ ind |-> 5710,
           addr |-> "0x105a6",
           IFacq |-> 7,
           IFrel |-> 8,
           IDacq |-> 10,
           IDrel |-> 11,
           FUacq |-> 16,
           FUrel |-> 17,
           COM |-> 17,
           ROB |-> 10,
           RS |-> 10,
           FU |-> 1 ],
         [ ind |-> 5711,
           addr |-> "0x105aa",
           IFacq |-> 10,
           IFrel |-> 11,
           IDacq |-> 11,
           IDrel |-> 14,
           FUacq |-> 17,
           FUrel |-> 18,
           COM |-> 0,
           ROB |-> 13,
           RS |-> 13,
           FU |-> 1 ],
         [ ind |-> 5712,
           addr |-> "0x1050e",
           IFacq |-> 10,
           IFrel |-> 11,
           IDacq |-> 11,
           IDrel |-> 14,
           FUacq |-> 0,
           FUrel |-> 0,
           COM |-> 0,
           ROB |-> 13,
           RS |-> 13,
           FU |-> 0 ],
         [ ind |-> 5713,
           addr |-> "0x10512",
           IFacq |-> 10,
           IFrel |-> 11,
           IDacq |-> 11,
           IDrel |-> 14,
           FUacq |-> 14,
           FUrel |-> 15,
           COM |-> 0,
           ROB |-> 13,
           RS |-> 13,
           FU |-> 2 ],
         [ ind |-> 5714,
           addr |-> "0x10516",
           IFacq |-> 10,
           IFrel |-> 11,
           IDacq |-> 11,
           IDrel |-> 14,
           FUacq |-> 0,
           FUrel |-> 0,
           COM |-> 0,
           ROB |-> 13,
           RS |-> 13,
           FU |-> 0 ],
         [ ind |-> 5715,
           addr |-> "0x1051a",
           IFacq |-> 11,
           IFrel |-> 12,
           IDacq |-> 14,
           IDrel |-> 16,
           FUacq |-> 0,
           FUrel |-> 0,
           COM |-> 0,
           ROB |-> 15,
           RS |-> 15,
           FU |-> 0 ],
         [ ind |-> 5716,
           addr |-> "0x1051e",
           IFacq |-> 11,
           IFrel |-> 12,
           IDacq |-> 14,
           IDrel |-> 16,
           FUacq |-> 16,
           FUrel |-> 17,
           COM |-> 0,
           ROB |-> 15,
           RS |-> 15,
           FU |-> 2 ],
         [ ind |-> 5717,
           addr |-> "0x10522",
           IFacq |-> 11,
           IFrel |-> 12,
           IDacq |-> 14,
           IDrel |-> 16,
           FUacq |-> 0,
           FUrel |-> 0,
           COM |-> 0,
           ROB |-> 15,
           RS |-> 15,
           FU |-> 0 ],
         [ ind |-> 5718,
           addr |-> "0x10524",
           IFacq |-> 11,
           IFrel |-> 12,
           IDacq |-> 14,
           IDrel |-> 16,
           FUacq |-> 0,
           FUrel |-> 0,
           COM |-> 0,
           ROB |-> 15,
           RS |-> 15,
           FU |-> 0 ],
         [ ind |-> 5719,
           addr |-> "0x10528",
           IFacq |-> 14,
           IFrel |-> 15,
           IDacq |-> 16,
           IDrel |-> 0,
           FUacq |-> 0,
           FUrel |-> 0,
           COM |-> 0,
           ROB |-> 0,
           RS |-> 17,
           FU |-> 0 ],
         [ ind |-> 5720,
           addr |-> "0x1052c",
           IFacq |-> 14,
           IFrel |-> 15,
           IDacq |-> 16,
           IDrel |-> 0,
           FUacq |-> 0,
           FUrel |-> 0,
           COM |-> 0,
           ROB |-> 0,
           RS |-> 17,
           FU |-> 0 ],
         [ ind |-> 5721,
           addr |-> "0x1052e",
           IFacq |-> 14,
           IFrel |-> 15,
           IDacq |-> 16,
           IDrel |-> 0,
           FUacq |-> 0,
           FUrel |-> 0,
           COM |-> 0,
           ROB |-> 0,
           RS |-> 17,
           FU |-> 0 ],
         [ ind |-> 5722,
           addr |-> "0x10532",
           IFacq |-> 14,
           IFrel |-> 15,
           IDacq |-> 16,
           IDrel |-> 0,
           FUacq |-> 0,
           FUrel |-> 0,
           COM |-> 0,
           ROB |-> 0,
           RS |-> 17,
           FU |-> 0 ],
         [ ind |-> 5723,
           addr |-> "0x10534",
           IFacq |-> 16,
           IFrel |-> 17,
           IDacq |-> 0,
           IDrel |-> 0,
           FUacq |-> 0,
           FUrel |-> 0,
           COM |-> 0,
           ROB |-> 0,
           RS |-> 0,
           FU |-> 0 ],
         [ ind |-> 5724,
           addr |-> "0x10536",
           IFacq |-> 16,
           IFrel |-> 17,
           IDacq |-> 0,
           IDrel |-> 0,
           FUacq |-> 0,
           FUrel |-> 0,
           COM |-> 0,
           ROB |-> 0,
           RS |-> 0,
           FU |-> 0 ],
         [ ind |-> 5725,
           addr |-> "0x1053a",
           IFacq |-> 16,
           IFrel |-> 17,
           IDacq |-> 0,
           IDrel |-> 0,
           FUacq |-> 0,
           FUrel |-> 0,
           COM |-> 0,
           ROB |-> 0,
           RS |-> 0,
           FU |-> 0 ],
         [ ind |-> 5726,
           addr |-> "0x1053c",
           IFacq |-> 16,
           IFrel |-> 17,
           IDacq |-> 0,
           IDrel |-> 0,
           FUacq |-> 0,
           FUrel |-> 0,
           COM |-> 0,
           ROB |-> 0,
           RS |-> 0,
           FU |-> 0 ] >>,
  edges |->
      { [type |-> "D", source |-> 5687, dest |-> 5690],
        [type |-> "D", source |-> 5693, dest |-> 5695],
        [type |-> "D", source |-> 5700, dest |-> 5701],
        [type |-> "D", source |-> 5708, dest |-> 5709] } ]
/\ currCycle2 = 18
/\ _IF2 = << [ instr |->
         [ ind |-> 5711,
           type |-> "IntAlu",
           r0 |-> "a5",
           r1 |-> "a4",
           r2 |-> "",
           addr |-> "0x105aa" ],
     baseLat |-> 1,
     currLat |-> 9 ],
   [ instr |->
         [ ind |-> 5712,
           type |-> "IntAlu",
           r0 |-> "a4",
           r1 |-> "zero",
           r2 |-> "",
           addr |-> "0x1050e" ],
     baseLat |-> 1,
     currLat |-> 9 ],
   [ instr |->
         [ ind |-> 5713,
           type |-> "MemRead",
           r0 |-> "a5",
           r1 |-> "",
           r2 |-> "",
           addr |-> "0x10512" ],
     baseLat |-> 1,
     currLat |-> 9 ],
   [ instr |->
         [ ind |-> 5714,
           type |-> "IntAlu",
           r0 |-> "a5",
           r1 |-> "a4",
           r2 |-> "a5",
           addr |-> "0x10516" ],
     baseLat |-> 1,
     currLat |-> 9 ] >>
/\ graph2 = [ nodes |->
      << [ ind |-> 5687,
           addr |-> "0x105e2",
           IFacq |-> 1,
           IFrel |-> 2,
           IDacq |-> 2,
           IDrel |-> 3,
           FUacq |-> 3,
           FUrel |-> 4,
           COM |-> 4,
           ROB |-> 2,
           RS |-> 2,
           FU |-> 1 ],
         [ ind |-> 5688,
           addr |-> "0x105e4",
           IFacq |-> 1,
           IFrel |-> 2,
           IDacq |-> 2,
           IDrel |-> 3,
           FUacq |-> 3,
           FUrel |-> 4,
           COM |-> 4,
           ROB |-> 2,
           RS |-> 2,
           FU |-> 2 ],
         [ ind |-> 5689,
           addr |-> "0x105e6",
           IFacq |-> 1,
           IFrel |-> 2,
           IDacq |-> 2,
           IDrel |-> 3,
           FUacq |-> 4,
           FUrel |-> 5,
           COM |-> 5,
           ROB |-> 2,
           RS |-> 2,
           FU |-> 2 ],
         [ ind |-> 5690,
           addr |-> "0x105e8",
           IFacq |-> 1,
           IFrel |-> 2,
           IDacq |-> 2,
           IDrel |-> 3,
           FUacq |-> 4,
           FUrel |-> 5,
           COM |-> 5,
           ROB |-> 2,
           RS |-> 2,
           FU |-> 1 ],
         [ ind |-> 5691,
           addr |-> "0x105ea",
           IFacq |-> 2,
           IFrel |-> 3,
           IDacq |-> 3,
           IDrel |-> 4,
           FUacq |-> 5,
           FUrel |-> 6,
           COM |-> 6,
           ROB |-> 3,
           RS |-> 3,
           FU |-> 1 ],
         [ ind |-> 5692,
           addr |-> "0x105ee",
           IFacq |-> 2,
           IFrel |-> 3,
           IDacq |-> 3,
           IDrel |-> 4,
           FUacq |-> 6,
           FUrel |-> 7,
           COM |-> 7,
           ROB |-> 3,
           RS |-> 3,
           FU |-> 1 ],
         [ ind |-> 5693,
           addr |-> "0x104ee",
           IFacq |-> 2,
           IFrel |-> 3,
           IDacq |-> 3,
           IDrel |-> 4,
           FUacq |-> 7,
           FUrel |-> 8,
           COM |-> 8,
           ROB |-> 3,
           RS |-> 3,
           FU |-> 1 ],
         [ ind |-> 5694,
           addr |-> "0x104f0",
           IFacq |-> 2,
           IFrel |-> 3,
           IDacq |-> 3,
           IDrel |-> 4,
           FUacq |-> 5,
           FUrel |-> 6,
           COM |-> 8,
           ROB |-> 3,
           RS |-> 3,
           FU |-> 2 ],
         [ ind |-> 5695,
           addr |-> "0x104f2",
           IFacq |-> 3,
           IFrel |-> 4,
           IDacq |-> 4,
           IDrel |-> 5,
           FUacq |-> 8,
           FUrel |-> 9,
           COM |-> 9,
           ROB |-> 4,
           RS |-> 4,
           FU |-> 1 ],
         [ ind |-> 5696,
           addr |-> "0x104f4",
           IFacq |-> 3,
           IFrel |-> 4,
           IDacq |-> 4,
           IDrel |-> 5,
           FUacq |-> 6,
           FUrel |-> 7,
           COM |-> 9,
           ROB |-> 4,
           RS |-> 4,
           FU |-> 2 ],
         [ ind |-> 5697,
           addr |-> "0x104f8",
           IFacq |-> 3,
           IFrel |-> 4,
           IDacq |-> 4,
           IDrel |-> 5,
           FUacq |-> 7,
           FUrel |-> 8,
           COM |-> 9,
           ROB |-> 4,
           RS |-> 4,
           FU |-> 2 ],
         [ ind |-> 5698,
           addr |-> "0x104fc",
           IFacq |-> 3,
           IFrel |-> 4,
           IDacq |-> 4,
           IDrel |-> 5,
           FUacq |-> 8,
           FUrel |-> 18,
           COM |-> 0,
           ROB |-> 4,
           RS |-> 4,
           FU |-> 2 ],
         [ ind |-> 5699,
           addr |-> "0x10500",
           IFacq |-> 4,
           IFrel |-> 5,
           IDacq |-> 5,
           IDrel |-> 7,
           FUacq |-> 9,
           FUrel |-> 10,
           COM |-> 0,
           ROB |-> 6,
           RS |-> 6,
           FU |-> 1 ],
         [ ind |-> 5700,
           addr |-> "0x105c4",
           IFacq |-> 4,
           IFrel |-> 5,
           IDacq |-> 5,
           IDrel |-> 7,
           FUacq |-> 0,
           FUrel |-> 0,
           COM |-> 0,
           ROB |-> 6,
           RS |-> 6,
           FU |-> 0 ],
         [ ind |-> 5701,
           addr |-> "0x105c8",
           IFacq |-> 4,
           IFrel |-> 5,
           IDacq |-> 5,
           IDrel |-> 7,
           FUacq |-> 0,
           FUrel |-> 0,
           COM |-> 0,
           ROB |-> 6,
           RS |-> 6,
           FU |-> 0 ],
         [ ind |-> 5702,
           addr |-> "0x105cc",
           IFacq |-> 4,
           IFrel |-> 5,
           IDacq |-> 5,
           IDrel |-> 7,
           FUacq |-> 0,
           FUrel |-> 0,
           COM |-> 0,
           ROB |-> 6,
           RS |-> 6,
           FU |-> 0 ],
         [ ind |-> 5703,
           addr |-> "0x105d0",
           IFacq |-> 5,
           IFrel |-> 6,
           IDacq |-> 7,
           IDrel |-> 10,
           FUacq |-> 0,
           FUrel |-> 0,
           COM |-> 0,
           ROB |-> 9,
           RS |-> 9,
           FU |-> 0 ],
         [ ind |-> 5704,
           addr |-> "0x10502",
           IFacq |-> 5,
           IFrel |-> 6,
           IDacq |-> 7,
           IDrel |-> 10,
           FUacq |-> 10,
           FUrel |-> 11,
           COM |-> 0,
           ROB |-> 9,
           RS |-> 9,
           FU |-> 1 ],
         [ ind |-> 5705,
           addr |-> "0x10504",
           IFacq |-> 5,
           IFrel |-> 6,
           IDacq |-> 7,
           IDrel |-> 10,
           FUacq |-> 0,
           FUrel |-> 0,
           COM |-> 0,
           ROB |-> 9,
           RS |-> 9,
           FU |-> 0 ],
         [ ind |-> 5706,
           addr |-> "0x10508",
           IFacq |-> 5,
           IFrel |-> 6,
           IDacq |-> 7,
           IDrel |-> 10,
           FUacq |-> 0,
           FUrel |-> 0,
           COM |-> 0,
           ROB |-> 9,
           RS |-> 9,
           FU |-> 0 ],
         [ ind |-> 5707,
           addr |-> "0x1050c",
           IFacq |-> 7,
           IFrel |-> 8,
           IDacq |-> 10,
           IDrel |-> 0,
           FUacq |-> 0,
           FUrel |-> 0,
           COM |-> 0,
           ROB |-> 0,
           RS |-> 17,
           FU |-> 0 ],
         [ ind |-> 5708,
           addr |-> "0x1059e",
           IFacq |-> 7,
           IFrel |-> 8,
           IDacq |-> 10,
           IDrel |-> 0,
           FUacq |-> 0,
           FUrel |-> 0,
           COM |-> 0,
           ROB |-> 0,
           RS |-> 17,
           FU |-> 0 ],
         [ ind |-> 5709,
           addr |-> "0x105a2",
           IFacq |-> 7,
           IFrel |-> 8,
           IDacq |-> 10,
           IDrel |-> 0,
           FUacq |-> 0,
           FUrel |-> 0,
           COM |-> 0,
           ROB |-> 0,
           RS |-> 17,
           FU |-> 0 ],
         [ ind |-> 5710,
           addr |-> "0x105a6",
           IFacq |-> 7,
           IFrel |-> 8,
           IDacq |-> 10,
           IDrel |-> 0,
           FUacq |-> 0,
           FUrel |-> 0,
           COM |-> 0,
           ROB |-> 0,
           RS |-> 17,
           FU |-> 0 ],
         [ ind |-> 5711,
           addr |-> "0x105aa",
           IFacq |-> 10,
           IFrel |-> 11,
           IDacq |-> 0,
           IDrel |-> 0,
           FUacq |-> 0,
           FUrel |-> 0,
           COM |-> 0,
           ROB |-> 0,
           RS |-> 0,
           FU |-> 0 ],
         [ ind |-> 5712,
           addr |-> "0x1050e",
           IFacq |-> 10,
           IFrel |-> 11,
           IDacq |-> 0,
           IDrel |-> 0,
           FUacq |-> 0,
           FUrel |-> 0,
           COM |-> 0,
           ROB |-> 0,
           RS |-> 0,
           FU |-> 0 ],
         [ ind |-> 5713,
           addr |-> "0x10512",
           IFacq |-> 10,
           IFrel |-> 11,
           IDacq |-> 0,
           IDrel |-> 0,
           FUacq |-> 0,
           FUrel |-> 0,
           COM |-> 0,
           ROB |-> 0,
           RS |-> 0,
           FU |-> 0 ],
         [ ind |-> 5714,
           addr |-> "0x10516",
           IFacq |-> 10,
           IFrel |-> 11,
           IDacq |-> 0,
           IDrel |-> 0,
           FUacq |-> 0,
           FUrel |-> 0,
           COM |-> 0,
           ROB |-> 0,
           RS |-> 0,
           FU |-> 0 ] >>,
  edges |->
      { [type |-> "D", source |-> 5687, dest |-> 5690],
        [type |-> "D", source |-> 5693, dest |-> 5695] } ]
/\ pc2 = 28
/\ robHead = 25
/\ rob = << [ instr |->
         [ ind |-> 5687,
           type |-> "IntAlu",
           r0 |-> "sp",
           r1 |-> "",
           r2 |-> "",
           addr |-> "0x105e2" ],
     executed |-> TRUE,
     done |-> TRUE ],
   [ instr |->
         [ ind |-> 5688,
           type |-> "MemWrite",
           r0 |-> "ra",
           r1 |-> "",
           r2 |-> "",
           addr |-> "0x105e4" ],
     executed |-> TRUE,
     done |-> TRUE ],
   [ instr |->
         [ ind |-> 5689,
           type |-> "MemWrite",
           r0 |-> "s0",
           r1 |-> "",
           r2 |-> "",
           addr |-> "0x105e6" ],
     executed |-> TRUE,
     done |-> TRUE ],
   [ instr |->
         [ ind |-> 5690,
           type |-> "IntAlu",
           r0 |-> "s0",
           r1 |-> "sp",
           r2 |-> "",
           addr |-> "0x105e8" ],
     executed |-> TRUE,
     done |-> TRUE ],
   [ instr |->
         [ ind |-> 5691,
           type |-> "IntAlu",
           r0 |-> "a0",
           r1 |-> "gp",
           r2 |-> "",
           addr |-> "0x105ea" ],
     executed |-> TRUE,
     done |-> TRUE ],
   [ instr |->
         [ ind |-> 5692,
           type |-> "IntAlu",
           r0 |-> "ra",
           r1 |-> "",
           r2 |-> "",
           addr |-> "0x105ee" ],
     executed |-> TRUE,
     done |-> TRUE ],
   [ instr |->
         [ ind |-> 5693,
           type |-> "IntAlu",
           r0 |-> "sp",
           r1 |-> "",
           r2 |-> "",
           addr |-> "0x104ee" ],
     executed |-> TRUE,
     done |-> TRUE ],
   [ instr |->
         [ ind |-> 5694,
           type |-> "MemWrite",
           r0 |-> "s0",
           r1 |-> "",
           r2 |-> "",
           addr |-> "0x104f0" ],
     executed |-> TRUE,
     done |-> TRUE ],
   [ instr |->
         [ ind |-> 5695,
           type |-> "IntAlu",
           r0 |-> "s0",
           r1 |-> "sp",
           r2 |-> "",
           addr |-> "0x104f2" ],
     executed |-> TRUE,
     done |-> TRUE ],
   [ instr |->
         [ ind |-> 5696,
           type |-> "MemWrite",
           r0 |-> "a0",
           r1 |-> "",
           r2 |-> "",
           addr |-> "0x104f4" ],
     executed |-> TRUE,
     done |-> TRUE ],
   [ instr |->
         [ ind |-> 5697,
           type |-> "MemWrite",
           r0 |-> "zero",
           r1 |-> "",
           r2 |-> "",
           addr |-> "0x104f8" ],
     executed |-> TRUE,
     done |-> TRUE ],
   [ instr |->
         [ ind |-> 5698,
           type |-> "MemWrite",
           r0 |-> "zero",
           r1 |-> "",
           r2 |-> "",
           addr |-> "0x104fc" ],
     executed |-> TRUE,
     done |-> TRUE ],
   [ instr |->
         [ ind |-> 5699,
           type |-> "IntAlu",
           r0 |-> "",
           r1 |-> "",
           r2 |-> "",
           addr |-> "0x10500" ],
     executed |-> TRUE,
     done |-> TRUE ],
   [ instr |->
         [ ind |-> 5700,
           type |-> "MemRead",
           r0 |-> "a5",
           r1 |-> "",
           r2 |-> "",
           addr |-> "0x105c4" ],
     executed |-> TRUE,
     done |-> TRUE ],
   [ instr |->
         [ ind |-> 5701,
           type |-> "IntAlu",
           r0 |-> "a4",
           r1 |-> "a5",
           r2 |-> "",
           addr |-> "0x105c8" ],
     executed |-> TRUE,
     done |-> TRUE ],
   [ instr |->
         [ ind |-> 5702,
           type |-> "IntAlu",
           r0 |-> "a5",
           r1 |-> "zero",
           r2 |-> "",
           addr |-> "0x105cc" ],
     executed |-> TRUE,
     done |-> TRUE ],
   [ instr |->
         [ ind |-> 5703,
           type |-> "IntAlu",
           r0 |-> "a5",
           r1 |-> "a4",
           r2 |-> "",
           addr |-> "0x105d0" ],
     executed |-> TRUE,
     done |-> TRUE ],
   [ instr |->
         [ ind |-> 5704,
           type |-> "IntAlu",
           r0 |-> "a5",
           r1 |-> "",
           r2 |-> "",
           addr |-> "0x10502" ],
     executed |-> TRUE,
     done |-> TRUE ],
   [ instr |->
         [ ind |-> 5705,
           type |-> "MemWrite",
           r0 |-> "a5",
           r1 |-> "",
           r2 |-> "",
           addr |-> "0x10504" ],
     executed |-> TRUE,
     done |-> TRUE ],
   [ instr |->
         [ ind |-> 5706,
           type |-> "MemWrite",
           r0 |-> "zero",
           r1 |-> "",
           r2 |-> "",
           addr |-> "0x10508" ],
     executed |-> TRUE,
     done |-> TRUE ],
   [ instr |->
         [ ind |-> 5707,
           type |-> "IntAlu",
           r0 |-> "",
           r1 |-> "",
           r2 |-> "",
           addr |-> "0x1050c" ],
     executed |-> TRUE,
     done |-> TRUE ],
   [ instr |->
         [ ind |-> 5708,
           type |-> "MemRead",
           r0 |-> "a5",
           r1 |-> "",
           r2 |-> "",
           addr |-> "0x1059e" ],
     executed |-> TRUE,
     done |-> TRUE ],
   [ instr |->
         [ ind |-> 5709,
           type |-> "IntAlu",
           r0 |-> "a4",
           r1 |-> "a5",
           r2 |-> "",
           addr |-> "0x105a2" ],
     executed |-> TRUE,
     done |-> TRUE ],
   [ instr |->
         [ ind |-> 5710,
           type |-> "IntAlu",
           r0 |-> "a5",
           r1 |-> "zero",
           r2 |-> "",
           addr |-> "0x105a6" ],
     executed |-> TRUE,
     done |-> TRUE ],
   [ instr |->
         [ ind |-> 5711,
           type |-> "IntAlu",
           r0 |-> "a5",
           r1 |-> "a4",
           r2 |-> "",
           addr |-> "0x105aa" ],
     executed |-> TRUE,
     done |-> FALSE ],
   [ instr |->
         [ ind |-> 5712,
           type |-> "IntAlu",
           r0 |-> "a4",
           r1 |-> "zero",
           r2 |-> "",
           addr |-> "0x1050e" ],
     executed |-> FALSE,
     done |-> FALSE ],
   [ instr |->
         [ ind |-> 5713,
           type |-> "MemRead",
           r0 |-> "a5",
           r1 |-> "",
           r2 |-> "",
           addr |-> "0x10512" ],
     executed |-> TRUE,
     done |-> FALSE ],
   [ instr |->
         [ ind |-> 5714,
           type |-> "IntAlu",
           r0 |-> "a5",
           r1 |-> "a4",
           r2 |-> "a5",
           addr |-> "0x10516" ],
     executed |-> FALSE,
     done |-> FALSE ],
   [ instr |->
         [ ind |-> 5715,
           type |-> "IntAlu",
           r0 |-> "a4",
           r1 |-> "a5",
           r2 |-> "",
           addr |-> "0x1051a" ],
     executed |-> FALSE,
     done |-> FALSE ],
   [ instr |->
         [ ind |-> 5716,
           type |-> "MemRead",
           r0 |-> "a5",
           r1 |-> "",
           r2 |-> "",
           addr |-> "0x1051e" ],
     executed |-> TRUE,
     done |-> FALSE ],
   [ instr |->
         [ ind |-> 5717,
           type |-> "IntAlu",
           r0 |-> "a5",
           r1 |-> "",
           r2 |-> "",
           addr |-> "0x10522" ],
     executed |-> FALSE,
     done |-> FALSE ],
   [ instr |->
         [ ind |-> 5718,
           type |-> "IntAlu",
           r0 |-> "a4",
           r1 |-> "a5",
           r2 |-> "",
           addr |-> "0x10524" ],
     executed |-> FALSE,
     done |-> FALSE ] >>
/\ _RS = << { [ ind |-> 5714,
       type |-> "IntAlu",
       r0 |-> "a5",
       r1 |-> "a4",
       r2 |-> "a5",
       addr |-> "0x10516" ],
     [ ind |-> 5715,
       type |-> "IntAlu",
       r0 |-> "a4",
       r1 |-> "a5",
       r2 |-> "",
       addr |-> "0x1051a" ],
     [ ind |-> 5717,
       type |-> "IntAlu",
       r0 |-> "a5",
       r1 |-> "",
       r2 |-> "",
       addr |-> "0x10522" ],
     [ ind |-> 5718,
       type |-> "IntAlu",
       r0 |-> "a4",
       r1 |-> "a5",
       r2 |-> "",
       addr |-> "0x10524" ] },
   {},
   {},
   {},
   {} >>
/\ currCycle = 18
/\ exec_inst = 1
/\ robHead2 = 12
/\ pc = 40
/\ cpt = 0
/\ rob2 = << [ instr |->
         [ ind |-> 5687,
           type |-> "IntAlu",
           r0 |-> "sp",
           r1 |-> "",
           r2 |-> "",
           addr |-> "0x105e2" ],
     executed |-> TRUE,
     done |-> TRUE ],
   [ instr |->
         [ ind |-> 5688,
           type |-> "MemWrite",
           r0 |-> "ra",
           r1 |-> "",
           r2 |-> "",
           addr |-> "0x105e4" ],
     executed |-> TRUE,
     done |-> TRUE ],
   [ instr |->
         [ ind |-> 5689,
           type |-> "MemWrite",
           r0 |-> "s0",
           r1 |-> "",
           r2 |-> "",
           addr |-> "0x105e6" ],
     executed |-> TRUE,
     done |-> TRUE ],
   [ instr |->
         [ ind |-> 5690,
           type |-> "IntAlu",
           r0 |-> "s0",
           r1 |-> "sp",
           r2 |-> "",
           addr |-> "0x105e8" ],
     executed |-> TRUE,
     done |-> TRUE ],
   [ instr |->
         [ ind |-> 5691,
           type |-> "IntAlu",
           r0 |-> "a0",
           r1 |-> "gp",
           r2 |-> "",
           addr |-> "0x105ea" ],
     executed |-> TRUE,
     done |-> TRUE ],
   [ instr |->
         [ ind |-> 5692,
           type |-> "IntAlu",
           r0 |-> "ra",
           r1 |-> "",
           r2 |-> "",
           addr |-> "0x105ee" ],
     executed |-> TRUE,
     done |-> TRUE ],
   [ instr |->
         [ ind |-> 5693,
           type |-> "IntAlu",
           r0 |-> "sp",
           r1 |-> "",
           r2 |-> "",
           addr |-> "0x104ee" ],
     executed |-> TRUE,
     done |-> TRUE ],
   [ instr |->
         [ ind |-> 5694,
           type |-> "MemWrite",
           r0 |-> "s0",
           r1 |-> "",
           r2 |-> "",
           addr |-> "0x104f0" ],
     executed |-> TRUE,
     done |-> TRUE ],
   [ instr |->
         [ ind |-> 5695,
           type |-> "IntAlu",
           r0 |-> "s0",
           r1 |-> "sp",
           r2 |-> "",
           addr |-> "0x104f2" ],
     executed |-> TRUE,
     done |-> TRUE ],
   [ instr |->
         [ ind |-> 5696,
           type |-> "MemWrite",
           r0 |-> "a0",
           r1 |-> "",
           r2 |-> "",
           addr |-> "0x104f4" ],
     executed |-> TRUE,
     done |-> TRUE ],
   [ instr |->
         [ ind |-> 5697,
           type |-> "MemWrite",
           r0 |-> "zero",
           r1 |-> "",
           r2 |-> "",
           addr |-> "0x104f8" ],
     executed |-> TRUE,
     done |-> TRUE ],
   [ instr |->
         [ ind |-> 5698,
           type |-> "MemWrite",
           r0 |-> "zero",
           r1 |-> "",
           r2 |-> "",
           addr |-> "0x104fc" ],
     executed |-> TRUE,
     done |-> FALSE ],
   [ instr |->
         [ ind |-> 5699,
           type |-> "IntAlu",
           r0 |-> "",
           r1 |-> "",
           r2 |-> "",
           addr |-> "0x10500" ],
     executed |-> TRUE,
     done |-> FALSE ],
   [ instr |->
         [ ind |-> 5700,
           type |-> "MemRead",
           r0 |-> "a5",
           r1 |-> "",
           r2 |-> "",
           addr |-> "0x105c4" ],
     executed |-> FALSE,
     done |-> FALSE ],
   [ instr |->
         [ ind |-> 5701,
           type |-> "IntAlu",
           r0 |-> "a4",
           r1 |-> "a5",
           r2 |-> "",
           addr |-> "0x105c8" ],
     executed |-> FALSE,
     done |-> FALSE ],
   [ instr |->
         [ ind |-> 5702,
           type |-> "IntAlu",
           r0 |-> "a5",
           r1 |-> "zero",
           r2 |-> "",
           addr |-> "0x105cc" ],
     executed |-> FALSE,
     done |-> FALSE ],
   [ instr |->
         [ ind |-> 5703,
           type |-> "IntAlu",
           r0 |-> "a5",
           r1 |-> "a4",
           r2 |-> "",
           addr |-> "0x105d0" ],
     executed |-> FALSE,
     done |-> FALSE ],
   [ instr |->
         [ ind |-> 5704,
           type |-> "IntAlu",
           r0 |-> "a5",
           r1 |-> "",
           r2 |-> "",
           addr |-> "0x10502" ],
     executed |-> TRUE,
     done |-> FALSE ],
   [ instr |->
         [ ind |-> 5705,
           type |-> "MemWrite",
           r0 |-> "a5",
           r1 |-> "",
           r2 |-> "",
           addr |-> "0x10504" ],
     executed |-> FALSE,
     done |-> FALSE ],
   [ instr |->
         [ ind |-> 5706,
           type |-> "MemWrite",
           r0 |-> "zero",
           r1 |-> "",
           r2 |-> "",
           addr |-> "0x10508" ],
     executed |-> FALSE,
     done |-> FALSE ] >>
/\ _FU = << [ instr |->
         [ ind |-> 5712,
           type |-> "IntAlu",
           r0 |-> "a4",
           r1 |-> "zero",
           r2 |-> "",
           addr |-> "0x1050e" ],
     baseLat |-> 1,
     currLat |-> 1 ],
   [ instr |->
         [ ind |-> 0,
           type |-> "No_OpClass",
           r0 |-> "",
           r1 |-> "",
           r2 |-> "",
           addr |-> "" ],
     baseLat |-> 1,
     currLat |-> 1 ],
   [ instr |->
         [ ind |-> 0,
           type |-> "No_OpClass",
           r0 |-> "",
           r1 |-> "",
           r2 |-> "",
           addr |-> "" ],
     baseLat |-> 1,
     currLat |-> 1 ],
   [ instr |->
         [ ind |-> 0,
           type |-> "No_OpClass",
           r0 |-> "",
           r1 |-> "",
           r2 |-> "",
           addr |-> "" ],
     baseLat |-> 1,
     currLat |-> 1 ],
   [ instr |->
         [ ind |-> 0,
           type |-> "No_OpClass",
           r0 |-> "",
           r1 |-> "",
           r2 |-> "",
           addr |-> "" ],
     baseLat |-> 1,
     currLat |-> 1 ] >>

@!@!@ENDMSG 2217 @!@!@
@!@!@STARTMSG 2217:4 @!@!@
20: <Next line 60, col 9 to line 65, col 35 of module pipeline_ooo>
/\ _RS2 = << { [ ind |-> 5703,
       type |-> "IntAlu",
       r0 |-> "a5",
       r1 |-> "a4",
       r2 |-> "",
       addr |-> "0x105d0" ] },
   { [ ind |-> 5706,
       type |-> "MemWrite",
       r0 |-> "zero",
       r1 |-> "",
       r2 |-> "",
       addr |-> "0x10508" ] },
   {},
   {},
   {} >>
/\ _COM2 = << [ ind |-> 5700,
     type |-> "MemRead",
     r0 |-> "a5",
     r1 |-> "",
     r2 |-> "",
     addr |-> "0x105c4" ],
   [ ind |-> 0,
     type |-> "No_OpClass",
     r0 |-> "",
     r1 |-> "",
     r2 |-> "",
     addr |-> "" ],
   [ ind |-> 0,
     type |-> "No_OpClass",
     r0 |-> "",
     r1 |-> "",
     r2 |-> "",
     addr |-> "" ],
   [ ind |-> 0,
     type |-> "No_OpClass",
     r0 |-> "",
     r1 |-> "",
     r2 |-> "",
     addr |-> "" ] >>
/\ _ID = << [ ind |-> 5723,
     type |-> "MemRead",
     r0 |-> "a3",
     r1 |-> "",
     r2 |-> "",
     addr |-> "0x10534" ],
   [ ind |-> 5724,
     type |-> "MemRead",
     r0 |-> "a5",
     r1 |-> "",
     r2 |-> "",
     addr |-> "0x10536" ],
   [ ind |-> 5725,
     type |-> "IntAlu",
     r0 |-> "a5",
     r1 |-> "",
     r2 |-> "",
     addr |-> "0x1053a" ],
   [ ind |-> 5726,
     type |-> "IntAlu",
     r0 |-> "a5",
     r1 |-> "",
     r2 |-> "",
     addr |-> "0x1053c" ] >>
/\ _IF = << [ instr |->
         [ ind |-> 5727,
           type |-> "MemRead",
           r0 |-> "a4",
           r1 |-> "",
           r2 |-> "",
           addr |-> "0x1053e" ],
     baseLat |-> 1,
     currLat |-> 1 ],
   [ instr |->
         [ ind |-> 5728,
           type |-> "IntAlu",
           r0 |-> "a5",
           r1 |-> "a4",
           r2 |-> "",
           addr |-> "0x10542" ],
     baseLat |-> 1,
     currLat |-> 1 ],
   [ instr |->
         [ ind |-> 5729,
           type |-> "MemRead",
           r0 |-> "a5",
           r1 |-> "",
           r2 |-> "",
           addr |-> "0x10544" ],
     baseLat |-> 1,
     currLat |-> 1 ],
   [ instr |->
         [ ind |-> 5730,
           type |-> "IntAlu",
           r0 |-> "a4",
           r1 |-> "a3",
           r2 |-> "",
           addr |-> "0x10546" ],
     baseLat |-> 1,
     currLat |-> 1 ] >>
/\ _FU2 = << [ instr |->
         [ ind |-> 5701,
           type |-> "IntAlu",
           r0 |-> "a4",
           r1 |-> "a5",
           r2 |-> "",
           addr |-> "0x105c8" ],
     baseLat |-> 1,
     currLat |-> 1 ],
   [ instr |->
         [ ind |-> 5705,
           type |-> "MemWrite",
           r0 |-> "a5",
           r1 |-> "",
           r2 |-> "",
           addr |-> "0x10504" ],
     baseLat |-> 1,
     currLat |-> 1 ],
   [ instr |->
         [ ind |-> 0,
           type |-> "No_OpClass",
           r0 |-> "",
           r1 |-> "",
           r2 |-> "",
           addr |-> "" ],
     baseLat |-> 1,
     currLat |-> 1 ],
   [ instr |->
         [ ind |-> 0,
           type |-> "No_OpClass",
           r0 |-> "",
           r1 |-> "",
           r2 |-> "",
           addr |-> "" ],
     baseLat |-> 1,
     currLat |-> 1 ],
   [ instr |->
         [ ind |-> 0,
           type |-> "No_OpClass",
           r0 |-> "",
           r1 |-> "",
           r2 |-> "",
           addr |-> "" ],
     baseLat |-> 1,
     currLat |-> 1 ] >>
/\ _COM = << [ ind |-> 5712,
     type |-> "IntAlu",
     r0 |-> "a4",
     r1 |-> "zero",
     r2 |-> "",
     addr |-> "0x1050e" ],
   [ ind |-> 5713,
     type |-> "MemRead",
     r0 |-> "a5",
     r1 |-> "",
     r2 |-> "",
     addr |-> "0x10512" ],
   [ ind |-> 0,
     type |-> "No_OpClass",
     r0 |-> "",
     r1 |-> "",
     r2 |-> "",
     addr |-> "" ],
   [ ind |-> 0,
     type |-> "No_OpClass",
     r0 |-> "",
     r1 |-> "",
     r2 |-> "",
     addr |-> "" ] >>
/\ exec_inst2 = 2
/\ _ID2 = << [ ind |-> 5707,
     type |-> "IntAlu",
     r0 |-> "",
     r1 |-> "",
     r2 |-> "",
     addr |-> "0x1050c" ],
   [ ind |-> 5708,
     type |-> "MemRead",
     r0 |-> "a5",
     r1 |-> "",
     r2 |-> "",
     addr |-> "0x1059e" ],
   [ ind |-> 5709,
     type |-> "IntAlu",
     r0 |-> "a4",
     r1 |-> "a5",
     r2 |-> "",
     addr |-> "0x105a2" ],
   [ ind |-> 5710,
     type |-> "IntAlu",
     r0 |-> "a5",
     r1 |-> "zero",
     r2 |-> "",
     addr |-> "0x105a6" ] >>
/\ graph = [ nodes |->
      << [ ind |-> 5687,
           addr |-> "0x105e2",
           IFacq |-> 1,
           IFrel |-> 2,
           IDacq |-> 2,
           IDrel |-> 3,
           FUacq |-> 3,
           FUrel |-> 4,
           COM |-> 4,
           ROB |-> 2,
           RS |-> 2,
           FU |-> 1 ],
         [ ind |-> 5688,
           addr |-> "0x105e4",
           IFacq |-> 1,
           IFrel |-> 2,
           IDacq |-> 2,
           IDrel |-> 3,
           FUacq |-> 3,
           FUrel |-> 4,
           COM |-> 4,
           ROB |-> 2,
           RS |-> 2,
           FU |-> 2 ],
         [ ind |-> 5689,
           addr |-> "0x105e6",
           IFacq |-> 1,
           IFrel |-> 2,
           IDacq |-> 2,
           IDrel |-> 3,
           FUacq |-> 4,
           FUrel |-> 5,
           COM |-> 5,
           ROB |-> 2,
           RS |-> 2,
           FU |-> 2 ],
         [ ind |-> 5690,
           addr |-> "0x105e8",
           IFacq |-> 1,
           IFrel |-> 2,
           IDacq |-> 2,
           IDrel |-> 3,
           FUacq |-> 4,
           FUrel |-> 5,
           COM |-> 5,
           ROB |-> 2,
           RS |-> 2,
           FU |-> 1 ],
         [ ind |-> 5691,
           addr |-> "0x105ea",
           IFacq |-> 2,
           IFrel |-> 3,
           IDacq |-> 3,
           IDrel |-> 4,
           FUacq |-> 5,
           FUrel |-> 6,
           COM |-> 6,
           ROB |-> 3,
           RS |-> 3,
           FU |-> 1 ],
         [ ind |-> 5692,
           addr |-> "0x105ee",
           IFacq |-> 2,
           IFrel |-> 3,
           IDacq |-> 3,
           IDrel |-> 4,
           FUacq |-> 6,
           FUrel |-> 7,
           COM |-> 7,
           ROB |-> 3,
           RS |-> 3,
           FU |-> 1 ],
         [ ind |-> 5693,
           addr |-> "0x104ee",
           IFacq |-> 2,
           IFrel |-> 3,
           IDacq |-> 3,
           IDrel |-> 4,
           FUacq |-> 7,
           FUrel |-> 8,
           COM |-> 8,
           ROB |-> 3,
           RS |-> 3,
           FU |-> 1 ],
         [ ind |-> 5694,
           addr |-> "0x104f0",
           IFacq |-> 2,
           IFrel |-> 3,
           IDacq |-> 3,
           IDrel |-> 4,
           FUacq |-> 5,
           FUrel |-> 6,
           COM |-> 8,
           ROB |-> 3,
           RS |-> 3,
           FU |-> 2 ],
         [ ind |-> 5695,
           addr |-> "0x104f2",
           IFacq |-> 3,
           IFrel |-> 4,
           IDacq |-> 4,
           IDrel |-> 5,
           FUacq |-> 8,
           FUrel |-> 9,
           COM |-> 9,
           ROB |-> 4,
           RS |-> 4,
           FU |-> 1 ],
         [ ind |-> 5696,
           addr |-> "0x104f4",
           IFacq |-> 3,
           IFrel |-> 4,
           IDacq |-> 4,
           IDrel |-> 5,
           FUacq |-> 6,
           FUrel |-> 7,
           COM |-> 9,
           ROB |-> 4,
           RS |-> 4,
           FU |-> 2 ],
         [ ind |-> 5697,
           addr |-> "0x104f8",
           IFacq |-> 3,
           IFrel |-> 4,
           IDacq |-> 4,
           IDrel |-> 5,
           FUacq |-> 7,
           FUrel |-> 8,
           COM |-> 9,
           ROB |-> 4,
           RS |-> 4,
           FU |-> 2 ],
         [ ind |-> 5698,
           addr |-> "0x104fc",
           IFacq |-> 3,
           IFrel |-> 4,
           IDacq |-> 4,
           IDrel |-> 5,
           FUacq |-> 8,
           FUrel |-> 9,
           COM |-> 9,
           ROB |-> 4,
           RS |-> 4,
           FU |-> 2 ],
         [ ind |-> 5699,
           addr |-> "0x10500",
           IFacq |-> 4,
           IFrel |-> 5,
           IDacq |-> 5,
           IDrel |-> 7,
           FUacq |-> 9,
           FUrel |-> 10,
           COM |-> 10,
           ROB |-> 6,
           RS |-> 6,
           FU |-> 1 ],
         [ ind |-> 5700,
           addr |-> "0x105c4",
           IFacq |-> 4,
           IFrel |-> 5,
           IDacq |-> 5,
           IDrel |-> 7,
           FUacq |-> 9,
           FUrel |-> 10,
           COM |-> 10,
           ROB |-> 6,
           RS |-> 6,
           FU |-> 2 ],
         [ ind |-> 5701,
           addr |-> "0x105c8",
           IFacq |-> 4,
           IFrel |-> 5,
           IDacq |-> 5,
           IDrel |-> 7,
           FUacq |-> 10,
           FUrel |-> 11,
           COM |-> 11,
           ROB |-> 6,
           RS |-> 6,
           FU |-> 1 ],
         [ ind |-> 5702,
           addr |-> "0x105cc",
           IFacq |-> 4,
           IFrel |-> 5,
           IDacq |-> 5,
           IDrel |-> 7,
           FUacq |-> 11,
           FUrel |-> 12,
           COM |-> 12,
           ROB |-> 6,
           RS |-> 6,
           FU |-> 1 ],
         [ ind |-> 5703,
           addr |-> "0x105d0",
           IFacq |-> 5,
           IFrel |-> 6,
           IDacq |-> 7,
           IDrel |-> 10,
           FUacq |-> 12,
           FUrel |-> 13,
           COM |-> 13,
           ROB |-> 9,
           RS |-> 9,
           FU |-> 1 ],
         [ ind |-> 5704,
           addr |-> "0x10502",
           IFacq |-> 5,
           IFrel |-> 6,
           IDacq |-> 7,
           IDrel |-> 10,
           FUacq |-> 13,
           FUrel |-> 14,
           COM |-> 14,
           ROB |-> 9,
           RS |-> 9,
           FU |-> 1 ],
         [ ind |-> 5705,
           addr |-> "0x10504",
           IFacq |-> 5,
           IFrel |-> 6,
           IDacq |-> 7,
           IDrel |-> 10,
           FUacq |-> 10,
           FUrel |-> 11,
           COM |-> 14,
           ROB |-> 9,
           RS |-> 9,
           FU |-> 2 ],
         [ ind |-> 5706,
           addr |-> "0x10508",
           IFacq |-> 5,
           IFrel |-> 6,
           IDacq |-> 7,
           IDrel |-> 10,
           FUacq |-> 11,
           FUrel |-> 12,
           COM |-> 14,
           ROB |-> 9,
           RS |-> 9,
           FU |-> 2 ],
         [ ind |-> 5707,
           addr |-> "0x1050c",
           IFacq |-> 7,
           IFrel |-> 8,
           IDacq |-> 10,
           IDrel |-> 11,
           FUacq |-> 14,
           FUrel |-> 15,
           COM |-> 15,
           ROB |-> 10,
           RS |-> 10,
           FU |-> 1 ],
         [ ind |-> 5708,
           addr |-> "0x1059e",
           IFacq |-> 7,
           IFrel |-> 8,
           IDacq |-> 10,
           IDrel |-> 11,
           FUacq |-> 12,
           FUrel |-> 13,
           COM |-> 15,
           ROB |-> 10,
           RS |-> 10,
           FU |-> 2 ],
         [ ind |-> 5709,
           addr |-> "0x105a2",
           IFacq |-> 7,
           IFrel |-> 8,
           IDacq |-> 10,
           IDrel |-> 11,
           FUacq |-> 15,
           FUrel |-> 16,
           COM |-> 16,
           ROB |-> 10,
           RS |-> 10,
           FU |-> 1 ],
         [ ind |-> 5710,
           addr |-> "0x105a6",
           IFacq |-> 7,
           IFrel |-> 8,
           IDacq |-> 10,
           IDrel |-> 11,
           FUacq |-> 16,
           FUrel |-> 17,
           COM |-> 17,
           ROB |-> 10,
           RS |-> 10,
           FU |-> 1 ],
         [ ind |-> 5711,
           addr |-> "0x105aa",
           IFacq |-> 10,
           IFrel |-> 11,
           IDacq |-> 11,
           IDrel |-> 14,
           FUacq |-> 17,
           FUrel |-> 18,
           COM |-> 18,
           ROB |-> 13,
           RS |-> 13,
           FU |-> 1 ],
         [ ind |-> 5712,
           addr |-> "0x1050e",
           IFacq |-> 10,
           IFrel |-> 11,
           IDacq |-> 11,
           IDrel |-> 14,
           FUacq |-> 18,
           FUrel |-> 19,
           COM |-> 0,
           ROB |-> 13,
           RS |-> 13,
           FU |-> 1 ],
         [ ind |-> 5713,
           addr |-> "0x10512",
           IFacq |-> 10,
           IFrel |-> 11,
           IDacq |-> 11,
           IDrel |-> 14,
           FUacq |-> 14,
           FUrel |-> 15,
           COM |-> 0,
           ROB |-> 13,
           RS |-> 13,
           FU |-> 2 ],
         [ ind |-> 5714,
           addr |-> "0x10516",
           IFacq |-> 10,
           IFrel |-> 11,
           IDacq |-> 11,
           IDrel |-> 14,
           FUacq |-> 0,
           FUrel |-> 0,
           COM |-> 0,
           ROB |-> 13,
           RS |-> 13,
           FU |-> 0 ],
         [ ind |-> 5715,
           addr |-> "0x1051a",
           IFacq |-> 11,
           IFrel |-> 12,
           IDacq |-> 14,
           IDrel |-> 16,
           FUacq |-> 0,
           FUrel |-> 0,
           COM |-> 0,
           ROB |-> 15,
           RS |-> 15,
           FU |-> 0 ],
         [ ind |-> 5716,
           addr |-> "0x1051e",
           IFacq |-> 11,
           IFrel |-> 12,
           IDacq |-> 14,
           IDrel |-> 16,
           FUacq |-> 16,
           FUrel |-> 17,
           COM |-> 0,
           ROB |-> 15,
           RS |-> 15,
           FU |-> 2 ],
         [ ind |-> 5717,
           addr |-> "0x10522",
           IFacq |-> 11,
           IFrel |-> 12,
           IDacq |-> 14,
           IDrel |-> 16,
           FUacq |-> 0,
           FUrel |-> 0,
           COM |-> 0,
           ROB |-> 15,
           RS |-> 15,
           FU |-> 0 ],
         [ ind |-> 5718,
           addr |-> "0x10524",
           IFacq |-> 11,
           IFrel |-> 12,
           IDacq |-> 14,
           IDrel |-> 16,
           FUacq |-> 0,
           FUrel |-> 0,
           COM |-> 0,
           ROB |-> 15,
           RS |-> 15,
           FU |-> 0 ],
         [ ind |-> 5719,
           addr |-> "0x10528",
           IFacq |-> 14,
           IFrel |-> 15,
           IDacq |-> 16,
           IDrel |-> 19,
           FUacq |-> 0,
           FUrel |-> 0,
           COM |-> 0,
           ROB |-> 18,
           RS |-> 18,
           FU |-> 0 ],
         [ ind |-> 5720,
           addr |-> "0x1052c",
           IFacq |-> 14,
           IFrel |-> 15,
           IDacq |-> 16,
           IDrel |-> 19,
           FUacq |-> 0,
           FUrel |-> 0,
           COM |-> 0,
           ROB |-> 18,
           RS |-> 18,
           FU |-> 0 ],
         [ ind |-> 5721,
           addr |-> "0x1052e",
           IFacq |-> 14,
           IFrel |-> 15,
           IDacq |-> 16,
           IDrel |-> 19,
           FUacq |-> 0,
           FUrel |-> 0,
           COM |-> 0,
           ROB |-> 18,
           RS |-> 18,
           FU |-> 0 ],
         [ ind |-> 5722,
           addr |-> "0x10532",
           IFacq |-> 14,
           IFrel |-> 15,
           IDacq |-> 16,
           IDrel |-> 19,
           FUacq |-> 0,
           FUrel |-> 0,
           COM |-> 0,
           ROB |-> 18,
           RS |-> 18,
           FU |-> 0 ],
         [ ind |-> 5723,
           addr |-> "0x10534",
           IFacq |-> 16,
           IFrel |-> 17,
           IDacq |-> 0,
           IDrel |-> 0,
           FUacq |-> 0,
           FUrel |-> 0,
           COM |-> 0,
           ROB |-> 0,
           RS |-> 0,
           FU |-> 0 ],
         [ ind |-> 5724,
           addr |-> "0x10536",
           IFacq |-> 16,
           IFrel |-> 17,
           IDacq |-> 0,
           IDrel |-> 0,
           FUacq |-> 0,
           FUrel |-> 0,
           COM |-> 0,
           ROB |-> 0,
           RS |-> 0,
           FU |-> 0 ],
         [ ind |-> 5725,
           addr |-> "0x1053a",
           IFacq |-> 16,
           IFrel |-> 17,
           IDacq |-> 0,
           IDrel |-> 0,
           FUacq |-> 0,
           FUrel |-> 0,
           COM |-> 0,
           ROB |-> 0,
           RS |-> 0,
           FU |-> 0 ],
         [ ind |-> 5726,
           addr |-> "0x1053c",
           IFacq |-> 16,
           IFrel |-> 17,
           IDacq |-> 0,
           IDrel |-> 0,
           FUacq |-> 0,
           FUrel |-> 0,
           COM |-> 0,
           ROB |-> 0,
           RS |-> 0,
           FU |-> 0 ] >>,
  edges |->
      { [type |-> "D", source |-> 5687, dest |-> 5690],
        [type |-> "D", source |-> 5693, dest |-> 5695],
        [type |-> "D", source |-> 5700, dest |-> 5701],
        [type |-> "D", source |-> 5708, dest |-> 5709] } ]
/\ currCycle2 = 19
/\ _IF2 = << [ instr |->
         [ ind |-> 5711,
           type |-> "IntAlu",
           r0 |-> "a5",
           r1 |-> "a4",
           r2 |-> "",
           addr |-> "0x105aa" ],
     baseLat |-> 1,
     currLat |-> 10 ],
   [ instr |->
         [ ind |-> 5712,
           type |-> "IntAlu",
           r0 |-> "a4",
           r1 |-> "zero",
           r2 |-> "",
           addr |-> "0x1050e" ],
     baseLat |-> 1,
     currLat |-> 10 ],
   [ instr |->
         [ ind |-> 5713,
           type |-> "MemRead",
           r0 |-> "a5",
           r1 |-> "",
           r2 |-> "",
           addr |-> "0x10512" ],
     baseLat |-> 1,
     currLat |-> 10 ],
   [ instr |->
         [ ind |-> 5714,
           type |-> "IntAlu",
           r0 |-> "a5",
           r1 |-> "a4",
           r2 |-> "a5",
           addr |-> "0x10516" ],
     baseLat |-> 1,
     currLat |-> 10 ] >>
/\ graph2 = [ nodes |->
      << [ ind |-> 5687,
           addr |-> "0x105e2",
           IFacq |-> 1,
           IFrel |-> 2,
           IDacq |-> 2,
           IDrel |-> 3,
           FUacq |-> 3,
           FUrel |-> 4,
           COM |-> 4,
           ROB |-> 2,
           RS |-> 2,
           FU |-> 1 ],
         [ ind |-> 5688,
           addr |-> "0x105e4",
           IFacq |-> 1,
           IFrel |-> 2,
           IDacq |-> 2,
           IDrel |-> 3,
           FUacq |-> 3,
           FUrel |-> 4,
           COM |-> 4,
           ROB |-> 2,
           RS |-> 2,
           FU |-> 2 ],
         [ ind |-> 5689,
           addr |-> "0x105e6",
           IFacq |-> 1,
           IFrel |-> 2,
           IDacq |-> 2,
           IDrel |-> 3,
           FUacq |-> 4,
           FUrel |-> 5,
           COM |-> 5,
           ROB |-> 2,
           RS |-> 2,
           FU |-> 2 ],
         [ ind |-> 5690,
           addr |-> "0x105e8",
           IFacq |-> 1,
           IFrel |-> 2,
           IDacq |-> 2,
           IDrel |-> 3,
           FUacq |-> 4,
           FUrel |-> 5,
           COM |-> 5,
           ROB |-> 2,
           RS |-> 2,
           FU |-> 1 ],
         [ ind |-> 5691,
           addr |-> "0x105ea",
           IFacq |-> 2,
           IFrel |-> 3,
           IDacq |-> 3,
           IDrel |-> 4,
           FUacq |-> 5,
           FUrel |-> 6,
           COM |-> 6,
           ROB |-> 3,
           RS |-> 3,
           FU |-> 1 ],
         [ ind |-> 5692,
           addr |-> "0x105ee",
           IFacq |-> 2,
           IFrel |-> 3,
           IDacq |-> 3,
           IDrel |-> 4,
           FUacq |-> 6,
           FUrel |-> 7,
           COM |-> 7,
           ROB |-> 3,
           RS |-> 3,
           FU |-> 1 ],
         [ ind |-> 5693,
           addr |-> "0x104ee",
           IFacq |-> 2,
           IFrel |-> 3,
           IDacq |-> 3,
           IDrel |-> 4,
           FUacq |-> 7,
           FUrel |-> 8,
           COM |-> 8,
           ROB |-> 3,
           RS |-> 3,
           FU |-> 1 ],
         [ ind |-> 5694,
           addr |-> "0x104f0",
           IFacq |-> 2,
           IFrel |-> 3,
           IDacq |-> 3,
           IDrel |-> 4,
           FUacq |-> 5,
           FUrel |-> 6,
           COM |-> 8,
           ROB |-> 3,
           RS |-> 3,
           FU |-> 2 ],
         [ ind |-> 5695,
           addr |-> "0x104f2",
           IFacq |-> 3,
           IFrel |-> 4,
           IDacq |-> 4,
           IDrel |-> 5,
           FUacq |-> 8,
           FUrel |-> 9,
           COM |-> 9,
           ROB |-> 4,
           RS |-> 4,
           FU |-> 1 ],
         [ ind |-> 5696,
           addr |-> "0x104f4",
           IFacq |-> 3,
           IFrel |-> 4,
           IDacq |-> 4,
           IDrel |-> 5,
           FUacq |-> 6,
           FUrel |-> 7,
           COM |-> 9,
           ROB |-> 4,
           RS |-> 4,
           FU |-> 2 ],
         [ ind |-> 5697,
           addr |-> "0x104f8",
           IFacq |-> 3,
           IFrel |-> 4,
           IDacq |-> 4,
           IDrel |-> 5,
           FUacq |-> 7,
           FUrel |-> 8,
           COM |-> 9,
           ROB |-> 4,
           RS |-> 4,
           FU |-> 2 ],
         [ ind |-> 5698,
           addr |-> "0x104fc",
           IFacq |-> 3,
           IFrel |-> 4,
           IDacq |-> 4,
           IDrel |-> 5,
           FUacq |-> 8,
           FUrel |-> 18,
           COM |-> 18,
           ROB |-> 4,
           RS |-> 4,
           FU |-> 2 ],
         [ ind |-> 5699,
           addr |-> "0x10500",
           IFacq |-> 4,
           IFrel |-> 5,
           IDacq |-> 5,
           IDrel |-> 7,
           FUacq |-> 9,
           FUrel |-> 10,
           COM |-> 18,
           ROB |-> 6,
           RS |-> 6,
           FU |-> 1 ],
         [ ind |-> 5700,
           addr |-> "0x105c4",
           IFacq |-> 4,
           IFrel |-> 5,
           IDacq |-> 5,
           IDrel |-> 7,
           FUacq |-> 18,
           FUrel |-> 19,
           COM |-> 0,
           ROB |-> 6,
           RS |-> 6,
           FU |-> 2 ],
         [ ind |-> 5701,
           addr |-> "0x105c8",
           IFacq |-> 4,
           IFrel |-> 5,
           IDacq |-> 5,
           IDrel |-> 7,
           FUacq |-> 0,
           FUrel |-> 0,
           COM |-> 0,
           ROB |-> 6,
           RS |-> 6,
           FU |-> 0 ],
         [ ind |-> 5702,
           addr |-> "0x105cc",
           IFacq |-> 4,
           IFrel |-> 5,
           IDacq |-> 5,
           IDrel |-> 7,
           FUacq |-> 18,
           FUrel |-> 19,
           COM |-> 0,
           ROB |-> 6,
           RS |-> 6,
           FU |-> 1 ],
         [ ind |-> 5703,
           addr |-> "0x105d0",
           IFacq |-> 5,
           IFrel |-> 6,
           IDacq |-> 7,
           IDrel |-> 10,
           FUacq |-> 0,
           FUrel |-> 0,
           COM |-> 0,
           ROB |-> 9,
           RS |-> 9,
           FU |-> 0 ],
         [ ind |-> 5704,
           addr |-> "0x10502",
           IFacq |-> 5,
           IFrel |-> 6,
           IDacq |-> 7,
           IDrel |-> 10,
           FUacq |-> 10,
           FUrel |-> 11,
           COM |-> 0,
           ROB |-> 9,
           RS |-> 9,
           FU |-> 1 ],
         [ ind |-> 5705,
           addr |-> "0x10504",
           IFacq |-> 5,
           IFrel |-> 6,
           IDacq |-> 7,
           IDrel |-> 10,
           FUacq |-> 0,
           FUrel |-> 0,
           COM |-> 0,
           ROB |-> 9,
           RS |-> 9,
           FU |-> 0 ],
         [ ind |-> 5706,
           addr |-> "0x10508",
           IFacq |-> 5,
           IFrel |-> 6,
           IDacq |-> 7,
           IDrel |-> 10,
           FUacq |-> 0,
           FUrel |-> 0,
           COM |-> 0,
           ROB |-> 9,
           RS |-> 9,
           FU |-> 0 ],
         [ ind |-> 5707,
           addr |-> "0x1050c",
           IFacq |-> 7,
           IFrel |-> 8,
           IDacq |-> 10,
           IDrel |-> 0,
           FUacq |-> 0,
           FUrel |-> 0,
           COM |-> 0,
           ROB |-> 0,
           RS |-> 18,
           FU |-> 0 ],
         [ ind |-> 5708,
           addr |-> "0x1059e",
           IFacq |-> 7,
           IFrel |-> 8,
           IDacq |-> 10,
           IDrel |-> 0,
           FUacq |-> 0,
           FUrel |-> 0,
           COM |-> 0,
           ROB |-> 0,
           RS |-> 18,
           FU |-> 0 ],
         [ ind |-> 5709,
           addr |-> "0x105a2",
           IFacq |-> 7,
           IFrel |-> 8,
           IDacq |-> 10,
           IDrel |-> 0,
           FUacq |-> 0,
           FUrel |-> 0,
           COM |-> 0,
           ROB |-> 0,
           RS |-> 18,
           FU |-> 0 ],
         [ ind |-> 5710,
           addr |-> "0x105a6",
           IFacq |-> 7,
           IFrel |-> 8,
           IDacq |-> 10,
           IDrel |-> 0,
           FUacq |-> 0,
           FUrel |-> 0,
           COM |-> 0,
           ROB |-> 0,
           RS |-> 18,
           FU |-> 0 ],
         [ ind |-> 5711,
           addr |-> "0x105aa",
           IFacq |-> 10,
           IFrel |-> 11,
           IDacq |-> 0,
           IDrel |-> 0,
           FUacq |-> 0,
           FUrel |-> 0,
           COM |-> 0,
           ROB |-> 0,
           RS |-> 0,
           FU |-> 0 ],
         [ ind |-> 5712,
           addr |-> "0x1050e",
           IFacq |-> 10,
           IFrel |-> 11,
           IDacq |-> 0,
           IDrel |-> 0,
           FUacq |-> 0,
           FUrel |-> 0,
           COM |-> 0,
           ROB |-> 0,
           RS |-> 0,
           FU |-> 0 ],
         [ ind |-> 5713,
           addr |-> "0x10512",
           IFacq |-> 10,
           IFrel |-> 11,
           IDacq |-> 0,
           IDrel |-> 0,
           FUacq |-> 0,
           FUrel |-> 0,
           COM |-> 0,
           ROB |-> 0,
           RS |-> 0,
           FU |-> 0 ],
         [ ind |-> 5714,
           addr |-> "0x10516",
           IFacq |-> 10,
           IFrel |-> 11,
           IDacq |-> 0,
           IDrel |-> 0,
           FUacq |-> 0,
           FUrel |-> 0,
           COM |-> 0,
           ROB |-> 0,
           RS |-> 0,
           FU |-> 0 ] >>,
  edges |->
      { [type |-> "D", source |-> 5687, dest |-> 5690],
        [type |-> "D", source |-> 5693, dest |-> 5695],
        [type |-> "D", source |-> 5698, dest |-> 5702] } ]
/\ pc2 = 28
/\ robHead = 26
/\ rob = << [ instr |->
         [ ind |-> 5687,
           type |-> "IntAlu",
           r0 |-> "sp",
           r1 |-> "",
           r2 |-> "",
           addr |-> "0x105e2" ],
     executed |-> TRUE,
     done |-> TRUE ],
   [ instr |->
         [ ind |-> 5688,
           type |-> "MemWrite",
           r0 |-> "ra",
           r1 |-> "",
           r2 |-> "",
           addr |-> "0x105e4" ],
     executed |-> TRUE,
     done |-> TRUE ],
   [ instr |->
         [ ind |-> 5689,
           type |-> "MemWrite",
           r0 |-> "s0",
           r1 |-> "",
           r2 |-> "",
           addr |-> "0x105e6" ],
     executed |-> TRUE,
     done |-> TRUE ],
   [ instr |->
         [ ind |-> 5690,
           type |-> "IntAlu",
           r0 |-> "s0",
           r1 |-> "sp",
           r2 |-> "",
           addr |-> "0x105e8" ],
     executed |-> TRUE,
     done |-> TRUE ],
   [ instr |->
         [ ind |-> 5691,
           type |-> "IntAlu",
           r0 |-> "a0",
           r1 |-> "gp",
           r2 |-> "",
           addr |-> "0x105ea" ],
     executed |-> TRUE,
     done |-> TRUE ],
   [ instr |->
         [ ind |-> 5692,
           type |-> "IntAlu",
           r0 |-> "ra",
           r1 |-> "",
           r2 |-> "",
           addr |-> "0x105ee" ],
     executed |-> TRUE,
     done |-> TRUE ],
   [ instr |->
         [ ind |-> 5693,
           type |-> "IntAlu",
           r0 |-> "sp",
           r1 |-> "",
           r2 |-> "",
           addr |-> "0x104ee" ],
     executed |-> TRUE,
     done |-> TRUE ],
   [ instr |->
         [ ind |-> 5694,
           type |-> "MemWrite",
           r0 |-> "s0",
           r1 |-> "",
           r2 |-> "",
           addr |-> "0x104f0" ],
     executed |-> TRUE,
     done |-> TRUE ],
   [ instr |->
         [ ind |-> 5695,
           type |-> "IntAlu",
           r0 |-> "s0",
           r1 |-> "sp",
           r2 |-> "",
           addr |-> "0x104f2" ],
     executed |-> TRUE,
     done |-> TRUE ],
   [ instr |->
         [ ind |-> 5696,
           type |-> "MemWrite",
           r0 |-> "a0",
           r1 |-> "",
           r2 |-> "",
           addr |-> "0x104f4" ],
     executed |-> TRUE,
     done |-> TRUE ],
   [ instr |->
         [ ind |-> 5697,
           type |-> "MemWrite",
           r0 |-> "zero",
           r1 |-> "",
           r2 |-> "",
           addr |-> "0x104f8" ],
     executed |-> TRUE,
     done |-> TRUE ],
   [ instr |->
         [ ind |-> 5698,
           type |-> "MemWrite",
           r0 |-> "zero",
           r1 |-> "",
           r2 |-> "",
           addr |-> "0x104fc" ],
     executed |-> TRUE,
     done |-> TRUE ],
   [ instr |->
         [ ind |-> 5699,
           type |-> "IntAlu",
           r0 |-> "",
           r1 |-> "",
           r2 |-> "",
           addr |-> "0x10500" ],
     executed |-> TRUE,
     done |-> TRUE ],
   [ instr |->
         [ ind |-> 5700,
           type |-> "MemRead",
           r0 |-> "a5",
           r1 |-> "",
           r2 |-> "",
           addr |-> "0x105c4" ],
     executed |-> TRUE,
     done |-> TRUE ],
   [ instr |->
         [ ind |-> 5701,
           type |-> "IntAlu",
           r0 |-> "a4",
           r1 |-> "a5",
           r2 |-> "",
           addr |-> "0x105c8" ],
     executed |-> TRUE,
     done |-> TRUE ],
   [ instr |->
         [ ind |-> 5702,
           type |-> "IntAlu",
           r0 |-> "a5",
           r1 |-> "zero",
           r2 |-> "",
           addr |-> "0x105cc" ],
     executed |-> TRUE,
     done |-> TRUE ],
   [ instr |->
         [ ind |-> 5703,
           type |-> "IntAlu",
           r0 |-> "a5",
           r1 |-> "a4",
           r2 |-> "",
           addr |-> "0x105d0" ],
     executed |-> TRUE,
     done |-> TRUE ],
   [ instr |->
         [ ind |-> 5704,
           type |-> "IntAlu",
           r0 |-> "a5",
           r1 |-> "",
           r2 |-> "",
           addr |-> "0x10502" ],
     executed |-> TRUE,
     done |-> TRUE ],
   [ instr |->
         [ ind |-> 5705,
           type |-> "MemWrite",
           r0 |-> "a5",
           r1 |-> "",
           r2 |-> "",
           addr |-> "0x10504" ],
     executed |-> TRUE,
     done |-> TRUE ],
   [ instr |->
         [ ind |-> 5706,
           type |-> "MemWrite",
           r0 |-> "zero",
           r1 |-> "",
           r2 |-> "",
           addr |-> "0x10508" ],
     executed |-> TRUE,
     done |-> TRUE ],
   [ instr |->
         [ ind |-> 5707,
           type |-> "IntAlu",
           r0 |-> "",
           r1 |-> "",
           r2 |-> "",
           addr |-> "0x1050c" ],
     executed |-> TRUE,
     done |-> TRUE ],
   [ instr |->
         [ ind |-> 5708,
           type |-> "MemRead",
           r0 |-> "a5",
           r1 |-> "",
           r2 |-> "",
           addr |-> "0x1059e" ],
     executed |-> TRUE,
     done |-> TRUE ],
   [ instr |->
         [ ind |-> 5709,
           type |-> "IntAlu",
           r0 |-> "a4",
           r1 |-> "a5",
           r2 |-> "",
           addr |-> "0x105a2" ],
     executed |-> TRUE,
     done |-> TRUE ],
   [ instr |->
         [ ind |-> 5710,
           type |-> "IntAlu",
           r0 |-> "a5",
           r1 |-> "zero",
           r2 |-> "",
           addr |-> "0x105a6" ],
     executed |-> TRUE,
     done |-> TRUE ],
   [ instr |->
         [ ind |-> 5711,
           type |-> "IntAlu",
           r0 |-> "a5",
           r1 |-> "a4",
           r2 |-> "",
           addr |-> "0x105aa" ],
     executed |-> TRUE,
     done |-> TRUE ],
   [ instr |->
         [ ind |-> 5712,
           type |-> "IntAlu",
           r0 |-> "a4",
           r1 |-> "zero",
           r2 |-> "",
           addr |-> "0x1050e" ],
     executed |-> TRUE,
     done |-> FALSE ],
   [ instr |->
         [ ind |-> 5713,
           type |-> "MemRead",
           r0 |-> "a5",
           r1 |-> "",
           r2 |-> "",
           addr |-> "0x10512" ],
     executed |-> TRUE,
     done |-> FALSE ],
   [ instr |->
         [ ind |-> 5714,
           type |-> "IntAlu",
           r0 |-> "a5",
           r1 |-> "a4",
           r2 |-> "a5",
           addr |-> "0x10516" ],
     executed |-> FALSE,
     done |-> FALSE ],
   [ instr |->
         [ ind |-> 5715,
           type |-> "IntAlu",
           r0 |-> "a4",
           r1 |-> "a5",
           r2 |-> "",
           addr |-> "0x1051a" ],
     executed |-> FALSE,
     done |-> FALSE ],
   [ instr |->
         [ ind |-> 5716,
           type |-> "MemRead",
           r0 |-> "a5",
           r1 |-> "",
           r2 |-> "",
           addr |-> "0x1051e" ],
     executed |-> TRUE,
     done |-> FALSE ],
   [ instr |->
         [ ind |-> 5717,
           type |-> "IntAlu",
           r0 |-> "a5",
           r1 |-> "",
           r2 |-> "",
           addr |-> "0x10522" ],
     executed |-> FALSE,
     done |-> FALSE ],
   [ instr |->
         [ ind |-> 5718,
           type |-> "IntAlu",
           r0 |-> "a4",
           r1 |-> "a5",
           r2 |-> "",
           addr |-> "0x10524" ],
     executed |-> FALSE,
     done |-> FALSE ],
   [ instr |->
         [ ind |-> 5719,
           type |-> "MemRead",
           r0 |-> "a5",
           r1 |-> "",
           r2 |-> "",
           addr |-> "0x10528" ],
     executed |-> FALSE,
     done |-> FALSE ],
   [ instr |->
         [ ind |-> 5720,
           type |-> "IntAlu",
           r0 |-> "a5",
           r1 |-> "",
           r2 |-> "",
           addr |-> "0x1052c" ],
     executed |-> FALSE,
     done |-> FALSE ],
   [ instr |->
         [ ind |-> 5721,
           type |-> "MemRead",
           r0 |-> "a4",
           r1 |-> "",
           r2 |-> "",
           addr |-> "0x1052e" ],
     executed |-> FALSE,
     done |-> FALSE ],
   [ instr |->
         [ ind |-> 5722,
           type |-> "IntAlu",
           r0 |-> "a5",
           r1 |-> "a4",
           r2 |-> "",
           addr |-> "0x10532" ],
     executed |-> FALSE,
     done |-> FALSE ] >>
/\ _RS = << { [ ind |-> 5715,
       type |-> "IntAlu",
       r0 |-> "a4",
       r1 |-> "a5",
       r2 |-> "",
       addr |-> "0x1051a" ],
     [ ind |-> 5717,
       type |-> "IntAlu",
       r0 |-> "a5",
       r1 |-> "",
       r2 |-> "",
       addr |-> "0x10522" ],
     [ ind |-> 5718,
       type |-> "IntAlu",
       r0 |-> "a4",
       r1 |-> "a5",
       r2 |-> "",
       addr |-> "0x10524" ],
     [ ind |-> 5720,
       type |-> "IntAlu",
       r0 |-> "a5",
       r1 |-> "",
       r2 |-> "",
       addr |-> "0x1052c" ],
     [ ind |-> 5722,
       type |-> "IntAlu",
       r0 |-> "a5",
       r1 |-> "a4",
       r2 |-> "",
       addr |-> "0x10532" ] },
   { [ ind |-> 5721,
       type |-> "MemRead",
       r0 |-> "a4",
       r1 |-> "",
       r2 |-> "",
       addr |-> "0x1052e" ] },
   {},
   {},
   {} >>
/\ currCycle = 19
/\ exec_inst = 1
/\ robHead2 = 14
/\ pc = 44
/\ cpt = 0
/\ rob2 = << [ instr |->
         [ ind |-> 5687,
           type |-> "IntAlu",
           r0 |-> "sp",
           r1 |-> "",
           r2 |-> "",
           addr |-> "0x105e2" ],
     executed |-> TRUE,
     done |-> TRUE ],
   [ instr |->
         [ ind |-> 5688,
           type |-> "MemWrite",
           r0 |-> "ra",
           r1 |-> "",
           r2 |-> "",
           addr |-> "0x105e4" ],
     executed |-> TRUE,
     done |-> TRUE ],
   [ instr |->
         [ ind |-> 5689,
           type |-> "MemWrite",
           r0 |-> "s0",
           r1 |-> "",
           r2 |-> "",
           addr |-> "0x105e6" ],
     executed |-> TRUE,
     done |-> TRUE ],
   [ instr |->
         [ ind |-> 5690,
           type |-> "IntAlu",
           r0 |-> "s0",
           r1 |-> "sp",
           r2 |-> "",
           addr |-> "0x105e8" ],
     executed |-> TRUE,
     done |-> TRUE ],
   [ instr |->
         [ ind |-> 5691,
           type |-> "IntAlu",
           r0 |-> "a0",
           r1 |-> "gp",
           r2 |-> "",
           addr |-> "0x105ea" ],
     executed |-> TRUE,
     done |-> TRUE ],
   [ instr |->
         [ ind |-> 5692,
           type |-> "IntAlu",
           r0 |-> "ra",
           r1 |-> "",
           r2 |-> "",
           addr |-> "0x105ee" ],
     executed |-> TRUE,
     done |-> TRUE ],
   [ instr |->
         [ ind |-> 5693,
           type |-> "IntAlu",
           r0 |-> "sp",
           r1 |-> "",
           r2 |-> "",
           addr |-> "0x104ee" ],
     executed |-> TRUE,
     done |-> TRUE ],
   [ instr |->
         [ ind |-> 5694,
           type |-> "MemWrite",
           r0 |-> "s0",
           r1 |-> "",
           r2 |-> "",
           addr |-> "0x104f0" ],
     executed |-> TRUE,
     done |-> TRUE ],
   [ instr |->
         [ ind |-> 5695,
           type |-> "IntAlu",
           r0 |-> "s0",
           r1 |-> "sp",
           r2 |-> "",
           addr |-> "0x104f2" ],
     executed |-> TRUE,
     done |-> TRUE ],
   [ instr |->
         [ ind |-> 5696,
           type |-> "MemWrite",
           r0 |-> "a0",
           r1 |-> "",
           r2 |-> "",
           addr |-> "0x104f4" ],
     executed |-> TRUE,
     done |-> TRUE ],
   [ instr |->
         [ ind |-> 5697,
           type |-> "MemWrite",
           r0 |-> "zero",
           r1 |-> "",
           r2 |-> "",
           addr |-> "0x104f8" ],
     executed |-> TRUE,
     done |-> TRUE ],
   [ instr |->
         [ ind |-> 5698,
           type |-> "MemWrite",
           r0 |-> "zero",
           r1 |-> "",
           r2 |-> "",
           addr |-> "0x104fc" ],
     executed |-> TRUE,
     done |-> TRUE ],
   [ instr |->
         [ ind |-> 5699,
           type |-> "IntAlu",
           r0 |-> "",
           r1 |-> "",
           r2 |-> "",
           addr |-> "0x10500" ],
     executed |-> TRUE,
     done |-> TRUE ],
   [ instr |->
         [ ind |-> 5700,
           type |-> "MemRead",
           r0 |-> "a5",
           r1 |-> "",
           r2 |-> "",
           addr |-> "0x105c4" ],
     executed |-> TRUE,
     done |-> FALSE ],
   [ instr |->
         [ ind |-> 5701,
           type |-> "IntAlu",
           r0 |-> "a4",
           r1 |-> "a5",
           r2 |-> "",
           addr |-> "0x105c8" ],
     executed |-> FALSE,
     done |-> FALSE ],
   [ instr |->
         [ ind |-> 5702,
           type |-> "IntAlu",
           r0 |-> "a5",
           r1 |-> "zero",
           r2 |-> "",
           addr |-> "0x105cc" ],
     executed |-> TRUE,
     done |-> FALSE ],
   [ instr |->
         [ ind |-> 5703,
           type |-> "IntAlu",
           r0 |-> "a5",
           r1 |-> "a4",
           r2 |-> "",
           addr |-> "0x105d0" ],
     executed |-> FALSE,
     done |-> FALSE ],
   [ instr |->
         [ ind |-> 5704,
           type |-> "IntAlu",
           r0 |-> "a5",
           r1 |-> "",
           r2 |-> "",
           addr |-> "0x10502" ],
     executed |-> TRUE,
     done |-> FALSE ],
   [ instr |->
         [ ind |-> 5705,
           type |-> "MemWrite",
           r0 |-> "a5",
           r1 |-> "",
           r2 |-> "",
           addr |-> "0x10504" ],
     executed |-> FALSE,
     done |-> FALSE ],
   [ instr |->
         [ ind |-> 5706,
           type |-> "MemWrite",
           r0 |-> "zero",
           r1 |-> "",
           r2 |-> "",
           addr |-> "0x10508" ],
     executed |-> FALSE,
     done |-> FALSE ] >>
/\ _FU = << [ instr |->
         [ ind |-> 5714,
           type |-> "IntAlu",
           r0 |-> "a5",
           r1 |-> "a4",
           r2 |-> "a5",
           addr |-> "0x10516" ],
     baseLat |-> 1,
     currLat |-> 1 ],
   [ instr |->
         [ ind |-> 5719,
           type |-> "MemRead",
           r0 |-> "a5",
           r1 |-> "",
           r2 |-> "",
           addr |-> "0x10528" ],
     baseLat |-> 1,
     currLat |-> 1 ],
   [ instr |->
         [ ind |-> 0,
           type |-> "No_OpClass",
           r0 |-> "",
           r1 |-> "",
           r2 |-> "",
           addr |-> "" ],
     baseLat |-> 1,
     currLat |-> 1 ],
   [ instr |->
         [ ind |-> 0,
           type |-> "No_OpClass",
           r0 |-> "",
           r1 |-> "",
           r2 |-> "",
           addr |-> "" ],
     baseLat |-> 1,
     currLat |-> 1 ],
   [ instr |->
         [ ind |-> 0,
           type |-> "No_OpClass",
           r0 |-> "",
           r1 |-> "",
           r2 |-> "",
           addr |-> "" ],
     baseLat |-> 1,
     currLat |-> 1 ] >>

@!@!@ENDMSG 2217 @!@!@
@!@!@STARTMSG 2217:4 @!@!@
21: <Next line 60, col 9 to line 65, col 35 of module pipeline_ooo>
/\ _RS2 = << { [ ind |-> 5707,
       type |-> "IntAlu",
       r0 |-> "",
       r1 |-> "",
       r2 |-> "",
       addr |-> "0x1050c" ],
     [ ind |-> 5709,
       type |-> "IntAlu",
       r0 |-> "a4",
       r1 |-> "a5",
       r2 |-> "",
       addr |-> "0x105a2" ],
     [ ind |-> 5710,
       type |-> "IntAlu",
       r0 |-> "a5",
       r1 |-> "zero",
       r2 |-> "",
       addr |-> "0x105a6" ] },
   { [ ind |-> 5708,
       type |-> "MemRead",
       r0 |-> "a5",
       r1 |-> "",
       r2 |-> "",
       addr |-> "0x1059e" ] },
   {},
   {},
   {} >>
/\ _COM2 = << [ ind |-> 5701,
     type |-> "IntAlu",
     r0 |-> "a4",
     r1 |-> "a5",
     r2 |-> "",
     addr |-> "0x105c8" ],
   [ ind |-> 5702,
     type |-> "IntAlu",
     r0 |-> "a5",
     r1 |-> "zero",
     r2 |-> "",
     addr |-> "0x105cc" ],
   [ ind |-> 0,
     type |-> "No_OpClass",
     r0 |-> "",
     r1 |-> "",
     r2 |-> "",
     addr |-> "" ],
   [ ind |-> 0,
     type |-> "No_OpClass",
     r0 |-> "",
     r1 |-> "",
     r2 |-> "",
     addr |-> "" ] >>
/\ _ID = << [ ind |-> 5723,
     type |-> "MemRead",
     r0 |-> "a3",
     r1 |-> "",
     r2 |-> "",
     addr |-> "0x10534" ],
   [ ind |-> 5724,
     type |-> "MemRead",
     r0 |-> "a5",
     r1 |-> "",
     r2 |-> "",
     addr |-> "0x10536" ],
   [ ind |-> 5725,
     type |-> "IntAlu",
     r0 |-> "a5",
     r1 |-> "",
     r2 |-> "",
     addr |-> "0x1053a" ],
   [ ind |-> 5726,
     type |-> "IntAlu",
     r0 |-> "a5",
     r1 |-> "",
     r2 |-> "",
     addr |-> "0x1053c" ] >>
/\ _IF = << [ instr |->
         [ ind |-> 5727,
           type |-> "MemRead",
           r0 |-> "a4",
           r1 |-> "",
           r2 |-> "",
           addr |-> "0x1053e" ],
     baseLat |-> 1,
     currLat |-> 2 ],
   [ instr |->
         [ ind |-> 5728,
           type |-> "IntAlu",
           r0 |-> "a5",
           r1 |-> "a4",
           r2 |-> "",
           addr |-> "0x10542" ],
     baseLat |-> 1,
     currLat |-> 2 ],
   [ instr |->
         [ ind |-> 5729,
           type |-> "MemRead",
           r0 |-> "a5",
           r1 |-> "",
           r2 |-> "",
           addr |-> "0x10544" ],
     baseLat |-> 1,
     currLat |-> 2 ],
   [ instr |->
         [ ind |-> 5730,
           type |-> "IntAlu",
           r0 |-> "a4",
           r1 |-> "a3",
           r2 |-> "",
           addr |-> "0x10546" ],
     baseLat |-> 1,
     currLat |-> 2 ] >>
/\ _FU2 = << [ instr |->
         [ ind |-> 5703,
           type |-> "IntAlu",
           r0 |-> "a5",
           r1 |-> "a4",
           r2 |-> "",
           addr |-> "0x105d0" ],
     baseLat |-> 1,
     currLat |-> 1 ],
   [ instr |->
         [ ind |-> 5706,
           type |-> "MemWrite",
           r0 |-> "zero",
           r1 |-> "",
           r2 |-> "",
           addr |-> "0x10508" ],
     baseLat |-> 1,
     currLat |-> 1 ],
   [ instr |->
         [ ind |-> 0,
           type |-> "No_OpClass",
           r0 |-> "",
           r1 |-> "",
           r2 |-> "",
           addr |-> "" ],
     baseLat |-> 1,
     currLat |-> 1 ],
   [ instr |->
         [ ind |-> 0,
           type |-> "No_OpClass",
           r0 |-> "",
           r1 |-> "",
           r2 |-> "",
           addr |-> "" ],
     baseLat |-> 1,
     currLat |-> 1 ],
   [ instr |->
         [ ind |-> 0,
           type |-> "No_OpClass",
           r0 |-> "",
           r1 |-> "",
           r2 |-> "",
           addr |-> "" ],
     baseLat |-> 1,
     currLat |-> 1 ] >>
/\ _COM = << [ ind |-> 5714,
     type |-> "IntAlu",
     r0 |-> "a5",
     r1 |-> "a4",
     r2 |-> "a5",
     addr |-> "0x10516" ],
   [ ind |-> 0,
     type |-> "No_OpClass",
     r0 |-> "",
     r1 |-> "",
     r2 |-> "",
     addr |-> "" ],
   [ ind |-> 0,
     type |-> "No_OpClass",
     r0 |-> "",
     r1 |-> "",
     r2 |-> "",
     addr |-> "" ],
   [ ind |-> 0,
     type |-> "No_OpClass",
     r0 |-> "",
     r1 |-> "",
     r2 |-> "",
     addr |-> "" ] >>
/\ exec_inst2 = 2
/\ _ID2 = << [ ind |-> 5711,
     type |-> "IntAlu",
     r0 |-> "a5",
     r1 |-> "a4",
     r2 |-> "",
     addr |-> "0x105aa" ],
   [ ind |-> 5712,
     type |-> "IntAlu",
     r0 |-> "a4",
     r1 |-> "zero",
     r2 |-> "",
     addr |-> "0x1050e" ],
   [ ind |-> 5713,
     type |-> "MemRead",
     r0 |-> "a5",
     r1 |-> "",
     r2 |-> "",
     addr |-> "0x10512" ],
   [ ind |-> 5714,
     type |-> "IntAlu",
     r0 |-> "a5",
     r1 |-> "a4",
     r2 |-> "a5",
     addr |-> "0x10516" ] >>
/\ graph = [ nodes |->
      << [ ind |-> 5687,
           addr |-> "0x105e2",
           IFacq |-> 1,
           IFrel |-> 2,
           IDacq |-> 2,
           IDrel |-> 3,
           FUacq |-> 3,
           FUrel |-> 4,
           COM |-> 4,
           ROB |-> 2,
           RS |-> 2,
           FU |-> 1 ],
         [ ind |-> 5688,
           addr |-> "0x105e4",
           IFacq |-> 1,
           IFrel |-> 2,
           IDacq |-> 2,
           IDrel |-> 3,
           FUacq |-> 3,
           FUrel |-> 4,
           COM |-> 4,
           ROB |-> 2,
           RS |-> 2,
           FU |-> 2 ],
         [ ind |-> 5689,
           addr |-> "0x105e6",
           IFacq |-> 1,
           IFrel |-> 2,
           IDacq |-> 2,
           IDrel |-> 3,
           FUacq |-> 4,
           FUrel |-> 5,
           COM |-> 5,
           ROB |-> 2,
           RS |-> 2,
           FU |-> 2 ],
         [ ind |-> 5690,
           addr |-> "0x105e8",
           IFacq |-> 1,
           IFrel |-> 2,
           IDacq |-> 2,
           IDrel |-> 3,
           FUacq |-> 4,
           FUrel |-> 5,
           COM |-> 5,
           ROB |-> 2,
           RS |-> 2,
           FU |-> 1 ],
         [ ind |-> 5691,
           addr |-> "0x105ea",
           IFacq |-> 2,
           IFrel |-> 3,
           IDacq |-> 3,
           IDrel |-> 4,
           FUacq |-> 5,
           FUrel |-> 6,
           COM |-> 6,
           ROB |-> 3,
           RS |-> 3,
           FU |-> 1 ],
         [ ind |-> 5692,
           addr |-> "0x105ee",
           IFacq |-> 2,
           IFrel |-> 3,
           IDacq |-> 3,
           IDrel |-> 4,
           FUacq |-> 6,
           FUrel |-> 7,
           COM |-> 7,
           ROB |-> 3,
           RS |-> 3,
           FU |-> 1 ],
         [ ind |-> 5693,
           addr |-> "0x104ee",
           IFacq |-> 2,
           IFrel |-> 3,
           IDacq |-> 3,
           IDrel |-> 4,
           FUacq |-> 7,
           FUrel |-> 8,
           COM |-> 8,
           ROB |-> 3,
           RS |-> 3,
           FU |-> 1 ],
         [ ind |-> 5694,
           addr |-> "0x104f0",
           IFacq |-> 2,
           IFrel |-> 3,
           IDacq |-> 3,
           IDrel |-> 4,
           FUacq |-> 5,
           FUrel |-> 6,
           COM |-> 8,
           ROB |-> 3,
           RS |-> 3,
           FU |-> 2 ],
         [ ind |-> 5695,
           addr |-> "0x104f2",
           IFacq |-> 3,
           IFrel |-> 4,
           IDacq |-> 4,
           IDrel |-> 5,
           FUacq |-> 8,
           FUrel |-> 9,
           COM |-> 9,
           ROB |-> 4,
           RS |-> 4,
           FU |-> 1 ],
         [ ind |-> 5696,
           addr |-> "0x104f4",
           IFacq |-> 3,
           IFrel |-> 4,
           IDacq |-> 4,
           IDrel |-> 5,
           FUacq |-> 6,
           FUrel |-> 7,
           COM |-> 9,
           ROB |-> 4,
           RS |-> 4,
           FU |-> 2 ],
         [ ind |-> 5697,
           addr |-> "0x104f8",
           IFacq |-> 3,
           IFrel |-> 4,
           IDacq |-> 4,
           IDrel |-> 5,
           FUacq |-> 7,
           FUrel |-> 8,
           COM |-> 9,
           ROB |-> 4,
           RS |-> 4,
           FU |-> 2 ],
         [ ind |-> 5698,
           addr |-> "0x104fc",
           IFacq |-> 3,
           IFrel |-> 4,
           IDacq |-> 4,
           IDrel |-> 5,
           FUacq |-> 8,
           FUrel |-> 9,
           COM |-> 9,
           ROB |-> 4,
           RS |-> 4,
           FU |-> 2 ],
         [ ind |-> 5699,
           addr |-> "0x10500",
           IFacq |-> 4,
           IFrel |-> 5,
           IDacq |-> 5,
           IDrel |-> 7,
           FUacq |-> 9,
           FUrel |-> 10,
           COM |-> 10,
           ROB |-> 6,
           RS |-> 6,
           FU |-> 1 ],
         [ ind |-> 5700,
           addr |-> "0x105c4",
           IFacq |-> 4,
           IFrel |-> 5,
           IDacq |-> 5,
           IDrel |-> 7,
           FUacq |-> 9,
           FUrel |-> 10,
           COM |-> 10,
           ROB |-> 6,
           RS |-> 6,
           FU |-> 2 ],
         [ ind |-> 5701,
           addr |-> "0x105c8",
           IFacq |-> 4,
           IFrel |-> 5,
           IDacq |-> 5,
           IDrel |-> 7,
           FUacq |-> 10,
           FUrel |-> 11,
           COM |-> 11,
           ROB |-> 6,
           RS |-> 6,
           FU |-> 1 ],
         [ ind |-> 5702,
           addr |-> "0x105cc",
           IFacq |-> 4,
           IFrel |-> 5,
           IDacq |-> 5,
           IDrel |-> 7,
           FUacq |-> 11,
           FUrel |-> 12,
           COM |-> 12,
           ROB |-> 6,
           RS |-> 6,
           FU |-> 1 ],
         [ ind |-> 5703,
           addr |-> "0x105d0",
           IFacq |-> 5,
           IFrel |-> 6,
           IDacq |-> 7,
           IDrel |-> 10,
           FUacq |-> 12,
           FUrel |-> 13,
           COM |-> 13,
           ROB |-> 9,
           RS |-> 9,
           FU |-> 1 ],
         [ ind |-> 5704,
           addr |-> "0x10502",
           IFacq |-> 5,
           IFrel |-> 6,
           IDacq |-> 7,
           IDrel |-> 10,
           FUacq |-> 13,
           FUrel |-> 14,
           COM |-> 14,
           ROB |-> 9,
           RS |-> 9,
           FU |-> 1 ],
         [ ind |-> 5705,
           addr |-> "0x10504",
           IFacq |-> 5,
           IFrel |-> 6,
           IDacq |-> 7,
           IDrel |-> 10,
           FUacq |-> 10,
           FUrel |-> 11,
           COM |-> 14,
           ROB |-> 9,
           RS |-> 9,
           FU |-> 2 ],
         [ ind |-> 5706,
           addr |-> "0x10508",
           IFacq |-> 5,
           IFrel |-> 6,
           IDacq |-> 7,
           IDrel |-> 10,
           FUacq |-> 11,
           FUrel |-> 12,
           COM |-> 14,
           ROB |-> 9,
           RS |-> 9,
           FU |-> 2 ],
         [ ind |-> 5707,
           addr |-> "0x1050c",
           IFacq |-> 7,
           IFrel |-> 8,
           IDacq |-> 10,
           IDrel |-> 11,
           FUacq |-> 14,
           FUrel |-> 15,
           COM |-> 15,
           ROB |-> 10,
           RS |-> 10,
           FU |-> 1 ],
         [ ind |-> 5708,
           addr |-> "0x1059e",
           IFacq |-> 7,
           IFrel |-> 8,
           IDacq |-> 10,
           IDrel |-> 11,
           FUacq |-> 12,
           FUrel |-> 13,
           COM |-> 15,
           ROB |-> 10,
           RS |-> 10,
           FU |-> 2 ],
         [ ind |-> 5709,
           addr |-> "0x105a2",
           IFacq |-> 7,
           IFrel |-> 8,
           IDacq |-> 10,
           IDrel |-> 11,
           FUacq |-> 15,
           FUrel |-> 16,
           COM |-> 16,
           ROB |-> 10,
           RS |-> 10,
           FU |-> 1 ],
         [ ind |-> 5710,
           addr |-> "0x105a6",
           IFacq |-> 7,
           IFrel |-> 8,
           IDacq |-> 10,
           IDrel |-> 11,
           FUacq |-> 16,
           FUrel |-> 17,
           COM |-> 17,
           ROB |-> 10,
           RS |-> 10,
           FU |-> 1 ],
         [ ind |-> 5711,
           addr |-> "0x105aa",
           IFacq |-> 10,
           IFrel |-> 11,
           IDacq |-> 11,
           IDrel |-> 14,
           FUacq |-> 17,
           FUrel |-> 18,
           COM |-> 18,
           ROB |-> 13,
           RS |-> 13,
           FU |-> 1 ],
         [ ind |-> 5712,
           addr |-> "0x1050e",
           IFacq |-> 10,
           IFrel |-> 11,
           IDacq |-> 11,
           IDrel |-> 14,
           FUacq |-> 18,
           FUrel |-> 19,
           COM |-> 19,
           ROB |-> 13,
           RS |-> 13,
           FU |-> 1 ],
         [ ind |-> 5713,
           addr |-> "0x10512",
           IFacq |-> 10,
           IFrel |-> 11,
           IDacq |-> 11,
           IDrel |-> 14,
           FUacq |-> 14,
           FUrel |-> 15,
           COM |-> 19,
           ROB |-> 13,
           RS |-> 13,
           FU |-> 2 ],
         [ ind |-> 5714,
           addr |-> "0x10516",
           IFacq |-> 10,
           IFrel |-> 11,
           IDacq |-> 11,
           IDrel |-> 14,
           FUacq |-> 19,
           FUrel |-> 20,
           COM |-> 0,
           ROB |-> 13,
           RS |-> 13,
           FU |-> 1 ],
         [ ind |-> 5715,
           addr |-> "0x1051a",
           IFacq |-> 11,
           IFrel |-> 12,
           IDacq |-> 14,
           IDrel |-> 16,
           FUacq |-> 0,
           FUrel |-> 0,
           COM |-> 0,
           ROB |-> 15,
           RS |-> 15,
           FU |-> 0 ],
         [ ind |-> 5716,
           addr |-> "0x1051e",
           IFacq |-> 11,
           IFrel |-> 12,
           IDacq |-> 14,
           IDrel |-> 16,
           FUacq |-> 16,
           FUrel |-> 17,
           COM |-> 0,
           ROB |-> 15,
           RS |-> 15,
           FU |-> 2 ],
         [ ind |-> 5717,
           addr |-> "0x10522",
           IFacq |-> 11,
           IFrel |-> 12,
           IDacq |-> 14,
           IDrel |-> 16,
           FUacq |-> 0,
           FUrel |-> 0,
           COM |-> 0,
           ROB |-> 15,
           RS |-> 15,
           FU |-> 0 ],
         [ ind |-> 5718,
           addr |-> "0x10524",
           IFacq |-> 11,
           IFrel |-> 12,
           IDacq |-> 14,
           IDrel |-> 16,
           FUacq |-> 0,
           FUrel |-> 0,
           COM |-> 0,
           ROB |-> 15,
           RS |-> 15,
           FU |-> 0 ],
         [ ind |-> 5719,
           addr |-> "0x10528",
           IFacq |-> 14,
           IFrel |-> 15,
           IDacq |-> 16,
           IDrel |-> 19,
           FUacq |-> 19,
           FUrel |-> 20,
           COM |-> 0,
           ROB |-> 18,
           RS |-> 18,
           FU |-> 2 ],
         [ ind |-> 5720,
           addr |-> "0x1052c",
           IFacq |-> 14,
           IFrel |-> 15,
           IDacq |-> 16,
           IDrel |-> 19,
           FUacq |-> 0,
           FUrel |-> 0,
           COM |-> 0,
           ROB |-> 18,
           RS |-> 18,
           FU |-> 0 ],
         [ ind |-> 5721,
           addr |-> "0x1052e",
           IFacq |-> 14,
           IFrel |-> 15,
           IDacq |-> 16,
           IDrel |-> 19,
           FUacq |-> 0,
           FUrel |-> 0,
           COM |-> 0,
           ROB |-> 18,
           RS |-> 18,
           FU |-> 0 ],
         [ ind |-> 5722,
           addr |-> "0x10532",
           IFacq |-> 14,
           IFrel |-> 15,
           IDacq |-> 16,
           IDrel |-> 19,
           FUacq |-> 0,
           FUrel |-> 0,
           COM |-> 0,
           ROB |-> 18,
           RS |-> 18,
           FU |-> 0 ],
         [ ind |-> 5723,
           addr |-> "0x10534",
           IFacq |-> 16,
           IFrel |-> 17,
           IDacq |-> 19,
           IDrel |-> 0,
           FUacq |-> 0,
           FUrel |-> 0,
           COM |-> 0,
           ROB |-> 0,
           RS |-> 19,
           FU |-> 0 ],
         [ ind |-> 5724,
           addr |-> "0x10536",
           IFacq |-> 16,
           IFrel |-> 17,
           IDacq |-> 19,
           IDrel |-> 0,
           FUacq |-> 0,
           FUrel |-> 0,
           COM |-> 0,
           ROB |-> 0,
           RS |-> 19,
           FU |-> 0 ],
         [ ind |-> 5725,
           addr |-> "0x1053a",
           IFacq |-> 16,
           IFrel |-> 17,
           IDacq |-> 19,
           IDrel |-> 0,
           FUacq |-> 0,
           FUrel |-> 0,
           COM |-> 0,
           ROB |-> 0,
           RS |-> 19,
           FU |-> 0 ],
         [ ind |-> 5726,
           addr |-> "0x1053c",
           IFacq |-> 16,
           IFrel |-> 17,
           IDacq |-> 19,
           IDrel |-> 0,
           FUacq |-> 0,
           FUrel |-> 0,
           COM |-> 0,
           ROB |-> 0,
           RS |-> 19,
           FU |-> 0 ],
         [ ind |-> 5727,
           addr |-> "0x1053e",
           IFacq |-> 19,
           IFrel |-> 20,
           IDacq |-> 0,
           IDrel |-> 0,
           FUacq |-> 0,
           FUrel |-> 0,
           COM |-> 0,
           ROB |-> 0,
           RS |-> 0,
           FU |-> 0 ],
         [ ind |-> 5728,
           addr |-> "0x10542",
           IFacq |-> 19,
           IFrel |-> 20,
           IDacq |-> 0,
           IDrel |-> 0,
           FUacq |-> 0,
           FUrel |-> 0,
           COM |-> 0,
           ROB |-> 0,
           RS |-> 0,
           FU |-> 0 ],
         [ ind |-> 5729,
           addr |-> "0x10544",
           IFacq |-> 19,
           IFrel |-> 20,
           IDacq |-> 0,
           IDrel |-> 0,
           FUacq |-> 0,
           FUrel |-> 0,
           COM |-> 0,
           ROB |-> 0,
           RS |-> 0,
           FU |-> 0 ],
         [ ind |-> 5730,
           addr |-> "0x10546",
           IFacq |-> 19,
           IFrel |-> 20,
           IDacq |-> 0,
           IDrel |-> 0,
           FUacq |-> 0,
           FUrel |-> 0,
           COM |-> 0,
           ROB |-> 0,
           RS |-> 0,
           FU |-> 0 ] >>,
  edges |->
      { [type |-> "D", source |-> 5687, dest |-> 5690],
        [type |-> "D", source |-> 5693, dest |-> 5695],
        [type |-> "D", source |-> 5700, dest |-> 5701],
        [type |-> "D", source |-> 5708, dest |-> 5709],
        [type |-> "D", source |-> 5712, dest |-> 5714],
        [type |-> "D", source |-> 5713, dest |-> 5714] } ]
/\ currCycle2 = 20
/\ _IF2 = << [ instr |->
         [ ind |-> 5715,
           type |-> "IntAlu",
           r0 |-> "a4",
           r1 |-> "a5",
           r2 |-> "",
           addr |-> "0x1051a" ],
     baseLat |-> 1,
     currLat |-> 1 ],
   [ instr |->
         [ ind |-> 5716,
           type |-> "MemRead",
           r0 |-> "a5",
           r1 |-> "",
           r2 |-> "",
           addr |-> "0x1051e" ],
     baseLat |-> 1,
     currLat |-> 1 ],
   [ instr |->
         [ ind |-> 5717,
           type |-> "IntAlu",
           r0 |-> "a5",
           r1 |-> "",
           r2 |-> "",
           addr |-> "0x10522" ],
     baseLat |-> 1,
     currLat |-> 1 ],
   [ instr |->
         [ ind |-> 5718,
           type |-> "IntAlu",
           r0 |-> "a4",
           r1 |-> "a5",
           r2 |-> "",
           addr |-> "0x10524" ],
     baseLat |-> 1,
     currLat |-> 1 ] >>
/\ graph2 = [ nodes |->
      << [ ind |-> 5687,
           addr |-> "0x105e2",
           IFacq |-> 1,
           IFrel |-> 2,
           IDacq |-> 2,
           IDrel |-> 3,
           FUacq |-> 3,
           FUrel |-> 4,
           COM |-> 4,
           ROB |-> 2,
           RS |-> 2,
           FU |-> 1 ],
         [ ind |-> 5688,
           addr |-> "0x105e4",
           IFacq |-> 1,
           IFrel |-> 2,
           IDacq |-> 2,
           IDrel |-> 3,
           FUacq |-> 3,
           FUrel |-> 4,
           COM |-> 4,
           ROB |-> 2,
           RS |-> 2,
           FU |-> 2 ],
         [ ind |-> 5689,
           addr |-> "0x105e6",
           IFacq |-> 1,
           IFrel |-> 2,
           IDacq |-> 2,
           IDrel |-> 3,
           FUacq |-> 4,
           FUrel |-> 5,
           COM |-> 5,
           ROB |-> 2,
           RS |-> 2,
           FU |-> 2 ],
         [ ind |-> 5690,
           addr |-> "0x105e8",
           IFacq |-> 1,
           IFrel |-> 2,
           IDacq |-> 2,
           IDrel |-> 3,
           FUacq |-> 4,
           FUrel |-> 5,
           COM |-> 5,
           ROB |-> 2,
           RS |-> 2,
           FU |-> 1 ],
         [ ind |-> 5691,
           addr |-> "0x105ea",
           IFacq |-> 2,
           IFrel |-> 3,
           IDacq |-> 3,
           IDrel |-> 4,
           FUacq |-> 5,
           FUrel |-> 6,
           COM |-> 6,
           ROB |-> 3,
           RS |-> 3,
           FU |-> 1 ],
         [ ind |-> 5692,
           addr |-> "0x105ee",
           IFacq |-> 2,
           IFrel |-> 3,
           IDacq |-> 3,
           IDrel |-> 4,
           FUacq |-> 6,
           FUrel |-> 7,
           COM |-> 7,
           ROB |-> 3,
           RS |-> 3,
           FU |-> 1 ],
         [ ind |-> 5693,
           addr |-> "0x104ee",
           IFacq |-> 2,
           IFrel |-> 3,
           IDacq |-> 3,
           IDrel |-> 4,
           FUacq |-> 7,
           FUrel |-> 8,
           COM |-> 8,
           ROB |-> 3,
           RS |-> 3,
           FU |-> 1 ],
         [ ind |-> 5694,
           addr |-> "0x104f0",
           IFacq |-> 2,
           IFrel |-> 3,
           IDacq |-> 3,
           IDrel |-> 4,
           FUacq |-> 5,
           FUrel |-> 6,
           COM |-> 8,
           ROB |-> 3,
           RS |-> 3,
           FU |-> 2 ],
         [ ind |-> 5695,
           addr |-> "0x104f2",
           IFacq |-> 3,
           IFrel |-> 4,
           IDacq |-> 4,
           IDrel |-> 5,
           FUacq |-> 8,
           FUrel |-> 9,
           COM |-> 9,
           ROB |-> 4,
           RS |-> 4,
           FU |-> 1 ],
         [ ind |-> 5696,
           addr |-> "0x104f4",
           IFacq |-> 3,
           IFrel |-> 4,
           IDacq |-> 4,
           IDrel |-> 5,
           FUacq |-> 6,
           FUrel |-> 7,
           COM |-> 9,
           ROB |-> 4,
           RS |-> 4,
           FU |-> 2 ],
         [ ind |-> 5697,
           addr |-> "0x104f8",
           IFacq |-> 3,
           IFrel |-> 4,
           IDacq |-> 4,
           IDrel |-> 5,
           FUacq |-> 7,
           FUrel |-> 8,
           COM |-> 9,
           ROB |-> 4,
           RS |-> 4,
           FU |-> 2 ],
         [ ind |-> 5698,
           addr |-> "0x104fc",
           IFacq |-> 3,
           IFrel |-> 4,
           IDacq |-> 4,
           IDrel |-> 5,
           FUacq |-> 8,
           FUrel |-> 18,
           COM |-> 18,
           ROB |-> 4,
           RS |-> 4,
           FU |-> 2 ],
         [ ind |-> 5699,
           addr |-> "0x10500",
           IFacq |-> 4,
           IFrel |-> 5,
           IDacq |-> 5,
           IDrel |-> 7,
           FUacq |-> 9,
           FUrel |-> 10,
           COM |-> 18,
           ROB |-> 6,
           RS |-> 6,
           FU |-> 1 ],
         [ ind |-> 5700,
           addr |-> "0x105c4",
           IFacq |-> 4,
           IFrel |-> 5,
           IDacq |-> 5,
           IDrel |-> 7,
           FUacq |-> 18,
           FUrel |-> 19,
           COM |-> 19,
           ROB |-> 6,
           RS |-> 6,
           FU |-> 2 ],
         [ ind |-> 5701,
           addr |-> "0x105c8",
           IFacq |-> 4,
           IFrel |-> 5,
           IDacq |-> 5,
           IDrel |-> 7,
           FUacq |-> 19,
           FUrel |-> 20,
           COM |-> 0,
           ROB |-> 6,
           RS |-> 6,
           FU |-> 1 ],
         [ ind |-> 5702,
           addr |-> "0x105cc",
           IFacq |-> 4,
           IFrel |-> 5,
           IDacq |-> 5,
           IDrel |-> 7,
           FUacq |-> 18,
           FUrel |-> 19,
           COM |-> 0,
           ROB |-> 6,
           RS |-> 6,
           FU |-> 1 ],
         [ ind |-> 5703,
           addr |-> "0x105d0",
           IFacq |-> 5,
           IFrel |-> 6,
           IDacq |-> 7,
           IDrel |-> 10,
           FUacq |-> 0,
           FUrel |-> 0,
           COM |-> 0,
           ROB |-> 9,
           RS |-> 9,
           FU |-> 0 ],
         [ ind |-> 5704,
           addr |-> "0x10502",
           IFacq |-> 5,
           IFrel |-> 6,
           IDacq |-> 7,
           IDrel |-> 10,
           FUacq |-> 10,
           FUrel |-> 11,
           COM |-> 0,
           ROB |-> 9,
           RS |-> 9,
           FU |-> 1 ],
         [ ind |-> 5705,
           addr |-> "0x10504",
           IFacq |-> 5,
           IFrel |-> 6,
           IDacq |-> 7,
           IDrel |-> 10,
           FUacq |-> 19,
           FUrel |-> 20,
           COM |-> 0,
           ROB |-> 9,
           RS |-> 9,
           FU |-> 2 ],
         [ ind |-> 5706,
           addr |-> "0x10508",
           IFacq |-> 5,
           IFrel |-> 6,
           IDacq |-> 7,
           IDrel |-> 10,
           FUacq |-> 0,
           FUrel |-> 0,
           COM |-> 0,
           ROB |-> 9,
           RS |-> 9,
           FU |-> 0 ],
         [ ind |-> 5707,
           addr |-> "0x1050c",
           IFacq |-> 7,
           IFrel |-> 8,
           IDacq |-> 10,
           IDrel |-> 20,
           FUacq |-> 0,
           FUrel |-> 0,
           COM |-> 0,
           ROB |-> 19,
           RS |-> 19,
           FU |-> 0 ],
         [ ind |-> 5708,
           addr |-> "0x1059e",
           IFacq |-> 7,
           IFrel |-> 8,
           IDacq |-> 10,
           IDrel |-> 20,
           FUacq |-> 0,
           FUrel |-> 0,
           COM |-> 0,
           ROB |-> 19,
           RS |-> 19,
           FU |-> 0 ],
         [ ind |-> 5709,
           addr |-> "0x105a2",
           IFacq |-> 7,
           IFrel |-> 8,
           IDacq |-> 10,
           IDrel |-> 20,
           FUacq |-> 0,
           FUrel |-> 0,
           COM |-> 0,
           ROB |-> 19,
           RS |-> 19,
           FU |-> 0 ],
         [ ind |-> 5710,
           addr |-> "0x105a6",
           IFacq |-> 7,
           IFrel |-> 8,
           IDacq |-> 10,
           IDrel |-> 20,
           FUacq |-> 0,
           FUrel |-> 0,
           COM |-> 0,
           ROB |-> 19,
           RS |-> 19,
           FU |-> 0 ],
         [ ind |-> 5711,
           addr |-> "0x105aa",
           IFacq |-> 10,
           IFrel |-> 11,
           IDacq |-> 0,
           IDrel |-> 0,
           FUacq |-> 0,
           FUrel |-> 0,
           COM |-> 0,
           ROB |-> 0,
           RS |-> 0,
           FU |-> 0 ],
         [ ind |-> 5712,
           addr |-> "0x1050e",
           IFacq |-> 10,
           IFrel |-> 11,
           IDacq |-> 0,
           IDrel |-> 0,
           FUacq |-> 0,
           FUrel |-> 0,
           COM |-> 0,
           ROB |-> 0,
           RS |-> 0,
           FU |-> 0 ],
         [ ind |-> 5713,
           addr |-> "0x10512",
           IFacq |-> 10,
           IFrel |-> 11,
           IDacq |-> 0,
           IDrel |-> 0,
           FUacq |-> 0,
           FUrel |-> 0,
           COM |-> 0,
           ROB |-> 0,
           RS |-> 0,
           FU |-> 0 ],
         [ ind |-> 5714,
           addr |-> "0x10516",
           IFacq |-> 10,
           IFrel |-> 11,
           IDacq |-> 0,
           IDrel |-> 0,
           FUacq |-> 0,
           FUrel |-> 0,
           COM |-> 0,
           ROB |-> 0,
           RS |-> 0,
           FU |-> 0 ] >>,
  edges |->
      { [type |-> "D", source |-> 5687, dest |-> 5690],
        [type |-> "D", source |-> 5693, dest |-> 5695],
        [type |-> "D", source |-> 5698, dest |-> 5702],
        [type |-> "D", source |-> 5700, dest |-> 5701] } ]
/\ pc2 = 32
/\ robHead = 28
/\ rob = << [ instr |->
         [ ind |-> 5687,
           type |-> "IntAlu",
           r0 |-> "sp",
           r1 |-> "",
           r2 |-> "",
           addr |-> "0x105e2" ],
     executed |-> TRUE,
     done |-> TRUE ],
   [ instr |->
         [ ind |-> 5688,
           type |-> "MemWrite",
           r0 |-> "ra",
           r1 |-> "",
           r2 |-> "",
           addr |-> "0x105e4" ],
     executed |-> TRUE,
     done |-> TRUE ],
   [ instr |->
         [ ind |-> 5689,
           type |-> "MemWrite",
           r0 |-> "s0",
           r1 |-> "",
           r2 |-> "",
           addr |-> "0x105e6" ],
     executed |-> TRUE,
     done |-> TRUE ],
   [ instr |->
         [ ind |-> 5690,
           type |-> "IntAlu",
           r0 |-> "s0",
           r1 |-> "sp",
           r2 |-> "",
           addr |-> "0x105e8" ],
     executed |-> TRUE,
     done |-> TRUE ],
   [ instr |->
         [ ind |-> 5691,
           type |-> "IntAlu",
           r0 |-> "a0",
           r1 |-> "gp",
           r2 |-> "",
           addr |-> "0x105ea" ],
     executed |-> TRUE,
     done |-> TRUE ],
   [ instr |->
         [ ind |-> 5692,
           type |-> "IntAlu",
           r0 |-> "ra",
           r1 |-> "",
           r2 |-> "",
           addr |-> "0x105ee" ],
     executed |-> TRUE,
     done |-> TRUE ],
   [ instr |->
         [ ind |-> 5693,
           type |-> "IntAlu",
           r0 |-> "sp",
           r1 |-> "",
           r2 |-> "",
           addr |-> "0x104ee" ],
     executed |-> TRUE,
     done |-> TRUE ],
   [ instr |->
         [ ind |-> 5694,
           type |-> "MemWrite",
           r0 |-> "s0",
           r1 |-> "",
           r2 |-> "",
           addr |-> "0x104f0" ],
     executed |-> TRUE,
     done |-> TRUE ],
   [ instr |->
         [ ind |-> 5695,
           type |-> "IntAlu",
           r0 |-> "s0",
           r1 |-> "sp",
           r2 |-> "",
           addr |-> "0x104f2" ],
     executed |-> TRUE,
     done |-> TRUE ],
   [ instr |->
         [ ind |-> 5696,
           type |-> "MemWrite",
           r0 |-> "a0",
           r1 |-> "",
           r2 |-> "",
           addr |-> "0x104f4" ],
     executed |-> TRUE,
     done |-> TRUE ],
   [ instr |->
         [ ind |-> 5697,
           type |-> "MemWrite",
           r0 |-> "zero",
           r1 |-> "",
           r2 |-> "",
           addr |-> "0x104f8" ],
     executed |-> TRUE,
     done |-> TRUE ],
   [ instr |->
         [ ind |-> 5698,
           type |-> "MemWrite",
           r0 |-> "zero",
           r1 |-> "",
           r2 |-> "",
           addr |-> "0x104fc" ],
     executed |-> TRUE,
     done |-> TRUE ],
   [ instr |->
         [ ind |-> 5699,
           type |-> "IntAlu",
           r0 |-> "",
           r1 |-> "",
           r2 |-> "",
           addr |-> "0x10500" ],
     executed |-> TRUE,
     done |-> TRUE ],
   [ instr |->
         [ ind |-> 5700,
           type |-> "MemRead",
           r0 |-> "a5",
           r1 |-> "",
           r2 |-> "",
           addr |-> "0x105c4" ],
     executed |-> TRUE,
     done |-> TRUE ],
   [ instr |->
         [ ind |-> 5701,
           type |-> "IntAlu",
           r0 |-> "a4",
           r1 |-> "a5",
           r2 |-> "",
           addr |-> "0x105c8" ],
     executed |-> TRUE,
     done |-> TRUE ],
   [ instr |->
         [ ind |-> 5702,
           type |-> "IntAlu",
           r0 |-> "a5",
           r1 |-> "zero",
           r2 |-> "",
           addr |-> "0x105cc" ],
     executed |-> TRUE,
     done |-> TRUE ],
   [ instr |->
         [ ind |-> 5703,
           type |-> "IntAlu",
           r0 |-> "a5",
           r1 |-> "a4",
           r2 |-> "",
           addr |-> "0x105d0" ],
     executed |-> TRUE,
     done |-> TRUE ],
   [ instr |->
         [ ind |-> 5704,
           type |-> "IntAlu",
           r0 |-> "a5",
           r1 |-> "",
           r2 |-> "",
           addr |-> "0x10502" ],
     executed |-> TRUE,
     done |-> TRUE ],
   [ instr |->
         [ ind |-> 5705,
           type |-> "MemWrite",
           r0 |-> "a5",
           r1 |-> "",
           r2 |-> "",
           addr |-> "0x10504" ],
     executed |-> TRUE,
     done |-> TRUE ],
   [ instr |->
         [ ind |-> 5706,
           type |-> "MemWrite",
           r0 |-> "zero",
           r1 |-> "",
           r2 |-> "",
           addr |-> "0x10508" ],
     executed |-> TRUE,
     done |-> TRUE ],
   [ instr |->
         [ ind |-> 5707,
           type |-> "IntAlu",
           r0 |-> "",
           r1 |-> "",
           r2 |-> "",
           addr |-> "0x1050c" ],
     executed |-> TRUE,
     done |-> TRUE ],
   [ instr |->
         [ ind |-> 5708,
           type |-> "MemRead",
           r0 |-> "a5",
           r1 |-> "",
           r2 |-> "",
           addr |-> "0x1059e" ],
     executed |-> TRUE,
     done |-> TRUE ],
   [ instr |->
         [ ind |-> 5709,
           type |-> "IntAlu",
           r0 |-> "a4",
           r1 |-> "a5",
           r2 |-> "",
           addr |-> "0x105a2" ],
     executed |-> TRUE,
     done |-> TRUE ],
   [ instr |->
         [ ind |-> 5710,
           type |-> "IntAlu",
           r0 |-> "a5",
           r1 |-> "zero",
           r2 |-> "",
           addr |-> "0x105a6" ],
     executed |-> TRUE,
     done |-> TRUE ],
   [ instr |->
         [ ind |-> 5711,
           type |-> "IntAlu",
           r0 |-> "a5",
           r1 |-> "a4",
           r2 |-> "",
           addr |-> "0x105aa" ],
     executed |-> TRUE,
     done |-> TRUE ],
   [ instr |->
         [ ind |-> 5712,
           type |-> "IntAlu",
           r0 |-> "a4",
           r1 |-> "zero",
           r2 |-> "",
           addr |-> "0x1050e" ],
     executed |-> TRUE,
     done |-> TRUE ],
   [ instr |->
         [ ind |-> 5713,
           type |-> "MemRead",
           r0 |-> "a5",
           r1 |-> "",
           r2 |-> "",
           addr |-> "0x10512" ],
     executed |-> TRUE,
     done |-> TRUE ],
   [ instr |->
         [ ind |-> 5714,
           type |-> "IntAlu",
           r0 |-> "a5",
           r1 |-> "a4",
           r2 |-> "a5",
           addr |-> "0x10516" ],
     executed |-> TRUE,
     done |-> FALSE ],
   [ instr |->
         [ ind |-> 5715,
           type |-> "IntAlu",
           r0 |-> "a4",
           r1 |-> "a5",
           r2 |-> "",
           addr |-> "0x1051a" ],
     executed |-> FALSE,
     done |-> FALSE ],
   [ instr |->
         [ ind |-> 5716,
           type |-> "MemRead",
           r0 |-> "a5",
           r1 |-> "",
           r2 |-> "",
           addr |-> "0x1051e" ],
     executed |-> TRUE,
     done |-> FALSE ],
   [ instr |->
         [ ind |-> 5717,
           type |-> "IntAlu",
           r0 |-> "a5",
           r1 |-> "",
           r2 |-> "",
           addr |-> "0x10522" ],
     executed |-> FALSE,
     done |-> FALSE ],
   [ instr |->
         [ ind |-> 5718,
           type |-> "IntAlu",
           r0 |-> "a4",
           r1 |-> "a5",
           r2 |-> "",
           addr |-> "0x10524" ],
     executed |-> FALSE,
     done |-> FALSE ],
   [ instr |->
         [ ind |-> 5719,
           type |-> "MemRead",
           r0 |-> "a5",
           r1 |-> "",
           r2 |-> "",
           addr |-> "0x10528" ],
     executed |-> TRUE,
     done |-> FALSE ],
   [ instr |->
         [ ind |-> 5720,
           type |-> "IntAlu",
           r0 |-> "a5",
           r1 |-> "",
           r2 |-> "",
           addr |-> "0x1052c" ],
     executed |-> FALSE,
     done |-> FALSE ],
   [ instr |->
         [ ind |-> 5721,
           type |-> "MemRead",
           r0 |-> "a4",
           r1 |-> "",
           r2 |-> "",
           addr |-> "0x1052e" ],
     executed |-> FALSE,
     done |-> FALSE ],
   [ instr |->
         [ ind |-> 5722,
           type |-> "IntAlu",
           r0 |-> "a5",
           r1 |-> "a4",
           r2 |-> "",
           addr |-> "0x10532" ],
     executed |-> FALSE,
     done |-> FALSE ] >>
/\ _RS = << { [ ind |-> 5717,
       type |-> "IntAlu",
       r0 |-> "a5",
       r1 |-> "",
       r2 |-> "",
       addr |-> "0x10522" ],
     [ ind |-> 5718,
       type |-> "IntAlu",
       r0 |-> "a4",
       r1 |-> "a5",
       r2 |-> "",
       addr |-> "0x10524" ],
     [ ind |-> 5720,
       type |-> "IntAlu",
       r0 |-> "a5",
       r1 |-> "",
       r2 |-> "",
       addr |-> "0x1052c" ],
     [ ind |-> 5722,
       type |-> "IntAlu",
       r0 |-> "a5",
       r1 |-> "a4",
       r2 |-> "",
       addr |-> "0x10532" ] },
   {},
   {},
   {},
   {} >>
/\ currCycle = 20
/\ exec_inst = 1
/\ robHead2 = 15
/\ pc = 44
/\ cpt = 0
/\ rob2 = << [ instr |->
         [ ind |-> 5687,
           type |-> "IntAlu",
           r0 |-> "sp",
           r1 |-> "",
           r2 |-> "",
           addr |-> "0x105e2" ],
     executed |-> TRUE,
     done |-> TRUE ],
   [ instr |->
         [ ind |-> 5688,
           type |-> "MemWrite",
           r0 |-> "ra",
           r1 |-> "",
           r2 |-> "",
           addr |-> "0x105e4" ],
     executed |-> TRUE,
     done |-> TRUE ],
   [ instr |->
         [ ind |-> 5689,
           type |-> "MemWrite",
           r0 |-> "s0",
           r1 |-> "",
           r2 |-> "",
           addr |-> "0x105e6" ],
     executed |-> TRUE,
     done |-> TRUE ],
   [ instr |->
         [ ind |-> 5690,
           type |-> "IntAlu",
           r0 |-> "s0",
           r1 |-> "sp",
           r2 |-> "",
           addr |-> "0x105e8" ],
     executed |-> TRUE,
     done |-> TRUE ],
   [ instr |->
         [ ind |-> 5691,
           type |-> "IntAlu",
           r0 |-> "a0",
           r1 |-> "gp",
           r2 |-> "",
           addr |-> "0x105ea" ],
     executed |-> TRUE,
     done |-> TRUE ],
   [ instr |->
         [ ind |-> 5692,
           type |-> "IntAlu",
           r0 |-> "ra",
           r1 |-> "",
           r2 |-> "",
           addr |-> "0x105ee" ],
     executed |-> TRUE,
     done |-> TRUE ],
   [ instr |->
         [ ind |-> 5693,
           type |-> "IntAlu",
           r0 |-> "sp",
           r1 |-> "",
           r2 |-> "",
           addr |-> "0x104ee" ],
     executed |-> TRUE,
     done |-> TRUE ],
   [ instr |->
         [ ind |-> 5694,
           type |-> "MemWrite",
           r0 |-> "s0",
           r1 |-> "",
           r2 |-> "",
           addr |-> "0x104f0" ],
     executed |-> TRUE,
     done |-> TRUE ],
   [ instr |->
         [ ind |-> 5695,
           type |-> "IntAlu",
           r0 |-> "s0",
           r1 |-> "sp",
           r2 |-> "",
           addr |-> "0x104f2" ],
     executed |-> TRUE,
     done |-> TRUE ],
   [ instr |->
         [ ind |-> 5696,
           type |-> "MemWrite",
           r0 |-> "a0",
           r1 |-> "",
           r2 |-> "",
           addr |-> "0x104f4" ],
     executed |-> TRUE,
     done |-> TRUE ],
   [ instr |->
         [ ind |-> 5697,
           type |-> "MemWrite",
           r0 |-> "zero",
           r1 |-> "",
           r2 |-> "",
           addr |-> "0x104f8" ],
     executed |-> TRUE,
     done |-> TRUE ],
   [ instr |->
         [ ind |-> 5698,
           type |-> "MemWrite",
           r0 |-> "zero",
           r1 |-> "",
           r2 |-> "",
           addr |-> "0x104fc" ],
     executed |-> TRUE,
     done |-> TRUE ],
   [ instr |->
         [ ind |-> 5699,
           type |-> "IntAlu",
           r0 |-> "",
           r1 |-> "",
           r2 |-> "",
           addr |-> "0x10500" ],
     executed |-> TRUE,
     done |-> TRUE ],
   [ instr |->
         [ ind |-> 5700,
           type |-> "MemRead",
           r0 |-> "a5",
           r1 |-> "",
           r2 |-> "",
           addr |-> "0x105c4" ],
     executed |-> TRUE,
     done |-> TRUE ],
   [ instr |->
         [ ind |-> 5701,
           type |-> "IntAlu",
           r0 |-> "a4",
           r1 |-> "a5",
           r2 |-> "",
           addr |-> "0x105c8" ],
     executed |-> TRUE,
     done |-> FALSE ],
   [ instr |->
         [ ind |-> 5702,
           type |-> "IntAlu",
           r0 |-> "a5",
           r1 |-> "zero",
           r2 |-> "",
           addr |-> "0x105cc" ],
     executed |-> TRUE,
     done |-> FALSE ],
   [ instr |->
         [ ind |-> 5703,
           type |-> "IntAlu",
           r0 |-> "a5",
           r1 |-> "a4",
           r2 |-> "",
           addr |-> "0x105d0" ],
     executed |-> FALSE,
     done |-> FALSE ],
   [ instr |->
         [ ind |-> 5704,
           type |-> "IntAlu",
           r0 |-> "a5",
           r1 |-> "",
           r2 |-> "",
           addr |-> "0x10502" ],
     executed |-> TRUE,
     done |-> FALSE ],
   [ instr |->
         [ ind |-> 5705,
           type |-> "MemWrite",
           r0 |-> "a5",
           r1 |-> "",
           r2 |-> "",
           addr |-> "0x10504" ],
     executed |-> TRUE,
     done |-> FALSE ],
   [ instr |->
         [ ind |-> 5706,
           type |-> "MemWrite",
           r0 |-> "zero",
           r1 |-> "",
           r2 |-> "",
           addr |-> "0x10508" ],
     executed |-> FALSE,
     done |-> FALSE ],
   [ instr |->
         [ ind |-> 5707,
           type |-> "IntAlu",
           r0 |-> "",
           r1 |-> "",
           r2 |-> "",
           addr |-> "0x1050c" ],
     executed |-> FALSE,
     done |-> FALSE ],
   [ instr |->
         [ ind |-> 5708,
           type |-> "MemRead",
           r0 |-> "a5",
           r1 |-> "",
           r2 |-> "",
           addr |-> "0x1059e" ],
     executed |-> FALSE,
     done |-> FALSE ],
   [ instr |->
         [ ind |-> 5709,
           type |-> "IntAlu",
           r0 |-> "a4",
           r1 |-> "a5",
           r2 |-> "",
           addr |-> "0x105a2" ],
     executed |-> FALSE,
     done |-> FALSE ],
   [ instr |->
         [ ind |-> 5710,
           type |-> "IntAlu",
           r0 |-> "a5",
           r1 |-> "zero",
           r2 |-> "",
           addr |-> "0x105a6" ],
     executed |-> FALSE,
     done |-> FALSE ] >>
/\ _FU = << [ instr |->
         [ ind |-> 5715,
           type |-> "IntAlu",
           r0 |-> "a4",
           r1 |-> "a5",
           r2 |-> "",
           addr |-> "0x1051a" ],
     baseLat |-> 1,
     currLat |-> 1 ],
   [ instr |->
         [ ind |-> 5721,
           type |-> "MemRead",
           r0 |-> "a4",
           r1 |-> "",
           r2 |-> "",
           addr |-> "0x1052e" ],
     baseLat |-> 1,
     currLat |-> 1 ],
   [ instr |->
         [ ind |-> 0,
           type |-> "No_OpClass",
           r0 |-> "",
           r1 |-> "",
           r2 |-> "",
           addr |-> "" ],
     baseLat |-> 1,
     currLat |-> 1 ],
   [ instr |->
         [ ind |-> 0,
           type |-> "No_OpClass",
           r0 |-> "",
           r1 |-> "",
           r2 |-> "",
           addr |-> "" ],
     baseLat |-> 1,
     currLat |-> 1 ],
   [ instr |->
         [ ind |-> 0,
           type |-> "No_OpClass",
           r0 |-> "",
           r1 |-> "",
           r2 |-> "",
           addr |-> "" ],
     baseLat |-> 1,
     currLat |-> 1 ] >>

@!@!@ENDMSG 2217 @!@!@
@!@!@STARTMSG 2217:4 @!@!@
22: <Next line 60, col 9 to line 65, col 35 of module pipeline_ooo>
/\ _RS2 = << { [ ind |-> 5709,
       type |-> "IntAlu",
       r0 |-> "a4",
       r1 |-> "a5",
       r2 |-> "",
       addr |-> "0x105a2" ],
     [ ind |-> 5710,
       type |-> "IntAlu",
       r0 |-> "a5",
       r1 |-> "zero",
       r2 |-> "",
       addr |-> "0x105a6" ] },
   {},
   {},
   {},
   {} >>
/\ _COM2 = << [ ind |-> 5703,
     type |-> "IntAlu",
     r0 |-> "a5",
     r1 |-> "a4",
     r2 |-> "",
     addr |-> "0x105d0" ],
   [ ind |-> 5704,
     type |-> "IntAlu",
     r0 |-> "a5",
     r1 |-> "",
     r2 |-> "",
     addr |-> "0x10502" ],
   [ ind |-> 5705,
     type |-> "MemWrite",
     r0 |-> "a5",
     r1 |-> "",
     r2 |-> "",
     addr |-> "0x10504" ],
   [ ind |-> 5706,
     type |-> "MemWrite",
     r0 |-> "zero",
     r1 |-> "",
     r2 |-> "",
     addr |-> "0x10508" ] >>
/\ _ID = << [ ind |-> 5723,
     type |-> "MemRead",
     r0 |-> "a3",
     r1 |-> "",
     r2 |-> "",
     addr |-> "0x10534" ],
   [ ind |-> 5724,
     type |-> "MemRead",
     r0 |-> "a5",
     r1 |-> "",
     r2 |-> "",
     addr |-> "0x10536" ],
   [ ind |-> 5725,
     type |-> "IntAlu",
     r0 |-> "a5",
     r1 |-> "",
     r2 |-> "",
     addr |-> "0x1053a" ],
   [ ind |-> 5726,
     type |-> "IntAlu",
     r0 |-> "a5",
     r1 |-> "",
     r2 |-> "",
     addr |-> "0x1053c" ] >>
/\ _IF = << [ instr |->
         [ ind |-> 5727,
           type |-> "MemRead",
           r0 |-> "a4",
           r1 |-> "",
           r2 |-> "",
           addr |-> "0x1053e" ],
     baseLat |-> 1,
     currLat |-> 3 ],
   [ instr |->
         [ ind |-> 5728,
           type |-> "IntAlu",
           r0 |-> "a5",
           r1 |-> "a4",
           r2 |-> "",
           addr |-> "0x10542" ],
     baseLat |-> 1,
     currLat |-> 3 ],
   [ instr |->
         [ ind |-> 5729,
           type |-> "MemRead",
           r0 |-> "a5",
           r1 |-> "",
           r2 |-> "",
           addr |-> "0x10544" ],
     baseLat |-> 1,
     currLat |-> 3 ],
   [ instr |->
         [ ind |-> 5730,
           type |-> "IntAlu",
           r0 |-> "a4",
           r1 |-> "a3",
           r2 |-> "",
           addr |-> "0x10546" ],
     baseLat |-> 1,
     currLat |-> 3 ] >>
/\ _FU2 = << [ instr |->
         [ ind |-> 5707,
           type |-> "IntAlu",
           r0 |-> "",
           r1 |-> "",
           r2 |-> "",
           addr |-> "0x1050c" ],
     baseLat |-> 1,
     currLat |-> 1 ],
   [ instr |->
         [ ind |-> 5708,
           type |-> "MemRead",
           r0 |-> "a5",
           r1 |-> "",
           r2 |-> "",
           addr |-> "0x1059e" ],
     baseLat |-> 1,
     currLat |-> 1 ],
   [ instr |->
         [ ind |-> 0,
           type |-> "No_OpClass",
           r0 |-> "",
           r1 |-> "",
           r2 |-> "",
           addr |-> "" ],
     baseLat |-> 1,
     currLat |-> 1 ],
   [ instr |->
         [ ind |-> 0,
           type |-> "No_OpClass",
           r0 |-> "",
           r1 |-> "",
           r2 |-> "",
           addr |-> "" ],
     baseLat |-> 1,
     currLat |-> 1 ],
   [ instr |->
         [ ind |-> 0,
           type |-> "No_OpClass",
           r0 |-> "",
           r1 |-> "",
           r2 |-> "",
           addr |-> "" ],
     baseLat |-> 1,
     currLat |-> 1 ] >>
/\ _COM = << [ ind |-> 5715,
     type |-> "IntAlu",
     r0 |-> "a4",
     r1 |-> "a5",
     r2 |-> "",
     addr |-> "0x1051a" ],
   [ ind |-> 5716,
     type |-> "MemRead",
     r0 |-> "a5",
     r1 |-> "",
     r2 |-> "",
     addr |-> "0x1051e" ],
   [ ind |-> 0,
     type |-> "No_OpClass",
     r0 |-> "",
     r1 |-> "",
     r2 |-> "",
     addr |-> "" ],
   [ ind |-> 0,
     type |-> "No_OpClass",
     r0 |-> "",
     r1 |-> "",
     r2 |-> "",
     addr |-> "" ] >>
/\ exec_inst2 = 2
/\ _ID2 = << [ ind |-> 5711,
     type |-> "IntAlu",
     r0 |-> "a5",
     r1 |-> "a4",
     r2 |-> "",
     addr |-> "0x105aa" ],
   [ ind |-> 5712,
     type |-> "IntAlu",
     r0 |-> "a4",
     r1 |-> "zero",
     r2 |-> "",
     addr |-> "0x1050e" ],
   [ ind |-> 5713,
     type |-> "MemRead",
     r0 |-> "a5",
     r1 |-> "",
     r2 |-> "",
     addr |-> "0x10512" ],
   [ ind |-> 5714,
     type |-> "IntAlu",
     r0 |-> "a5",
     r1 |-> "a4",
     r2 |-> "a5",
     addr |-> "0x10516" ] >>
/\ graph = [ nodes |->
      << [ ind |-> 5687,
           addr |-> "0x105e2",
           IFacq |-> 1,
           IFrel |-> 2,
           IDacq |-> 2,
           IDrel |-> 3,
           FUacq |-> 3,
           FUrel |-> 4,
           COM |-> 4,
           ROB |-> 2,
           RS |-> 2,
           FU |-> 1 ],
         [ ind |-> 5688,
           addr |-> "0x105e4",
           IFacq |-> 1,
           IFrel |-> 2,
           IDacq |-> 2,
           IDrel |-> 3,
           FUacq |-> 3,
           FUrel |-> 4,
           COM |-> 4,
           ROB |-> 2,
           RS |-> 2,
           FU |-> 2 ],
         [ ind |-> 5689,
           addr |-> "0x105e6",
           IFacq |-> 1,
           IFrel |-> 2,
           IDacq |-> 2,
           IDrel |-> 3,
           FUacq |-> 4,
           FUrel |-> 5,
           COM |-> 5,
           ROB |-> 2,
           RS |-> 2,
           FU |-> 2 ],
         [ ind |-> 5690,
           addr |-> "0x105e8",
           IFacq |-> 1,
           IFrel |-> 2,
           IDacq |-> 2,
           IDrel |-> 3,
           FUacq |-> 4,
           FUrel |-> 5,
           COM |-> 5,
           ROB |-> 2,
           RS |-> 2,
           FU |-> 1 ],
         [ ind |-> 5691,
           addr |-> "0x105ea",
           IFacq |-> 2,
           IFrel |-> 3,
           IDacq |-> 3,
           IDrel |-> 4,
           FUacq |-> 5,
           FUrel |-> 6,
           COM |-> 6,
           ROB |-> 3,
           RS |-> 3,
           FU |-> 1 ],
         [ ind |-> 5692,
           addr |-> "0x105ee",
           IFacq |-> 2,
           IFrel |-> 3,
           IDacq |-> 3,
           IDrel |-> 4,
           FUacq |-> 6,
           FUrel |-> 7,
           COM |-> 7,
           ROB |-> 3,
           RS |-> 3,
           FU |-> 1 ],
         [ ind |-> 5693,
           addr |-> "0x104ee",
           IFacq |-> 2,
           IFrel |-> 3,
           IDacq |-> 3,
           IDrel |-> 4,
           FUacq |-> 7,
           FUrel |-> 8,
           COM |-> 8,
           ROB |-> 3,
           RS |-> 3,
           FU |-> 1 ],
         [ ind |-> 5694,
           addr |-> "0x104f0",
           IFacq |-> 2,
           IFrel |-> 3,
           IDacq |-> 3,
           IDrel |-> 4,
           FUacq |-> 5,
           FUrel |-> 6,
           COM |-> 8,
           ROB |-> 3,
           RS |-> 3,
           FU |-> 2 ],
         [ ind |-> 5695,
           addr |-> "0x104f2",
           IFacq |-> 3,
           IFrel |-> 4,
           IDacq |-> 4,
           IDrel |-> 5,
           FUacq |-> 8,
           FUrel |-> 9,
           COM |-> 9,
           ROB |-> 4,
           RS |-> 4,
           FU |-> 1 ],
         [ ind |-> 5696,
           addr |-> "0x104f4",
           IFacq |-> 3,
           IFrel |-> 4,
           IDacq |-> 4,
           IDrel |-> 5,
           FUacq |-> 6,
           FUrel |-> 7,
           COM |-> 9,
           ROB |-> 4,
           RS |-> 4,
           FU |-> 2 ],
         [ ind |-> 5697,
           addr |-> "0x104f8",
           IFacq |-> 3,
           IFrel |-> 4,
           IDacq |-> 4,
           IDrel |-> 5,
           FUacq |-> 7,
           FUrel |-> 8,
           COM |-> 9,
           ROB |-> 4,
           RS |-> 4,
           FU |-> 2 ],
         [ ind |-> 5698,
           addr |-> "0x104fc",
           IFacq |-> 3,
           IFrel |-> 4,
           IDacq |-> 4,
           IDrel |-> 5,
           FUacq |-> 8,
           FUrel |-> 9,
           COM |-> 9,
           ROB |-> 4,
           RS |-> 4,
           FU |-> 2 ],
         [ ind |-> 5699,
           addr |-> "0x10500",
           IFacq |-> 4,
           IFrel |-> 5,
           IDacq |-> 5,
           IDrel |-> 7,
           FUacq |-> 9,
           FUrel |-> 10,
           COM |-> 10,
           ROB |-> 6,
           RS |-> 6,
           FU |-> 1 ],
         [ ind |-> 5700,
           addr |-> "0x105c4",
           IFacq |-> 4,
           IFrel |-> 5,
           IDacq |-> 5,
           IDrel |-> 7,
           FUacq |-> 9,
           FUrel |-> 10,
           COM |-> 10,
           ROB |-> 6,
           RS |-> 6,
           FU |-> 2 ],
         [ ind |-> 5701,
           addr |-> "0x105c8",
           IFacq |-> 4,
           IFrel |-> 5,
           IDacq |-> 5,
           IDrel |-> 7,
           FUacq |-> 10,
           FUrel |-> 11,
           COM |-> 11,
           ROB |-> 6,
           RS |-> 6,
           FU |-> 1 ],
         [ ind |-> 5702,
           addr |-> "0x105cc",
           IFacq |-> 4,
           IFrel |-> 5,
           IDacq |-> 5,
           IDrel |-> 7,
           FUacq |-> 11,
           FUrel |-> 12,
           COM |-> 12,
           ROB |-> 6,
           RS |-> 6,
           FU |-> 1 ],
         [ ind |-> 5703,
           addr |-> "0x105d0",
           IFacq |-> 5,
           IFrel |-> 6,
           IDacq |-> 7,
           IDrel |-> 10,
           FUacq |-> 12,
           FUrel |-> 13,
           COM |-> 13,
           ROB |-> 9,
           RS |-> 9,
           FU |-> 1 ],
         [ ind |-> 5704,
           addr |-> "0x10502",
           IFacq |-> 5,
           IFrel |-> 6,
           IDacq |-> 7,
           IDrel |-> 10,
           FUacq |-> 13,
           FUrel |-> 14,
           COM |-> 14,
           ROB |-> 9,
           RS |-> 9,
           FU |-> 1 ],
         [ ind |-> 5705,
           addr |-> "0x10504",
           IFacq |-> 5,
           IFrel |-> 6,
           IDacq |-> 7,
           IDrel |-> 10,
           FUacq |-> 10,
           FUrel |-> 11,
           COM |-> 14,
           ROB |-> 9,
           RS |-> 9,
           FU |-> 2 ],
         [ ind |-> 5706,
           addr |-> "0x10508",
           IFacq |-> 5,
           IFrel |-> 6,
           IDacq |-> 7,
           IDrel |-> 10,
           FUacq |-> 11,
           FUrel |-> 12,
           COM |-> 14,
           ROB |-> 9,
           RS |-> 9,
           FU |-> 2 ],
         [ ind |-> 5707,
           addr |-> "0x1050c",
           IFacq |-> 7,
           IFrel |-> 8,
           IDacq |-> 10,
           IDrel |-> 11,
           FUacq |-> 14,
           FUrel |-> 15,
           COM |-> 15,
           ROB |-> 10,
           RS |-> 10,
           FU |-> 1 ],
         [ ind |-> 5708,
           addr |-> "0x1059e",
           IFacq |-> 7,
           IFrel |-> 8,
           IDacq |-> 10,
           IDrel |-> 11,
           FUacq |-> 12,
           FUrel |-> 13,
           COM |-> 15,
           ROB |-> 10,
           RS |-> 10,
           FU |-> 2 ],
         [ ind |-> 5709,
           addr |-> "0x105a2",
           IFacq |-> 7,
           IFrel |-> 8,
           IDacq |-> 10,
           IDrel |-> 11,
           FUacq |-> 15,
           FUrel |-> 16,
           COM |-> 16,
           ROB |-> 10,
           RS |-> 10,
           FU |-> 1 ],
         [ ind |-> 5710,
           addr |-> "0x105a6",
           IFacq |-> 7,
           IFrel |-> 8,
           IDacq |-> 10,
           IDrel |-> 11,
           FUacq |-> 16,
           FUrel |-> 17,
           COM |-> 17,
           ROB |-> 10,
           RS |-> 10,
           FU |-> 1 ],
         [ ind |-> 5711,
           addr |-> "0x105aa",
           IFacq |-> 10,
           IFrel |-> 11,
           IDacq |-> 11,
           IDrel |-> 14,
           FUacq |-> 17,
           FUrel |-> 18,
           COM |-> 18,
           ROB |-> 13,
           RS |-> 13,
           FU |-> 1 ],
         [ ind |-> 5712,
           addr |-> "0x1050e",
           IFacq |-> 10,
           IFrel |-> 11,
           IDacq |-> 11,
           IDrel |-> 14,
           FUacq |-> 18,
           FUrel |-> 19,
           COM |-> 19,
           ROB |-> 13,
           RS |-> 13,
           FU |-> 1 ],
         [ ind |-> 5713,
           addr |-> "0x10512",
           IFacq |-> 10,
           IFrel |-> 11,
           IDacq |-> 11,
           IDrel |-> 14,
           FUacq |-> 14,
           FUrel |-> 15,
           COM |-> 19,
           ROB |-> 13,
           RS |-> 13,
           FU |-> 2 ],
         [ ind |-> 5714,
           addr |-> "0x10516",
           IFacq |-> 10,
           IFrel |-> 11,
           IDacq |-> 11,
           IDrel |-> 14,
           FUacq |-> 19,
           FUrel |-> 20,
           COM |-> 20,
           ROB |-> 13,
           RS |-> 13,
           FU |-> 1 ],
         [ ind |-> 5715,
           addr |-> "0x1051a",
           IFacq |-> 11,
           IFrel |-> 12,
           IDacq |-> 14,
           IDrel |-> 16,
           FUacq |-> 20,
           FUrel |-> 21,
           COM |-> 0,
           ROB |-> 15,
           RS |-> 15,
           FU |-> 1 ],
         [ ind |-> 5716,
           addr |-> "0x1051e",
           IFacq |-> 11,
           IFrel |-> 12,
           IDacq |-> 14,
           IDrel |-> 16,
           FUacq |-> 16,
           FUrel |-> 17,
           COM |-> 0,
           ROB |-> 15,
           RS |-> 15,
           FU |-> 2 ],
         [ ind |-> 5717,
           addr |-> "0x10522",
           IFacq |-> 11,
           IFrel |-> 12,
           IDacq |-> 14,
           IDrel |-> 16,
           FUacq |-> 0,
           FUrel |-> 0,
           COM |-> 0,
           ROB |-> 15,
           RS |-> 15,
           FU |-> 0 ],
         [ ind |-> 5718,
           addr |-> "0x10524",
           IFacq |-> 11,
           IFrel |-> 12,
           IDacq |-> 14,
           IDrel |-> 16,
           FUacq |-> 0,
           FUrel |-> 0,
           COM |-> 0,
           ROB |-> 15,
           RS |-> 15,
           FU |-> 0 ],
         [ ind |-> 5719,
           addr |-> "0x10528",
           IFacq |-> 14,
           IFrel |-> 15,
           IDacq |-> 16,
           IDrel |-> 19,
           FUacq |-> 19,
           FUrel |-> 20,
           COM |-> 0,
           ROB |-> 18,
           RS |-> 18,
           FU |-> 2 ],
         [ ind |-> 5720,
           addr |-> "0x1052c",
           IFacq |-> 14,
           IFrel |-> 15,
           IDacq |-> 16,
           IDrel |-> 19,
           FUacq |-> 0,
           FUrel |-> 0,
           COM |-> 0,
           ROB |-> 18,
           RS |-> 18,
           FU |-> 0 ],
         [ ind |-> 5721,
           addr |-> "0x1052e",
           IFacq |-> 14,
           IFrel |-> 15,
           IDacq |-> 16,
           IDrel |-> 19,
           FUacq |-> 20,
           FUrel |-> 21,
           COM |-> 0,
           ROB |-> 18,
           RS |-> 18,
           FU |-> 2 ],
         [ ind |-> 5722,
           addr |-> "0x10532",
           IFacq |-> 14,
           IFrel |-> 15,
           IDacq |-> 16,
           IDrel |-> 19,
           FUacq |-> 0,
           FUrel |-> 0,
           COM |-> 0,
           ROB |-> 18,
           RS |-> 18,
           FU |-> 0 ],
         [ ind |-> 5723,
           addr |-> "0x10534",
           IFacq |-> 16,
           IFrel |-> 17,
           IDacq |-> 19,
           IDrel |-> 0,
           FUacq |-> 0,
           FUrel |-> 0,
           COM |-> 0,
           ROB |-> 0,
           RS |-> 20,
           FU |-> 0 ],
         [ ind |-> 5724,
           addr |-> "0x10536",
           IFacq |-> 16,
           IFrel |-> 17,
           IDacq |-> 19,
           IDrel |-> 0,
           FUacq |-> 0,
           FUrel |-> 0,
           COM |-> 0,
           ROB |-> 0,
           RS |-> 20,
           FU |-> 0 ],
         [ ind |-> 5725,
           addr |-> "0x1053a",
           IFacq |-> 16,
           IFrel |-> 17,
           IDacq |-> 19,
           IDrel |-> 0,
           FUacq |-> 0,
           FUrel |-> 0,
           COM |-> 0,
           ROB |-> 0,
           RS |-> 20,
           FU |-> 0 ],
         [ ind |-> 5726,
           addr |-> "0x1053c",
           IFacq |-> 16,
           IFrel |-> 17,
           IDacq |-> 19,
           IDrel |-> 0,
           FUacq |-> 0,
           FUrel |-> 0,
           COM |-> 0,
           ROB |-> 0,
           RS |-> 20,
           FU |-> 0 ],
         [ ind |-> 5727,
           addr |-> "0x1053e",
           IFacq |-> 19,
           IFrel |-> 20,
           IDacq |-> 0,
           IDrel |-> 0,
           FUacq |-> 0,
           FUrel |-> 0,
           COM |-> 0,
           ROB |-> 0,
           RS |-> 0,
           FU |-> 0 ],
         [ ind |-> 5728,
           addr |-> "0x10542",
           IFacq |-> 19,
           IFrel |-> 20,
           IDacq |-> 0,
           IDrel |-> 0,
           FUacq |-> 0,
           FUrel |-> 0,
           COM |-> 0,
           ROB |-> 0,
           RS |-> 0,
           FU |-> 0 ],
         [ ind |-> 5729,
           addr |-> "0x10544",
           IFacq |-> 19,
           IFrel |-> 20,
           IDacq |-> 0,
           IDrel |-> 0,
           FUacq |-> 0,
           FUrel |-> 0,
           COM |-> 0,
           ROB |-> 0,
           RS |-> 0,
           FU |-> 0 ],
         [ ind |-> 5730,
           addr |-> "0x10546",
           IFacq |-> 19,
           IFrel |-> 20,
           IDacq |-> 0,
           IDrel |-> 0,
           FUacq |-> 0,
           FUrel |-> 0,
           COM |-> 0,
           ROB |-> 0,
           RS |-> 0,
           FU |-> 0 ] >>,
  edges |->
      { [type |-> "D", source |-> 5687, dest |-> 5690],
        [type |-> "D", source |-> 5693, dest |-> 5695],
        [type |-> "D", source |-> 5700, dest |-> 5701],
        [type |-> "D", source |-> 5708, dest |-> 5709],
        [type |-> "D", source |-> 5712, dest |-> 5714],
        [type |-> "D", source |-> 5713, dest |-> 5714],
        [type |-> "D", source |-> 5714, dest |-> 5715] } ]
/\ currCycle2 = 21
/\ _IF2 = << [ instr |->
         [ ind |-> 5715,
           type |-> "IntAlu",
           r0 |-> "a4",
           r1 |-> "a5",
           r2 |-> "",
           addr |-> "0x1051a" ],
     baseLat |-> 1,
     currLat |-> 2 ],
   [ instr |->
         [ ind |-> 5716,
           type |-> "MemRead",
           r0 |-> "a5",
           r1 |-> "",
           r2 |-> "",
           addr |-> "0x1051e" ],
     baseLat |-> 1,
     currLat |-> 2 ],
   [ instr |->
         [ ind |-> 5717,
           type |-> "IntAlu",
           r0 |-> "a5",
           r1 |-> "",
           r2 |-> "",
           addr |-> "0x10522" ],
     baseLat |-> 1,
     currLat |-> 2 ],
   [ instr |->
         [ ind |-> 5718,
           type |-> "IntAlu",
           r0 |-> "a4",
           r1 |-> "a5",
           r2 |-> "",
           addr |-> "0x10524" ],
     baseLat |-> 1,
     currLat |-> 2 ] >>
/\ graph2 = [ nodes |->
      << [ ind |-> 5687,
           addr |-> "0x105e2",
           IFacq |-> 1,
           IFrel |-> 2,
           IDacq |-> 2,
           IDrel |-> 3,
           FUacq |-> 3,
           FUrel |-> 4,
           COM |-> 4,
           ROB |-> 2,
           RS |-> 2,
           FU |-> 1 ],
         [ ind |-> 5688,
           addr |-> "0x105e4",
           IFacq |-> 1,
           IFrel |-> 2,
           IDacq |-> 2,
           IDrel |-> 3,
           FUacq |-> 3,
           FUrel |-> 4,
           COM |-> 4,
           ROB |-> 2,
           RS |-> 2,
           FU |-> 2 ],
         [ ind |-> 5689,
           addr |-> "0x105e6",
           IFacq |-> 1,
           IFrel |-> 2,
           IDacq |-> 2,
           IDrel |-> 3,
           FUacq |-> 4,
           FUrel |-> 5,
           COM |-> 5,
           ROB |-> 2,
           RS |-> 2,
           FU |-> 2 ],
         [ ind |-> 5690,
           addr |-> "0x105e8",
           IFacq |-> 1,
           IFrel |-> 2,
           IDacq |-> 2,
           IDrel |-> 3,
           FUacq |-> 4,
           FUrel |-> 5,
           COM |-> 5,
           ROB |-> 2,
           RS |-> 2,
           FU |-> 1 ],
         [ ind |-> 5691,
           addr |-> "0x105ea",
           IFacq |-> 2,
           IFrel |-> 3,
           IDacq |-> 3,
           IDrel |-> 4,
           FUacq |-> 5,
           FUrel |-> 6,
           COM |-> 6,
           ROB |-> 3,
           RS |-> 3,
           FU |-> 1 ],
         [ ind |-> 5692,
           addr |-> "0x105ee",
           IFacq |-> 2,
           IFrel |-> 3,
           IDacq |-> 3,
           IDrel |-> 4,
           FUacq |-> 6,
           FUrel |-> 7,
           COM |-> 7,
           ROB |-> 3,
           RS |-> 3,
           FU |-> 1 ],
         [ ind |-> 5693,
           addr |-> "0x104ee",
           IFacq |-> 2,
           IFrel |-> 3,
           IDacq |-> 3,
           IDrel |-> 4,
           FUacq |-> 7,
           FUrel |-> 8,
           COM |-> 8,
           ROB |-> 3,
           RS |-> 3,
           FU |-> 1 ],
         [ ind |-> 5694,
           addr |-> "0x104f0",
           IFacq |-> 2,
           IFrel |-> 3,
           IDacq |-> 3,
           IDrel |-> 4,
           FUacq |-> 5,
           FUrel |-> 6,
           COM |-> 8,
           ROB |-> 3,
           RS |-> 3,
           FU |-> 2 ],
         [ ind |-> 5695,
           addr |-> "0x104f2",
           IFacq |-> 3,
           IFrel |-> 4,
           IDacq |-> 4,
           IDrel |-> 5,
           FUacq |-> 8,
           FUrel |-> 9,
           COM |-> 9,
           ROB |-> 4,
           RS |-> 4,
           FU |-> 1 ],
         [ ind |-> 5696,
           addr |-> "0x104f4",
           IFacq |-> 3,
           IFrel |-> 4,
           IDacq |-> 4,
           IDrel |-> 5,
           FUacq |-> 6,
           FUrel |-> 7,
           COM |-> 9,
           ROB |-> 4,
           RS |-> 4,
           FU |-> 2 ],
         [ ind |-> 5697,
           addr |-> "0x104f8",
           IFacq |-> 3,
           IFrel |-> 4,
           IDacq |-> 4,
           IDrel |-> 5,
           FUacq |-> 7,
           FUrel |-> 8,
           COM |-> 9,
           ROB |-> 4,
           RS |-> 4,
           FU |-> 2 ],
         [ ind |-> 5698,
           addr |-> "0x104fc",
           IFacq |-> 3,
           IFrel |-> 4,
           IDacq |-> 4,
           IDrel |-> 5,
           FUacq |-> 8,
           FUrel |-> 18,
           COM |-> 18,
           ROB |-> 4,
           RS |-> 4,
           FU |-> 2 ],
         [ ind |-> 5699,
           addr |-> "0x10500",
           IFacq |-> 4,
           IFrel |-> 5,
           IDacq |-> 5,
           IDrel |-> 7,
           FUacq |-> 9,
           FUrel |-> 10,
           COM |-> 18,
           ROB |-> 6,
           RS |-> 6,
           FU |-> 1 ],
         [ ind |-> 5700,
           addr |-> "0x105c4",
           IFacq |-> 4,
           IFrel |-> 5,
           IDacq |-> 5,
           IDrel |-> 7,
           FUacq |-> 18,
           FUrel |-> 19,
           COM |-> 19,
           ROB |-> 6,
           RS |-> 6,
           FU |-> 2 ],
         [ ind |-> 5701,
           addr |-> "0x105c8",
           IFacq |-> 4,
           IFrel |-> 5,
           IDacq |-> 5,
           IDrel |-> 7,
           FUacq |-> 19,
           FUrel |-> 20,
           COM |-> 20,
           ROB |-> 6,
           RS |-> 6,
           FU |-> 1 ],
         [ ind |-> 5702,
           addr |-> "0x105cc",
           IFacq |-> 4,
           IFrel |-> 5,
           IDacq |-> 5,
           IDrel |-> 7,
           FUacq |-> 18,
           FUrel |-> 19,
           COM |-> 20,
           ROB |-> 6,
           RS |-> 6,
           FU |-> 1 ],
         [ ind |-> 5703,
           addr |-> "0x105d0",
           IFacq |-> 5,
           IFrel |-> 6,
           IDacq |-> 7,
           IDrel |-> 10,
           FUacq |-> 20,
           FUrel |-> 21,
           COM |-> 0,
           ROB |-> 9,
           RS |-> 9,
           FU |-> 1 ],
         [ ind |-> 5704,
           addr |-> "0x10502",
           IFacq |-> 5,
           IFrel |-> 6,
           IDacq |-> 7,
           IDrel |-> 10,
           FUacq |-> 10,
           FUrel |-> 11,
           COM |-> 0,
           ROB |-> 9,
           RS |-> 9,
           FU |-> 1 ],
         [ ind |-> 5705,
           addr |-> "0x10504",
           IFacq |-> 5,
           IFrel |-> 6,
           IDacq |-> 7,
           IDrel |-> 10,
           FUacq |-> 19,
           FUrel |-> 20,
           COM |-> 0,
           ROB |-> 9,
           RS |-> 9,
           FU |-> 2 ],
         [ ind |-> 5706,
           addr |-> "0x10508",
           IFacq |-> 5,
           IFrel |-> 6,
           IDacq |-> 7,
           IDrel |-> 10,
           FUacq |-> 20,
           FUrel |-> 21,
           COM |-> 0,
           ROB |-> 9,
           RS |-> 9,
           FU |-> 2 ],
         [ ind |-> 5707,
           addr |-> "0x1050c",
           IFacq |-> 7,
           IFrel |-> 8,
           IDacq |-> 10,
           IDrel |-> 20,
           FUacq |-> 0,
           FUrel |-> 0,
           COM |-> 0,
           ROB |-> 19,
           RS |-> 19,
           FU |-> 0 ],
         [ ind |-> 5708,
           addr |-> "0x1059e",
           IFacq |-> 7,
           IFrel |-> 8,
           IDacq |-> 10,
           IDrel |-> 20,
           FUacq |-> 0,
           FUrel |-> 0,
           COM |-> 0,
           ROB |-> 19,
           RS |-> 19,
           FU |-> 0 ],
         [ ind |-> 5709,
           addr |-> "0x105a2",
           IFacq |-> 7,
           IFrel |-> 8,
           IDacq |-> 10,
           IDrel |-> 20,
           FUacq |-> 0,
           FUrel |-> 0,
           COM |-> 0,
           ROB |-> 19,
           RS |-> 19,
           FU |-> 0 ],
         [ ind |-> 5710,
           addr |-> "0x105a6",
           IFacq |-> 7,
           IFrel |-> 8,
           IDacq |-> 10,
           IDrel |-> 20,
           FUacq |-> 0,
           FUrel |-> 0,
           COM |-> 0,
           ROB |-> 19,
           RS |-> 19,
           FU |-> 0 ],
         [ ind |-> 5711,
           addr |-> "0x105aa",
           IFacq |-> 10,
           IFrel |-> 11,
           IDacq |-> 20,
           IDrel |-> 0,
           FUacq |-> 0,
           FUrel |-> 0,
           COM |-> 0,
           ROB |-> 0,
           RS |-> 20,
           FU |-> 0 ],
         [ ind |-> 5712,
           addr |-> "0x1050e",
           IFacq |-> 10,
           IFrel |-> 11,
           IDacq |-> 20,
           IDrel |-> 0,
           FUacq |-> 0,
           FUrel |-> 0,
           COM |-> 0,
           ROB |-> 0,
           RS |-> 20,
           FU |-> 0 ],
         [ ind |-> 5713,
           addr |-> "0x10512",
           IFacq |-> 10,
           IFrel |-> 11,
           IDacq |-> 20,
           IDrel |-> 0,
           FUacq |-> 0,
           FUrel |-> 0,
           COM |-> 0,
           ROB |-> 0,
           RS |-> 20,
           FU |-> 0 ],
         [ ind |-> 5714,
           addr |-> "0x10516",
           IFacq |-> 10,
           IFrel |-> 11,
           IDacq |-> 20,
           IDrel |-> 0,
           FUacq |-> 0,
           FUrel |-> 0,
           COM |-> 0,
           ROB |-> 0,
           RS |-> 20,
           FU |-> 0 ],
         [ ind |-> 5715,
           addr |-> "0x1051a",
           IFacq |-> 20,
           IFrel |-> 21,
           IDacq |-> 0,
           IDrel |-> 0,
           FUacq |-> 0,
           FUrel |-> 0,
           COM |-> 0,
           ROB |-> 0,
           RS |-> 0,
           FU |-> 0 ],
         [ ind |-> 5716,
           addr |-> "0x1051e",
           IFacq |-> 20,
           IFrel |-> 21,
           IDacq |-> 0,
           IDrel |-> 0,
           FUacq |-> 0,
           FUrel |-> 0,
           COM |-> 0,
           ROB |-> 0,
           RS |-> 0,
           FU |-> 0 ],
         [ ind |-> 5717,
           addr |-> "0x10522",
           IFacq |-> 20,
           IFrel |-> 21,
           IDacq |-> 0,
           IDrel |-> 0,
           FUacq |-> 0,
           FUrel |-> 0,
           COM |-> 0,
           ROB |-> 0,
           RS |-> 0,
           FU |-> 0 ],
         [ ind |-> 5718,
           addr |-> "0x10524",
           IFacq |-> 20,
           IFrel |-> 21,
           IDacq |-> 0,
           IDrel |-> 0,
           FUacq |-> 0,
           FUrel |-> 0,
           COM |-> 0,
           ROB |-> 0,
           RS |-> 0,
           FU |-> 0 ] >>,
  edges |->
      { [type |-> "D", source |-> 5687, dest |-> 5690],
        [type |-> "D", source |-> 5693, dest |-> 5695],
        [type |-> "D", source |-> 5698, dest |-> 5702],
        [type |-> "D", source |-> 5700, dest |-> 5701],
        [type |-> "D", source |-> 5701, dest |-> 5703] } ]
/\ pc2 = 32
/\ robHead = 29
/\ rob = << [ instr |->
         [ ind |-> 5687,
           type |-> "IntAlu",
           r0 |-> "sp",
           r1 |-> "",
           r2 |-> "",
           addr |-> "0x105e2" ],
     executed |-> TRUE,
     done |-> TRUE ],
   [ instr |->
         [ ind |-> 5688,
           type |-> "MemWrite",
           r0 |-> "ra",
           r1 |-> "",
           r2 |-> "",
           addr |-> "0x105e4" ],
     executed |-> TRUE,
     done |-> TRUE ],
   [ instr |->
         [ ind |-> 5689,
           type |-> "MemWrite",
           r0 |-> "s0",
           r1 |-> "",
           r2 |-> "",
           addr |-> "0x105e6" ],
     executed |-> TRUE,
     done |-> TRUE ],
   [ instr |->
         [ ind |-> 5690,
           type |-> "IntAlu",
           r0 |-> "s0",
           r1 |-> "sp",
           r2 |-> "",
           addr |-> "0x105e8" ],
     executed |-> TRUE,
     done |-> TRUE ],
   [ instr |->
         [ ind |-> 5691,
           type |-> "IntAlu",
           r0 |-> "a0",
           r1 |-> "gp",
           r2 |-> "",
           addr |-> "0x105ea" ],
     executed |-> TRUE,
     done |-> TRUE ],
   [ instr |->
         [ ind |-> 5692,
           type |-> "IntAlu",
           r0 |-> "ra",
           r1 |-> "",
           r2 |-> "",
           addr |-> "0x105ee" ],
     executed |-> TRUE,
     done |-> TRUE ],
   [ instr |->
         [ ind |-> 5693,
           type |-> "IntAlu",
           r0 |-> "sp",
           r1 |-> "",
           r2 |-> "",
           addr |-> "0x104ee" ],
     executed |-> TRUE,
     done |-> TRUE ],
   [ instr |->
         [ ind |-> 5694,
           type |-> "MemWrite",
           r0 |-> "s0",
           r1 |-> "",
           r2 |-> "",
           addr |-> "0x104f0" ],
     executed |-> TRUE,
     done |-> TRUE ],
   [ instr |->
         [ ind |-> 5695,
           type |-> "IntAlu",
           r0 |-> "s0",
           r1 |-> "sp",
           r2 |-> "",
           addr |-> "0x104f2" ],
     executed |-> TRUE,
     done |-> TRUE ],
   [ instr |->
         [ ind |-> 5696,
           type |-> "MemWrite",
           r0 |-> "a0",
           r1 |-> "",
           r2 |-> "",
           addr |-> "0x104f4" ],
     executed |-> TRUE,
     done |-> TRUE ],
   [ instr |->
         [ ind |-> 5697,
           type |-> "MemWrite",
           r0 |-> "zero",
           r1 |-> "",
           r2 |-> "",
           addr |-> "0x104f8" ],
     executed |-> TRUE,
     done |-> TRUE ],
   [ instr |->
         [ ind |-> 5698,
           type |-> "MemWrite",
           r0 |-> "zero",
           r1 |-> "",
           r2 |-> "",
           addr |-> "0x104fc" ],
     executed |-> TRUE,
     done |-> TRUE ],
   [ instr |->
         [ ind |-> 5699,
           type |-> "IntAlu",
           r0 |-> "",
           r1 |-> "",
           r2 |-> "",
           addr |-> "0x10500" ],
     executed |-> TRUE,
     done |-> TRUE ],
   [ instr |->
         [ ind |-> 5700,
           type |-> "MemRead",
           r0 |-> "a5",
           r1 |-> "",
           r2 |-> "",
           addr |-> "0x105c4" ],
     executed |-> TRUE,
     done |-> TRUE ],
   [ instr |->
         [ ind |-> 5701,
           type |-> "IntAlu",
           r0 |-> "a4",
           r1 |-> "a5",
           r2 |-> "",
           addr |-> "0x105c8" ],
     executed |-> TRUE,
     done |-> TRUE ],
   [ instr |->
         [ ind |-> 5702,
           type |-> "IntAlu",
           r0 |-> "a5",
           r1 |-> "zero",
           r2 |-> "",
           addr |-> "0x105cc" ],
     executed |-> TRUE,
     done |-> TRUE ],
   [ instr |->
         [ ind |-> 5703,
           type |-> "IntAlu",
           r0 |-> "a5",
           r1 |-> "a4",
           r2 |-> "",
           addr |-> "0x105d0" ],
     executed |-> TRUE,
     done |-> TRUE ],
   [ instr |->
         [ ind |-> 5704,
           type |-> "IntAlu",
           r0 |-> "a5",
           r1 |-> "",
           r2 |-> "",
           addr |-> "0x10502" ],
     executed |-> TRUE,
     done |-> TRUE ],
   [ instr |->
         [ ind |-> 5705,
           type |-> "MemWrite",
           r0 |-> "a5",
           r1 |-> "",
           r2 |-> "",
           addr |-> "0x10504" ],
     executed |-> TRUE,
     done |-> TRUE ],
   [ instr |->
         [ ind |-> 5706,
           type |-> "MemWrite",
           r0 |-> "zero",
           r1 |-> "",
           r2 |-> "",
           addr |-> "0x10508" ],
     executed |-> TRUE,
     done |-> TRUE ],
   [ instr |->
         [ ind |-> 5707,
           type |-> "IntAlu",
           r0 |-> "",
           r1 |-> "",
           r2 |-> "",
           addr |-> "0x1050c" ],
     executed |-> TRUE,
     done |-> TRUE ],
   [ instr |->
         [ ind |-> 5708,
           type |-> "MemRead",
           r0 |-> "a5",
           r1 |-> "",
           r2 |-> "",
           addr |-> "0x1059e" ],
     executed |-> TRUE,
     done |-> TRUE ],
   [ instr |->
         [ ind |-> 5709,
           type |-> "IntAlu",
           r0 |-> "a4",
           r1 |-> "a5",
           r2 |-> "",
           addr |-> "0x105a2" ],
     executed |-> TRUE,
     done |-> TRUE ],
   [ instr |->
         [ ind |-> 5710,
           type |-> "IntAlu",
           r0 |-> "a5",
           r1 |-> "zero",
           r2 |-> "",
           addr |-> "0x105a6" ],
     executed |-> TRUE,
     done |-> TRUE ],
   [ instr |->
         [ ind |-> 5711,
           type |-> "IntAlu",
           r0 |-> "a5",
           r1 |-> "a4",
           r2 |-> "",
           addr |-> "0x105aa" ],
     executed |-> TRUE,
     done |-> TRUE ],
   [ instr |->
         [ ind |-> 5712,
           type |-> "IntAlu",
           r0 |-> "a4",
           r1 |-> "zero",
           r2 |-> "",
           addr |-> "0x1050e" ],
     executed |-> TRUE,
     done |-> TRUE ],
   [ instr |->
         [ ind |-> 5713,
           type |-> "MemRead",
           r0 |-> "a5",
           r1 |-> "",
           r2 |-> "",
           addr |-> "0x10512" ],
     executed |-> TRUE,
     done |-> TRUE ],
   [ instr |->
         [ ind |-> 5714,
           type |-> "IntAlu",
           r0 |-> "a5",
           r1 |-> "a4",
           r2 |-> "a5",
           addr |-> "0x10516" ],
     executed |-> TRUE,
     done |-> TRUE ],
   [ instr |->
         [ ind |-> 5715,
           type |-> "IntAlu",
           r0 |-> "a4",
           r1 |-> "a5",
           r2 |-> "",
           addr |-> "0x1051a" ],
     executed |-> TRUE,
     done |-> FALSE ],
   [ instr |->
         [ ind |-> 5716,
           type |-> "MemRead",
           r0 |-> "a5",
           r1 |-> "",
           r2 |-> "",
           addr |-> "0x1051e" ],
     executed |-> TRUE,
     done |-> FALSE ],
   [ instr |->
         [ ind |-> 5717,
           type |-> "IntAlu",
           r0 |-> "a5",
           r1 |-> "",
           r2 |-> "",
           addr |-> "0x10522" ],
     executed |-> FALSE,
     done |-> FALSE ],
   [ instr |->
         [ ind |-> 5718,
           type |-> "IntAlu",
           r0 |-> "a4",
           r1 |-> "a5",
           r2 |-> "",
           addr |-> "0x10524" ],
     executed |-> FALSE,
     done |-> FALSE ],
   [ instr |->
         [ ind |-> 5719,
           type |-> "MemRead",
           r0 |-> "a5",
           r1 |-> "",
           r2 |-> "",
           addr |-> "0x10528" ],
     executed |-> TRUE,
     done |-> FALSE ],
   [ instr |->
         [ ind |-> 5720,
           type |-> "IntAlu",
           r0 |-> "a5",
           r1 |-> "",
           r2 |-> "",
           addr |-> "0x1052c" ],
     executed |-> FALSE,
     done |-> FALSE ],
   [ instr |->
         [ ind |-> 5721,
           type |-> "MemRead",
           r0 |-> "a4",
           r1 |-> "",
           r2 |-> "",
           addr |-> "0x1052e" ],
     executed |-> TRUE,
     done |-> FALSE ],
   [ instr |->
         [ ind |-> 5722,
           type |-> "IntAlu",
           r0 |-> "a5",
           r1 |-> "a4",
           r2 |-> "",
           addr |-> "0x10532" ],
     executed |-> FALSE,
     done |-> FALSE ] >>
/\ _RS = << { [ ind |-> 5718,
       type |-> "IntAlu",
       r0 |-> "a4",
       r1 |-> "a5",
       r2 |-> "",
       addr |-> "0x10524" ],
     [ ind |-> 5720,
       type |-> "IntAlu",
       r0 |-> "a5",
       r1 |-> "",
       r2 |-> "",
       addr |-> "0x1052c" ],
     [ ind |-> 5722,
       type |-> "IntAlu",
       r0 |-> "a5",
       r1 |-> "a4",
       r2 |-> "",
       addr |-> "0x10532" ] },
   {},
   {},
   {},
   {} >>
/\ currCycle = 21
/\ exec_inst = 1
/\ robHead2 = 17
/\ pc = 44
/\ cpt = 0
/\ rob2 = << [ instr |->
         [ ind |-> 5687,
           type |-> "IntAlu",
           r0 |-> "sp",
           r1 |-> "",
           r2 |-> "",
           addr |-> "0x105e2" ],
     executed |-> TRUE,
     done |-> TRUE ],
   [ instr |->
         [ ind |-> 5688,
           type |-> "MemWrite",
           r0 |-> "ra",
           r1 |-> "",
           r2 |-> "",
           addr |-> "0x105e4" ],
     executed |-> TRUE,
     done |-> TRUE ],
   [ instr |->
         [ ind |-> 5689,
           type |-> "MemWrite",
           r0 |-> "s0",
           r1 |-> "",
           r2 |-> "",
           addr |-> "0x105e6" ],
     executed |-> TRUE,
     done |-> TRUE ],
   [ instr |->
         [ ind |-> 5690,
           type |-> "IntAlu",
           r0 |-> "s0",
           r1 |-> "sp",
           r2 |-> "",
           addr |-> "0x105e8" ],
     executed |-> TRUE,
     done |-> TRUE ],
   [ instr |->
         [ ind |-> 5691,
           type |-> "IntAlu",
           r0 |-> "a0",
           r1 |-> "gp",
           r2 |-> "",
           addr |-> "0x105ea" ],
     executed |-> TRUE,
     done |-> TRUE ],
   [ instr |->
         [ ind |-> 5692,
           type |-> "IntAlu",
           r0 |-> "ra",
           r1 |-> "",
           r2 |-> "",
           addr |-> "0x105ee" ],
     executed |-> TRUE,
     done |-> TRUE ],
   [ instr |->
         [ ind |-> 5693,
           type |-> "IntAlu",
           r0 |-> "sp",
           r1 |-> "",
           r2 |-> "",
           addr |-> "0x104ee" ],
     executed |-> TRUE,
     done |-> TRUE ],
   [ instr |->
         [ ind |-> 5694,
           type |-> "MemWrite",
           r0 |-> "s0",
           r1 |-> "",
           r2 |-> "",
           addr |-> "0x104f0" ],
     executed |-> TRUE,
     done |-> TRUE ],
   [ instr |->
         [ ind |-> 5695,
           type |-> "IntAlu",
           r0 |-> "s0",
           r1 |-> "sp",
           r2 |-> "",
           addr |-> "0x104f2" ],
     executed |-> TRUE,
     done |-> TRUE ],
   [ instr |->
         [ ind |-> 5696,
           type |-> "MemWrite",
           r0 |-> "a0",
           r1 |-> "",
           r2 |-> "",
           addr |-> "0x104f4" ],
     executed |-> TRUE,
     done |-> TRUE ],
   [ instr |->
         [ ind |-> 5697,
           type |-> "MemWrite",
           r0 |-> "zero",
           r1 |-> "",
           r2 |-> "",
           addr |-> "0x104f8" ],
     executed |-> TRUE,
     done |-> TRUE ],
   [ instr |->
         [ ind |-> 5698,
           type |-> "MemWrite",
           r0 |-> "zero",
           r1 |-> "",
           r2 |-> "",
           addr |-> "0x104fc" ],
     executed |-> TRUE,
     done |-> TRUE ],
   [ instr |->
         [ ind |-> 5699,
           type |-> "IntAlu",
           r0 |-> "",
           r1 |-> "",
           r2 |-> "",
           addr |-> "0x10500" ],
     executed |-> TRUE,
     done |-> TRUE ],
   [ instr |->
         [ ind |-> 5700,
           type |-> "MemRead",
           r0 |-> "a5",
           r1 |-> "",
           r2 |-> "",
           addr |-> "0x105c4" ],
     executed |-> TRUE,
     done |-> TRUE ],
   [ instr |->
         [ ind |-> 5701,
           type |-> "IntAlu",
           r0 |-> "a4",
           r1 |-> "a5",
           r2 |-> "",
           addr |-> "0x105c8" ],
     executed |-> TRUE,
     done |-> TRUE ],
   [ instr |->
         [ ind |-> 5702,
           type |-> "IntAlu",
           r0 |-> "a5",
           r1 |-> "zero",
           r2 |-> "",
           addr |-> "0x105cc" ],
     executed |-> TRUE,
     done |-> TRUE ],
   [ instr |->
         [ ind |-> 5703,
           type |-> "IntAlu",
           r0 |-> "a5",
           r1 |-> "a4",
           r2 |-> "",
           addr |-> "0x105d0" ],
     executed |-> TRUE,
     done |-> FALSE ],
   [ instr |->
         [ ind |-> 5704,
           type |-> "IntAlu",
           r0 |-> "a5",
           r1 |-> "",
           r2 |-> "",
           addr |-> "0x10502" ],
     executed |-> TRUE,
     done |-> FALSE ],
   [ instr |->
         [ ind |-> 5705,
           type |-> "MemWrite",
           r0 |-> "a5",
           r1 |-> "",
           r2 |-> "",
           addr |-> "0x10504" ],
     executed |-> TRUE,
     done |-> FALSE ],
   [ instr |->
         [ ind |-> 5706,
           type |-> "MemWrite",
           r0 |-> "zero",
           r1 |-> "",
           r2 |-> "",
           addr |-> "0x10508" ],
     executed |-> TRUE,
     done |-> FALSE ],
   [ instr |->
         [ ind |-> 5707,
           type |-> "IntAlu",
           r0 |-> "",
           r1 |-> "",
           r2 |-> "",
           addr |-> "0x1050c" ],
     executed |-> FALSE,
     done |-> FALSE ],
   [ instr |->
         [ ind |-> 5708,
           type |-> "MemRead",
           r0 |-> "a5",
           r1 |-> "",
           r2 |-> "",
           addr |-> "0x1059e" ],
     executed |-> FALSE,
     done |-> FALSE ],
   [ instr |->
         [ ind |-> 5709,
           type |-> "IntAlu",
           r0 |-> "a4",
           r1 |-> "a5",
           r2 |-> "",
           addr |-> "0x105a2" ],
     executed |-> FALSE,
     done |-> FALSE ],
   [ instr |->
         [ ind |-> 5710,
           type |-> "IntAlu",
           r0 |-> "a5",
           r1 |-> "zero",
           r2 |-> "",
           addr |-> "0x105a6" ],
     executed |-> FALSE,
     done |-> FALSE ] >>
/\ _FU = << [ instr |->
         [ ind |-> 5717,
           type |-> "IntAlu",
           r0 |-> "a5",
           r1 |-> "",
           r2 |-> "",
           addr |-> "0x10522" ],
     baseLat |-> 1,
     currLat |-> 1 ],
   [ instr |->
         [ ind |-> 0,
           type |-> "No_OpClass",
           r0 |-> "",
           r1 |-> "",
           r2 |-> "",
           addr |-> "" ],
     baseLat |-> 1,
     currLat |-> 1 ],
   [ instr |->
         [ ind |-> 0,
           type |-> "No_OpClass",
           r0 |-> "",
           r1 |-> "",
           r2 |-> "",
           addr |-> "" ],
     baseLat |-> 1,
     currLat |-> 1 ],
   [ instr |->
         [ ind |-> 0,
           type |-> "No_OpClass",
           r0 |-> "",
           r1 |-> "",
           r2 |-> "",
           addr |-> "" ],
     baseLat |-> 1,
     currLat |-> 1 ],
   [ instr |->
         [ ind |-> 0,
           type |-> "No_OpClass",
           r0 |-> "",
           r1 |-> "",
           r2 |-> "",
           addr |-> "" ],
     baseLat |-> 1,
     currLat |-> 1 ] >>

@!@!@ENDMSG 2217 @!@!@
@!@!@STARTMSG 2200:0 @!@!@
Progress(22) at 2022-08-03 16:21:48: 1 030 states generated (355 s/min), 1 030 distinct states found (355 ds/min), 299 states left on queue.
@!@!@ENDMSG 2200 @!@!@
@!@!@STARTMSG 2199:0 @!@!@
1030 states generated, 1030 distinct states found, 299 states left on queue.
@!@!@ENDMSG 2199 @!@!@
@!@!@STARTMSG 2194:0 @!@!@
The depth of the complete state graph search is 22.
@!@!@ENDMSG 2194 @!@!@
@!@!@STARTMSG 2268:0 @!@!@
The average outdegree of the complete state graph is 1 (minimum is 1, the maximum 4 and the 95th percentile is 2).
@!@!@ENDMSG 2268 @!@!@
@!@!@STARTMSG 2186:0 @!@!@
Finished in 173754ms at (2022-08-03 16:21:48)
@!@!@ENDMSG 2186 @!@!@
