@!@!@STARTMSG 2262:0 @!@!@
TLC2 Version 2.20 of Day Month 20?? (rev: bacd9d2)
@!@!@ENDMSG 2262 @!@!@
@!@!@STARTMSG 2187:0 @!@!@
Running breadth-first search Model-Checking with fp 61 and seed 2515071759734731340 with 1 worker on 8 cores with 5298MB heap and 64MB offheap memory [pid: 424486] (Linux 6.8.0-52-generic amd64, Ubuntu 21.0.6 x86_64, MSBDiskFPSet, DiskStateQueue).
@!@!@ENDMSG 2187 @!@!@
@!@!@STARTMSG 2220:0 @!@!@
Starting SANY...
@!@!@ENDMSG 2220 @!@!@
Parsing file /home/stariktenger/Internship2025/ta-models/pipeline_ooo.toolbox/background/MC.tla
Parsing file /home/stariktenger/Internship2025/ta-models/pipeline_ooo.toolbox/background/pipeline_ooo.tla
Parsing file /tmp/tlc-5180354845576425508/TLC.tla (jar:file:/home/stariktenger/.vscode/extensions/tlaplus.vscode-ide-2025.2.280126/tools/tla2tools.jar!/tla2sany/StandardModules/TLC.tla)
Parsing file /tmp/tlc-5180354845576425508/Sequences.tla (jar:file:/home/stariktenger/.vscode/extensions/tlaplus.vscode-ide-2025.2.280126/tools/tla2tools.jar!/tla2sany/StandardModules/Sequences.tla)
Parsing file /home/stariktenger/Internship2025/ta-models/pipeline_ooo.toolbox/background/instructions_ooo.tla
Parsing file /tmp/tlc-5180354845576425508/Integers.tla (jar:file:/home/stariktenger/.vscode/extensions/tlaplus.vscode-ide-2025.2.280126/tools/tla2tools.jar!/tla2sany/StandardModules/Integers.tla)
Parsing file /tmp/tlc-5180354845576425508/FiniteSets.tla (jar:file:/home/stariktenger/.vscode/extensions/tlaplus.vscode-ide-2025.2.280126/tools/tla2tools.jar!/tla2sany/StandardModules/FiniteSets.tla)
Parsing file /tmp/tlc-5180354845576425508/Naturals.tla (jar:file:/home/stariktenger/.vscode/extensions/tlaplus.vscode-ide-2025.2.280126/tools/tla2tools.jar!/tla2sany/StandardModules/Naturals.tla)
Parsing file /home/stariktenger/Internship2025/ta-models/pipeline_ooo.toolbox/background/pipeline_exec_ooo.tla
Semantic processing of module Naturals
Semantic processing of module Sequences
Semantic processing of module Integers
Semantic processing of module instructions_ooo
Semantic processing of module FiniteSets
Semantic processing of module TLC
Semantic processing of module pipeline_exec_ooo
Semantic processing of module pipeline_ooo
Semantic processing of module MC
@!@!@STARTMSG 2219:0 @!@!@
SANY finished.
@!@!@ENDMSG 2219 @!@!@
@!@!@STARTMSG 2185:0 @!@!@
Starting... (2025-03-04 12:07:17)
@!@!@ENDMSG 2185 @!@!@
@!@!@STARTMSG 2189:0 @!@!@
Computing initial states...
@!@!@ENDMSG 2189 @!@!@
@!@!@STARTMSG 2776:0 @!@!@
CostModel lookup failed for expression <line 31, col 12 to line 31, col 56 of module pipeline_ooo>. Reporting costs into <line 38, col 38 to line 38, col 43 of module pipeline_ooo> instead (Safety and Liveness checking is unaffected. Please report a bug.)
@!@!@ENDMSG 2776 @!@!@
@!@!@STARTMSG 2776:0 @!@!@
CostModel lookup failed for expression <line 31, col 15 to line 31, col 19 of module pipeline_ooo>. Reporting costs into <line 38, col 38 to line 38, col 43 of module pipeline_ooo> instead (Safety and Liveness checking is unaffected. Please report a bug.)
@!@!@ENDMSG 2776 @!@!@
@!@!@STARTMSG 2776:0 @!@!@
CostModel lookup failed for expression <line 6, col 1 to line 6, col 5 of module MC>. Reporting costs into <line 38, col 38 to line 38, col 43 of module pipeline_ooo> instead (Safety and Liveness checking is unaffected. Please report a bug.)
@!@!@ENDMSG 2776 @!@!@
@!@!@STARTMSG 2776:0 @!@!@
CostModel lookup failed for expression <line 31, col 48 to line 31, col 56 of module pipeline_ooo>. Reporting costs into <line 38, col 38 to line 38, col 43 of module pipeline_ooo> instead (Safety and Liveness checking is unaffected. Please report a bug.)
@!@!@ENDMSG 2776 @!@!@
@!@!@STARTMSG 2776:0 @!@!@
CostModel lookup failed for expression <line 31, col 50 to line 31, col 54 of module pipeline_ooo>. Reporting costs into <line 38, col 38 to line 38, col 43 of module pipeline_ooo> instead (Safety and Liveness checking is unaffected. Please report a bug.)
@!@!@ENDMSG 2776 @!@!@
@!@!@STARTMSG 2776:0 @!@!@
CostModel lookup failed for expression <line 31, col 12 to line 31, col 56 of module pipeline_ooo>. Reporting costs into <line 38, col 72 to line 38, col 77 of module pipeline_ooo> instead (Safety and Liveness checking is unaffected. Please report a bug.)
@!@!@ENDMSG 2776 @!@!@
@!@!@STARTMSG 2776:0 @!@!@
CostModel lookup failed for expression <line 31, col 15 to line 31, col 19 of module pipeline_ooo>. Reporting costs into <line 38, col 72 to line 38, col 77 of module pipeline_ooo> instead (Safety and Liveness checking is unaffected. Please report a bug.)
@!@!@ENDMSG 2776 @!@!@
@!@!@STARTMSG 2776:0 @!@!@
CostModel lookup failed for expression <line 6, col 1 to line 6, col 5 of module MC>. Reporting costs into <line 38, col 72 to line 38, col 77 of module pipeline_ooo> instead (Safety and Liveness checking is unaffected. Please report a bug.)
@!@!@ENDMSG 2776 @!@!@
@!@!@STARTMSG 2776:0 @!@!@
CostModel lookup failed for expression <line 31, col 48 to line 31, col 56 of module pipeline_ooo>. Reporting costs into <line 38, col 72 to line 38, col 77 of module pipeline_ooo> instead (Safety and Liveness checking is unaffected. Please report a bug.)
@!@!@ENDMSG 2776 @!@!@
@!@!@STARTMSG 2776:0 @!@!@
CostModel lookup failed for expression <line 31, col 50 to line 31, col 54 of module pipeline_ooo>. Reporting costs into <line 38, col 72 to line 38, col 77 of module pipeline_ooo> instead (Safety and Liveness checking is unaffected. Please report a bug.)
@!@!@ENDMSG 2776 @!@!@
@!@!@STARTMSG 2776:0 @!@!@
CostModel lookup failed for expression <line 32, col 13 to line 32, col 29 of module pipeline_ooo>. Reporting costs into <line 38, col 38 to line 38, col 43 of module pipeline_ooo> instead (Safety and Liveness checking is unaffected. Please report a bug.)
@!@!@ENDMSG 2776 @!@!@
@!@!@STARTMSG 2776:0 @!@!@
CostModel lookup failed for expression <line 32, col 13 to line 32, col 24 of module pipeline_ooo>. Reporting costs into <line 38, col 38 to line 38, col 43 of module pipeline_ooo> instead (Safety and Liveness checking is unaffected. Please report a bug.)
@!@!@ENDMSG 2776 @!@!@
@!@!@STARTMSG 2776:0 @!@!@
CostModel lookup failed for expression <line 32, col 13 to line 32, col 21 of module pipeline_ooo>. Reporting costs into <line 38, col 38 to line 38, col 43 of module pipeline_ooo> instead (Safety and Liveness checking is unaffected. Please report a bug.)
@!@!@ENDMSG 2776 @!@!@
@!@!@STARTMSG 2776:0 @!@!@
CostModel lookup failed for expression <line 32, col 13 to line 32, col 16 of module pipeline_ooo>. Reporting costs into <line 38, col 38 to line 38, col 43 of module pipeline_ooo> instead (Safety and Liveness checking is unaffected. Please report a bug.)
@!@!@ENDMSG 2776 @!@!@
@!@!@STARTMSG 2776:0 @!@!@
CostModel lookup failed for expression <line 32, col 23 to line 32, col 23 of module pipeline_ooo>. Reporting costs into <line 38, col 38 to line 38, col 43 of module pipeline_ooo> instead (Safety and Liveness checking is unaffected. Please report a bug.)
@!@!@ENDMSG 2776 @!@!@
@!@!@STARTMSG 2776:0 @!@!@
CostModel lookup failed for expression <line 32, col 13 to line 32, col 29 of module pipeline_ooo>. Reporting costs into <line 38, col 72 to line 38, col 77 of module pipeline_ooo> instead (Safety and Liveness checking is unaffected. Please report a bug.)
@!@!@ENDMSG 2776 @!@!@
@!@!@STARTMSG 2776:0 @!@!@
CostModel lookup failed for expression <line 32, col 13 to line 32, col 24 of module pipeline_ooo>. Reporting costs into <line 38, col 72 to line 38, col 77 of module pipeline_ooo> instead (Safety and Liveness checking is unaffected. Please report a bug.)
@!@!@ENDMSG 2776 @!@!@
@!@!@STARTMSG 2776:0 @!@!@
CostModel lookup failed for expression <line 32, col 13 to line 32, col 21 of module pipeline_ooo>. Reporting costs into <line 38, col 72 to line 38, col 77 of module pipeline_ooo> instead (Safety and Liveness checking is unaffected. Please report a bug.)
@!@!@ENDMSG 2776 @!@!@
@!@!@STARTMSG 2776:0 @!@!@
CostModel lookup failed for expression <line 32, col 13 to line 32, col 16 of module pipeline_ooo>. Reporting costs into <line 38, col 72 to line 38, col 77 of module pipeline_ooo> instead (Safety and Liveness checking is unaffected. Please report a bug.)
@!@!@ENDMSG 2776 @!@!@
@!@!@STARTMSG 2776:0 @!@!@
CostModel lookup failed for expression <line 32, col 23 to line 32, col 23 of module pipeline_ooo>. Reporting costs into <line 38, col 72 to line 38, col 77 of module pipeline_ooo> instead (Safety and Liveness checking is unaffected. Please report a bug.)
@!@!@ENDMSG 2776 @!@!@
@!@!@STARTMSG 2776:0 @!@!@
CostModel lookup failed for expression <line 33, col 16 to line 33, col 31 of module pipeline_ooo>. Reporting costs into <line 38, col 38 to line 38, col 43 of module pipeline_ooo> instead (Safety and Liveness checking is unaffected. Please report a bug.)
@!@!@ENDMSG 2776 @!@!@
@!@!@STARTMSG 2776:0 @!@!@
CostModel lookup failed for expression <line 33, col 16 to line 33, col 27 of module pipeline_ooo>. Reporting costs into <line 38, col 38 to line 38, col 43 of module pipeline_ooo> instead (Safety and Liveness checking is unaffected. Please report a bug.)
@!@!@ENDMSG 2776 @!@!@
@!@!@STARTMSG 2776:0 @!@!@
CostModel lookup failed for expression <line 33, col 16 to line 33, col 24 of module pipeline_ooo>. Reporting costs into <line 38, col 38 to line 38, col 43 of module pipeline_ooo> instead (Safety and Liveness checking is unaffected. Please report a bug.)
@!@!@ENDMSG 2776 @!@!@
@!@!@STARTMSG 2776:0 @!@!@
CostModel lookup failed for expression <line 33, col 16 to line 33, col 19 of module pipeline_ooo>. Reporting costs into <line 38, col 38 to line 38, col 43 of module pipeline_ooo> instead (Safety and Liveness checking is unaffected. Please report a bug.)
@!@!@ENDMSG 2776 @!@!@
@!@!@STARTMSG 2776:0 @!@!@
CostModel lookup failed for expression <line 33, col 26 to line 33, col 26 of module pipeline_ooo>. Reporting costs into <line 38, col 38 to line 38, col 43 of module pipeline_ooo> instead (Safety and Liveness checking is unaffected. Please report a bug.)
@!@!@ENDMSG 2776 @!@!@
@!@!@STARTMSG 2776:0 @!@!@
CostModel lookup failed for expression <line 33, col 16 to line 33, col 31 of module pipeline_ooo>. Reporting costs into <line 38, col 72 to line 38, col 77 of module pipeline_ooo> instead (Safety and Liveness checking is unaffected. Please report a bug.)
@!@!@ENDMSG 2776 @!@!@
@!@!@STARTMSG 2776:0 @!@!@
CostModel lookup failed for expression <line 33, col 16 to line 33, col 27 of module pipeline_ooo>. Reporting costs into <line 38, col 72 to line 38, col 77 of module pipeline_ooo> instead (Safety and Liveness checking is unaffected. Please report a bug.)
@!@!@ENDMSG 2776 @!@!@
@!@!@STARTMSG 2776:0 @!@!@
CostModel lookup failed for expression <line 33, col 16 to line 33, col 24 of module pipeline_ooo>. Reporting costs into <line 38, col 72 to line 38, col 77 of module pipeline_ooo> instead (Safety and Liveness checking is unaffected. Please report a bug.)
@!@!@ENDMSG 2776 @!@!@
@!@!@STARTMSG 2776:0 @!@!@
CostModel lookup failed for expression <line 33, col 16 to line 33, col 19 of module pipeline_ooo>. Reporting costs into <line 38, col 72 to line 38, col 77 of module pipeline_ooo> instead (Safety and Liveness checking is unaffected. Please report a bug.)
@!@!@ENDMSG 2776 @!@!@
@!@!@STARTMSG 2776:0 @!@!@
CostModel lookup failed for expression <line 33, col 26 to line 33, col 26 of module pipeline_ooo>. Reporting costs into <line 38, col 72 to line 38, col 77 of module pipeline_ooo> instead (Safety and Liveness checking is unaffected. Please report a bug.)
@!@!@ENDMSG 2776 @!@!@
@!@!@STARTMSG 2269:0 @!@!@
Computed 2 initial states...
@!@!@ENDMSG 2269 @!@!@
@!@!@STARTMSG 2269:0 @!@!@
Computed 4 initial states...
@!@!@ENDMSG 2269 @!@!@
@!@!@STARTMSG 2269:0 @!@!@
Computed 8 initial states...
@!@!@ENDMSG 2269 @!@!@
@!@!@STARTMSG 2269:0 @!@!@
Computed 16 initial states...
@!@!@ENDMSG 2269 @!@!@
@!@!@STARTMSG 2269:0 @!@!@
Computed 32 initial states...
@!@!@ENDMSG 2269 @!@!@
@!@!@STARTMSG 2269:0 @!@!@
Computed 64 initial states...
@!@!@ENDMSG 2269 @!@!@
@!@!@STARTMSG 2269:0 @!@!@
Computed 128 initial states...
@!@!@ENDMSG 2269 @!@!@
@!@!@STARTMSG 2190:0 @!@!@
Finished computing initial states: 256 distinct states generated at 2025-03-04 12:07:18.
@!@!@ENDMSG 2190 @!@!@
@!@!@STARTMSG 2200:0 @!@!@
Progress(6) at 2025-03-04 12:07:21: 1,332 states generated (1,332 s/min), 1,332 distinct states found (1,332 ds/min), 255 states left on queue.
@!@!@ENDMSG 2200 @!@!@
@!@!@STARTMSG 2776:0 @!@!@
CostModel lookup failed for expression <line 27, col 27 to line 27, col 39 of module pipeline_ooo>. Reporting costs into <line 26, col 67 to line 26, col 78 of module pipeline_ooo> instead (Safety and Liveness checking is unaffected. Please report a bug.)
@!@!@ENDMSG 2776 @!@!@
@!@!@STARTMSG 2776:0 @!@!@
CostModel lookup failed for expression <line 27, col 27 to line 27, col 31 of module pipeline_ooo>. Reporting costs into <line 26, col 67 to line 26, col 78 of module pipeline_ooo> instead (Safety and Liveness checking is unaffected. Please report a bug.)
@!@!@ENDMSG 2776 @!@!@
@!@!@STARTMSG 2776:0 @!@!@
CostModel lookup failed for expression <line 27, col 27 to line 27, col 27 of module pipeline_ooo>. Reporting costs into <line 26, col 67 to line 26, col 78 of module pipeline_ooo> instead (Safety and Liveness checking is unaffected. Please report a bug.)
@!@!@ENDMSG 2776 @!@!@
@!@!@STARTMSG 2776:0 @!@!@
CostModel lookup failed for expression <line 27, col 35 to line 27, col 39 of module pipeline_ooo>. Reporting costs into <line 26, col 67 to line 26, col 78 of module pipeline_ooo> instead (Safety and Liveness checking is unaffected. Please report a bug.)
@!@!@ENDMSG 2776 @!@!@
@!@!@STARTMSG 2776:0 @!@!@
CostModel lookup failed for expression <line 27, col 35 to line 27, col 35 of module pipeline_ooo>. Reporting costs into <line 26, col 67 to line 26, col 78 of module pipeline_ooo> instead (Safety and Liveness checking is unaffected. Please report a bug.)
@!@!@ENDMSG 2776 @!@!@
@!@!@STARTMSG 2776:0 @!@!@
CostModel lookup failed for expression <line 27, col 27 to line 27, col 39 of module pipeline_ooo>. Reporting costs into <line 26, col 67 to line 26, col 78 of module pipeline_ooo> instead (Safety and Liveness checking is unaffected. Please report a bug.)
@!@!@ENDMSG 2776 @!@!@
@!@!@STARTMSG 2776:0 @!@!@
CostModel lookup failed for expression <line 27, col 27 to line 27, col 31 of module pipeline_ooo>. Reporting costs into <line 26, col 67 to line 26, col 78 of module pipeline_ooo> instead (Safety and Liveness checking is unaffected. Please report a bug.)
@!@!@ENDMSG 2776 @!@!@
@!@!@STARTMSG 2776:0 @!@!@
CostModel lookup failed for expression <line 27, col 27 to line 27, col 27 of module pipeline_ooo>. Reporting costs into <line 26, col 67 to line 26, col 78 of module pipeline_ooo> instead (Safety and Liveness checking is unaffected. Please report a bug.)
@!@!@ENDMSG 2776 @!@!@
@!@!@STARTMSG 2776:0 @!@!@
CostModel lookup failed for expression <line 27, col 35 to line 27, col 39 of module pipeline_ooo>. Reporting costs into <line 26, col 67 to line 26, col 78 of module pipeline_ooo> instead (Safety and Liveness checking is unaffected. Please report a bug.)
@!@!@ENDMSG 2776 @!@!@
@!@!@STARTMSG 2776:0 @!@!@
CostModel lookup failed for expression <line 27, col 35 to line 27, col 35 of module pipeline_ooo>. Reporting costs into <line 26, col 67 to line 26, col 78 of module pipeline_ooo> instead (Safety and Liveness checking is unaffected. Please report a bug.)
@!@!@ENDMSG 2776 @!@!@
<< "TAInter encountered (<<First (loc) instr., Second (glob) instr., Local diff, Global end diff>>",
   2,
   4,
   1,
   -1 >>
@!@!@STARTMSG 2110:1 @!@!@
Invariant NoTAInter is violated.
@!@!@ENDMSG 2110 @!@!@
@!@!@STARTMSG 2121:1 @!@!@
The behavior up to this point is:
@!@!@ENDMSG 2121 @!@!@
@!@!@STARTMSG 2217:4 @!@!@
1: <Initial predicate>
/\ FULat2 = <<3, 3, 3, 3>>
/\ iMiss2 = <<FALSE, FALSE, FALSE, FALSE>>
/\ _RS2 = <<{}, {}>>
/\ locWorst = <<FALSE, FALSE>>
/\ _COM2 = <<[PC |-> [pc |-> 0, type |-> "empty"]], [PC |-> [pc |-> 0, type |-> "empty"]]>>
/\ _ID = <<[PC |-> [pc |-> 0, type |-> "empty"]], [PC |-> [pc |-> 0, type |-> "empty"]]>>
/\ _IF = << [PC |-> [pc |-> 0, type |-> "empty"], currLat |-> 1, baseLat |-> 1],
   [PC |-> [pc |-> 0, type |-> "empty"], currLat |-> 1, baseLat |-> 1] >>
/\ FUTmpLat = <<<<<<3, 3>>, 3>>, 3>>
/\ _FU2 = << [ PC |-> [pc |-> 0, type |-> "empty"],
     currLat |-> 1,
     usage |-> 0,
     baseLat |-> 1 ],
   [ PC |-> [pc |-> 0, type |-> "empty"],
     currLat |-> 1,
     usage |-> 0,
     baseLat |-> 1 ] >>
/\ FUTmp = <<<<<<1, 1>>, 2>>, 1>>
/\ _COM = <<[PC |-> [pc |-> 0, type |-> "empty"]], [PC |-> [pc |-> 0, type |-> "empty"]]>>
/\ _ID2 = <<[PC |-> [pc |-> 0, type |-> "empty"]], [PC |-> [pc |-> 0, type |-> "empty"]]>>
/\ currCycle2 = 0
/\ FU2 = <<1, 2, 2, 1>>
/\ _IF2 = << [PC |-> [pc |-> 0, type |-> "empty"], currLat |-> 1, baseLat |-> 1],
   [PC |-> [pc |-> 0, type |-> "empty"], currLat |-> 1, baseLat |-> 1] >>
/\ iMissTmp2 = <<<<<<FALSE, FALSE>>, FALSE>>, FALSE>>
/\ iMiss = <<FALSE, FALSE, FALSE, FALSE>>
/\ _RS = <<{}, {}>>
/\ commonPre = TRUE
/\ currCycle = 0
/\ iMissTmp = <<<<<<FALSE, FALSE>>, FALSE>>, FALSE>>
/\ FULat = <<3, 3, 3, 3>>
/\ FUTmp2 = <<<<<<1, 2>>, 2>>, 1>>
/\ prog = [ rest |->
      << [pc |-> 1, type |-> {1}, lat |-> {1, 3}, dep |-> {}],
         [pc |-> 2, type |-> {1, 2}, lat |-> {3}, dep |-> {1}],
         [pc |-> 3, type |-> {1, 2}, lat |-> {3}, dep |-> {}],
         [pc |-> 4, type |-> {1, 2}, lat |-> {3}, dep |-> {3}] >>,
  exec |-> <<>> ]
/\ depProg = <<>>
/\ FUTmpLat2 = <<<<<<3, 3>>, 3>>, 3>>
/\ depProgTmp = <<>>
/\ prog2 = [ rest |->
      << [pc |-> 1, type |-> {1}, lat |-> {1, 3}, dep |-> {}],
         [pc |-> 2, type |-> {1, 2}, lat |-> {3}, dep |-> {1}],
         [pc |-> 3, type |-> {1, 2}, lat |-> {3}, dep |-> {}],
         [pc |-> 4, type |-> {1, 2}, lat |-> {3}, dep |-> {3}] >>,
  exec |-> <<>> ]
/\ FU = <<1, 1, 2, 1>>
/\ _FU = << [ PC |-> [pc |-> 0, type |-> "empty"],
     currLat |-> 1,
     usage |-> 0,
     baseLat |-> 1 ],
   [ PC |-> [pc |-> 0, type |-> "empty"],
     currLat |-> 1,
     usage |-> 0,
     baseLat |-> 1 ] >>

@!@!@ENDMSG 2217 @!@!@
@!@!@STARTMSG 2217:4 @!@!@
2: <Next line 78, col 9 to line 100, col 103 of module pipeline_ooo>
/\ FULat2 = <<3, 3, 3, 3>>
/\ iMiss2 = <<FALSE, FALSE, FALSE, FALSE>>
/\ _RS2 = <<{}, {}>>
/\ locWorst = <<TRUE, TRUE>>
/\ _COM2 = <<[PC |-> [pc |-> 0, type |-> "empty"]], [PC |-> [pc |-> 0, type |-> "empty"]]>>
/\ _ID = <<[PC |-> [pc |-> 0, type |-> "empty"]], [PC |-> [pc |-> 0, type |-> "empty"]]>>
/\ _IF = << [ PC |-> [pc |-> 1, type |-> {1}, lat |-> {1, 3}, dep |-> {}],
     currLat |-> 1,
     baseLat |-> 1 ],
   [ PC |-> [pc |-> 2, type |-> {1, 2}, lat |-> {3}, dep |-> {1}],
     currLat |-> 1,
     baseLat |-> 1 ] >>
/\ FUTmpLat = <<<<<<3, 3>>, 3>>, 3>>
/\ _FU2 = << [ PC |-> [pc |-> 0, type |-> "empty"],
     currLat |-> 1,
     usage |-> 0,
     baseLat |-> 1 ],
   [ PC |-> [pc |-> 0, type |-> "empty"],
     currLat |-> 1,
     usage |-> 0,
     baseLat |-> 1 ] >>
/\ FUTmp = <<<<<<1, 1>>, 2>>, 1>>
/\ _COM = <<[PC |-> [pc |-> 0, type |-> "empty"]], [PC |-> [pc |-> 0, type |-> "empty"]]>>
/\ _ID2 = <<[PC |-> [pc |-> 0, type |-> "empty"]], [PC |-> [pc |-> 0, type |-> "empty"]]>>
/\ currCycle2 = 1
/\ FU2 = <<1, 2, 2, 1>>
/\ _IF2 = << [ PC |-> [pc |-> 1, type |-> {1}, lat |-> {1, 3}, dep |-> {}],
     currLat |-> 1,
     baseLat |-> 1 ],
   [ PC |-> [pc |-> 2, type |-> {1, 2}, lat |-> {3}, dep |-> {1}],
     currLat |-> 1,
     baseLat |-> 1 ] >>
/\ iMissTmp2 = <<<<<<FALSE, FALSE>>, FALSE>>, FALSE>>
/\ iMiss = <<FALSE, FALSE, FALSE, FALSE>>
/\ _RS = <<{}, {}>>
/\ commonPre = TRUE
/\ currCycle = 1
/\ iMissTmp = <<<<<<FALSE, FALSE>>, FALSE>>, FALSE>>
/\ FULat = <<3, 3, 3, 3>>
/\ FUTmp2 = <<<<<<1, 2>>, 2>>, 1>>
/\ prog = [ rest |->
      << [pc |-> 3, type |-> {1, 2}, lat |-> {3}, dep |-> {}],
         [pc |-> 4, type |-> {1, 2}, lat |-> {3}, dep |-> {3}] >>,
  exec |->
      << [ PC |-> [pc |-> 1, type |-> {1}, lat |-> {1, 3}, dep |-> {}],
           done |-> FALSE,
           comTime |-> 0,
           executed |-> FALSE,
           exStartTime |-> 0 ],
         [ PC |-> [pc |-> 2, type |-> {1, 2}, lat |-> {3}, dep |-> {1}],
           done |-> FALSE,
           comTime |-> 0,
           executed |-> FALSE,
           exStartTime |-> 0 ] >> ]
/\ depProg = <<>>
/\ FUTmpLat2 = <<<<<<3, 3>>, 3>>, 3>>
/\ depProgTmp = <<>>
/\ prog2 = [ rest |->
      << [pc |-> 3, type |-> {1, 2}, lat |-> {3}, dep |-> {}],
         [pc |-> 4, type |-> {1, 2}, lat |-> {3}, dep |-> {3}] >>,
  exec |->
      << [ PC |-> [pc |-> 1, type |-> {1}, lat |-> {1, 3}, dep |-> {}],
           done |-> FALSE,
           comTime |-> 0,
           executed |-> FALSE,
           exStartTime |-> 0 ],
         [ PC |-> [pc |-> 2, type |-> {1, 2}, lat |-> {3}, dep |-> {1}],
           done |-> FALSE,
           comTime |-> 0,
           executed |-> FALSE,
           exStartTime |-> 0 ] >> ]
/\ FU = <<1, 1, 2, 1>>
/\ _FU = << [ PC |-> [pc |-> 0, type |-> "empty"],
     currLat |-> 1,
     usage |-> 0,
     baseLat |-> 1 ],
   [ PC |-> [pc |-> 0, type |-> "empty"],
     currLat |-> 1,
     usage |-> 0,
     baseLat |-> 1 ] >>

@!@!@ENDMSG 2217 @!@!@
@!@!@STARTMSG 2217:4 @!@!@
3: <Next line 78, col 9 to line 100, col 103 of module pipeline_ooo>
/\ FULat2 = <<3, 3, 3, 3>>
/\ iMiss2 = <<FALSE, FALSE, FALSE, FALSE>>
/\ _RS2 = <<{}, {}>>
/\ locWorst = <<TRUE, TRUE>>
/\ _COM2 = <<[PC |-> [pc |-> 0, type |-> "empty"]], [PC |-> [pc |-> 0, type |-> "empty"]]>>
/\ _ID = << [PC |-> [pc |-> 1, type |-> {1}, lat |-> {1, 3}, dep |-> {}]],
   [PC |-> [pc |-> 2, type |-> {1, 2}, lat |-> {3}, dep |-> {1}]] >>
/\ _IF = << [ PC |-> [pc |-> 3, type |-> {1, 2}, lat |-> {3}, dep |-> {}],
     currLat |-> 1,
     baseLat |-> 1 ],
   [ PC |-> [pc |-> 4, type |-> {1, 2}, lat |-> {3}, dep |-> {3}],
     currLat |-> 1,
     baseLat |-> 1 ] >>
/\ FUTmpLat = <<<<<<3, 3>>, 3>>, 3>>
/\ _FU2 = << [ PC |-> [pc |-> 0, type |-> "empty"],
     currLat |-> 1,
     usage |-> 0,
     baseLat |-> 1 ],
   [ PC |-> [pc |-> 0, type |-> "empty"],
     currLat |-> 1,
     usage |-> 0,
     baseLat |-> 1 ] >>
/\ FUTmp = <<<<<<1, 1>>, 2>>, 1>>
/\ _COM = <<[PC |-> [pc |-> 0, type |-> "empty"]], [PC |-> [pc |-> 0, type |-> "empty"]]>>
/\ _ID2 = << [PC |-> [pc |-> 1, type |-> {1}, lat |-> {1, 3}, dep |-> {}]],
   [PC |-> [pc |-> 2, type |-> {1, 2}, lat |-> {3}, dep |-> {1}]] >>
/\ currCycle2 = 2
/\ FU2 = <<1, 2, 2, 1>>
/\ _IF2 = << [ PC |-> [pc |-> 3, type |-> {1, 2}, lat |-> {3}, dep |-> {}],
     currLat |-> 1,
     baseLat |-> 1 ],
   [ PC |-> [pc |-> 4, type |-> {1, 2}, lat |-> {3}, dep |-> {3}],
     currLat |-> 1,
     baseLat |-> 1 ] >>
/\ iMissTmp2 = <<<<<<FALSE, FALSE>>, FALSE>>, FALSE>>
/\ iMiss = <<FALSE, FALSE, FALSE, FALSE>>
/\ _RS = <<{}, {}>>
/\ commonPre = TRUE
/\ currCycle = 2
/\ iMissTmp = <<<<<<FALSE, FALSE>>, FALSE>>, FALSE>>
/\ FULat = <<3, 3, 3, 3>>
/\ FUTmp2 = <<<<<<1, 2>>, 2>>, 1>>
/\ prog = [ rest |-> <<>>,
  exec |->
      << [ PC |-> [pc |-> 1, type |-> {1}, lat |-> {1, 3}, dep |-> {}],
           done |-> FALSE,
           comTime |-> 0,
           executed |-> FALSE,
           exStartTime |-> 0 ],
         [ PC |-> [pc |-> 2, type |-> {1, 2}, lat |-> {3}, dep |-> {1}],
           done |-> FALSE,
           comTime |-> 0,
           executed |-> FALSE,
           exStartTime |-> 0 ],
         [ PC |-> [pc |-> 3, type |-> {1, 2}, lat |-> {3}, dep |-> {}],
           done |-> FALSE,
           comTime |-> 0,
           executed |-> FALSE,
           exStartTime |-> 0 ],
         [ PC |-> [pc |-> 4, type |-> {1, 2}, lat |-> {3}, dep |-> {3}],
           done |-> FALSE,
           comTime |-> 0,
           executed |-> FALSE,
           exStartTime |-> 0 ] >> ]
/\ depProg = <<>>
/\ FUTmpLat2 = <<<<<<3, 3>>, 3>>, 3>>
/\ depProgTmp = <<>>
/\ prog2 = [ rest |-> <<>>,
  exec |->
      << [ PC |-> [pc |-> 1, type |-> {1}, lat |-> {1, 3}, dep |-> {}],
           done |-> FALSE,
           comTime |-> 0,
           executed |-> FALSE,
           exStartTime |-> 0 ],
         [ PC |-> [pc |-> 2, type |-> {1, 2}, lat |-> {3}, dep |-> {1}],
           done |-> FALSE,
           comTime |-> 0,
           executed |-> FALSE,
           exStartTime |-> 0 ],
         [ PC |-> [pc |-> 3, type |-> {1, 2}, lat |-> {3}, dep |-> {}],
           done |-> FALSE,
           comTime |-> 0,
           executed |-> FALSE,
           exStartTime |-> 0 ],
         [ PC |-> [pc |-> 4, type |-> {1, 2}, lat |-> {3}, dep |-> {3}],
           done |-> FALSE,
           comTime |-> 0,
           executed |-> FALSE,
           exStartTime |-> 0 ] >> ]
/\ FU = <<1, 1, 2, 1>>
/\ _FU = << [ PC |-> [pc |-> 0, type |-> "empty"],
     currLat |-> 1,
     usage |-> 0,
     baseLat |-> 1 ],
   [ PC |-> [pc |-> 0, type |-> "empty"],
     currLat |-> 1,
     usage |-> 0,
     baseLat |-> 1 ] >>

@!@!@ENDMSG 2217 @!@!@
@!@!@STARTMSG 2217:4 @!@!@
4: <Next line 78, col 9 to line 100, col 103 of module pipeline_ooo>
/\ FULat2 = <<3, 3, 3, 3>>
/\ iMiss2 = <<FALSE, FALSE, FALSE, FALSE>>
/\ _RS2 = <<{}, {[pc |-> 2, type |-> {1, 2}, lat |-> {3}, dep |-> {1}]}>>
/\ locWorst = <<TRUE, TRUE>>
/\ _COM2 = <<[PC |-> [pc |-> 0, type |-> "empty"]], [PC |-> [pc |-> 0, type |-> "empty"]]>>
/\ _ID = << [PC |-> [pc |-> 3, type |-> {1, 2}, lat |-> {3}, dep |-> {}]],
   [PC |-> [pc |-> 4, type |-> {1, 2}, lat |-> {3}, dep |-> {3}]] >>
/\ _IF = << [PC |-> [pc |-> 0, type |-> "empty"], currLat |-> 1, baseLat |-> 1],
   [PC |-> [pc |-> 0, type |-> "empty"], currLat |-> 1, baseLat |-> 1] >>
/\ FUTmpLat = <<<<<<3, 3>>, 3>>, 3>>
/\ _FU2 = << [ PC |-> [pc |-> 1, type |-> {1}, lat |-> {1, 3}, dep |-> {}],
     currLat |-> 1,
     usage |-> 1,
     baseLat |-> 3 ],
   [ PC |-> [pc |-> 0, type |-> "empty"],
     currLat |-> 1,
     usage |-> 0,
     baseLat |-> 1 ] >>
/\ FUTmp = <<<<<<1, 1>>, 2>>, 1>>
/\ _COM = <<[PC |-> [pc |-> 0, type |-> "empty"]], [PC |-> [pc |-> 0, type |-> "empty"]]>>
/\ _ID2 = << [PC |-> [pc |-> 3, type |-> {1, 2}, lat |-> {3}, dep |-> {}]],
   [PC |-> [pc |-> 4, type |-> {1, 2}, lat |-> {3}, dep |-> {3}]] >>
/\ currCycle2 = 3
/\ FU2 = <<1, 2, 2, 1>>
/\ _IF2 = << [PC |-> [pc |-> 0, type |-> "empty"], currLat |-> 1, baseLat |-> 1],
   [PC |-> [pc |-> 0, type |-> "empty"], currLat |-> 1, baseLat |-> 1] >>
/\ iMissTmp2 = <<<<<<FALSE, FALSE>>, FALSE>>, FALSE>>
/\ iMiss = <<FALSE, FALSE, FALSE, FALSE>>
/\ _RS = <<{[pc |-> 2, type |-> {1, 2}, lat |-> {3}, dep |-> {1}]}, {}>>
/\ commonPre = TRUE
/\ currCycle = 3
/\ iMissTmp = <<<<<<FALSE, FALSE>>, FALSE>>, FALSE>>
/\ FULat = <<3, 3, 3, 3>>
/\ FUTmp2 = <<<<<<1, 2>>, 2>>, 1>>
/\ prog = [ rest |-> <<>>,
  exec |->
      << [ PC |-> [pc |-> 1, type |-> {1}, lat |-> {1, 3}, dep |-> {}],
           done |-> FALSE,
           comTime |-> 0,
           executed |-> FALSE,
           exStartTime |-> 2 ],
         [ PC |-> [pc |-> 2, type |-> {1, 2}, lat |-> {3}, dep |-> {1}],
           done |-> FALSE,
           comTime |-> 0,
           executed |-> FALSE,
           exStartTime |-> 0 ],
         [ PC |-> [pc |-> 3, type |-> {1, 2}, lat |-> {3}, dep |-> {}],
           done |-> FALSE,
           comTime |-> 0,
           executed |-> FALSE,
           exStartTime |-> 0 ],
         [ PC |-> [pc |-> 4, type |-> {1, 2}, lat |-> {3}, dep |-> {3}],
           done |-> FALSE,
           comTime |-> 0,
           executed |-> FALSE,
           exStartTime |-> 0 ] >> ]
/\ depProg = <<>>
/\ FUTmpLat2 = <<<<<<3, 3>>, 3>>, 3>>
/\ depProgTmp = <<>>
/\ prog2 = [ rest |-> <<>>,
  exec |->
      << [ PC |-> [pc |-> 1, type |-> {1}, lat |-> {1, 3}, dep |-> {}],
           done |-> FALSE,
           comTime |-> 0,
           executed |-> FALSE,
           exStartTime |-> 2 ],
         [ PC |-> [pc |-> 2, type |-> {1, 2}, lat |-> {3}, dep |-> {1}],
           done |-> FALSE,
           comTime |-> 0,
           executed |-> FALSE,
           exStartTime |-> 0 ],
         [ PC |-> [pc |-> 3, type |-> {1, 2}, lat |-> {3}, dep |-> {}],
           done |-> FALSE,
           comTime |-> 0,
           executed |-> FALSE,
           exStartTime |-> 0 ],
         [ PC |-> [pc |-> 4, type |-> {1, 2}, lat |-> {3}, dep |-> {3}],
           done |-> FALSE,
           comTime |-> 0,
           executed |-> FALSE,
           exStartTime |-> 0 ] >> ]
/\ FU = <<1, 1, 2, 1>>
/\ _FU = << [ PC |-> [pc |-> 1, type |-> {1}, lat |-> {1, 3}, dep |-> {}],
     currLat |-> 1,
     usage |-> 1,
     baseLat |-> 3 ],
   [ PC |-> [pc |-> 0, type |-> "empty"],
     currLat |-> 1,
     usage |-> 0,
     baseLat |-> 1 ] >>

@!@!@ENDMSG 2217 @!@!@
@!@!@STARTMSG 2217:4 @!@!@
5: <Next line 78, col 9 to line 100, col 103 of module pipeline_ooo>
/\ FULat2 = <<3, 3, 3, 3>>
/\ iMiss2 = <<FALSE, FALSE, FALSE, FALSE>>
/\ _RS2 = << {[pc |-> 4, type |-> {1, 2}, lat |-> {3}, dep |-> {3}]},
   {[pc |-> 2, type |-> {1, 2}, lat |-> {3}, dep |-> {1}]} >>
/\ locWorst = <<TRUE, TRUE>>
/\ _COM2 = <<[PC |-> [pc |-> 0, type |-> "empty"]], [PC |-> [pc |-> 0, type |-> "empty"]]>>
/\ _ID = <<[PC |-> [pc |-> 0, type |-> "empty"]], [PC |-> [pc |-> 0, type |-> "empty"]]>>
/\ _IF = << [PC |-> [pc |-> 0, type |-> "empty"], currLat |-> 1, baseLat |-> 1],
   [PC |-> [pc |-> 0, type |-> "empty"], currLat |-> 1, baseLat |-> 1] >>
/\ FUTmpLat = <<<<<<3, 3>>, 3>>, 3>>
/\ _FU2 = << [ PC |-> [pc |-> 1, type |-> {1}, lat |-> {1, 3}, dep |-> {}],
     currLat |-> 2,
     usage |-> 2,
     baseLat |-> 3 ],
   [ PC |-> [pc |-> 3, type |-> {1, 2}, lat |-> {3}, dep |-> {}],
     currLat |-> 1,
     usage |-> 1,
     baseLat |-> 3 ] >>
/\ FUTmp = <<<<<<1, 1>>, 2>>, 1>>
/\ _COM = <<[PC |-> [pc |-> 0, type |-> "empty"]], [PC |-> [pc |-> 0, type |-> "empty"]]>>
/\ _ID2 = <<[PC |-> [pc |-> 0, type |-> "empty"]], [PC |-> [pc |-> 0, type |-> "empty"]]>>
/\ currCycle2 = 4
/\ FU2 = <<1, 2, 2, 1>>
/\ _IF2 = << [PC |-> [pc |-> 0, type |-> "empty"], currLat |-> 1, baseLat |-> 1],
   [PC |-> [pc |-> 0, type |-> "empty"], currLat |-> 1, baseLat |-> 1] >>
/\ iMissTmp2 = <<<<<<FALSE, FALSE>>, FALSE>>, FALSE>>
/\ iMiss = <<FALSE, FALSE, FALSE, FALSE>>
/\ _RS = << { [pc |-> 2, type |-> {1, 2}, lat |-> {3}, dep |-> {1}],
     [pc |-> 4, type |-> {1, 2}, lat |-> {3}, dep |-> {3}] },
   {} >>
/\ commonPre = TRUE
/\ currCycle = 4
/\ iMissTmp = <<<<<<FALSE, FALSE>>, FALSE>>, FALSE>>
/\ FULat = <<3, 3, 3, 3>>
/\ FUTmp2 = <<<<<<1, 2>>, 2>>, 1>>
/\ prog = [ rest |-> <<>>,
  exec |->
      << [ PC |-> [pc |-> 1, type |-> {1}, lat |-> {1, 3}, dep |-> {}],
           done |-> FALSE,
           comTime |-> 0,
           executed |-> FALSE,
           exStartTime |-> 2 ],
         [ PC |-> [pc |-> 2, type |-> {1, 2}, lat |-> {3}, dep |-> {1}],
           done |-> FALSE,
           comTime |-> 0,
           executed |-> FALSE,
           exStartTime |-> 0 ],
         [ PC |-> [pc |-> 3, type |-> {1, 2}, lat |-> {3}, dep |-> {}],
           done |-> FALSE,
           comTime |-> 0,
           executed |-> FALSE,
           exStartTime |-> 3 ],
         [ PC |-> [pc |-> 4, type |-> {1, 2}, lat |-> {3}, dep |-> {3}],
           done |-> FALSE,
           comTime |-> 0,
           executed |-> FALSE,
           exStartTime |-> 0 ] >> ]
/\ depProg = <<>>
/\ FUTmpLat2 = <<<<<<3, 3>>, 3>>, 3>>
/\ depProgTmp = <<>>
/\ prog2 = [ rest |-> <<>>,
  exec |->
      << [ PC |-> [pc |-> 1, type |-> {1}, lat |-> {1, 3}, dep |-> {}],
           done |-> FALSE,
           comTime |-> 0,
           executed |-> FALSE,
           exStartTime |-> 2 ],
         [ PC |-> [pc |-> 2, type |-> {1, 2}, lat |-> {3}, dep |-> {1}],
           done |-> FALSE,
           comTime |-> 0,
           executed |-> FALSE,
           exStartTime |-> 0 ],
         [ PC |-> [pc |-> 3, type |-> {1, 2}, lat |-> {3}, dep |-> {}],
           done |-> FALSE,
           comTime |-> 0,
           executed |-> FALSE,
           exStartTime |-> 3 ],
         [ PC |-> [pc |-> 4, type |-> {1, 2}, lat |-> {3}, dep |-> {3}],
           done |-> FALSE,
           comTime |-> 0,
           executed |-> FALSE,
           exStartTime |-> 0 ] >> ]
/\ FU = <<1, 1, 2, 1>>
/\ _FU = << [ PC |-> [pc |-> 1, type |-> {1}, lat |-> {1, 3}, dep |-> {}],
     currLat |-> 2,
     usage |-> 2,
     baseLat |-> 3 ],
   [ PC |-> [pc |-> 3, type |-> {1, 2}, lat |-> {3}, dep |-> {}],
     currLat |-> 1,
     usage |-> 1,
     baseLat |-> 3 ] >>

@!@!@ENDMSG 2217 @!@!@
@!@!@STARTMSG 2217:4 @!@!@
6: <Next line 78, col 9 to line 100, col 103 of module pipeline_ooo>
/\ FULat2 = <<3, 3, 3, 3>>
/\ iMiss2 = <<FALSE, FALSE, FALSE, FALSE>>
/\ _RS2 = << {[pc |-> 4, type |-> {1, 2}, lat |-> {3}, dep |-> {3}]},
   {[pc |-> 2, type |-> {1, 2}, lat |-> {3}, dep |-> {1}]} >>
/\ locWorst = <<TRUE, TRUE>>
/\ _COM2 = <<[PC |-> [pc |-> 0, type |-> "empty"]], [PC |-> [pc |-> 0, type |-> "empty"]]>>
/\ _ID = <<[PC |-> [pc |-> 0, type |-> "empty"]], [PC |-> [pc |-> 0, type |-> "empty"]]>>
/\ _IF = << [PC |-> [pc |-> 0, type |-> "empty"], currLat |-> 1, baseLat |-> 1],
   [PC |-> [pc |-> 0, type |-> "empty"], currLat |-> 1, baseLat |-> 1] >>
/\ FUTmpLat = <<<<<<3, 3>>, 3>>, 3>>
/\ _FU2 = << [ PC |-> [pc |-> 1, type |-> {1}, lat |-> {1, 3}, dep |-> {}],
     currLat |-> 3,
     usage |-> 3,
     baseLat |-> 3 ],
   [ PC |-> [pc |-> 3, type |-> {1, 2}, lat |-> {3}, dep |-> {}],
     currLat |-> 2,
     usage |-> 2,
     baseLat |-> 3 ] >>
/\ FUTmp = <<<<<<1, 1>>, 2>>, 1>>
/\ _COM = <<[PC |-> [pc |-> 0, type |-> "empty"]], [PC |-> [pc |-> 0, type |-> "empty"]]>>
/\ _ID2 = <<[PC |-> [pc |-> 0, type |-> "empty"]], [PC |-> [pc |-> 0, type |-> "empty"]]>>
/\ currCycle2 = 5
/\ FU2 = <<1, 2, 2, 1>>
/\ _IF2 = << [PC |-> [pc |-> 0, type |-> "empty"], currLat |-> 1, baseLat |-> 1],
   [PC |-> [pc |-> 0, type |-> "empty"], currLat |-> 1, baseLat |-> 1] >>
/\ iMissTmp2 = <<<<<<FALSE, FALSE>>, FALSE>>, FALSE>>
/\ iMiss = <<FALSE, FALSE, FALSE, FALSE>>
/\ _RS = << { [pc |-> 2, type |-> {1, 2}, lat |-> {3}, dep |-> {1}],
     [pc |-> 4, type |-> {1, 2}, lat |-> {3}, dep |-> {3}] },
   {} >>
/\ commonPre = TRUE
/\ currCycle = 5
/\ iMissTmp = <<<<<<FALSE, FALSE>>, FALSE>>, FALSE>>
/\ FULat = <<3, 3, 3, 3>>
/\ FUTmp2 = <<<<<<1, 2>>, 2>>, 1>>
/\ prog = [ rest |-> <<>>,
  exec |->
      << [ PC |-> [pc |-> 1, type |-> {1}, lat |-> {1, 3}, dep |-> {}],
           done |-> FALSE,
           comTime |-> 0,
           executed |-> FALSE,
           exStartTime |-> 2 ],
         [ PC |-> [pc |-> 2, type |-> {1, 2}, lat |-> {3}, dep |-> {1}],
           done |-> FALSE,
           comTime |-> 0,
           executed |-> FALSE,
           exStartTime |-> 0 ],
         [ PC |-> [pc |-> 3, type |-> {1, 2}, lat |-> {3}, dep |-> {}],
           done |-> FALSE,
           comTime |-> 0,
           executed |-> FALSE,
           exStartTime |-> 3 ],
         [ PC |-> [pc |-> 4, type |-> {1, 2}, lat |-> {3}, dep |-> {3}],
           done |-> FALSE,
           comTime |-> 0,
           executed |-> FALSE,
           exStartTime |-> 0 ] >> ]
/\ depProg = <<>>
/\ FUTmpLat2 = <<<<<<3, 3>>, 3>>, 3>>
/\ depProgTmp = <<>>
/\ prog2 = [ rest |-> <<>>,
  exec |->
      << [ PC |-> [pc |-> 1, type |-> {1}, lat |-> {1, 3}, dep |-> {}],
           done |-> FALSE,
           comTime |-> 0,
           executed |-> FALSE,
           exStartTime |-> 2 ],
         [ PC |-> [pc |-> 2, type |-> {1, 2}, lat |-> {3}, dep |-> {1}],
           done |-> FALSE,
           comTime |-> 0,
           executed |-> FALSE,
           exStartTime |-> 0 ],
         [ PC |-> [pc |-> 3, type |-> {1, 2}, lat |-> {3}, dep |-> {}],
           done |-> FALSE,
           comTime |-> 0,
           executed |-> FALSE,
           exStartTime |-> 3 ],
         [ PC |-> [pc |-> 4, type |-> {1, 2}, lat |-> {3}, dep |-> {3}],
           done |-> FALSE,
           comTime |-> 0,
           executed |-> FALSE,
           exStartTime |-> 0 ] >> ]
/\ FU = <<1, 1, 2, 1>>
/\ _FU = << [ PC |-> [pc |-> 1, type |-> {1}, lat |-> {1, 3}, dep |-> {}],
     currLat |-> 3,
     usage |-> 3,
     baseLat |-> 3 ],
   [ PC |-> [pc |-> 3, type |-> {1, 2}, lat |-> {3}, dep |-> {}],
     currLat |-> 2,
     usage |-> 2,
     baseLat |-> 3 ] >>

@!@!@ENDMSG 2217 @!@!@
@!@!@STARTMSG 2217:4 @!@!@
7: <Next line 78, col 9 to line 100, col 103 of module pipeline_ooo>
/\ FULat2 = <<3, 3, 3, 3>>
/\ iMiss2 = <<FALSE, FALSE, FALSE, FALSE>>
/\ _RS2 = << {[pc |-> 4, type |-> {1, 2}, lat |-> {3}, dep |-> {3}]},
   {[pc |-> 2, type |-> {1, 2}, lat |-> {3}, dep |-> {1}]} >>
/\ locWorst = <<TRUE, TRUE>>
/\ _COM2 = << [PC |-> [pc |-> 1, type |-> {1}, lat |-> {1, 3}, dep |-> {}]],
   [PC |-> [pc |-> 0, type |-> "empty"]] >>
/\ _ID = <<[PC |-> [pc |-> 0, type |-> "empty"]], [PC |-> [pc |-> 0, type |-> "empty"]]>>
/\ _IF = << [PC |-> [pc |-> 0, type |-> "empty"], currLat |-> 1, baseLat |-> 1],
   [PC |-> [pc |-> 0, type |-> "empty"], currLat |-> 1, baseLat |-> 1] >>
/\ FUTmpLat = <<<<<<3, 3>>, 3>>, 3>>
/\ _FU2 = << [ PC |-> [pc |-> 0, type |-> "empty"],
     currLat |-> 1,
     usage |-> 3,
     baseLat |-> 1 ],
   [ PC |-> [pc |-> 3, type |-> {1, 2}, lat |-> {3}, dep |-> {}],
     currLat |-> 3,
     usage |-> 3,
     baseLat |-> 3 ] >>
/\ FUTmp = <<<<<<1, 1>>, 2>>, 1>>
/\ _COM = << [PC |-> [pc |-> 1, type |-> {1}, lat |-> {1, 3}, dep |-> {}]],
   [PC |-> [pc |-> 0, type |-> "empty"]] >>
/\ _ID2 = <<[PC |-> [pc |-> 0, type |-> "empty"]], [PC |-> [pc |-> 0, type |-> "empty"]]>>
/\ currCycle2 = 6
/\ FU2 = <<1, 2, 2, 1>>
/\ _IF2 = << [PC |-> [pc |-> 0, type |-> "empty"], currLat |-> 1, baseLat |-> 1],
   [PC |-> [pc |-> 0, type |-> "empty"], currLat |-> 1, baseLat |-> 1] >>
/\ iMissTmp2 = <<<<<<FALSE, FALSE>>, FALSE>>, FALSE>>
/\ iMiss = <<FALSE, FALSE, FALSE, FALSE>>
/\ _RS = <<{[pc |-> 4, type |-> {1, 2}, lat |-> {3}, dep |-> {3}]}, {}>>
/\ commonPre = TRUE
/\ currCycle = 6
/\ iMissTmp = <<<<<<FALSE, FALSE>>, FALSE>>, FALSE>>
/\ FULat = <<3, 3, 3, 3>>
/\ FUTmp2 = <<<<<<1, 2>>, 2>>, 1>>
/\ prog = [ rest |-> <<>>,
  exec |->
      << [ PC |-> [pc |-> 1, type |-> {1}, lat |-> {1, 3}, dep |-> {}],
           done |-> FALSE,
           comTime |-> 0,
           executed |-> TRUE,
           exStartTime |-> 2 ],
         [ PC |-> [pc |-> 2, type |-> {1, 2}, lat |-> {3}, dep |-> {1}],
           done |-> FALSE,
           comTime |-> 0,
           executed |-> FALSE,
           exStartTime |-> 5 ],
         [ PC |-> [pc |-> 3, type |-> {1, 2}, lat |-> {3}, dep |-> {}],
           done |-> FALSE,
           comTime |-> 0,
           executed |-> FALSE,
           exStartTime |-> 3 ],
         [ PC |-> [pc |-> 4, type |-> {1, 2}, lat |-> {3}, dep |-> {3}],
           done |-> FALSE,
           comTime |-> 0,
           executed |-> FALSE,
           exStartTime |-> 0 ] >> ]
/\ depProg = <<>>
/\ FUTmpLat2 = <<<<<<3, 3>>, 3>>, 3>>
/\ depProgTmp = <<>>
/\ prog2 = [ rest |-> <<>>,
  exec |->
      << [ PC |-> [pc |-> 1, type |-> {1}, lat |-> {1, 3}, dep |-> {}],
           done |-> FALSE,
           comTime |-> 0,
           executed |-> TRUE,
           exStartTime |-> 2 ],
         [ PC |-> [pc |-> 2, type |-> {1, 2}, lat |-> {3}, dep |-> {1}],
           done |-> FALSE,
           comTime |-> 0,
           executed |-> FALSE,
           exStartTime |-> 0 ],
         [ PC |-> [pc |-> 3, type |-> {1, 2}, lat |-> {3}, dep |-> {}],
           done |-> FALSE,
           comTime |-> 0,
           executed |-> FALSE,
           exStartTime |-> 3 ],
         [ PC |-> [pc |-> 4, type |-> {1, 2}, lat |-> {3}, dep |-> {3}],
           done |-> FALSE,
           comTime |-> 0,
           executed |-> FALSE,
           exStartTime |-> 0 ] >> ]
/\ FU = <<1, 1, 2, 1>>
/\ _FU = << [ PC |-> [pc |-> 2, type |-> {1, 2}, lat |-> {3}, dep |-> {1}],
     currLat |-> 1,
     usage |-> 4,
     baseLat |-> 3 ],
   [ PC |-> [pc |-> 3, type |-> {1, 2}, lat |-> {3}, dep |-> {}],
     currLat |-> 3,
     usage |-> 3,
     baseLat |-> 3 ] >>

@!@!@ENDMSG 2217 @!@!@
@!@!@STARTMSG 2217:4 @!@!@
8: <Next line 78, col 9 to line 100, col 103 of module pipeline_ooo>
/\ FULat2 = <<3, 3, 3, 3>>
/\ iMiss2 = <<FALSE, FALSE, FALSE, FALSE>>
/\ _RS2 = <<{}, {}>>
/\ locWorst = <<TRUE, TRUE>>
/\ _COM2 = <<[PC |-> [pc |-> 0, type |-> "empty"]], [PC |-> [pc |-> 0, type |-> "empty"]]>>
/\ _ID = <<[PC |-> [pc |-> 0, type |-> "empty"]], [PC |-> [pc |-> 0, type |-> "empty"]]>>
/\ _IF = << [PC |-> [pc |-> 0, type |-> "empty"], currLat |-> 1, baseLat |-> 1],
   [PC |-> [pc |-> 0, type |-> "empty"], currLat |-> 1, baseLat |-> 1] >>
/\ FUTmpLat = <<<<<<3, 3>>, 3>>, 3>>
/\ _FU2 = << [ PC |-> [pc |-> 4, type |-> {1, 2}, lat |-> {3}, dep |-> {3}],
     currLat |-> 1,
     usage |-> 4,
     baseLat |-> 3 ],
   [ PC |-> [pc |-> 2, type |-> {1, 2}, lat |-> {3}, dep |-> {1}],
     currLat |-> 1,
     usage |-> 4,
     baseLat |-> 3 ] >>
/\ FUTmp = <<<<<<1, 1>>, 2>>, 1>>
/\ _COM = <<[PC |-> [pc |-> 0, type |-> "empty"]], [PC |-> [pc |-> 0, type |-> "empty"]]>>
/\ _ID2 = <<[PC |-> [pc |-> 0, type |-> "empty"]], [PC |-> [pc |-> 0, type |-> "empty"]]>>
/\ currCycle2 = 7
/\ FU2 = <<1, 2, 2, 1>>
/\ _IF2 = << [PC |-> [pc |-> 0, type |-> "empty"], currLat |-> 1, baseLat |-> 1],
   [PC |-> [pc |-> 0, type |-> "empty"], currLat |-> 1, baseLat |-> 1] >>
/\ iMissTmp2 = <<<<<<FALSE, FALSE>>, FALSE>>, FALSE>>
/\ iMiss = <<FALSE, FALSE, FALSE, FALSE>>
/\ _RS = <<{[pc |-> 4, type |-> {1, 2}, lat |-> {3}, dep |-> {3}]}, {}>>
/\ commonPre = FALSE
/\ currCycle = 7
/\ iMissTmp = <<<<<<FALSE, FALSE>>, FALSE>>, FALSE>>
/\ FULat = <<3, 3, 3, 3>>
/\ FUTmp2 = <<<<<<1, 2>>, 2>>, 1>>
/\ prog = [ rest |-> <<>>,
  exec |->
      << [ PC |-> [pc |-> 1, type |-> {1}, lat |-> {1, 3}, dep |-> {}],
           done |-> TRUE,
           comTime |-> 6,
           executed |-> TRUE,
           exStartTime |-> 2 ],
         [ PC |-> [pc |-> 2, type |-> {1, 2}, lat |-> {3}, dep |-> {1}],
           done |-> FALSE,
           comTime |-> 0,
           executed |-> FALSE,
           exStartTime |-> 5 ],
         [ PC |-> [pc |-> 3, type |-> {1, 2}, lat |-> {3}, dep |-> {}],
           done |-> FALSE,
           comTime |-> 0,
           executed |-> TRUE,
           exStartTime |-> 3 ],
         [ PC |-> [pc |-> 4, type |-> {1, 2}, lat |-> {3}, dep |-> {3}],
           done |-> FALSE,
           comTime |-> 0,
           executed |-> FALSE,
           exStartTime |-> 0 ] >> ]
/\ depProg = <<>>
/\ FUTmpLat2 = <<<<<<3, 3>>, 3>>, 3>>
/\ depProgTmp = <<>>
/\ prog2 = [ rest |-> <<>>,
  exec |->
      << [ PC |-> [pc |-> 1, type |-> {1}, lat |-> {1, 3}, dep |-> {}],
           done |-> TRUE,
           comTime |-> 6,
           executed |-> TRUE,
           exStartTime |-> 2 ],
         [ PC |-> [pc |-> 2, type |-> {1, 2}, lat |-> {3}, dep |-> {1}],
           done |-> FALSE,
           comTime |-> 0,
           executed |-> FALSE,
           exStartTime |-> 6 ],
         [ PC |-> [pc |-> 3, type |-> {1, 2}, lat |-> {3}, dep |-> {}],
           done |-> FALSE,
           comTime |-> 0,
           executed |-> TRUE,
           exStartTime |-> 3 ],
         [ PC |-> [pc |-> 4, type |-> {1, 2}, lat |-> {3}, dep |-> {3}],
           done |-> FALSE,
           comTime |-> 0,
           executed |-> FALSE,
           exStartTime |-> 6 ] >> ]
/\ FU = <<1, 1, 2, 1>>
/\ _FU = << [ PC |-> [pc |-> 2, type |-> {1, 2}, lat |-> {3}, dep |-> {1}],
     currLat |-> 2,
     usage |-> 5,
     baseLat |-> 3 ],
   [ PC |-> [pc |-> 0, type |-> "empty"],
     currLat |-> 1,
     usage |-> 3,
     baseLat |-> 1 ] >>

@!@!@ENDMSG 2217 @!@!@
@!@!@STARTMSG 2217:4 @!@!@
9: <Next line 78, col 9 to line 100, col 103 of module pipeline_ooo>
/\ FULat2 = <<3, 3, 3, 3>>
/\ iMiss2 = <<FALSE, FALSE, FALSE, FALSE>>
/\ _RS2 = <<{}, {}>>
/\ locWorst = <<TRUE, TRUE>>
/\ _COM2 = <<[PC |-> [pc |-> 0, type |-> "empty"]], [PC |-> [pc |-> 0, type |-> "empty"]]>>
/\ _ID = <<[PC |-> [pc |-> 0, type |-> "empty"]], [PC |-> [pc |-> 0, type |-> "empty"]]>>
/\ _IF = << [PC |-> [pc |-> 0, type |-> "empty"], currLat |-> 1, baseLat |-> 1],
   [PC |-> [pc |-> 0, type |-> "empty"], currLat |-> 1, baseLat |-> 1] >>
/\ FUTmpLat = <<<<<<3, 3>>, 3>>, 3>>
/\ _FU2 = << [ PC |-> [pc |-> 4, type |-> {1, 2}, lat |-> {3}, dep |-> {3}],
     currLat |-> 2,
     usage |-> 5,
     baseLat |-> 3 ],
   [ PC |-> [pc |-> 2, type |-> {1, 2}, lat |-> {3}, dep |-> {1}],
     currLat |-> 2,
     usage |-> 5,
     baseLat |-> 3 ] >>
/\ FUTmp = <<<<<<1, 1>>, 2>>, 1>>
/\ _COM = <<[PC |-> [pc |-> 0, type |-> "empty"]], [PC |-> [pc |-> 0, type |-> "empty"]]>>
/\ _ID2 = <<[PC |-> [pc |-> 0, type |-> "empty"]], [PC |-> [pc |-> 0, type |-> "empty"]]>>
/\ currCycle2 = 8
/\ FU2 = <<1, 2, 2, 1>>
/\ _IF2 = << [PC |-> [pc |-> 0, type |-> "empty"], currLat |-> 1, baseLat |-> 1],
   [PC |-> [pc |-> 0, type |-> "empty"], currLat |-> 1, baseLat |-> 1] >>
/\ iMissTmp2 = <<<<<<FALSE, FALSE>>, FALSE>>, FALSE>>
/\ iMiss = <<FALSE, FALSE, FALSE, FALSE>>
/\ _RS = <<{[pc |-> 4, type |-> {1, 2}, lat |-> {3}, dep |-> {3}]}, {}>>
/\ commonPre = FALSE
/\ currCycle = 8
/\ iMissTmp = <<<<<<FALSE, FALSE>>, FALSE>>, FALSE>>
/\ FULat = <<3, 3, 3, 3>>
/\ FUTmp2 = <<<<<<1, 2>>, 2>>, 1>>
/\ prog = [ rest |-> <<>>,
  exec |->
      << [ PC |-> [pc |-> 1, type |-> {1}, lat |-> {1, 3}, dep |-> {}],
           done |-> TRUE,
           comTime |-> 6,
           executed |-> TRUE,
           exStartTime |-> 2 ],
         [ PC |-> [pc |-> 2, type |-> {1, 2}, lat |-> {3}, dep |-> {1}],
           done |-> FALSE,
           comTime |-> 0,
           executed |-> FALSE,
           exStartTime |-> 5 ],
         [ PC |-> [pc |-> 3, type |-> {1, 2}, lat |-> {3}, dep |-> {}],
           done |-> FALSE,
           comTime |-> 0,
           executed |-> TRUE,
           exStartTime |-> 3 ],
         [ PC |-> [pc |-> 4, type |-> {1, 2}, lat |-> {3}, dep |-> {3}],
           done |-> FALSE,
           comTime |-> 0,
           executed |-> FALSE,
           exStartTime |-> 0 ] >> ]
/\ depProg = <<>>
/\ FUTmpLat2 = <<<<<<3, 3>>, 3>>, 3>>
/\ depProgTmp = <<>>
/\ prog2 = [ rest |-> <<>>,
  exec |->
      << [ PC |-> [pc |-> 1, type |-> {1}, lat |-> {1, 3}, dep |-> {}],
           done |-> TRUE,
           comTime |-> 6,
           executed |-> TRUE,
           exStartTime |-> 2 ],
         [ PC |-> [pc |-> 2, type |-> {1, 2}, lat |-> {3}, dep |-> {1}],
           done |-> FALSE,
           comTime |-> 0,
           executed |-> FALSE,
           exStartTime |-> 6 ],
         [ PC |-> [pc |-> 3, type |-> {1, 2}, lat |-> {3}, dep |-> {}],
           done |-> FALSE,
           comTime |-> 0,
           executed |-> TRUE,
           exStartTime |-> 3 ],
         [ PC |-> [pc |-> 4, type |-> {1, 2}, lat |-> {3}, dep |-> {3}],
           done |-> FALSE,
           comTime |-> 0,
           executed |-> FALSE,
           exStartTime |-> 6 ] >> ]
/\ FU = <<1, 1, 2, 1>>
/\ _FU = << [ PC |-> [pc |-> 2, type |-> {1, 2}, lat |-> {3}, dep |-> {1}],
     currLat |-> 3,
     usage |-> 6,
     baseLat |-> 3 ],
   [ PC |-> [pc |-> 0, type |-> "empty"],
     currLat |-> 1,
     usage |-> 3,
     baseLat |-> 1 ] >>

@!@!@ENDMSG 2217 @!@!@
@!@!@STARTMSG 2217:4 @!@!@
10: <Next line 78, col 9 to line 100, col 103 of module pipeline_ooo>
/\ FULat2 = <<3, 3, 3, 3>>
/\ iMiss2 = <<FALSE, FALSE, FALSE, FALSE>>
/\ _RS2 = <<{}, {}>>
/\ locWorst = <<TRUE, TRUE>>
/\ _COM2 = <<[PC |-> [pc |-> 0, type |-> "empty"]], [PC |-> [pc |-> 0, type |-> "empty"]]>>
/\ _ID = <<[PC |-> [pc |-> 0, type |-> "empty"]], [PC |-> [pc |-> 0, type |-> "empty"]]>>
/\ _IF = << [PC |-> [pc |-> 0, type |-> "empty"], currLat |-> 1, baseLat |-> 1],
   [PC |-> [pc |-> 0, type |-> "empty"], currLat |-> 1, baseLat |-> 1] >>
/\ FUTmpLat = <<<<<<3, 3>>, 3>>, 3>>
/\ _FU2 = << [ PC |-> [pc |-> 4, type |-> {1, 2}, lat |-> {3}, dep |-> {3}],
     currLat |-> 3,
     usage |-> 6,
     baseLat |-> 3 ],
   [ PC |-> [pc |-> 2, type |-> {1, 2}, lat |-> {3}, dep |-> {1}],
     currLat |-> 3,
     usage |-> 6,
     baseLat |-> 3 ] >>
/\ FUTmp = <<<<<<1, 1>>, 2>>, 1>>
/\ _COM = << [PC |-> [pc |-> 2, type |-> {1, 2}, lat |-> {3}, dep |-> {1}]],
   [PC |-> [pc |-> 3, type |-> {1, 2}, lat |-> {3}, dep |-> {}]] >>
/\ _ID2 = <<[PC |-> [pc |-> 0, type |-> "empty"]], [PC |-> [pc |-> 0, type |-> "empty"]]>>
/\ currCycle2 = 9
/\ FU2 = <<1, 2, 2, 1>>
/\ _IF2 = << [PC |-> [pc |-> 0, type |-> "empty"], currLat |-> 1, baseLat |-> 1],
   [PC |-> [pc |-> 0, type |-> "empty"], currLat |-> 1, baseLat |-> 1] >>
/\ iMissTmp2 = <<<<<<FALSE, FALSE>>, FALSE>>, FALSE>>
/\ iMiss = <<FALSE, FALSE, FALSE, FALSE>>
/\ _RS = <<{}, {}>>
/\ commonPre = FALSE
/\ currCycle = 9
/\ iMissTmp = <<<<<<FALSE, FALSE>>, FALSE>>, FALSE>>
/\ FULat = <<3, 3, 3, 3>>
/\ FUTmp2 = <<<<<<1, 2>>, 2>>, 1>>
/\ prog = [ rest |-> <<>>,
  exec |->
      << [ PC |-> [pc |-> 1, type |-> {1}, lat |-> {1, 3}, dep |-> {}],
           done |-> TRUE,
           comTime |-> 6,
           executed |-> TRUE,
           exStartTime |-> 2 ],
         [ PC |-> [pc |-> 2, type |-> {1, 2}, lat |-> {3}, dep |-> {1}],
           done |-> FALSE,
           comTime |-> 0,
           executed |-> TRUE,
           exStartTime |-> 5 ],
         [ PC |-> [pc |-> 3, type |-> {1, 2}, lat |-> {3}, dep |-> {}],
           done |-> FALSE,
           comTime |-> 0,
           executed |-> TRUE,
           exStartTime |-> 3 ],
         [ PC |-> [pc |-> 4, type |-> {1, 2}, lat |-> {3}, dep |-> {3}],
           done |-> FALSE,
           comTime |-> 0,
           executed |-> FALSE,
           exStartTime |-> 8 ] >> ]
/\ depProg = <<>>
/\ FUTmpLat2 = <<<<<<3, 3>>, 3>>, 3>>
/\ depProgTmp = <<>>
/\ prog2 = [ rest |-> <<>>,
  exec |->
      << [ PC |-> [pc |-> 1, type |-> {1}, lat |-> {1, 3}, dep |-> {}],
           done |-> TRUE,
           comTime |-> 6,
           executed |-> TRUE,
           exStartTime |-> 2 ],
         [ PC |-> [pc |-> 2, type |-> {1, 2}, lat |-> {3}, dep |-> {1}],
           done |-> FALSE,
           comTime |-> 0,
           executed |-> FALSE,
           exStartTime |-> 6 ],
         [ PC |-> [pc |-> 3, type |-> {1, 2}, lat |-> {3}, dep |-> {}],
           done |-> FALSE,
           comTime |-> 0,
           executed |-> TRUE,
           exStartTime |-> 3 ],
         [ PC |-> [pc |-> 4, type |-> {1, 2}, lat |-> {3}, dep |-> {3}],
           done |-> FALSE,
           comTime |-> 0,
           executed |-> FALSE,
           exStartTime |-> 6 ] >> ]
/\ FU = <<1, 1, 2, 1>>
/\ _FU = << [ PC |-> [pc |-> 4, type |-> {1, 2}, lat |-> {3}, dep |-> {3}],
     currLat |-> 1,
     usage |-> 7,
     baseLat |-> 3 ],
   [ PC |-> [pc |-> 0, type |-> "empty"],
     currLat |-> 1,
     usage |-> 3,
     baseLat |-> 1 ] >>

@!@!@ENDMSG 2217 @!@!@
@!@!@STARTMSG 2217:4 @!@!@
11: <Next line 78, col 9 to line 100, col 103 of module pipeline_ooo>
/\ FULat2 = <<3, 3, 3, 3>>
/\ iMiss2 = <<FALSE, FALSE, FALSE, FALSE>>
/\ _RS2 = <<{}, {}>>
/\ locWorst = <<TRUE, TRUE>>
/\ _COM2 = << [PC |-> [pc |-> 2, type |-> {1, 2}, lat |-> {3}, dep |-> {1}]],
   [PC |-> [pc |-> 3, type |-> {1, 2}, lat |-> {3}, dep |-> {}]] >>
/\ _ID = <<[PC |-> [pc |-> 0, type |-> "empty"]], [PC |-> [pc |-> 0, type |-> "empty"]]>>
/\ _IF = << [PC |-> [pc |-> 0, type |-> "empty"], currLat |-> 1, baseLat |-> 1],
   [PC |-> [pc |-> 0, type |-> "empty"], currLat |-> 1, baseLat |-> 1] >>
/\ FUTmpLat = <<<<<<3, 3>>, 3>>, 3>>
/\ _FU2 = << [ PC |-> [pc |-> 0, type |-> "empty"],
     currLat |-> 1,
     usage |-> 6,
     baseLat |-> 1 ],
   [ PC |-> [pc |-> 0, type |-> "empty"],
     currLat |-> 1,
     usage |-> 6,
     baseLat |-> 1 ] >>
/\ FUTmp = <<<<<<1, 1>>, 2>>, 1>>
/\ _COM = <<[PC |-> [pc |-> 0, type |-> "empty"]], [PC |-> [pc |-> 0, type |-> "empty"]]>>
/\ _ID2 = <<[PC |-> [pc |-> 0, type |-> "empty"]], [PC |-> [pc |-> 0, type |-> "empty"]]>>
/\ currCycle2 = 10
/\ FU2 = <<1, 2, 2, 1>>
/\ _IF2 = << [PC |-> [pc |-> 0, type |-> "empty"], currLat |-> 1, baseLat |-> 1],
   [PC |-> [pc |-> 0, type |-> "empty"], currLat |-> 1, baseLat |-> 1] >>
/\ iMissTmp2 = <<<<<<FALSE, FALSE>>, FALSE>>, FALSE>>
/\ iMiss = <<FALSE, FALSE, FALSE, FALSE>>
/\ _RS = <<{}, {}>>
/\ commonPre = FALSE
/\ currCycle = 10
/\ iMissTmp = <<<<<<FALSE, FALSE>>, FALSE>>, FALSE>>
/\ FULat = <<3, 3, 3, 3>>
/\ FUTmp2 = <<<<<<1, 2>>, 2>>, 1>>
/\ prog = [ rest |-> <<>>,
  exec |->
      << [ PC |-> [pc |-> 1, type |-> {1}, lat |-> {1, 3}, dep |-> {}],
           done |-> TRUE,
           comTime |-> 6,
           executed |-> TRUE,
           exStartTime |-> 2 ],
         [ PC |-> [pc |-> 2, type |-> {1, 2}, lat |-> {3}, dep |-> {1}],
           done |-> TRUE,
           comTime |-> 9,
           executed |-> TRUE,
           exStartTime |-> 5 ],
         [ PC |-> [pc |-> 3, type |-> {1, 2}, lat |-> {3}, dep |-> {}],
           done |-> TRUE,
           comTime |-> 9,
           executed |-> TRUE,
           exStartTime |-> 3 ],
         [ PC |-> [pc |-> 4, type |-> {1, 2}, lat |-> {3}, dep |-> {3}],
           done |-> FALSE,
           comTime |-> 0,
           executed |-> FALSE,
           exStartTime |-> 8 ] >> ]
/\ depProg = <<>>
/\ FUTmpLat2 = <<<<<<3, 3>>, 3>>, 3>>
/\ depProgTmp = <<>>
/\ prog2 = [ rest |-> <<>>,
  exec |->
      << [ PC |-> [pc |-> 1, type |-> {1}, lat |-> {1, 3}, dep |-> {}],
           done |-> TRUE,
           comTime |-> 6,
           executed |-> TRUE,
           exStartTime |-> 2 ],
         [ PC |-> [pc |-> 2, type |-> {1, 2}, lat |-> {3}, dep |-> {1}],
           done |-> FALSE,
           comTime |-> 0,
           executed |-> TRUE,
           exStartTime |-> 6 ],
         [ PC |-> [pc |-> 3, type |-> {1, 2}, lat |-> {3}, dep |-> {}],
           done |-> FALSE,
           comTime |-> 0,
           executed |-> TRUE,
           exStartTime |-> 3 ],
         [ PC |-> [pc |-> 4, type |-> {1, 2}, lat |-> {3}, dep |-> {3}],
           done |-> FALSE,
           comTime |-> 0,
           executed |-> TRUE,
           exStartTime |-> 6 ] >> ]
/\ FU = <<1, 1, 2, 1>>
/\ _FU = << [ PC |-> [pc |-> 4, type |-> {1, 2}, lat |-> {3}, dep |-> {3}],
     currLat |-> 2,
     usage |-> 8,
     baseLat |-> 3 ],
   [ PC |-> [pc |-> 0, type |-> "empty"],
     currLat |-> 1,
     usage |-> 3,
     baseLat |-> 1 ] >>

@!@!@ENDMSG 2217 @!@!@
@!@!@STARTMSG 2217:4 @!@!@
12: <Next line 78, col 9 to line 100, col 103 of module pipeline_ooo>
/\ FULat2 = <<3, 3, 3, 3>>
/\ iMiss2 = <<FALSE, FALSE, FALSE, FALSE>>
/\ _RS2 = <<{}, {}>>
/\ locWorst = <<TRUE, TRUE>>
/\ _COM2 = << [PC |-> [pc |-> 4, type |-> {1, 2}, lat |-> {3}, dep |-> {3}]],
   [PC |-> [pc |-> 0, type |-> "empty"]] >>
/\ _ID = <<[PC |-> [pc |-> 0, type |-> "empty"]], [PC |-> [pc |-> 0, type |-> "empty"]]>>
/\ _IF = << [PC |-> [pc |-> 0, type |-> "empty"], currLat |-> 1, baseLat |-> 1],
   [PC |-> [pc |-> 0, type |-> "empty"], currLat |-> 1, baseLat |-> 1] >>
/\ FUTmpLat = <<<<<<3, 3>>, 3>>, 3>>
/\ _FU2 = << [ PC |-> [pc |-> 0, type |-> "empty"],
     currLat |-> 1,
     usage |-> 6,
     baseLat |-> 1 ],
   [ PC |-> [pc |-> 0, type |-> "empty"],
     currLat |-> 1,
     usage |-> 6,
     baseLat |-> 1 ] >>
/\ FUTmp = <<<<<<1, 1>>, 2>>, 1>>
/\ _COM = <<[PC |-> [pc |-> 0, type |-> "empty"]], [PC |-> [pc |-> 0, type |-> "empty"]]>>
/\ _ID2 = <<[PC |-> [pc |-> 0, type |-> "empty"]], [PC |-> [pc |-> 0, type |-> "empty"]]>>
/\ currCycle2 = 11
/\ FU2 = <<1, 2, 2, 1>>
/\ _IF2 = << [PC |-> [pc |-> 0, type |-> "empty"], currLat |-> 1, baseLat |-> 1],
   [PC |-> [pc |-> 0, type |-> "empty"], currLat |-> 1, baseLat |-> 1] >>
/\ iMissTmp2 = <<<<<<FALSE, FALSE>>, FALSE>>, FALSE>>
/\ iMiss = <<FALSE, FALSE, FALSE, FALSE>>
/\ _RS = <<{}, {}>>
/\ commonPre = FALSE
/\ currCycle = 11
/\ iMissTmp = <<<<<<FALSE, FALSE>>, FALSE>>, FALSE>>
/\ FULat = <<3, 3, 3, 3>>
/\ FUTmp2 = <<<<<<1, 2>>, 2>>, 1>>
/\ prog = [ rest |-> <<>>,
  exec |->
      << [ PC |-> [pc |-> 1, type |-> {1}, lat |-> {1, 3}, dep |-> {}],
           done |-> TRUE,
           comTime |-> 6,
           executed |-> TRUE,
           exStartTime |-> 2 ],
         [ PC |-> [pc |-> 2, type |-> {1, 2}, lat |-> {3}, dep |-> {1}],
           done |-> TRUE,
           comTime |-> 9,
           executed |-> TRUE,
           exStartTime |-> 5 ],
         [ PC |-> [pc |-> 3, type |-> {1, 2}, lat |-> {3}, dep |-> {}],
           done |-> TRUE,
           comTime |-> 9,
           executed |-> TRUE,
           exStartTime |-> 3 ],
         [ PC |-> [pc |-> 4, type |-> {1, 2}, lat |-> {3}, dep |-> {3}],
           done |-> FALSE,
           comTime |-> 0,
           executed |-> FALSE,
           exStartTime |-> 8 ] >> ]
/\ depProg = <<>>
/\ FUTmpLat2 = <<<<<<3, 3>>, 3>>, 3>>
/\ depProgTmp = <<>>
/\ prog2 = [ rest |-> <<>>,
  exec |->
      << [ PC |-> [pc |-> 1, type |-> {1}, lat |-> {1, 3}, dep |-> {}],
           done |-> TRUE,
           comTime |-> 6,
           executed |-> TRUE,
           exStartTime |-> 2 ],
         [ PC |-> [pc |-> 2, type |-> {1, 2}, lat |-> {3}, dep |-> {1}],
           done |-> TRUE,
           comTime |-> 10,
           executed |-> TRUE,
           exStartTime |-> 6 ],
         [ PC |-> [pc |-> 3, type |-> {1, 2}, lat |-> {3}, dep |-> {}],
           done |-> TRUE,
           comTime |-> 10,
           executed |-> TRUE,
           exStartTime |-> 3 ],
         [ PC |-> [pc |-> 4, type |-> {1, 2}, lat |-> {3}, dep |-> {3}],
           done |-> FALSE,
           comTime |-> 0,
           executed |-> TRUE,
           exStartTime |-> 6 ] >> ]
/\ FU = <<1, 1, 2, 1>>
/\ _FU = << [ PC |-> [pc |-> 4, type |-> {1, 2}, lat |-> {3}, dep |-> {3}],
     currLat |-> 3,
     usage |-> 9,
     baseLat |-> 3 ],
   [ PC |-> [pc |-> 0, type |-> "empty"],
     currLat |-> 1,
     usage |-> 3,
     baseLat |-> 1 ] >>

@!@!@ENDMSG 2217 @!@!@
@!@!@STARTMSG 2217:4 @!@!@
13: <Next line 78, col 9 to line 100, col 103 of module pipeline_ooo>
/\ FULat2 = <<3, 3, 3, 3>>
/\ iMiss2 = <<FALSE, FALSE, FALSE, FALSE>>
/\ _RS2 = <<{}, {}>>
/\ locWorst = <<TRUE, TRUE>>
/\ _COM2 = <<[PC |-> [pc |-> 0, type |-> "empty"]], [PC |-> [pc |-> 0, type |-> "empty"]]>>
/\ _ID = <<[PC |-> [pc |-> 0, type |-> "empty"]], [PC |-> [pc |-> 0, type |-> "empty"]]>>
/\ _IF = << [PC |-> [pc |-> 0, type |-> "empty"], currLat |-> 1, baseLat |-> 1],
   [PC |-> [pc |-> 0, type |-> "empty"], currLat |-> 1, baseLat |-> 1] >>
/\ FUTmpLat = <<<<<<3, 3>>, 3>>, 3>>
/\ _FU2 = << [ PC |-> [pc |-> 0, type |-> "empty"],
     currLat |-> 1,
     usage |-> 6,
     baseLat |-> 1 ],
   [ PC |-> [pc |-> 0, type |-> "empty"],
     currLat |-> 1,
     usage |-> 6,
     baseLat |-> 1 ] >>
/\ FUTmp = <<<<<<1, 1>>, 2>>, 1>>
/\ _COM = << [PC |-> [pc |-> 4, type |-> {1, 2}, lat |-> {3}, dep |-> {3}]],
   [PC |-> [pc |-> 0, type |-> "empty"]] >>
/\ _ID2 = <<[PC |-> [pc |-> 0, type |-> "empty"]], [PC |-> [pc |-> 0, type |-> "empty"]]>>
/\ currCycle2 = 12
/\ FU2 = <<1, 2, 2, 1>>
/\ _IF2 = << [PC |-> [pc |-> 0, type |-> "empty"], currLat |-> 1, baseLat |-> 1],
   [PC |-> [pc |-> 0, type |-> "empty"], currLat |-> 1, baseLat |-> 1] >>
/\ iMissTmp2 = <<<<<<FALSE, FALSE>>, FALSE>>, FALSE>>
/\ iMiss = <<FALSE, FALSE, FALSE, FALSE>>
/\ _RS = <<{}, {}>>
/\ commonPre = FALSE
/\ currCycle = 12
/\ iMissTmp = <<<<<<FALSE, FALSE>>, FALSE>>, FALSE>>
/\ FULat = <<3, 3, 3, 3>>
/\ FUTmp2 = <<<<<<1, 2>>, 2>>, 1>>
/\ prog = [ rest |-> <<>>,
  exec |->
      << [ PC |-> [pc |-> 1, type |-> {1}, lat |-> {1, 3}, dep |-> {}],
           done |-> TRUE,
           comTime |-> 6,
           executed |-> TRUE,
           exStartTime |-> 2 ],
         [ PC |-> [pc |-> 2, type |-> {1, 2}, lat |-> {3}, dep |-> {1}],
           done |-> TRUE,
           comTime |-> 9,
           executed |-> TRUE,
           exStartTime |-> 5 ],
         [ PC |-> [pc |-> 3, type |-> {1, 2}, lat |-> {3}, dep |-> {}],
           done |-> TRUE,
           comTime |-> 9,
           executed |-> TRUE,
           exStartTime |-> 3 ],
         [ PC |-> [pc |-> 4, type |-> {1, 2}, lat |-> {3}, dep |-> {3}],
           done |-> FALSE,
           comTime |-> 0,
           executed |-> TRUE,
           exStartTime |-> 8 ] >> ]
/\ depProg = <<>>
/\ FUTmpLat2 = <<<<<<3, 3>>, 3>>, 3>>
/\ depProgTmp = <<>>
/\ prog2 = [ rest |-> <<>>,
  exec |->
      << [ PC |-> [pc |-> 1, type |-> {1}, lat |-> {1, 3}, dep |-> {}],
           done |-> TRUE,
           comTime |-> 6,
           executed |-> TRUE,
           exStartTime |-> 2 ],
         [ PC |-> [pc |-> 2, type |-> {1, 2}, lat |-> {3}, dep |-> {1}],
           done |-> TRUE,
           comTime |-> 10,
           executed |-> TRUE,
           exStartTime |-> 6 ],
         [ PC |-> [pc |-> 3, type |-> {1, 2}, lat |-> {3}, dep |-> {}],
           done |-> TRUE,
           comTime |-> 10,
           executed |-> TRUE,
           exStartTime |-> 3 ],
         [ PC |-> [pc |-> 4, type |-> {1, 2}, lat |-> {3}, dep |-> {3}],
           done |-> TRUE,
           comTime |-> 11,
           executed |-> TRUE,
           exStartTime |-> 6 ] >> ]
/\ FU = <<1, 1, 2, 1>>
/\ _FU = << [ PC |-> [pc |-> 0, type |-> "empty"],
     currLat |-> 1,
     usage |-> 9,
     baseLat |-> 1 ],
   [ PC |-> [pc |-> 0, type |-> "empty"],
     currLat |-> 1,
     usage |-> 3,
     baseLat |-> 1 ] >>

@!@!@ENDMSG 2217 @!@!@
@!@!@STARTMSG 2217:4 @!@!@
14: <Next line 78, col 9 to line 100, col 103 of module pipeline_ooo>
/\ FULat2 = <<3, 3, 3, 3>>
/\ iMiss2 = <<FALSE, FALSE, FALSE, FALSE>>
/\ _RS2 = <<{}, {}>>
/\ locWorst = <<TRUE, TRUE>>
/\ _COM2 = <<[PC |-> [pc |-> 0, type |-> "empty"]], [PC |-> [pc |-> 0, type |-> "empty"]]>>
/\ _ID = <<[PC |-> [pc |-> 0, type |-> "empty"]], [PC |-> [pc |-> 0, type |-> "empty"]]>>
/\ _IF = << [PC |-> [pc |-> 0, type |-> "empty"], currLat |-> 1, baseLat |-> 1],
   [PC |-> [pc |-> 0, type |-> "empty"], currLat |-> 1, baseLat |-> 1] >>
/\ FUTmpLat = <<<<<<3, 3>>, 3>>, 3>>
/\ _FU2 = << [ PC |-> [pc |-> 0, type |-> "empty"],
     currLat |-> 1,
     usage |-> 6,
     baseLat |-> 1 ],
   [ PC |-> [pc |-> 0, type |-> "empty"],
     currLat |-> 1,
     usage |-> 6,
     baseLat |-> 1 ] >>
/\ FUTmp = <<<<<<1, 1>>, 2>>, 1>>
/\ _COM = <<[PC |-> [pc |-> 0, type |-> "empty"]], [PC |-> [pc |-> 0, type |-> "empty"]]>>
/\ _ID2 = <<[PC |-> [pc |-> 0, type |-> "empty"]], [PC |-> [pc |-> 0, type |-> "empty"]]>>
/\ currCycle2 = 12
/\ FU2 = <<1, 2, 2, 1>>
/\ _IF2 = << [PC |-> [pc |-> 0, type |-> "empty"], currLat |-> 1, baseLat |-> 1],
   [PC |-> [pc |-> 0, type |-> "empty"], currLat |-> 1, baseLat |-> 1] >>
/\ iMissTmp2 = <<<<<<FALSE, FALSE>>, FALSE>>, FALSE>>
/\ iMiss = <<FALSE, FALSE, FALSE, FALSE>>
/\ _RS = <<{}, {}>>
/\ commonPre = FALSE
/\ currCycle = 13
/\ iMissTmp = <<<<<<FALSE, FALSE>>, FALSE>>, FALSE>>
/\ FULat = <<3, 3, 3, 3>>
/\ FUTmp2 = <<<<<<1, 2>>, 2>>, 1>>
/\ prog = [ rest |-> <<>>,
  exec |->
      << [ PC |-> [pc |-> 1, type |-> {1}, lat |-> {1, 3}, dep |-> {}],
           done |-> TRUE,
           comTime |-> 6,
           executed |-> TRUE,
           exStartTime |-> 2 ],
         [ PC |-> [pc |-> 2, type |-> {1, 2}, lat |-> {3}, dep |-> {1}],
           done |-> TRUE,
           comTime |-> 9,
           executed |-> TRUE,
           exStartTime |-> 5 ],
         [ PC |-> [pc |-> 3, type |-> {1, 2}, lat |-> {3}, dep |-> {}],
           done |-> TRUE,
           comTime |-> 9,
           executed |-> TRUE,
           exStartTime |-> 3 ],
         [ PC |-> [pc |-> 4, type |-> {1, 2}, lat |-> {3}, dep |-> {3}],
           done |-> TRUE,
           comTime |-> 12,
           executed |-> TRUE,
           exStartTime |-> 8 ] >> ]
/\ depProg = <<>>
/\ FUTmpLat2 = <<<<<<3, 3>>, 3>>, 3>>
/\ depProgTmp = <<>>
/\ prog2 = [ rest |-> <<>>,
  exec |->
      << [ PC |-> [pc |-> 1, type |-> {1}, lat |-> {1, 3}, dep |-> {}],
           done |-> TRUE,
           comTime |-> 6,
           executed |-> TRUE,
           exStartTime |-> 2 ],
         [ PC |-> [pc |-> 2, type |-> {1, 2}, lat |-> {3}, dep |-> {1}],
           done |-> TRUE,
           comTime |-> 10,
           executed |-> TRUE,
           exStartTime |-> 6 ],
         [ PC |-> [pc |-> 3, type |-> {1, 2}, lat |-> {3}, dep |-> {}],
           done |-> TRUE,
           comTime |-> 10,
           executed |-> TRUE,
           exStartTime |-> 3 ],
         [ PC |-> [pc |-> 4, type |-> {1, 2}, lat |-> {3}, dep |-> {3}],
           done |-> TRUE,
           comTime |-> 11,
           executed |-> TRUE,
           exStartTime |-> 6 ] >> ]
/\ FU = <<1, 1, 2, 1>>
/\ _FU = << [ PC |-> [pc |-> 0, type |-> "empty"],
     currLat |-> 1,
     usage |-> 9,
     baseLat |-> 1 ],
   [ PC |-> [pc |-> 0, type |-> "empty"],
     currLat |-> 1,
     usage |-> 3,
     baseLat |-> 1 ] >>

@!@!@ENDMSG 2217 @!@!@
@!@!@STARTMSG 2201:0 @!@!@
The coverage statistics at 2025-03-04 12:07:23
@!@!@ENDMSG 2201 @!@!@
@!@!@STARTMSG 2773:0 @!@!@
<Init line 54, col 1 to line 54, col 4 of module pipeline_ooo>: 768:768
@!@!@ENDMSG 2773 @!@!@
@!@!@STARTMSG 2221:0 @!@!@
  line 54, col 12 to line 56, col 53 of module pipeline_ooo: 3
@!@!@ENDMSG 2221 @!@!@
@!@!@STARTMSG 2221:0 @!@!@
  line 59, col 22 to line 59, col 51 of module pipeline_ooo: 3
@!@!@ENDMSG 2221 @!@!@
@!@!@STARTMSG 2221:0 @!@!@
  |line 59, col 33 to line 59, col 33 of module pipeline_ooo: 3
@!@!@ENDMSG 2221 @!@!@
@!@!@STARTMSG 2221:0 @!@!@
  ||line 57, col 21 to line 58, col 32 of module pipeline_ooo: 3
@!@!@ENDMSG 2221 @!@!@
@!@!@STARTMSG 2221:0 @!@!@
  |||line 57, col 24 to line 57, col 36 of module pipeline_ooo: 3
@!@!@ENDMSG 2221 @!@!@
@!@!@STARTMSG 2221:0 @!@!@
  |||line 58, col 26 to line 58, col 32 of module pipeline_ooo: 3
@!@!@ENDMSG 2221 @!@!@
@!@!@STARTMSG 2221:0 @!@!@
  ||||line 11, col 1 to line 16, col 2 of module MC: 3
@!@!@ENDMSG 2221 @!@!@
@!@!@STARTMSG 2221:0 @!@!@
  |||||line 12, col 5 to line 12, col 57 of module MC: 3
@!@!@ENDMSG 2221 @!@!@
@!@!@STARTMSG 2775:0 @!@!@
  ||||||line 12, col 17 to line 12, col 28 of module MC: 3:102
@!@!@ENDMSG 2775 @!@!@
@!@!@STARTMSG 2775:0 @!@!@
  ||||||line 12, col 31 to line 12, col 43 of module MC: 3:1224
@!@!@ENDMSG 2775 @!@!@
@!@!@STARTMSG 2775:0 @!@!@
  ||||||line 12, col 46 to line 12, col 55 of module MC: 3:6192
@!@!@ENDMSG 2775 @!@!@
@!@!@STARTMSG 2221:0 @!@!@
  |||||line 13, col 5 to line 13, col 58 of module MC: 3
@!@!@ENDMSG 2221 @!@!@
@!@!@STARTMSG 2775:0 @!@!@
  ||||||line 13, col 17 to line 13, col 30 of module MC: 3:204
@!@!@ENDMSG 2775 @!@!@
@!@!@STARTMSG 2775:0 @!@!@
  ||||||line 13, col 33 to line 13, col 43 of module MC: 3:2040
@!@!@ENDMSG 2775 @!@!@
@!@!@STARTMSG 2775:0 @!@!@
  ||||||line 13, col 46 to line 13, col 56 of module MC: 3:23628
@!@!@ENDMSG 2775 @!@!@
@!@!@STARTMSG 2221:0 @!@!@
  |||||line 14, col 5 to line 14, col 57 of module MC: 3
@!@!@ENDMSG 2221 @!@!@
@!@!@STARTMSG 2775:0 @!@!@
  ||||||line 14, col 17 to line 14, col 30 of module MC: 3:357
@!@!@ENDMSG 2775 @!@!@
@!@!@STARTMSG 2775:0 @!@!@
  ||||||line 14, col 33 to line 14, col 43 of module MC: 3:2040
@!@!@ENDMSG 2775 @!@!@
@!@!@STARTMSG 2775:0 @!@!@
  ||||||line 14, col 46 to line 14, col 55 of module MC: 3:8368
@!@!@ENDMSG 2775 @!@!@
@!@!@STARTMSG 2221:0 @!@!@
  |||||line 15, col 5 to line 15, col 58 of module MC: 3
@!@!@ENDMSG 2221 @!@!@
@!@!@STARTMSG 2775:0 @!@!@
  ||||||line 15, col 17 to line 15, col 30 of module MC: 3:663
@!@!@ENDMSG 2775 @!@!@
@!@!@STARTMSG 2775:0 @!@!@
  ||||||line 15, col 33 to line 15, col 43 of module MC: 3:2040
@!@!@ENDMSG 2775 @!@!@
@!@!@STARTMSG 2775:0 @!@!@
  ||||||line 15, col 46 to line 15, col 56 of module MC: 3:32936
@!@!@ENDMSG 2775 @!@!@
@!@!@STARTMSG 2221:0 @!@!@
  |line 59, col 36 to line 59, col 49 of module pipeline_ooo: 3
@!@!@ENDMSG 2221 @!@!@
@!@!@STARTMSG 2221:0 @!@!@
  line 60, col 12 to line 60, col 23 of module pipeline_ooo: 3
@!@!@ENDMSG 2221 @!@!@
@!@!@STARTMSG 2775:0 @!@!@
  line 11, col 18 to line 11, col 92 of module pipeline_exec_ooo: 3:6
@!@!@ENDMSG 2775 @!@!@
@!@!@STARTMSG 2221:0 @!@!@
  |line 11, col 27 to line 11, col 38 of module pipeline_exec_ooo: 3
@!@!@ENDMSG 2221 @!@!@
@!@!@STARTMSG 2775:0 @!@!@
  line 12, col 18 to line 12, col 62 of module pipeline_exec_ooo: 3:6
@!@!@ENDMSG 2775 @!@!@
@!@!@STARTMSG 2221:0 @!@!@
  |line 12, col 27 to line 12, col 38 of module pipeline_exec_ooo: 3
@!@!@ENDMSG 2221 @!@!@
@!@!@STARTMSG 2775:0 @!@!@
  line 13, col 18 to line 13, col 43 of module pipeline_exec_ooo: 3:6
@!@!@ENDMSG 2775 @!@!@
@!@!@STARTMSG 2221:0 @!@!@
  |line 13, col 27 to line 13, col 33 of module pipeline_exec_ooo: 3
@!@!@ENDMSG 2221 @!@!@
@!@!@STARTMSG 2775:0 @!@!@
  line 14, col 18 to line 14, col 100 of module pipeline_exec_ooo: 3:6
@!@!@ENDMSG 2775 @!@!@
@!@!@STARTMSG 2221:0 @!@!@
  |line 14, col 27 to line 14, col 33 of module pipeline_exec_ooo: 3
@!@!@ENDMSG 2221 @!@!@
@!@!@STARTMSG 2775:0 @!@!@
  line 15, col 19 to line 15, col 63 of module pipeline_exec_ooo: 3:6
@!@!@ENDMSG 2775 @!@!@
@!@!@STARTMSG 2221:0 @!@!@
  |line 15, col 28 to line 15, col 39 of module pipeline_exec_ooo: 3
@!@!@ENDMSG 2221 @!@!@
@!@!@STARTMSG 2775:0 @!@!@
  line 11, col 18 to line 11, col 92 of module pipeline_exec_ooo: 3:6
@!@!@ENDMSG 2775 @!@!@
@!@!@STARTMSG 2221:0 @!@!@
  |line 11, col 27 to line 11, col 38 of module pipeline_exec_ooo: 3
@!@!@ENDMSG 2221 @!@!@
@!@!@STARTMSG 2775:0 @!@!@
  line 12, col 18 to line 12, col 62 of module pipeline_exec_ooo: 3:6
@!@!@ENDMSG 2775 @!@!@
@!@!@STARTMSG 2221:0 @!@!@
  |line 12, col 27 to line 12, col 38 of module pipeline_exec_ooo: 3
@!@!@ENDMSG 2221 @!@!@
@!@!@STARTMSG 2775:0 @!@!@
  line 13, col 18 to line 13, col 43 of module pipeline_exec_ooo: 3:6
@!@!@ENDMSG 2775 @!@!@
@!@!@STARTMSG 2221:0 @!@!@
  |line 13, col 27 to line 13, col 33 of module pipeline_exec_ooo: 3
@!@!@ENDMSG 2221 @!@!@
@!@!@STARTMSG 2775:0 @!@!@
  line 14, col 18 to line 14, col 100 of module pipeline_exec_ooo: 3:6
@!@!@ENDMSG 2775 @!@!@
@!@!@STARTMSG 2221:0 @!@!@
  |line 14, col 27 to line 14, col 33 of module pipeline_exec_ooo: 3
@!@!@ENDMSG 2221 @!@!@
@!@!@STARTMSG 2775:0 @!@!@
  line 15, col 19 to line 15, col 63 of module pipeline_exec_ooo: 3:6
@!@!@ENDMSG 2775 @!@!@
@!@!@STARTMSG 2221:0 @!@!@
  |line 15, col 28 to line 15, col 39 of module pipeline_exec_ooo: 3
@!@!@ENDMSG 2221 @!@!@
@!@!@STARTMSG 2221:0 @!@!@
  line 63, col 12 to line 63, col 27 of module pipeline_ooo: 3
@!@!@ENDMSG 2221 @!@!@
@!@!@STARTMSG 2775:0 @!@!@
  line 64, col 23 to line 64, col 46 of module pipeline_ooo: 3:6
@!@!@ENDMSG 2775 @!@!@
@!@!@STARTMSG 2221:0 @!@!@
  |line 64, col 31 to line 64, col 34 of module pipeline_ooo: 3
@!@!@ENDMSG 2221 @!@!@
@!@!@STARTMSG 2221:0 @!@!@
  line 65, col 25 to line 65, col 47 of module pipeline_ooo: 3
@!@!@ENDMSG 2221 @!@!@
@!@!@STARTMSG 2221:0 @!@!@
  |line 38, col 24 to line 38, col 77 of module pipeline_ooo: 12
@!@!@ENDMSG 2221 @!@!@
@!@!@STARTMSG 2221:0 @!@!@
  ||line 38, col 27 to line 38, col 31 of module pipeline_ooo: 12
@!@!@ENDMSG 2221 @!@!@
@!@!@STARTMSG 2221:0 @!@!@
  ||line 38, col 38 to line 38, col 43 of module pipeline_ooo: 3
@!@!@ENDMSG 2221 @!@!@
@!@!@STARTMSG 2221:0 @!@!@
  |||line 31, col 12 to line 31, col 56 of module pipeline_ooo: 12
@!@!@ENDMSG 2221 @!@!@
@!@!@STARTMSG 2221:0 @!@!@
  ||||line 31, col 15 to line 31, col 19 of module pipeline_ooo: 12
@!@!@ENDMSG 2221 @!@!@
@!@!@STARTMSG 2775:0 @!@!@
  ||||line 31, col 48 to line 31, col 56 of module pipeline_ooo: 12:33
@!@!@ENDMSG 2775 @!@!@
@!@!@STARTMSG 2221:0 @!@!@
  |||||line 31, col 50 to line 31, col 54 of module pipeline_ooo: 12
@!@!@ENDMSG 2221 @!@!@
@!@!@STARTMSG 2775:0 @!@!@
  ||line 38, col 50 to line 38, col 77 of module pipeline_ooo: 9:18
@!@!@ENDMSG 2775 @!@!@
@!@!@STARTMSG 2221:0 @!@!@
  |||line 38, col 50 to line 38, col 67 of module pipeline_ooo: 9
@!@!@ENDMSG 2221 @!@!@
@!@!@STARTMSG 2221:0 @!@!@
  |||line 38, col 72 to line 38, col 77 of module pipeline_ooo: 9
@!@!@ENDMSG 2221 @!@!@
@!@!@STARTMSG 2221:0 @!@!@
  ||||line 31, col 12 to line 31, col 56 of module pipeline_ooo: 12
@!@!@ENDMSG 2221 @!@!@
@!@!@STARTMSG 2221:0 @!@!@
  |||||line 31, col 15 to line 31, col 19 of module pipeline_ooo: 12
@!@!@ENDMSG 2221 @!@!@
@!@!@STARTMSG 2775:0 @!@!@
  |||||line 31, col 48 to line 31, col 56 of module pipeline_ooo: 12:33
@!@!@ENDMSG 2775 @!@!@
@!@!@STARTMSG 2221:0 @!@!@
  ||||||line 31, col 50 to line 31, col 54 of module pipeline_ooo: 12
@!@!@ENDMSG 2221 @!@!@
@!@!@STARTMSG 2221:0 @!@!@
  |line 65, col 40 to line 65, col 46 of module pipeline_ooo: 3
@!@!@ENDMSG 2221 @!@!@
@!@!@STARTMSG 2221:0 @!@!@
  line 66, col 20 to line 66, col 47 of module pipeline_ooo: 3
@!@!@ENDMSG 2221 @!@!@
@!@!@STARTMSG 2221:0 @!@!@
  |line 39, col 19 to line 39, col 92 of module pipeline_ooo: 9
@!@!@ENDMSG 2221 @!@!@
@!@!@STARTMSG 2221:0 @!@!@
  ||line 39, col 22 to line 39, col 26 of module pipeline_ooo: 9
@!@!@ENDMSG 2221 @!@!@
@!@!@STARTMSG 2221:0 @!@!@
  ||line 39, col 33 to line 39, col 50 of module pipeline_ooo: 3
@!@!@ENDMSG 2221 @!@!@
@!@!@STARTMSG 2221:0 @!@!@
  ||line 39, col 57 to line 39, col 92 of module pipeline_ooo: 6
@!@!@ENDMSG 2221 @!@!@
@!@!@STARTMSG 2221:0 @!@!@
  |line 66, col 28 to line 66, col 35 of module pipeline_ooo: 3
@!@!@ENDMSG 2221 @!@!@
@!@!@STARTMSG 2221:0 @!@!@
  |line 66, col 38 to line 66, col 46 of module pipeline_ooo: 3
@!@!@ENDMSG 2221 @!@!@
@!@!@STARTMSG 2221:0 @!@!@
  line 67, col 22 to line 67, col 45 of module pipeline_ooo: 3
@!@!@ENDMSG 2221 @!@!@
@!@!@STARTMSG 2221:0 @!@!@
  |line 38, col 24 to line 38, col 77 of module pipeline_ooo: 12
@!@!@ENDMSG 2221 @!@!@
@!@!@STARTMSG 2221:0 @!@!@
  ||line 38, col 27 to line 38, col 31 of module pipeline_ooo: 12
@!@!@ENDMSG 2221 @!@!@
@!@!@STARTMSG 2221:0 @!@!@
  ||line 38, col 38 to line 38, col 43 of module pipeline_ooo: 3
@!@!@ENDMSG 2221 @!@!@
@!@!@STARTMSG 2221:0 @!@!@
  |||line 32, col 13 to line 32, col 29 of module pipeline_ooo: 12
@!@!@ENDMSG 2221 @!@!@
@!@!@STARTMSG 2775:0 @!@!@
  ||line 38, col 50 to line 38, col 77 of module pipeline_ooo: 9:84
@!@!@ENDMSG 2775 @!@!@
@!@!@STARTMSG 2221:0 @!@!@
  |||line 38, col 50 to line 38, col 67 of module pipeline_ooo: 9
@!@!@ENDMSG 2221 @!@!@
@!@!@STARTMSG 2221:0 @!@!@
  |||line 38, col 72 to line 38, col 77 of module pipeline_ooo: 9
@!@!@ENDMSG 2221 @!@!@
@!@!@STARTMSG 2221:0 @!@!@
  ||||line 38, col 76 to line 38, col 76 of module pipeline_ooo: 9
@!@!@ENDMSG 2221 @!@!@
@!@!@STARTMSG 2221:0 @!@!@
  ||||line 32, col 13 to line 32, col 29 of module pipeline_ooo: 12
@!@!@ENDMSG 2221 @!@!@
@!@!@STARTMSG 2221:0 @!@!@
  |line 67, col 38 to line 67, col 44 of module pipeline_ooo: 3
@!@!@ENDMSG 2221 @!@!@
@!@!@STARTMSG 2221:0 @!@!@
  line 68, col 17 to line 68, col 41 of module pipeline_ooo: 24
@!@!@ENDMSG 2221 @!@!@
@!@!@STARTMSG 2221:0 @!@!@
  |line 39, col 19 to line 39, col 92 of module pipeline_ooo: 72
@!@!@ENDMSG 2221 @!@!@
@!@!@STARTMSG 2221:0 @!@!@
  ||line 39, col 22 to line 39, col 26 of module pipeline_ooo: 72
@!@!@ENDMSG 2221 @!@!@
@!@!@STARTMSG 2221:0 @!@!@
  ||line 39, col 33 to line 39, col 50 of module pipeline_ooo: 24
@!@!@ENDMSG 2221 @!@!@
@!@!@STARTMSG 2221:0 @!@!@
  ||line 39, col 57 to line 39, col 92 of module pipeline_ooo: 48
@!@!@ENDMSG 2221 @!@!@
@!@!@STARTMSG 2221:0 @!@!@
  |line 68, col 25 to line 68, col 29 of module pipeline_ooo: 24
@!@!@ENDMSG 2221 @!@!@
@!@!@STARTMSG 2221:0 @!@!@
  |line 68, col 32 to line 68, col 40 of module pipeline_ooo: 24
@!@!@ENDMSG 2221 @!@!@
@!@!@STARTMSG 2221:0 @!@!@
  line 69, col 25 to line 69, col 51 of module pipeline_ooo: 24
@!@!@ENDMSG 2221 @!@!@
@!@!@STARTMSG 2221:0 @!@!@
  |line 38, col 24 to line 38, col 77 of module pipeline_ooo: 96
@!@!@ENDMSG 2221 @!@!@
@!@!@STARTMSG 2221:0 @!@!@
  ||line 38, col 27 to line 38, col 31 of module pipeline_ooo: 96
@!@!@ENDMSG 2221 @!@!@
@!@!@STARTMSG 2221:0 @!@!@
  ||line 38, col 38 to line 38, col 43 of module pipeline_ooo: 24
@!@!@ENDMSG 2221 @!@!@
@!@!@STARTMSG 2221:0 @!@!@
  |||line 33, col 16 to line 33, col 31 of module pipeline_ooo: 96
@!@!@ENDMSG 2221 @!@!@
@!@!@STARTMSG 2775:0 @!@!@
  ||line 38, col 50 to line 38, col 77 of module pipeline_ooo: 72:288
@!@!@ENDMSG 2775 @!@!@
@!@!@STARTMSG 2221:0 @!@!@
  |||line 38, col 50 to line 38, col 67 of module pipeline_ooo: 72
@!@!@ENDMSG 2221 @!@!@
@!@!@STARTMSG 2221:0 @!@!@
  |||line 38, col 72 to line 38, col 77 of module pipeline_ooo: 72
@!@!@ENDMSG 2221 @!@!@
@!@!@STARTMSG 2221:0 @!@!@
  ||||line 38, col 76 to line 38, col 76 of module pipeline_ooo: 72
@!@!@ENDMSG 2221 @!@!@
@!@!@STARTMSG 2221:0 @!@!@
  ||||line 33, col 16 to line 33, col 31 of module pipeline_ooo: 96
@!@!@ENDMSG 2221 @!@!@
@!@!@STARTMSG 2221:0 @!@!@
  |line 69, col 44 to line 69, col 50 of module pipeline_ooo: 24
@!@!@ENDMSG 2221 @!@!@
@!@!@STARTMSG 2221:0 @!@!@
  line 70, col 20 to line 70, col 47 of module pipeline_ooo: 48
@!@!@ENDMSG 2221 @!@!@
@!@!@STARTMSG 2221:0 @!@!@
  |line 39, col 19 to line 39, col 92 of module pipeline_ooo: 144
@!@!@ENDMSG 2221 @!@!@
@!@!@STARTMSG 2221:0 @!@!@
  ||line 39, col 22 to line 39, col 26 of module pipeline_ooo: 144
@!@!@ENDMSG 2221 @!@!@
@!@!@STARTMSG 2221:0 @!@!@
  ||line 39, col 33 to line 39, col 50 of module pipeline_ooo: 48
@!@!@ENDMSG 2221 @!@!@
@!@!@STARTMSG 2221:0 @!@!@
  ||line 39, col 57 to line 39, col 92 of module pipeline_ooo: 96
@!@!@ENDMSG 2221 @!@!@
@!@!@STARTMSG 2221:0 @!@!@
  |line 70, col 28 to line 70, col 35 of module pipeline_ooo: 48
@!@!@ENDMSG 2221 @!@!@
@!@!@STARTMSG 2221:0 @!@!@
  |line 70, col 38 to line 70, col 46 of module pipeline_ooo: 48
@!@!@ENDMSG 2221 @!@!@
@!@!@STARTMSG 2221:0 @!@!@
  line 71, col 26 to line 71, col 48 of module pipeline_ooo: 48
@!@!@ENDMSG 2221 @!@!@
@!@!@STARTMSG 2221:0 @!@!@
  |line 38, col 24 to line 38, col 77 of module pipeline_ooo: 192
@!@!@ENDMSG 2221 @!@!@
@!@!@STARTMSG 2221:0 @!@!@
  ||line 38, col 27 to line 38, col 31 of module pipeline_ooo: 192
@!@!@ENDMSG 2221 @!@!@
@!@!@STARTMSG 2775:0 @!@!@
  ||line 38, col 38 to line 38, col 43 of module pipeline_ooo: 288:96
@!@!@ENDMSG 2775 @!@!@
@!@!@STARTMSG 2775:0 @!@!@
  ||line 38, col 50 to line 38, col 77 of module pipeline_ooo: 144:288
@!@!@ENDMSG 2775 @!@!@
@!@!@STARTMSG 2221:0 @!@!@
  |||line 38, col 50 to line 38, col 67 of module pipeline_ooo: 144
@!@!@ENDMSG 2221 @!@!@
@!@!@STARTMSG 2775:0 @!@!@
  |||line 38, col 72 to line 38, col 77 of module pipeline_ooo: 864:432
@!@!@ENDMSG 2775 @!@!@
@!@!@STARTMSG 2221:0 @!@!@
  |line 31, col 12 to line 31, col 56 of module pipeline_ooo: 12
@!@!@ENDMSG 2221 @!@!@
@!@!@STARTMSG 2221:0 @!@!@
  ||line 31, col 15 to line 31, col 19 of module pipeline_ooo: 12
@!@!@ENDMSG 2221 @!@!@
@!@!@STARTMSG 2775:0 @!@!@
  ||line 31, col 48 to line 31, col 56 of module pipeline_ooo: 12:33
@!@!@ENDMSG 2775 @!@!@
@!@!@STARTMSG 2221:0 @!@!@
  |||line 31, col 50 to line 31, col 54 of module pipeline_ooo: 12
@!@!@ENDMSG 2221 @!@!@
@!@!@STARTMSG 2221:0 @!@!@
  |line 71, col 41 to line 71, col 47 of module pipeline_ooo: 48
@!@!@ENDMSG 2221 @!@!@
@!@!@STARTMSG 2221:0 @!@!@
  line 72, col 21 to line 72, col 49 of module pipeline_ooo: 48
@!@!@ENDMSG 2221 @!@!@
@!@!@STARTMSG 2221:0 @!@!@
  |line 39, col 19 to line 39, col 92 of module pipeline_ooo: 144
@!@!@ENDMSG 2221 @!@!@
@!@!@STARTMSG 2221:0 @!@!@
  ||line 39, col 22 to line 39, col 26 of module pipeline_ooo: 144
@!@!@ENDMSG 2221 @!@!@
@!@!@STARTMSG 2221:0 @!@!@
  ||line 39, col 33 to line 39, col 50 of module pipeline_ooo: 48
@!@!@ENDMSG 2221 @!@!@
@!@!@STARTMSG 2221:0 @!@!@
  ||line 39, col 57 to line 39, col 92 of module pipeline_ooo: 96
@!@!@ENDMSG 2221 @!@!@
@!@!@STARTMSG 2221:0 @!@!@
  |line 72, col 29 to line 72, col 37 of module pipeline_ooo: 48
@!@!@ENDMSG 2221 @!@!@
@!@!@STARTMSG 2221:0 @!@!@
  |line 72, col 40 to line 72, col 48 of module pipeline_ooo: 48
@!@!@ENDMSG 2221 @!@!@
@!@!@STARTMSG 2221:0 @!@!@
  line 73, col 23 to line 73, col 46 of module pipeline_ooo: 48
@!@!@ENDMSG 2221 @!@!@
@!@!@STARTMSG 2221:0 @!@!@
  |line 38, col 24 to line 38, col 77 of module pipeline_ooo: 192
@!@!@ENDMSG 2221 @!@!@
@!@!@STARTMSG 2221:0 @!@!@
  ||line 38, col 27 to line 38, col 31 of module pipeline_ooo: 192
@!@!@ENDMSG 2221 @!@!@
@!@!@STARTMSG 2221:0 @!@!@
  ||line 38, col 38 to line 38, col 43 of module pipeline_ooo: 288
@!@!@ENDMSG 2221 @!@!@
@!@!@STARTMSG 2775:0 @!@!@
  ||line 38, col 50 to line 38, col 77 of module pipeline_ooo: 144:1344
@!@!@ENDMSG 2775 @!@!@
@!@!@STARTMSG 2221:0 @!@!@
  |||line 38, col 50 to line 38, col 67 of module pipeline_ooo: 144
@!@!@ENDMSG 2221 @!@!@
@!@!@STARTMSG 2221:0 @!@!@
  |||line 38, col 72 to line 38, col 77 of module pipeline_ooo: 864
@!@!@ENDMSG 2221 @!@!@
@!@!@STARTMSG 2221:0 @!@!@
  ||||line 38, col 76 to line 38, col 76 of module pipeline_ooo: 144
@!@!@ENDMSG 2221 @!@!@
@!@!@STARTMSG 2221:0 @!@!@
  |line 32, col 13 to line 32, col 29 of module pipeline_ooo: 12
@!@!@ENDMSG 2221 @!@!@
@!@!@STARTMSG 2221:0 @!@!@
  |line 73, col 39 to line 73, col 45 of module pipeline_ooo: 48
@!@!@ENDMSG 2221 @!@!@
@!@!@STARTMSG 2221:0 @!@!@
  line 74, col 18 to line 74, col 43 of module pipeline_ooo: 384
@!@!@ENDMSG 2221 @!@!@
@!@!@STARTMSG 2221:0 @!@!@
  |line 39, col 19 to line 39, col 92 of module pipeline_ooo: 1152
@!@!@ENDMSG 2221 @!@!@
@!@!@STARTMSG 2221:0 @!@!@
  ||line 39, col 22 to line 39, col 26 of module pipeline_ooo: 1152
@!@!@ENDMSG 2221 @!@!@
@!@!@STARTMSG 2221:0 @!@!@
  ||line 39, col 33 to line 39, col 50 of module pipeline_ooo: 384
@!@!@ENDMSG 2221 @!@!@
@!@!@STARTMSG 2221:0 @!@!@
  ||line 39, col 57 to line 39, col 92 of module pipeline_ooo: 768
@!@!@ENDMSG 2221 @!@!@
@!@!@STARTMSG 2221:0 @!@!@
  |line 74, col 26 to line 74, col 31 of module pipeline_ooo: 384
@!@!@ENDMSG 2221 @!@!@
@!@!@STARTMSG 2221:0 @!@!@
  |line 74, col 34 to line 74, col 42 of module pipeline_ooo: 384
@!@!@ENDMSG 2221 @!@!@
@!@!@STARTMSG 2221:0 @!@!@
  line 75, col 26 to line 75, col 52 of module pipeline_ooo: 384
@!@!@ENDMSG 2221 @!@!@
@!@!@STARTMSG 2221:0 @!@!@
  |line 38, col 24 to line 38, col 77 of module pipeline_ooo: 1536
@!@!@ENDMSG 2221 @!@!@
@!@!@STARTMSG 2221:0 @!@!@
  ||line 38, col 27 to line 38, col 31 of module pipeline_ooo: 1536
@!@!@ENDMSG 2221 @!@!@
@!@!@STARTMSG 2221:0 @!@!@
  ||line 38, col 38 to line 38, col 43 of module pipeline_ooo: 2304
@!@!@ENDMSG 2221 @!@!@
@!@!@STARTMSG 2775:0 @!@!@
  ||line 38, col 50 to line 38, col 77 of module pipeline_ooo: 1152:4608
@!@!@ENDMSG 2775 @!@!@
@!@!@STARTMSG 2221:0 @!@!@
  |||line 38, col 50 to line 38, col 67 of module pipeline_ooo: 1152
@!@!@ENDMSG 2221 @!@!@
@!@!@STARTMSG 2221:0 @!@!@
  |||line 38, col 72 to line 38, col 77 of module pipeline_ooo: 6912
@!@!@ENDMSG 2221 @!@!@
@!@!@STARTMSG 2221:0 @!@!@
  ||||line 38, col 76 to line 38, col 76 of module pipeline_ooo: 1152
@!@!@ENDMSG 2221 @!@!@
@!@!@STARTMSG 2221:0 @!@!@
  |line 33, col 16 to line 33, col 31 of module pipeline_ooo: 96
@!@!@ENDMSG 2221 @!@!@
@!@!@STARTMSG 2221:0 @!@!@
  |line 75, col 45 to line 75, col 51 of module pipeline_ooo: 384
@!@!@ENDMSG 2221 @!@!@
@!@!@STARTMSG 2221:0 @!@!@
  line 76, col 12 to line 76, col 49 of module pipeline_ooo: 768
@!@!@ENDMSG 2221 @!@!@
@!@!@STARTMSG 2221:0 @!@!@
  |line 76, col 21 to line 76, col 49 of module pipeline_ooo: 768
@!@!@ENDMSG 2221 @!@!@
@!@!@STARTMSG 2221:0 @!@!@
  ||line 39, col 19 to line 39, col 92 of module pipeline_ooo: 2304
@!@!@ENDMSG 2221 @!@!@
@!@!@STARTMSG 2221:0 @!@!@
  |||line 39, col 22 to line 39, col 26 of module pipeline_ooo: 2304
@!@!@ENDMSG 2221 @!@!@
@!@!@STARTMSG 2221:0 @!@!@
  |||line 39, col 33 to line 39, col 50 of module pipeline_ooo: 768
@!@!@ENDMSG 2221 @!@!@
@!@!@STARTMSG 2221:0 @!@!@
  |||line 39, col 57 to line 39, col 92 of module pipeline_ooo: 1536
@!@!@ENDMSG 2221 @!@!@
@!@!@STARTMSG 2221:0 @!@!@
  ||line 76, col 29 to line 76, col 37 of module pipeline_ooo: 768
@!@!@ENDMSG 2221 @!@!@
@!@!@STARTMSG 2221:0 @!@!@
  ||line 76, col 40 to line 76, col 48 of module pipeline_ooo: 768
@!@!@ENDMSG 2221 @!@!@
@!@!@STARTMSG 2772:0 @!@!@
<Next line 78, col 1 to line 78, col 4 of module pipeline_ooo>: 3135:3187
@!@!@ENDMSG 2772 @!@!@
@!@!@STARTMSG 2221:0 @!@!@
  line 41, col 1 to line 41, col 35 of module pipeline_ooo: 1032
@!@!@ENDMSG 2221 @!@!@
@!@!@STARTMSG 2221:0 @!@!@
  line 41, col 1 to line 41, col 35 of module pipeline_ooo: 30372
@!@!@ENDMSG 2221 @!@!@
@!@!@STARTMSG 2221:0 @!@!@
  line 41, col 1 to line 41, col 35 of module pipeline_ooo: 5014
@!@!@ENDMSG 2221 @!@!@
@!@!@STARTMSG 2221:0 @!@!@
  line 41, col 1 to line 41, col 35 of module pipeline_ooo: 182218
@!@!@ENDMSG 2221 @!@!@
@!@!@STARTMSG 2221:0 @!@!@
  line 41, col 1 to line 41, col 35 of module pipeline_ooo: 154299
@!@!@ENDMSG 2221 @!@!@
@!@!@STARTMSG 2221:0 @!@!@
  line 41, col 1 to line 41, col 35 of module pipeline_ooo: 172821
@!@!@ENDMSG 2221 @!@!@
@!@!@STARTMSG 2221:0 @!@!@
  line 41, col 1 to line 41, col 35 of module pipeline_ooo: 119586
@!@!@ENDMSG 2221 @!@!@
@!@!@STARTMSG 2221:0 @!@!@
  line 41, col 1 to line 41, col 35 of module pipeline_ooo: 381955
@!@!@ENDMSG 2221 @!@!@
@!@!@STARTMSG 2221:0 @!@!@
  line 41, col 1 to line 41, col 35 of module pipeline_ooo: 73067
@!@!@ENDMSG 2221 @!@!@
@!@!@STARTMSG 2221:0 @!@!@
  line 41, col 1 to line 41, col 35 of module pipeline_ooo: 1032
@!@!@ENDMSG 2221 @!@!@
@!@!@STARTMSG 2221:0 @!@!@
  line 41, col 1 to line 41, col 35 of module pipeline_ooo: 184685
@!@!@ENDMSG 2221 @!@!@
@!@!@STARTMSG 2221:0 @!@!@
  line 41, col 1 to line 41, col 35 of module pipeline_ooo: 662105
@!@!@ENDMSG 2221 @!@!@
@!@!@STARTMSG 2221:0 @!@!@
  line 63, col 18 to line 63, col 59 of module pipeline_exec_ooo: 3186
@!@!@ENDMSG 2221 @!@!@
@!@!@STARTMSG 2775:0 @!@!@
  |line 63, col 25 to line 63, col 59 of module pipeline_exec_ooo: 3187:6374
@!@!@ENDMSG 2775 @!@!@
@!@!@STARTMSG 2221:0 @!@!@
  ||line 63, col 34 to line 63, col 45 of module pipeline_exec_ooo: 3187
@!@!@ENDMSG 2221 @!@!@
@!@!@STARTMSG 2221:0 @!@!@
  line 67, col 15 to line 67, col 69 of module pipeline_exec_ooo: 3186
@!@!@ENDMSG 2221 @!@!@
@!@!@STARTMSG 2775:0 @!@!@
  |line 67, col 22 to line 67, col 69 of module pipeline_exec_ooo: 3187:6374
@!@!@ENDMSG 2775 @!@!@
@!@!@STARTMSG 2221:0 @!@!@
  ||line 67, col 31 to line 67, col 42 of module pipeline_exec_ooo: 3187
@!@!@ENDMSG 2221 @!@!@
@!@!@STARTMSG 2221:0 @!@!@
  line 70, col 15 to line 72, col 59 of module pipeline_exec_ooo: 3186
@!@!@ENDMSG 2221 @!@!@
@!@!@STARTMSG 2775:0 @!@!@
  |line 70, col 22 to line 72, col 59 of module pipeline_exec_ooo: 3187:6374
@!@!@ENDMSG 2775 @!@!@
@!@!@STARTMSG 2221:0 @!@!@
  ||line 70, col 31 to line 70, col 37 of module pipeline_exec_ooo: 3187
@!@!@ENDMSG 2221 @!@!@
@!@!@STARTMSG 2221:0 @!@!@
  line 81, col 18 to line 81, col 54 of module pipeline_exec_ooo: 3186
@!@!@ENDMSG 2221 @!@!@
@!@!@STARTMSG 2775:0 @!@!@
  |line 81, col 25 to line 81, col 54 of module pipeline_exec_ooo: 3187:6374
@!@!@ENDMSG 2775 @!@!@
@!@!@STARTMSG 2221:0 @!@!@
  ||line 81, col 34 to line 81, col 40 of module pipeline_exec_ooo: 3187
@!@!@ENDMSG 2221 @!@!@
@!@!@STARTMSG 2221:0 @!@!@
  line 95, col 16 to line 95, col 69 of module pipeline_exec_ooo: 3186
@!@!@ENDMSG 2221 @!@!@
@!@!@STARTMSG 2775:0 @!@!@
  |line 95, col 24 to line 95, col 69 of module pipeline_exec_ooo: 3187:6374
@!@!@ENDMSG 2775 @!@!@
@!@!@STARTMSG 2221:0 @!@!@
  ||line 95, col 32 to line 95, col 43 of module pipeline_exec_ooo: 3187
@!@!@ENDMSG 2221 @!@!@
@!@!@STARTMSG 2221:0 @!@!@
  line 122, col 20 to line 122, col 61 of module pipeline_exec_ooo: 3186
@!@!@ENDMSG 2221 @!@!@
@!@!@STARTMSG 2221:0 @!@!@
  |line 122, col 28 to line 122, col 61 of module pipeline_exec_ooo: 3187
@!@!@ENDMSG 2221 @!@!@
@!@!@STARTMSG 2221:0 @!@!@
  ||line 122, col 39 to line 122, col 43 of module pipeline_exec_ooo: 3187
@!@!@ENDMSG 2221 @!@!@
@!@!@STARTMSG 2221:0 @!@!@
  |||line 106, col 30 to line 106, col 95 of module pipeline_exec_ooo: 3187
@!@!@ENDMSG 2221 @!@!@
@!@!@STARTMSG 2221:0 @!@!@
  ||||line 106, col 33 to line 106, col 42 of module pipeline_exec_ooo: 3187
@!@!@ENDMSG 2221 @!@!@
@!@!@STARTMSG 2221:0 @!@!@
  |||||line 106, col 34 to line 106, col 42 of module pipeline_exec_ooo: 3187
@!@!@ENDMSG 2221 @!@!@
@!@!@STARTMSG 2221:0 @!@!@
  ||||||line 18, col 14 to line 18, col 67 of module pipeline_exec_ooo: 3187
@!@!@ENDMSG 2221 @!@!@
@!@!@STARTMSG 2221:0 @!@!@
  |||||||line 18, col 37 to line 18, col 67 of module pipeline_exec_ooo: 6374
@!@!@ENDMSG 2221 @!@!@
@!@!@STARTMSG 2221:0 @!@!@
  |||||||line 18, col 23 to line 18, col 34 of module pipeline_exec_ooo: 3187
@!@!@ENDMSG 2221 @!@!@
@!@!@STARTMSG 2221:0 @!@!@
  ||||line 106, col 49 to line 106, col 80 of module pipeline_exec_ooo: 3187
@!@!@ENDMSG 2221 @!@!@
@!@!@STARTMSG 2221:0 @!@!@
  |||||line 13, col 21 to line 15, col 49 of module instructions_ooo: 6374
@!@!@ENDMSG 2221 @!@!@
@!@!@STARTMSG 2221:0 @!@!@
  ||||||line 13, col 24 to line 13, col 28 of module instructions_ooo: 6374
@!@!@ENDMSG 2221 @!@!@
@!@!@STARTMSG 2221:0 @!@!@
  ||||||line 14, col 26 to line 14, col 32 of module instructions_ooo: 3187
@!@!@ENDMSG 2221 @!@!@
@!@!@STARTMSG 2221:0 @!@!@
  |||||||line 12, col 36 to line 12, col 72 of module instructions_ooo: 3187
@!@!@ENDMSG 2221 @!@!@
@!@!@STARTMSG 2221:0 @!@!@
  ||||||||line 12, col 39 to line 12, col 48 of module instructions_ooo: 3187
@!@!@ENDMSG 2221 @!@!@
@!@!@STARTMSG 2221:0 @!@!@
  ||||||||line 12, col 55 to line 12, col 61 of module instructions_ooo: 516
@!@!@ENDMSG 2221 @!@!@
@!@!@STARTMSG 2221:0 @!@!@
  ||||||||line 12, col 68 to line 12, col 72 of module instructions_ooo: 2671
@!@!@ENDMSG 2221 @!@!@
@!@!@STARTMSG 2221:0 @!@!@
  |||||||line 14, col 31 to line 14, col 31 of module instructions_ooo: 3187
@!@!@ENDMSG 2221 @!@!@
@!@!@STARTMSG 2221:0 @!@!@
  ||||||line 15, col 26 to line 15, col 49 of module instructions_ooo: 3187
@!@!@ENDMSG 2221 @!@!@
@!@!@STARTMSG 2221:0 @!@!@
  |||||||line 15, col 37 to line 15, col 43 of module instructions_ooo: 3187
@!@!@ENDMSG 2221 @!@!@
@!@!@STARTMSG 2221:0 @!@!@
  ||||||||line 12, col 36 to line 12, col 72 of module instructions_ooo: 3187
@!@!@ENDMSG 2221 @!@!@
@!@!@STARTMSG 2221:0 @!@!@
  |||||||||line 12, col 39 to line 12, col 48 of module instructions_ooo: 3187
@!@!@ENDMSG 2221 @!@!@
@!@!@STARTMSG 2221:0 @!@!@
  |||||||||line 12, col 55 to line 12, col 61 of module instructions_ooo: 516
@!@!@ENDMSG 2221 @!@!@
@!@!@STARTMSG 2221:0 @!@!@
  |||||||||line 12, col 68 to line 12, col 72 of module instructions_ooo: 2671
@!@!@ENDMSG 2221 @!@!@
@!@!@STARTMSG 2221:0 @!@!@
  ||||||||line 15, col 42 to line 15, col 42 of module instructions_ooo: 3187
@!@!@ENDMSG 2221 @!@!@
@!@!@STARTMSG 2221:0 @!@!@
  |||||||line 15, col 46 to line 15, col 48 of module instructions_ooo: 3187
@!@!@ENDMSG 2221 @!@!@
@!@!@STARTMSG 2221:0 @!@!@
  |||||line 106, col 60 to line 106, col 68 of module pipeline_exec_ooo: 3187
@!@!@ENDMSG 2221 @!@!@
@!@!@STARTMSG 2221:0 @!@!@
  |||||line 106, col 71 to line 106, col 79 of module pipeline_exec_ooo: 3187
@!@!@ENDMSG 2221 @!@!@
@!@!@STARTMSG 2221:0 @!@!@
  ||line 122, col 55 to line 122, col 59 of module pipeline_exec_ooo: 3187
@!@!@ENDMSG 2221 @!@!@
@!@!@STARTMSG 2775:0 @!@!@
  |||line 109, col 30 to line 121, col 30 of module pipeline_exec_ooo: 3187:12232
@!@!@ENDMSG 2775 @!@!@
@!@!@STARTMSG 2221:0 @!@!@
  ||||line 109, col 38 to line 109, col 51 of module pipeline_exec_ooo: 3187
@!@!@ENDMSG 2221 @!@!@
@!@!@STARTMSG 2221:0 @!@!@
  |||||line 109, col 41 to line 109, col 51 of module pipeline_exec_ooo: 3187
@!@!@ENDMSG 2221 @!@!@
@!@!@STARTMSG 2221:0 @!@!@
  ||||||line 109, col 45 to line 109, col 50 of module pipeline_exec_ooo: 3187
@!@!@ENDMSG 2221 @!@!@
@!@!@STARTMSG 2221:0 @!@!@
  |||||||line 108, col 31 to line 108, col 83 of module pipeline_exec_ooo: 3187
@!@!@ENDMSG 2221 @!@!@
@!@!@STARTMSG 2221:0 @!@!@
  ||||||||line 108, col 34 to line 108, col 43 of module pipeline_exec_ooo: 3187
@!@!@ENDMSG 2221 @!@!@
@!@!@STARTMSG 2221:0 @!@!@
  |||||||||line 108, col 35 to line 108, col 43 of module pipeline_exec_ooo: 3187
@!@!@ENDMSG 2221 @!@!@
@!@!@STARTMSG 2221:0 @!@!@
  ||||||||||line 18, col 14 to line 18, col 67 of module pipeline_exec_ooo: 3187
@!@!@ENDMSG 2221 @!@!@
@!@!@STARTMSG 2221:0 @!@!@
  |||||||||||line 18, col 37 to line 18, col 67 of module pipeline_exec_ooo: 6374
@!@!@ENDMSG 2221 @!@!@
@!@!@STARTMSG 2221:0 @!@!@
  |||||||||||line 18, col 23 to line 18, col 34 of module pipeline_exec_ooo: 3187
@!@!@ENDMSG 2221 @!@!@
@!@!@STARTMSG 2221:0 @!@!@
  ||||||||line 108, col 50 to line 108, col 68 of module pipeline_exec_ooo: 3187
@!@!@ENDMSG 2221 @!@!@
@!@!@STARTMSG 2221:0 @!@!@
  |||||||||line 98, col 16 to line 100, col 152 of module pipeline_exec_ooo: 9561
@!@!@ENDMSG 2221 @!@!@
@!@!@STARTMSG 2221:0 @!@!@
  ||||||||||line 98, col 19 to line 98, col 23 of module pipeline_exec_ooo: 9561
@!@!@ENDMSG 2221 @!@!@
@!@!@STARTMSG 2221:0 @!@!@
  ||||||||||line 99, col 21 to line 99, col 29 of module pipeline_exec_ooo: 3187
@!@!@ENDMSG 2221 @!@!@
@!@!@STARTMSG 2221:0 @!@!@
  ||||||||||line 100, col 21 to line 100, col 152 of module pipeline_exec_ooo: 6374
@!@!@ENDMSG 2221 @!@!@
@!@!@STARTMSG 2221:0 @!@!@
  |||||||||||line 17, col 22 to line 17, col 64 of module instructions_ooo: 6374
@!@!@ENDMSG 2221 @!@!@
@!@!@STARTMSG 2221:0 @!@!@
  ||||||||||||line 17, col 25 to line 17, col 38 of module instructions_ooo: 6374
@!@!@ENDMSG 2221 @!@!@
@!@!@STARTMSG 2221:0 @!@!@
  ||||||||||||line 17, col 45 to line 17, col 57 of module instructions_ooo: 1032
@!@!@ENDMSG 2221 @!@!@
@!@!@STARTMSG 2221:0 @!@!@
  ||||||||||||line 17, col 64 to line 17, col 64 of module instructions_ooo: 5342
@!@!@ENDMSG 2221 @!@!@
@!@!@STARTMSG 2221:0 @!@!@
  |||||||||||line 100, col 32 to line 100, col 44 of module pipeline_exec_ooo: 6374
@!@!@ENDMSG 2221 @!@!@
@!@!@STARTMSG 2221:0 @!@!@
  |||||||||||line 100, col 47 to line 100, col 151 of module pipeline_exec_ooo: 6374
@!@!@ENDMSG 2221 @!@!@
@!@!@STARTMSG 2221:0 @!@!@
  ||||||||||||line 100, col 56 to line 100, col 79 of module pipeline_exec_ooo: 6374
@!@!@ENDMSG 2221 @!@!@
@!@!@STARTMSG 2221:0 @!@!@
  |||||||||||||line 9, col 21 to line 9, col 56 of module instructions_ooo: 6374
@!@!@ENDMSG 2221 @!@!@
@!@!@STARTMSG 2221:0 @!@!@
  ||||||||||||||line 9, col 24 to line 9, col 35 of module instructions_ooo: 6374
@!@!@ENDMSG 2221 @!@!@
@!@!@STARTMSG 2221:0 @!@!@
  ||||||||||||||line 9, col 42 to line 9, col 45 of module instructions_ooo: 1032
@!@!@ENDMSG 2221 @!@!@
@!@!@STARTMSG 2221:0 @!@!@
  ||||||||||||||line 9, col 52 to line 9, col 56 of module instructions_ooo: 5342
@!@!@ENDMSG 2221 @!@!@
@!@!@STARTMSG 2221:0 @!@!@
  |||||||||||||line 100, col 67 to line 100, col 75 of module pipeline_exec_ooo: 6374
@!@!@ENDMSG 2221 @!@!@
@!@!@STARTMSG 2221:0 @!@!@
  |||||||||||||line 100, col 78 to line 100, col 78 of module pipeline_exec_ooo: 6374
@!@!@ENDMSG 2221 @!@!@
@!@!@STARTMSG 2221:0 @!@!@
  ||||||||||||line 100, col 82 to line 100, col 99 of module pipeline_exec_ooo: 6374
@!@!@ENDMSG 2221 @!@!@
@!@!@STARTMSG 2221:0 @!@!@
  ||||||||||||line 100, col 102 to line 100, col 115 of module pipeline_exec_ooo: 6374
@!@!@ENDMSG 2221 @!@!@
@!@!@STARTMSG 2221:0 @!@!@
  |||||||||line 108, col 59 to line 108, col 67 of module pipeline_exec_ooo: 3187
@!@!@ENDMSG 2221 @!@!@
@!@!@STARTMSG 2221:0 @!@!@
  line 127, col 20 to line 128, col 50 of module pipeline_exec_ooo: 3187
@!@!@ENDMSG 2221 @!@!@
@!@!@STARTMSG 2221:0 @!@!@
  |line 128, col 26 to line 128, col 39 of module pipeline_exec_ooo: 19322
@!@!@ENDMSG 2221 @!@!@
@!@!@STARTMSG 2221:0 @!@!@
  |line 128, col 44 to line 128, col 50 of module pipeline_exec_ooo: 9661
@!@!@ENDMSG 2221 @!@!@
@!@!@STARTMSG 2221:0 @!@!@
  |line 127, col 29 to line 127, col 49 of module pipeline_exec_ooo: 3187
@!@!@ENDMSG 2221 @!@!@
@!@!@STARTMSG 2221:0 @!@!@
  line 129, col 22 to line 129, col 47 of module pipeline_exec_ooo: 3095
@!@!@ENDMSG 2221 @!@!@
@!@!@STARTMSG 2221:0 @!@!@
  |line 129, col 35 to line 129, col 47 of module pipeline_exec_ooo: 3096
@!@!@ENDMSG 2221 @!@!@
@!@!@STARTMSG 2221:0 @!@!@
  line 130, col 22 to line 130, col 46 of module pipeline_exec_ooo: 91
@!@!@ENDMSG 2221 @!@!@
@!@!@STARTMSG 2221:0 @!@!@
  line 132, col 37 to line 132, col 68 of module pipeline_exec_ooo: 3186
@!@!@ENDMSG 2221 @!@!@
@!@!@STARTMSG 2221:0 @!@!@
  line 50, col 24 to line 50, col 29 of module pipeline_ooo: 1032
@!@!@ENDMSG 2221 @!@!@
@!@!@STARTMSG 2221:0 @!@!@
  line 51, col 21 to line 51, col 23 of module pipeline_ooo: 30372
@!@!@ENDMSG 2221 @!@!@
@!@!@STARTMSG 2221:0 @!@!@
  line 43, col 28 to line 43, col 37 of module pipeline_ooo: 4976
@!@!@ENDMSG 2221 @!@!@
@!@!@STARTMSG 2221:0 @!@!@
  line 42, col 1 to line 52, col 29 of module pipeline_ooo: 182066
@!@!@ENDMSG 2221 @!@!@
@!@!@STARTMSG 2221:0 @!@!@
  line 45, col 22 to line 45, col 25 of module pipeline_ooo: 154359
@!@!@ENDMSG 2221 @!@!@
@!@!@STARTMSG 2221:0 @!@!@
  line 46, col 22 to line 46, col 25 of module pipeline_ooo: 173071
@!@!@ENDMSG 2221 @!@!@
@!@!@STARTMSG 2221:0 @!@!@
  line 42, col 1 to line 52, col 29 of module pipeline_ooo: 119378
@!@!@ENDMSG 2221 @!@!@
@!@!@STARTMSG 2221:0 @!@!@
  line 48, col 22 to line 48, col 25 of module pipeline_ooo: 381355
@!@!@ENDMSG 2221 @!@!@
@!@!@STARTMSG 2221:0 @!@!@
  line 47, col 22 to line 47, col 25 of module pipeline_ooo: 73241
@!@!@ENDMSG 2221 @!@!@
@!@!@STARTMSG 2221:0 @!@!@
  line 52, col 24 to line 52, col 29 of module pipeline_ooo: 1032
@!@!@ENDMSG 2221 @!@!@
@!@!@STARTMSG 2221:0 @!@!@
  line 49, col 23 to line 49, col 27 of module pipeline_ooo: 184355
@!@!@ENDMSG 2221 @!@!@
@!@!@STARTMSG 2221:0 @!@!@
  line 44, col 23 to line 44, col 27 of module pipeline_ooo: 661297
@!@!@ENDMSG 2221 @!@!@
@!@!@STARTMSG 2221:0 @!@!@
  line 63, col 18 to line 63, col 59 of module pipeline_exec_ooo: 3186
@!@!@ENDMSG 2221 @!@!@
@!@!@STARTMSG 2775:0 @!@!@
  |line 63, col 25 to line 63, col 59 of module pipeline_exec_ooo: 3187:6374
@!@!@ENDMSG 2775 @!@!@
@!@!@STARTMSG 2221:0 @!@!@
  ||line 63, col 34 to line 63, col 45 of module pipeline_exec_ooo: 3187
@!@!@ENDMSG 2221 @!@!@
@!@!@STARTMSG 2221:0 @!@!@
  line 67, col 15 to line 67, col 69 of module pipeline_exec_ooo: 3186
@!@!@ENDMSG 2221 @!@!@
@!@!@STARTMSG 2775:0 @!@!@
  |line 67, col 22 to line 67, col 69 of module pipeline_exec_ooo: 3187:6374
@!@!@ENDMSG 2775 @!@!@
@!@!@STARTMSG 2221:0 @!@!@
  ||line 67, col 31 to line 67, col 42 of module pipeline_exec_ooo: 3187
@!@!@ENDMSG 2221 @!@!@
@!@!@STARTMSG 2221:0 @!@!@
  line 70, col 15 to line 72, col 59 of module pipeline_exec_ooo: 3186
@!@!@ENDMSG 2221 @!@!@
@!@!@STARTMSG 2775:0 @!@!@
  |line 70, col 22 to line 72, col 59 of module pipeline_exec_ooo: 3187:6374
@!@!@ENDMSG 2775 @!@!@
@!@!@STARTMSG 2221:0 @!@!@
  ||line 70, col 31 to line 70, col 37 of module pipeline_exec_ooo: 3187
@!@!@ENDMSG 2221 @!@!@
@!@!@STARTMSG 2221:0 @!@!@
  line 81, col 18 to line 81, col 54 of module pipeline_exec_ooo: 3186
@!@!@ENDMSG 2221 @!@!@
@!@!@STARTMSG 2775:0 @!@!@
  |line 81, col 25 to line 81, col 54 of module pipeline_exec_ooo: 3187:6374
@!@!@ENDMSG 2775 @!@!@
@!@!@STARTMSG 2221:0 @!@!@
  ||line 81, col 34 to line 81, col 40 of module pipeline_exec_ooo: 3187
@!@!@ENDMSG 2221 @!@!@
@!@!@STARTMSG 2221:0 @!@!@
  line 95, col 16 to line 95, col 69 of module pipeline_exec_ooo: 3186
@!@!@ENDMSG 2221 @!@!@
@!@!@STARTMSG 2775:0 @!@!@
  |line 95, col 24 to line 95, col 69 of module pipeline_exec_ooo: 3187:6374
@!@!@ENDMSG 2775 @!@!@
@!@!@STARTMSG 2221:0 @!@!@
  ||line 95, col 32 to line 95, col 43 of module pipeline_exec_ooo: 3187
@!@!@ENDMSG 2221 @!@!@
@!@!@STARTMSG 2221:0 @!@!@
  line 122, col 20 to line 122, col 61 of module pipeline_exec_ooo: 3186
@!@!@ENDMSG 2221 @!@!@
@!@!@STARTMSG 2221:0 @!@!@
  |line 122, col 28 to line 122, col 61 of module pipeline_exec_ooo: 3187
@!@!@ENDMSG 2221 @!@!@
@!@!@STARTMSG 2221:0 @!@!@
  ||line 122, col 39 to line 122, col 43 of module pipeline_exec_ooo: 3187
@!@!@ENDMSG 2221 @!@!@
@!@!@STARTMSG 2221:0 @!@!@
  |||line 106, col 30 to line 106, col 95 of module pipeline_exec_ooo: 3187
@!@!@ENDMSG 2221 @!@!@
@!@!@STARTMSG 2221:0 @!@!@
  ||||line 106, col 33 to line 106, col 42 of module pipeline_exec_ooo: 3187
@!@!@ENDMSG 2221 @!@!@
@!@!@STARTMSG 2221:0 @!@!@
  |||||line 106, col 34 to line 106, col 42 of module pipeline_exec_ooo: 3187
@!@!@ENDMSG 2221 @!@!@
@!@!@STARTMSG 2221:0 @!@!@
  ||||||line 18, col 14 to line 18, col 67 of module pipeline_exec_ooo: 3187
@!@!@ENDMSG 2221 @!@!@
@!@!@STARTMSG 2221:0 @!@!@
  |||||||line 18, col 37 to line 18, col 67 of module pipeline_exec_ooo: 6374
@!@!@ENDMSG 2221 @!@!@
@!@!@STARTMSG 2221:0 @!@!@
  |||||||line 18, col 23 to line 18, col 34 of module pipeline_exec_ooo: 3187
@!@!@ENDMSG 2221 @!@!@
@!@!@STARTMSG 2221:0 @!@!@
  ||||line 106, col 49 to line 106, col 80 of module pipeline_exec_ooo: 3187
@!@!@ENDMSG 2221 @!@!@
@!@!@STARTMSG 2221:0 @!@!@
  |||||line 13, col 21 to line 15, col 49 of module instructions_ooo: 6374
@!@!@ENDMSG 2221 @!@!@
@!@!@STARTMSG 2221:0 @!@!@
  ||||||line 13, col 24 to line 13, col 28 of module instructions_ooo: 6374
@!@!@ENDMSG 2221 @!@!@
@!@!@STARTMSG 2221:0 @!@!@
  ||||||line 14, col 26 to line 14, col 32 of module instructions_ooo: 3187
@!@!@ENDMSG 2221 @!@!@
@!@!@STARTMSG 2221:0 @!@!@
  |||||||line 12, col 36 to line 12, col 72 of module instructions_ooo: 3187
@!@!@ENDMSG 2221 @!@!@
@!@!@STARTMSG 2221:0 @!@!@
  ||||||||line 12, col 39 to line 12, col 48 of module instructions_ooo: 3187
@!@!@ENDMSG 2221 @!@!@
@!@!@STARTMSG 2221:0 @!@!@
  ||||||||line 12, col 55 to line 12, col 61 of module instructions_ooo: 516
@!@!@ENDMSG 2221 @!@!@
@!@!@STARTMSG 2221:0 @!@!@
  ||||||||line 12, col 68 to line 12, col 72 of module instructions_ooo: 2671
@!@!@ENDMSG 2221 @!@!@
@!@!@STARTMSG 2221:0 @!@!@
  |||||||line 14, col 31 to line 14, col 31 of module instructions_ooo: 3187
@!@!@ENDMSG 2221 @!@!@
@!@!@STARTMSG 2221:0 @!@!@
  ||||||line 15, col 26 to line 15, col 49 of module instructions_ooo: 3187
@!@!@ENDMSG 2221 @!@!@
@!@!@STARTMSG 2221:0 @!@!@
  |||||||line 15, col 37 to line 15, col 43 of module instructions_ooo: 3187
@!@!@ENDMSG 2221 @!@!@
@!@!@STARTMSG 2221:0 @!@!@
  ||||||||line 12, col 36 to line 12, col 72 of module instructions_ooo: 3187
@!@!@ENDMSG 2221 @!@!@
@!@!@STARTMSG 2221:0 @!@!@
  |||||||||line 12, col 39 to line 12, col 48 of module instructions_ooo: 3187
@!@!@ENDMSG 2221 @!@!@
@!@!@STARTMSG 2221:0 @!@!@
  |||||||||line 12, col 55 to line 12, col 61 of module instructions_ooo: 516
@!@!@ENDMSG 2221 @!@!@
@!@!@STARTMSG 2221:0 @!@!@
  |||||||||line 12, col 68 to line 12, col 72 of module instructions_ooo: 2671
@!@!@ENDMSG 2221 @!@!@
@!@!@STARTMSG 2221:0 @!@!@
  ||||||||line 15, col 42 to line 15, col 42 of module instructions_ooo: 3187
@!@!@ENDMSG 2221 @!@!@
@!@!@STARTMSG 2221:0 @!@!@
  |||||||line 15, col 46 to line 15, col 48 of module instructions_ooo: 3187
@!@!@ENDMSG 2221 @!@!@
@!@!@STARTMSG 2221:0 @!@!@
  |||||line 106, col 60 to line 106, col 68 of module pipeline_exec_ooo: 3187
@!@!@ENDMSG 2221 @!@!@
@!@!@STARTMSG 2221:0 @!@!@
  |||||line 106, col 71 to line 106, col 79 of module pipeline_exec_ooo: 3187
@!@!@ENDMSG 2221 @!@!@
@!@!@STARTMSG 2221:0 @!@!@
  ||line 122, col 55 to line 122, col 59 of module pipeline_exec_ooo: 3187
@!@!@ENDMSG 2221 @!@!@
@!@!@STARTMSG 2775:0 @!@!@
  |||line 109, col 30 to line 121, col 30 of module pipeline_exec_ooo: 3187:12232
@!@!@ENDMSG 2775 @!@!@
@!@!@STARTMSG 2221:0 @!@!@
  ||||line 109, col 38 to line 109, col 51 of module pipeline_exec_ooo: 3187
@!@!@ENDMSG 2221 @!@!@
@!@!@STARTMSG 2221:0 @!@!@
  |||||line 109, col 41 to line 109, col 51 of module pipeline_exec_ooo: 3187
@!@!@ENDMSG 2221 @!@!@
@!@!@STARTMSG 2221:0 @!@!@
  ||||||line 109, col 45 to line 109, col 50 of module pipeline_exec_ooo: 3187
@!@!@ENDMSG 2221 @!@!@
@!@!@STARTMSG 2221:0 @!@!@
  |||||||line 108, col 31 to line 108, col 83 of module pipeline_exec_ooo: 3187
@!@!@ENDMSG 2221 @!@!@
@!@!@STARTMSG 2221:0 @!@!@
  ||||||||line 108, col 34 to line 108, col 43 of module pipeline_exec_ooo: 3187
@!@!@ENDMSG 2221 @!@!@
@!@!@STARTMSG 2221:0 @!@!@
  |||||||||line 108, col 35 to line 108, col 43 of module pipeline_exec_ooo: 3187
@!@!@ENDMSG 2221 @!@!@
@!@!@STARTMSG 2221:0 @!@!@
  ||||||||||line 18, col 14 to line 18, col 67 of module pipeline_exec_ooo: 3187
@!@!@ENDMSG 2221 @!@!@
@!@!@STARTMSG 2221:0 @!@!@
  |||||||||||line 18, col 37 to line 18, col 67 of module pipeline_exec_ooo: 6374
@!@!@ENDMSG 2221 @!@!@
@!@!@STARTMSG 2221:0 @!@!@
  |||||||||||line 18, col 23 to line 18, col 34 of module pipeline_exec_ooo: 3187
@!@!@ENDMSG 2221 @!@!@
@!@!@STARTMSG 2221:0 @!@!@
  ||||||||line 108, col 50 to line 108, col 68 of module pipeline_exec_ooo: 3187
@!@!@ENDMSG 2221 @!@!@
@!@!@STARTMSG 2221:0 @!@!@
  |||||||||line 98, col 16 to line 100, col 152 of module pipeline_exec_ooo: 9561
@!@!@ENDMSG 2221 @!@!@
@!@!@STARTMSG 2221:0 @!@!@
  ||||||||||line 98, col 19 to line 98, col 23 of module pipeline_exec_ooo: 9561
@!@!@ENDMSG 2221 @!@!@
@!@!@STARTMSG 2221:0 @!@!@
  ||||||||||line 99, col 21 to line 99, col 29 of module pipeline_exec_ooo: 3187
@!@!@ENDMSG 2221 @!@!@
@!@!@STARTMSG 2221:0 @!@!@
  ||||||||||line 100, col 21 to line 100, col 152 of module pipeline_exec_ooo: 6374
@!@!@ENDMSG 2221 @!@!@
@!@!@STARTMSG 2221:0 @!@!@
  |||||||||||line 17, col 22 to line 17, col 64 of module instructions_ooo: 6374
@!@!@ENDMSG 2221 @!@!@
@!@!@STARTMSG 2221:0 @!@!@
  ||||||||||||line 17, col 25 to line 17, col 38 of module instructions_ooo: 6374
@!@!@ENDMSG 2221 @!@!@
@!@!@STARTMSG 2221:0 @!@!@
  ||||||||||||line 17, col 45 to line 17, col 57 of module instructions_ooo: 1032
@!@!@ENDMSG 2221 @!@!@
@!@!@STARTMSG 2221:0 @!@!@
  ||||||||||||line 17, col 64 to line 17, col 64 of module instructions_ooo: 5342
@!@!@ENDMSG 2221 @!@!@
@!@!@STARTMSG 2221:0 @!@!@
  |||||||||||line 100, col 32 to line 100, col 44 of module pipeline_exec_ooo: 6374
@!@!@ENDMSG 2221 @!@!@
@!@!@STARTMSG 2221:0 @!@!@
  |||||||||||line 100, col 47 to line 100, col 151 of module pipeline_exec_ooo: 6374
@!@!@ENDMSG 2221 @!@!@
@!@!@STARTMSG 2221:0 @!@!@
  ||||||||||||line 100, col 56 to line 100, col 79 of module pipeline_exec_ooo: 6374
@!@!@ENDMSG 2221 @!@!@
@!@!@STARTMSG 2221:0 @!@!@
  |||||||||||||line 9, col 21 to line 9, col 56 of module instructions_ooo: 6374
@!@!@ENDMSG 2221 @!@!@
@!@!@STARTMSG 2221:0 @!@!@
  ||||||||||||||line 9, col 24 to line 9, col 35 of module instructions_ooo: 6374
@!@!@ENDMSG 2221 @!@!@
@!@!@STARTMSG 2221:0 @!@!@
  ||||||||||||||line 9, col 42 to line 9, col 45 of module instructions_ooo: 1032
@!@!@ENDMSG 2221 @!@!@
@!@!@STARTMSG 2221:0 @!@!@
  ||||||||||||||line 9, col 52 to line 9, col 56 of module instructions_ooo: 5342
@!@!@ENDMSG 2221 @!@!@
@!@!@STARTMSG 2221:0 @!@!@
  |||||||||||||line 100, col 67 to line 100, col 75 of module pipeline_exec_ooo: 6374
@!@!@ENDMSG 2221 @!@!@
@!@!@STARTMSG 2221:0 @!@!@
  |||||||||||||line 100, col 78 to line 100, col 78 of module pipeline_exec_ooo: 6374
@!@!@ENDMSG 2221 @!@!@
@!@!@STARTMSG 2221:0 @!@!@
  ||||||||||||line 100, col 82 to line 100, col 99 of module pipeline_exec_ooo: 6374
@!@!@ENDMSG 2221 @!@!@
@!@!@STARTMSG 2221:0 @!@!@
  ||||||||||||line 100, col 102 to line 100, col 115 of module pipeline_exec_ooo: 6374
@!@!@ENDMSG 2221 @!@!@
@!@!@STARTMSG 2221:0 @!@!@
  |||||||||line 108, col 59 to line 108, col 67 of module pipeline_exec_ooo: 3187
@!@!@ENDMSG 2221 @!@!@
@!@!@STARTMSG 2221:0 @!@!@
  line 127, col 20 to line 128, col 50 of module pipeline_exec_ooo: 3187
@!@!@ENDMSG 2221 @!@!@
@!@!@STARTMSG 2221:0 @!@!@
  |line 128, col 26 to line 128, col 39 of module pipeline_exec_ooo: 19382
@!@!@ENDMSG 2221 @!@!@
@!@!@STARTMSG 2221:0 @!@!@
  |line 128, col 44 to line 128, col 50 of module pipeline_exec_ooo: 9691
@!@!@ENDMSG 2221 @!@!@
@!@!@STARTMSG 2221:0 @!@!@
  |line 127, col 29 to line 127, col 49 of module pipeline_exec_ooo: 3187
@!@!@ENDMSG 2221 @!@!@
@!@!@STARTMSG 2221:0 @!@!@
  line 129, col 22 to line 129, col 47 of module pipeline_exec_ooo: 3074
@!@!@ENDMSG 2221 @!@!@
@!@!@STARTMSG 2221:0 @!@!@
  line 130, col 22 to line 130, col 46 of module pipeline_exec_ooo: 112
@!@!@ENDMSG 2221 @!@!@
@!@!@STARTMSG 2221:0 @!@!@
  line 132, col 37 to line 132, col 68 of module pipeline_exec_ooo: 3186
@!@!@ENDMSG 2221 @!@!@
@!@!@STARTMSG 2221:0 @!@!@
  line 80, col 12 to line 89, col 101 of module pipeline_ooo: 3186
@!@!@ENDMSG 2221 @!@!@
@!@!@STARTMSG 2221:0 @!@!@
  |line 80, col 25 to line 89, col 101 of module pipeline_ooo: 3187
@!@!@ENDMSG 2221 @!@!@
@!@!@STARTMSG 2221:0 @!@!@
  ||line 80, col 28 to line 80, col 36 of module pipeline_ooo: 3187
@!@!@ENDMSG 2221 @!@!@
@!@!@STARTMSG 2221:0 @!@!@
  ||line 82, col 28 to line 85, col 101 of module pipeline_ooo: 1393
@!@!@ENDMSG 2221 @!@!@
@!@!@STARTMSG 2221:0 @!@!@
  |||line 82, col 44 to line 85, col 101 of module pipeline_ooo: 2786
@!@!@ENDMSG 2221 @!@!@
@!@!@STARTMSG 2221:0 @!@!@
  ||||line 82, col 67 to line 85, col 101 of module pipeline_ooo: 5572
@!@!@ENDMSG 2221 @!@!@
@!@!@STARTMSG 2221:0 @!@!@
  |||||line 83, col 29 to line 85, col 101 of module pipeline_ooo: 6604
@!@!@ENDMSG 2221 @!@!@
@!@!@STARTMSG 2221:0 @!@!@
  ||||||line 83, col 32 to line 83, col 63 of module pipeline_ooo: 6604
@!@!@ENDMSG 2221 @!@!@
@!@!@STARTMSG 2221:0 @!@!@
  ||||||line 85, col 32 to line 85, col 101 of module pipeline_ooo: 5572
@!@!@ENDMSG 2221 @!@!@
@!@!@STARTMSG 2221:0 @!@!@
  |||||||line 85, col 32 to line 85, col 61 of module pipeline_ooo: 5572
@!@!@ENDMSG 2221 @!@!@
@!@!@STARTMSG 2221:0 @!@!@
  |||||||line 85, col 66 to line 85, col 101 of module pipeline_ooo: 2476
@!@!@ENDMSG 2221 @!@!@
@!@!@STARTMSG 2221:0 @!@!@
  |||||line 82, col 77 to line 82, col 88 of module pipeline_ooo: 5572
@!@!@ENDMSG 2221 @!@!@
@!@!@STARTMSG 2221:0 @!@!@
  ||||line 82, col 53 to line 82, col 64 of module pipeline_ooo: 2786
@!@!@ENDMSG 2221 @!@!@
@!@!@STARTMSG 2221:0 @!@!@
  |||line 82, col 38 to line 82, col 41 of module pipeline_ooo: 1393
@!@!@ENDMSG 2221 @!@!@
@!@!@STARTMSG 2221:0 @!@!@
  ||line 87, col 28 to line 89, col 101 of module pipeline_ooo: 1393
@!@!@ENDMSG 2221 @!@!@
@!@!@STARTMSG 2221:0 @!@!@
  |||line 87, col 44 to line 89, col 101 of module pipeline_ooo: 2650
@!@!@ENDMSG 2221 @!@!@
@!@!@STARTMSG 2221:0 @!@!@
  ||||line 87, col 62 to line 89, col 101 of module pipeline_ooo: 5154
@!@!@ENDMSG 2221 @!@!@
@!@!@STARTMSG 2221:0 @!@!@
  |||||line 88, col 29 to line 89, col 101 of module pipeline_ooo: 6702
@!@!@ENDMSG 2221 @!@!@
@!@!@STARTMSG 2221:0 @!@!@
  ||||||line 88, col 32 to line 88, col 63 of module pipeline_ooo: 6702
@!@!@ENDMSG 2221 @!@!@
@!@!@STARTMSG 2221:0 @!@!@
  ||||||line 89, col 32 to line 89, col 101 of module pipeline_ooo: 5642
@!@!@ENDMSG 2221 @!@!@
@!@!@STARTMSG 2221:0 @!@!@
  |||||||line 89, col 32 to line 89, col 61 of module pipeline_ooo: 5642
@!@!@ENDMSG 2221 @!@!@
@!@!@STARTMSG 2221:0 @!@!@
  |||||||line 89, col 66 to line 89, col 101 of module pipeline_ooo: 4480
@!@!@ENDMSG 2221 @!@!@
@!@!@STARTMSG 2221:0 @!@!@
  |||||line 87, col 72 to line 87, col 78 of module pipeline_ooo: 5154
@!@!@ENDMSG 2221 @!@!@
@!@!@STARTMSG 2221:0 @!@!@
  ||||line 87, col 53 to line 87, col 59 of module pipeline_ooo: 2650
@!@!@ENDMSG 2221 @!@!@
@!@!@STARTMSG 2221:0 @!@!@
  |||line 87, col 38 to line 87, col 41 of module pipeline_ooo: 1393
@!@!@ENDMSG 2221 @!@!@
@!@!@STARTMSG 2221:0 @!@!@
  line 90, col 12 to line 99, col 22 of module pipeline_ooo: 3186
@!@!@ENDMSG 2221 @!@!@
@!@!@STARTMSG 2775:0 @!@!@
  |line 90, col 24 to line 99, col 22 of module pipeline_ooo: 3187:6374
@!@!@ENDMSG 2775 @!@!@
@!@!@STARTMSG 2221:0 @!@!@
  ||line 90, col 32 to line 90, col 35 of module pipeline_ooo: 3187
@!@!@ENDMSG 2221 @!@!@
@!@!@STARTMSG 2221:0 @!@!@
  line 100, col 12 to line 100, col 103 of module pipeline_ooo: 3186
@!@!@ENDMSG 2221 @!@!@
@!@!@STARTMSG 2774:0 @!@!@
<NoTAInter line 122, col 1 to line 122, col 9 of module pipeline_ooo>
@!@!@ENDMSG 2774 @!@!@
@!@!@STARTMSG 2221:0 @!@!@
  line 122, col 14 to line 127, col 196 of module pipeline_ooo: 3391
@!@!@ENDMSG 2221 @!@!@
@!@!@STARTMSG 2221:0 @!@!@
  |line 122, col 37 to line 127, col 196 of module pipeline_ooo: 10172
@!@!@ENDMSG 2221 @!@!@
@!@!@STARTMSG 2221:0 @!@!@
  ||line 123, col 13 to line 127, col 196 of module pipeline_ooo: 20345
@!@!@ENDMSG 2221 @!@!@
@!@!@STARTMSG 2221:0 @!@!@
  |||line 123, col 16 to line 125, col 46 of module pipeline_ooo: 20345
@!@!@ENDMSG 2221 @!@!@
@!@!@STARTMSG 2221:0 @!@!@
  ||||line 123, col 16 to line 124, col 45 of module pipeline_ooo: 20345
@!@!@ENDMSG 2221 @!@!@
@!@!@STARTMSG 2221:0 @!@!@
  |||||line 123, col 19 to line 123, col 29 of module pipeline_ooo: 20345
@!@!@ENDMSG 2221 @!@!@
@!@!@STARTMSG 2221:0 @!@!@
  ||||||line 108, col 16 to line 108, col 119 of module pipeline_ooo: 20345
@!@!@ENDMSG 2221 @!@!@
@!@!@STARTMSG 2221:0 @!@!@
  |||||||line 108, col 31 to line 108, col 119 of module pipeline_ooo: 21394
@!@!@ENDMSG 2221 @!@!@
@!@!@STARTMSG 2221:0 @!@!@
  ||||||||line 108, col 63 to line 108, col 119 of module pipeline_ooo: 76360
@!@!@ENDMSG 2221 @!@!@
@!@!@STARTMSG 2221:0 @!@!@
  |||||||||line 108, col 63 to line 108, col 94 of module pipeline_ooo: 76360
@!@!@ENDMSG 2221 @!@!@
@!@!@STARTMSG 2221:0 @!@!@
  |||||||||line 108, col 99 to line 108, col 119 of module pipeline_ooo: 18322
@!@!@ENDMSG 2221 @!@!@
@!@!@STARTMSG 2221:0 @!@!@
  ||||||||line 108, col 40 to line 108, col 60 of module pipeline_ooo: 21394
@!@!@ENDMSG 2221 @!@!@
@!@!@STARTMSG 2221:0 @!@!@
  |||||||line 108, col 25 to line 108, col 28 of module pipeline_ooo: 20345
@!@!@ENDMSG 2221 @!@!@
@!@!@STARTMSG 2221:0 @!@!@
  |||||line 124, col 19 to line 124, col 45 of module pipeline_ooo: 287
@!@!@ENDMSG 2221 @!@!@
@!@!@STARTMSG 2221:0 @!@!@
  ||||line 125, col 19 to line 125, col 46 of module pipeline_ooo: 71
@!@!@ENDMSG 2221 @!@!@
@!@!@STARTMSG 2221:0 @!@!@
  |||line 126, col 18 to line 126, col 21 of module pipeline_ooo: 20344
@!@!@ENDMSG 2221 @!@!@
@!@!@STARTMSG 2221:0 @!@!@
  |||line 127, col 18 to line 127, col 196 of module pipeline_ooo: 1
@!@!@ENDMSG 2221 @!@!@
@!@!@STARTMSG 2221:0 @!@!@
  ||line 122, col 46 to line 122, col 57 of module pipeline_ooo: 10172
@!@!@ENDMSG 2221 @!@!@
@!@!@STARTMSG 2221:0 @!@!@
  |line 122, col 23 to line 122, col 34 of module pipeline_ooo: 3391
@!@!@ENDMSG 2221 @!@!@
@!@!@STARTMSG 2774:0 @!@!@
<NoTASteps line 114, col 1 to line 114, col 9 of module pipeline_ooo>
@!@!@ENDMSG 2774 @!@!@
@!@!@STARTMSG 2221:0 @!@!@
  line 114, col 14 to line 119, col 217 of module pipeline_ooo: 3390
@!@!@ENDMSG 2221 @!@!@
@!@!@STARTMSG 2221:0 @!@!@
  |line 114, col 37 to line 119, col 217 of module pipeline_ooo: 10170
@!@!@ENDMSG 2221 @!@!@
@!@!@STARTMSG 2221:0 @!@!@
  ||line 115, col 14 to line 119, col 217 of module pipeline_ooo: 20340
@!@!@ENDMSG 2221 @!@!@
@!@!@STARTMSG 2221:0 @!@!@
  |||line 115, col 17 to line 117, col 47 of module pipeline_ooo: 20340
@!@!@ENDMSG 2221 @!@!@
@!@!@STARTMSG 2221:0 @!@!@
  ||||line 115, col 17 to line 116, col 52 of module pipeline_ooo: 20340
@!@!@ENDMSG 2221 @!@!@
@!@!@STARTMSG 2221:0 @!@!@
  |||||line 115, col 20 to line 115, col 30 of module pipeline_ooo: 20340
@!@!@ENDMSG 2221 @!@!@
@!@!@STARTMSG 2221:0 @!@!@
  ||||||line 108, col 16 to line 108, col 119 of module pipeline_ooo: 20340
@!@!@ENDMSG 2221 @!@!@
@!@!@STARTMSG 2221:0 @!@!@
  |||||||line 108, col 31 to line 108, col 119 of module pipeline_ooo: 21384
@!@!@ENDMSG 2221 @!@!@
@!@!@STARTMSG 2221:0 @!@!@
  ||||||||line 108, col 63 to line 108, col 119 of module pipeline_ooo: 76320
@!@!@ENDMSG 2221 @!@!@
@!@!@STARTMSG 2221:0 @!@!@
  |||||||||line 108, col 63 to line 108, col 94 of module pipeline_ooo: 76320
@!@!@ENDMSG 2221 @!@!@
@!@!@STARTMSG 2221:0 @!@!@
  |||||||||line 108, col 99 to line 108, col 119 of module pipeline_ooo: 18312
@!@!@ENDMSG 2221 @!@!@
@!@!@STARTMSG 2221:0 @!@!@
  ||||||||line 108, col 40 to line 108, col 60 of module pipeline_ooo: 21384
@!@!@ENDMSG 2221 @!@!@
@!@!@STARTMSG 2221:0 @!@!@
  |||||||line 108, col 25 to line 108, col 28 of module pipeline_ooo: 20340
@!@!@ENDMSG 2221 @!@!@
@!@!@STARTMSG 2221:0 @!@!@
  |||||line 116, col 20 to line 116, col 52 of module pipeline_ooo: 282
@!@!@ENDMSG 2221 @!@!@
@!@!@STARTMSG 2221:0 @!@!@
  ||||||line 116, col 20 to line 116, col 34 of module pipeline_ooo: 282
@!@!@ENDMSG 2221 @!@!@
@!@!@STARTMSG 2221:0 @!@!@
  |||||||line 113, col 21 to line 113, col 82 of module pipeline_ooo: 282
@!@!@ENDMSG 2221 @!@!@
@!@!@STARTMSG 2221:0 @!@!@
  ||||||||line 113, col 24 to line 113, col 28 of module pipeline_ooo: 282
@!@!@ENDMSG 2221 @!@!@
@!@!@STARTMSG 2221:0 @!@!@
  ||||||||line 113, col 35 to line 113, col 47 of module pipeline_ooo: 141
@!@!@ENDMSG 2221 @!@!@
@!@!@STARTMSG 2221:0 @!@!@
  ||||||||line 113, col 54 to line 113, col 82 of module pipeline_ooo: 141
@!@!@ENDMSG 2221 @!@!@
@!@!@STARTMSG 2221:0 @!@!@
  |||||||line 116, col 33 to line 116, col 33 of module pipeline_ooo: 282
@!@!@ENDMSG 2221 @!@!@
@!@!@STARTMSG 2221:0 @!@!@
  ||||||line 116, col 38 to line 116, col 52 of module pipeline_ooo: 282
@!@!@ENDMSG 2221 @!@!@
@!@!@STARTMSG 2221:0 @!@!@
  |||||||line 113, col 21 to line 113, col 82 of module pipeline_ooo: 282
@!@!@ENDMSG 2221 @!@!@
@!@!@STARTMSG 2221:0 @!@!@
  ||||||||line 113, col 24 to line 113, col 28 of module pipeline_ooo: 282
@!@!@ENDMSG 2221 @!@!@
@!@!@STARTMSG 2221:0 @!@!@
  ||||||||line 113, col 35 to line 113, col 47 of module pipeline_ooo: 141
@!@!@ENDMSG 2221 @!@!@
@!@!@STARTMSG 2221:0 @!@!@
  ||||||||line 113, col 54 to line 113, col 82 of module pipeline_ooo: 141
@!@!@ENDMSG 2221 @!@!@
@!@!@STARTMSG 2221:0 @!@!@
  |||||||line 116, col 51 to line 116, col 51 of module pipeline_ooo: 282
@!@!@ENDMSG 2221 @!@!@
@!@!@STARTMSG 2221:0 @!@!@
  ||||line 117, col 20 to line 117, col 47 of module pipeline_ooo: 43
@!@!@ENDMSG 2221 @!@!@
@!@!@STARTMSG 2221:0 @!@!@
  |||line 118, col 19 to line 118, col 22 of module pipeline_ooo: 20340
@!@!@ENDMSG 2221 @!@!@
@!@!@STARTMSG 2221:0 @!@!@
  ||line 114, col 46 to line 114, col 57 of module pipeline_ooo: 10170
@!@!@ENDMSG 2221 @!@!@
@!@!@STARTMSG 2221:0 @!@!@
  |line 114, col 23 to line 114, col 34 of module pipeline_ooo: 3390
@!@!@ENDMSG 2221 @!@!@
@!@!@STARTMSG 2774:0 @!@!@
<NoTALoc line 135, col 1 to line 135, col 7 of module pipeline_ooo>
@!@!@ENDMSG 2774 @!@!@
@!@!@STARTMSG 2221:0 @!@!@
  line 135, col 21 to line 135, col 27 of module pipeline_ooo: 11
@!@!@ENDMSG 2221 @!@!@
@!@!@STARTMSG 2221:0 @!@!@
  line 136, col 12 to line 140, col 150 of module pipeline_ooo: 3390
@!@!@ENDMSG 2221 @!@!@
@!@!@STARTMSG 2221:0 @!@!@
  |line 136, col 15 to line 138, col 60 of module pipeline_ooo: 3390
@!@!@ENDMSG 2221 @!@!@
@!@!@STARTMSG 2221:0 @!@!@
  ||line 136, col 15 to line 137, col 29 of module pipeline_ooo: 3390
@!@!@ENDMSG 2221 @!@!@
@!@!@STARTMSG 2221:0 @!@!@
  |||line 136, col 18 to line 136, col 28 of module pipeline_ooo: 3390
@!@!@ENDMSG 2221 @!@!@
@!@!@STARTMSG 2221:0 @!@!@
  ||||line 108, col 16 to line 108, col 119 of module pipeline_ooo: 3390
@!@!@ENDMSG 2221 @!@!@
@!@!@STARTMSG 2221:0 @!@!@
  |||||line 108, col 31 to line 108, col 119 of module pipeline_ooo: 3564
@!@!@ENDMSG 2221 @!@!@
@!@!@STARTMSG 2221:0 @!@!@
  ||||||line 108, col 63 to line 108, col 119 of module pipeline_ooo: 12720
@!@!@ENDMSG 2221 @!@!@
@!@!@STARTMSG 2221:0 @!@!@
  |||||||line 108, col 63 to line 108, col 94 of module pipeline_ooo: 12720
@!@!@ENDMSG 2221 @!@!@
@!@!@STARTMSG 2221:0 @!@!@
  |||||||line 108, col 99 to line 108, col 119 of module pipeline_ooo: 3052
@!@!@ENDMSG 2221 @!@!@
@!@!@STARTMSG 2221:0 @!@!@
  ||||||line 108, col 40 to line 108, col 60 of module pipeline_ooo: 3564
@!@!@ENDMSG 2221 @!@!@
@!@!@STARTMSG 2221:0 @!@!@
  |||||line 108, col 25 to line 108, col 28 of module pipeline_ooo: 3390
@!@!@ENDMSG 2221 @!@!@
@!@!@STARTMSG 2221:0 @!@!@
  |||line 137, col 18 to line 137, col 29 of module pipeline_ooo: 47
@!@!@ENDMSG 2221 @!@!@
@!@!@STARTMSG 2221:0 @!@!@
  ||line 138, col 18 to line 138, col 60 of module pipeline_ooo: 11
@!@!@ENDMSG 2221 @!@!@
@!@!@STARTMSG 2221:0 @!@!@
  |line 139, col 17 to line 139, col 20 of module pipeline_ooo: 3390
@!@!@ENDMSG 2221 @!@!@
@!@!@STARTMSG 2774:0 @!@!@
<NoTAComp line 146, col 1 to line 146, col 8 of module pipeline_ooo>
@!@!@ENDMSG 2774 @!@!@
@!@!@STARTMSG 2221:0 @!@!@
  line 146, col 22 to line 146, col 28 of module pipeline_ooo: 11
@!@!@ENDMSG 2221 @!@!@
@!@!@STARTMSG 2221:0 @!@!@
  line 149, col 13 to line 153, col 177 of module pipeline_ooo: 3390
@!@!@ENDMSG 2221 @!@!@
@!@!@STARTMSG 2221:0 @!@!@
  |line 149, col 16 to line 151, col 46 of module pipeline_ooo: 3390
@!@!@ENDMSG 2221 @!@!@
@!@!@STARTMSG 2221:0 @!@!@
  ||line 149, col 16 to line 150, col 37 of module pipeline_ooo: 3390
@!@!@ENDMSG 2221 @!@!@
@!@!@STARTMSG 2221:0 @!@!@
  |||line 149, col 19 to line 149, col 29 of module pipeline_ooo: 3390
@!@!@ENDMSG 2221 @!@!@
@!@!@STARTMSG 2221:0 @!@!@
  ||||line 108, col 16 to line 108, col 119 of module pipeline_ooo: 3390
@!@!@ENDMSG 2221 @!@!@
@!@!@STARTMSG 2221:0 @!@!@
  |||||line 108, col 31 to line 108, col 119 of module pipeline_ooo: 3564
@!@!@ENDMSG 2221 @!@!@
@!@!@STARTMSG 2221:0 @!@!@
  ||||||line 108, col 63 to line 108, col 119 of module pipeline_ooo: 12720
@!@!@ENDMSG 2221 @!@!@
@!@!@STARTMSG 2221:0 @!@!@
  |||||||line 108, col 63 to line 108, col 94 of module pipeline_ooo: 12720
@!@!@ENDMSG 2221 @!@!@
@!@!@STARTMSG 2221:0 @!@!@
  |||||||line 108, col 99 to line 108, col 119 of module pipeline_ooo: 3052
@!@!@ENDMSG 2221 @!@!@
@!@!@STARTMSG 2221:0 @!@!@
  ||||||line 108, col 40 to line 108, col 60 of module pipeline_ooo: 3564
@!@!@ENDMSG 2221 @!@!@
@!@!@STARTMSG 2221:0 @!@!@
  |||||line 108, col 25 to line 108, col 28 of module pipeline_ooo: 3390
@!@!@ENDMSG 2221 @!@!@
@!@!@STARTMSG 2221:0 @!@!@
  |||line 150, col 19 to line 150, col 37 of module pipeline_ooo: 47
@!@!@ENDMSG 2221 @!@!@
@!@!@STARTMSG 2221:0 @!@!@
  ||||line 150, col 19 to line 150, col 26 of module pipeline_ooo: 47
@!@!@ENDMSG 2221 @!@!@
@!@!@STARTMSG 2221:0 @!@!@
  |||||line 148, col 30 to line 148, col 89 of module pipeline_ooo: 47
@!@!@ENDMSG 2221 @!@!@
@!@!@STARTMSG 2221:0 @!@!@
  ||||||line 28, col 14 to line 28, col 44 of module pipeline_ooo: 47
@!@!@ENDMSG 2221 @!@!@
@!@!@STARTMSG 2221:0 @!@!@
  |||||||line 23, col 34 to line 26, col 81 of module pipeline_ooo: 141
@!@!@ENDMSG 2221 @!@!@
@!@!@STARTMSG 2221:0 @!@!@
  ||||||||line 23, col 37 to line 23, col 42 of module pipeline_ooo: 141
@!@!@ENDMSG 2221 @!@!@
@!@!@STARTMSG 2221:0 @!@!@
  ||||||||line 24, col 39 to line 24, col 47 of module pipeline_ooo: 47
@!@!@ENDMSG 2221 @!@!@
@!@!@STARTMSG 2221:0 @!@!@
  ||||||||line 25, col 48 to line 25, col 67 of module pipeline_ooo: 94
@!@!@ENDMSG 2221 @!@!@
@!@!@STARTMSG 2221:0 @!@!@
  ||||||||line 26, col 34 to line 26, col 81 of module pipeline_ooo: 94
@!@!@ENDMSG 2221 @!@!@
@!@!@STARTMSG 2221:0 @!@!@
  |||||||||line 26, col 48 to line 26, col 54 of module pipeline_ooo: 94
@!@!@ENDMSG 2221 @!@!@
@!@!@STARTMSG 2221:0 @!@!@
  |||||||||line 26, col 57 to line 26, col 80 of module pipeline_ooo: 94
@!@!@ENDMSG 2221 @!@!@
@!@!@STARTMSG 2221:0 @!@!@
  ||||||||||line 26, col 67 to line 26, col 78 of module pipeline_ooo: 564
@!@!@ENDMSG 2221 @!@!@
@!@!@STARTMSG 2221:0 @!@!@
  |||||||||||line 26, col 70 to line 26, col 70 of module pipeline_ooo: 94
@!@!@ENDMSG 2221 @!@!@
@!@!@STARTMSG 2221:0 @!@!@
  |||||||||||line 26, col 73 to line 26, col 77 of module pipeline_ooo: 94
@!@!@ENDMSG 2221 @!@!@
@!@!@STARTMSG 2221:0 @!@!@
  |||||||line 28, col 28 to line 28, col 28 of module pipeline_ooo: 47
@!@!@ENDMSG 2221 @!@!@
@!@!@STARTMSG 2221:0 @!@!@
  |||||||line 28, col 31 to line 28, col 43 of module pipeline_ooo: 47
@!@!@ENDMSG 2221 @!@!@
@!@!@STARTMSG 2775:0 @!@!@
  ||||||line 148, col 34 to line 148, col 88 of module pipeline_ooo: 47:94
@!@!@ENDMSG 2775 @!@!@
@!@!@STARTMSG 2221:0 @!@!@
  |||||||line 148, col 36 to line 148, col 72 of module pipeline_ooo: 94
@!@!@ENDMSG 2221 @!@!@
@!@!@STARTMSG 2221:0 @!@!@
  |||||||line 148, col 82 to line 148, col 86 of module pipeline_ooo: 47
@!@!@ENDMSG 2221 @!@!@
@!@!@STARTMSG 2775:0 @!@!@
  ||||||||line 36, col 1 to line 36, col 5 of module MC: 47:141
@!@!@ENDMSG 2775 @!@!@
@!@!@STARTMSG 2221:0 @!@!@
  ||||line 150, col 30 to line 150, col 37 of module pipeline_ooo: 47
@!@!@ENDMSG 2221 @!@!@
@!@!@STARTMSG 2221:0 @!@!@
  |||||line 148, col 30 to line 148, col 89 of module pipeline_ooo: 47
@!@!@ENDMSG 2221 @!@!@
@!@!@STARTMSG 2221:0 @!@!@
  ||||||line 28, col 14 to line 28, col 44 of module pipeline_ooo: 47
@!@!@ENDMSG 2221 @!@!@
@!@!@STARTMSG 2221:0 @!@!@
  |||||||line 23, col 34 to line 26, col 81 of module pipeline_ooo: 141
@!@!@ENDMSG 2221 @!@!@
@!@!@STARTMSG 2221:0 @!@!@
  ||||||||line 23, col 37 to line 23, col 42 of module pipeline_ooo: 141
@!@!@ENDMSG 2221 @!@!@
@!@!@STARTMSG 2221:0 @!@!@
  ||||||||line 24, col 39 to line 24, col 47 of module pipeline_ooo: 47
@!@!@ENDMSG 2221 @!@!@
@!@!@STARTMSG 2221:0 @!@!@
  ||||||||line 25, col 48 to line 25, col 67 of module pipeline_ooo: 94
@!@!@ENDMSG 2221 @!@!@
@!@!@STARTMSG 2221:0 @!@!@
  ||||||||line 26, col 34 to line 26, col 81 of module pipeline_ooo: 94
@!@!@ENDMSG 2221 @!@!@
@!@!@STARTMSG 2221:0 @!@!@
  |||||||||line 26, col 48 to line 26, col 54 of module pipeline_ooo: 94
@!@!@ENDMSG 2221 @!@!@
@!@!@STARTMSG 2221:0 @!@!@
  |||||||||line 26, col 57 to line 26, col 80 of module pipeline_ooo: 94
@!@!@ENDMSG 2221 @!@!@
@!@!@STARTMSG 2221:0 @!@!@
  ||||||||||line 26, col 67 to line 26, col 78 of module pipeline_ooo: 564
@!@!@ENDMSG 2221 @!@!@
@!@!@STARTMSG 2221:0 @!@!@
  |||||||||||line 26, col 70 to line 26, col 70 of module pipeline_ooo: 94
@!@!@ENDMSG 2221 @!@!@
@!@!@STARTMSG 2221:0 @!@!@
  |||||||||||line 26, col 73 to line 26, col 77 of module pipeline_ooo: 94
@!@!@ENDMSG 2221 @!@!@
@!@!@STARTMSG 2221:0 @!@!@
  |||||||line 28, col 28 to line 28, col 28 of module pipeline_ooo: 47
@!@!@ENDMSG 2221 @!@!@
@!@!@STARTMSG 2221:0 @!@!@
  |||||||line 28, col 31 to line 28, col 43 of module pipeline_ooo: 47
@!@!@ENDMSG 2221 @!@!@
@!@!@STARTMSG 2775:0 @!@!@
  ||||||line 148, col 34 to line 148, col 88 of module pipeline_ooo: 47:94
@!@!@ENDMSG 2775 @!@!@
@!@!@STARTMSG 2221:0 @!@!@
  |||||||line 148, col 36 to line 148, col 72 of module pipeline_ooo: 94
@!@!@ENDMSG 2221 @!@!@
@!@!@STARTMSG 2221:0 @!@!@
  |||||||line 148, col 82 to line 148, col 86 of module pipeline_ooo: 47
@!@!@ENDMSG 2221 @!@!@
@!@!@STARTMSG 2775:0 @!@!@
  ||||||||line 36, col 1 to line 36, col 5 of module MC: 47:141
@!@!@ENDMSG 2775 @!@!@
@!@!@STARTMSG 2221:0 @!@!@
  ||line 151, col 19 to line 151, col 46 of module pipeline_ooo: 11
@!@!@ENDMSG 2221 @!@!@
@!@!@STARTMSG 2221:0 @!@!@
  |line 152, col 18 to line 152, col 21 of module pipeline_ooo: 3390
@!@!@ENDMSG 2221 @!@!@
@!@!@STARTMSG 2202:0 @!@!@
End of statistics.
@!@!@ENDMSG 2202 @!@!@
@!@!@STARTMSG 2200:0 @!@!@
Progress(14) at 2025-03-04 12:07:23: 3,417 states generated (33,223 s/min), 3,391 distinct states found (32,970 ds/min), 229 states left on queue.
@!@!@ENDMSG 2200 @!@!@
@!@!@STARTMSG 2199:0 @!@!@
3417 states generated, 3391 distinct states found, 229 states left on queue.
@!@!@ENDMSG 2199 @!@!@
@!@!@STARTMSG 2194:0 @!@!@
The depth of the complete state graph search is 14.
@!@!@ENDMSG 2194 @!@!@
@!@!@STARTMSG 2186:0 @!@!@
Finished in 6172ms at (2025-03-04 12:07:23)
@!@!@ENDMSG 2186 @!@!@
