@!@!@STARTMSG 2262:0 @!@!@
TLC2 Version 2.16 of 31 December 2020 (rev: cdddf55)
@!@!@ENDMSG 2262 @!@!@
@!@!@STARTMSG 2187:0 @!@!@
Running breadth-first search Model-Checking with fp 49 and seed 7459145109394811238 with 2 workers on 4 cores with 1161MB heap and 2609MB offheap memory [pid: 4876] (Linux 5.4.0-62-generic amd64, AdoptOpenJDK 14.0.1 x86_64, OffHeapDiskFPSet, DiskStateQueue).
@!@!@ENDMSG 2187 @!@!@
@!@!@STARTMSG 2220:0 @!@!@
Starting SANY...
@!@!@ENDMSG 2220 @!@!@
Parsing file /home/benjaminbinder/Documents/timing-anomalies/tla/pipeline_ooo.toolbox/background/MC.tla
Parsing file /home/benjaminbinder/Documents/timing-anomalies/tla/pipeline_ooo.toolbox/background/pipeline_ooo.tla
Parsing file /usr/tla_toolbox/plugins/org.lamport.tlatools_1.0.0.202012311918/tla2sany/StandardModules/TLC.tla
Parsing file /usr/tla_toolbox/plugins/org.lamport.tlatools_1.0.0.202012311918/tla2sany/StandardModules/Sequences.tla
Parsing file /home/benjaminbinder/Documents/timing-anomalies/tla/pipeline_ooo.toolbox/background/instructions_ooo.tla
Parsing file /usr/tla_toolbox/plugins/org.lamport.tlatools_1.0.0.202012311918/tla2sany/StandardModules/Integers.tla
Parsing file /usr/tla_toolbox/plugins/org.lamport.tlatools_1.0.0.202012311918/tla2sany/StandardModules/FiniteSets.tla
Parsing file /usr/tla_toolbox/plugins/org.lamport.tlatools_1.0.0.202012311918/tla2sany/StandardModules/Naturals.tla
Parsing file /home/benjaminbinder/Documents/timing-anomalies/tla/pipeline_ooo.toolbox/background/pipeline_exec_ooo.tla
Semantic processing of module Naturals
Semantic processing of module Sequences
Semantic processing of module Integers
Semantic processing of module instructions_ooo
Semantic processing of module FiniteSets
Semantic processing of module TLC
Semantic processing of module pipeline_exec_ooo
Semantic processing of module pipeline_ooo
Semantic processing of module MC
@!@!@STARTMSG 2219:0 @!@!@
SANY finished.
@!@!@ENDMSG 2219 @!@!@
@!@!@STARTMSG 2185:0 @!@!@
Starting... (2021-04-20 21:46:07)
@!@!@ENDMSG 2185 @!@!@
@!@!@STARTMSG 2189:0 @!@!@
Computing initial states...
@!@!@ENDMSG 2189 @!@!@
@!@!@STARTMSG 2776:0 @!@!@
CostModel lookup failed for expression <line 32, col 12 to line 32, col 56 of module pipeline_ooo>. Reporting costs into <line 39, col 38 to line 39, col 43 of module pipeline_ooo> instead (Safety and Liveness checking is unaffected. Please report a bug.)
@!@!@ENDMSG 2776 @!@!@
@!@!@STARTMSG 2776:0 @!@!@
CostModel lookup failed for expression <line 32, col 15 to line 32, col 19 of module pipeline_ooo>. Reporting costs into <line 39, col 38 to line 39, col 43 of module pipeline_ooo> instead (Safety and Liveness checking is unaffected. Please report a bug.)
@!@!@ENDMSG 2776 @!@!@
@!@!@STARTMSG 2776:0 @!@!@
CostModel lookup failed for expression <line 6, col 1 to line 6, col 5 of module MC>. Reporting costs into <line 39, col 38 to line 39, col 43 of module pipeline_ooo> instead (Safety and Liveness checking is unaffected. Please report a bug.)
@!@!@ENDMSG 2776 @!@!@
@!@!@STARTMSG 2776:0 @!@!@
CostModel lookup failed for expression <line 32, col 48 to line 32, col 56 of module pipeline_ooo>. Reporting costs into <line 39, col 38 to line 39, col 43 of module pipeline_ooo> instead (Safety and Liveness checking is unaffected. Please report a bug.)
@!@!@ENDMSG 2776 @!@!@
@!@!@STARTMSG 2776:0 @!@!@
CostModel lookup failed for expression <line 32, col 50 to line 32, col 54 of module pipeline_ooo>. Reporting costs into <line 39, col 38 to line 39, col 43 of module pipeline_ooo> instead (Safety and Liveness checking is unaffected. Please report a bug.)
@!@!@ENDMSG 2776 @!@!@
@!@!@STARTMSG 2776:0 @!@!@
CostModel lookup failed for expression <line 32, col 12 to line 32, col 56 of module pipeline_ooo>. Reporting costs into <line 39, col 72 to line 39, col 77 of module pipeline_ooo> instead (Safety and Liveness checking is unaffected. Please report a bug.)
@!@!@ENDMSG 2776 @!@!@
@!@!@STARTMSG 2776:0 @!@!@
CostModel lookup failed for expression <line 32, col 15 to line 32, col 19 of module pipeline_ooo>. Reporting costs into <line 39, col 72 to line 39, col 77 of module pipeline_ooo> instead (Safety and Liveness checking is unaffected. Please report a bug.)
@!@!@ENDMSG 2776 @!@!@
@!@!@STARTMSG 2776:0 @!@!@
CostModel lookup failed for expression <line 6, col 1 to line 6, col 5 of module MC>. Reporting costs into <line 39, col 72 to line 39, col 77 of module pipeline_ooo> instead (Safety and Liveness checking is unaffected. Please report a bug.)
@!@!@ENDMSG 2776 @!@!@
@!@!@STARTMSG 2776:0 @!@!@
CostModel lookup failed for expression <line 32, col 48 to line 32, col 56 of module pipeline_ooo>. Reporting costs into <line 39, col 72 to line 39, col 77 of module pipeline_ooo> instead (Safety and Liveness checking is unaffected. Please report a bug.)
@!@!@ENDMSG 2776 @!@!@
@!@!@STARTMSG 2776:0 @!@!@
CostModel lookup failed for expression <line 32, col 50 to line 32, col 54 of module pipeline_ooo>. Reporting costs into <line 39, col 72 to line 39, col 77 of module pipeline_ooo> instead (Safety and Liveness checking is unaffected. Please report a bug.)
@!@!@ENDMSG 2776 @!@!@
@!@!@STARTMSG 2776:0 @!@!@
CostModel lookup failed for expression <line 33, col 13 to line 33, col 29 of module pipeline_ooo>. Reporting costs into <line 39, col 38 to line 39, col 43 of module pipeline_ooo> instead (Safety and Liveness checking is unaffected. Please report a bug.)
@!@!@ENDMSG 2776 @!@!@
@!@!@STARTMSG 2776:0 @!@!@
CostModel lookup failed for expression <line 33, col 13 to line 33, col 24 of module pipeline_ooo>. Reporting costs into <line 39, col 38 to line 39, col 43 of module pipeline_ooo> instead (Safety and Liveness checking is unaffected. Please report a bug.)
@!@!@ENDMSG 2776 @!@!@
@!@!@STARTMSG 2776:0 @!@!@
CostModel lookup failed for expression <line 33, col 13 to line 33, col 21 of module pipeline_ooo>. Reporting costs into <line 39, col 38 to line 39, col 43 of module pipeline_ooo> instead (Safety and Liveness checking is unaffected. Please report a bug.)
@!@!@ENDMSG 2776 @!@!@
@!@!@STARTMSG 2776:0 @!@!@
CostModel lookup failed for expression <line 33, col 13 to line 33, col 16 of module pipeline_ooo>. Reporting costs into <line 39, col 38 to line 39, col 43 of module pipeline_ooo> instead (Safety and Liveness checking is unaffected. Please report a bug.)
@!@!@ENDMSG 2776 @!@!@
@!@!@STARTMSG 2776:0 @!@!@
CostModel lookup failed for expression <line 33, col 23 to line 33, col 23 of module pipeline_ooo>. Reporting costs into <line 39, col 38 to line 39, col 43 of module pipeline_ooo> instead (Safety and Liveness checking is unaffected. Please report a bug.)
@!@!@ENDMSG 2776 @!@!@
@!@!@STARTMSG 2776:0 @!@!@
CostModel lookup failed for expression <line 33, col 13 to line 33, col 29 of module pipeline_ooo>. Reporting costs into <line 39, col 72 to line 39, col 77 of module pipeline_ooo> instead (Safety and Liveness checking is unaffected. Please report a bug.)
@!@!@ENDMSG 2776 @!@!@
@!@!@STARTMSG 2776:0 @!@!@
CostModel lookup failed for expression <line 33, col 13 to line 33, col 24 of module pipeline_ooo>. Reporting costs into <line 39, col 72 to line 39, col 77 of module pipeline_ooo> instead (Safety and Liveness checking is unaffected. Please report a bug.)
@!@!@ENDMSG 2776 @!@!@
@!@!@STARTMSG 2776:0 @!@!@
CostModel lookup failed for expression <line 33, col 13 to line 33, col 21 of module pipeline_ooo>. Reporting costs into <line 39, col 72 to line 39, col 77 of module pipeline_ooo> instead (Safety and Liveness checking is unaffected. Please report a bug.)
@!@!@ENDMSG 2776 @!@!@
@!@!@STARTMSG 2776:0 @!@!@
CostModel lookup failed for expression <line 33, col 13 to line 33, col 16 of module pipeline_ooo>. Reporting costs into <line 39, col 72 to line 39, col 77 of module pipeline_ooo> instead (Safety and Liveness checking is unaffected. Please report a bug.)
@!@!@ENDMSG 2776 @!@!@
@!@!@STARTMSG 2776:0 @!@!@
CostModel lookup failed for expression <line 33, col 23 to line 33, col 23 of module pipeline_ooo>. Reporting costs into <line 39, col 72 to line 39, col 77 of module pipeline_ooo> instead (Safety and Liveness checking is unaffected. Please report a bug.)
@!@!@ENDMSG 2776 @!@!@
@!@!@STARTMSG 2776:0 @!@!@
CostModel lookup failed for expression <line 34, col 16 to line 34, col 31 of module pipeline_ooo>. Reporting costs into <line 39, col 38 to line 39, col 43 of module pipeline_ooo> instead (Safety and Liveness checking is unaffected. Please report a bug.)
@!@!@ENDMSG 2776 @!@!@
@!@!@STARTMSG 2776:0 @!@!@
CostModel lookup failed for expression <line 34, col 16 to line 34, col 27 of module pipeline_ooo>. Reporting costs into <line 39, col 38 to line 39, col 43 of module pipeline_ooo> instead (Safety and Liveness checking is unaffected. Please report a bug.)
@!@!@ENDMSG 2776 @!@!@
@!@!@STARTMSG 2776:0 @!@!@
CostModel lookup failed for expression <line 34, col 16 to line 34, col 24 of module pipeline_ooo>. Reporting costs into <line 39, col 38 to line 39, col 43 of module pipeline_ooo> instead (Safety and Liveness checking is unaffected. Please report a bug.)
@!@!@ENDMSG 2776 @!@!@
@!@!@STARTMSG 2776:0 @!@!@
CostModel lookup failed for expression <line 34, col 16 to line 34, col 19 of module pipeline_ooo>. Reporting costs into <line 39, col 38 to line 39, col 43 of module pipeline_ooo> instead (Safety and Liveness checking is unaffected. Please report a bug.)
@!@!@ENDMSG 2776 @!@!@
@!@!@STARTMSG 2776:0 @!@!@
CostModel lookup failed for expression <line 34, col 26 to line 34, col 26 of module pipeline_ooo>. Reporting costs into <line 39, col 38 to line 39, col 43 of module pipeline_ooo> instead (Safety and Liveness checking is unaffected. Please report a bug.)
@!@!@ENDMSG 2776 @!@!@
@!@!@STARTMSG 2776:0 @!@!@
CostModel lookup failed for expression <line 34, col 16 to line 34, col 31 of module pipeline_ooo>. Reporting costs into <line 39, col 72 to line 39, col 77 of module pipeline_ooo> instead (Safety and Liveness checking is unaffected. Please report a bug.)
@!@!@ENDMSG 2776 @!@!@
@!@!@STARTMSG 2776:0 @!@!@
CostModel lookup failed for expression <line 34, col 16 to line 34, col 27 of module pipeline_ooo>. Reporting costs into <line 39, col 72 to line 39, col 77 of module pipeline_ooo> instead (Safety and Liveness checking is unaffected. Please report a bug.)
@!@!@ENDMSG 2776 @!@!@
@!@!@STARTMSG 2776:0 @!@!@
CostModel lookup failed for expression <line 34, col 16 to line 34, col 24 of module pipeline_ooo>. Reporting costs into <line 39, col 72 to line 39, col 77 of module pipeline_ooo> instead (Safety and Liveness checking is unaffected. Please report a bug.)
@!@!@ENDMSG 2776 @!@!@
@!@!@STARTMSG 2776:0 @!@!@
CostModel lookup failed for expression <line 34, col 16 to line 34, col 19 of module pipeline_ooo>. Reporting costs into <line 39, col 72 to line 39, col 77 of module pipeline_ooo> instead (Safety and Liveness checking is unaffected. Please report a bug.)
@!@!@ENDMSG 2776 @!@!@
@!@!@STARTMSG 2776:0 @!@!@
CostModel lookup failed for expression <line 34, col 26 to line 34, col 26 of module pipeline_ooo>. Reporting costs into <line 39, col 72 to line 39, col 77 of module pipeline_ooo> instead (Safety and Liveness checking is unaffected. Please report a bug.)
@!@!@ENDMSG 2776 @!@!@
@!@!@STARTMSG 2269:0 @!@!@
Computed 2 initial states...
@!@!@ENDMSG 2269 @!@!@
@!@!@STARTMSG 2190:0 @!@!@
Finished computing initial states: 4 distinct states generated at 2021-04-20 21:46:08.
@!@!@ENDMSG 2190 @!@!@
<<"FU", 3>>
<<"FU", 3>>
<<1, 4, 2, -2>>
@!@!@STARTMSG 2110:1 @!@!@
Invariant NoTAInter is violated.
@!@!@ENDMSG 2110 @!@!@
<<"FU", 3>>
@!@!@STARTMSG 2121:1 @!@!@
The behavior up to this point is:
@!@!@ENDMSG 2121 @!@!@
@!@!@STARTMSG 2217:4 @!@!@
1: <Initial predicate>
/\ FULat2 = <<3, 3, 3, 3>>
/\ iMiss2 = <<FALSE, FALSE, FALSE, FALSE>>
/\ _RS2 = <<{}, {}>>
/\ locWorst = <<FALSE, FALSE>>
/\ _COM2 = <<[PC |-> [pc |-> 0, type |-> "empty"]], [PC |-> [pc |-> 0, type |-> "empty"]]>>
/\ _ID = <<[PC |-> [pc |-> 0, type |-> "empty"]], [PC |-> [pc |-> 0, type |-> "empty"]]>>
/\ _IF = << [PC |-> [pc |-> 0, type |-> "empty"], currLat |-> 1, baseLat |-> 1],
   [PC |-> [pc |-> 0, type |-> "empty"], currLat |-> 1, baseLat |-> 1] >>
/\ FUTmpLat = <<<<<<1, 3>>, 3>>, 3>>
/\ _FU2 = << [ PC |-> [pc |-> 0, type |-> "empty"],
     currLat |-> 1,
     usage |-> 0,
     baseLat |-> 1 ],
   [ PC |-> [pc |-> 0, type |-> "empty"],
     currLat |-> 1,
     usage |-> 0,
     baseLat |-> 1 ] >>
/\ FUTmp = <<<<<<1, 2>>, 2>>, 1>>
/\ _COM = <<[PC |-> [pc |-> 0, type |-> "empty"]], [PC |-> [pc |-> 0, type |-> "empty"]]>>
/\ _ID2 = <<[PC |-> [pc |-> 0, type |-> "empty"]], [PC |-> [pc |-> 0, type |-> "empty"]]>>
/\ graph = [ nodes |->
      << [FU2 |-> 0, IF1 |-> 0, IF2 |-> 0, FU1 |-> 0, COM |-> 0],
         [FU2 |-> 0, IF1 |-> 0, IF2 |-> 0, FU1 |-> 0, COM |-> 0],
         [FU2 |-> 0, IF1 |-> 0, IF2 |-> 0, FU1 |-> 0, COM |-> 0],
         [FU2 |-> 0, IF1 |-> 0, IF2 |-> 0, FU1 |-> 0, COM |-> 0] >>,
  edges |->
      { [type |-> "D", source |-> 1, dest |-> 2],
        [type |-> "D", source |-> 3, dest |-> 4] } ]
/\ currCycle2 = 0
/\ FU2 = <<1, 2, 2, 1>>
/\ _IF2 = << [PC |-> [pc |-> 0, type |-> "empty"], currLat |-> 1, baseLat |-> 1],
   [PC |-> [pc |-> 0, type |-> "empty"], currLat |-> 1, baseLat |-> 1] >>
/\ iMissTmp2 = <<<<<<FALSE, FALSE>>, FALSE>>, FALSE>>
/\ iMiss = <<FALSE, FALSE, FALSE, FALSE>>
/\ graph2 = [ nodes |->
      << [FU2 |-> 0, IF1 |-> 0, IF2 |-> 0, FU1 |-> 0, COM |-> 0],
         [FU2 |-> 0, IF1 |-> 0, IF2 |-> 0, FU1 |-> 0, COM |-> 0],
         [FU2 |-> 0, IF1 |-> 0, IF2 |-> 0, FU1 |-> 0, COM |-> 0],
         [FU2 |-> 0, IF1 |-> 0, IF2 |-> 0, FU1 |-> 0, COM |-> 0] >>,
  edges |->
      { [type |-> "D", source |-> 1, dest |-> 2],
        [type |-> "D", source |-> 3, dest |-> 4] } ]
/\ _RS = <<{}, {}>>
/\ commonPre = TRUE
/\ currCycle = 0
/\ iMissTmp = <<<<<<FALSE, FALSE>>, FALSE>>, FALSE>>
/\ FULat = <<1, 3, 3, 3>>
/\ FUTmp2 = <<<<<<1, 2>>, 2>>, 1>>
/\ prog = [ rest |->
      << [pc |-> 1, type |-> {1}, lat |-> {1, 3}, dep |-> {}],
         [pc |-> 2, type |-> {2}, lat |-> {3}, dep |-> {1}],
         [pc |-> 3, type |-> {2}, lat |-> {3}, dep |-> {}],
         [pc |-> 4, type |-> {1}, lat |-> {3}, dep |-> {3}] >>,
  exec |-> <<>> ]
/\ depProg = <<>>
/\ FUTmpLat2 = <<<<<<3, 3>>, 3>>, 3>>
/\ depProgTmp = <<>>
/\ prog2 = [ rest |->
      << [pc |-> 1, type |-> {1}, lat |-> {1, 3}, dep |-> {}],
         [pc |-> 2, type |-> {2}, lat |-> {3}, dep |-> {1}],
         [pc |-> 3, type |-> {2}, lat |-> {3}, dep |-> {}],
         [pc |-> 4, type |-> {1}, lat |-> {3}, dep |-> {3}] >>,
  exec |-> <<>> ]
/\ FU = <<1, 2, 2, 1>>
/\ _FU = << [ PC |-> [pc |-> 0, type |-> "empty"],
     currLat |-> 1,
     usage |-> 0,
     baseLat |-> 1 ],
   [ PC |-> [pc |-> 0, type |-> "empty"],
     currLat |-> 1,
     usage |-> 0,
     baseLat |-> 1 ] >>

@!@!@ENDMSG 2217 @!@!@
@!@!@STARTMSG 2217:4 @!@!@
2: <Next line 83, col 9 to line 109, col 103 of module pipeline_ooo>
/\ FULat2 = <<3, 3, 3, 3>>
/\ iMiss2 = <<FALSE, FALSE, FALSE, FALSE>>
/\ _RS2 = <<{}, {}>>
/\ locWorst = <<TRUE, TRUE>>
/\ _COM2 = <<[PC |-> [pc |-> 0, type |-> "empty"]], [PC |-> [pc |-> 0, type |-> "empty"]]>>
/\ _ID = <<[PC |-> [pc |-> 0, type |-> "empty"]], [PC |-> [pc |-> 0, type |-> "empty"]]>>
/\ _IF = << [ PC |-> [pc |-> 1, type |-> {1}, lat |-> {1, 3}, dep |-> {}],
     currLat |-> 1,
     baseLat |-> 1 ],
   [ PC |-> [pc |-> 2, type |-> {2}, lat |-> {3}, dep |-> {1}],
     currLat |-> 1,
     baseLat |-> 1 ] >>
/\ FUTmpLat = <<<<<<1, 3>>, 3>>, 3>>
/\ _FU2 = << [ PC |-> [pc |-> 0, type |-> "empty"],
     currLat |-> 1,
     usage |-> 0,
     baseLat |-> 1 ],
   [ PC |-> [pc |-> 0, type |-> "empty"],
     currLat |-> 1,
     usage |-> 0,
     baseLat |-> 1 ] >>
/\ FUTmp = <<<<<<1, 2>>, 2>>, 1>>
/\ _COM = <<[PC |-> [pc |-> 0, type |-> "empty"]], [PC |-> [pc |-> 0, type |-> "empty"]]>>
/\ _ID2 = <<[PC |-> [pc |-> 0, type |-> "empty"]], [PC |-> [pc |-> 0, type |-> "empty"]]>>
/\ graph = [ nodes |->
      << [FU2 |-> 0, IF1 |-> 0, IF2 |-> 0, FU1 |-> 0, COM |-> 0],
         [FU2 |-> 0, IF1 |-> 0, IF2 |-> 0, FU1 |-> 0, COM |-> 0],
         [FU2 |-> 0, IF1 |-> 0, IF2 |-> 0, FU1 |-> 0, COM |-> 0],
         [FU2 |-> 0, IF1 |-> 0, IF2 |-> 0, FU1 |-> 0, COM |-> 0] >>,
  edges |->
      { [type |-> "D", source |-> 1, dest |-> 2],
        [type |-> "D", source |-> 3, dest |-> 4] } ]
/\ currCycle2 = 1
/\ FU2 = <<1, 2, 2, 1>>
/\ _IF2 = << [ PC |-> [pc |-> 1, type |-> {1}, lat |-> {1, 3}, dep |-> {}],
     currLat |-> 1,
     baseLat |-> 1 ],
   [ PC |-> [pc |-> 2, type |-> {2}, lat |-> {3}, dep |-> {1}],
     currLat |-> 1,
     baseLat |-> 1 ] >>
/\ iMissTmp2 = <<<<<<FALSE, FALSE>>, FALSE>>, FALSE>>
/\ iMiss = <<FALSE, FALSE, FALSE, FALSE>>
/\ graph2 = [ nodes |->
      << [FU2 |-> 0, IF1 |-> 0, IF2 |-> 0, FU1 |-> 0, COM |-> 0],
         [FU2 |-> 0, IF1 |-> 0, IF2 |-> 0, FU1 |-> 0, COM |-> 0],
         [FU2 |-> 0, IF1 |-> 0, IF2 |-> 0, FU1 |-> 0, COM |-> 0],
         [FU2 |-> 0, IF1 |-> 0, IF2 |-> 0, FU1 |-> 0, COM |-> 0] >>,
  edges |->
      { [type |-> "D", source |-> 1, dest |-> 2],
        [type |-> "D", source |-> 3, dest |-> 4] } ]
/\ _RS = <<{}, {}>>
/\ commonPre = TRUE
/\ currCycle = 1
/\ iMissTmp = <<<<<<FALSE, FALSE>>, FALSE>>, FALSE>>
/\ FULat = <<1, 3, 3, 3>>
/\ FUTmp2 = <<<<<<1, 2>>, 2>>, 1>>
/\ prog = [ rest |->
      << [pc |-> 3, type |-> {2}, lat |-> {3}, dep |-> {}],
         [pc |-> 4, type |-> {1}, lat |-> {3}, dep |-> {3}] >>,
  exec |->
      << [ PC |-> [pc |-> 1, type |-> {1}, lat |-> {1, 3}, dep |-> {}],
           done |-> FALSE,
           comTime |-> 0,
           executed |-> FALSE,
           exStartTime |-> 0 ],
         [ PC |-> [pc |-> 2, type |-> {2}, lat |-> {3}, dep |-> {1}],
           done |-> FALSE,
           comTime |-> 0,
           executed |-> FALSE,
           exStartTime |-> 0 ] >> ]
/\ depProg = <<>>
/\ FUTmpLat2 = <<<<<<3, 3>>, 3>>, 3>>
/\ depProgTmp = <<>>
/\ prog2 = [ rest |->
      << [pc |-> 3, type |-> {2}, lat |-> {3}, dep |-> {}],
         [pc |-> 4, type |-> {1}, lat |-> {3}, dep |-> {3}] >>,
  exec |->
      << [ PC |-> [pc |-> 1, type |-> {1}, lat |-> {1, 3}, dep |-> {}],
           done |-> FALSE,
           comTime |-> 0,
           executed |-> FALSE,
           exStartTime |-> 0 ],
         [ PC |-> [pc |-> 2, type |-> {2}, lat |-> {3}, dep |-> {1}],
           done |-> FALSE,
           comTime |-> 0,
           executed |-> FALSE,
           exStartTime |-> 0 ] >> ]
/\ FU = <<1, 2, 2, 1>>
/\ _FU = << [ PC |-> [pc |-> 0, type |-> "empty"],
     currLat |-> 1,
     usage |-> 0,
     baseLat |-> 1 ],
   [ PC |-> [pc |-> 0, type |-> "empty"],
     currLat |-> 1,
     usage |-> 0,
     baseLat |-> 1 ] >>

@!@!@ENDMSG 2217 @!@!@
@!@!@STARTMSG 2217:4 @!@!@
3: <Next line 83, col 9 to line 109, col 103 of module pipeline_ooo>
/\ FULat2 = <<3, 3, 3, 3>>
/\ iMiss2 = <<FALSE, FALSE, FALSE, FALSE>>
/\ _RS2 = <<{}, {}>>
/\ locWorst = <<TRUE, TRUE>>
/\ _COM2 = <<[PC |-> [pc |-> 0, type |-> "empty"]], [PC |-> [pc |-> 0, type |-> "empty"]]>>
/\ _ID = << [PC |-> [pc |-> 1, type |-> {1}, lat |-> {1, 3}, dep |-> {}]],
   [PC |-> [pc |-> 2, type |-> {2}, lat |-> {3}, dep |-> {1}]] >>
/\ _IF = << [ PC |-> [pc |-> 3, type |-> {2}, lat |-> {3}, dep |-> {}],
     currLat |-> 1,
     baseLat |-> 1 ],
   [ PC |-> [pc |-> 4, type |-> {1}, lat |-> {3}, dep |-> {3}],
     currLat |-> 1,
     baseLat |-> 1 ] >>
/\ FUTmpLat = <<<<<<1, 3>>, 3>>, 3>>
/\ _FU2 = << [ PC |-> [pc |-> 0, type |-> "empty"],
     currLat |-> 1,
     usage |-> 0,
     baseLat |-> 1 ],
   [ PC |-> [pc |-> 0, type |-> "empty"],
     currLat |-> 1,
     usage |-> 0,
     baseLat |-> 1 ] >>
/\ FUTmp = <<<<<<1, 2>>, 2>>, 1>>
/\ _COM = <<[PC |-> [pc |-> 0, type |-> "empty"]], [PC |-> [pc |-> 0, type |-> "empty"]]>>
/\ _ID2 = << [PC |-> [pc |-> 1, type |-> {1}, lat |-> {1, 3}, dep |-> {}]],
   [PC |-> [pc |-> 2, type |-> {2}, lat |-> {3}, dep |-> {1}]] >>
/\ graph = [ nodes |->
      << [FU2 |-> 0, IF1 |-> 1, IF2 |-> 2, FU1 |-> 0, COM |-> 0],
         [FU2 |-> 0, IF1 |-> 1, IF2 |-> 2, FU1 |-> 0, COM |-> 0],
         [FU2 |-> 0, IF1 |-> 0, IF2 |-> 0, FU1 |-> 0, COM |-> 0],
         [FU2 |-> 0, IF1 |-> 0, IF2 |-> 0, FU1 |-> 0, COM |-> 0] >>,
  edges |->
      { [type |-> "D", source |-> 1, dest |-> 2],
        [type |-> "D", source |-> 3, dest |-> 4] } ]
/\ currCycle2 = 2
/\ FU2 = <<1, 2, 2, 1>>
/\ _IF2 = << [ PC |-> [pc |-> 3, type |-> {2}, lat |-> {3}, dep |-> {}],
     currLat |-> 1,
     baseLat |-> 1 ],
   [ PC |-> [pc |-> 4, type |-> {1}, lat |-> {3}, dep |-> {3}],
     currLat |-> 1,
     baseLat |-> 1 ] >>
/\ iMissTmp2 = <<<<<<FALSE, FALSE>>, FALSE>>, FALSE>>
/\ iMiss = <<FALSE, FALSE, FALSE, FALSE>>
/\ graph2 = [ nodes |->
      << [FU2 |-> 0, IF1 |-> 1, IF2 |-> 2, FU1 |-> 0, COM |-> 0],
         [FU2 |-> 0, IF1 |-> 1, IF2 |-> 2, FU1 |-> 0, COM |-> 0],
         [FU2 |-> 0, IF1 |-> 0, IF2 |-> 0, FU1 |-> 0, COM |-> 0],
         [FU2 |-> 0, IF1 |-> 0, IF2 |-> 0, FU1 |-> 0, COM |-> 0] >>,
  edges |->
      { [type |-> "D", source |-> 1, dest |-> 2],
        [type |-> "D", source |-> 3, dest |-> 4] } ]
/\ _RS = <<{}, {}>>
/\ commonPre = TRUE
/\ currCycle = 2
/\ iMissTmp = <<<<<<FALSE, FALSE>>, FALSE>>, FALSE>>
/\ FULat = <<1, 3, 3, 3>>
/\ FUTmp2 = <<<<<<1, 2>>, 2>>, 1>>
/\ prog = [ rest |-> <<>>,
  exec |->
      << [ PC |-> [pc |-> 1, type |-> {1}, lat |-> {1, 3}, dep |-> {}],
           done |-> FALSE,
           comTime |-> 0,
           executed |-> FALSE,
           exStartTime |-> 0 ],
         [ PC |-> [pc |-> 2, type |-> {2}, lat |-> {3}, dep |-> {1}],
           done |-> FALSE,
           comTime |-> 0,
           executed |-> FALSE,
           exStartTime |-> 0 ],
         [ PC |-> [pc |-> 3, type |-> {2}, lat |-> {3}, dep |-> {}],
           done |-> FALSE,
           comTime |-> 0,
           executed |-> FALSE,
           exStartTime |-> 0 ],
         [ PC |-> [pc |-> 4, type |-> {1}, lat |-> {3}, dep |-> {3}],
           done |-> FALSE,
           comTime |-> 0,
           executed |-> FALSE,
           exStartTime |-> 0 ] >> ]
/\ depProg = <<>>
/\ FUTmpLat2 = <<<<<<3, 3>>, 3>>, 3>>
/\ depProgTmp = <<>>
/\ prog2 = [ rest |-> <<>>,
  exec |->
      << [ PC |-> [pc |-> 1, type |-> {1}, lat |-> {1, 3}, dep |-> {}],
           done |-> FALSE,
           comTime |-> 0,
           executed |-> FALSE,
           exStartTime |-> 0 ],
         [ PC |-> [pc |-> 2, type |-> {2}, lat |-> {3}, dep |-> {1}],
           done |-> FALSE,
           comTime |-> 0,
           executed |-> FALSE,
           exStartTime |-> 0 ],
         [ PC |-> [pc |-> 3, type |-> {2}, lat |-> {3}, dep |-> {}],
           done |-> FALSE,
           comTime |-> 0,
           executed |-> FALSE,
           exStartTime |-> 0 ],
         [ PC |-> [pc |-> 4, type |-> {1}, lat |-> {3}, dep |-> {3}],
           done |-> FALSE,
           comTime |-> 0,
           executed |-> FALSE,
           exStartTime |-> 0 ] >> ]
/\ FU = <<1, 2, 2, 1>>
/\ _FU = << [ PC |-> [pc |-> 0, type |-> "empty"],
     currLat |-> 1,
     usage |-> 0,
     baseLat |-> 1 ],
   [ PC |-> [pc |-> 0, type |-> "empty"],
     currLat |-> 1,
     usage |-> 0,
     baseLat |-> 1 ] >>

@!@!@ENDMSG 2217 @!@!@
@!@!@STARTMSG 2217:4 @!@!@
4: <Next line 83, col 9 to line 109, col 103 of module pipeline_ooo>
/\ FULat2 = <<3, 3, 3, 3>>
/\ iMiss2 = <<FALSE, FALSE, FALSE, FALSE>>
/\ _RS2 = <<{}, {[pc |-> 2, type |-> {2}, lat |-> {3}, dep |-> {1}]}>>
/\ locWorst = <<TRUE, TRUE>>
/\ _COM2 = <<[PC |-> [pc |-> 0, type |-> "empty"]], [PC |-> [pc |-> 0, type |-> "empty"]]>>
/\ _ID = << [PC |-> [pc |-> 3, type |-> {2}, lat |-> {3}, dep |-> {}]],
   [PC |-> [pc |-> 4, type |-> {1}, lat |-> {3}, dep |-> {3}]] >>
/\ _IF = << [PC |-> [pc |-> 0, type |-> "empty"], currLat |-> 1, baseLat |-> 1],
   [PC |-> [pc |-> 0, type |-> "empty"], currLat |-> 1, baseLat |-> 1] >>
/\ FUTmpLat = <<<<<<1, 3>>, 3>>, 3>>
/\ _FU2 = << [ PC |-> [pc |-> 1, type |-> {1}, lat |-> {1, 3}, dep |-> {}],
     currLat |-> 1,
     usage |-> 1,
     baseLat |-> 3 ],
   [ PC |-> [pc |-> 0, type |-> "empty"],
     currLat |-> 1,
     usage |-> 0,
     baseLat |-> 1 ] >>
/\ FUTmp = <<<<<<1, 2>>, 2>>, 1>>
/\ _COM = <<[PC |-> [pc |-> 0, type |-> "empty"]], [PC |-> [pc |-> 0, type |-> "empty"]]>>
/\ _ID2 = << [PC |-> [pc |-> 3, type |-> {2}, lat |-> {3}, dep |-> {}]],
   [PC |-> [pc |-> 4, type |-> {1}, lat |-> {3}, dep |-> {3}]] >>
/\ graph = [ nodes |->
      << [FU2 |-> 0, IF1 |-> 1, IF2 |-> 2, FU1 |-> 0, COM |-> 0],
         [FU2 |-> 0, IF1 |-> 1, IF2 |-> 2, FU1 |-> 0, COM |-> 0],
         [FU2 |-> 0, IF1 |-> 2, IF2 |-> 3, FU1 |-> 0, COM |-> 0],
         [FU2 |-> 0, IF1 |-> 2, IF2 |-> 3, FU1 |-> 0, COM |-> 0] >>,
  edges |->
      { [type |-> "D", source |-> 1, dest |-> 2],
        [type |-> "D", source |-> 3, dest |-> 4] } ]
/\ currCycle2 = 3
/\ FU2 = <<1, 2, 2, 1>>
/\ _IF2 = << [PC |-> [pc |-> 0, type |-> "empty"], currLat |-> 1, baseLat |-> 1],
   [PC |-> [pc |-> 0, type |-> "empty"], currLat |-> 1, baseLat |-> 1] >>
/\ iMissTmp2 = <<<<<<FALSE, FALSE>>, FALSE>>, FALSE>>
/\ iMiss = <<FALSE, FALSE, FALSE, FALSE>>
/\ graph2 = [ nodes |->
      << [FU2 |-> 0, IF1 |-> 1, IF2 |-> 2, FU1 |-> 0, COM |-> 0],
         [FU2 |-> 0, IF1 |-> 1, IF2 |-> 2, FU1 |-> 0, COM |-> 0],
         [FU2 |-> 0, IF1 |-> 2, IF2 |-> 3, FU1 |-> 0, COM |-> 0],
         [FU2 |-> 0, IF1 |-> 2, IF2 |-> 3, FU1 |-> 0, COM |-> 0] >>,
  edges |->
      { [type |-> "D", source |-> 1, dest |-> 2],
        [type |-> "D", source |-> 3, dest |-> 4] } ]
/\ _RS = <<{}, {[pc |-> 2, type |-> {2}, lat |-> {3}, dep |-> {1}]}>>
/\ commonPre = TRUE
/\ currCycle = 3
/\ iMissTmp = <<<<<<FALSE, FALSE>>, FALSE>>, FALSE>>
/\ FULat = <<1, 3, 3, 3>>
/\ FUTmp2 = <<<<<<1, 2>>, 2>>, 1>>
/\ prog = [ rest |-> <<>>,
  exec |->
      << [ PC |-> [pc |-> 1, type |-> {1}, lat |-> {1, 3}, dep |-> {}],
           done |-> FALSE,
           comTime |-> 0,
           executed |-> FALSE,
           exStartTime |-> 2 ],
         [ PC |-> [pc |-> 2, type |-> {2}, lat |-> {3}, dep |-> {1}],
           done |-> FALSE,
           comTime |-> 0,
           executed |-> FALSE,
           exStartTime |-> 0 ],
         [ PC |-> [pc |-> 3, type |-> {2}, lat |-> {3}, dep |-> {}],
           done |-> FALSE,
           comTime |-> 0,
           executed |-> FALSE,
           exStartTime |-> 0 ],
         [ PC |-> [pc |-> 4, type |-> {1}, lat |-> {3}, dep |-> {3}],
           done |-> FALSE,
           comTime |-> 0,
           executed |-> FALSE,
           exStartTime |-> 0 ] >> ]
/\ depProg = <<>>
/\ FUTmpLat2 = <<<<<<3, 3>>, 3>>, 3>>
/\ depProgTmp = <<>>
/\ prog2 = [ rest |-> <<>>,
  exec |->
      << [ PC |-> [pc |-> 1, type |-> {1}, lat |-> {1, 3}, dep |-> {}],
           done |-> FALSE,
           comTime |-> 0,
           executed |-> FALSE,
           exStartTime |-> 2 ],
         [ PC |-> [pc |-> 2, type |-> {2}, lat |-> {3}, dep |-> {1}],
           done |-> FALSE,
           comTime |-> 0,
           executed |-> FALSE,
           exStartTime |-> 0 ],
         [ PC |-> [pc |-> 3, type |-> {2}, lat |-> {3}, dep |-> {}],
           done |-> FALSE,
           comTime |-> 0,
           executed |-> FALSE,
           exStartTime |-> 0 ],
         [ PC |-> [pc |-> 4, type |-> {1}, lat |-> {3}, dep |-> {3}],
           done |-> FALSE,
           comTime |-> 0,
           executed |-> FALSE,
           exStartTime |-> 0 ] >> ]
/\ FU = <<1, 2, 2, 1>>
/\ _FU = << [ PC |-> [pc |-> 1, type |-> {1}, lat |-> {1, 3}, dep |-> {}],
     currLat |-> 1,
     usage |-> 1,
     baseLat |-> 1 ],
   [ PC |-> [pc |-> 0, type |-> "empty"],
     currLat |-> 1,
     usage |-> 0,
     baseLat |-> 1 ] >>

@!@!@ENDMSG 2217 @!@!@
@!@!@STARTMSG 2217:4 @!@!@
5: <Next line 83, col 9 to line 109, col 103 of module pipeline_ooo>
/\ FULat2 = <<3, 3, 3, 3>>
/\ iMiss2 = <<FALSE, FALSE, FALSE, FALSE>>
/\ _RS2 = << {[pc |-> 4, type |-> {1}, lat |-> {3}, dep |-> {3}]},
   {[pc |-> 2, type |-> {2}, lat |-> {3}, dep |-> {1}]} >>
/\ locWorst = <<FALSE, TRUE>>
/\ _COM2 = <<[PC |-> [pc |-> 0, type |-> "empty"]], [PC |-> [pc |-> 0, type |-> "empty"]]>>
/\ _ID = <<[PC |-> [pc |-> 0, type |-> "empty"]], [PC |-> [pc |-> 0, type |-> "empty"]]>>
/\ _IF = << [PC |-> [pc |-> 0, type |-> "empty"], currLat |-> 1, baseLat |-> 1],
   [PC |-> [pc |-> 0, type |-> "empty"], currLat |-> 1, baseLat |-> 1] >>
/\ FUTmpLat = <<<<<<1, 3>>, 3>>, 3>>
/\ _FU2 = << [ PC |-> [pc |-> 1, type |-> {1}, lat |-> {1, 3}, dep |-> {}],
     currLat |-> 2,
     usage |-> 2,
     baseLat |-> 3 ],
   [ PC |-> [pc |-> 3, type |-> {2}, lat |-> {3}, dep |-> {}],
     currLat |-> 1,
     usage |-> 1,
     baseLat |-> 3 ] >>
/\ FUTmp = <<<<<<1, 2>>, 2>>, 1>>
/\ _COM = << [PC |-> [pc |-> 1, type |-> {1}, lat |-> {1, 3}, dep |-> {}]],
   [PC |-> [pc |-> 0, type |-> "empty"]] >>
/\ _ID2 = <<[PC |-> [pc |-> 0, type |-> "empty"]], [PC |-> [pc |-> 0, type |-> "empty"]]>>
/\ graph = [ nodes |->
      << [FU2 |-> 4, IF1 |-> 1, IF2 |-> 2, FU1 |-> 3, COM |-> 0],
         [FU2 |-> 0, IF1 |-> 1, IF2 |-> 2, FU1 |-> 0, COM |-> 0],
         [FU2 |-> 0, IF1 |-> 2, IF2 |-> 3, FU1 |-> 0, COM |-> 0],
         [FU2 |-> 0, IF1 |-> 2, IF2 |-> 3, FU1 |-> 0, COM |-> 0] >>,
  edges |->
      { [type |-> "D", source |-> 1, dest |-> 2],
        [type |-> "D", source |-> 3, dest |-> 4] } ]
/\ currCycle2 = 4
/\ FU2 = <<1, 2, 2, 1>>
/\ _IF2 = << [PC |-> [pc |-> 0, type |-> "empty"], currLat |-> 1, baseLat |-> 1],
   [PC |-> [pc |-> 0, type |-> "empty"], currLat |-> 1, baseLat |-> 1] >>
/\ iMissTmp2 = <<<<<<FALSE, FALSE>>, FALSE>>, FALSE>>
/\ iMiss = <<FALSE, FALSE, FALSE, FALSE>>
/\ graph2 = [ nodes |->
      << [FU2 |-> 0, IF1 |-> 1, IF2 |-> 2, FU1 |-> 3, COM |-> 0],
         [FU2 |-> 0, IF1 |-> 1, IF2 |-> 2, FU1 |-> 0, COM |-> 0],
         [FU2 |-> 0, IF1 |-> 2, IF2 |-> 3, FU1 |-> 0, COM |-> 0],
         [FU2 |-> 0, IF1 |-> 2, IF2 |-> 3, FU1 |-> 0, COM |-> 0] >>,
  edges |->
      { [type |-> "D", source |-> 1, dest |-> 2],
        [type |-> "D", source |-> 3, dest |-> 4] } ]
/\ _RS = << {[pc |-> 4, type |-> {1}, lat |-> {3}, dep |-> {3}]},
   {[pc |-> 3, type |-> {2}, lat |-> {3}, dep |-> {}]} >>
/\ commonPre = FALSE
/\ currCycle = 4
/\ iMissTmp = <<<<<<FALSE, FALSE>>, FALSE>>, FALSE>>
/\ FULat = <<1, 3, 3, 3>>
/\ FUTmp2 = <<<<<<1, 2>>, 2>>, 1>>
/\ prog = [ rest |-> <<>>,
  exec |->
      << [ PC |-> [pc |-> 1, type |-> {1}, lat |-> {1, 3}, dep |-> {}],
           done |-> FALSE,
           comTime |-> 0,
           executed |-> TRUE,
           exStartTime |-> 2 ],
         [ PC |-> [pc |-> 2, type |-> {2}, lat |-> {3}, dep |-> {1}],
           done |-> FALSE,
           comTime |-> 0,
           executed |-> FALSE,
           exStartTime |-> 3 ],
         [ PC |-> [pc |-> 3, type |-> {2}, lat |-> {3}, dep |-> {}],
           done |-> FALSE,
           comTime |-> 0,
           executed |-> FALSE,
           exStartTime |-> 0 ],
         [ PC |-> [pc |-> 4, type |-> {1}, lat |-> {3}, dep |-> {3}],
           done |-> FALSE,
           comTime |-> 0,
           executed |-> FALSE,
           exStartTime |-> 0 ] >> ]
/\ depProg = <<>>
/\ FUTmpLat2 = <<<<<<3, 3>>, 3>>, 3>>
/\ depProgTmp = <<>>
/\ prog2 = [ rest |-> <<>>,
  exec |->
      << [ PC |-> [pc |-> 1, type |-> {1}, lat |-> {1, 3}, dep |-> {}],
           done |-> FALSE,
           comTime |-> 0,
           executed |-> FALSE,
           exStartTime |-> 2 ],
         [ PC |-> [pc |-> 2, type |-> {2}, lat |-> {3}, dep |-> {1}],
           done |-> FALSE,
           comTime |-> 0,
           executed |-> FALSE,
           exStartTime |-> 0 ],
         [ PC |-> [pc |-> 3, type |-> {2}, lat |-> {3}, dep |-> {}],
           done |-> FALSE,
           comTime |-> 0,
           executed |-> FALSE,
           exStartTime |-> 3 ],
         [ PC |-> [pc |-> 4, type |-> {1}, lat |-> {3}, dep |-> {3}],
           done |-> FALSE,
           comTime |-> 0,
           executed |-> FALSE,
           exStartTime |-> 0 ] >> ]
/\ FU = <<1, 2, 2, 1>>
/\ _FU = << [ PC |-> [pc |-> 0, type |-> "empty"],
     currLat |-> 1,
     usage |-> 1,
     baseLat |-> 1 ],
   [ PC |-> [pc |-> 2, type |-> {2}, lat |-> {3}, dep |-> {1}],
     currLat |-> 1,
     usage |-> 1,
     baseLat |-> 3 ] >>

@!@!@ENDMSG 2217 @!@!@
@!@!@STARTMSG 2217:4 @!@!@
6: <Next line 83, col 9 to line 109, col 103 of module pipeline_ooo>
/\ FULat2 = <<3, 3, 3, 3>>
/\ iMiss2 = <<FALSE, FALSE, FALSE, FALSE>>
/\ _RS2 = << {[pc |-> 4, type |-> {1}, lat |-> {3}, dep |-> {3}]},
   {[pc |-> 2, type |-> {2}, lat |-> {3}, dep |-> {1}]} >>
/\ locWorst = <<FALSE, TRUE>>
/\ _COM2 = <<[PC |-> [pc |-> 0, type |-> "empty"]], [PC |-> [pc |-> 0, type |-> "empty"]]>>
/\ _ID = <<[PC |-> [pc |-> 0, type |-> "empty"]], [PC |-> [pc |-> 0, type |-> "empty"]]>>
/\ _IF = << [PC |-> [pc |-> 0, type |-> "empty"], currLat |-> 1, baseLat |-> 1],
   [PC |-> [pc |-> 0, type |-> "empty"], currLat |-> 1, baseLat |-> 1] >>
/\ FUTmpLat = <<<<<<1, 3>>, 3>>, 3>>
/\ _FU2 = << [ PC |-> [pc |-> 1, type |-> {1}, lat |-> {1, 3}, dep |-> {}],
     currLat |-> 3,
     usage |-> 3,
     baseLat |-> 3 ],
   [ PC |-> [pc |-> 3, type |-> {2}, lat |-> {3}, dep |-> {}],
     currLat |-> 2,
     usage |-> 2,
     baseLat |-> 3 ] >>
/\ FUTmp = <<<<<<1, 2>>, 2>>, 1>>
/\ _COM = <<[PC |-> [pc |-> 0, type |-> "empty"]], [PC |-> [pc |-> 0, type |-> "empty"]]>>
/\ _ID2 = <<[PC |-> [pc |-> 0, type |-> "empty"]], [PC |-> [pc |-> 0, type |-> "empty"]]>>
/\ graph = [ nodes |->
      << [FU2 |-> 4, IF1 |-> 1, IF2 |-> 2, FU1 |-> 3, COM |-> 4],
         [FU2 |-> 0, IF1 |-> 1, IF2 |-> 2, FU1 |-> 4, COM |-> 0],
         [FU2 |-> 0, IF1 |-> 2, IF2 |-> 3, FU1 |-> 0, COM |-> 0],
         [FU2 |-> 0, IF1 |-> 2, IF2 |-> 3, FU1 |-> 0, COM |-> 0] >>,
  edges |->
      { [type |-> "D", source |-> 1, dest |-> 2],
        [type |-> "D", source |-> 3, dest |-> 4],
        [type |-> "RS", source |-> 2, dest |-> 3] } ]
/\ currCycle2 = 5
/\ FU2 = <<1, 2, 2, 1>>
/\ _IF2 = << [PC |-> [pc |-> 0, type |-> "empty"], currLat |-> 1, baseLat |-> 1],
   [PC |-> [pc |-> 0, type |-> "empty"], currLat |-> 1, baseLat |-> 1] >>
/\ iMissTmp2 = <<<<<<FALSE, FALSE>>, FALSE>>, FALSE>>
/\ iMiss = <<FALSE, FALSE, FALSE, FALSE>>
/\ graph2 = [ nodes |->
      << [FU2 |-> 0, IF1 |-> 1, IF2 |-> 2, FU1 |-> 3, COM |-> 0],
         [FU2 |-> 0, IF1 |-> 1, IF2 |-> 2, FU1 |-> 0, COM |-> 0],
         [FU2 |-> 0, IF1 |-> 2, IF2 |-> 3, FU1 |-> 4, COM |-> 0],
         [FU2 |-> 0, IF1 |-> 2, IF2 |-> 3, FU1 |-> 0, COM |-> 0] >>,
  edges |->
      { [type |-> "D", source |-> 1, dest |-> 2],
        [type |-> "D", source |-> 3, dest |-> 4],
        [type |-> "RS", source |-> 1, dest |-> 4],
        [type |-> "RS", source |-> 3, dest |-> 2] } ]
/\ _RS = << {[pc |-> 4, type |-> {1}, lat |-> {3}, dep |-> {3}]},
   {[pc |-> 3, type |-> {2}, lat |-> {3}, dep |-> {}]} >>
/\ commonPre = FALSE
/\ currCycle = 5
/\ iMissTmp = <<<<<<FALSE, FALSE>>, FALSE>>, FALSE>>
/\ FULat = <<1, 3, 3, 3>>
/\ FUTmp2 = <<<<<<1, 2>>, 2>>, 1>>
/\ prog = [ rest |-> <<>>,
  exec |->
      << [ PC |-> [pc |-> 1, type |-> {1}, lat |-> {1, 3}, dep |-> {}],
           done |-> TRUE,
           comTime |-> 4,
           executed |-> TRUE,
           exStartTime |-> 2 ],
         [ PC |-> [pc |-> 2, type |-> {2}, lat |-> {3}, dep |-> {1}],
           done |-> FALSE,
           comTime |-> 0,
           executed |-> FALSE,
           exStartTime |-> 3 ],
         [ PC |-> [pc |-> 3, type |-> {2}, lat |-> {3}, dep |-> {}],
           done |-> FALSE,
           comTime |-> 0,
           executed |-> FALSE,
           exStartTime |-> 0 ],
         [ PC |-> [pc |-> 4, type |-> {1}, lat |-> {3}, dep |-> {3}],
           done |-> FALSE,
           comTime |-> 0,
           executed |-> FALSE,
           exStartTime |-> 0 ] >> ]
/\ depProg = <<>>
/\ FUTmpLat2 = <<<<<<3, 3>>, 3>>, 3>>
/\ depProgTmp = <<>>
/\ prog2 = [ rest |-> <<>>,
  exec |->
      << [ PC |-> [pc |-> 1, type |-> {1}, lat |-> {1, 3}, dep |-> {}],
           done |-> FALSE,
           comTime |-> 0,
           executed |-> FALSE,
           exStartTime |-> 2 ],
         [ PC |-> [pc |-> 2, type |-> {2}, lat |-> {3}, dep |-> {1}],
           done |-> FALSE,
           comTime |-> 0,
           executed |-> FALSE,
           exStartTime |-> 0 ],
         [ PC |-> [pc |-> 3, type |-> {2}, lat |-> {3}, dep |-> {}],
           done |-> FALSE,
           comTime |-> 0,
           executed |-> FALSE,
           exStartTime |-> 3 ],
         [ PC |-> [pc |-> 4, type |-> {1}, lat |-> {3}, dep |-> {3}],
           done |-> FALSE,
           comTime |-> 0,
           executed |-> FALSE,
           exStartTime |-> 0 ] >> ]
/\ FU = <<1, 2, 2, 1>>
/\ _FU = << [ PC |-> [pc |-> 0, type |-> "empty"],
     currLat |-> 1,
     usage |-> 1,
     baseLat |-> 1 ],
   [ PC |-> [pc |-> 2, type |-> {2}, lat |-> {3}, dep |-> {1}],
     currLat |-> 2,
     usage |-> 2,
     baseLat |-> 3 ] >>

@!@!@ENDMSG 2217 @!@!@
@!@!@STARTMSG 2217:4 @!@!@
7: <Next line 83, col 9 to line 109, col 103 of module pipeline_ooo>
/\ FULat2 = <<3, 3, 3, 3>>
/\ iMiss2 = <<FALSE, FALSE, FALSE, FALSE>>
/\ _RS2 = << {[pc |-> 4, type |-> {1}, lat |-> {3}, dep |-> {3}]},
   {[pc |-> 2, type |-> {2}, lat |-> {3}, dep |-> {1}]} >>
/\ locWorst = <<FALSE, TRUE>>
/\ _COM2 = << [PC |-> [pc |-> 1, type |-> {1}, lat |-> {1, 3}, dep |-> {}]],
   [PC |-> [pc |-> 0, type |-> "empty"]] >>
/\ _ID = <<[PC |-> [pc |-> 0, type |-> "empty"]], [PC |-> [pc |-> 0, type |-> "empty"]]>>
/\ _IF = << [PC |-> [pc |-> 0, type |-> "empty"], currLat |-> 1, baseLat |-> 1],
   [PC |-> [pc |-> 0, type |-> "empty"], currLat |-> 1, baseLat |-> 1] >>
/\ FUTmpLat = <<<<<<1, 3>>, 3>>, 3>>
/\ _FU2 = << [ PC |-> [pc |-> 0, type |-> "empty"],
     currLat |-> 1,
     usage |-> 3,
     baseLat |-> 1 ],
   [ PC |-> [pc |-> 3, type |-> {2}, lat |-> {3}, dep |-> {}],
     currLat |-> 3,
     usage |-> 3,
     baseLat |-> 3 ] >>
/\ FUTmp = <<<<<<1, 2>>, 2>>, 1>>
/\ _COM = <<[PC |-> [pc |-> 0, type |-> "empty"]], [PC |-> [pc |-> 0, type |-> "empty"]]>>
/\ _ID2 = <<[PC |-> [pc |-> 0, type |-> "empty"]], [PC |-> [pc |-> 0, type |-> "empty"]]>>
/\ graph = [ nodes |->
      << [FU2 |-> 4, IF1 |-> 1, IF2 |-> 2, FU1 |-> 3, COM |-> 4],
         [FU2 |-> 0, IF1 |-> 1, IF2 |-> 2, FU1 |-> 4, COM |-> 0],
         [FU2 |-> 0, IF1 |-> 2, IF2 |-> 3, FU1 |-> 0, COM |-> 0],
         [FU2 |-> 0, IF1 |-> 2, IF2 |-> 3, FU1 |-> 0, COM |-> 0] >>,
  edges |->
      { [type |-> "D", source |-> 1, dest |-> 2],
        [type |-> "D", source |-> 3, dest |-> 4],
        [type |-> "RS", source |-> 2, dest |-> 3] } ]
/\ currCycle2 = 6
/\ FU2 = <<1, 2, 2, 1>>
/\ _IF2 = << [PC |-> [pc |-> 0, type |-> "empty"], currLat |-> 1, baseLat |-> 1],
   [PC |-> [pc |-> 0, type |-> "empty"], currLat |-> 1, baseLat |-> 1] >>
/\ iMissTmp2 = <<<<<<FALSE, FALSE>>, FALSE>>, FALSE>>
/\ iMiss = <<FALSE, FALSE, FALSE, FALSE>>
/\ graph2 = [ nodes |->
      << [FU2 |-> 6, IF1 |-> 1, IF2 |-> 2, FU1 |-> 3, COM |-> 0],
         [FU2 |-> 0, IF1 |-> 1, IF2 |-> 2, FU1 |-> 0, COM |-> 0],
         [FU2 |-> 0, IF1 |-> 2, IF2 |-> 3, FU1 |-> 4, COM |-> 0],
         [FU2 |-> 0, IF1 |-> 2, IF2 |-> 3, FU1 |-> 0, COM |-> 0] >>,
  edges |->
      { [type |-> "D", source |-> 1, dest |-> 2],
        [type |-> "D", source |-> 3, dest |-> 4],
        [type |-> "RS", source |-> 1, dest |-> 4],
        [type |-> "RS", source |-> 3, dest |-> 2] } ]
/\ _RS = << {[pc |-> 4, type |-> {1}, lat |-> {3}, dep |-> {3}]},
   {[pc |-> 3, type |-> {2}, lat |-> {3}, dep |-> {}]} >>
/\ commonPre = FALSE
/\ currCycle = 6
/\ iMissTmp = <<<<<<FALSE, FALSE>>, FALSE>>, FALSE>>
/\ FULat = <<1, 3, 3, 3>>
/\ FUTmp2 = <<<<<<1, 2>>, 2>>, 1>>
/\ prog = [ rest |-> <<>>,
  exec |->
      << [ PC |-> [pc |-> 1, type |-> {1}, lat |-> {1, 3}, dep |-> {}],
           done |-> TRUE,
           comTime |-> 4,
           executed |-> TRUE,
           exStartTime |-> 2 ],
         [ PC |-> [pc |-> 2, type |-> {2}, lat |-> {3}, dep |-> {1}],
           done |-> FALSE,
           comTime |-> 0,
           executed |-> FALSE,
           exStartTime |-> 3 ],
         [ PC |-> [pc |-> 3, type |-> {2}, lat |-> {3}, dep |-> {}],
           done |-> FALSE,
           comTime |-> 0,
           executed |-> FALSE,
           exStartTime |-> 0 ],
         [ PC |-> [pc |-> 4, type |-> {1}, lat |-> {3}, dep |-> {3}],
           done |-> FALSE,
           comTime |-> 0,
           executed |-> FALSE,
           exStartTime |-> 0 ] >> ]
/\ depProg = <<>>
/\ FUTmpLat2 = <<<<<<3, 3>>, 3>>, 3>>
/\ depProgTmp = <<>>
/\ prog2 = [ rest |-> <<>>,
  exec |->
      << [ PC |-> [pc |-> 1, type |-> {1}, lat |-> {1, 3}, dep |-> {}],
           done |-> FALSE,
           comTime |-> 0,
           executed |-> TRUE,
           exStartTime |-> 2 ],
         [ PC |-> [pc |-> 2, type |-> {2}, lat |-> {3}, dep |-> {1}],
           done |-> FALSE,
           comTime |-> 0,
           executed |-> FALSE,
           exStartTime |-> 0 ],
         [ PC |-> [pc |-> 3, type |-> {2}, lat |-> {3}, dep |-> {}],
           done |-> FALSE,
           comTime |-> 0,
           executed |-> FALSE,
           exStartTime |-> 3 ],
         [ PC |-> [pc |-> 4, type |-> {1}, lat |-> {3}, dep |-> {3}],
           done |-> FALSE,
           comTime |-> 0,
           executed |-> FALSE,
           exStartTime |-> 0 ] >> ]
/\ FU = <<1, 2, 2, 1>>
/\ _FU = << [ PC |-> [pc |-> 0, type |-> "empty"],
     currLat |-> 1,
     usage |-> 1,
     baseLat |-> 1 ],
   [ PC |-> [pc |-> 2, type |-> {2}, lat |-> {3}, dep |-> {1}],
     currLat |-> 3,
     usage |-> 3,
     baseLat |-> 3 ] >>

@!@!@ENDMSG 2217 @!@!@
@!@!@STARTMSG 2217:4 @!@!@
8: <Next line 83, col 9 to line 109, col 103 of module pipeline_ooo>
/\ FULat2 = <<3, 3, 3, 3>>
/\ iMiss2 = <<FALSE, FALSE, FALSE, FALSE>>
/\ _RS2 = <<{}, {}>>
/\ locWorst = <<FALSE, TRUE>>
/\ _COM2 = <<[PC |-> [pc |-> 0, type |-> "empty"]], [PC |-> [pc |-> 0, type |-> "empty"]]>>
/\ _ID = <<[PC |-> [pc |-> 0, type |-> "empty"]], [PC |-> [pc |-> 0, type |-> "empty"]]>>
/\ _IF = << [PC |-> [pc |-> 0, type |-> "empty"], currLat |-> 1, baseLat |-> 1],
   [PC |-> [pc |-> 0, type |-> "empty"], currLat |-> 1, baseLat |-> 1] >>
/\ FUTmpLat = <<<<<<1, 3>>, 3>>, 3>>
/\ _FU2 = << [ PC |-> [pc |-> 4, type |-> {1}, lat |-> {3}, dep |-> {3}],
     currLat |-> 1,
     usage |-> 4,
     baseLat |-> 3 ],
   [ PC |-> [pc |-> 2, type |-> {2}, lat |-> {3}, dep |-> {1}],
     currLat |-> 1,
     usage |-> 4,
     baseLat |-> 3 ] >>
/\ FUTmp = <<<<<<1, 2>>, 2>>, 1>>
/\ _COM = << [PC |-> [pc |-> 2, type |-> {2}, lat |-> {3}, dep |-> {1}]],
   [PC |-> [pc |-> 0, type |-> "empty"]] >>
/\ _ID2 = <<[PC |-> [pc |-> 0, type |-> "empty"]], [PC |-> [pc |-> 0, type |-> "empty"]]>>
/\ graph = [ nodes |->
      << [FU2 |-> 4, IF1 |-> 1, IF2 |-> 2, FU1 |-> 3, COM |-> 4],
         [FU2 |-> 7, IF1 |-> 1, IF2 |-> 2, FU1 |-> 4, COM |-> 0],
         [FU2 |-> 0, IF1 |-> 2, IF2 |-> 3, FU1 |-> 0, COM |-> 0],
         [FU2 |-> 0, IF1 |-> 2, IF2 |-> 3, FU1 |-> 0, COM |-> 0] >>,
  edges |->
      { [type |-> "D", source |-> 1, dest |-> 2],
        [type |-> "D", source |-> 3, dest |-> 4],
        [type |-> "RS", source |-> 2, dest |-> 3] } ]
/\ currCycle2 = 7
/\ FU2 = <<1, 2, 2, 1>>
/\ _IF2 = << [PC |-> [pc |-> 0, type |-> "empty"], currLat |-> 1, baseLat |-> 1],
   [PC |-> [pc |-> 0, type |-> "empty"], currLat |-> 1, baseLat |-> 1] >>
/\ iMissTmp2 = <<<<<<FALSE, FALSE>>, FALSE>>, FALSE>>
/\ iMiss = <<FALSE, FALSE, FALSE, FALSE>>
/\ graph2 = [ nodes |->
      << [FU2 |-> 6, IF1 |-> 1, IF2 |-> 2, FU1 |-> 3, COM |-> 6],
         [FU2 |-> 0, IF1 |-> 1, IF2 |-> 2, FU1 |-> 0, COM |-> 0],
         [FU2 |-> 7, IF1 |-> 2, IF2 |-> 3, FU1 |-> 4, COM |-> 0],
         [FU2 |-> 0, IF1 |-> 2, IF2 |-> 3, FU1 |-> 0, COM |-> 0] >>,
  edges |->
      { [type |-> "D", source |-> 1, dest |-> 2],
        [type |-> "D", source |-> 3, dest |-> 4],
        [type |-> "RS", source |-> 1, dest |-> 4],
        [type |-> "RS", source |-> 3, dest |-> 2] } ]
/\ _RS = <<{[pc |-> 4, type |-> {1}, lat |-> {3}, dep |-> {3}]}, {}>>
/\ commonPre = FALSE
/\ currCycle = 7
/\ iMissTmp = <<<<<<FALSE, FALSE>>, FALSE>>, FALSE>>
/\ FULat = <<1, 3, 3, 3>>
/\ FUTmp2 = <<<<<<1, 2>>, 2>>, 1>>
/\ prog = [ rest |-> <<>>,
  exec |->
      << [ PC |-> [pc |-> 1, type |-> {1}, lat |-> {1, 3}, dep |-> {}],
           done |-> TRUE,
           comTime |-> 4,
           executed |-> TRUE,
           exStartTime |-> 2 ],
         [ PC |-> [pc |-> 2, type |-> {2}, lat |-> {3}, dep |-> {1}],
           done |-> FALSE,
           comTime |-> 0,
           executed |-> TRUE,
           exStartTime |-> 3 ],
         [ PC |-> [pc |-> 3, type |-> {2}, lat |-> {3}, dep |-> {}],
           done |-> FALSE,
           comTime |-> 0,
           executed |-> FALSE,
           exStartTime |-> 6 ],
         [ PC |-> [pc |-> 4, type |-> {1}, lat |-> {3}, dep |-> {3}],
           done |-> FALSE,
           comTime |-> 0,
           executed |-> FALSE,
           exStartTime |-> 0 ] >> ]
/\ depProg = <<>>
/\ FUTmpLat2 = <<<<<<3, 3>>, 3>>, 3>>
/\ depProgTmp = <<>>
/\ prog2 = [ rest |-> <<>>,
  exec |->
      << [ PC |-> [pc |-> 1, type |-> {1}, lat |-> {1, 3}, dep |-> {}],
           done |-> TRUE,
           comTime |-> 6,
           executed |-> TRUE,
           exStartTime |-> 2 ],
         [ PC |-> [pc |-> 2, type |-> {2}, lat |-> {3}, dep |-> {1}],
           done |-> FALSE,
           comTime |-> 0,
           executed |-> FALSE,
           exStartTime |-> 6 ],
         [ PC |-> [pc |-> 3, type |-> {2}, lat |-> {3}, dep |-> {}],
           done |-> FALSE,
           comTime |-> 0,
           executed |-> TRUE,
           exStartTime |-> 3 ],
         [ PC |-> [pc |-> 4, type |-> {1}, lat |-> {3}, dep |-> {3}],
           done |-> FALSE,
           comTime |-> 0,
           executed |-> FALSE,
           exStartTime |-> 6 ] >> ]
/\ FU = <<1, 2, 2, 1>>
/\ _FU = << [ PC |-> [pc |-> 0, type |-> "empty"],
     currLat |-> 1,
     usage |-> 1,
     baseLat |-> 1 ],
   [ PC |-> [pc |-> 3, type |-> {2}, lat |-> {3}, dep |-> {}],
     currLat |-> 1,
     usage |-> 4,
     baseLat |-> 3 ] >>

@!@!@ENDMSG 2217 @!@!@
@!@!@STARTMSG 2217:4 @!@!@
9: <Next line 83, col 9 to line 109, col 103 of module pipeline_ooo>
/\ FULat2 = <<3, 3, 3, 3>>
/\ iMiss2 = <<FALSE, FALSE, FALSE, FALSE>>
/\ _RS2 = <<{}, {}>>
/\ locWorst = <<FALSE, TRUE>>
/\ _COM2 = <<[PC |-> [pc |-> 0, type |-> "empty"]], [PC |-> [pc |-> 0, type |-> "empty"]]>>
/\ _ID = <<[PC |-> [pc |-> 0, type |-> "empty"]], [PC |-> [pc |-> 0, type |-> "empty"]]>>
/\ _IF = << [PC |-> [pc |-> 0, type |-> "empty"], currLat |-> 1, baseLat |-> 1],
   [PC |-> [pc |-> 0, type |-> "empty"], currLat |-> 1, baseLat |-> 1] >>
/\ FUTmpLat = <<<<<<1, 3>>, 3>>, 3>>
/\ _FU2 = << [ PC |-> [pc |-> 4, type |-> {1}, lat |-> {3}, dep |-> {3}],
     currLat |-> 2,
     usage |-> 5,
     baseLat |-> 3 ],
   [ PC |-> [pc |-> 2, type |-> {2}, lat |-> {3}, dep |-> {1}],
     currLat |-> 2,
     usage |-> 5,
     baseLat |-> 3 ] >>
/\ FUTmp = <<<<<<1, 2>>, 2>>, 1>>
/\ _COM = <<[PC |-> [pc |-> 0, type |-> "empty"]], [PC |-> [pc |-> 0, type |-> "empty"]]>>
/\ _ID2 = <<[PC |-> [pc |-> 0, type |-> "empty"]], [PC |-> [pc |-> 0, type |-> "empty"]]>>
/\ graph = [ nodes |->
      << [FU2 |-> 4, IF1 |-> 1, IF2 |-> 2, FU1 |-> 3, COM |-> 4],
         [FU2 |-> 7, IF1 |-> 1, IF2 |-> 2, FU1 |-> 4, COM |-> 7],
         [FU2 |-> 0, IF1 |-> 2, IF2 |-> 3, FU1 |-> 7, COM |-> 0],
         [FU2 |-> 0, IF1 |-> 2, IF2 |-> 3, FU1 |-> 0, COM |-> 0] >>,
  edges |->
      { [type |-> "D", source |-> 1, dest |-> 2],
        [type |-> "D", source |-> 3, dest |-> 4],
        [type |-> "RS", source |-> 2, dest |-> 3] } ]
/\ currCycle2 = 8
/\ FU2 = <<1, 2, 2, 1>>
/\ _IF2 = << [PC |-> [pc |-> 0, type |-> "empty"], currLat |-> 1, baseLat |-> 1],
   [PC |-> [pc |-> 0, type |-> "empty"], currLat |-> 1, baseLat |-> 1] >>
/\ iMissTmp2 = <<<<<<FALSE, FALSE>>, FALSE>>, FALSE>>
/\ iMiss = <<FALSE, FALSE, FALSE, FALSE>>
/\ graph2 = [ nodes |->
      << [FU2 |-> 6, IF1 |-> 1, IF2 |-> 2, FU1 |-> 3, COM |-> 6],
         [FU2 |-> 0, IF1 |-> 1, IF2 |-> 2, FU1 |-> 7, COM |-> 0],
         [FU2 |-> 7, IF1 |-> 2, IF2 |-> 3, FU1 |-> 4, COM |-> 0],
         [FU2 |-> 0, IF1 |-> 2, IF2 |-> 3, FU1 |-> 7, COM |-> 0] >>,
  edges |->
      { [type |-> "D", source |-> 1, dest |-> 2],
        [type |-> "D", source |-> 3, dest |-> 4],
        [type |-> "RS", source |-> 1, dest |-> 4],
        [type |-> "RS", source |-> 3, dest |-> 2] } ]
/\ _RS = <<{[pc |-> 4, type |-> {1}, lat |-> {3}, dep |-> {3}]}, {}>>
/\ commonPre = FALSE
/\ currCycle = 8
/\ iMissTmp = <<<<<<FALSE, FALSE>>, FALSE>>, FALSE>>
/\ FULat = <<1, 3, 3, 3>>
/\ FUTmp2 = <<<<<<1, 2>>, 2>>, 1>>
/\ prog = [ rest |-> <<>>,
  exec |->
      << [ PC |-> [pc |-> 1, type |-> {1}, lat |-> {1, 3}, dep |-> {}],
           done |-> TRUE,
           comTime |-> 4,
           executed |-> TRUE,
           exStartTime |-> 2 ],
         [ PC |-> [pc |-> 2, type |-> {2}, lat |-> {3}, dep |-> {1}],
           done |-> TRUE,
           comTime |-> 7,
           executed |-> TRUE,
           exStartTime |-> 3 ],
         [ PC |-> [pc |-> 3, type |-> {2}, lat |-> {3}, dep |-> {}],
           done |-> FALSE,
           comTime |-> 0,
           executed |-> FALSE,
           exStartTime |-> 6 ],
         [ PC |-> [pc |-> 4, type |-> {1}, lat |-> {3}, dep |-> {3}],
           done |-> FALSE,
           comTime |-> 0,
           executed |-> FALSE,
           exStartTime |-> 0 ] >> ]
/\ depProg = <<>>
/\ FUTmpLat2 = <<<<<<3, 3>>, 3>>, 3>>
/\ depProgTmp = <<>>
/\ prog2 = [ rest |-> <<>>,
  exec |->
      << [ PC |-> [pc |-> 1, type |-> {1}, lat |-> {1, 3}, dep |-> {}],
           done |-> TRUE,
           comTime |-> 6,
           executed |-> TRUE,
           exStartTime |-> 2 ],
         [ PC |-> [pc |-> 2, type |-> {2}, lat |-> {3}, dep |-> {1}],
           done |-> FALSE,
           comTime |-> 0,
           executed |-> FALSE,
           exStartTime |-> 6 ],
         [ PC |-> [pc |-> 3, type |-> {2}, lat |-> {3}, dep |-> {}],
           done |-> FALSE,
           comTime |-> 0,
           executed |-> TRUE,
           exStartTime |-> 3 ],
         [ PC |-> [pc |-> 4, type |-> {1}, lat |-> {3}, dep |-> {3}],
           done |-> FALSE,
           comTime |-> 0,
           executed |-> FALSE,
           exStartTime |-> 6 ] >> ]
/\ FU = <<1, 2, 2, 1>>
/\ _FU = << [ PC |-> [pc |-> 0, type |-> "empty"],
     currLat |-> 1,
     usage |-> 1,
     baseLat |-> 1 ],
   [ PC |-> [pc |-> 3, type |-> {2}, lat |-> {3}, dep |-> {}],
     currLat |-> 2,
     usage |-> 5,
     baseLat |-> 3 ] >>

@!@!@ENDMSG 2217 @!@!@
@!@!@STARTMSG 2217:4 @!@!@
10: <Next line 83, col 9 to line 109, col 103 of module pipeline_ooo>
/\ FULat2 = <<3, 3, 3, 3>>
/\ iMiss2 = <<FALSE, FALSE, FALSE, FALSE>>
/\ _RS2 = <<{}, {}>>
/\ locWorst = <<FALSE, TRUE>>
/\ _COM2 = <<[PC |-> [pc |-> 0, type |-> "empty"]], [PC |-> [pc |-> 0, type |-> "empty"]]>>
/\ _ID = <<[PC |-> [pc |-> 0, type |-> "empty"]], [PC |-> [pc |-> 0, type |-> "empty"]]>>
/\ _IF = << [PC |-> [pc |-> 0, type |-> "empty"], currLat |-> 1, baseLat |-> 1],
   [PC |-> [pc |-> 0, type |-> "empty"], currLat |-> 1, baseLat |-> 1] >>
/\ FUTmpLat = <<<<<<1, 3>>, 3>>, 3>>
/\ _FU2 = << [ PC |-> [pc |-> 4, type |-> {1}, lat |-> {3}, dep |-> {3}],
     currLat |-> 3,
     usage |-> 6,
     baseLat |-> 3 ],
   [ PC |-> [pc |-> 2, type |-> {2}, lat |-> {3}, dep |-> {1}],
     currLat |-> 3,
     usage |-> 6,
     baseLat |-> 3 ] >>
/\ FUTmp = <<<<<<1, 2>>, 2>>, 1>>
/\ _COM = <<[PC |-> [pc |-> 0, type |-> "empty"]], [PC |-> [pc |-> 0, type |-> "empty"]]>>
/\ _ID2 = <<[PC |-> [pc |-> 0, type |-> "empty"]], [PC |-> [pc |-> 0, type |-> "empty"]]>>
/\ graph = [ nodes |->
      << [FU2 |-> 4, IF1 |-> 1, IF2 |-> 2, FU1 |-> 3, COM |-> 4],
         [FU2 |-> 7, IF1 |-> 1, IF2 |-> 2, FU1 |-> 4, COM |-> 7],
         [FU2 |-> 0, IF1 |-> 2, IF2 |-> 3, FU1 |-> 7, COM |-> 0],
         [FU2 |-> 0, IF1 |-> 2, IF2 |-> 3, FU1 |-> 0, COM |-> 0] >>,
  edges |->
      { [type |-> "D", source |-> 1, dest |-> 2],
        [type |-> "D", source |-> 3, dest |-> 4],
        [type |-> "RS", source |-> 2, dest |-> 3] } ]
/\ currCycle2 = 9
/\ FU2 = <<1, 2, 2, 1>>
/\ _IF2 = << [PC |-> [pc |-> 0, type |-> "empty"], currLat |-> 1, baseLat |-> 1],
   [PC |-> [pc |-> 0, type |-> "empty"], currLat |-> 1, baseLat |-> 1] >>
/\ iMissTmp2 = <<<<<<FALSE, FALSE>>, FALSE>>, FALSE>>
/\ iMiss = <<FALSE, FALSE, FALSE, FALSE>>
/\ graph2 = [ nodes |->
      << [FU2 |-> 6, IF1 |-> 1, IF2 |-> 2, FU1 |-> 3, COM |-> 6],
         [FU2 |-> 0, IF1 |-> 1, IF2 |-> 2, FU1 |-> 7, COM |-> 0],
         [FU2 |-> 7, IF1 |-> 2, IF2 |-> 3, FU1 |-> 4, COM |-> 0],
         [FU2 |-> 0, IF1 |-> 2, IF2 |-> 3, FU1 |-> 7, COM |-> 0] >>,
  edges |->
      { [type |-> "D", source |-> 1, dest |-> 2],
        [type |-> "D", source |-> 3, dest |-> 4],
        [type |-> "RS", source |-> 1, dest |-> 4],
        [type |-> "RS", source |-> 3, dest |-> 2] } ]
/\ _RS = <<{[pc |-> 4, type |-> {1}, lat |-> {3}, dep |-> {3}]}, {}>>
/\ commonPre = FALSE
/\ currCycle = 9
/\ iMissTmp = <<<<<<FALSE, FALSE>>, FALSE>>, FALSE>>
/\ FULat = <<1, 3, 3, 3>>
/\ FUTmp2 = <<<<<<1, 2>>, 2>>, 1>>
/\ prog = [ rest |-> <<>>,
  exec |->
      << [ PC |-> [pc |-> 1, type |-> {1}, lat |-> {1, 3}, dep |-> {}],
           done |-> TRUE,
           comTime |-> 4,
           executed |-> TRUE,
           exStartTime |-> 2 ],
         [ PC |-> [pc |-> 2, type |-> {2}, lat |-> {3}, dep |-> {1}],
           done |-> TRUE,
           comTime |-> 7,
           executed |-> TRUE,
           exStartTime |-> 3 ],
         [ PC |-> [pc |-> 3, type |-> {2}, lat |-> {3}, dep |-> {}],
           done |-> FALSE,
           comTime |-> 0,
           executed |-> FALSE,
           exStartTime |-> 6 ],
         [ PC |-> [pc |-> 4, type |-> {1}, lat |-> {3}, dep |-> {3}],
           done |-> FALSE,
           comTime |-> 0,
           executed |-> FALSE,
           exStartTime |-> 0 ] >> ]
/\ depProg = <<>>
/\ FUTmpLat2 = <<<<<<3, 3>>, 3>>, 3>>
/\ depProgTmp = <<>>
/\ prog2 = [ rest |-> <<>>,
  exec |->
      << [ PC |-> [pc |-> 1, type |-> {1}, lat |-> {1, 3}, dep |-> {}],
           done |-> TRUE,
           comTime |-> 6,
           executed |-> TRUE,
           exStartTime |-> 2 ],
         [ PC |-> [pc |-> 2, type |-> {2}, lat |-> {3}, dep |-> {1}],
           done |-> FALSE,
           comTime |-> 0,
           executed |-> FALSE,
           exStartTime |-> 6 ],
         [ PC |-> [pc |-> 3, type |-> {2}, lat |-> {3}, dep |-> {}],
           done |-> FALSE,
           comTime |-> 0,
           executed |-> TRUE,
           exStartTime |-> 3 ],
         [ PC |-> [pc |-> 4, type |-> {1}, lat |-> {3}, dep |-> {3}],
           done |-> FALSE,
           comTime |-> 0,
           executed |-> FALSE,
           exStartTime |-> 6 ] >> ]
/\ FU = <<1, 2, 2, 1>>
/\ _FU = << [ PC |-> [pc |-> 0, type |-> "empty"],
     currLat |-> 1,
     usage |-> 1,
     baseLat |-> 1 ],
   [ PC |-> [pc |-> 3, type |-> {2}, lat |-> {3}, dep |-> {}],
     currLat |-> 3,
     usage |-> 6,
     baseLat |-> 3 ] >>

@!@!@ENDMSG 2217 @!@!@
@!@!@STARTMSG 2217:4 @!@!@
11: <Next line 83, col 9 to line 109, col 103 of module pipeline_ooo>
/\ FULat2 = <<3, 3, 3, 3>>
/\ iMiss2 = <<FALSE, FALSE, FALSE, FALSE>>
/\ _RS2 = <<{}, {}>>
/\ locWorst = <<FALSE, TRUE>>
/\ _COM2 = << [PC |-> [pc |-> 2, type |-> {2}, lat |-> {3}, dep |-> {1}]],
   [PC |-> [pc |-> 3, type |-> {2}, lat |-> {3}, dep |-> {}]] >>
/\ _ID = <<[PC |-> [pc |-> 0, type |-> "empty"]], [PC |-> [pc |-> 0, type |-> "empty"]]>>
/\ _IF = << [PC |-> [pc |-> 0, type |-> "empty"], currLat |-> 1, baseLat |-> 1],
   [PC |-> [pc |-> 0, type |-> "empty"], currLat |-> 1, baseLat |-> 1] >>
/\ FUTmpLat = <<<<<<1, 3>>, 3>>, 3>>
/\ _FU2 = << [ PC |-> [pc |-> 0, type |-> "empty"],
     currLat |-> 1,
     usage |-> 6,
     baseLat |-> 1 ],
   [ PC |-> [pc |-> 0, type |-> "empty"],
     currLat |-> 1,
     usage |-> 6,
     baseLat |-> 1 ] >>
/\ FUTmp = <<<<<<1, 2>>, 2>>, 1>>
/\ _COM = << [PC |-> [pc |-> 3, type |-> {2}, lat |-> {3}, dep |-> {}]],
   [PC |-> [pc |-> 0, type |-> "empty"]] >>
/\ _ID2 = <<[PC |-> [pc |-> 0, type |-> "empty"]], [PC |-> [pc |-> 0, type |-> "empty"]]>>
/\ graph = [ nodes |->
      << [FU2 |-> 4, IF1 |-> 1, IF2 |-> 2, FU1 |-> 3, COM |-> 4],
         [FU2 |-> 7, IF1 |-> 1, IF2 |-> 2, FU1 |-> 4, COM |-> 7],
         [FU2 |-> 10, IF1 |-> 2, IF2 |-> 3, FU1 |-> 7, COM |-> 0],
         [FU2 |-> 0, IF1 |-> 2, IF2 |-> 3, FU1 |-> 0, COM |-> 0] >>,
  edges |->
      { [type |-> "D", source |-> 1, dest |-> 2],
        [type |-> "D", source |-> 3, dest |-> 4],
        [type |-> "RS", source |-> 2, dest |-> 3] } ]
/\ currCycle2 = 10
/\ FU2 = <<1, 2, 2, 1>>
/\ _IF2 = << [PC |-> [pc |-> 0, type |-> "empty"], currLat |-> 1, baseLat |-> 1],
   [PC |-> [pc |-> 0, type |-> "empty"], currLat |-> 1, baseLat |-> 1] >>
/\ iMissTmp2 = <<<<<<FALSE, FALSE>>, FALSE>>, FALSE>>
/\ iMiss = <<FALSE, FALSE, FALSE, FALSE>>
/\ graph2 = [ nodes |->
      << [FU2 |-> 6, IF1 |-> 1, IF2 |-> 2, FU1 |-> 3, COM |-> 6],
         [FU2 |-> 10, IF1 |-> 1, IF2 |-> 2, FU1 |-> 7, COM |-> 0],
         [FU2 |-> 7, IF1 |-> 2, IF2 |-> 3, FU1 |-> 4, COM |-> 0],
         [FU2 |-> 10, IF1 |-> 2, IF2 |-> 3, FU1 |-> 7, COM |-> 0] >>,
  edges |->
      { [type |-> "D", source |-> 1, dest |-> 2],
        [type |-> "D", source |-> 3, dest |-> 4],
        [type |-> "RS", source |-> 1, dest |-> 4],
        [type |-> "RS", source |-> 3, dest |-> 2],
        [type |-> "ROB", source |-> 3, dest |-> 4] } ]
/\ _RS = <<{}, {}>>
/\ commonPre = FALSE
/\ currCycle = 10
/\ iMissTmp = <<<<<<FALSE, FALSE>>, FALSE>>, FALSE>>
/\ FULat = <<1, 3, 3, 3>>
/\ FUTmp2 = <<<<<<1, 2>>, 2>>, 1>>
/\ prog = [ rest |-> <<>>,
  exec |->
      << [ PC |-> [pc |-> 1, type |-> {1}, lat |-> {1, 3}, dep |-> {}],
           done |-> TRUE,
           comTime |-> 4,
           executed |-> TRUE,
           exStartTime |-> 2 ],
         [ PC |-> [pc |-> 2, type |-> {2}, lat |-> {3}, dep |-> {1}],
           done |-> TRUE,
           comTime |-> 7,
           executed |-> TRUE,
           exStartTime |-> 3 ],
         [ PC |-> [pc |-> 3, type |-> {2}, lat |-> {3}, dep |-> {}],
           done |-> FALSE,
           comTime |-> 0,
           executed |-> TRUE,
           exStartTime |-> 6 ],
         [ PC |-> [pc |-> 4, type |-> {1}, lat |-> {3}, dep |-> {3}],
           done |-> FALSE,
           comTime |-> 0,
           executed |-> FALSE,
           exStartTime |-> 9 ] >> ]
/\ depProg = <<>>
/\ FUTmpLat2 = <<<<<<3, 3>>, 3>>, 3>>
/\ depProgTmp = <<>>
/\ prog2 = [ rest |-> <<>>,
  exec |->
      << [ PC |-> [pc |-> 1, type |-> {1}, lat |-> {1, 3}, dep |-> {}],
           done |-> TRUE,
           comTime |-> 6,
           executed |-> TRUE,
           exStartTime |-> 2 ],
         [ PC |-> [pc |-> 2, type |-> {2}, lat |-> {3}, dep |-> {1}],
           done |-> FALSE,
           comTime |-> 0,
           executed |-> TRUE,
           exStartTime |-> 6 ],
         [ PC |-> [pc |-> 3, type |-> {2}, lat |-> {3}, dep |-> {}],
           done |-> FALSE,
           comTime |-> 0,
           executed |-> TRUE,
           exStartTime |-> 3 ],
         [ PC |-> [pc |-> 4, type |-> {1}, lat |-> {3}, dep |-> {3}],
           done |-> FALSE,
           comTime |-> 0,
           executed |-> TRUE,
           exStartTime |-> 6 ] >> ]
/\ FU = <<1, 2, 2, 1>>
/\ _FU = << [ PC |-> [pc |-> 4, type |-> {1}, lat |-> {3}, dep |-> {3}],
     currLat |-> 1,
     usage |-> 2,
     baseLat |-> 3 ],
   [ PC |-> [pc |-> 0, type |-> "empty"],
     currLat |-> 1,
     usage |-> 6,
     baseLat |-> 1 ] >>

@!@!@ENDMSG 2217 @!@!@
@!@!@STARTMSG 2217:4 @!@!@
12: <Next line 83, col 9 to line 109, col 103 of module pipeline_ooo>
/\ FULat2 = <<3, 3, 3, 3>>
/\ iMiss2 = <<FALSE, FALSE, FALSE, FALSE>>
/\ _RS2 = <<{}, {}>>
/\ locWorst = <<FALSE, TRUE>>
/\ _COM2 = << [PC |-> [pc |-> 4, type |-> {1}, lat |-> {3}, dep |-> {3}]],
   [PC |-> [pc |-> 0, type |-> "empty"]] >>
/\ _ID = <<[PC |-> [pc |-> 0, type |-> "empty"]], [PC |-> [pc |-> 0, type |-> "empty"]]>>
/\ _IF = << [PC |-> [pc |-> 0, type |-> "empty"], currLat |-> 1, baseLat |-> 1],
   [PC |-> [pc |-> 0, type |-> "empty"], currLat |-> 1, baseLat |-> 1] >>
/\ FUTmpLat = <<<<<<1, 3>>, 3>>, 3>>
/\ _FU2 = << [ PC |-> [pc |-> 0, type |-> "empty"],
     currLat |-> 1,
     usage |-> 6,
     baseLat |-> 1 ],
   [ PC |-> [pc |-> 0, type |-> "empty"],
     currLat |-> 1,
     usage |-> 6,
     baseLat |-> 1 ] >>
/\ FUTmp = <<<<<<1, 2>>, 2>>, 1>>
/\ _COM = <<[PC |-> [pc |-> 0, type |-> "empty"]], [PC |-> [pc |-> 0, type |-> "empty"]]>>
/\ _ID2 = <<[PC |-> [pc |-> 0, type |-> "empty"]], [PC |-> [pc |-> 0, type |-> "empty"]]>>
/\ graph = [ nodes |->
      << [FU2 |-> 4, IF1 |-> 1, IF2 |-> 2, FU1 |-> 3, COM |-> 4],
         [FU2 |-> 7, IF1 |-> 1, IF2 |-> 2, FU1 |-> 4, COM |-> 7],
         [FU2 |-> 10, IF1 |-> 2, IF2 |-> 3, FU1 |-> 7, COM |-> 10],
         [FU2 |-> 0, IF1 |-> 2, IF2 |-> 3, FU1 |-> 10, COM |-> 0] >>,
  edges |->
      { [type |-> "D", source |-> 1, dest |-> 2],
        [type |-> "D", source |-> 3, dest |-> 4],
        [type |-> "RS", source |-> 2, dest |-> 3] } ]
/\ currCycle2 = 11
/\ FU2 = <<1, 2, 2, 1>>
/\ _IF2 = << [PC |-> [pc |-> 0, type |-> "empty"], currLat |-> 1, baseLat |-> 1],
   [PC |-> [pc |-> 0, type |-> "empty"], currLat |-> 1, baseLat |-> 1] >>
/\ iMissTmp2 = <<<<<<FALSE, FALSE>>, FALSE>>, FALSE>>
/\ iMiss = <<FALSE, FALSE, FALSE, FALSE>>
/\ graph2 = [ nodes |->
      << [FU2 |-> 6, IF1 |-> 1, IF2 |-> 2, FU1 |-> 3, COM |-> 6],
         [FU2 |-> 10, IF1 |-> 1, IF2 |-> 2, FU1 |-> 7, COM |-> 10],
         [FU2 |-> 7, IF1 |-> 2, IF2 |-> 3, FU1 |-> 4, COM |-> 10],
         [FU2 |-> 10, IF1 |-> 2, IF2 |-> 3, FU1 |-> 7, COM |-> 0] >>,
  edges |->
      { [type |-> "D", source |-> 1, dest |-> 2],
        [type |-> "D", source |-> 3, dest |-> 4],
        [type |-> "RS", source |-> 1, dest |-> 4],
        [type |-> "RS", source |-> 3, dest |-> 2],
        [type |-> "ROB", source |-> 3, dest |-> 4] } ]
/\ _RS = <<{}, {}>>
/\ commonPre = FALSE
/\ currCycle = 11
/\ iMissTmp = <<<<<<FALSE, FALSE>>, FALSE>>, FALSE>>
/\ FULat = <<1, 3, 3, 3>>
/\ FUTmp2 = <<<<<<1, 2>>, 2>>, 1>>
/\ prog = [ rest |-> <<>>,
  exec |->
      << [ PC |-> [pc |-> 1, type |-> {1}, lat |-> {1, 3}, dep |-> {}],
           done |-> TRUE,
           comTime |-> 4,
           executed |-> TRUE,
           exStartTime |-> 2 ],
         [ PC |-> [pc |-> 2, type |-> {2}, lat |-> {3}, dep |-> {1}],
           done |-> TRUE,
           comTime |-> 7,
           executed |-> TRUE,
           exStartTime |-> 3 ],
         [ PC |-> [pc |-> 3, type |-> {2}, lat |-> {3}, dep |-> {}],
           done |-> TRUE,
           comTime |-> 10,
           executed |-> TRUE,
           exStartTime |-> 6 ],
         [ PC |-> [pc |-> 4, type |-> {1}, lat |-> {3}, dep |-> {3}],
           done |-> FALSE,
           comTime |-> 0,
           executed |-> FALSE,
           exStartTime |-> 9 ] >> ]
/\ depProg = <<>>
/\ FUTmpLat2 = <<<<<<3, 3>>, 3>>, 3>>
/\ depProgTmp = <<>>
/\ prog2 = [ rest |-> <<>>,
  exec |->
      << [ PC |-> [pc |-> 1, type |-> {1}, lat |-> {1, 3}, dep |-> {}],
           done |-> TRUE,
           comTime |-> 6,
           executed |-> TRUE,
           exStartTime |-> 2 ],
         [ PC |-> [pc |-> 2, type |-> {2}, lat |-> {3}, dep |-> {1}],
           done |-> TRUE,
           comTime |-> 10,
           executed |-> TRUE,
           exStartTime |-> 6 ],
         [ PC |-> [pc |-> 3, type |-> {2}, lat |-> {3}, dep |-> {}],
           done |-> TRUE,
           comTime |-> 10,
           executed |-> TRUE,
           exStartTime |-> 3 ],
         [ PC |-> [pc |-> 4, type |-> {1}, lat |-> {3}, dep |-> {3}],
           done |-> FALSE,
           comTime |-> 0,
           executed |-> TRUE,
           exStartTime |-> 6 ] >> ]
/\ FU = <<1, 2, 2, 1>>
/\ _FU = << [ PC |-> [pc |-> 4, type |-> {1}, lat |-> {3}, dep |-> {3}],
     currLat |-> 2,
     usage |-> 3,
     baseLat |-> 3 ],
   [ PC |-> [pc |-> 0, type |-> "empty"],
     currLat |-> 1,
     usage |-> 6,
     baseLat |-> 1 ] >>

@!@!@ENDMSG 2217 @!@!@
@!@!@STARTMSG 2217:4 @!@!@
13: <Next line 83, col 9 to line 109, col 103 of module pipeline_ooo>
/\ FULat2 = <<3, 3, 3, 3>>
/\ iMiss2 = <<FALSE, FALSE, FALSE, FALSE>>
/\ _RS2 = <<{}, {}>>
/\ locWorst = <<FALSE, TRUE>>
/\ _COM2 = <<[PC |-> [pc |-> 0, type |-> "empty"]], [PC |-> [pc |-> 0, type |-> "empty"]]>>
/\ _ID = <<[PC |-> [pc |-> 0, type |-> "empty"]], [PC |-> [pc |-> 0, type |-> "empty"]]>>
/\ _IF = << [PC |-> [pc |-> 0, type |-> "empty"], currLat |-> 1, baseLat |-> 1],
   [PC |-> [pc |-> 0, type |-> "empty"], currLat |-> 1, baseLat |-> 1] >>
/\ FUTmpLat = <<<<<<1, 3>>, 3>>, 3>>
/\ _FU2 = << [ PC |-> [pc |-> 0, type |-> "empty"],
     currLat |-> 1,
     usage |-> 6,
     baseLat |-> 1 ],
   [ PC |-> [pc |-> 0, type |-> "empty"],
     currLat |-> 1,
     usage |-> 6,
     baseLat |-> 1 ] >>
/\ FUTmp = <<<<<<1, 2>>, 2>>, 1>>
/\ _COM = <<[PC |-> [pc |-> 0, type |-> "empty"]], [PC |-> [pc |-> 0, type |-> "empty"]]>>
/\ _ID2 = <<[PC |-> [pc |-> 0, type |-> "empty"]], [PC |-> [pc |-> 0, type |-> "empty"]]>>
/\ graph = [ nodes |->
      << [FU2 |-> 4, IF1 |-> 1, IF2 |-> 2, FU1 |-> 3, COM |-> 4],
         [FU2 |-> 7, IF1 |-> 1, IF2 |-> 2, FU1 |-> 4, COM |-> 7],
         [FU2 |-> 10, IF1 |-> 2, IF2 |-> 3, FU1 |-> 7, COM |-> 10],
         [FU2 |-> 0, IF1 |-> 2, IF2 |-> 3, FU1 |-> 10, COM |-> 0] >>,
  edges |->
      { [type |-> "D", source |-> 1, dest |-> 2],
        [type |-> "D", source |-> 3, dest |-> 4],
        [type |-> "RS", source |-> 2, dest |-> 3] } ]
/\ currCycle2 = 12
/\ FU2 = <<1, 2, 2, 1>>
/\ _IF2 = << [PC |-> [pc |-> 0, type |-> "empty"], currLat |-> 1, baseLat |-> 1],
   [PC |-> [pc |-> 0, type |-> "empty"], currLat |-> 1, baseLat |-> 1] >>
/\ iMissTmp2 = <<<<<<FALSE, FALSE>>, FALSE>>, FALSE>>
/\ iMiss = <<FALSE, FALSE, FALSE, FALSE>>
/\ graph2 = [ nodes |->
      << [FU2 |-> 6, IF1 |-> 1, IF2 |-> 2, FU1 |-> 3, COM |-> 6],
         [FU2 |-> 10, IF1 |-> 1, IF2 |-> 2, FU1 |-> 7, COM |-> 10],
         [FU2 |-> 7, IF1 |-> 2, IF2 |-> 3, FU1 |-> 4, COM |-> 10],
         [FU2 |-> 10, IF1 |-> 2, IF2 |-> 3, FU1 |-> 7, COM |-> 11] >>,
  edges |->
      { [type |-> "D", source |-> 1, dest |-> 2],
        [type |-> "D", source |-> 3, dest |-> 4],
        [type |-> "RS", source |-> 1, dest |-> 4],
        [type |-> "RS", source |-> 3, dest |-> 2],
        [type |-> "ROB", source |-> 3, dest |-> 4] } ]
/\ _RS = <<{}, {}>>
/\ commonPre = FALSE
/\ currCycle = 12
/\ iMissTmp = <<<<<<FALSE, FALSE>>, FALSE>>, FALSE>>
/\ FULat = <<1, 3, 3, 3>>
/\ FUTmp2 = <<<<<<1, 2>>, 2>>, 1>>
/\ prog = [ rest |-> <<>>,
  exec |->
      << [ PC |-> [pc |-> 1, type |-> {1}, lat |-> {1, 3}, dep |-> {}],
           done |-> TRUE,
           comTime |-> 4,
           executed |-> TRUE,
           exStartTime |-> 2 ],
         [ PC |-> [pc |-> 2, type |-> {2}, lat |-> {3}, dep |-> {1}],
           done |-> TRUE,
           comTime |-> 7,
           executed |-> TRUE,
           exStartTime |-> 3 ],
         [ PC |-> [pc |-> 3, type |-> {2}, lat |-> {3}, dep |-> {}],
           done |-> TRUE,
           comTime |-> 10,
           executed |-> TRUE,
           exStartTime |-> 6 ],
         [ PC |-> [pc |-> 4, type |-> {1}, lat |-> {3}, dep |-> {3}],
           done |-> FALSE,
           comTime |-> 0,
           executed |-> FALSE,
           exStartTime |-> 9 ] >> ]
/\ depProg = <<>>
/\ FUTmpLat2 = <<<<<<3, 3>>, 3>>, 3>>
/\ depProgTmp = <<>>
/\ prog2 = [ rest |-> <<>>,
  exec |->
      << [ PC |-> [pc |-> 1, type |-> {1}, lat |-> {1, 3}, dep |-> {}],
           done |-> TRUE,
           comTime |-> 6,
           executed |-> TRUE,
           exStartTime |-> 2 ],
         [ PC |-> [pc |-> 2, type |-> {2}, lat |-> {3}, dep |-> {1}],
           done |-> TRUE,
           comTime |-> 10,
           executed |-> TRUE,
           exStartTime |-> 6 ],
         [ PC |-> [pc |-> 3, type |-> {2}, lat |-> {3}, dep |-> {}],
           done |-> TRUE,
           comTime |-> 10,
           executed |-> TRUE,
           exStartTime |-> 3 ],
         [ PC |-> [pc |-> 4, type |-> {1}, lat |-> {3}, dep |-> {3}],
           done |-> TRUE,
           comTime |-> 11,
           executed |-> TRUE,
           exStartTime |-> 6 ] >> ]
/\ FU = <<1, 2, 2, 1>>
/\ _FU = << [ PC |-> [pc |-> 4, type |-> {1}, lat |-> {3}, dep |-> {3}],
     currLat |-> 3,
     usage |-> 4,
     baseLat |-> 3 ],
   [ PC |-> [pc |-> 0, type |-> "empty"],
     currLat |-> 1,
     usage |-> 6,
     baseLat |-> 1 ] >>

@!@!@ENDMSG 2217 @!@!@
@!@!@STARTMSG 2217:4 @!@!@
14: <Next line 83, col 9 to line 109, col 103 of module pipeline_ooo>
/\ FULat2 = <<3, 3, 3, 3>>
/\ iMiss2 = <<FALSE, FALSE, FALSE, FALSE>>
/\ _RS2 = <<{}, {}>>
/\ locWorst = <<FALSE, TRUE>>
/\ _COM2 = <<[PC |-> [pc |-> 0, type |-> "empty"]], [PC |-> [pc |-> 0, type |-> "empty"]]>>
/\ _ID = <<[PC |-> [pc |-> 0, type |-> "empty"]], [PC |-> [pc |-> 0, type |-> "empty"]]>>
/\ _IF = << [PC |-> [pc |-> 0, type |-> "empty"], currLat |-> 1, baseLat |-> 1],
   [PC |-> [pc |-> 0, type |-> "empty"], currLat |-> 1, baseLat |-> 1] >>
/\ FUTmpLat = <<<<<<1, 3>>, 3>>, 3>>
/\ _FU2 = << [ PC |-> [pc |-> 0, type |-> "empty"],
     currLat |-> 1,
     usage |-> 6,
     baseLat |-> 1 ],
   [ PC |-> [pc |-> 0, type |-> "empty"],
     currLat |-> 1,
     usage |-> 6,
     baseLat |-> 1 ] >>
/\ FUTmp = <<<<<<1, 2>>, 2>>, 1>>
/\ _COM = << [PC |-> [pc |-> 4, type |-> {1}, lat |-> {3}, dep |-> {3}]],
   [PC |-> [pc |-> 0, type |-> "empty"]] >>
/\ _ID2 = <<[PC |-> [pc |-> 0, type |-> "empty"]], [PC |-> [pc |-> 0, type |-> "empty"]]>>
/\ graph = [ nodes |->
      << [FU2 |-> 4, IF1 |-> 1, IF2 |-> 2, FU1 |-> 3, COM |-> 4],
         [FU2 |-> 7, IF1 |-> 1, IF2 |-> 2, FU1 |-> 4, COM |-> 7],
         [FU2 |-> 10, IF1 |-> 2, IF2 |-> 3, FU1 |-> 7, COM |-> 10],
         [FU2 |-> 13, IF1 |-> 2, IF2 |-> 3, FU1 |-> 10, COM |-> 0] >>,
  edges |->
      { [type |-> "D", source |-> 1, dest |-> 2],
        [type |-> "D", source |-> 3, dest |-> 4],
        [type |-> "RS", source |-> 2, dest |-> 3] } ]
/\ currCycle2 = 12
/\ FU2 = <<1, 2, 2, 1>>
/\ _IF2 = << [PC |-> [pc |-> 0, type |-> "empty"], currLat |-> 1, baseLat |-> 1],
   [PC |-> [pc |-> 0, type |-> "empty"], currLat |-> 1, baseLat |-> 1] >>
/\ iMissTmp2 = <<<<<<FALSE, FALSE>>, FALSE>>, FALSE>>
/\ iMiss = <<FALSE, FALSE, FALSE, FALSE>>
/\ graph2 = [ nodes |->
      << [FU2 |-> 6, IF1 |-> 1, IF2 |-> 2, FU1 |-> 3, COM |-> 6],
         [FU2 |-> 10, IF1 |-> 1, IF2 |-> 2, FU1 |-> 7, COM |-> 10],
         [FU2 |-> 7, IF1 |-> 2, IF2 |-> 3, FU1 |-> 4, COM |-> 10],
         [FU2 |-> 10, IF1 |-> 2, IF2 |-> 3, FU1 |-> 7, COM |-> 11] >>,
  edges |->
      { [type |-> "D", source |-> 1, dest |-> 2],
        [type |-> "D", source |-> 3, dest |-> 4],
        [type |-> "RS", source |-> 1, dest |-> 4],
        [type |-> "RS", source |-> 3, dest |-> 2],
        [type |-> "ROB", source |-> 3, dest |-> 4] } ]
/\ _RS = <<{}, {}>>
/\ commonPre = FALSE
/\ currCycle = 13
/\ iMissTmp = <<<<<<FALSE, FALSE>>, FALSE>>, FALSE>>
/\ FULat = <<1, 3, 3, 3>>
/\ FUTmp2 = <<<<<<1, 2>>, 2>>, 1>>
/\ prog = [ rest |-> <<>>,
  exec |->
      << [ PC |-> [pc |-> 1, type |-> {1}, lat |-> {1, 3}, dep |-> {}],
           done |-> TRUE,
           comTime |-> 4,
           executed |-> TRUE,
           exStartTime |-> 2 ],
         [ PC |-> [pc |-> 2, type |-> {2}, lat |-> {3}, dep |-> {1}],
           done |-> TRUE,
           comTime |-> 7,
           executed |-> TRUE,
           exStartTime |-> 3 ],
         [ PC |-> [pc |-> 3, type |-> {2}, lat |-> {3}, dep |-> {}],
           done |-> TRUE,
           comTime |-> 10,
           executed |-> TRUE,
           exStartTime |-> 6 ],
         [ PC |-> [pc |-> 4, type |-> {1}, lat |-> {3}, dep |-> {3}],
           done |-> FALSE,
           comTime |-> 0,
           executed |-> TRUE,
           exStartTime |-> 9 ] >> ]
/\ depProg = <<>>
/\ FUTmpLat2 = <<<<<<3, 3>>, 3>>, 3>>
/\ depProgTmp = <<>>
/\ prog2 = [ rest |-> <<>>,
  exec |->
      << [ PC |-> [pc |-> 1, type |-> {1}, lat |-> {1, 3}, dep |-> {}],
           done |-> TRUE,
           comTime |-> 6,
           executed |-> TRUE,
           exStartTime |-> 2 ],
         [ PC |-> [pc |-> 2, type |-> {2}, lat |-> {3}, dep |-> {1}],
           done |-> TRUE,
           comTime |-> 10,
           executed |-> TRUE,
           exStartTime |-> 6 ],
         [ PC |-> [pc |-> 3, type |-> {2}, lat |-> {3}, dep |-> {}],
           done |-> TRUE,
           comTime |-> 10,
           executed |-> TRUE,
           exStartTime |-> 3 ],
         [ PC |-> [pc |-> 4, type |-> {1}, lat |-> {3}, dep |-> {3}],
           done |-> TRUE,
           comTime |-> 11,
           executed |-> TRUE,
           exStartTime |-> 6 ] >> ]
/\ FU = <<1, 2, 2, 1>>
/\ _FU = << [ PC |-> [pc |-> 0, type |-> "empty"],
     currLat |-> 1,
     usage |-> 4,
     baseLat |-> 1 ],
   [ PC |-> [pc |-> 0, type |-> "empty"],
     currLat |-> 1,
     usage |-> 6,
     baseLat |-> 1 ] >>

@!@!@ENDMSG 2217 @!@!@
@!@!@STARTMSG 2217:4 @!@!@
15: <Next line 83, col 9 to line 109, col 103 of module pipeline_ooo>
/\ FULat2 = <<3, 3, 3, 3>>
/\ iMiss2 = <<FALSE, FALSE, FALSE, FALSE>>
/\ _RS2 = <<{}, {}>>
/\ locWorst = <<FALSE, TRUE>>
/\ _COM2 = <<[PC |-> [pc |-> 0, type |-> "empty"]], [PC |-> [pc |-> 0, type |-> "empty"]]>>
/\ _ID = <<[PC |-> [pc |-> 0, type |-> "empty"]], [PC |-> [pc |-> 0, type |-> "empty"]]>>
/\ _IF = << [PC |-> [pc |-> 0, type |-> "empty"], currLat |-> 1, baseLat |-> 1],
   [PC |-> [pc |-> 0, type |-> "empty"], currLat |-> 1, baseLat |-> 1] >>
/\ FUTmpLat = <<<<<<1, 3>>, 3>>, 3>>
/\ _FU2 = << [ PC |-> [pc |-> 0, type |-> "empty"],
     currLat |-> 1,
     usage |-> 6,
     baseLat |-> 1 ],
   [ PC |-> [pc |-> 0, type |-> "empty"],
     currLat |-> 1,
     usage |-> 6,
     baseLat |-> 1 ] >>
/\ FUTmp = <<<<<<1, 2>>, 2>>, 1>>
/\ _COM = <<[PC |-> [pc |-> 0, type |-> "empty"]], [PC |-> [pc |-> 0, type |-> "empty"]]>>
/\ _ID2 = <<[PC |-> [pc |-> 0, type |-> "empty"]], [PC |-> [pc |-> 0, type |-> "empty"]]>>
/\ graph = [ nodes |->
      << [FU2 |-> 4, IF1 |-> 1, IF2 |-> 2, FU1 |-> 3, COM |-> 4],
         [FU2 |-> 7, IF1 |-> 1, IF2 |-> 2, FU1 |-> 4, COM |-> 7],
         [FU2 |-> 10, IF1 |-> 2, IF2 |-> 3, FU1 |-> 7, COM |-> 10],
         [FU2 |-> 13, IF1 |-> 2, IF2 |-> 3, FU1 |-> 10, COM |-> 13] >>,
  edges |->
      { [type |-> "D", source |-> 1, dest |-> 2],
        [type |-> "D", source |-> 3, dest |-> 4],
        [type |-> "RS", source |-> 2, dest |-> 3] } ]
/\ currCycle2 = 12
/\ FU2 = <<1, 2, 2, 1>>
/\ _IF2 = << [PC |-> [pc |-> 0, type |-> "empty"], currLat |-> 1, baseLat |-> 1],
   [PC |-> [pc |-> 0, type |-> "empty"], currLat |-> 1, baseLat |-> 1] >>
/\ iMissTmp2 = <<<<<<FALSE, FALSE>>, FALSE>>, FALSE>>
/\ iMiss = <<FALSE, FALSE, FALSE, FALSE>>
/\ graph2 = [ nodes |->
      << [FU2 |-> 6, IF1 |-> 1, IF2 |-> 2, FU1 |-> 3, COM |-> 6],
         [FU2 |-> 10, IF1 |-> 1, IF2 |-> 2, FU1 |-> 7, COM |-> 10],
         [FU2 |-> 7, IF1 |-> 2, IF2 |-> 3, FU1 |-> 4, COM |-> 10],
         [FU2 |-> 10, IF1 |-> 2, IF2 |-> 3, FU1 |-> 7, COM |-> 11] >>,
  edges |->
      { [type |-> "D", source |-> 1, dest |-> 2],
        [type |-> "D", source |-> 3, dest |-> 4],
        [type |-> "RS", source |-> 1, dest |-> 4],
        [type |-> "RS", source |-> 3, dest |-> 2],
        [type |-> "ROB", source |-> 3, dest |-> 4] } ]
/\ _RS = <<{}, {}>>
/\ commonPre = FALSE
/\ currCycle = 14
/\ iMissTmp = <<<<<<FALSE, FALSE>>, FALSE>>, FALSE>>
/\ FULat = <<1, 3, 3, 3>>
/\ FUTmp2 = <<<<<<1, 2>>, 2>>, 1>>
/\ prog = [ rest |-> <<>>,
  exec |->
      << [ PC |-> [pc |-> 1, type |-> {1}, lat |-> {1, 3}, dep |-> {}],
           done |-> TRUE,
           comTime |-> 4,
           executed |-> TRUE,
           exStartTime |-> 2 ],
         [ PC |-> [pc |-> 2, type |-> {2}, lat |-> {3}, dep |-> {1}],
           done |-> TRUE,
           comTime |-> 7,
           executed |-> TRUE,
           exStartTime |-> 3 ],
         [ PC |-> [pc |-> 3, type |-> {2}, lat |-> {3}, dep |-> {}],
           done |-> TRUE,
           comTime |-> 10,
           executed |-> TRUE,
           exStartTime |-> 6 ],
         [ PC |-> [pc |-> 4, type |-> {1}, lat |-> {3}, dep |-> {3}],
           done |-> TRUE,
           comTime |-> 13,
           executed |-> TRUE,
           exStartTime |-> 9 ] >> ]
/\ depProg = <<>>
/\ FUTmpLat2 = <<<<<<3, 3>>, 3>>, 3>>
/\ depProgTmp = <<>>
/\ prog2 = [ rest |-> <<>>,
  exec |->
      << [ PC |-> [pc |-> 1, type |-> {1}, lat |-> {1, 3}, dep |-> {}],
           done |-> TRUE,
           comTime |-> 6,
           executed |-> TRUE,
           exStartTime |-> 2 ],
         [ PC |-> [pc |-> 2, type |-> {2}, lat |-> {3}, dep |-> {1}],
           done |-> TRUE,
           comTime |-> 10,
           executed |-> TRUE,
           exStartTime |-> 6 ],
         [ PC |-> [pc |-> 3, type |-> {2}, lat |-> {3}, dep |-> {}],
           done |-> TRUE,
           comTime |-> 10,
           executed |-> TRUE,
           exStartTime |-> 3 ],
         [ PC |-> [pc |-> 4, type |-> {1}, lat |-> {3}, dep |-> {3}],
           done |-> TRUE,
           comTime |-> 11,
           executed |-> TRUE,
           exStartTime |-> 6 ] >> ]
/\ FU = <<1, 2, 2, 1>>
/\ _FU = << [ PC |-> [pc |-> 0, type |-> "empty"],
     currLat |-> 1,
     usage |-> 4,
     baseLat |-> 1 ],
   [ PC |-> [pc |-> 0, type |-> "empty"],
     currLat |-> 1,
     usage |-> 6,
     baseLat |-> 1 ] >>

@!@!@ENDMSG 2217 @!@!@
@!@!@STARTMSG 2201:0 @!@!@
The coverage statistics at 2021-04-20 21:46:09
@!@!@ENDMSG 2201 @!@!@
@!@!@STARTMSG 2773:0 @!@!@
<Init line 57, col 1 to line 57, col 4 of module pipeline_ooo>: 8:8
@!@!@ENDMSG 2773 @!@!@
@!@!@STARTMSG 2221:0 @!@!@
  line 57, col 12 to line 59, col 53 of module pipeline_ooo: 2
@!@!@ENDMSG 2221 @!@!@
@!@!@STARTMSG 2221:0 @!@!@
  line 62, col 15 to line 62, col 51 of module pipeline_ooo: 2
@!@!@ENDMSG 2221 @!@!@
@!@!@STARTMSG 2221:0 @!@!@
  line 63, col 12 to line 63, col 23 of module pipeline_ooo: 2
@!@!@ENDMSG 2221 @!@!@
@!@!@STARTMSG 2221:0 @!@!@
  line 11, col 12 to line 11, col 92 of module pipeline_exec_ooo: 2
@!@!@ENDMSG 2221 @!@!@
@!@!@STARTMSG 2221:0 @!@!@
  line 12, col 12 to line 12, col 62 of module pipeline_exec_ooo: 2
@!@!@ENDMSG 2221 @!@!@
@!@!@STARTMSG 2221:0 @!@!@
  line 13, col 12 to line 13, col 43 of module pipeline_exec_ooo: 2
@!@!@ENDMSG 2221 @!@!@
@!@!@STARTMSG 2221:0 @!@!@
  line 14, col 12 to line 14, col 100 of module pipeline_exec_ooo: 2
@!@!@ENDMSG 2221 @!@!@
@!@!@STARTMSG 2221:0 @!@!@
  line 15, col 12 to line 15, col 63 of module pipeline_exec_ooo: 2
@!@!@ENDMSG 2221 @!@!@
@!@!@STARTMSG 2221:0 @!@!@
  line 17, col 20 to line 18, col 123 of module pipeline_exec_ooo: 2
@!@!@ENDMSG 2221 @!@!@
@!@!@STARTMSG 2221:0 @!@!@
  |line 17, col 22 to line 17, col 116 of module pipeline_exec_ooo: 2
@!@!@ENDMSG 2221 @!@!@
@!@!@STARTMSG 2221:0 @!@!@
  |line 18, col 32 to line 18, col 121 of module pipeline_exec_ooo: 2
@!@!@ENDMSG 2221 @!@!@
@!@!@STARTMSG 2775:0 @!@!@
  ||line 18, col 38 to line 18, col 121 of module pipeline_exec_ooo: 2:35
@!@!@ENDMSG 2775 @!@!@
@!@!@STARTMSG 2775:0 @!@!@
  |||line 18, col 40 to line 18, col 94 of module pipeline_exec_ooo: 8:24
@!@!@ENDMSG 2775 @!@!@
@!@!@STARTMSG 2221:0 @!@!@
  |||line 18, col 104 to line 18, col 119 of module pipeline_exec_ooo: 2
@!@!@ENDMSG 2221 @!@!@
@!@!@STARTMSG 2221:0 @!@!@
  line 11, col 12 to line 11, col 92 of module pipeline_exec_ooo: 2
@!@!@ENDMSG 2221 @!@!@
@!@!@STARTMSG 2221:0 @!@!@
  line 12, col 12 to line 12, col 62 of module pipeline_exec_ooo: 2
@!@!@ENDMSG 2221 @!@!@
@!@!@STARTMSG 2221:0 @!@!@
  line 13, col 12 to line 13, col 43 of module pipeline_exec_ooo: 2
@!@!@ENDMSG 2221 @!@!@
@!@!@STARTMSG 2221:0 @!@!@
  line 14, col 12 to line 14, col 100 of module pipeline_exec_ooo: 2
@!@!@ENDMSG 2221 @!@!@
@!@!@STARTMSG 2221:0 @!@!@
  line 15, col 12 to line 15, col 63 of module pipeline_exec_ooo: 2
@!@!@ENDMSG 2221 @!@!@
@!@!@STARTMSG 2221:0 @!@!@
  line 17, col 20 to line 18, col 123 of module pipeline_exec_ooo: 2
@!@!@ENDMSG 2221 @!@!@
@!@!@STARTMSG 2221:0 @!@!@
  |line 17, col 22 to line 17, col 116 of module pipeline_exec_ooo: 2
@!@!@ENDMSG 2221 @!@!@
@!@!@STARTMSG 2221:0 @!@!@
  |line 18, col 32 to line 18, col 121 of module pipeline_exec_ooo: 2
@!@!@ENDMSG 2221 @!@!@
@!@!@STARTMSG 2775:0 @!@!@
  ||line 18, col 38 to line 18, col 121 of module pipeline_exec_ooo: 2:35
@!@!@ENDMSG 2775 @!@!@
@!@!@STARTMSG 2775:0 @!@!@
  |||line 18, col 40 to line 18, col 94 of module pipeline_exec_ooo: 8:24
@!@!@ENDMSG 2775 @!@!@
@!@!@STARTMSG 2221:0 @!@!@
  |||line 18, col 104 to line 18, col 119 of module pipeline_exec_ooo: 2
@!@!@ENDMSG 2221 @!@!@
@!@!@STARTMSG 2221:0 @!@!@
  line 66, col 12 to line 66, col 27 of module pipeline_ooo: 2
@!@!@ENDMSG 2221 @!@!@
@!@!@STARTMSG 2221:0 @!@!@
  line 67, col 12 to line 67, col 46 of module pipeline_ooo: 2
@!@!@ENDMSG 2221 @!@!@
@!@!@STARTMSG 2221:0 @!@!@
  line 70, col 25 to line 70, col 47 of module pipeline_ooo: 2
@!@!@ENDMSG 2221 @!@!@
@!@!@STARTMSG 2221:0 @!@!@
  |line 39, col 24 to line 39, col 77 of module pipeline_ooo: 8
@!@!@ENDMSG 2221 @!@!@
@!@!@STARTMSG 2221:0 @!@!@
  ||line 39, col 27 to line 39, col 31 of module pipeline_ooo: 8
@!@!@ENDMSG 2221 @!@!@
@!@!@STARTMSG 2221:0 @!@!@
  ||line 39, col 38 to line 39, col 43 of module pipeline_ooo: 2
@!@!@ENDMSG 2221 @!@!@
@!@!@STARTMSG 2221:0 @!@!@
  |||line 32, col 12 to line 32, col 56 of module pipeline_ooo: 8
@!@!@ENDMSG 2221 @!@!@
@!@!@STARTMSG 2775:0 @!@!@
  ||line 39, col 50 to line 39, col 77 of module pipeline_ooo: 6:12
@!@!@ENDMSG 2775 @!@!@
@!@!@STARTMSG 2221:0 @!@!@
  |||line 39, col 50 to line 39, col 67 of module pipeline_ooo: 6
@!@!@ENDMSG 2221 @!@!@
@!@!@STARTMSG 2221:0 @!@!@
  |||line 39, col 72 to line 39, col 77 of module pipeline_ooo: 6
@!@!@ENDMSG 2221 @!@!@
@!@!@STARTMSG 2221:0 @!@!@
  ||||line 32, col 12 to line 32, col 56 of module pipeline_ooo: 8
@!@!@ENDMSG 2221 @!@!@
@!@!@STARTMSG 2221:0 @!@!@
  |line 70, col 40 to line 70, col 46 of module pipeline_ooo: 2
@!@!@ENDMSG 2221 @!@!@
@!@!@STARTMSG 2221:0 @!@!@
  line 71, col 20 to line 71, col 47 of module pipeline_ooo: 2
@!@!@ENDMSG 2221 @!@!@
@!@!@STARTMSG 2221:0 @!@!@
  |line 40, col 19 to line 40, col 92 of module pipeline_ooo: 6
@!@!@ENDMSG 2221 @!@!@
@!@!@STARTMSG 2221:0 @!@!@
  ||line 40, col 22 to line 40, col 26 of module pipeline_ooo: 6
@!@!@ENDMSG 2221 @!@!@
@!@!@STARTMSG 2221:0 @!@!@
  ||line 40, col 33 to line 40, col 50 of module pipeline_ooo: 2
@!@!@ENDMSG 2221 @!@!@
@!@!@STARTMSG 2221:0 @!@!@
  ||line 40, col 57 to line 40, col 92 of module pipeline_ooo: 4
@!@!@ENDMSG 2221 @!@!@
@!@!@STARTMSG 2221:0 @!@!@
  |line 71, col 28 to line 71, col 35 of module pipeline_ooo: 4
@!@!@ENDMSG 2221 @!@!@
@!@!@STARTMSG 2221:0 @!@!@
  |line 71, col 38 to line 71, col 46 of module pipeline_ooo: 2
@!@!@ENDMSG 2221 @!@!@
@!@!@STARTMSG 2221:0 @!@!@
  line 72, col 22 to line 72, col 45 of module pipeline_ooo: 2
@!@!@ENDMSG 2221 @!@!@
@!@!@STARTMSG 2221:0 @!@!@
  |line 39, col 24 to line 39, col 77 of module pipeline_ooo: 8
@!@!@ENDMSG 2221 @!@!@
@!@!@STARTMSG 2221:0 @!@!@
  ||line 39, col 27 to line 39, col 31 of module pipeline_ooo: 8
@!@!@ENDMSG 2221 @!@!@
@!@!@STARTMSG 2221:0 @!@!@
  ||line 39, col 38 to line 39, col 43 of module pipeline_ooo: 2
@!@!@ENDMSG 2221 @!@!@
@!@!@STARTMSG 2221:0 @!@!@
  |||line 33, col 13 to line 33, col 29 of module pipeline_ooo: 8
@!@!@ENDMSG 2221 @!@!@
@!@!@STARTMSG 2775:0 @!@!@
  ||line 39, col 50 to line 39, col 77 of module pipeline_ooo: 6:12
@!@!@ENDMSG 2775 @!@!@
@!@!@STARTMSG 2221:0 @!@!@
  |||line 39, col 50 to line 39, col 67 of module pipeline_ooo: 6
@!@!@ENDMSG 2221 @!@!@
@!@!@STARTMSG 2221:0 @!@!@
  |||line 39, col 72 to line 39, col 77 of module pipeline_ooo: 6
@!@!@ENDMSG 2221 @!@!@
@!@!@STARTMSG 2221:0 @!@!@
  ||||line 39, col 76 to line 39, col 76 of module pipeline_ooo: 6
@!@!@ENDMSG 2221 @!@!@
@!@!@STARTMSG 2221:0 @!@!@
  ||||line 33, col 13 to line 33, col 29 of module pipeline_ooo: 8
@!@!@ENDMSG 2221 @!@!@
@!@!@STARTMSG 2221:0 @!@!@
  |line 72, col 38 to line 72, col 44 of module pipeline_ooo: 2
@!@!@ENDMSG 2221 @!@!@
@!@!@STARTMSG 2221:0 @!@!@
  line 73, col 17 to line 73, col 41 of module pipeline_ooo: 2
@!@!@ENDMSG 2221 @!@!@
@!@!@STARTMSG 2221:0 @!@!@
  |line 40, col 19 to line 40, col 92 of module pipeline_ooo: 6
@!@!@ENDMSG 2221 @!@!@
@!@!@STARTMSG 2221:0 @!@!@
  ||line 40, col 22 to line 40, col 26 of module pipeline_ooo: 6
@!@!@ENDMSG 2221 @!@!@
@!@!@STARTMSG 2221:0 @!@!@
  ||line 40, col 33 to line 40, col 50 of module pipeline_ooo: 2
@!@!@ENDMSG 2221 @!@!@
@!@!@STARTMSG 2221:0 @!@!@
  ||line 40, col 57 to line 40, col 92 of module pipeline_ooo: 4
@!@!@ENDMSG 2221 @!@!@
@!@!@STARTMSG 2221:0 @!@!@
  |line 73, col 25 to line 73, col 29 of module pipeline_ooo: 4
@!@!@ENDMSG 2221 @!@!@
@!@!@STARTMSG 2221:0 @!@!@
  |line 73, col 32 to line 73, col 40 of module pipeline_ooo: 2
@!@!@ENDMSG 2221 @!@!@
@!@!@STARTMSG 2221:0 @!@!@
  line 74, col 25 to line 74, col 51 of module pipeline_ooo: 2
@!@!@ENDMSG 2221 @!@!@
@!@!@STARTMSG 2221:0 @!@!@
  |line 39, col 24 to line 39, col 77 of module pipeline_ooo: 8
@!@!@ENDMSG 2221 @!@!@
@!@!@STARTMSG 2221:0 @!@!@
  ||line 39, col 27 to line 39, col 31 of module pipeline_ooo: 8
@!@!@ENDMSG 2221 @!@!@
@!@!@STARTMSG 2221:0 @!@!@
  ||line 39, col 38 to line 39, col 43 of module pipeline_ooo: 2
@!@!@ENDMSG 2221 @!@!@
@!@!@STARTMSG 2221:0 @!@!@
  |||line 34, col 16 to line 34, col 31 of module pipeline_ooo: 8
@!@!@ENDMSG 2221 @!@!@
@!@!@STARTMSG 2775:0 @!@!@
  ||line 39, col 50 to line 39, col 77 of module pipeline_ooo: 6:24
@!@!@ENDMSG 2775 @!@!@
@!@!@STARTMSG 2221:0 @!@!@
  |||line 39, col 50 to line 39, col 67 of module pipeline_ooo: 6
@!@!@ENDMSG 2221 @!@!@
@!@!@STARTMSG 2221:0 @!@!@
  |||line 39, col 72 to line 39, col 77 of module pipeline_ooo: 6
@!@!@ENDMSG 2221 @!@!@
@!@!@STARTMSG 2221:0 @!@!@
  ||||line 39, col 76 to line 39, col 76 of module pipeline_ooo: 6
@!@!@ENDMSG 2221 @!@!@
@!@!@STARTMSG 2221:0 @!@!@
  ||||line 34, col 16 to line 34, col 31 of module pipeline_ooo: 8
@!@!@ENDMSG 2221 @!@!@
@!@!@STARTMSG 2221:0 @!@!@
  |line 74, col 44 to line 74, col 50 of module pipeline_ooo: 2
@!@!@ENDMSG 2221 @!@!@
@!@!@STARTMSG 2221:0 @!@!@
  line 75, col 20 to line 75, col 47 of module pipeline_ooo: 4
@!@!@ENDMSG 2221 @!@!@
@!@!@STARTMSG 2221:0 @!@!@
  |line 40, col 19 to line 40, col 92 of module pipeline_ooo: 12
@!@!@ENDMSG 2221 @!@!@
@!@!@STARTMSG 2221:0 @!@!@
  ||line 40, col 22 to line 40, col 26 of module pipeline_ooo: 12
@!@!@ENDMSG 2221 @!@!@
@!@!@STARTMSG 2221:0 @!@!@
  ||line 40, col 33 to line 40, col 50 of module pipeline_ooo: 4
@!@!@ENDMSG 2221 @!@!@
@!@!@STARTMSG 2221:0 @!@!@
  ||line 40, col 57 to line 40, col 92 of module pipeline_ooo: 8
@!@!@ENDMSG 2221 @!@!@
@!@!@STARTMSG 2221:0 @!@!@
  |line 75, col 28 to line 75, col 35 of module pipeline_ooo: 8
@!@!@ENDMSG 2221 @!@!@
@!@!@STARTMSG 2221:0 @!@!@
  |line 75, col 38 to line 75, col 46 of module pipeline_ooo: 4
@!@!@ENDMSG 2221 @!@!@
@!@!@STARTMSG 2221:0 @!@!@
  line 76, col 26 to line 76, col 48 of module pipeline_ooo: 4
@!@!@ENDMSG 2221 @!@!@
@!@!@STARTMSG 2221:0 @!@!@
  |line 39, col 24 to line 39, col 77 of module pipeline_ooo: 16
@!@!@ENDMSG 2221 @!@!@
@!@!@STARTMSG 2221:0 @!@!@
  ||line 39, col 27 to line 39, col 31 of module pipeline_ooo: 16
@!@!@ENDMSG 2221 @!@!@
@!@!@STARTMSG 2775:0 @!@!@
  ||line 39, col 38 to line 39, col 43 of module pipeline_ooo: 24:8
@!@!@ENDMSG 2775 @!@!@
@!@!@STARTMSG 2775:0 @!@!@
  ||line 39, col 50 to line 39, col 77 of module pipeline_ooo: 12:24
@!@!@ENDMSG 2775 @!@!@
@!@!@STARTMSG 2221:0 @!@!@
  |||line 39, col 50 to line 39, col 67 of module pipeline_ooo: 12
@!@!@ENDMSG 2221 @!@!@
@!@!@STARTMSG 2775:0 @!@!@
  |||line 39, col 72 to line 39, col 77 of module pipeline_ooo: 72:36
@!@!@ENDMSG 2775 @!@!@
@!@!@STARTMSG 2221:0 @!@!@
  |line 32, col 12 to line 32, col 56 of module pipeline_ooo: 8
@!@!@ENDMSG 2221 @!@!@
@!@!@STARTMSG 2221:0 @!@!@
  |line 76, col 41 to line 76, col 47 of module pipeline_ooo: 4
@!@!@ENDMSG 2221 @!@!@
@!@!@STARTMSG 2221:0 @!@!@
  line 77, col 21 to line 77, col 49 of module pipeline_ooo: 4
@!@!@ENDMSG 2221 @!@!@
@!@!@STARTMSG 2221:0 @!@!@
  |line 40, col 19 to line 40, col 92 of module pipeline_ooo: 12
@!@!@ENDMSG 2221 @!@!@
@!@!@STARTMSG 2221:0 @!@!@
  ||line 40, col 22 to line 40, col 26 of module pipeline_ooo: 12
@!@!@ENDMSG 2221 @!@!@
@!@!@STARTMSG 2221:0 @!@!@
  ||line 40, col 33 to line 40, col 50 of module pipeline_ooo: 4
@!@!@ENDMSG 2221 @!@!@
@!@!@STARTMSG 2221:0 @!@!@
  ||line 40, col 57 to line 40, col 92 of module pipeline_ooo: 8
@!@!@ENDMSG 2221 @!@!@
@!@!@STARTMSG 2221:0 @!@!@
  |line 77, col 29 to line 77, col 37 of module pipeline_ooo: 8
@!@!@ENDMSG 2221 @!@!@
@!@!@STARTMSG 2221:0 @!@!@
  |line 77, col 40 to line 77, col 48 of module pipeline_ooo: 4
@!@!@ENDMSG 2221 @!@!@
@!@!@STARTMSG 2221:0 @!@!@
  line 78, col 23 to line 78, col 46 of module pipeline_ooo: 4
@!@!@ENDMSG 2221 @!@!@
@!@!@STARTMSG 2221:0 @!@!@
  |line 39, col 24 to line 39, col 77 of module pipeline_ooo: 16
@!@!@ENDMSG 2221 @!@!@
@!@!@STARTMSG 2221:0 @!@!@
  ||line 39, col 27 to line 39, col 31 of module pipeline_ooo: 16
@!@!@ENDMSG 2221 @!@!@
@!@!@STARTMSG 2221:0 @!@!@
  ||line 39, col 38 to line 39, col 43 of module pipeline_ooo: 24
@!@!@ENDMSG 2221 @!@!@
@!@!@STARTMSG 2775:0 @!@!@
  ||line 39, col 50 to line 39, col 77 of module pipeline_ooo: 12:24
@!@!@ENDMSG 2775 @!@!@
@!@!@STARTMSG 2221:0 @!@!@
  |||line 39, col 50 to line 39, col 67 of module pipeline_ooo: 12
@!@!@ENDMSG 2221 @!@!@
@!@!@STARTMSG 2221:0 @!@!@
  |||line 39, col 72 to line 39, col 77 of module pipeline_ooo: 72
@!@!@ENDMSG 2221 @!@!@
@!@!@STARTMSG 2221:0 @!@!@
  ||||line 39, col 76 to line 39, col 76 of module pipeline_ooo: 12
@!@!@ENDMSG 2221 @!@!@
@!@!@STARTMSG 2221:0 @!@!@
  |line 33, col 13 to line 33, col 29 of module pipeline_ooo: 8
@!@!@ENDMSG 2221 @!@!@
@!@!@STARTMSG 2221:0 @!@!@
  |line 78, col 39 to line 78, col 45 of module pipeline_ooo: 4
@!@!@ENDMSG 2221 @!@!@
@!@!@STARTMSG 2221:0 @!@!@
  line 79, col 18 to line 79, col 43 of module pipeline_ooo: 4
@!@!@ENDMSG 2221 @!@!@
@!@!@STARTMSG 2221:0 @!@!@
  |line 40, col 19 to line 40, col 92 of module pipeline_ooo: 12
@!@!@ENDMSG 2221 @!@!@
@!@!@STARTMSG 2221:0 @!@!@
  ||line 40, col 22 to line 40, col 26 of module pipeline_ooo: 12
@!@!@ENDMSG 2221 @!@!@
@!@!@STARTMSG 2221:0 @!@!@
  ||line 40, col 33 to line 40, col 50 of module pipeline_ooo: 4
@!@!@ENDMSG 2221 @!@!@
@!@!@STARTMSG 2221:0 @!@!@
  ||line 40, col 57 to line 40, col 92 of module pipeline_ooo: 8
@!@!@ENDMSG 2221 @!@!@
@!@!@STARTMSG 2221:0 @!@!@
  |line 79, col 26 to line 79, col 31 of module pipeline_ooo: 8
@!@!@ENDMSG 2221 @!@!@
@!@!@STARTMSG 2221:0 @!@!@
  |line 79, col 34 to line 79, col 42 of module pipeline_ooo: 4
@!@!@ENDMSG 2221 @!@!@
@!@!@STARTMSG 2221:0 @!@!@
  line 80, col 26 to line 80, col 52 of module pipeline_ooo: 4
@!@!@ENDMSG 2221 @!@!@
@!@!@STARTMSG 2221:0 @!@!@
  |line 39, col 24 to line 39, col 77 of module pipeline_ooo: 16
@!@!@ENDMSG 2221 @!@!@
@!@!@STARTMSG 2221:0 @!@!@
  ||line 39, col 27 to line 39, col 31 of module pipeline_ooo: 16
@!@!@ENDMSG 2221 @!@!@
@!@!@STARTMSG 2221:0 @!@!@
  ||line 39, col 38 to line 39, col 43 of module pipeline_ooo: 24
@!@!@ENDMSG 2221 @!@!@
@!@!@STARTMSG 2775:0 @!@!@
  ||line 39, col 50 to line 39, col 77 of module pipeline_ooo: 12:48
@!@!@ENDMSG 2775 @!@!@
@!@!@STARTMSG 2221:0 @!@!@
  |||line 39, col 50 to line 39, col 67 of module pipeline_ooo: 12
@!@!@ENDMSG 2221 @!@!@
@!@!@STARTMSG 2221:0 @!@!@
  |||line 39, col 72 to line 39, col 77 of module pipeline_ooo: 72
@!@!@ENDMSG 2221 @!@!@
@!@!@STARTMSG 2221:0 @!@!@
  ||||line 39, col 76 to line 39, col 76 of module pipeline_ooo: 12
@!@!@ENDMSG 2221 @!@!@
@!@!@STARTMSG 2221:0 @!@!@
  |line 34, col 16 to line 34, col 31 of module pipeline_ooo: 8
@!@!@ENDMSG 2221 @!@!@
@!@!@STARTMSG 2221:0 @!@!@
  |line 80, col 45 to line 80, col 51 of module pipeline_ooo: 4
@!@!@ENDMSG 2221 @!@!@
@!@!@STARTMSG 2221:0 @!@!@
  line 81, col 12 to line 81, col 49 of module pipeline_ooo: 8
@!@!@ENDMSG 2221 @!@!@
@!@!@STARTMSG 2221:0 @!@!@
  |line 81, col 21 to line 81, col 49 of module pipeline_ooo: 8
@!@!@ENDMSG 2221 @!@!@
@!@!@STARTMSG 2221:0 @!@!@
  ||line 40, col 19 to line 40, col 92 of module pipeline_ooo: 24
@!@!@ENDMSG 2221 @!@!@
@!@!@STARTMSG 2221:0 @!@!@
  |||line 40, col 22 to line 40, col 26 of module pipeline_ooo: 24
@!@!@ENDMSG 2221 @!@!@
@!@!@STARTMSG 2221:0 @!@!@
  |||line 40, col 33 to line 40, col 50 of module pipeline_ooo: 8
@!@!@ENDMSG 2221 @!@!@
@!@!@STARTMSG 2221:0 @!@!@
  |||line 40, col 57 to line 40, col 92 of module pipeline_ooo: 16
@!@!@ENDMSG 2221 @!@!@
@!@!@STARTMSG 2221:0 @!@!@
  ||line 81, col 29 to line 81, col 37 of module pipeline_ooo: 16
@!@!@ENDMSG 2221 @!@!@
@!@!@STARTMSG 2221:0 @!@!@
  ||line 81, col 40 to line 81, col 48 of module pipeline_ooo: 8
@!@!@ENDMSG 2221 @!@!@
@!@!@STARTMSG 2772:0 @!@!@
<Next line 83, col 1 to line 83, col 4 of module pipeline_ooo>: 54:71
@!@!@ENDMSG 2772 @!@!@
@!@!@STARTMSG 2221:0 @!@!@
  line 42, col 1 to line 42, col 35 of module pipeline_ooo: 20
@!@!@ENDMSG 2221 @!@!@
@!@!@STARTMSG 2221:0 @!@!@
  line 42, col 1 to line 42, col 35 of module pipeline_ooo: 606
@!@!@ENDMSG 2221 @!@!@
@!@!@STARTMSG 2221:0 @!@!@
  line 42, col 1 to line 42, col 35 of module pipeline_ooo: 206
@!@!@ENDMSG 2221 @!@!@
@!@!@STARTMSG 2221:0 @!@!@
  line 42, col 1 to line 42, col 35 of module pipeline_ooo: 6015
@!@!@ENDMSG 2221 @!@!@
@!@!@STARTMSG 2221:0 @!@!@
  line 42, col 1 to line 42, col 35 of module pipeline_ooo: 4515
@!@!@ENDMSG 2221 @!@!@
@!@!@STARTMSG 2221:0 @!@!@
  line 42, col 1 to line 42, col 35 of module pipeline_ooo: 3674
@!@!@ENDMSG 2221 @!@!@
@!@!@STARTMSG 2221:0 @!@!@
  line 42, col 1 to line 42, col 35 of module pipeline_ooo: 3879
@!@!@ENDMSG 2221 @!@!@
@!@!@STARTMSG 2221:0 @!@!@
  line 42, col 1 to line 42, col 35 of module pipeline_ooo: 11673
@!@!@ENDMSG 2221 @!@!@
@!@!@STARTMSG 2221:0 @!@!@
  line 42, col 1 to line 42, col 35 of module pipeline_ooo: 1793
@!@!@ENDMSG 2221 @!@!@
@!@!@STARTMSG 2221:0 @!@!@
  line 42, col 1 to line 42, col 35 of module pipeline_ooo: 20
@!@!@ENDMSG 2221 @!@!@
@!@!@STARTMSG 2221:0 @!@!@
  line 42, col 1 to line 42, col 35 of module pipeline_ooo: 6749
@!@!@ENDMSG 2221 @!@!@
@!@!@STARTMSG 2221:0 @!@!@
  line 42, col 1 to line 42, col 35 of module pipeline_ooo: 1462
@!@!@ENDMSG 2221 @!@!@
@!@!@STARTMSG 2221:0 @!@!@
  line 42, col 1 to line 42, col 35 of module pipeline_ooo: 26953
@!@!@ENDMSG 2221 @!@!@
@!@!@STARTMSG 2221:0 @!@!@
  line 72, col 18 to line 72, col 59 of module pipeline_exec_ooo: 70
@!@!@ENDMSG 2221 @!@!@
@!@!@STARTMSG 2775:0 @!@!@
  |line 72, col 25 to line 72, col 59 of module pipeline_exec_ooo: 71:142
@!@!@ENDMSG 2775 @!@!@
@!@!@STARTMSG 2221:0 @!@!@
  line 76, col 15 to line 76, col 69 of module pipeline_exec_ooo: 70
@!@!@ENDMSG 2221 @!@!@
@!@!@STARTMSG 2775:0 @!@!@
  |line 76, col 22 to line 76, col 69 of module pipeline_exec_ooo: 71:142
@!@!@ENDMSG 2775 @!@!@
@!@!@STARTMSG 2221:0 @!@!@
  line 80, col 15 to line 82, col 59 of module pipeline_exec_ooo: 70
@!@!@ENDMSG 2221 @!@!@
@!@!@STARTMSG 2775:0 @!@!@
  |line 80, col 22 to line 82, col 59 of module pipeline_exec_ooo: 71:142
@!@!@ENDMSG 2775 @!@!@
@!@!@STARTMSG 2221:0 @!@!@
  line 91, col 18 to line 91, col 54 of module pipeline_exec_ooo: 70
@!@!@ENDMSG 2221 @!@!@
@!@!@STARTMSG 2775:0 @!@!@
  |line 91, col 25 to line 91, col 54 of module pipeline_exec_ooo: 71:142
@!@!@ENDMSG 2775 @!@!@
@!@!@STARTMSG 2221:0 @!@!@
  line 106, col 16 to line 106, col 69 of module pipeline_exec_ooo: 70
@!@!@ENDMSG 2221 @!@!@
@!@!@STARTMSG 2775:0 @!@!@
  |line 106, col 24 to line 106, col 69 of module pipeline_exec_ooo: 71:142
@!@!@ENDMSG 2775 @!@!@
@!@!@STARTMSG 2221:0 @!@!@
  line 134, col 20 to line 134, col 61 of module pipeline_exec_ooo: 70
@!@!@ENDMSG 2221 @!@!@
@!@!@STARTMSG 2221:0 @!@!@
  |line 134, col 28 to line 134, col 61 of module pipeline_exec_ooo: 71
@!@!@ENDMSG 2221 @!@!@
@!@!@STARTMSG 2221:0 @!@!@
  ||line 134, col 39 to line 134, col 43 of module pipeline_exec_ooo: 71
@!@!@ENDMSG 2221 @!@!@
@!@!@STARTMSG 2221:0 @!@!@
  |||line 118, col 30 to line 118, col 95 of module pipeline_exec_ooo: 71
@!@!@ENDMSG 2221 @!@!@
@!@!@STARTMSG 2221:0 @!@!@
  ||||line 118, col 33 to line 118, col 42 of module pipeline_exec_ooo: 71
@!@!@ENDMSG 2221 @!@!@
@!@!@STARTMSG 2221:0 @!@!@
  |||||line 118, col 34 to line 118, col 42 of module pipeline_exec_ooo: 71
@!@!@ENDMSG 2221 @!@!@
@!@!@STARTMSG 2221:0 @!@!@
  ||||||line 21, col 14 to line 21, col 67 of module pipeline_exec_ooo: 71
@!@!@ENDMSG 2221 @!@!@
@!@!@STARTMSG 2221:0 @!@!@
  |||||||line 21, col 37 to line 21, col 67 of module pipeline_exec_ooo: 142
@!@!@ENDMSG 2221 @!@!@
@!@!@STARTMSG 2221:0 @!@!@
  |||||||line 21, col 23 to line 21, col 34 of module pipeline_exec_ooo: 71
@!@!@ENDMSG 2221 @!@!@
@!@!@STARTMSG 2221:0 @!@!@
  ||||line 118, col 49 to line 118, col 80 of module pipeline_exec_ooo: 71
@!@!@ENDMSG 2221 @!@!@
@!@!@STARTMSG 2221:0 @!@!@
  |||||line 13, col 21 to line 15, col 49 of module instructions_ooo: 142
@!@!@ENDMSG 2221 @!@!@
@!@!@STARTMSG 2221:0 @!@!@
  ||||||line 13, col 24 to line 13, col 28 of module instructions_ooo: 142
@!@!@ENDMSG 2221 @!@!@
@!@!@STARTMSG 2221:0 @!@!@
  ||||||line 14, col 26 to line 14, col 32 of module instructions_ooo: 71
@!@!@ENDMSG 2221 @!@!@
@!@!@STARTMSG 2221:0 @!@!@
  |||||||line 12, col 36 to line 12, col 72 of module instructions_ooo: 71
@!@!@ENDMSG 2221 @!@!@
@!@!@STARTMSG 2221:0 @!@!@
  ||||||||line 12, col 39 to line 12, col 48 of module instructions_ooo: 71
@!@!@ENDMSG 2221 @!@!@
@!@!@STARTMSG 2221:0 @!@!@
  ||||||||line 12, col 55 to line 12, col 61 of module instructions_ooo: 10
@!@!@ENDMSG 2221 @!@!@
@!@!@STARTMSG 2221:0 @!@!@
  ||||||||line 12, col 68 to line 12, col 72 of module instructions_ooo: 61
@!@!@ENDMSG 2221 @!@!@
@!@!@STARTMSG 2221:0 @!@!@
  |||||||line 14, col 31 to line 14, col 31 of module instructions_ooo: 71
@!@!@ENDMSG 2221 @!@!@
@!@!@STARTMSG 2221:0 @!@!@
  ||||||line 15, col 26 to line 15, col 49 of module instructions_ooo: 71
@!@!@ENDMSG 2221 @!@!@
@!@!@STARTMSG 2221:0 @!@!@
  |||||||line 15, col 37 to line 15, col 43 of module instructions_ooo: 71
@!@!@ENDMSG 2221 @!@!@
@!@!@STARTMSG 2221:0 @!@!@
  ||||||||line 12, col 36 to line 12, col 72 of module instructions_ooo: 71
@!@!@ENDMSG 2221 @!@!@
@!@!@STARTMSG 2221:0 @!@!@
  |||||||||line 12, col 39 to line 12, col 48 of module instructions_ooo: 71
@!@!@ENDMSG 2221 @!@!@
@!@!@STARTMSG 2221:0 @!@!@
  |||||||||line 12, col 55 to line 12, col 61 of module instructions_ooo: 10
@!@!@ENDMSG 2221 @!@!@
@!@!@STARTMSG 2221:0 @!@!@
  |||||||||line 12, col 68 to line 12, col 72 of module instructions_ooo: 61
@!@!@ENDMSG 2221 @!@!@
@!@!@STARTMSG 2221:0 @!@!@
  ||||||||line 15, col 42 to line 15, col 42 of module instructions_ooo: 71
@!@!@ENDMSG 2221 @!@!@
@!@!@STARTMSG 2221:0 @!@!@
  |||||||line 15, col 46 to line 15, col 48 of module instructions_ooo: 71
@!@!@ENDMSG 2221 @!@!@
@!@!@STARTMSG 2221:0 @!@!@
  |||||line 118, col 60 to line 118, col 68 of module pipeline_exec_ooo: 71
@!@!@ENDMSG 2221 @!@!@
@!@!@STARTMSG 2221:0 @!@!@
  |||||line 118, col 71 to line 118, col 79 of module pipeline_exec_ooo: 71
@!@!@ENDMSG 2221 @!@!@
@!@!@STARTMSG 2221:0 @!@!@
  ||line 134, col 55 to line 134, col 59 of module pipeline_exec_ooo: 71
@!@!@ENDMSG 2221 @!@!@
@!@!@STARTMSG 2775:0 @!@!@
  |||line 121, col 30 to line 133, col 30 of module pipeline_exec_ooo: 71:17940
@!@!@ENDMSG 2775 @!@!@
@!@!@STARTMSG 2221:0 @!@!@
  ||||line 121, col 38 to line 121, col 51 of module pipeline_exec_ooo: 71
@!@!@ENDMSG 2221 @!@!@
@!@!@STARTMSG 2221:0 @!@!@
  |||||line 121, col 41 to line 121, col 51 of module pipeline_exec_ooo: 71
@!@!@ENDMSG 2221 @!@!@
@!@!@STARTMSG 2221:0 @!@!@
  ||||||line 121, col 45 to line 121, col 50 of module pipeline_exec_ooo: 71
@!@!@ENDMSG 2221 @!@!@
@!@!@STARTMSG 2221:0 @!@!@
  |||||||line 120, col 31 to line 120, col 83 of module pipeline_exec_ooo: 71
@!@!@ENDMSG 2221 @!@!@
@!@!@STARTMSG 2221:0 @!@!@
  ||||||||line 120, col 34 to line 120, col 43 of module pipeline_exec_ooo: 71
@!@!@ENDMSG 2221 @!@!@
@!@!@STARTMSG 2221:0 @!@!@
  |||||||||line 120, col 35 to line 120, col 43 of module pipeline_exec_ooo: 71
@!@!@ENDMSG 2221 @!@!@
@!@!@STARTMSG 2221:0 @!@!@
  ||||||||||line 21, col 14 to line 21, col 67 of module pipeline_exec_ooo: 71
@!@!@ENDMSG 2221 @!@!@
@!@!@STARTMSG 2221:0 @!@!@
  |||||||||||line 21, col 37 to line 21, col 67 of module pipeline_exec_ooo: 142
@!@!@ENDMSG 2221 @!@!@
@!@!@STARTMSG 2221:0 @!@!@
  |||||||||||line 21, col 23 to line 21, col 34 of module pipeline_exec_ooo: 71
@!@!@ENDMSG 2221 @!@!@
@!@!@STARTMSG 2221:0 @!@!@
  ||||||||line 120, col 50 to line 120, col 68 of module pipeline_exec_ooo: 71
@!@!@ENDMSG 2221 @!@!@
@!@!@STARTMSG 2221:0 @!@!@
  |||||||||line 109, col 16 to line 111, col 152 of module pipeline_exec_ooo: 213
@!@!@ENDMSG 2221 @!@!@
@!@!@STARTMSG 2221:0 @!@!@
  ||||||||||line 109, col 19 to line 109, col 23 of module pipeline_exec_ooo: 213
@!@!@ENDMSG 2221 @!@!@
@!@!@STARTMSG 2221:0 @!@!@
  ||||||||||line 110, col 21 to line 110, col 29 of module pipeline_exec_ooo: 71
@!@!@ENDMSG 2221 @!@!@
@!@!@STARTMSG 2221:0 @!@!@
  ||||||||||line 111, col 21 to line 111, col 152 of module pipeline_exec_ooo: 142
@!@!@ENDMSG 2221 @!@!@
@!@!@STARTMSG 2221:0 @!@!@
  |||||||||||line 17, col 22 to line 17, col 64 of module instructions_ooo: 142
@!@!@ENDMSG 2221 @!@!@
@!@!@STARTMSG 2221:0 @!@!@
  ||||||||||||line 17, col 25 to line 17, col 38 of module instructions_ooo: 142
@!@!@ENDMSG 2221 @!@!@
@!@!@STARTMSG 2221:0 @!@!@
  ||||||||||||line 17, col 45 to line 17, col 57 of module instructions_ooo: 20
@!@!@ENDMSG 2221 @!@!@
@!@!@STARTMSG 2221:0 @!@!@
  ||||||||||||line 17, col 64 to line 17, col 64 of module instructions_ooo: 122
@!@!@ENDMSG 2221 @!@!@
@!@!@STARTMSG 2221:0 @!@!@
  |||||||||||line 111, col 32 to line 111, col 44 of module pipeline_exec_ooo: 142
@!@!@ENDMSG 2221 @!@!@
@!@!@STARTMSG 2221:0 @!@!@
  |||||||||||line 111, col 47 to line 111, col 151 of module pipeline_exec_ooo: 142
@!@!@ENDMSG 2221 @!@!@
@!@!@STARTMSG 2221:0 @!@!@
  ||||||||||||line 111, col 56 to line 111, col 79 of module pipeline_exec_ooo: 142
@!@!@ENDMSG 2221 @!@!@
@!@!@STARTMSG 2221:0 @!@!@
  |||||||||||||line 9, col 21 to line 9, col 56 of module instructions_ooo: 142
@!@!@ENDMSG 2221 @!@!@
@!@!@STARTMSG 2221:0 @!@!@
  ||||||||||||||line 9, col 24 to line 9, col 35 of module instructions_ooo: 142
@!@!@ENDMSG 2221 @!@!@
@!@!@STARTMSG 2221:0 @!@!@
  ||||||||||||||line 9, col 42 to line 9, col 45 of module instructions_ooo: 20
@!@!@ENDMSG 2221 @!@!@
@!@!@STARTMSG 2221:0 @!@!@
  ||||||||||||||line 9, col 52 to line 9, col 56 of module instructions_ooo: 122
@!@!@ENDMSG 2221 @!@!@
@!@!@STARTMSG 2221:0 @!@!@
  |||||||||||||line 111, col 67 to line 111, col 75 of module pipeline_exec_ooo: 142
@!@!@ENDMSG 2221 @!@!@
@!@!@STARTMSG 2221:0 @!@!@
  |||||||||||||line 111, col 78 to line 111, col 78 of module pipeline_exec_ooo: 142
@!@!@ENDMSG 2221 @!@!@
@!@!@STARTMSG 2221:0 @!@!@
  ||||||||||||line 111, col 82 to line 111, col 99 of module pipeline_exec_ooo: 142
@!@!@ENDMSG 2221 @!@!@
@!@!@STARTMSG 2221:0 @!@!@
  ||||||||||||line 111, col 102 to line 111, col 115 of module pipeline_exec_ooo: 142
@!@!@ENDMSG 2221 @!@!@
@!@!@STARTMSG 2221:0 @!@!@
  |||||||||line 120, col 59 to line 120, col 67 of module pipeline_exec_ooo: 71
@!@!@ENDMSG 2221 @!@!@
@!@!@STARTMSG 2221:0 @!@!@
  line 137, col 18 to line 146, col 27 of module pipeline_exec_ooo: 70
@!@!@ENDMSG 2221 @!@!@
@!@!@STARTMSG 2221:0 @!@!@
  |line 137, col 27 to line 146, col 27 of module pipeline_exec_ooo: 71
@!@!@ENDMSG 2221 @!@!@
@!@!@STARTMSG 2221:0 @!@!@
  ||line 137, col 29 to line 137, col 33 of module pipeline_exec_ooo: 71
@!@!@ENDMSG 2221 @!@!@
@!@!@STARTMSG 2221:0 @!@!@
  ||line 138, col 29 to line 143, col 176 of module pipeline_exec_ooo: 71
@!@!@ENDMSG 2221 @!@!@
@!@!@STARTMSG 2221:0 @!@!@
  ||line 144, col 39 to line 145, col 206 of module pipeline_exec_ooo: 71
@!@!@ENDMSG 2221 @!@!@
@!@!@STARTMSG 2775:0 @!@!@
  |||line 144, col 39 to line 144, col 153 of module pipeline_exec_ooo: 71:828
@!@!@ENDMSG 2775 @!@!@
@!@!@STARTMSG 2221:0 @!@!@
  ||||line 144, col 49 to line 144, col 152 of module pipeline_exec_ooo: 71
@!@!@ENDMSG 2221 @!@!@
@!@!@STARTMSG 2775:0 @!@!@
  |||||line 144, col 56 to line 144, col 151 of module pipeline_exec_ooo: 71:195
@!@!@ENDMSG 2775 @!@!@
@!@!@STARTMSG 2775:0 @!@!@
  ||||||line 144, col 58 to line 144, col 133 of module pipeline_exec_ooo: 142:118
@!@!@ENDMSG 2775 @!@!@
@!@!@STARTMSG 2221:0 @!@!@
  |||||||line 144, col 60 to line 144, col 72 of module pipeline_exec_ooo: 142
@!@!@ENDMSG 2221 @!@!@
@!@!@STARTMSG 2221:0 @!@!@
  |||||||line 144, col 75 to line 144, col 101 of module pipeline_exec_ooo: 142
@!@!@ENDMSG 2221 @!@!@
@!@!@STARTMSG 2775:0 @!@!@
  |||||||line 144, col 111 to line 144, col 131 of module pipeline_exec_ooo: 142:124
@!@!@ENDMSG 2775 @!@!@
@!@!@STARTMSG 2221:0 @!@!@
  ||||||||line 144, col 112 to line 144, col 115 of module pipeline_exec_ooo: 44
@!@!@ENDMSG 2221 @!@!@
@!@!@STARTMSG 2221:0 @!@!@
  ||||||||line 144, col 125 to line 144, col 130 of module pipeline_exec_ooo: 142
@!@!@ENDMSG 2221 @!@!@
@!@!@STARTMSG 2221:0 @!@!@
  ||||||line 144, col 143 to line 144, col 149 of module pipeline_exec_ooo: 71
@!@!@ENDMSG 2221 @!@!@
@!@!@STARTMSG 2775:0 @!@!@
  |||line 145, col 48 to line 145, col 206 of module pipeline_exec_ooo: 71:46
@!@!@ENDMSG 2775 @!@!@
@!@!@STARTMSG 2221:0 @!@!@
  ||||line 145, col 50 to line 145, col 114 of module pipeline_exec_ooo: 2
@!@!@ENDMSG 2221 @!@!@
@!@!@STARTMSG 2221:0 @!@!@
  ||||line 145, col 124 to line 145, col 204 of module pipeline_exec_ooo: 71
@!@!@ENDMSG 2221 @!@!@
@!@!@STARTMSG 2221:0 @!@!@
  |||||line 145, col 124 to line 145, col 164 of module pipeline_exec_ooo: 71
@!@!@ENDMSG 2221 @!@!@
@!@!@STARTMSG 2775:0 @!@!@
  ||||||line 145, col 130 to line 145, col 163 of module pipeline_exec_ooo: 71:73
@!@!@ENDMSG 2775 @!@!@
@!@!@STARTMSG 2221:0 @!@!@
  |||||||line 145, col 131 to line 145, col 139 of module pipeline_exec_ooo: 213
@!@!@ENDMSG 2221 @!@!@
@!@!@STARTMSG 2221:0 @!@!@
  ||||||||line 96, col 15 to line 102, col 72 of module pipeline_exec_ooo: 497
@!@!@ENDMSG 2221 @!@!@
@!@!@STARTMSG 2221:0 @!@!@
  |||||||||line 96, col 18 to line 96, col 22 of module pipeline_exec_ooo: 497
@!@!@ENDMSG 2221 @!@!@
@!@!@STARTMSG 2221:0 @!@!@
  |||||||||line 99, col 17 to line 99, col 30 of module pipeline_exec_ooo: 284
@!@!@ENDMSG 2221 @!@!@
@!@!@STARTMSG 2221:0 @!@!@
  ||||||||||line 52, col 43 to line 56, col 42 of module pipeline_exec_ooo: 284
@!@!@ENDMSG 2221 @!@!@
@!@!@STARTMSG 2221:0 @!@!@
  |||||||||||line 55, col 45 to line 55, col 74 of module pipeline_exec_ooo: 1016
@!@!@ENDMSG 2221 @!@!@
@!@!@STARTMSG 2221:0 @!@!@
  ||||||||||||line 55, col 62 to line 55, col 74 of module pipeline_exec_ooo: 1248
@!@!@ENDMSG 2221 @!@!@
@!@!@STARTMSG 2221:0 @!@!@
  ||||||||||||line 55, col 54 to line 55, col 59 of module pipeline_exec_ooo: 1016
@!@!@ENDMSG 2221 @!@!@
@!@!@STARTMSG 2221:0 @!@!@
  |||||||||||line 52, col 51 to line 52, col 67 of module pipeline_exec_ooo: 284
@!@!@ENDMSG 2221 @!@!@
@!@!@STARTMSG 2221:0 @!@!@
  ||||||||||line 57, col 23 to line 57, col 62 of module pipeline_exec_ooo: 284
@!@!@ENDMSG 2221 @!@!@
@!@!@STARTMSG 2221:0 @!@!@
  |||||||||||line 57, col 24 to line 57, col 51 of module pipeline_exec_ooo: 284
@!@!@ENDMSG 2221 @!@!@
@!@!@STARTMSG 2221:0 @!@!@
  ||||||||||||line 57, col 24 to line 57, col 27 of module pipeline_exec_ooo: 284
@!@!@ENDMSG 2221 @!@!@
@!@!@STARTMSG 2221:0 @!@!@
  |||||||||||||line 25, col 9 to line 26, col 102 of module pipeline_exec_ooo: 284
@!@!@ENDMSG 2221 @!@!@
@!@!@STARTMSG 2221:0 @!@!@
  ||||||||||||||line 25, col 36 to line 26, col 100 of module pipeline_exec_ooo: 1016
@!@!@ENDMSG 2221 @!@!@
@!@!@STARTMSG 2221:0 @!@!@
  |||||||||||||||line 25, col 39 to line 25, col 59 of module pipeline_exec_ooo: 1016
@!@!@ENDMSG 2221 @!@!@
@!@!@STARTMSG 2221:0 @!@!@
  |||||||||||||||line 26, col 39 to line 26, col 100 of module pipeline_exec_ooo: 552
@!@!@ENDMSG 2221 @!@!@
@!@!@STARTMSG 2221:0 @!@!@
  ||||||||||||||||line 26, col 57 to line 26, col 100 of module pipeline_exec_ooo: 1064
@!@!@ENDMSG 2221 @!@!@
@!@!@STARTMSG 2221:0 @!@!@
  |||||||||||||||||line 26, col 57 to line 26, col 83 of module pipeline_exec_ooo: 1064
@!@!@ENDMSG 2221 @!@!@
@!@!@STARTMSG 2221:0 @!@!@
  |||||||||||||||||line 26, col 88 to line 26, col 100 of module pipeline_exec_ooo: 216
@!@!@ENDMSG 2221 @!@!@
@!@!@STARTMSG 2221:0 @!@!@
  ||||||||||||||||line 26, col 48 to line 26, col 54 of module pipeline_exec_ooo: 552
@!@!@ENDMSG 2221 @!@!@
@!@!@STARTMSG 2221:0 @!@!@
  ||||||||||||||line 25, col 17 to line 25, col 33 of module pipeline_exec_ooo: 284
@!@!@ENDMSG 2221 @!@!@
@!@!@STARTMSG 2221:0 @!@!@
  ||||||||||||line 57, col 40 to line 57, col 51 of module pipeline_exec_ooo: 284
@!@!@ENDMSG 2221 @!@!@
@!@!@STARTMSG 2221:0 @!@!@
  |||||||||||line 57, col 56 to line 57, col 62 of module pipeline_exec_ooo: 284
@!@!@ENDMSG 2221 @!@!@
@!@!@STARTMSG 2221:0 @!@!@
  ||||||||||line 99, col 26 to line 99, col 29 of module pipeline_exec_ooo: 284
@!@!@ENDMSG 2221 @!@!@
@!@!@STARTMSG 2221:0 @!@!@
  |||||||||||line 28, col 9 to line 29, col 91 of module pipeline_exec_ooo: 284
@!@!@ENDMSG 2221 @!@!@
@!@!@STARTMSG 2221:0 @!@!@
  ||||||||||||line 28, col 36 to line 29, col 89 of module pipeline_exec_ooo: 1016
@!@!@ENDMSG 2221 @!@!@
@!@!@STARTMSG 2221:0 @!@!@
  |||||||||||||line 28, col 39 to line 28, col 55 of module pipeline_exec_ooo: 1016
@!@!@ENDMSG 2221 @!@!@
@!@!@STARTMSG 2221:0 @!@!@
  |||||||||||||line 29, col 39 to line 29, col 89 of module pipeline_exec_ooo: 664
@!@!@ENDMSG 2221 @!@!@
@!@!@STARTMSG 2221:0 @!@!@
  ||||||||||||||line 29, col 62 to line 29, col 89 of module pipeline_exec_ooo: 1256
@!@!@ENDMSG 2221 @!@!@
@!@!@STARTMSG 2221:0 @!@!@
  ||||||||||||||line 29, col 48 to line 29, col 59 of module pipeline_exec_ooo: 664
@!@!@ENDMSG 2221 @!@!@
@!@!@STARTMSG 2221:0 @!@!@
  ||||||||||||line 28, col 17 to line 28, col 33 of module pipeline_exec_ooo: 284
@!@!@ENDMSG 2221 @!@!@
@!@!@STARTMSG 2221:0 @!@!@
  |||||||||line 102, col 17 to line 102, col 72 of module pipeline_exec_ooo: 213
@!@!@ENDMSG 2221 @!@!@
@!@!@STARTMSG 2221:0 @!@!@
  ||||||||||line 52, col 43 to line 56, col 42 of module pipeline_exec_ooo: 213
@!@!@ENDMSG 2221 @!@!@
@!@!@STARTMSG 2221:0 @!@!@
  |||||||||||line 55, col 45 to line 55, col 74 of module pipeline_exec_ooo: 762
@!@!@ENDMSG 2221 @!@!@
@!@!@STARTMSG 2221:0 @!@!@
  ||||||||||||line 55, col 62 to line 55, col 74 of module pipeline_exec_ooo: 981
@!@!@ENDMSG 2221 @!@!@
@!@!@STARTMSG 2221:0 @!@!@
  ||||||||||||line 55, col 54 to line 55, col 59 of module pipeline_exec_ooo: 762
@!@!@ENDMSG 2221 @!@!@
@!@!@STARTMSG 2221:0 @!@!@
  |||||||||||line 52, col 51 to line 52, col 67 of module pipeline_exec_ooo: 213
@!@!@ENDMSG 2221 @!@!@
@!@!@STARTMSG 2221:0 @!@!@
  ||||||||||line 57, col 23 to line 57, col 62 of module pipeline_exec_ooo: 213
@!@!@ENDMSG 2221 @!@!@
@!@!@STARTMSG 2221:0 @!@!@
  |||||||||||line 57, col 24 to line 57, col 51 of module pipeline_exec_ooo: 213
@!@!@ENDMSG 2221 @!@!@
@!@!@STARTMSG 2221:0 @!@!@
  ||||||||||||line 57, col 24 to line 57, col 27 of module pipeline_exec_ooo: 213
@!@!@ENDMSG 2221 @!@!@
@!@!@STARTMSG 2221:0 @!@!@
  |||||||||||||line 25, col 9 to line 26, col 102 of module pipeline_exec_ooo: 213
@!@!@ENDMSG 2221 @!@!@
@!@!@STARTMSG 2221:0 @!@!@
  ||||||||||||||line 25, col 36 to line 26, col 100 of module pipeline_exec_ooo: 762
@!@!@ENDMSG 2221 @!@!@
@!@!@STARTMSG 2221:0 @!@!@
  |||||||||||||||line 25, col 39 to line 25, col 59 of module pipeline_exec_ooo: 762
@!@!@ENDMSG 2221 @!@!@
@!@!@STARTMSG 2221:0 @!@!@
  |||||||||||||||line 26, col 39 to line 26, col 100 of module pipeline_exec_ooo: 414
@!@!@ENDMSG 2221 @!@!@
@!@!@STARTMSG 2221:0 @!@!@
  ||||||||||||||||line 26, col 57 to line 26, col 100 of module pipeline_exec_ooo: 798
@!@!@ENDMSG 2221 @!@!@
@!@!@STARTMSG 2221:0 @!@!@
  |||||||||||||||||line 26, col 57 to line 26, col 83 of module pipeline_exec_ooo: 798
@!@!@ENDMSG 2221 @!@!@
@!@!@STARTMSG 2221:0 @!@!@
  |||||||||||||||||line 26, col 88 to line 26, col 100 of module pipeline_exec_ooo: 162
@!@!@ENDMSG 2221 @!@!@
@!@!@STARTMSG 2221:0 @!@!@
  ||||||||||||||||line 26, col 48 to line 26, col 54 of module pipeline_exec_ooo: 414
@!@!@ENDMSG 2221 @!@!@
@!@!@STARTMSG 2221:0 @!@!@
  ||||||||||||||line 25, col 17 to line 25, col 33 of module pipeline_exec_ooo: 213
@!@!@ENDMSG 2221 @!@!@
@!@!@STARTMSG 2221:0 @!@!@
  ||||||||||||line 57, col 40 to line 57, col 51 of module pipeline_exec_ooo: 213
@!@!@ENDMSG 2221 @!@!@
@!@!@STARTMSG 2221:0 @!@!@
  |||||||||||line 57, col 56 to line 57, col 62 of module pipeline_exec_ooo: 213
@!@!@ENDMSG 2221 @!@!@
@!@!@STARTMSG 2221:0 @!@!@
  ||||||||||line 102, col 26 to line 102, col 71 of module pipeline_exec_ooo: 213
@!@!@ENDMSG 2221 @!@!@
@!@!@STARTMSG 2221:0 @!@!@
  |||||||||||line 102, col 26 to line 102, col 29 of module pipeline_exec_ooo: 213
@!@!@ENDMSG 2221 @!@!@
@!@!@STARTMSG 2221:0 @!@!@
  ||||||||||||line 28, col 9 to line 29, col 91 of module pipeline_exec_ooo: 213
@!@!@ENDMSG 2221 @!@!@
@!@!@STARTMSG 2221:0 @!@!@
  |||||||||||||line 28, col 36 to line 29, col 89 of module pipeline_exec_ooo: 762
@!@!@ENDMSG 2221 @!@!@
@!@!@STARTMSG 2221:0 @!@!@
  ||||||||||||||line 28, col 39 to line 28, col 55 of module pipeline_exec_ooo: 762
@!@!@ENDMSG 2221 @!@!@
@!@!@STARTMSG 2221:0 @!@!@
  ||||||||||||||line 29, col 39 to line 29, col 89 of module pipeline_exec_ooo: 498
@!@!@ENDMSG 2221 @!@!@
@!@!@STARTMSG 2221:0 @!@!@
  |||||||||||||||line 29, col 62 to line 29, col 89 of module pipeline_exec_ooo: 942
@!@!@ENDMSG 2221 @!@!@
@!@!@STARTMSG 2221:0 @!@!@
  |||||||||||||||line 29, col 48 to line 29, col 59 of module pipeline_exec_ooo: 498
@!@!@ENDMSG 2221 @!@!@
@!@!@STARTMSG 2221:0 @!@!@
  |||||||||||||line 28, col 17 to line 28, col 33 of module pipeline_exec_ooo: 213
@!@!@ENDMSG 2221 @!@!@
@!@!@STARTMSG 2221:0 @!@!@
  |||||||||||line 102, col 38 to line 102, col 71 of module pipeline_exec_ooo: 213
@!@!@ENDMSG 2221 @!@!@
@!@!@STARTMSG 2775:0 @!@!@
  ||||||||||||line 102, col 44 to line 102, col 70 of module pipeline_exec_ooo: 213:182
@!@!@ENDMSG 2775 @!@!@
@!@!@STARTMSG 2221:0 @!@!@
  |||||||||||||line 102, col 46 to line 102, col 54 of module pipeline_exec_ooo: 284
@!@!@ENDMSG 2221 @!@!@
@!@!@STARTMSG 2221:0 @!@!@
  |||||||||||||line 102, col 63 to line 102, col 68 of module pipeline_exec_ooo: 213
@!@!@ENDMSG 2221 @!@!@
@!@!@STARTMSG 2221:0 @!@!@
  ||||||||line 145, col 138 to line 145, col 138 of module pipeline_exec_ooo: 213
@!@!@ENDMSG 2221 @!@!@
@!@!@STARTMSG 2221:0 @!@!@
  |||||||line 145, col 149 to line 145, col 162 of module pipeline_exec_ooo: 71
@!@!@ENDMSG 2221 @!@!@
@!@!@STARTMSG 2221:0 @!@!@
  |||||line 145, col 168 to line 145, col 204 of module pipeline_exec_ooo: 71
@!@!@ENDMSG 2221 @!@!@
@!@!@STARTMSG 2221:0 @!@!@
  ||||||line 145, col 169 to line 145, col 182 of module pipeline_exec_ooo: 142
@!@!@ENDMSG 2221 @!@!@
@!@!@STARTMSG 2221:0 @!@!@
  ||||||line 145, col 192 to line 145, col 203 of module pipeline_exec_ooo: 71
@!@!@ENDMSG 2221 @!@!@
@!@!@STARTMSG 2221:0 @!@!@
  line 150, col 20 to line 151, col 50 of module pipeline_exec_ooo: 71
@!@!@ENDMSG 2221 @!@!@
@!@!@STARTMSG 2221:0 @!@!@
  |line 151, col 26 to line 151, col 39 of module pipeline_exec_ooo: 466
@!@!@ENDMSG 2221 @!@!@
@!@!@STARTMSG 2221:0 @!@!@
  |line 151, col 44 to line 151, col 50 of module pipeline_exec_ooo: 233
@!@!@ENDMSG 2221 @!@!@
@!@!@STARTMSG 2221:0 @!@!@
  |line 150, col 29 to line 150, col 49 of module pipeline_exec_ooo: 71
@!@!@ENDMSG 2221 @!@!@
@!@!@STARTMSG 2221:0 @!@!@
  line 152, col 22 to line 152, col 47 of module pipeline_exec_ooo: 65
@!@!@ENDMSG 2221 @!@!@
@!@!@STARTMSG 2221:0 @!@!@
  |line 152, col 35 to line 152, col 47 of module pipeline_exec_ooo: 66
@!@!@ENDMSG 2221 @!@!@
@!@!@STARTMSG 2221:0 @!@!@
  line 153, col 22 to line 153, col 46 of module pipeline_exec_ooo: 5
@!@!@ENDMSG 2221 @!@!@
@!@!@STARTMSG 2221:0 @!@!@
  line 155, col 37 to line 155, col 68 of module pipeline_exec_ooo: 70
@!@!@ENDMSG 2221 @!@!@
@!@!@STARTMSG 2221:0 @!@!@
  line 51, col 24 to line 51, col 29 of module pipeline_ooo: 20
@!@!@ENDMSG 2221 @!@!@
@!@!@STARTMSG 2221:0 @!@!@
  line 52, col 21 to line 52, col 23 of module pipeline_ooo: 594
@!@!@ENDMSG 2221 @!@!@
@!@!@STARTMSG 2221:0 @!@!@
  line 44, col 28 to line 44, col 37 of module pipeline_ooo: 204
@!@!@ENDMSG 2221 @!@!@
@!@!@STARTMSG 2221:0 @!@!@
  line 43, col 1 to line 54, col 29 of module pipeline_ooo: 6049
@!@!@ENDMSG 2221 @!@!@
@!@!@STARTMSG 2221:0 @!@!@
  line 46, col 22 to line 46, col 25 of module pipeline_ooo: 4523
@!@!@ENDMSG 2221 @!@!@
@!@!@STARTMSG 2221:0 @!@!@
  line 47, col 22 to line 47, col 25 of module pipeline_ooo: 3634
@!@!@ENDMSG 2221 @!@!@
@!@!@STARTMSG 2221:0 @!@!@
  line 43, col 1 to line 54, col 29 of module pipeline_ooo: 3829
@!@!@ENDMSG 2221 @!@!@
@!@!@STARTMSG 2221:0 @!@!@
  line 49, col 22 to line 49, col 25 of module pipeline_ooo: 11625
@!@!@ENDMSG 2221 @!@!@
@!@!@STARTMSG 2221:0 @!@!@
  line 48, col 22 to line 48, col 25 of module pipeline_ooo: 1786
@!@!@ENDMSG 2221 @!@!@
@!@!@STARTMSG 2221:0 @!@!@
  line 53, col 24 to line 53, col 29 of module pipeline_ooo: 20
@!@!@ENDMSG 2221 @!@!@
@!@!@STARTMSG 2221:0 @!@!@
  line 50, col 23 to line 50, col 27 of module pipeline_ooo: 6870
@!@!@ENDMSG 2221 @!@!@
@!@!@STARTMSG 2221:0 @!@!@
  line 54, col 24 to line 54, col 29 of module pipeline_ooo: 1462
@!@!@ENDMSG 2221 @!@!@
@!@!@STARTMSG 2221:0 @!@!@
  line 45, col 23 to line 45, col 27 of module pipeline_ooo: 26886
@!@!@ENDMSG 2221 @!@!@
@!@!@STARTMSG 2221:0 @!@!@
  line 72, col 18 to line 72, col 59 of module pipeline_exec_ooo: 70
@!@!@ENDMSG 2221 @!@!@
@!@!@STARTMSG 2775:0 @!@!@
  |line 72, col 25 to line 72, col 59 of module pipeline_exec_ooo: 71:142
@!@!@ENDMSG 2775 @!@!@
@!@!@STARTMSG 2221:0 @!@!@
  line 76, col 15 to line 76, col 69 of module pipeline_exec_ooo: 70
@!@!@ENDMSG 2221 @!@!@
@!@!@STARTMSG 2775:0 @!@!@
  |line 76, col 22 to line 76, col 69 of module pipeline_exec_ooo: 71:142
@!@!@ENDMSG 2775 @!@!@
@!@!@STARTMSG 2221:0 @!@!@
  line 80, col 15 to line 82, col 59 of module pipeline_exec_ooo: 70
@!@!@ENDMSG 2221 @!@!@
@!@!@STARTMSG 2775:0 @!@!@
  |line 80, col 22 to line 82, col 59 of module pipeline_exec_ooo: 71:142
@!@!@ENDMSG 2775 @!@!@
@!@!@STARTMSG 2221:0 @!@!@
  line 91, col 18 to line 91, col 54 of module pipeline_exec_ooo: 70
@!@!@ENDMSG 2221 @!@!@
@!@!@STARTMSG 2775:0 @!@!@
  |line 91, col 25 to line 91, col 54 of module pipeline_exec_ooo: 71:142
@!@!@ENDMSG 2775 @!@!@
@!@!@STARTMSG 2221:0 @!@!@
  line 106, col 16 to line 106, col 69 of module pipeline_exec_ooo: 70
@!@!@ENDMSG 2221 @!@!@
@!@!@STARTMSG 2775:0 @!@!@
  |line 106, col 24 to line 106, col 69 of module pipeline_exec_ooo: 71:142
@!@!@ENDMSG 2775 @!@!@
@!@!@STARTMSG 2221:0 @!@!@
  line 134, col 20 to line 134, col 61 of module pipeline_exec_ooo: 70
@!@!@ENDMSG 2221 @!@!@
@!@!@STARTMSG 2221:0 @!@!@
  |line 134, col 28 to line 134, col 61 of module pipeline_exec_ooo: 71
@!@!@ENDMSG 2221 @!@!@
@!@!@STARTMSG 2221:0 @!@!@
  ||line 134, col 39 to line 134, col 43 of module pipeline_exec_ooo: 71
@!@!@ENDMSG 2221 @!@!@
@!@!@STARTMSG 2221:0 @!@!@
  |||line 118, col 30 to line 118, col 95 of module pipeline_exec_ooo: 71
@!@!@ENDMSG 2221 @!@!@
@!@!@STARTMSG 2221:0 @!@!@
  ||||line 118, col 33 to line 118, col 42 of module pipeline_exec_ooo: 71
@!@!@ENDMSG 2221 @!@!@
@!@!@STARTMSG 2221:0 @!@!@
  |||||line 118, col 34 to line 118, col 42 of module pipeline_exec_ooo: 71
@!@!@ENDMSG 2221 @!@!@
@!@!@STARTMSG 2221:0 @!@!@
  ||||||line 21, col 14 to line 21, col 67 of module pipeline_exec_ooo: 71
@!@!@ENDMSG 2221 @!@!@
@!@!@STARTMSG 2221:0 @!@!@
  |||||||line 21, col 37 to line 21, col 67 of module pipeline_exec_ooo: 142
@!@!@ENDMSG 2221 @!@!@
@!@!@STARTMSG 2221:0 @!@!@
  |||||||line 21, col 23 to line 21, col 34 of module pipeline_exec_ooo: 71
@!@!@ENDMSG 2221 @!@!@
@!@!@STARTMSG 2221:0 @!@!@
  ||||line 118, col 49 to line 118, col 80 of module pipeline_exec_ooo: 71
@!@!@ENDMSG 2221 @!@!@
@!@!@STARTMSG 2221:0 @!@!@
  |||||line 13, col 21 to line 15, col 49 of module instructions_ooo: 142
@!@!@ENDMSG 2221 @!@!@
@!@!@STARTMSG 2221:0 @!@!@
  ||||||line 13, col 24 to line 13, col 28 of module instructions_ooo: 142
@!@!@ENDMSG 2221 @!@!@
@!@!@STARTMSG 2221:0 @!@!@
  ||||||line 14, col 26 to line 14, col 32 of module instructions_ooo: 71
@!@!@ENDMSG 2221 @!@!@
@!@!@STARTMSG 2221:0 @!@!@
  |||||||line 12, col 36 to line 12, col 72 of module instructions_ooo: 71
@!@!@ENDMSG 2221 @!@!@
@!@!@STARTMSG 2221:0 @!@!@
  ||||||||line 12, col 39 to line 12, col 48 of module instructions_ooo: 71
@!@!@ENDMSG 2221 @!@!@
@!@!@STARTMSG 2221:0 @!@!@
  ||||||||line 12, col 55 to line 12, col 61 of module instructions_ooo: 10
@!@!@ENDMSG 2221 @!@!@
@!@!@STARTMSG 2221:0 @!@!@
  ||||||||line 12, col 68 to line 12, col 72 of module instructions_ooo: 61
@!@!@ENDMSG 2221 @!@!@
@!@!@STARTMSG 2221:0 @!@!@
  |||||||line 14, col 31 to line 14, col 31 of module instructions_ooo: 71
@!@!@ENDMSG 2221 @!@!@
@!@!@STARTMSG 2221:0 @!@!@
  ||||||line 15, col 26 to line 15, col 49 of module instructions_ooo: 71
@!@!@ENDMSG 2221 @!@!@
@!@!@STARTMSG 2221:0 @!@!@
  |||||||line 15, col 37 to line 15, col 43 of module instructions_ooo: 71
@!@!@ENDMSG 2221 @!@!@
@!@!@STARTMSG 2221:0 @!@!@
  ||||||||line 12, col 36 to line 12, col 72 of module instructions_ooo: 71
@!@!@ENDMSG 2221 @!@!@
@!@!@STARTMSG 2221:0 @!@!@
  |||||||||line 12, col 39 to line 12, col 48 of module instructions_ooo: 71
@!@!@ENDMSG 2221 @!@!@
@!@!@STARTMSG 2221:0 @!@!@
  |||||||||line 12, col 55 to line 12, col 61 of module instructions_ooo: 10
@!@!@ENDMSG 2221 @!@!@
@!@!@STARTMSG 2221:0 @!@!@
  |||||||||line 12, col 68 to line 12, col 72 of module instructions_ooo: 61
@!@!@ENDMSG 2221 @!@!@
@!@!@STARTMSG 2221:0 @!@!@
  ||||||||line 15, col 42 to line 15, col 42 of module instructions_ooo: 71
@!@!@ENDMSG 2221 @!@!@
@!@!@STARTMSG 2221:0 @!@!@
  |||||||line 15, col 46 to line 15, col 48 of module instructions_ooo: 71
@!@!@ENDMSG 2221 @!@!@
@!@!@STARTMSG 2221:0 @!@!@
  |||||line 118, col 60 to line 118, col 68 of module pipeline_exec_ooo: 71
@!@!@ENDMSG 2221 @!@!@
@!@!@STARTMSG 2221:0 @!@!@
  |||||line 118, col 71 to line 118, col 79 of module pipeline_exec_ooo: 71
@!@!@ENDMSG 2221 @!@!@
@!@!@STARTMSG 2221:0 @!@!@
  ||line 134, col 55 to line 134, col 59 of module pipeline_exec_ooo: 71
@!@!@ENDMSG 2221 @!@!@
@!@!@STARTMSG 2775:0 @!@!@
  |||line 121, col 30 to line 133, col 30 of module pipeline_exec_ooo: 71:16768
@!@!@ENDMSG 2775 @!@!@
@!@!@STARTMSG 2221:0 @!@!@
  ||||line 121, col 38 to line 121, col 51 of module pipeline_exec_ooo: 71
@!@!@ENDMSG 2221 @!@!@
@!@!@STARTMSG 2221:0 @!@!@
  |||||line 121, col 41 to line 121, col 51 of module pipeline_exec_ooo: 71
@!@!@ENDMSG 2221 @!@!@
@!@!@STARTMSG 2221:0 @!@!@
  ||||||line 121, col 45 to line 121, col 50 of module pipeline_exec_ooo: 71
@!@!@ENDMSG 2221 @!@!@
@!@!@STARTMSG 2221:0 @!@!@
  |||||||line 120, col 31 to line 120, col 83 of module pipeline_exec_ooo: 71
@!@!@ENDMSG 2221 @!@!@
@!@!@STARTMSG 2221:0 @!@!@
  ||||||||line 120, col 34 to line 120, col 43 of module pipeline_exec_ooo: 71
@!@!@ENDMSG 2221 @!@!@
@!@!@STARTMSG 2221:0 @!@!@
  |||||||||line 120, col 35 to line 120, col 43 of module pipeline_exec_ooo: 71
@!@!@ENDMSG 2221 @!@!@
@!@!@STARTMSG 2221:0 @!@!@
  ||||||||||line 21, col 14 to line 21, col 67 of module pipeline_exec_ooo: 71
@!@!@ENDMSG 2221 @!@!@
@!@!@STARTMSG 2221:0 @!@!@
  |||||||||||line 21, col 37 to line 21, col 67 of module pipeline_exec_ooo: 142
@!@!@ENDMSG 2221 @!@!@
@!@!@STARTMSG 2221:0 @!@!@
  |||||||||||line 21, col 23 to line 21, col 34 of module pipeline_exec_ooo: 71
@!@!@ENDMSG 2221 @!@!@
@!@!@STARTMSG 2221:0 @!@!@
  ||||||||line 120, col 50 to line 120, col 68 of module pipeline_exec_ooo: 71
@!@!@ENDMSG 2221 @!@!@
@!@!@STARTMSG 2221:0 @!@!@
  |||||||||line 109, col 16 to line 111, col 152 of module pipeline_exec_ooo: 213
@!@!@ENDMSG 2221 @!@!@
@!@!@STARTMSG 2221:0 @!@!@
  ||||||||||line 109, col 19 to line 109, col 23 of module pipeline_exec_ooo: 213
@!@!@ENDMSG 2221 @!@!@
@!@!@STARTMSG 2221:0 @!@!@
  ||||||||||line 110, col 21 to line 110, col 29 of module pipeline_exec_ooo: 71
@!@!@ENDMSG 2221 @!@!@
@!@!@STARTMSG 2221:0 @!@!@
  ||||||||||line 111, col 21 to line 111, col 152 of module pipeline_exec_ooo: 142
@!@!@ENDMSG 2221 @!@!@
@!@!@STARTMSG 2221:0 @!@!@
  |||||||||||line 17, col 22 to line 17, col 64 of module instructions_ooo: 142
@!@!@ENDMSG 2221 @!@!@
@!@!@STARTMSG 2221:0 @!@!@
  ||||||||||||line 17, col 25 to line 17, col 38 of module instructions_ooo: 142
@!@!@ENDMSG 2221 @!@!@
@!@!@STARTMSG 2221:0 @!@!@
  ||||||||||||line 17, col 45 to line 17, col 57 of module instructions_ooo: 20
@!@!@ENDMSG 2221 @!@!@
@!@!@STARTMSG 2221:0 @!@!@
  ||||||||||||line 17, col 64 to line 17, col 64 of module instructions_ooo: 122
@!@!@ENDMSG 2221 @!@!@
@!@!@STARTMSG 2221:0 @!@!@
  |||||||||||line 111, col 32 to line 111, col 44 of module pipeline_exec_ooo: 142
@!@!@ENDMSG 2221 @!@!@
@!@!@STARTMSG 2221:0 @!@!@
  |||||||||||line 111, col 47 to line 111, col 151 of module pipeline_exec_ooo: 142
@!@!@ENDMSG 2221 @!@!@
@!@!@STARTMSG 2221:0 @!@!@
  ||||||||||||line 111, col 56 to line 111, col 79 of module pipeline_exec_ooo: 142
@!@!@ENDMSG 2221 @!@!@
@!@!@STARTMSG 2221:0 @!@!@
  |||||||||||||line 9, col 21 to line 9, col 56 of module instructions_ooo: 142
@!@!@ENDMSG 2221 @!@!@
@!@!@STARTMSG 2221:0 @!@!@
  ||||||||||||||line 9, col 24 to line 9, col 35 of module instructions_ooo: 142
@!@!@ENDMSG 2221 @!@!@
@!@!@STARTMSG 2221:0 @!@!@
  ||||||||||||||line 9, col 42 to line 9, col 45 of module instructions_ooo: 20
@!@!@ENDMSG 2221 @!@!@
@!@!@STARTMSG 2221:0 @!@!@
  ||||||||||||||line 9, col 52 to line 9, col 56 of module instructions_ooo: 122
@!@!@ENDMSG 2221 @!@!@
@!@!@STARTMSG 2221:0 @!@!@
  |||||||||||||line 111, col 67 to line 111, col 75 of module pipeline_exec_ooo: 142
@!@!@ENDMSG 2221 @!@!@
@!@!@STARTMSG 2221:0 @!@!@
  |||||||||||||line 111, col 78 to line 111, col 78 of module pipeline_exec_ooo: 142
@!@!@ENDMSG 2221 @!@!@
@!@!@STARTMSG 2221:0 @!@!@
  ||||||||||||line 111, col 82 to line 111, col 99 of module pipeline_exec_ooo: 142
@!@!@ENDMSG 2221 @!@!@
@!@!@STARTMSG 2221:0 @!@!@
  ||||||||||||line 111, col 102 to line 111, col 115 of module pipeline_exec_ooo: 142
@!@!@ENDMSG 2221 @!@!@
@!@!@STARTMSG 2221:0 @!@!@
  |||||||||line 120, col 59 to line 120, col 67 of module pipeline_exec_ooo: 71
@!@!@ENDMSG 2221 @!@!@
@!@!@STARTMSG 2221:0 @!@!@
  line 137, col 18 to line 146, col 27 of module pipeline_exec_ooo: 70
@!@!@ENDMSG 2221 @!@!@
@!@!@STARTMSG 2221:0 @!@!@
  |line 137, col 27 to line 146, col 27 of module pipeline_exec_ooo: 71
@!@!@ENDMSG 2221 @!@!@
@!@!@STARTMSG 2221:0 @!@!@
  ||line 137, col 29 to line 137, col 33 of module pipeline_exec_ooo: 71
@!@!@ENDMSG 2221 @!@!@
@!@!@STARTMSG 2221:0 @!@!@
  ||line 138, col 29 to line 143, col 176 of module pipeline_exec_ooo: 71
@!@!@ENDMSG 2221 @!@!@
@!@!@STARTMSG 2221:0 @!@!@
  ||line 144, col 39 to line 145, col 206 of module pipeline_exec_ooo: 71
@!@!@ENDMSG 2221 @!@!@
@!@!@STARTMSG 2775:0 @!@!@
  |||line 144, col 39 to line 144, col 153 of module pipeline_exec_ooo: 71:869
@!@!@ENDMSG 2775 @!@!@
@!@!@STARTMSG 2221:0 @!@!@
  ||||line 144, col 49 to line 144, col 152 of module pipeline_exec_ooo: 71
@!@!@ENDMSG 2221 @!@!@
@!@!@STARTMSG 2775:0 @!@!@
  |||||line 144, col 56 to line 144, col 151 of module pipeline_exec_ooo: 71:197
@!@!@ENDMSG 2775 @!@!@
@!@!@STARTMSG 2775:0 @!@!@
  ||||||line 144, col 58 to line 144, col 133 of module pipeline_exec_ooo: 142:132
@!@!@ENDMSG 2775 @!@!@
@!@!@STARTMSG 2221:0 @!@!@
  |||||||line 144, col 60 to line 144, col 72 of module pipeline_exec_ooo: 142
@!@!@ENDMSG 2221 @!@!@
@!@!@STARTMSG 2221:0 @!@!@
  |||||||line 144, col 75 to line 144, col 101 of module pipeline_exec_ooo: 142
@!@!@ENDMSG 2221 @!@!@
@!@!@STARTMSG 2775:0 @!@!@
  |||||||line 144, col 111 to line 144, col 131 of module pipeline_exec_ooo: 142:136
@!@!@ENDMSG 2775 @!@!@
@!@!@STARTMSG 2221:0 @!@!@
  ||||||||line 144, col 112 to line 144, col 115 of module pipeline_exec_ooo: 41
@!@!@ENDMSG 2221 @!@!@
@!@!@STARTMSG 2221:0 @!@!@
  ||||||||line 144, col 125 to line 144, col 130 of module pipeline_exec_ooo: 142
@!@!@ENDMSG 2221 @!@!@
@!@!@STARTMSG 2221:0 @!@!@
  ||||||line 144, col 143 to line 144, col 149 of module pipeline_exec_ooo: 71
@!@!@ENDMSG 2221 @!@!@
@!@!@STARTMSG 2775:0 @!@!@
  |||line 145, col 48 to line 145, col 206 of module pipeline_exec_ooo: 71:69
@!@!@ENDMSG 2775 @!@!@
@!@!@STARTMSG 2221:0 @!@!@
  ||||line 145, col 50 to line 145, col 114 of module pipeline_exec_ooo: 3
@!@!@ENDMSG 2221 @!@!@
@!@!@STARTMSG 2221:0 @!@!@
  ||||line 145, col 124 to line 145, col 204 of module pipeline_exec_ooo: 71
@!@!@ENDMSG 2221 @!@!@
@!@!@STARTMSG 2221:0 @!@!@
  |||||line 145, col 124 to line 145, col 164 of module pipeline_exec_ooo: 71
@!@!@ENDMSG 2221 @!@!@
@!@!@STARTMSG 2775:0 @!@!@
  ||||||line 145, col 130 to line 145, col 163 of module pipeline_exec_ooo: 71:74
@!@!@ENDMSG 2775 @!@!@
@!@!@STARTMSG 2221:0 @!@!@
  |||||||line 145, col 131 to line 145, col 139 of module pipeline_exec_ooo: 213
@!@!@ENDMSG 2221 @!@!@
@!@!@STARTMSG 2221:0 @!@!@
  ||||||||line 96, col 15 to line 102, col 72 of module pipeline_exec_ooo: 497
@!@!@ENDMSG 2221 @!@!@
@!@!@STARTMSG 2221:0 @!@!@
  |||||||||line 96, col 18 to line 96, col 22 of module pipeline_exec_ooo: 497
@!@!@ENDMSG 2221 @!@!@
@!@!@STARTMSG 2221:0 @!@!@
  |||||||||line 99, col 17 to line 99, col 30 of module pipeline_exec_ooo: 284
@!@!@ENDMSG 2221 @!@!@
@!@!@STARTMSG 2221:0 @!@!@
  ||||||||||line 52, col 43 to line 56, col 42 of module pipeline_exec_ooo: 284
@!@!@ENDMSG 2221 @!@!@
@!@!@STARTMSG 2221:0 @!@!@
  |||||||||||line 55, col 45 to line 55, col 74 of module pipeline_exec_ooo: 1016
@!@!@ENDMSG 2221 @!@!@
@!@!@STARTMSG 2221:0 @!@!@
  ||||||||||||line 55, col 62 to line 55, col 74 of module pipeline_exec_ooo: 1220
@!@!@ENDMSG 2221 @!@!@
@!@!@STARTMSG 2221:0 @!@!@
  ||||||||||||line 55, col 54 to line 55, col 59 of module pipeline_exec_ooo: 1016
@!@!@ENDMSG 2221 @!@!@
@!@!@STARTMSG 2221:0 @!@!@
  |||||||||||line 52, col 51 to line 52, col 67 of module pipeline_exec_ooo: 284
@!@!@ENDMSG 2221 @!@!@
@!@!@STARTMSG 2221:0 @!@!@
  ||||||||||line 57, col 23 to line 57, col 62 of module pipeline_exec_ooo: 284
@!@!@ENDMSG 2221 @!@!@
@!@!@STARTMSG 2221:0 @!@!@
  |||||||||||line 57, col 24 to line 57, col 51 of module pipeline_exec_ooo: 284
@!@!@ENDMSG 2221 @!@!@
@!@!@STARTMSG 2221:0 @!@!@
  ||||||||||||line 57, col 24 to line 57, col 27 of module pipeline_exec_ooo: 284
@!@!@ENDMSG 2221 @!@!@
@!@!@STARTMSG 2221:0 @!@!@
  |||||||||||||line 25, col 9 to line 26, col 102 of module pipeline_exec_ooo: 284
@!@!@ENDMSG 2221 @!@!@
@!@!@STARTMSG 2221:0 @!@!@
  ||||||||||||||line 25, col 36 to line 26, col 100 of module pipeline_exec_ooo: 1016
@!@!@ENDMSG 2221 @!@!@
@!@!@STARTMSG 2221:0 @!@!@
  |||||||||||||||line 25, col 39 to line 25, col 59 of module pipeline_exec_ooo: 1016
@!@!@ENDMSG 2221 @!@!@
@!@!@STARTMSG 2221:0 @!@!@
  |||||||||||||||line 26, col 39 to line 26, col 100 of module pipeline_exec_ooo: 548
@!@!@ENDMSG 2221 @!@!@
@!@!@STARTMSG 2221:0 @!@!@
  ||||||||||||||||line 26, col 57 to line 26, col 100 of module pipeline_exec_ooo: 1056
@!@!@ENDMSG 2221 @!@!@
@!@!@STARTMSG 2221:0 @!@!@
  |||||||||||||||||line 26, col 57 to line 26, col 83 of module pipeline_exec_ooo: 1056
@!@!@ENDMSG 2221 @!@!@
@!@!@STARTMSG 2221:0 @!@!@
  |||||||||||||||||line 26, col 88 to line 26, col 100 of module pipeline_exec_ooo: 224
@!@!@ENDMSG 2221 @!@!@
@!@!@STARTMSG 2221:0 @!@!@
  ||||||||||||||||line 26, col 48 to line 26, col 54 of module pipeline_exec_ooo: 548
@!@!@ENDMSG 2221 @!@!@
@!@!@STARTMSG 2221:0 @!@!@
  ||||||||||||||line 25, col 17 to line 25, col 33 of module pipeline_exec_ooo: 284
@!@!@ENDMSG 2221 @!@!@
@!@!@STARTMSG 2221:0 @!@!@
  ||||||||||||line 57, col 40 to line 57, col 51 of module pipeline_exec_ooo: 284
@!@!@ENDMSG 2221 @!@!@
@!@!@STARTMSG 2221:0 @!@!@
  |||||||||||line 57, col 56 to line 57, col 62 of module pipeline_exec_ooo: 284
@!@!@ENDMSG 2221 @!@!@
@!@!@STARTMSG 2221:0 @!@!@
  ||||||||||line 99, col 26 to line 99, col 29 of module pipeline_exec_ooo: 284
@!@!@ENDMSG 2221 @!@!@
@!@!@STARTMSG 2221:0 @!@!@
  |||||||||||line 28, col 9 to line 29, col 91 of module pipeline_exec_ooo: 284
@!@!@ENDMSG 2221 @!@!@
@!@!@STARTMSG 2221:0 @!@!@
  ||||||||||||line 28, col 36 to line 29, col 89 of module pipeline_exec_ooo: 1016
@!@!@ENDMSG 2221 @!@!@
@!@!@STARTMSG 2221:0 @!@!@
  |||||||||||||line 28, col 39 to line 28, col 55 of module pipeline_exec_ooo: 1016
@!@!@ENDMSG 2221 @!@!@
@!@!@STARTMSG 2221:0 @!@!@
  |||||||||||||line 29, col 39 to line 29, col 89 of module pipeline_exec_ooo: 676
@!@!@ENDMSG 2221 @!@!@
@!@!@STARTMSG 2221:0 @!@!@
  ||||||||||||||line 29, col 62 to line 29, col 89 of module pipeline_exec_ooo: 1284
@!@!@ENDMSG 2221 @!@!@
@!@!@STARTMSG 2221:0 @!@!@
  ||||||||||||||line 29, col 48 to line 29, col 59 of module pipeline_exec_ooo: 676
@!@!@ENDMSG 2221 @!@!@
@!@!@STARTMSG 2221:0 @!@!@
  ||||||||||||line 28, col 17 to line 28, col 33 of module pipeline_exec_ooo: 284
@!@!@ENDMSG 2221 @!@!@
@!@!@STARTMSG 2221:0 @!@!@
  |||||||||line 102, col 17 to line 102, col 72 of module pipeline_exec_ooo: 213
@!@!@ENDMSG 2221 @!@!@
@!@!@STARTMSG 2221:0 @!@!@
  ||||||||||line 52, col 43 to line 56, col 42 of module pipeline_exec_ooo: 213
@!@!@ENDMSG 2221 @!@!@
@!@!@STARTMSG 2221:0 @!@!@
  |||||||||||line 55, col 45 to line 55, col 74 of module pipeline_exec_ooo: 762
@!@!@ENDMSG 2221 @!@!@
@!@!@STARTMSG 2221:0 @!@!@
  ||||||||||||line 55, col 62 to line 55, col 74 of module pipeline_exec_ooo: 960
@!@!@ENDMSG 2221 @!@!@
@!@!@STARTMSG 2221:0 @!@!@
  ||||||||||||line 55, col 54 to line 55, col 59 of module pipeline_exec_ooo: 762
@!@!@ENDMSG 2221 @!@!@
@!@!@STARTMSG 2221:0 @!@!@
  |||||||||||line 52, col 51 to line 52, col 67 of module pipeline_exec_ooo: 213
@!@!@ENDMSG 2221 @!@!@
@!@!@STARTMSG 2221:0 @!@!@
  ||||||||||line 57, col 23 to line 57, col 62 of module pipeline_exec_ooo: 213
@!@!@ENDMSG 2221 @!@!@
@!@!@STARTMSG 2221:0 @!@!@
  |||||||||||line 57, col 24 to line 57, col 51 of module pipeline_exec_ooo: 213
@!@!@ENDMSG 2221 @!@!@
@!@!@STARTMSG 2221:0 @!@!@
  ||||||||||||line 57, col 24 to line 57, col 27 of module pipeline_exec_ooo: 213
@!@!@ENDMSG 2221 @!@!@
@!@!@STARTMSG 2221:0 @!@!@
  |||||||||||||line 25, col 9 to line 26, col 102 of module pipeline_exec_ooo: 213
@!@!@ENDMSG 2221 @!@!@
@!@!@STARTMSG 2221:0 @!@!@
  ||||||||||||||line 25, col 36 to line 26, col 100 of module pipeline_exec_ooo: 762
@!@!@ENDMSG 2221 @!@!@
@!@!@STARTMSG 2221:0 @!@!@
  |||||||||||||||line 25, col 39 to line 25, col 59 of module pipeline_exec_ooo: 762
@!@!@ENDMSG 2221 @!@!@
@!@!@STARTMSG 2221:0 @!@!@
  |||||||||||||||line 26, col 39 to line 26, col 100 of module pipeline_exec_ooo: 411
@!@!@ENDMSG 2221 @!@!@
@!@!@STARTMSG 2221:0 @!@!@
  ||||||||||||||||line 26, col 57 to line 26, col 100 of module pipeline_exec_ooo: 792
@!@!@ENDMSG 2221 @!@!@
@!@!@STARTMSG 2221:0 @!@!@
  |||||||||||||||||line 26, col 57 to line 26, col 83 of module pipeline_exec_ooo: 792
@!@!@ENDMSG 2221 @!@!@
@!@!@STARTMSG 2221:0 @!@!@
  |||||||||||||||||line 26, col 88 to line 26, col 100 of module pipeline_exec_ooo: 168
@!@!@ENDMSG 2221 @!@!@
@!@!@STARTMSG 2221:0 @!@!@
  ||||||||||||||||line 26, col 48 to line 26, col 54 of module pipeline_exec_ooo: 411
@!@!@ENDMSG 2221 @!@!@
@!@!@STARTMSG 2221:0 @!@!@
  ||||||||||||||line 25, col 17 to line 25, col 33 of module pipeline_exec_ooo: 213
@!@!@ENDMSG 2221 @!@!@
@!@!@STARTMSG 2221:0 @!@!@
  ||||||||||||line 57, col 40 to line 57, col 51 of module pipeline_exec_ooo: 213
@!@!@ENDMSG 2221 @!@!@
@!@!@STARTMSG 2221:0 @!@!@
  |||||||||||line 57, col 56 to line 57, col 62 of module pipeline_exec_ooo: 213
@!@!@ENDMSG 2221 @!@!@
@!@!@STARTMSG 2221:0 @!@!@
  ||||||||||line 102, col 26 to line 102, col 71 of module pipeline_exec_ooo: 213
@!@!@ENDMSG 2221 @!@!@
@!@!@STARTMSG 2221:0 @!@!@
  |||||||||||line 102, col 26 to line 102, col 29 of module pipeline_exec_ooo: 213
@!@!@ENDMSG 2221 @!@!@
@!@!@STARTMSG 2221:0 @!@!@
  ||||||||||||line 28, col 9 to line 29, col 91 of module pipeline_exec_ooo: 213
@!@!@ENDMSG 2221 @!@!@
@!@!@STARTMSG 2221:0 @!@!@
  |||||||||||||line 28, col 36 to line 29, col 89 of module pipeline_exec_ooo: 762
@!@!@ENDMSG 2221 @!@!@
@!@!@STARTMSG 2221:0 @!@!@
  ||||||||||||||line 28, col 39 to line 28, col 55 of module pipeline_exec_ooo: 762
@!@!@ENDMSG 2221 @!@!@
@!@!@STARTMSG 2221:0 @!@!@
  ||||||||||||||line 29, col 39 to line 29, col 89 of module pipeline_exec_ooo: 507
@!@!@ENDMSG 2221 @!@!@
@!@!@STARTMSG 2221:0 @!@!@
  |||||||||||||||line 29, col 62 to line 29, col 89 of module pipeline_exec_ooo: 963
@!@!@ENDMSG 2221 @!@!@
@!@!@STARTMSG 2221:0 @!@!@
  |||||||||||||||line 29, col 48 to line 29, col 59 of module pipeline_exec_ooo: 507
@!@!@ENDMSG 2221 @!@!@
@!@!@STARTMSG 2221:0 @!@!@
  |||||||||||||line 28, col 17 to line 28, col 33 of module pipeline_exec_ooo: 213
@!@!@ENDMSG 2221 @!@!@
@!@!@STARTMSG 2221:0 @!@!@
  |||||||||||line 102, col 38 to line 102, col 71 of module pipeline_exec_ooo: 213
@!@!@ENDMSG 2221 @!@!@
@!@!@STARTMSG 2775:0 @!@!@
  ||||||||||||line 102, col 44 to line 102, col 70 of module pipeline_exec_ooo: 213:174
@!@!@ENDMSG 2775 @!@!@
@!@!@STARTMSG 2221:0 @!@!@
  |||||||||||||line 102, col 46 to line 102, col 54 of module pipeline_exec_ooo: 284
@!@!@ENDMSG 2221 @!@!@
@!@!@STARTMSG 2221:0 @!@!@
  |||||||||||||line 102, col 63 to line 102, col 68 of module pipeline_exec_ooo: 213
@!@!@ENDMSG 2221 @!@!@
@!@!@STARTMSG 2221:0 @!@!@
  ||||||||line 145, col 138 to line 145, col 138 of module pipeline_exec_ooo: 213
@!@!@ENDMSG 2221 @!@!@
@!@!@STARTMSG 2221:0 @!@!@
  |||||||line 145, col 149 to line 145, col 162 of module pipeline_exec_ooo: 71
@!@!@ENDMSG 2221 @!@!@
@!@!@STARTMSG 2221:0 @!@!@
  |||||line 145, col 168 to line 145, col 204 of module pipeline_exec_ooo: 71
@!@!@ENDMSG 2221 @!@!@
@!@!@STARTMSG 2221:0 @!@!@
  ||||||line 145, col 169 to line 145, col 182 of module pipeline_exec_ooo: 142
@!@!@ENDMSG 2221 @!@!@
@!@!@STARTMSG 2221:0 @!@!@
  ||||||line 145, col 192 to line 145, col 203 of module pipeline_exec_ooo: 71
@!@!@ENDMSG 2221 @!@!@
@!@!@STARTMSG 2221:0 @!@!@
  line 150, col 20 to line 151, col 50 of module pipeline_exec_ooo: 71
@!@!@ENDMSG 2221 @!@!@
@!@!@STARTMSG 2221:0 @!@!@
  |line 151, col 26 to line 151, col 39 of module pipeline_exec_ooo: 474
@!@!@ENDMSG 2221 @!@!@
@!@!@STARTMSG 2221:0 @!@!@
  |line 151, col 44 to line 151, col 50 of module pipeline_exec_ooo: 237
@!@!@ENDMSG 2221 @!@!@
@!@!@STARTMSG 2221:0 @!@!@
  |line 150, col 29 to line 150, col 49 of module pipeline_exec_ooo: 71
@!@!@ENDMSG 2221 @!@!@
@!@!@STARTMSG 2221:0 @!@!@
  line 152, col 22 to line 152, col 47 of module pipeline_exec_ooo: 64
@!@!@ENDMSG 2221 @!@!@
@!@!@STARTMSG 2221:0 @!@!@
  line 153, col 22 to line 153, col 46 of module pipeline_exec_ooo: 6
@!@!@ENDMSG 2221 @!@!@
@!@!@STARTMSG 2221:0 @!@!@
  line 155, col 37 to line 155, col 68 of module pipeline_exec_ooo: 70
@!@!@ENDMSG 2221 @!@!@
@!@!@STARTMSG 2221:0 @!@!@
  line 85, col 12 to line 94, col 101 of module pipeline_ooo: 70
@!@!@ENDMSG 2221 @!@!@
@!@!@STARTMSG 2221:0 @!@!@
  |line 85, col 25 to line 94, col 101 of module pipeline_ooo: 71
@!@!@ENDMSG 2221 @!@!@
@!@!@STARTMSG 2221:0 @!@!@
  ||line 85, col 28 to line 85, col 36 of module pipeline_ooo: 71
@!@!@ENDMSG 2221 @!@!@
@!@!@STARTMSG 2221:0 @!@!@
  ||line 87, col 28 to line 90, col 101 of module pipeline_ooo: 40
@!@!@ENDMSG 2221 @!@!@
@!@!@STARTMSG 2221:0 @!@!@
  |||line 87, col 44 to line 90, col 101 of module pipeline_ooo: 80
@!@!@ENDMSG 2221 @!@!@
@!@!@STARTMSG 2221:0 @!@!@
  ||||line 87, col 67 to line 90, col 101 of module pipeline_ooo: 160
@!@!@ENDMSG 2221 @!@!@
@!@!@STARTMSG 2221:0 @!@!@
  |||||line 88, col 29 to line 90, col 101 of module pipeline_ooo: 180
@!@!@ENDMSG 2221 @!@!@
@!@!@STARTMSG 2221:0 @!@!@
  ||||||line 88, col 32 to line 88, col 63 of module pipeline_ooo: 180
@!@!@ENDMSG 2221 @!@!@
@!@!@STARTMSG 2221:0 @!@!@
  ||||||line 90, col 32 to line 90, col 101 of module pipeline_ooo: 160
@!@!@ENDMSG 2221 @!@!@
@!@!@STARTMSG 2221:0 @!@!@
  |||||||line 90, col 32 to line 90, col 61 of module pipeline_ooo: 160
@!@!@ENDMSG 2221 @!@!@
@!@!@STARTMSG 2221:0 @!@!@
  |||||||line 90, col 66 to line 90, col 101 of module pipeline_ooo: 100
@!@!@ENDMSG 2221 @!@!@
@!@!@STARTMSG 2221:0 @!@!@
  |||||line 87, col 77 to line 87, col 88 of module pipeline_ooo: 160
@!@!@ENDMSG 2221 @!@!@
@!@!@STARTMSG 2221:0 @!@!@
  ||||line 87, col 53 to line 87, col 64 of module pipeline_ooo: 80
@!@!@ENDMSG 2221 @!@!@
@!@!@STARTMSG 2221:0 @!@!@
  |||line 87, col 38 to line 87, col 41 of module pipeline_ooo: 40
@!@!@ENDMSG 2221 @!@!@
@!@!@STARTMSG 2221:0 @!@!@
  ||line 92, col 28 to line 94, col 101 of module pipeline_ooo: 40
@!@!@ENDMSG 2221 @!@!@
@!@!@STARTMSG 2221:0 @!@!@
  |||line 92, col 44 to line 94, col 101 of module pipeline_ooo: 79
@!@!@ENDMSG 2221 @!@!@
@!@!@STARTMSG 2221:0 @!@!@
  ||||line 92, col 62 to line 94, col 101 of module pipeline_ooo: 155
@!@!@ENDMSG 2221 @!@!@
@!@!@STARTMSG 2221:0 @!@!@
  |||||line 93, col 29 to line 94, col 101 of module pipeline_ooo: 204
@!@!@ENDMSG 2221 @!@!@
@!@!@STARTMSG 2221:0 @!@!@
  ||||||line 93, col 32 to line 93, col 63 of module pipeline_ooo: 204
@!@!@ENDMSG 2221 @!@!@
@!@!@STARTMSG 2221:0 @!@!@
  ||||||line 94, col 32 to line 94, col 101 of module pipeline_ooo: 165
@!@!@ENDMSG 2221 @!@!@
@!@!@STARTMSG 2221:0 @!@!@
  |||||||line 94, col 32 to line 94, col 61 of module pipeline_ooo: 165
@!@!@ENDMSG 2221 @!@!@
@!@!@STARTMSG 2221:0 @!@!@
  |||||||line 94, col 66 to line 94, col 101 of module pipeline_ooo: 127
@!@!@ENDMSG 2221 @!@!@
@!@!@STARTMSG 2221:0 @!@!@
  |||||line 92, col 72 to line 92, col 78 of module pipeline_ooo: 155
@!@!@ENDMSG 2221 @!@!@
@!@!@STARTMSG 2221:0 @!@!@
  ||||line 92, col 53 to line 92, col 59 of module pipeline_ooo: 79
@!@!@ENDMSG 2221 @!@!@
@!@!@STARTMSG 2221:0 @!@!@
  |||line 92, col 38 to line 92, col 41 of module pipeline_ooo: 40
@!@!@ENDMSG 2221 @!@!@
@!@!@STARTMSG 2221:0 @!@!@
  line 95, col 12 to line 108, col 22 of module pipeline_ooo: 70
@!@!@ENDMSG 2221 @!@!@
@!@!@STARTMSG 2775:0 @!@!@
  |line 95, col 24 to line 108, col 22 of module pipeline_ooo: 71:142
@!@!@ENDMSG 2775 @!@!@
@!@!@STARTMSG 2221:0 @!@!@
  line 109, col 12 to line 109, col 103 of module pipeline_ooo: 70
@!@!@ENDMSG 2221 @!@!@
@!@!@STARTMSG 2774:0 @!@!@
<NoTAInter line 154, col 1 to line 154, col 9 of module pipeline_ooo>
@!@!@ENDMSG 2774 @!@!@
@!@!@STARTMSG 2221:0 @!@!@
  line 154, col 14 to line 159, col 98 of module pipeline_ooo: 58
@!@!@ENDMSG 2221 @!@!@
@!@!@STARTMSG 2221:0 @!@!@
  |line 154, col 37 to line 159, col 98 of module pipeline_ooo: 172
@!@!@ENDMSG 2221 @!@!@
@!@!@STARTMSG 2221:0 @!@!@
  ||line 155, col 13 to line 159, col 98 of module pipeline_ooo: 345
@!@!@ENDMSG 2221 @!@!@
@!@!@STARTMSG 2221:0 @!@!@
  |||line 155, col 16 to line 157, col 46 of module pipeline_ooo: 345
@!@!@ENDMSG 2221 @!@!@
@!@!@STARTMSG 2221:0 @!@!@
  ||||line 155, col 16 to line 156, col 45 of module pipeline_ooo: 345
@!@!@ENDMSG 2221 @!@!@
@!@!@STARTMSG 2221:0 @!@!@
  |||||line 155, col 19 to line 155, col 29 of module pipeline_ooo: 345
@!@!@ENDMSG 2221 @!@!@
@!@!@STARTMSG 2221:0 @!@!@
  ||||||line 129, col 16 to line 129, col 119 of module pipeline_ooo: 345
@!@!@ENDMSG 2221 @!@!@
@!@!@STARTMSG 2221:0 @!@!@
  |||||||line 129, col 31 to line 129, col 119 of module pipeline_ooo: 378
@!@!@ENDMSG 2221 @!@!@
@!@!@STARTMSG 2221:0 @!@!@
  ||||||||line 129, col 63 to line 129, col 119 of module pipeline_ooo: 1368
@!@!@ENDMSG 2221 @!@!@
@!@!@STARTMSG 2221:0 @!@!@
  |||||||||line 129, col 63 to line 129, col 94 of module pipeline_ooo: 1368
@!@!@ENDMSG 2221 @!@!@
@!@!@STARTMSG 2221:0 @!@!@
  |||||||||line 129, col 99 to line 129, col 119 of module pipeline_ooo: 330
@!@!@ENDMSG 2221 @!@!@
@!@!@STARTMSG 2221:0 @!@!@
  ||||||||line 129, col 40 to line 129, col 60 of module pipeline_ooo: 378
@!@!@ENDMSG 2221 @!@!@
@!@!@STARTMSG 2221:0 @!@!@
  |||||||line 129, col 25 to line 129, col 28 of module pipeline_ooo: 345
@!@!@ENDMSG 2221 @!@!@
@!@!@STARTMSG 2221:0 @!@!@
  |||||line 156, col 19 to line 156, col 45 of module pipeline_ooo: 21
@!@!@ENDMSG 2221 @!@!@
@!@!@STARTMSG 2221:0 @!@!@
  ||||line 157, col 19 to line 157, col 46 of module pipeline_ooo: 3
@!@!@ENDMSG 2221 @!@!@
@!@!@STARTMSG 2221:0 @!@!@
  |||line 158, col 18 to line 158, col 21 of module pipeline_ooo: 344
@!@!@ENDMSG 2221 @!@!@
@!@!@STARTMSG 2221:0 @!@!@
  |||line 159, col 18 to line 159, col 98 of module pipeline_ooo: 1
@!@!@ENDMSG 2221 @!@!@
@!@!@STARTMSG 2221:0 @!@!@
  ||line 154, col 46 to line 154, col 57 of module pipeline_ooo: 172
@!@!@ENDMSG 2221 @!@!@
@!@!@STARTMSG 2221:0 @!@!@
  |line 154, col 23 to line 154, col 34 of module pipeline_ooo: 58
@!@!@ENDMSG 2221 @!@!@
@!@!@STARTMSG 2202:0 @!@!@
End of statistics.
@!@!@ENDMSG 2202 @!@!@
@!@!@STARTMSG 2200:0 @!@!@
Progress(15) at 2021-04-20 21:46:09: 61 states generated (1 249 s/min), 58 distinct states found (1 188 ds/min), 0 states left on queue.
@!@!@ENDMSG 2200 @!@!@
@!@!@STARTMSG 2199:0 @!@!@
61 states generated, 58 distinct states found, 0 states left on queue.
@!@!@ENDMSG 2199 @!@!@
@!@!@STARTMSG 2194:0 @!@!@
The depth of the complete state graph search is 15.
@!@!@ENDMSG 2194 @!@!@
@!@!@STARTMSG 2268:0 @!@!@
The average outdegree of the complete state graph is 1 (minimum is 0, the maximum 1 and the 95th percentile is 1).
@!@!@ENDMSG 2268 @!@!@
@!@!@STARTMSG 2186:0 @!@!@
Finished in 2954ms at (2021-04-20 21:46:09)
@!@!@ENDMSG 2186 @!@!@
