@!@!@STARTMSG 2262:0 @!@!@
TLC2 Version 2.16 of 31 December 2020 (rev: cdddf55)
@!@!@ENDMSG 2262 @!@!@
@!@!@STARTMSG 2187:0 @!@!@
Running breadth-first search Model-Checking with fp 106 and seed 4169786461904091027 with 2 workers on 4 cores with 1161MB heap and 2609MB offheap memory [pid: 27302] (Linux 5.4.0-81-generic amd64, AdoptOpenJDK 14.0.1 x86_64, OffHeapDiskFPSet, DiskStateQueue).
@!@!@ENDMSG 2187 @!@!@
@!@!@STARTMSG 2220:0 @!@!@
Starting SANY...
@!@!@ENDMSG 2220 @!@!@
Parsing file /home/benjaminbinder/Documents/timing-anomalies/tla/OoO/pipeline_ooo.toolbox/switch_var_TA/MC.tla
Parsing file /home/benjaminbinder/Documents/timing-anomalies/tla/OoO/pipeline_ooo.toolbox/switch_var_TA/pipeline_ooo.tla
Parsing file /usr/tla_toolbox/plugins/org.lamport.tlatools_1.0.0.202012311918/tla2sany/StandardModules/TLC.tla
Parsing file /usr/tla_toolbox/plugins/org.lamport.tlatools_1.0.0.202012311918/tla2sany/StandardModules/Sequences.tla
Parsing file /home/benjaminbinder/Documents/timing-anomalies/tla/OoO/pipeline_ooo.toolbox/switch_var_TA/instructions_ooo.tla
Parsing file /usr/tla_toolbox/plugins/org.lamport.tlatools_1.0.0.202012311918/tla2sany/StandardModules/Integers.tla
Parsing file /usr/tla_toolbox/plugins/org.lamport.tlatools_1.0.0.202012311918/tla2sany/StandardModules/FiniteSets.tla
Parsing file /usr/tla_toolbox/plugins/org.lamport.tlatools_1.0.0.202012311918/tla2sany/StandardModules/Naturals.tla
Parsing file /home/benjaminbinder/Documents/timing-anomalies/tla/OoO/pipeline_ooo.toolbox/switch_var_TA/pipeline_exec_ooo.tla
Semantic processing of module Naturals
Semantic processing of module Sequences
Semantic processing of module Integers
Semantic processing of module instructions_ooo
Semantic processing of module FiniteSets
Semantic processing of module TLC
Semantic processing of module pipeline_exec_ooo
Semantic processing of module pipeline_ooo
Semantic processing of module MC
@!@!@STARTMSG 2219:0 @!@!@
SANY finished.
@!@!@ENDMSG 2219 @!@!@
@!@!@STARTMSG 2185:0 @!@!@
Starting... (2021-09-08 23:27:14)
@!@!@ENDMSG 2185 @!@!@
@!@!@STARTMSG 2189:0 @!@!@
Computing initial states...
@!@!@ENDMSG 2189 @!@!@
@!@!@STARTMSG 2776:0 @!@!@
CostModel lookup failed for expression <line 31, col 12 to line 35, col 25 of module pipeline_ooo>. Reporting costs into <line 42, col 38 to line 42, col 43 of module pipeline_ooo> instead (Safety and Liveness checking is unaffected. Please report a bug.)
@!@!@ENDMSG 2776 @!@!@
@!@!@STARTMSG 2776:0 @!@!@
CostModel lookup failed for expression <line 31, col 15 to line 31, col 19 of module pipeline_ooo>. Reporting costs into <line 42, col 38 to line 42, col 43 of module pipeline_ooo> instead (Safety and Liveness checking is unaffected. Please report a bug.)
@!@!@ENDMSG 2776 @!@!@
@!@!@STARTMSG 2776:0 @!@!@
CostModel lookup failed for expression <line 6, col 1 to line 6, col 5 of module MC>. Reporting costs into <line 42, col 38 to line 42, col 43 of module pipeline_ooo> instead (Safety and Liveness checking is unaffected. Please report a bug.)
@!@!@ENDMSG 2776 @!@!@
@!@!@STARTMSG 2776:0 @!@!@
CostModel lookup failed for expression <line 35, col 17 to line 35, col 25 of module pipeline_ooo>. Reporting costs into <line 42, col 38 to line 42, col 43 of module pipeline_ooo> instead (Safety and Liveness checking is unaffected. Please report a bug.)
@!@!@ENDMSG 2776 @!@!@
@!@!@STARTMSG 2776:0 @!@!@
CostModel lookup failed for expression <line 35, col 19 to line 35, col 23 of module pipeline_ooo>. Reporting costs into <line 42, col 38 to line 42, col 43 of module pipeline_ooo> instead (Safety and Liveness checking is unaffected. Please report a bug.)
@!@!@ENDMSG 2776 @!@!@
@!@!@STARTMSG 2776:0 @!@!@
CostModel lookup failed for expression <line 31, col 12 to line 35, col 25 of module pipeline_ooo>. Reporting costs into <line 42, col 72 to line 42, col 77 of module pipeline_ooo> instead (Safety and Liveness checking is unaffected. Please report a bug.)
@!@!@ENDMSG 2776 @!@!@
@!@!@STARTMSG 2776:0 @!@!@
CostModel lookup failed for expression <line 31, col 15 to line 31, col 19 of module pipeline_ooo>. Reporting costs into <line 42, col 72 to line 42, col 77 of module pipeline_ooo> instead (Safety and Liveness checking is unaffected. Please report a bug.)
@!@!@ENDMSG 2776 @!@!@
@!@!@STARTMSG 2776:0 @!@!@
CostModel lookup failed for expression <line 6, col 1 to line 6, col 5 of module MC>. Reporting costs into <line 42, col 72 to line 42, col 77 of module pipeline_ooo> instead (Safety and Liveness checking is unaffected. Please report a bug.)
@!@!@ENDMSG 2776 @!@!@
@!@!@STARTMSG 2776:0 @!@!@
CostModel lookup failed for expression <line 35, col 17 to line 35, col 25 of module pipeline_ooo>. Reporting costs into <line 42, col 72 to line 42, col 77 of module pipeline_ooo> instead (Safety and Liveness checking is unaffected. Please report a bug.)
@!@!@ENDMSG 2776 @!@!@
@!@!@STARTMSG 2776:0 @!@!@
CostModel lookup failed for expression <line 35, col 19 to line 35, col 23 of module pipeline_ooo>. Reporting costs into <line 42, col 72 to line 42, col 77 of module pipeline_ooo> instead (Safety and Liveness checking is unaffected. Please report a bug.)
@!@!@ENDMSG 2776 @!@!@
@!@!@STARTMSG 2776:0 @!@!@
CostModel lookup failed for expression <line 36, col 13 to line 36, col 29 of module pipeline_ooo>. Reporting costs into <line 42, col 38 to line 42, col 43 of module pipeline_ooo> instead (Safety and Liveness checking is unaffected. Please report a bug.)
@!@!@ENDMSG 2776 @!@!@
@!@!@STARTMSG 2776:0 @!@!@
CostModel lookup failed for expression <line 36, col 13 to line 36, col 24 of module pipeline_ooo>. Reporting costs into <line 42, col 38 to line 42, col 43 of module pipeline_ooo> instead (Safety and Liveness checking is unaffected. Please report a bug.)
@!@!@ENDMSG 2776 @!@!@
@!@!@STARTMSG 2776:0 @!@!@
CostModel lookup failed for expression <line 36, col 13 to line 36, col 21 of module pipeline_ooo>. Reporting costs into <line 42, col 38 to line 42, col 43 of module pipeline_ooo> instead (Safety and Liveness checking is unaffected. Please report a bug.)
@!@!@ENDMSG 2776 @!@!@
@!@!@STARTMSG 2776:0 @!@!@
CostModel lookup failed for expression <line 36, col 13 to line 36, col 16 of module pipeline_ooo>. Reporting costs into <line 42, col 38 to line 42, col 43 of module pipeline_ooo> instead (Safety and Liveness checking is unaffected. Please report a bug.)
@!@!@ENDMSG 2776 @!@!@
@!@!@STARTMSG 2776:0 @!@!@
CostModel lookup failed for expression <line 36, col 23 to line 36, col 23 of module pipeline_ooo>. Reporting costs into <line 42, col 38 to line 42, col 43 of module pipeline_ooo> instead (Safety and Liveness checking is unaffected. Please report a bug.)
@!@!@ENDMSG 2776 @!@!@
@!@!@STARTMSG 2776:0 @!@!@
CostModel lookup failed for expression <line 36, col 13 to line 36, col 29 of module pipeline_ooo>. Reporting costs into <line 42, col 72 to line 42, col 77 of module pipeline_ooo> instead (Safety and Liveness checking is unaffected. Please report a bug.)
@!@!@ENDMSG 2776 @!@!@
@!@!@STARTMSG 2776:0 @!@!@
CostModel lookup failed for expression <line 36, col 13 to line 36, col 24 of module pipeline_ooo>. Reporting costs into <line 42, col 72 to line 42, col 77 of module pipeline_ooo> instead (Safety and Liveness checking is unaffected. Please report a bug.)
@!@!@ENDMSG 2776 @!@!@
@!@!@STARTMSG 2776:0 @!@!@
CostModel lookup failed for expression <line 36, col 13 to line 36, col 21 of module pipeline_ooo>. Reporting costs into <line 42, col 72 to line 42, col 77 of module pipeline_ooo> instead (Safety and Liveness checking is unaffected. Please report a bug.)
@!@!@ENDMSG 2776 @!@!@
@!@!@STARTMSG 2776:0 @!@!@
CostModel lookup failed for expression <line 36, col 13 to line 36, col 16 of module pipeline_ooo>. Reporting costs into <line 42, col 72 to line 42, col 77 of module pipeline_ooo> instead (Safety and Liveness checking is unaffected. Please report a bug.)
@!@!@ENDMSG 2776 @!@!@
@!@!@STARTMSG 2776:0 @!@!@
CostModel lookup failed for expression <line 36, col 23 to line 36, col 23 of module pipeline_ooo>. Reporting costs into <line 42, col 72 to line 42, col 77 of module pipeline_ooo> instead (Safety and Liveness checking is unaffected. Please report a bug.)
@!@!@ENDMSG 2776 @!@!@
@!@!@STARTMSG 2776:0 @!@!@
CostModel lookup failed for expression <line 37, col 16 to line 37, col 31 of module pipeline_ooo>. Reporting costs into <line 42, col 38 to line 42, col 43 of module pipeline_ooo> instead (Safety and Liveness checking is unaffected. Please report a bug.)
@!@!@ENDMSG 2776 @!@!@
@!@!@STARTMSG 2776:0 @!@!@
CostModel lookup failed for expression <line 37, col 16 to line 37, col 27 of module pipeline_ooo>. Reporting costs into <line 42, col 38 to line 42, col 43 of module pipeline_ooo> instead (Safety and Liveness checking is unaffected. Please report a bug.)
@!@!@ENDMSG 2776 @!@!@
@!@!@STARTMSG 2776:0 @!@!@
CostModel lookup failed for expression <line 37, col 16 to line 37, col 24 of module pipeline_ooo>. Reporting costs into <line 42, col 38 to line 42, col 43 of module pipeline_ooo> instead (Safety and Liveness checking is unaffected. Please report a bug.)
@!@!@ENDMSG 2776 @!@!@
@!@!@STARTMSG 2776:0 @!@!@
CostModel lookup failed for expression <line 37, col 16 to line 37, col 19 of module pipeline_ooo>. Reporting costs into <line 42, col 38 to line 42, col 43 of module pipeline_ooo> instead (Safety and Liveness checking is unaffected. Please report a bug.)
@!@!@ENDMSG 2776 @!@!@
@!@!@STARTMSG 2776:0 @!@!@
CostModel lookup failed for expression <line 37, col 26 to line 37, col 26 of module pipeline_ooo>. Reporting costs into <line 42, col 38 to line 42, col 43 of module pipeline_ooo> instead (Safety and Liveness checking is unaffected. Please report a bug.)
@!@!@ENDMSG 2776 @!@!@
@!@!@STARTMSG 2776:0 @!@!@
CostModel lookup failed for expression <line 37, col 16 to line 37, col 31 of module pipeline_ooo>. Reporting costs into <line 42, col 72 to line 42, col 77 of module pipeline_ooo> instead (Safety and Liveness checking is unaffected. Please report a bug.)
@!@!@ENDMSG 2776 @!@!@
@!@!@STARTMSG 2776:0 @!@!@
CostModel lookup failed for expression <line 37, col 16 to line 37, col 27 of module pipeline_ooo>. Reporting costs into <line 42, col 72 to line 42, col 77 of module pipeline_ooo> instead (Safety and Liveness checking is unaffected. Please report a bug.)
@!@!@ENDMSG 2776 @!@!@
@!@!@STARTMSG 2776:0 @!@!@
CostModel lookup failed for expression <line 37, col 16 to line 37, col 24 of module pipeline_ooo>. Reporting costs into <line 42, col 72 to line 42, col 77 of module pipeline_ooo> instead (Safety and Liveness checking is unaffected. Please report a bug.)
@!@!@ENDMSG 2776 @!@!@
@!@!@STARTMSG 2776:0 @!@!@
CostModel lookup failed for expression <line 37, col 16 to line 37, col 19 of module pipeline_ooo>. Reporting costs into <line 42, col 72 to line 42, col 77 of module pipeline_ooo> instead (Safety and Liveness checking is unaffected. Please report a bug.)
@!@!@ENDMSG 2776 @!@!@
@!@!@STARTMSG 2776:0 @!@!@
CostModel lookup failed for expression <line 37, col 26 to line 37, col 26 of module pipeline_ooo>. Reporting costs into <line 42, col 72 to line 42, col 77 of module pipeline_ooo> instead (Safety and Liveness checking is unaffected. Please report a bug.)
@!@!@ENDMSG 2776 @!@!@
@!@!@STARTMSG 2269:0 @!@!@
Computed 2 initial states...
@!@!@ENDMSG 2269 @!@!@
@!@!@STARTMSG 2269:0 @!@!@
Computed 4 initial states...
@!@!@ENDMSG 2269 @!@!@
@!@!@STARTMSG 2269:0 @!@!@
Computed 8 initial states...
@!@!@ENDMSG 2269 @!@!@
@!@!@STARTMSG 2269:0 @!@!@
Computed 16 initial states...
@!@!@ENDMSG 2269 @!@!@
@!@!@STARTMSG 2269:0 @!@!@
Computed 32 initial states...
@!@!@ENDMSG 2269 @!@!@
@!@!@STARTMSG 2190:0 @!@!@
Finished computing initial states: 64 distinct states generated at 2021-09-08 23:27:15.
@!@!@ENDMSG 2190 @!@!@
@!@!@STARTMSG 2110:1 @!@!@
Invariant inv_163113643308691000 is violated.
@!@!@ENDMSG 2110 @!@!@
@!@!@STARTMSG 2121:1 @!@!@
The behavior up to this point is:
@!@!@ENDMSG 2121 @!@!@
@!@!@STARTMSG 2217:4 @!@!@
1: <Initial predicate>
/\ FULat2 = <<3, 3, 2, 2>>
/\ iMiss2 = <<FALSE, FALSE, FALSE, FALSE>>
/\ _RS2 = <<{}, {}>>
/\ locWorst = <<FALSE, FALSE>>
/\ _COM2 = <<[PC |-> [pc |-> 0, type |-> "empty"]], [PC |-> [pc |-> 0, type |-> "empty"]]>>
/\ _ID = <<[PC |-> [pc |-> 0, type |-> "empty"]], [PC |-> [pc |-> 0, type |-> "empty"]]>>
/\ _IF = << [PC |-> [pc |-> 0, type |-> "empty"], currLat |-> 1, baseLat |-> 1],
   [PC |-> [pc |-> 0, type |-> "empty"], currLat |-> 1, baseLat |-> 1] >>
/\ FUTmpLat = <<<<<<1, 3>>, 3>>, 2>>
/\ _FU2 = << [ PC |-> [pc |-> 0, type |-> "empty"],
     currLat |-> 1,
     usage |-> 0,
     baseLat |-> 1 ],
   [ PC |-> [pc |-> 0, type |-> "empty"],
     currLat |-> 1,
     usage |-> 0,
     baseLat |-> 1 ] >>
/\ FUTmp = <<<<<<1, 2>>, 1>>, 1>>
/\ _COM = <<[PC |-> [pc |-> 0, type |-> "empty"]], [PC |-> [pc |-> 0, type |-> "empty"]]>>
/\ _ID2 = <<[PC |-> [pc |-> 0, type |-> "empty"]], [PC |-> [pc |-> 0, type |-> "empty"]]>>
/\ graph = [ nodes |->
      << [IFacq |-> 0, IFrel |-> 0, FUacq |-> 0, FUrel |-> 0, COM |-> 0],
         [IFacq |-> 0, IFrel |-> 0, FUacq |-> 0, FUrel |-> 0, COM |-> 0],
         [IFacq |-> 0, IFrel |-> 0, FUacq |-> 0, FUrel |-> 0, COM |-> 0],
         [IFacq |-> 0, IFrel |-> 0, FUacq |-> 0, FUrel |-> 0, COM |-> 0] >>,
  edges |->
      { [type |-> "D", source |-> 1, dest |-> 2],
        [type |-> "D", source |-> 3, dest |-> 4] } ]
/\ currCycle2 = 0
/\ FU2 = <<1, 2, 2, 1>>
/\ _IF2 = << [PC |-> [pc |-> 0, type |-> "empty"], currLat |-> 1, baseLat |-> 1],
   [PC |-> [pc |-> 0, type |-> "empty"], currLat |-> 1, baseLat |-> 1] >>
/\ iMissTmp2 = <<<<<<FALSE, FALSE>>, FALSE>>, FALSE>>
/\ iMiss = <<FALSE, FALSE, FALSE, FALSE>>
/\ graph2 = [ nodes |->
      << [IFacq |-> 0, IFrel |-> 0, FUacq |-> 0, FUrel |-> 0, COM |-> 0],
         [IFacq |-> 0, IFrel |-> 0, FUacq |-> 0, FUrel |-> 0, COM |-> 0],
         [IFacq |-> 0, IFrel |-> 0, FUacq |-> 0, FUrel |-> 0, COM |-> 0],
         [IFacq |-> 0, IFrel |-> 0, FUacq |-> 0, FUrel |-> 0, COM |-> 0] >>,
  edges |->
      { [type |-> "D", source |-> 1, dest |-> 2],
        [type |-> "D", source |-> 3, dest |-> 4] } ]
/\ _RS = <<{}, {}>>
/\ commonPre = TRUE
/\ currCycle = 0
/\ iMissTmp = <<<<<<FALSE, FALSE>>, FALSE>>, FALSE>>
/\ FULat = <<1, 3, 3, 2>>
/\ FUTmp2 = <<<<<<1, 2>>, 2>>, 1>>
/\ prog = [ rest |->
      << [pc |-> 1, type |-> {1}, lat |-> {1, 3}, dep |-> {}],
         [pc |-> 2, type |-> {2}, lat |-> {3}, dep |-> {1}],
         [pc |-> 3, type |-> {1, 2}, lat |-> {2, 3}, dep |-> {}],
         [pc |-> 4, type |-> {1}, lat |-> {2}, dep |-> {3}] >>,
  exec |-> <<>> ]
/\ depProg = <<>>
/\ FUTmpLat2 = <<<<<<3, 3>>, 2>>, 2>>
/\ depProgTmp = <<>>
/\ prog2 = [ rest |->
      << [pc |-> 1, type |-> {1}, lat |-> {1, 3}, dep |-> {}],
         [pc |-> 2, type |-> {2}, lat |-> {3}, dep |-> {1}],
         [pc |-> 3, type |-> {1, 2}, lat |-> {2, 3}, dep |-> {}],
         [pc |-> 4, type |-> {1}, lat |-> {2}, dep |-> {3}] >>,
  exec |-> <<>> ]
/\ FU = <<1, 2, 1, 1>>
/\ _FU = << [ PC |-> [pc |-> 0, type |-> "empty"],
     currLat |-> 1,
     usage |-> 0,
     baseLat |-> 1 ],
   [ PC |-> [pc |-> 0, type |-> "empty"],
     currLat |-> 1,
     usage |-> 0,
     baseLat |-> 1 ] >>

@!@!@ENDMSG 2217 @!@!@
@!@!@STARTMSG 2217:4 @!@!@
2: <Next line 87, col 9 to line 112, col 103 of module pipeline_ooo>
/\ FULat2 = <<3, 3, 2, 2>>
/\ iMiss2 = <<FALSE, FALSE, FALSE, FALSE>>
/\ _RS2 = <<{}, {}>>
/\ locWorst = <<TRUE, TRUE>>
/\ _COM2 = <<[PC |-> [pc |-> 0, type |-> "empty"]], [PC |-> [pc |-> 0, type |-> "empty"]]>>
/\ _ID = <<[PC |-> [pc |-> 0, type |-> "empty"]], [PC |-> [pc |-> 0, type |-> "empty"]]>>
/\ _IF = << [ PC |-> [pc |-> 1, type |-> {1}, lat |-> {1, 3}, dep |-> {}],
     currLat |-> 1,
     baseLat |-> 1 ],
   [ PC |-> [pc |-> 2, type |-> {2}, lat |-> {3}, dep |-> {1}],
     currLat |-> 1,
     baseLat |-> 1 ] >>
/\ FUTmpLat = <<<<<<1, 3>>, 3>>, 2>>
/\ _FU2 = << [ PC |-> [pc |-> 0, type |-> "empty"],
     currLat |-> 1,
     usage |-> 0,
     baseLat |-> 1 ],
   [ PC |-> [pc |-> 0, type |-> "empty"],
     currLat |-> 1,
     usage |-> 0,
     baseLat |-> 1 ] >>
/\ FUTmp = <<<<<<1, 2>>, 1>>, 1>>
/\ _COM = <<[PC |-> [pc |-> 0, type |-> "empty"]], [PC |-> [pc |-> 0, type |-> "empty"]]>>
/\ _ID2 = <<[PC |-> [pc |-> 0, type |-> "empty"]], [PC |-> [pc |-> 0, type |-> "empty"]]>>
/\ graph = [ nodes |->
      << [IFacq |-> 0, IFrel |-> 0, FUacq |-> 0, FUrel |-> 0, COM |-> 0],
         [IFacq |-> 0, IFrel |-> 0, FUacq |-> 0, FUrel |-> 0, COM |-> 0],
         [IFacq |-> 0, IFrel |-> 0, FUacq |-> 0, FUrel |-> 0, COM |-> 0],
         [IFacq |-> 0, IFrel |-> 0, FUacq |-> 0, FUrel |-> 0, COM |-> 0] >>,
  edges |->
      { [type |-> "D", source |-> 1, dest |-> 2],
        [type |-> "D", source |-> 3, dest |-> 4] } ]
/\ currCycle2 = 1
/\ FU2 = <<1, 2, 2, 1>>
/\ _IF2 = << [ PC |-> [pc |-> 1, type |-> {1}, lat |-> {1, 3}, dep |-> {}],
     currLat |-> 1,
     baseLat |-> 1 ],
   [ PC |-> [pc |-> 2, type |-> {2}, lat |-> {3}, dep |-> {1}],
     currLat |-> 1,
     baseLat |-> 1 ] >>
/\ iMissTmp2 = <<<<<<FALSE, FALSE>>, FALSE>>, FALSE>>
/\ iMiss = <<FALSE, FALSE, FALSE, FALSE>>
/\ graph2 = [ nodes |->
      << [IFacq |-> 0, IFrel |-> 0, FUacq |-> 0, FUrel |-> 0, COM |-> 0],
         [IFacq |-> 0, IFrel |-> 0, FUacq |-> 0, FUrel |-> 0, COM |-> 0],
         [IFacq |-> 0, IFrel |-> 0, FUacq |-> 0, FUrel |-> 0, COM |-> 0],
         [IFacq |-> 0, IFrel |-> 0, FUacq |-> 0, FUrel |-> 0, COM |-> 0] >>,
  edges |->
      { [type |-> "D", source |-> 1, dest |-> 2],
        [type |-> "D", source |-> 3, dest |-> 4] } ]
/\ _RS = <<{}, {}>>
/\ commonPre = TRUE
/\ currCycle = 1
/\ iMissTmp = <<<<<<FALSE, FALSE>>, FALSE>>, FALSE>>
/\ FULat = <<1, 3, 3, 2>>
/\ FUTmp2 = <<<<<<1, 2>>, 2>>, 1>>
/\ prog = [ rest |->
      << [pc |-> 3, type |-> {1, 2}, lat |-> {2, 3}, dep |-> {}],
         [pc |-> 4, type |-> {1}, lat |-> {2}, dep |-> {3}] >>,
  exec |->
      << [ PC |-> [pc |-> 1, type |-> {1}, lat |-> {1, 3}, dep |-> {}],
           done |-> FALSE,
           comTime |-> 0,
           executed |-> FALSE,
           exStartTime |-> 0 ],
         [ PC |-> [pc |-> 2, type |-> {2}, lat |-> {3}, dep |-> {1}],
           done |-> FALSE,
           comTime |-> 0,
           executed |-> FALSE,
           exStartTime |-> 0 ] >> ]
/\ depProg = <<>>
/\ FUTmpLat2 = <<<<<<3, 3>>, 2>>, 2>>
/\ depProgTmp = <<>>
/\ prog2 = [ rest |->
      << [pc |-> 3, type |-> {1, 2}, lat |-> {2, 3}, dep |-> {}],
         [pc |-> 4, type |-> {1}, lat |-> {2}, dep |-> {3}] >>,
  exec |->
      << [ PC |-> [pc |-> 1, type |-> {1}, lat |-> {1, 3}, dep |-> {}],
           done |-> FALSE,
           comTime |-> 0,
           executed |-> FALSE,
           exStartTime |-> 0 ],
         [ PC |-> [pc |-> 2, type |-> {2}, lat |-> {3}, dep |-> {1}],
           done |-> FALSE,
           comTime |-> 0,
           executed |-> FALSE,
           exStartTime |-> 0 ] >> ]
/\ FU = <<1, 2, 1, 1>>
/\ _FU = << [ PC |-> [pc |-> 0, type |-> "empty"],
     currLat |-> 1,
     usage |-> 0,
     baseLat |-> 1 ],
   [ PC |-> [pc |-> 0, type |-> "empty"],
     currLat |-> 1,
     usage |-> 0,
     baseLat |-> 1 ] >>

@!@!@ENDMSG 2217 @!@!@
@!@!@STARTMSG 2217:4 @!@!@
3: <Next line 87, col 9 to line 112, col 103 of module pipeline_ooo>
/\ FULat2 = <<3, 3, 2, 2>>
/\ iMiss2 = <<FALSE, FALSE, FALSE, FALSE>>
/\ _RS2 = <<{}, {}>>
/\ locWorst = <<TRUE, TRUE>>
/\ _COM2 = <<[PC |-> [pc |-> 0, type |-> "empty"]], [PC |-> [pc |-> 0, type |-> "empty"]]>>
/\ _ID = << [PC |-> [pc |-> 1, type |-> {1}, lat |-> {1, 3}, dep |-> {}]],
   [PC |-> [pc |-> 2, type |-> {2}, lat |-> {3}, dep |-> {1}]] >>
/\ _IF = << [ PC |-> [pc |-> 3, type |-> {1, 2}, lat |-> {2, 3}, dep |-> {}],
     currLat |-> 1,
     baseLat |-> 1 ],
   [ PC |-> [pc |-> 4, type |-> {1}, lat |-> {2}, dep |-> {3}],
     currLat |-> 1,
     baseLat |-> 1 ] >>
/\ FUTmpLat = <<<<<<1, 3>>, 3>>, 2>>
/\ _FU2 = << [ PC |-> [pc |-> 0, type |-> "empty"],
     currLat |-> 1,
     usage |-> 0,
     baseLat |-> 1 ],
   [ PC |-> [pc |-> 0, type |-> "empty"],
     currLat |-> 1,
     usage |-> 0,
     baseLat |-> 1 ] >>
/\ FUTmp = <<<<<<1, 2>>, 1>>, 1>>
/\ _COM = <<[PC |-> [pc |-> 0, type |-> "empty"]], [PC |-> [pc |-> 0, type |-> "empty"]]>>
/\ _ID2 = << [PC |-> [pc |-> 1, type |-> {1}, lat |-> {1, 3}, dep |-> {}]],
   [PC |-> [pc |-> 2, type |-> {2}, lat |-> {3}, dep |-> {1}]] >>
/\ graph = [ nodes |->
      << [IFacq |-> 1, IFrel |-> 2, FUacq |-> 0, FUrel |-> 0, COM |-> 0],
         [IFacq |-> 1, IFrel |-> 2, FUacq |-> 0, FUrel |-> 0, COM |-> 0],
         [IFacq |-> 0, IFrel |-> 0, FUacq |-> 0, FUrel |-> 0, COM |-> 0],
         [IFacq |-> 0, IFrel |-> 0, FUacq |-> 0, FUrel |-> 0, COM |-> 0] >>,
  edges |->
      { [type |-> "D", source |-> 1, dest |-> 2],
        [type |-> "D", source |-> 3, dest |-> 4] } ]
/\ currCycle2 = 2
/\ FU2 = <<1, 2, 2, 1>>
/\ _IF2 = << [ PC |-> [pc |-> 3, type |-> {1, 2}, lat |-> {2, 3}, dep |-> {}],
     currLat |-> 1,
     baseLat |-> 1 ],
   [ PC |-> [pc |-> 4, type |-> {1}, lat |-> {2}, dep |-> {3}],
     currLat |-> 1,
     baseLat |-> 1 ] >>
/\ iMissTmp2 = <<<<<<FALSE, FALSE>>, FALSE>>, FALSE>>
/\ iMiss = <<FALSE, FALSE, FALSE, FALSE>>
/\ graph2 = [ nodes |->
      << [IFacq |-> 1, IFrel |-> 2, FUacq |-> 0, FUrel |-> 0, COM |-> 0],
         [IFacq |-> 1, IFrel |-> 2, FUacq |-> 0, FUrel |-> 0, COM |-> 0],
         [IFacq |-> 0, IFrel |-> 0, FUacq |-> 0, FUrel |-> 0, COM |-> 0],
         [IFacq |-> 0, IFrel |-> 0, FUacq |-> 0, FUrel |-> 0, COM |-> 0] >>,
  edges |->
      { [type |-> "D", source |-> 1, dest |-> 2],
        [type |-> "D", source |-> 3, dest |-> 4] } ]
/\ _RS = <<{}, {}>>
/\ commonPre = TRUE
/\ currCycle = 2
/\ iMissTmp = <<<<<<FALSE, FALSE>>, FALSE>>, FALSE>>
/\ FULat = <<1, 3, 3, 2>>
/\ FUTmp2 = <<<<<<1, 2>>, 2>>, 1>>
/\ prog = [ rest |-> <<>>,
  exec |->
      << [ PC |-> [pc |-> 1, type |-> {1}, lat |-> {1, 3}, dep |-> {}],
           done |-> FALSE,
           comTime |-> 0,
           executed |-> FALSE,
           exStartTime |-> 0 ],
         [ PC |-> [pc |-> 2, type |-> {2}, lat |-> {3}, dep |-> {1}],
           done |-> FALSE,
           comTime |-> 0,
           executed |-> FALSE,
           exStartTime |-> 0 ],
         [ PC |-> [pc |-> 3, type |-> {1, 2}, lat |-> {2, 3}, dep |-> {}],
           done |-> FALSE,
           comTime |-> 0,
           executed |-> FALSE,
           exStartTime |-> 0 ],
         [ PC |-> [pc |-> 4, type |-> {1}, lat |-> {2}, dep |-> {3}],
           done |-> FALSE,
           comTime |-> 0,
           executed |-> FALSE,
           exStartTime |-> 0 ] >> ]
/\ depProg = <<>>
/\ FUTmpLat2 = <<<<<<3, 3>>, 2>>, 2>>
/\ depProgTmp = <<>>
/\ prog2 = [ rest |-> <<>>,
  exec |->
      << [ PC |-> [pc |-> 1, type |-> {1}, lat |-> {1, 3}, dep |-> {}],
           done |-> FALSE,
           comTime |-> 0,
           executed |-> FALSE,
           exStartTime |-> 0 ],
         [ PC |-> [pc |-> 2, type |-> {2}, lat |-> {3}, dep |-> {1}],
           done |-> FALSE,
           comTime |-> 0,
           executed |-> FALSE,
           exStartTime |-> 0 ],
         [ PC |-> [pc |-> 3, type |-> {1, 2}, lat |-> {2, 3}, dep |-> {}],
           done |-> FALSE,
           comTime |-> 0,
           executed |-> FALSE,
           exStartTime |-> 0 ],
         [ PC |-> [pc |-> 4, type |-> {1}, lat |-> {2}, dep |-> {3}],
           done |-> FALSE,
           comTime |-> 0,
           executed |-> FALSE,
           exStartTime |-> 0 ] >> ]
/\ FU = <<1, 2, 1, 1>>
/\ _FU = << [ PC |-> [pc |-> 0, type |-> "empty"],
     currLat |-> 1,
     usage |-> 0,
     baseLat |-> 1 ],
   [ PC |-> [pc |-> 0, type |-> "empty"],
     currLat |-> 1,
     usage |-> 0,
     baseLat |-> 1 ] >>

@!@!@ENDMSG 2217 @!@!@
@!@!@STARTMSG 2217:4 @!@!@
4: <Next line 87, col 9 to line 112, col 103 of module pipeline_ooo>
/\ FULat2 = <<3, 3, 2, 2>>
/\ iMiss2 = <<FALSE, FALSE, FALSE, FALSE>>
/\ _RS2 = <<{}, {[pc |-> 2, type |-> {2}, lat |-> {3}, dep |-> {1}]}>>
/\ locWorst = <<TRUE, TRUE>>
/\ _COM2 = <<[PC |-> [pc |-> 0, type |-> "empty"]], [PC |-> [pc |-> 0, type |-> "empty"]]>>
/\ _ID = << [PC |-> [pc |-> 3, type |-> {1, 2}, lat |-> {2, 3}, dep |-> {}]],
   [PC |-> [pc |-> 4, type |-> {1}, lat |-> {2}, dep |-> {3}]] >>
/\ _IF = << [PC |-> [pc |-> 0, type |-> "empty"], currLat |-> 1, baseLat |-> 1],
   [PC |-> [pc |-> 0, type |-> "empty"], currLat |-> 1, baseLat |-> 1] >>
/\ FUTmpLat = <<<<<<1, 3>>, 3>>, 2>>
/\ _FU2 = << [ PC |-> [pc |-> 1, type |-> {1}, lat |-> {1, 3}, dep |-> {}],
     currLat |-> 1,
     usage |-> 1,
     baseLat |-> 3 ],
   [ PC |-> [pc |-> 0, type |-> "empty"],
     currLat |-> 1,
     usage |-> 0,
     baseLat |-> 1 ] >>
/\ FUTmp = <<<<<<1, 2>>, 1>>, 1>>
/\ _COM = <<[PC |-> [pc |-> 0, type |-> "empty"]], [PC |-> [pc |-> 0, type |-> "empty"]]>>
/\ _ID2 = << [PC |-> [pc |-> 3, type |-> {1, 2}, lat |-> {2, 3}, dep |-> {}]],
   [PC |-> [pc |-> 4, type |-> {1}, lat |-> {2}, dep |-> {3}]] >>
/\ graph = [ nodes |->
      << [IFacq |-> 1, IFrel |-> 2, FUacq |-> 0, FUrel |-> 0, COM |-> 0],
         [IFacq |-> 1, IFrel |-> 2, FUacq |-> 0, FUrel |-> 0, COM |-> 0],
         [IFacq |-> 2, IFrel |-> 3, FUacq |-> 0, FUrel |-> 0, COM |-> 0],
         [IFacq |-> 2, IFrel |-> 3, FUacq |-> 0, FUrel |-> 0, COM |-> 0] >>,
  edges |->
      { [type |-> "D", source |-> 1, dest |-> 2],
        [type |-> "D", source |-> 3, dest |-> 4] } ]
/\ currCycle2 = 3
/\ FU2 = <<1, 2, 2, 1>>
/\ _IF2 = << [PC |-> [pc |-> 0, type |-> "empty"], currLat |-> 1, baseLat |-> 1],
   [PC |-> [pc |-> 0, type |-> "empty"], currLat |-> 1, baseLat |-> 1] >>
/\ iMissTmp2 = <<<<<<FALSE, FALSE>>, FALSE>>, FALSE>>
/\ iMiss = <<FALSE, FALSE, FALSE, FALSE>>
/\ graph2 = [ nodes |->
      << [IFacq |-> 1, IFrel |-> 2, FUacq |-> 0, FUrel |-> 0, COM |-> 0],
         [IFacq |-> 1, IFrel |-> 2, FUacq |-> 0, FUrel |-> 0, COM |-> 0],
         [IFacq |-> 2, IFrel |-> 3, FUacq |-> 0, FUrel |-> 0, COM |-> 0],
         [IFacq |-> 2, IFrel |-> 3, FUacq |-> 0, FUrel |-> 0, COM |-> 0] >>,
  edges |->
      { [type |-> "D", source |-> 1, dest |-> 2],
        [type |-> "D", source |-> 3, dest |-> 4] } ]
/\ _RS = <<{}, {[pc |-> 2, type |-> {2}, lat |-> {3}, dep |-> {1}]}>>
/\ commonPre = TRUE
/\ currCycle = 3
/\ iMissTmp = <<<<<<FALSE, FALSE>>, FALSE>>, FALSE>>
/\ FULat = <<1, 3, 3, 2>>
/\ FUTmp2 = <<<<<<1, 2>>, 2>>, 1>>
/\ prog = [ rest |-> <<>>,
  exec |->
      << [ PC |-> [pc |-> 1, type |-> {1}, lat |-> {1, 3}, dep |-> {}],
           done |-> FALSE,
           comTime |-> 0,
           executed |-> FALSE,
           exStartTime |-> 2 ],
         [ PC |-> [pc |-> 2, type |-> {2}, lat |-> {3}, dep |-> {1}],
           done |-> FALSE,
           comTime |-> 0,
           executed |-> FALSE,
           exStartTime |-> 0 ],
         [ PC |-> [pc |-> 3, type |-> {1, 2}, lat |-> {2, 3}, dep |-> {}],
           done |-> FALSE,
           comTime |-> 0,
           executed |-> FALSE,
           exStartTime |-> 0 ],
         [ PC |-> [pc |-> 4, type |-> {1}, lat |-> {2}, dep |-> {3}],
           done |-> FALSE,
           comTime |-> 0,
           executed |-> FALSE,
           exStartTime |-> 0 ] >> ]
/\ depProg = <<>>
/\ FUTmpLat2 = <<<<<<3, 3>>, 2>>, 2>>
/\ depProgTmp = <<>>
/\ prog2 = [ rest |-> <<>>,
  exec |->
      << [ PC |-> [pc |-> 1, type |-> {1}, lat |-> {1, 3}, dep |-> {}],
           done |-> FALSE,
           comTime |-> 0,
           executed |-> FALSE,
           exStartTime |-> 2 ],
         [ PC |-> [pc |-> 2, type |-> {2}, lat |-> {3}, dep |-> {1}],
           done |-> FALSE,
           comTime |-> 0,
           executed |-> FALSE,
           exStartTime |-> 0 ],
         [ PC |-> [pc |-> 3, type |-> {1, 2}, lat |-> {2, 3}, dep |-> {}],
           done |-> FALSE,
           comTime |-> 0,
           executed |-> FALSE,
           exStartTime |-> 0 ],
         [ PC |-> [pc |-> 4, type |-> {1}, lat |-> {2}, dep |-> {3}],
           done |-> FALSE,
           comTime |-> 0,
           executed |-> FALSE,
           exStartTime |-> 0 ] >> ]
/\ FU = <<1, 2, 1, 1>>
/\ _FU = << [ PC |-> [pc |-> 1, type |-> {1}, lat |-> {1, 3}, dep |-> {}],
     currLat |-> 1,
     usage |-> 1,
     baseLat |-> 1 ],
   [ PC |-> [pc |-> 0, type |-> "empty"],
     currLat |-> 1,
     usage |-> 0,
     baseLat |-> 1 ] >>

@!@!@ENDMSG 2217 @!@!@
@!@!@STARTMSG 2217:4 @!@!@
5: <Next line 87, col 9 to line 112, col 103 of module pipeline_ooo>
/\ FULat2 = <<3, 3, 2, 2>>
/\ iMiss2 = <<FALSE, FALSE, FALSE, FALSE>>
/\ _RS2 = << {[pc |-> 4, type |-> {1}, lat |-> {2}, dep |-> {3}]},
   {[pc |-> 2, type |-> {2}, lat |-> {3}, dep |-> {1}]} >>
/\ locWorst = <<FALSE, TRUE>>
/\ _COM2 = <<[PC |-> [pc |-> 0, type |-> "empty"]], [PC |-> [pc |-> 0, type |-> "empty"]]>>
/\ _ID = <<[PC |-> [pc |-> 0, type |-> "empty"]], [PC |-> [pc |-> 0, type |-> "empty"]]>>
/\ _IF = << [PC |-> [pc |-> 0, type |-> "empty"], currLat |-> 1, baseLat |-> 1],
   [PC |-> [pc |-> 0, type |-> "empty"], currLat |-> 1, baseLat |-> 1] >>
/\ FUTmpLat = <<<<<<1, 3>>, 3>>, 2>>
/\ _FU2 = << [ PC |-> [pc |-> 1, type |-> {1}, lat |-> {1, 3}, dep |-> {}],
     currLat |-> 2,
     usage |-> 2,
     baseLat |-> 3 ],
   [ PC |-> [pc |-> 3, type |-> {1, 2}, lat |-> {2, 3}, dep |-> {}],
     currLat |-> 1,
     usage |-> 1,
     baseLat |-> 2 ] >>
/\ FUTmp = <<<<<<1, 2>>, 1>>, 1>>
/\ _COM = << [PC |-> [pc |-> 1, type |-> {1}, lat |-> {1, 3}, dep |-> {}]],
   [PC |-> [pc |-> 0, type |-> "empty"]] >>
/\ _ID2 = <<[PC |-> [pc |-> 0, type |-> "empty"]], [PC |-> [pc |-> 0, type |-> "empty"]]>>
/\ graph = [ nodes |->
      << [IFacq |-> 1, IFrel |-> 2, FUacq |-> 3, FUrel |-> 4, COM |-> 0],
         [IFacq |-> 1, IFrel |-> 2, FUacq |-> 0, FUrel |-> 0, COM |-> 0],
         [IFacq |-> 2, IFrel |-> 3, FUacq |-> 0, FUrel |-> 0, COM |-> 0],
         [IFacq |-> 2, IFrel |-> 3, FUacq |-> 0, FUrel |-> 0, COM |-> 0] >>,
  edges |->
      { [type |-> "D", source |-> 1, dest |-> 2],
        [type |-> "D", source |-> 3, dest |-> 4] } ]
/\ currCycle2 = 4
/\ FU2 = <<1, 2, 2, 1>>
/\ _IF2 = << [PC |-> [pc |-> 0, type |-> "empty"], currLat |-> 1, baseLat |-> 1],
   [PC |-> [pc |-> 0, type |-> "empty"], currLat |-> 1, baseLat |-> 1] >>
/\ iMissTmp2 = <<<<<<FALSE, FALSE>>, FALSE>>, FALSE>>
/\ iMiss = <<FALSE, FALSE, FALSE, FALSE>>
/\ graph2 = [ nodes |->
      << [IFacq |-> 1, IFrel |-> 2, FUacq |-> 3, FUrel |-> 0, COM |-> 0],
         [IFacq |-> 1, IFrel |-> 2, FUacq |-> 0, FUrel |-> 0, COM |-> 0],
         [IFacq |-> 2, IFrel |-> 3, FUacq |-> 0, FUrel |-> 0, COM |-> 0],
         [IFacq |-> 2, IFrel |-> 3, FUacq |-> 0, FUrel |-> 0, COM |-> 0] >>,
  edges |->
      { [type |-> "D", source |-> 1, dest |-> 2],
        [type |-> "D", source |-> 3, dest |-> 4] } ]
/\ _RS = <<{[pc |-> 4, type |-> {1}, lat |-> {2}, dep |-> {3}]}, {}>>
/\ commonPre = FALSE
/\ currCycle = 4
/\ iMissTmp = <<<<<<FALSE, FALSE>>, FALSE>>, FALSE>>
/\ FULat = <<1, 3, 3, 2>>
/\ FUTmp2 = <<<<<<1, 2>>, 2>>, 1>>
/\ prog = [ rest |-> <<>>,
  exec |->
      << [ PC |-> [pc |-> 1, type |-> {1}, lat |-> {1, 3}, dep |-> {}],
           done |-> FALSE,
           comTime |-> 0,
           executed |-> TRUE,
           exStartTime |-> 2 ],
         [ PC |-> [pc |-> 2, type |-> {2}, lat |-> {3}, dep |-> {1}],
           done |-> FALSE,
           comTime |-> 0,
           executed |-> FALSE,
           exStartTime |-> 3 ],
         [ PC |-> [pc |-> 3, type |-> {1, 2}, lat |-> {2, 3}, dep |-> {}],
           done |-> FALSE,
           comTime |-> 0,
           executed |-> FALSE,
           exStartTime |-> 3 ],
         [ PC |-> [pc |-> 4, type |-> {1}, lat |-> {2}, dep |-> {3}],
           done |-> FALSE,
           comTime |-> 0,
           executed |-> FALSE,
           exStartTime |-> 0 ] >> ]
/\ depProg = <<>>
/\ FUTmpLat2 = <<<<<<3, 3>>, 2>>, 2>>
/\ depProgTmp = <<>>
/\ prog2 = [ rest |-> <<>>,
  exec |->
      << [ PC |-> [pc |-> 1, type |-> {1}, lat |-> {1, 3}, dep |-> {}],
           done |-> FALSE,
           comTime |-> 0,
           executed |-> FALSE,
           exStartTime |-> 2 ],
         [ PC |-> [pc |-> 2, type |-> {2}, lat |-> {3}, dep |-> {1}],
           done |-> FALSE,
           comTime |-> 0,
           executed |-> FALSE,
           exStartTime |-> 0 ],
         [ PC |-> [pc |-> 3, type |-> {1, 2}, lat |-> {2, 3}, dep |-> {}],
           done |-> FALSE,
           comTime |-> 0,
           executed |-> FALSE,
           exStartTime |-> 3 ],
         [ PC |-> [pc |-> 4, type |-> {1}, lat |-> {2}, dep |-> {3}],
           done |-> FALSE,
           comTime |-> 0,
           executed |-> FALSE,
           exStartTime |-> 0 ] >> ]
/\ FU = <<1, 2, 1, 1>>
/\ _FU = << [ PC |-> [pc |-> 3, type |-> {1, 2}, lat |-> {2, 3}, dep |-> {}],
     currLat |-> 1,
     usage |-> 2,
     baseLat |-> 3 ],
   [ PC |-> [pc |-> 2, type |-> {2}, lat |-> {3}, dep |-> {1}],
     currLat |-> 1,
     usage |-> 1,
     baseLat |-> 3 ] >>

@!@!@ENDMSG 2217 @!@!@
@!@!@STARTMSG 2217:4 @!@!@
6: <Next line 87, col 9 to line 112, col 103 of module pipeline_ooo>
/\ FULat2 = <<3, 3, 2, 2>>
/\ iMiss2 = <<FALSE, FALSE, FALSE, FALSE>>
/\ _RS2 = << {[pc |-> 4, type |-> {1}, lat |-> {2}, dep |-> {3}]},
   {[pc |-> 2, type |-> {2}, lat |-> {3}, dep |-> {1}]} >>
/\ locWorst = <<FALSE, TRUE>>
/\ _COM2 = <<[PC |-> [pc |-> 0, type |-> "empty"]], [PC |-> [pc |-> 0, type |-> "empty"]]>>
/\ _ID = <<[PC |-> [pc |-> 0, type |-> "empty"]], [PC |-> [pc |-> 0, type |-> "empty"]]>>
/\ _IF = << [PC |-> [pc |-> 0, type |-> "empty"], currLat |-> 1, baseLat |-> 1],
   [PC |-> [pc |-> 0, type |-> "empty"], currLat |-> 1, baseLat |-> 1] >>
/\ FUTmpLat = <<<<<<1, 3>>, 3>>, 2>>
/\ _FU2 = << [ PC |-> [pc |-> 1, type |-> {1}, lat |-> {1, 3}, dep |-> {}],
     currLat |-> 3,
     usage |-> 3,
     baseLat |-> 3 ],
   [ PC |-> [pc |-> 3, type |-> {1, 2}, lat |-> {2, 3}, dep |-> {}],
     currLat |-> 2,
     usage |-> 2,
     baseLat |-> 2 ] >>
/\ FUTmp = <<<<<<1, 2>>, 1>>, 1>>
/\ _COM = <<[PC |-> [pc |-> 0, type |-> "empty"]], [PC |-> [pc |-> 0, type |-> "empty"]]>>
/\ _ID2 = <<[PC |-> [pc |-> 0, type |-> "empty"]], [PC |-> [pc |-> 0, type |-> "empty"]]>>
/\ graph = [ nodes |->
      << [IFacq |-> 1, IFrel |-> 2, FUacq |-> 3, FUrel |-> 4, COM |-> 4],
         [IFacq |-> 1, IFrel |-> 2, FUacq |-> 4, FUrel |-> 0, COM |-> 0],
         [IFacq |-> 2, IFrel |-> 3, FUacq |-> 4, FUrel |-> 0, COM |-> 0],
         [IFacq |-> 2, IFrel |-> 3, FUacq |-> 0, FUrel |-> 0, COM |-> 0] >>,
  edges |->
      { [type |-> "D", source |-> 1, dest |-> 2],
        [type |-> "D", source |-> 3, dest |-> 4],
        [type |-> "RS", source |-> 3, dest |-> 4] } ]
/\ currCycle2 = 5
/\ FU2 = <<1, 2, 2, 1>>
/\ _IF2 = << [PC |-> [pc |-> 0, type |-> "empty"], currLat |-> 1, baseLat |-> 1],
   [PC |-> [pc |-> 0, type |-> "empty"], currLat |-> 1, baseLat |-> 1] >>
/\ iMissTmp2 = <<<<<<FALSE, FALSE>>, FALSE>>, FALSE>>
/\ iMiss = <<FALSE, FALSE, FALSE, FALSE>>
/\ graph2 = [ nodes |->
      << [IFacq |-> 1, IFrel |-> 2, FUacq |-> 3, FUrel |-> 0, COM |-> 0],
         [IFacq |-> 1, IFrel |-> 2, FUacq |-> 0, FUrel |-> 0, COM |-> 0],
         [IFacq |-> 2, IFrel |-> 3, FUacq |-> 4, FUrel |-> 0, COM |-> 0],
         [IFacq |-> 2, IFrel |-> 3, FUacq |-> 0, FUrel |-> 0, COM |-> 0] >>,
  edges |->
      { [type |-> "D", source |-> 1, dest |-> 2],
        [type |-> "D", source |-> 3, dest |-> 4],
        [type |-> "RS", source |-> 1, dest |-> 4],
        [type |-> "RS", source |-> 3, dest |-> 2] } ]
/\ _RS = <<{[pc |-> 4, type |-> {1}, lat |-> {2}, dep |-> {3}]}, {}>>
/\ commonPre = FALSE
/\ currCycle = 5
/\ iMissTmp = <<<<<<FALSE, FALSE>>, FALSE>>, FALSE>>
/\ FULat = <<1, 3, 3, 2>>
/\ FUTmp2 = <<<<<<1, 2>>, 2>>, 1>>
/\ prog = [ rest |-> <<>>,
  exec |->
      << [ PC |-> [pc |-> 1, type |-> {1}, lat |-> {1, 3}, dep |-> {}],
           done |-> TRUE,
           comTime |-> 4,
           executed |-> TRUE,
           exStartTime |-> 2 ],
         [ PC |-> [pc |-> 2, type |-> {2}, lat |-> {3}, dep |-> {1}],
           done |-> FALSE,
           comTime |-> 0,
           executed |-> FALSE,
           exStartTime |-> 3 ],
         [ PC |-> [pc |-> 3, type |-> {1, 2}, lat |-> {2, 3}, dep |-> {}],
           done |-> FALSE,
           comTime |-> 0,
           executed |-> FALSE,
           exStartTime |-> 3 ],
         [ PC |-> [pc |-> 4, type |-> {1}, lat |-> {2}, dep |-> {3}],
           done |-> FALSE,
           comTime |-> 0,
           executed |-> FALSE,
           exStartTime |-> 0 ] >> ]
/\ depProg = <<>>
/\ FUTmpLat2 = <<<<<<3, 3>>, 2>>, 2>>
/\ depProgTmp = <<>>
/\ prog2 = [ rest |-> <<>>,
  exec |->
      << [ PC |-> [pc |-> 1, type |-> {1}, lat |-> {1, 3}, dep |-> {}],
           done |-> FALSE,
           comTime |-> 0,
           executed |-> FALSE,
           exStartTime |-> 2 ],
         [ PC |-> [pc |-> 2, type |-> {2}, lat |-> {3}, dep |-> {1}],
           done |-> FALSE,
           comTime |-> 0,
           executed |-> FALSE,
           exStartTime |-> 0 ],
         [ PC |-> [pc |-> 3, type |-> {1, 2}, lat |-> {2, 3}, dep |-> {}],
           done |-> FALSE,
           comTime |-> 0,
           executed |-> FALSE,
           exStartTime |-> 3 ],
         [ PC |-> [pc |-> 4, type |-> {1}, lat |-> {2}, dep |-> {3}],
           done |-> FALSE,
           comTime |-> 0,
           executed |-> FALSE,
           exStartTime |-> 0 ] >> ]
/\ FU = <<1, 2, 1, 1>>
/\ _FU = << [ PC |-> [pc |-> 3, type |-> {1, 2}, lat |-> {2, 3}, dep |-> {}],
     currLat |-> 2,
     usage |-> 3,
     baseLat |-> 3 ],
   [ PC |-> [pc |-> 2, type |-> {2}, lat |-> {3}, dep |-> {1}],
     currLat |-> 2,
     usage |-> 2,
     baseLat |-> 3 ] >>

@!@!@ENDMSG 2217 @!@!@
@!@!@STARTMSG 2217:4 @!@!@
7: <Next line 87, col 9 to line 112, col 103 of module pipeline_ooo>
/\ FULat2 = <<3, 3, 2, 2>>
/\ iMiss2 = <<FALSE, FALSE, FALSE, FALSE>>
/\ _RS2 = <<{}, {}>>
/\ locWorst = <<FALSE, TRUE>>
/\ _COM2 = << [PC |-> [pc |-> 1, type |-> {1}, lat |-> {1, 3}, dep |-> {}]],
   [PC |-> [pc |-> 0, type |-> "empty"]] >>
/\ _ID = <<[PC |-> [pc |-> 0, type |-> "empty"]], [PC |-> [pc |-> 0, type |-> "empty"]]>>
/\ _IF = << [PC |-> [pc |-> 0, type |-> "empty"], currLat |-> 1, baseLat |-> 1],
   [PC |-> [pc |-> 0, type |-> "empty"], currLat |-> 1, baseLat |-> 1] >>
/\ FUTmpLat = <<<<<<1, 3>>, 3>>, 2>>
/\ _FU2 = << [ PC |-> [pc |-> 4, type |-> {1}, lat |-> {2}, dep |-> {3}],
     currLat |-> 1,
     usage |-> 4,
     baseLat |-> 2 ],
   [ PC |-> [pc |-> 2, type |-> {2}, lat |-> {3}, dep |-> {1}],
     currLat |-> 1,
     usage |-> 3,
     baseLat |-> 3 ] >>
/\ FUTmp = <<<<<<1, 2>>, 1>>, 1>>
/\ _COM = <<[PC |-> [pc |-> 0, type |-> "empty"]], [PC |-> [pc |-> 0, type |-> "empty"]]>>
/\ _ID2 = <<[PC |-> [pc |-> 0, type |-> "empty"]], [PC |-> [pc |-> 0, type |-> "empty"]]>>
/\ graph = [ nodes |->
      << [IFacq |-> 1, IFrel |-> 2, FUacq |-> 3, FUrel |-> 4, COM |-> 4],
         [IFacq |-> 1, IFrel |-> 2, FUacq |-> 4, FUrel |-> 0, COM |-> 0],
         [IFacq |-> 2, IFrel |-> 3, FUacq |-> 4, FUrel |-> 0, COM |-> 0],
         [IFacq |-> 2, IFrel |-> 3, FUacq |-> 0, FUrel |-> 0, COM |-> 0] >>,
  edges |->
      { [type |-> "D", source |-> 1, dest |-> 2],
        [type |-> "D", source |-> 3, dest |-> 4],
        [type |-> "RS", source |-> 3, dest |-> 4] } ]
/\ currCycle2 = 6
/\ FU2 = <<1, 2, 2, 1>>
/\ _IF2 = << [PC |-> [pc |-> 0, type |-> "empty"], currLat |-> 1, baseLat |-> 1],
   [PC |-> [pc |-> 0, type |-> "empty"], currLat |-> 1, baseLat |-> 1] >>
/\ iMissTmp2 = <<<<<<FALSE, FALSE>>, FALSE>>, FALSE>>
/\ iMiss = <<FALSE, FALSE, FALSE, FALSE>>
/\ graph2 = [ nodes |->
      << [IFacq |-> 1, IFrel |-> 2, FUacq |-> 3, FUrel |-> 6, COM |-> 0],
         [IFacq |-> 1, IFrel |-> 2, FUacq |-> 0, FUrel |-> 0, COM |-> 0],
         [IFacq |-> 2, IFrel |-> 3, FUacq |-> 4, FUrel |-> 6, COM |-> 0],
         [IFacq |-> 2, IFrel |-> 3, FUacq |-> 0, FUrel |-> 0, COM |-> 0] >>,
  edges |->
      { [type |-> "D", source |-> 1, dest |-> 2],
        [type |-> "D", source |-> 3, dest |-> 4],
        [type |-> "RS", source |-> 1, dest |-> 4],
        [type |-> "RS", source |-> 3, dest |-> 2] } ]
/\ _RS = <<{[pc |-> 4, type |-> {1}, lat |-> {2}, dep |-> {3}]}, {}>>
/\ commonPre = FALSE
/\ currCycle = 6
/\ iMissTmp = <<<<<<FALSE, FALSE>>, FALSE>>, FALSE>>
/\ FULat = <<1, 3, 3, 2>>
/\ FUTmp2 = <<<<<<1, 2>>, 2>>, 1>>
/\ prog = [ rest |-> <<>>,
  exec |->
      << [ PC |-> [pc |-> 1, type |-> {1}, lat |-> {1, 3}, dep |-> {}],
           done |-> TRUE,
           comTime |-> 4,
           executed |-> TRUE,
           exStartTime |-> 2 ],
         [ PC |-> [pc |-> 2, type |-> {2}, lat |-> {3}, dep |-> {1}],
           done |-> FALSE,
           comTime |-> 0,
           executed |-> FALSE,
           exStartTime |-> 3 ],
         [ PC |-> [pc |-> 3, type |-> {1, 2}, lat |-> {2, 3}, dep |-> {}],
           done |-> FALSE,
           comTime |-> 0,
           executed |-> FALSE,
           exStartTime |-> 3 ],
         [ PC |-> [pc |-> 4, type |-> {1}, lat |-> {2}, dep |-> {3}],
           done |-> FALSE,
           comTime |-> 0,
           executed |-> FALSE,
           exStartTime |-> 0 ] >> ]
/\ depProg = <<>>
/\ FUTmpLat2 = <<<<<<3, 3>>, 2>>, 2>>
/\ depProgTmp = <<>>
/\ prog2 = [ rest |-> <<>>,
  exec |->
      << [ PC |-> [pc |-> 1, type |-> {1}, lat |-> {1, 3}, dep |-> {}],
           done |-> FALSE,
           comTime |-> 0,
           executed |-> TRUE,
           exStartTime |-> 2 ],
         [ PC |-> [pc |-> 2, type |-> {2}, lat |-> {3}, dep |-> {1}],
           done |-> FALSE,
           comTime |-> 0,
           executed |-> FALSE,
           exStartTime |-> 5 ],
         [ PC |-> [pc |-> 3, type |-> {1, 2}, lat |-> {2, 3}, dep |-> {}],
           done |-> FALSE,
           comTime |-> 0,
           executed |-> TRUE,
           exStartTime |-> 3 ],
         [ PC |-> [pc |-> 4, type |-> {1}, lat |-> {2}, dep |-> {3}],
           done |-> FALSE,
           comTime |-> 0,
           executed |-> FALSE,
           exStartTime |-> 5 ] >> ]
/\ FU = <<1, 2, 1, 1>>
/\ _FU = << [ PC |-> [pc |-> 3, type |-> {1, 2}, lat |-> {2, 3}, dep |-> {}],
     currLat |-> 3,
     usage |-> 4,
     baseLat |-> 3 ],
   [ PC |-> [pc |-> 2, type |-> {2}, lat |-> {3}, dep |-> {1}],
     currLat |-> 3,
     usage |-> 3,
     baseLat |-> 3 ] >>

@!@!@ENDMSG 2217 @!@!@
@!@!@STARTMSG 2217:4 @!@!@
8: <Next line 87, col 9 to line 112, col 103 of module pipeline_ooo>
/\ FULat2 = <<3, 3, 2, 2>>
/\ iMiss2 = <<FALSE, FALSE, FALSE, FALSE>>
/\ _RS2 = <<{}, {}>>
/\ locWorst = <<FALSE, TRUE>>
/\ _COM2 = <<[PC |-> [pc |-> 0, type |-> "empty"]], [PC |-> [pc |-> 0, type |-> "empty"]]>>
/\ _ID = <<[PC |-> [pc |-> 0, type |-> "empty"]], [PC |-> [pc |-> 0, type |-> "empty"]]>>
/\ _IF = << [PC |-> [pc |-> 0, type |-> "empty"], currLat |-> 1, baseLat |-> 1],
   [PC |-> [pc |-> 0, type |-> "empty"], currLat |-> 1, baseLat |-> 1] >>
/\ FUTmpLat = <<<<<<1, 3>>, 3>>, 2>>
/\ _FU2 = << [ PC |-> [pc |-> 4, type |-> {1}, lat |-> {2}, dep |-> {3}],
     currLat |-> 2,
     usage |-> 5,
     baseLat |-> 2 ],
   [ PC |-> [pc |-> 2, type |-> {2}, lat |-> {3}, dep |-> {1}],
     currLat |-> 2,
     usage |-> 4,
     baseLat |-> 3 ] >>
/\ FUTmp = <<<<<<1, 2>>, 1>>, 1>>
/\ _COM = << [PC |-> [pc |-> 2, type |-> {2}, lat |-> {3}, dep |-> {1}]],
   [PC |-> [pc |-> 3, type |-> {1, 2}, lat |-> {2, 3}, dep |-> {}]] >>
/\ _ID2 = <<[PC |-> [pc |-> 0, type |-> "empty"]], [PC |-> [pc |-> 0, type |-> "empty"]]>>
/\ graph = [ nodes |->
      << [IFacq |-> 1, IFrel |-> 2, FUacq |-> 3, FUrel |-> 4, COM |-> 4],
         [IFacq |-> 1, IFrel |-> 2, FUacq |-> 4, FUrel |-> 7, COM |-> 0],
         [IFacq |-> 2, IFrel |-> 3, FUacq |-> 4, FUrel |-> 7, COM |-> 0],
         [IFacq |-> 2, IFrel |-> 3, FUacq |-> 0, FUrel |-> 0, COM |-> 0] >>,
  edges |->
      { [type |-> "D", source |-> 1, dest |-> 2],
        [type |-> "D", source |-> 3, dest |-> 4],
        [type |-> "RS", source |-> 3, dest |-> 4] } ]
/\ currCycle2 = 7
/\ FU2 = <<1, 2, 2, 1>>
/\ _IF2 = << [PC |-> [pc |-> 0, type |-> "empty"], currLat |-> 1, baseLat |-> 1],
   [PC |-> [pc |-> 0, type |-> "empty"], currLat |-> 1, baseLat |-> 1] >>
/\ iMissTmp2 = <<<<<<FALSE, FALSE>>, FALSE>>, FALSE>>
/\ iMiss = <<FALSE, FALSE, FALSE, FALSE>>
/\ graph2 = [ nodes |->
      << [IFacq |-> 1, IFrel |-> 2, FUacq |-> 3, FUrel |-> 6, COM |-> 6],
         [IFacq |-> 1, IFrel |-> 2, FUacq |-> 6, FUrel |-> 0, COM |-> 0],
         [IFacq |-> 2, IFrel |-> 3, FUacq |-> 4, FUrel |-> 6, COM |-> 0],
         [IFacq |-> 2, IFrel |-> 3, FUacq |-> 6, FUrel |-> 0, COM |-> 0] >>,
  edges |->
      { [type |-> "D", source |-> 1, dest |-> 2],
        [type |-> "D", source |-> 3, dest |-> 4],
        [type |-> "RS", source |-> 1, dest |-> 4],
        [type |-> "RS", source |-> 3, dest |-> 2] } ]
/\ _RS = <<{}, {}>>
/\ commonPre = FALSE
/\ currCycle = 7
/\ iMissTmp = <<<<<<FALSE, FALSE>>, FALSE>>, FALSE>>
/\ FULat = <<1, 3, 3, 2>>
/\ FUTmp2 = <<<<<<1, 2>>, 2>>, 1>>
/\ prog = [ rest |-> <<>>,
  exec |->
      << [ PC |-> [pc |-> 1, type |-> {1}, lat |-> {1, 3}, dep |-> {}],
           done |-> TRUE,
           comTime |-> 4,
           executed |-> TRUE,
           exStartTime |-> 2 ],
         [ PC |-> [pc |-> 2, type |-> {2}, lat |-> {3}, dep |-> {1}],
           done |-> FALSE,
           comTime |-> 0,
           executed |-> TRUE,
           exStartTime |-> 3 ],
         [ PC |-> [pc |-> 3, type |-> {1, 2}, lat |-> {2, 3}, dep |-> {}],
           done |-> FALSE,
           comTime |-> 0,
           executed |-> TRUE,
           exStartTime |-> 3 ],
         [ PC |-> [pc |-> 4, type |-> {1}, lat |-> {2}, dep |-> {3}],
           done |-> FALSE,
           comTime |-> 0,
           executed |-> FALSE,
           exStartTime |-> 6 ] >> ]
/\ depProg = <<>>
/\ FUTmpLat2 = <<<<<<3, 3>>, 2>>, 2>>
/\ depProgTmp = <<>>
/\ prog2 = [ rest |-> <<>>,
  exec |->
      << [ PC |-> [pc |-> 1, type |-> {1}, lat |-> {1, 3}, dep |-> {}],
           done |-> TRUE,
           comTime |-> 6,
           executed |-> TRUE,
           exStartTime |-> 2 ],
         [ PC |-> [pc |-> 2, type |-> {2}, lat |-> {3}, dep |-> {1}],
           done |-> FALSE,
           comTime |-> 0,
           executed |-> FALSE,
           exStartTime |-> 5 ],
         [ PC |-> [pc |-> 3, type |-> {1, 2}, lat |-> {2, 3}, dep |-> {}],
           done |-> FALSE,
           comTime |-> 0,
           executed |-> TRUE,
           exStartTime |-> 3 ],
         [ PC |-> [pc |-> 4, type |-> {1}, lat |-> {2}, dep |-> {3}],
           done |-> FALSE,
           comTime |-> 0,
           executed |-> FALSE,
           exStartTime |-> 5 ] >> ]
/\ FU = <<1, 2, 1, 1>>
/\ _FU = << [ PC |-> [pc |-> 4, type |-> {1}, lat |-> {2}, dep |-> {3}],
     currLat |-> 1,
     usage |-> 5,
     baseLat |-> 2 ],
   [ PC |-> [pc |-> 0, type |-> "empty"],
     currLat |-> 1,
     usage |-> 3,
     baseLat |-> 1 ] >>

@!@!@ENDMSG 2217 @!@!@
@!@!@STARTMSG 2217:4 @!@!@
9: <Next line 87, col 9 to line 112, col 103 of module pipeline_ooo>
/\ FULat2 = <<3, 3, 2, 2>>
/\ iMiss2 = <<FALSE, FALSE, FALSE, FALSE>>
/\ _RS2 = <<{}, {}>>
/\ locWorst = <<FALSE, TRUE>>
/\ _COM2 = <<[PC |-> [pc |-> 0, type |-> "empty"]], [PC |-> [pc |-> 0, type |-> "empty"]]>>
/\ _ID = <<[PC |-> [pc |-> 0, type |-> "empty"]], [PC |-> [pc |-> 0, type |-> "empty"]]>>
/\ _IF = << [PC |-> [pc |-> 0, type |-> "empty"], currLat |-> 1, baseLat |-> 1],
   [PC |-> [pc |-> 0, type |-> "empty"], currLat |-> 1, baseLat |-> 1] >>
/\ FUTmpLat = <<<<<<1, 3>>, 3>>, 2>>
/\ _FU2 = << [ PC |-> [pc |-> 0, type |-> "empty"],
     currLat |-> 1,
     usage |-> 5,
     baseLat |-> 1 ],
   [ PC |-> [pc |-> 2, type |-> {2}, lat |-> {3}, dep |-> {1}],
     currLat |-> 3,
     usage |-> 5,
     baseLat |-> 3 ] >>
/\ FUTmp = <<<<<<1, 2>>, 1>>, 1>>
/\ _COM = <<[PC |-> [pc |-> 0, type |-> "empty"]], [PC |-> [pc |-> 0, type |-> "empty"]]>>
/\ _ID2 = <<[PC |-> [pc |-> 0, type |-> "empty"]], [PC |-> [pc |-> 0, type |-> "empty"]]>>
/\ graph = [ nodes |->
      << [IFacq |-> 1, IFrel |-> 2, FUacq |-> 3, FUrel |-> 4, COM |-> 4],
         [IFacq |-> 1, IFrel |-> 2, FUacq |-> 4, FUrel |-> 7, COM |-> 7],
         [IFacq |-> 2, IFrel |-> 3, FUacq |-> 4, FUrel |-> 7, COM |-> 7],
         [IFacq |-> 2, IFrel |-> 3, FUacq |-> 7, FUrel |-> 0, COM |-> 0] >>,
  edges |->
      { [type |-> "D", source |-> 1, dest |-> 2],
        [type |-> "D", source |-> 3, dest |-> 4],
        [type |-> "RS", source |-> 3, dest |-> 4] } ]
/\ currCycle2 = 8
/\ FU2 = <<1, 2, 2, 1>>
/\ _IF2 = << [PC |-> [pc |-> 0, type |-> "empty"], currLat |-> 1, baseLat |-> 1],
   [PC |-> [pc |-> 0, type |-> "empty"], currLat |-> 1, baseLat |-> 1] >>
/\ iMissTmp2 = <<<<<<FALSE, FALSE>>, FALSE>>, FALSE>>
/\ iMiss = <<FALSE, FALSE, FALSE, FALSE>>
/\ graph2 = [ nodes |->
      << [IFacq |-> 1, IFrel |-> 2, FUacq |-> 3, FUrel |-> 6, COM |-> 6],
         [IFacq |-> 1, IFrel |-> 2, FUacq |-> 6, FUrel |-> 0, COM |-> 0],
         [IFacq |-> 2, IFrel |-> 3, FUacq |-> 4, FUrel |-> 6, COM |-> 0],
         [IFacq |-> 2, IFrel |-> 3, FUacq |-> 6, FUrel |-> 8, COM |-> 0] >>,
  edges |->
      { [type |-> "D", source |-> 1, dest |-> 2],
        [type |-> "D", source |-> 3, dest |-> 4],
        [type |-> "RS", source |-> 1, dest |-> 4],
        [type |-> "RS", source |-> 3, dest |-> 2] } ]
/\ _RS = <<{}, {}>>
/\ commonPre = FALSE
/\ currCycle = 8
/\ iMissTmp = <<<<<<FALSE, FALSE>>, FALSE>>, FALSE>>
/\ FULat = <<1, 3, 3, 2>>
/\ FUTmp2 = <<<<<<1, 2>>, 2>>, 1>>
/\ prog = [ rest |-> <<>>,
  exec |->
      << [ PC |-> [pc |-> 1, type |-> {1}, lat |-> {1, 3}, dep |-> {}],
           done |-> TRUE,
           comTime |-> 4,
           executed |-> TRUE,
           exStartTime |-> 2 ],
         [ PC |-> [pc |-> 2, type |-> {2}, lat |-> {3}, dep |-> {1}],
           done |-> TRUE,
           comTime |-> 7,
           executed |-> TRUE,
           exStartTime |-> 3 ],
         [ PC |-> [pc |-> 3, type |-> {1, 2}, lat |-> {2, 3}, dep |-> {}],
           done |-> TRUE,
           comTime |-> 7,
           executed |-> TRUE,
           exStartTime |-> 3 ],
         [ PC |-> [pc |-> 4, type |-> {1}, lat |-> {2}, dep |-> {3}],
           done |-> FALSE,
           comTime |-> 0,
           executed |-> FALSE,
           exStartTime |-> 6 ] >> ]
/\ depProg = <<>>
/\ FUTmpLat2 = <<<<<<3, 3>>, 2>>, 2>>
/\ depProgTmp = <<>>
/\ prog2 = [ rest |-> <<>>,
  exec |->
      << [ PC |-> [pc |-> 1, type |-> {1}, lat |-> {1, 3}, dep |-> {}],
           done |-> TRUE,
           comTime |-> 6,
           executed |-> TRUE,
           exStartTime |-> 2 ],
         [ PC |-> [pc |-> 2, type |-> {2}, lat |-> {3}, dep |-> {1}],
           done |-> FALSE,
           comTime |-> 0,
           executed |-> FALSE,
           exStartTime |-> 5 ],
         [ PC |-> [pc |-> 3, type |-> {1, 2}, lat |-> {2, 3}, dep |-> {}],
           done |-> FALSE,
           comTime |-> 0,
           executed |-> TRUE,
           exStartTime |-> 3 ],
         [ PC |-> [pc |-> 4, type |-> {1}, lat |-> {2}, dep |-> {3}],
           done |-> FALSE,
           comTime |-> 0,
           executed |-> TRUE,
           exStartTime |-> 5 ] >> ]
/\ FU = <<1, 2, 1, 1>>
/\ _FU = << [ PC |-> [pc |-> 4, type |-> {1}, lat |-> {2}, dep |-> {3}],
     currLat |-> 2,
     usage |-> 6,
     baseLat |-> 2 ],
   [ PC |-> [pc |-> 0, type |-> "empty"],
     currLat |-> 1,
     usage |-> 3,
     baseLat |-> 1 ] >>

@!@!@ENDMSG 2217 @!@!@
@!@!@STARTMSG 2217:4 @!@!@
10: <Next line 87, col 9 to line 112, col 103 of module pipeline_ooo>
/\ FULat2 = <<3, 3, 2, 2>>
/\ iMiss2 = <<FALSE, FALSE, FALSE, FALSE>>
/\ _RS2 = <<{}, {}>>
/\ locWorst = <<FALSE, TRUE>>
/\ _COM2 = << [PC |-> [pc |-> 2, type |-> {2}, lat |-> {3}, dep |-> {1}]],
   [PC |-> [pc |-> 3, type |-> {1, 2}, lat |-> {2, 3}, dep |-> {}]] >>
/\ _ID = <<[PC |-> [pc |-> 0, type |-> "empty"]], [PC |-> [pc |-> 0, type |-> "empty"]]>>
/\ _IF = << [PC |-> [pc |-> 0, type |-> "empty"], currLat |-> 1, baseLat |-> 1],
   [PC |-> [pc |-> 0, type |-> "empty"], currLat |-> 1, baseLat |-> 1] >>
/\ FUTmpLat = <<<<<<1, 3>>, 3>>, 2>>
/\ _FU2 = << [ PC |-> [pc |-> 0, type |-> "empty"],
     currLat |-> 1,
     usage |-> 5,
     baseLat |-> 1 ],
   [ PC |-> [pc |-> 0, type |-> "empty"],
     currLat |-> 1,
     usage |-> 5,
     baseLat |-> 1 ] >>
/\ FUTmp = <<<<<<1, 2>>, 1>>, 1>>
/\ _COM = << [PC |-> [pc |-> 4, type |-> {1}, lat |-> {2}, dep |-> {3}]],
   [PC |-> [pc |-> 0, type |-> "empty"]] >>
/\ _ID2 = <<[PC |-> [pc |-> 0, type |-> "empty"]], [PC |-> [pc |-> 0, type |-> "empty"]]>>
/\ graph = [ nodes |->
      << [IFacq |-> 1, IFrel |-> 2, FUacq |-> 3, FUrel |-> 4, COM |-> 4],
         [IFacq |-> 1, IFrel |-> 2, FUacq |-> 4, FUrel |-> 7, COM |-> 7],
         [IFacq |-> 2, IFrel |-> 3, FUacq |-> 4, FUrel |-> 7, COM |-> 7],
         [IFacq |-> 2, IFrel |-> 3, FUacq |-> 7, FUrel |-> 9, COM |-> 0] >>,
  edges |->
      { [type |-> "D", source |-> 1, dest |-> 2],
        [type |-> "D", source |-> 3, dest |-> 4],
        [type |-> "RS", source |-> 3, dest |-> 4] } ]
/\ currCycle2 = 9
/\ FU2 = <<1, 2, 2, 1>>
/\ _IF2 = << [PC |-> [pc |-> 0, type |-> "empty"], currLat |-> 1, baseLat |-> 1],
   [PC |-> [pc |-> 0, type |-> "empty"], currLat |-> 1, baseLat |-> 1] >>
/\ iMissTmp2 = <<<<<<FALSE, FALSE>>, FALSE>>, FALSE>>
/\ iMiss = <<FALSE, FALSE, FALSE, FALSE>>
/\ graph2 = [ nodes |->
      << [IFacq |-> 1, IFrel |-> 2, FUacq |-> 3, FUrel |-> 6, COM |-> 6],
         [IFacq |-> 1, IFrel |-> 2, FUacq |-> 6, FUrel |-> 9, COM |-> 0],
         [IFacq |-> 2, IFrel |-> 3, FUacq |-> 4, FUrel |-> 6, COM |-> 0],
         [IFacq |-> 2, IFrel |-> 3, FUacq |-> 6, FUrel |-> 8, COM |-> 0] >>,
  edges |->
      { [type |-> "D", source |-> 1, dest |-> 2],
        [type |-> "D", source |-> 3, dest |-> 4],
        [type |-> "RS", source |-> 1, dest |-> 4],
        [type |-> "RS", source |-> 3, dest |-> 2],
        [type |-> "ROB", source |-> 3, dest |-> 4] } ]
/\ _RS = <<{}, {}>>
/\ commonPre = FALSE
/\ currCycle = 9
/\ iMissTmp = <<<<<<FALSE, FALSE>>, FALSE>>, FALSE>>
/\ FULat = <<1, 3, 3, 2>>
/\ FUTmp2 = <<<<<<1, 2>>, 2>>, 1>>
/\ prog = [ rest |-> <<>>,
  exec |->
      << [ PC |-> [pc |-> 1, type |-> {1}, lat |-> {1, 3}, dep |-> {}],
           done |-> TRUE,
           comTime |-> 4,
           executed |-> TRUE,
           exStartTime |-> 2 ],
         [ PC |-> [pc |-> 2, type |-> {2}, lat |-> {3}, dep |-> {1}],
           done |-> TRUE,
           comTime |-> 7,
           executed |-> TRUE,
           exStartTime |-> 3 ],
         [ PC |-> [pc |-> 3, type |-> {1, 2}, lat |-> {2, 3}, dep |-> {}],
           done |-> TRUE,
           comTime |-> 7,
           executed |-> TRUE,
           exStartTime |-> 3 ],
         [ PC |-> [pc |-> 4, type |-> {1}, lat |-> {2}, dep |-> {3}],
           done |-> FALSE,
           comTime |-> 0,
           executed |-> TRUE,
           exStartTime |-> 6 ] >> ]
/\ depProg = <<>>
/\ FUTmpLat2 = <<<<<<3, 3>>, 2>>, 2>>
/\ depProgTmp = <<>>
/\ prog2 = [ rest |-> <<>>,
  exec |->
      << [ PC |-> [pc |-> 1, type |-> {1}, lat |-> {1, 3}, dep |-> {}],
           done |-> TRUE,
           comTime |-> 6,
           executed |-> TRUE,
           exStartTime |-> 2 ],
         [ PC |-> [pc |-> 2, type |-> {2}, lat |-> {3}, dep |-> {1}],
           done |-> FALSE,
           comTime |-> 0,
           executed |-> TRUE,
           exStartTime |-> 5 ],
         [ PC |-> [pc |-> 3, type |-> {1, 2}, lat |-> {2, 3}, dep |-> {}],
           done |-> FALSE,
           comTime |-> 0,
           executed |-> TRUE,
           exStartTime |-> 3 ],
         [ PC |-> [pc |-> 4, type |-> {1}, lat |-> {2}, dep |-> {3}],
           done |-> FALSE,
           comTime |-> 0,
           executed |-> TRUE,
           exStartTime |-> 5 ] >> ]
/\ FU = <<1, 2, 1, 1>>
/\ _FU = << [ PC |-> [pc |-> 0, type |-> "empty"],
     currLat |-> 1,
     usage |-> 6,
     baseLat |-> 1 ],
   [ PC |-> [pc |-> 0, type |-> "empty"],
     currLat |-> 1,
     usage |-> 3,
     baseLat |-> 1 ] >>

@!@!@ENDMSG 2217 @!@!@
@!@!@STARTMSG 2217:4 @!@!@
11: <Next line 87, col 9 to line 112, col 103 of module pipeline_ooo>
/\ FULat2 = <<3, 3, 2, 2>>
/\ iMiss2 = <<FALSE, FALSE, FALSE, FALSE>>
/\ _RS2 = <<{}, {}>>
/\ locWorst = <<FALSE, TRUE>>
/\ _COM2 = << [PC |-> [pc |-> 4, type |-> {1}, lat |-> {2}, dep |-> {3}]],
   [PC |-> [pc |-> 0, type |-> "empty"]] >>
/\ _ID = <<[PC |-> [pc |-> 0, type |-> "empty"]], [PC |-> [pc |-> 0, type |-> "empty"]]>>
/\ _IF = << [PC |-> [pc |-> 0, type |-> "empty"], currLat |-> 1, baseLat |-> 1],
   [PC |-> [pc |-> 0, type |-> "empty"], currLat |-> 1, baseLat |-> 1] >>
/\ FUTmpLat = <<<<<<1, 3>>, 3>>, 2>>
/\ _FU2 = << [ PC |-> [pc |-> 0, type |-> "empty"],
     currLat |-> 1,
     usage |-> 5,
     baseLat |-> 1 ],
   [ PC |-> [pc |-> 0, type |-> "empty"],
     currLat |-> 1,
     usage |-> 5,
     baseLat |-> 1 ] >>
/\ FUTmp = <<<<<<1, 2>>, 1>>, 1>>
/\ _COM = <<[PC |-> [pc |-> 0, type |-> "empty"]], [PC |-> [pc |-> 0, type |-> "empty"]]>>
/\ _ID2 = <<[PC |-> [pc |-> 0, type |-> "empty"]], [PC |-> [pc |-> 0, type |-> "empty"]]>>
/\ graph = [ nodes |->
      << [IFacq |-> 1, IFrel |-> 2, FUacq |-> 3, FUrel |-> 4, COM |-> 4],
         [IFacq |-> 1, IFrel |-> 2, FUacq |-> 4, FUrel |-> 7, COM |-> 7],
         [IFacq |-> 2, IFrel |-> 3, FUacq |-> 4, FUrel |-> 7, COM |-> 7],
         [IFacq |-> 2, IFrel |-> 3, FUacq |-> 7, FUrel |-> 9, COM |-> 9] >>,
  edges |->
      { [type |-> "D", source |-> 1, dest |-> 2],
        [type |-> "D", source |-> 3, dest |-> 4],
        [type |-> "RS", source |-> 3, dest |-> 4] } ]
/\ currCycle2 = 10
/\ FU2 = <<1, 2, 2, 1>>
/\ _IF2 = << [PC |-> [pc |-> 0, type |-> "empty"], currLat |-> 1, baseLat |-> 1],
   [PC |-> [pc |-> 0, type |-> "empty"], currLat |-> 1, baseLat |-> 1] >>
/\ iMissTmp2 = <<<<<<FALSE, FALSE>>, FALSE>>, FALSE>>
/\ iMiss = <<FALSE, FALSE, FALSE, FALSE>>
/\ graph2 = [ nodes |->
      << [IFacq |-> 1, IFrel |-> 2, FUacq |-> 3, FUrel |-> 6, COM |-> 6],
         [IFacq |-> 1, IFrel |-> 2, FUacq |-> 6, FUrel |-> 9, COM |-> 9],
         [IFacq |-> 2, IFrel |-> 3, FUacq |-> 4, FUrel |-> 6, COM |-> 9],
         [IFacq |-> 2, IFrel |-> 3, FUacq |-> 6, FUrel |-> 8, COM |-> 0] >>,
  edges |->
      { [type |-> "D", source |-> 1, dest |-> 2],
        [type |-> "D", source |-> 3, dest |-> 4],
        [type |-> "RS", source |-> 1, dest |-> 4],
        [type |-> "RS", source |-> 3, dest |-> 2],
        [type |-> "ROB", source |-> 3, dest |-> 4] } ]
/\ _RS = <<{}, {}>>
/\ commonPre = FALSE
/\ currCycle = 10
/\ iMissTmp = <<<<<<FALSE, FALSE>>, FALSE>>, FALSE>>
/\ FULat = <<1, 3, 3, 2>>
/\ FUTmp2 = <<<<<<1, 2>>, 2>>, 1>>
/\ prog = [ rest |-> <<>>,
  exec |->
      << [ PC |-> [pc |-> 1, type |-> {1}, lat |-> {1, 3}, dep |-> {}],
           done |-> TRUE,
           comTime |-> 4,
           executed |-> TRUE,
           exStartTime |-> 2 ],
         [ PC |-> [pc |-> 2, type |-> {2}, lat |-> {3}, dep |-> {1}],
           done |-> TRUE,
           comTime |-> 7,
           executed |-> TRUE,
           exStartTime |-> 3 ],
         [ PC |-> [pc |-> 3, type |-> {1, 2}, lat |-> {2, 3}, dep |-> {}],
           done |-> TRUE,
           comTime |-> 7,
           executed |-> TRUE,
           exStartTime |-> 3 ],
         [ PC |-> [pc |-> 4, type |-> {1}, lat |-> {2}, dep |-> {3}],
           done |-> TRUE,
           comTime |-> 9,
           executed |-> TRUE,
           exStartTime |-> 6 ] >> ]
/\ depProg = <<>>
/\ FUTmpLat2 = <<<<<<3, 3>>, 2>>, 2>>
/\ depProgTmp = <<>>
/\ prog2 = [ rest |-> <<>>,
  exec |->
      << [ PC |-> [pc |-> 1, type |-> {1}, lat |-> {1, 3}, dep |-> {}],
           done |-> TRUE,
           comTime |-> 6,
           executed |-> TRUE,
           exStartTime |-> 2 ],
         [ PC |-> [pc |-> 2, type |-> {2}, lat |-> {3}, dep |-> {1}],
           done |-> TRUE,
           comTime |-> 9,
           executed |-> TRUE,
           exStartTime |-> 5 ],
         [ PC |-> [pc |-> 3, type |-> {1, 2}, lat |-> {2, 3}, dep |-> {}],
           done |-> TRUE,
           comTime |-> 9,
           executed |-> TRUE,
           exStartTime |-> 3 ],
         [ PC |-> [pc |-> 4, type |-> {1}, lat |-> {2}, dep |-> {3}],
           done |-> FALSE,
           comTime |-> 0,
           executed |-> TRUE,
           exStartTime |-> 5 ] >> ]
/\ FU = <<1, 2, 1, 1>>
/\ _FU = << [ PC |-> [pc |-> 0, type |-> "empty"],
     currLat |-> 1,
     usage |-> 6,
     baseLat |-> 1 ],
   [ PC |-> [pc |-> 0, type |-> "empty"],
     currLat |-> 1,
     usage |-> 3,
     baseLat |-> 1 ] >>

@!@!@ENDMSG 2217 @!@!@
@!@!@STARTMSG 2217:4 @!@!@
12: <Next line 87, col 9 to line 112, col 103 of module pipeline_ooo>
/\ FULat2 = <<3, 3, 2, 2>>
/\ iMiss2 = <<FALSE, FALSE, FALSE, FALSE>>
/\ _RS2 = <<{}, {}>>
/\ locWorst = <<FALSE, TRUE>>
/\ _COM2 = <<[PC |-> [pc |-> 0, type |-> "empty"]], [PC |-> [pc |-> 0, type |-> "empty"]]>>
/\ _ID = <<[PC |-> [pc |-> 0, type |-> "empty"]], [PC |-> [pc |-> 0, type |-> "empty"]]>>
/\ _IF = << [PC |-> [pc |-> 0, type |-> "empty"], currLat |-> 1, baseLat |-> 1],
   [PC |-> [pc |-> 0, type |-> "empty"], currLat |-> 1, baseLat |-> 1] >>
/\ FUTmpLat = <<<<<<1, 3>>, 3>>, 2>>
/\ _FU2 = << [ PC |-> [pc |-> 0, type |-> "empty"],
     currLat |-> 1,
     usage |-> 5,
     baseLat |-> 1 ],
   [ PC |-> [pc |-> 0, type |-> "empty"],
     currLat |-> 1,
     usage |-> 5,
     baseLat |-> 1 ] >>
/\ FUTmp = <<<<<<1, 2>>, 1>>, 1>>
/\ _COM = <<[PC |-> [pc |-> 0, type |-> "empty"]], [PC |-> [pc |-> 0, type |-> "empty"]]>>
/\ _ID2 = <<[PC |-> [pc |-> 0, type |-> "empty"]], [PC |-> [pc |-> 0, type |-> "empty"]]>>
/\ graph = [ nodes |->
      << [IFacq |-> 1, IFrel |-> 2, FUacq |-> 3, FUrel |-> 4, COM |-> 4],
         [IFacq |-> 1, IFrel |-> 2, FUacq |-> 4, FUrel |-> 7, COM |-> 7],
         [IFacq |-> 2, IFrel |-> 3, FUacq |-> 4, FUrel |-> 7, COM |-> 7],
         [IFacq |-> 2, IFrel |-> 3, FUacq |-> 7, FUrel |-> 9, COM |-> 9] >>,
  edges |->
      { [type |-> "D", source |-> 1, dest |-> 2],
        [type |-> "D", source |-> 3, dest |-> 4],
        [type |-> "RS", source |-> 3, dest |-> 4] } ]
/\ currCycle2 = 11
/\ FU2 = <<1, 2, 2, 1>>
/\ _IF2 = << [PC |-> [pc |-> 0, type |-> "empty"], currLat |-> 1, baseLat |-> 1],
   [PC |-> [pc |-> 0, type |-> "empty"], currLat |-> 1, baseLat |-> 1] >>
/\ iMissTmp2 = <<<<<<FALSE, FALSE>>, FALSE>>, FALSE>>
/\ iMiss = <<FALSE, FALSE, FALSE, FALSE>>
/\ graph2 = [ nodes |->
      << [IFacq |-> 1, IFrel |-> 2, FUacq |-> 3, FUrel |-> 6, COM |-> 6],
         [IFacq |-> 1, IFrel |-> 2, FUacq |-> 6, FUrel |-> 9, COM |-> 9],
         [IFacq |-> 2, IFrel |-> 3, FUacq |-> 4, FUrel |-> 6, COM |-> 9],
         [IFacq |-> 2, IFrel |-> 3, FUacq |-> 6, FUrel |-> 8, COM |-> 10] >>,
  edges |->
      { [type |-> "D", source |-> 1, dest |-> 2],
        [type |-> "D", source |-> 3, dest |-> 4],
        [type |-> "RS", source |-> 1, dest |-> 4],
        [type |-> "RS", source |-> 3, dest |-> 2],
        [type |-> "ROB", source |-> 3, dest |-> 4] } ]
/\ _RS = <<{}, {}>>
/\ commonPre = FALSE
/\ currCycle = 10
/\ iMissTmp = <<<<<<FALSE, FALSE>>, FALSE>>, FALSE>>
/\ FULat = <<1, 3, 3, 2>>
/\ FUTmp2 = <<<<<<1, 2>>, 2>>, 1>>
/\ prog = [ rest |-> <<>>,
  exec |->
      << [ PC |-> [pc |-> 1, type |-> {1}, lat |-> {1, 3}, dep |-> {}],
           done |-> TRUE,
           comTime |-> 4,
           executed |-> TRUE,
           exStartTime |-> 2 ],
         [ PC |-> [pc |-> 2, type |-> {2}, lat |-> {3}, dep |-> {1}],
           done |-> TRUE,
           comTime |-> 7,
           executed |-> TRUE,
           exStartTime |-> 3 ],
         [ PC |-> [pc |-> 3, type |-> {1, 2}, lat |-> {2, 3}, dep |-> {}],
           done |-> TRUE,
           comTime |-> 7,
           executed |-> TRUE,
           exStartTime |-> 3 ],
         [ PC |-> [pc |-> 4, type |-> {1}, lat |-> {2}, dep |-> {3}],
           done |-> TRUE,
           comTime |-> 9,
           executed |-> TRUE,
           exStartTime |-> 6 ] >> ]
/\ depProg = <<>>
/\ FUTmpLat2 = <<<<<<3, 3>>, 2>>, 2>>
/\ depProgTmp = <<>>
/\ prog2 = [ rest |-> <<>>,
  exec |->
      << [ PC |-> [pc |-> 1, type |-> {1}, lat |-> {1, 3}, dep |-> {}],
           done |-> TRUE,
           comTime |-> 6,
           executed |-> TRUE,
           exStartTime |-> 2 ],
         [ PC |-> [pc |-> 2, type |-> {2}, lat |-> {3}, dep |-> {1}],
           done |-> TRUE,
           comTime |-> 9,
           executed |-> TRUE,
           exStartTime |-> 5 ],
         [ PC |-> [pc |-> 3, type |-> {1, 2}, lat |-> {2, 3}, dep |-> {}],
           done |-> TRUE,
           comTime |-> 9,
           executed |-> TRUE,
           exStartTime |-> 3 ],
         [ PC |-> [pc |-> 4, type |-> {1}, lat |-> {2}, dep |-> {3}],
           done |-> TRUE,
           comTime |-> 10,
           executed |-> TRUE,
           exStartTime |-> 5 ] >> ]
/\ FU = <<1, 2, 1, 1>>
/\ _FU = << [ PC |-> [pc |-> 0, type |-> "empty"],
     currLat |-> 1,
     usage |-> 6,
     baseLat |-> 1 ],
   [ PC |-> [pc |-> 0, type |-> "empty"],
     currLat |-> 1,
     usage |-> 3,
     baseLat |-> 1 ] >>

@!@!@ENDMSG 2217 @!@!@
@!@!@STARTMSG 2201:0 @!@!@
The coverage statistics at 2021-09-08 23:27:16
@!@!@ENDMSG 2201 @!@!@
@!@!@STARTMSG 2773:0 @!@!@
<Init line 62, col 1 to line 62, col 4 of module pipeline_ooo>: 128:128
@!@!@ENDMSG 2773 @!@!@
@!@!@STARTMSG 2221:0 @!@!@
  line 62, col 12 to line 64, col 53 of module pipeline_ooo: 2
@!@!@ENDMSG 2221 @!@!@
@!@!@STARTMSG 2221:0 @!@!@
  line 68, col 15 to line 68, col 51 of module pipeline_ooo: 2
@!@!@ENDMSG 2221 @!@!@
@!@!@STARTMSG 2221:0 @!@!@
  line 69, col 12 to line 69, col 23 of module pipeline_ooo: 2
@!@!@ENDMSG 2221 @!@!@
@!@!@STARTMSG 2221:0 @!@!@
  line 11, col 12 to line 11, col 92 of module pipeline_exec_ooo: 2
@!@!@ENDMSG 2221 @!@!@
@!@!@STARTMSG 2221:0 @!@!@
  line 12, col 12 to line 12, col 62 of module pipeline_exec_ooo: 2
@!@!@ENDMSG 2221 @!@!@
@!@!@STARTMSG 2221:0 @!@!@
  line 13, col 12 to line 13, col 43 of module pipeline_exec_ooo: 2
@!@!@ENDMSG 2221 @!@!@
@!@!@STARTMSG 2221:0 @!@!@
  line 14, col 12 to line 14, col 100 of module pipeline_exec_ooo: 2
@!@!@ENDMSG 2221 @!@!@
@!@!@STARTMSG 2221:0 @!@!@
  line 15, col 12 to line 15, col 63 of module pipeline_exec_ooo: 2
@!@!@ENDMSG 2221 @!@!@
@!@!@STARTMSG 2221:0 @!@!@
  line 17, col 20 to line 18, col 123 of module pipeline_exec_ooo: 2
@!@!@ENDMSG 2221 @!@!@
@!@!@STARTMSG 2221:0 @!@!@
  |line 17, col 22 to line 17, col 117 of module pipeline_exec_ooo: 2
@!@!@ENDMSG 2221 @!@!@
@!@!@STARTMSG 2221:0 @!@!@
  |line 18, col 32 to line 18, col 121 of module pipeline_exec_ooo: 2
@!@!@ENDMSG 2221 @!@!@
@!@!@STARTMSG 2775:0 @!@!@
  ||line 18, col 38 to line 18, col 121 of module pipeline_exec_ooo: 2:215
@!@!@ENDMSG 2775 @!@!@
@!@!@STARTMSG 2775:0 @!@!@
  |||line 18, col 40 to line 18, col 94 of module pipeline_exec_ooo: 8:24
@!@!@ENDMSG 2775 @!@!@
@!@!@STARTMSG 2221:0 @!@!@
  |||line 18, col 104 to line 18, col 119 of module pipeline_exec_ooo: 2
@!@!@ENDMSG 2221 @!@!@
@!@!@STARTMSG 2221:0 @!@!@
  line 11, col 12 to line 11, col 92 of module pipeline_exec_ooo: 2
@!@!@ENDMSG 2221 @!@!@
@!@!@STARTMSG 2221:0 @!@!@
  line 12, col 12 to line 12, col 62 of module pipeline_exec_ooo: 2
@!@!@ENDMSG 2221 @!@!@
@!@!@STARTMSG 2221:0 @!@!@
  line 13, col 12 to line 13, col 43 of module pipeline_exec_ooo: 2
@!@!@ENDMSG 2221 @!@!@
@!@!@STARTMSG 2221:0 @!@!@
  line 14, col 12 to line 14, col 100 of module pipeline_exec_ooo: 2
@!@!@ENDMSG 2221 @!@!@
@!@!@STARTMSG 2221:0 @!@!@
  line 15, col 12 to line 15, col 63 of module pipeline_exec_ooo: 2
@!@!@ENDMSG 2221 @!@!@
@!@!@STARTMSG 2221:0 @!@!@
  line 17, col 20 to line 18, col 123 of module pipeline_exec_ooo: 2
@!@!@ENDMSG 2221 @!@!@
@!@!@STARTMSG 2221:0 @!@!@
  |line 17, col 22 to line 17, col 117 of module pipeline_exec_ooo: 2
@!@!@ENDMSG 2221 @!@!@
@!@!@STARTMSG 2221:0 @!@!@
  |line 18, col 32 to line 18, col 121 of module pipeline_exec_ooo: 2
@!@!@ENDMSG 2221 @!@!@
@!@!@STARTMSG 2775:0 @!@!@
  ||line 18, col 38 to line 18, col 121 of module pipeline_exec_ooo: 2:215
@!@!@ENDMSG 2775 @!@!@
@!@!@STARTMSG 2775:0 @!@!@
  |||line 18, col 40 to line 18, col 94 of module pipeline_exec_ooo: 8:24
@!@!@ENDMSG 2775 @!@!@
@!@!@STARTMSG 2221:0 @!@!@
  |||line 18, col 104 to line 18, col 119 of module pipeline_exec_ooo: 2
@!@!@ENDMSG 2221 @!@!@
@!@!@STARTMSG 2221:0 @!@!@
  line 72, col 12 to line 72, col 27 of module pipeline_ooo: 2
@!@!@ENDMSG 2221 @!@!@
@!@!@STARTMSG 2221:0 @!@!@
  line 73, col 12 to line 73, col 46 of module pipeline_ooo: 2
@!@!@ENDMSG 2221 @!@!@
@!@!@STARTMSG 2221:0 @!@!@
  line 74, col 25 to line 74, col 47 of module pipeline_ooo: 2
@!@!@ENDMSG 2221 @!@!@
@!@!@STARTMSG 2221:0 @!@!@
  |line 42, col 24 to line 42, col 77 of module pipeline_ooo: 8
@!@!@ENDMSG 2221 @!@!@
@!@!@STARTMSG 2221:0 @!@!@
  ||line 42, col 27 to line 42, col 31 of module pipeline_ooo: 8
@!@!@ENDMSG 2221 @!@!@
@!@!@STARTMSG 2221:0 @!@!@
  ||line 42, col 38 to line 42, col 43 of module pipeline_ooo: 2
@!@!@ENDMSG 2221 @!@!@
@!@!@STARTMSG 2221:0 @!@!@
  |||line 31, col 12 to line 35, col 25 of module pipeline_ooo: 8
@!@!@ENDMSG 2221 @!@!@
@!@!@STARTMSG 2775:0 @!@!@
  ||line 42, col 50 to line 42, col 77 of module pipeline_ooo: 6:12
@!@!@ENDMSG 2775 @!@!@
@!@!@STARTMSG 2221:0 @!@!@
  |||line 42, col 50 to line 42, col 67 of module pipeline_ooo: 6
@!@!@ENDMSG 2221 @!@!@
@!@!@STARTMSG 2221:0 @!@!@
  |||line 42, col 72 to line 42, col 77 of module pipeline_ooo: 6
@!@!@ENDMSG 2221 @!@!@
@!@!@STARTMSG 2221:0 @!@!@
  ||||line 31, col 12 to line 35, col 25 of module pipeline_ooo: 8
@!@!@ENDMSG 2221 @!@!@
@!@!@STARTMSG 2221:0 @!@!@
  |line 74, col 40 to line 74, col 46 of module pipeline_ooo: 2
@!@!@ENDMSG 2221 @!@!@
@!@!@STARTMSG 2221:0 @!@!@
  line 75, col 20 to line 75, col 47 of module pipeline_ooo: 2
@!@!@ENDMSG 2221 @!@!@
@!@!@STARTMSG 2221:0 @!@!@
  |line 43, col 19 to line 43, col 92 of module pipeline_ooo: 6
@!@!@ENDMSG 2221 @!@!@
@!@!@STARTMSG 2221:0 @!@!@
  ||line 43, col 22 to line 43, col 26 of module pipeline_ooo: 6
@!@!@ENDMSG 2221 @!@!@
@!@!@STARTMSG 2221:0 @!@!@
  ||line 43, col 33 to line 43, col 50 of module pipeline_ooo: 2
@!@!@ENDMSG 2221 @!@!@
@!@!@STARTMSG 2221:0 @!@!@
  ||line 43, col 57 to line 43, col 92 of module pipeline_ooo: 4
@!@!@ENDMSG 2221 @!@!@
@!@!@STARTMSG 2221:0 @!@!@
  |line 75, col 28 to line 75, col 35 of module pipeline_ooo: 4
@!@!@ENDMSG 2221 @!@!@
@!@!@STARTMSG 2221:0 @!@!@
  |line 75, col 38 to line 75, col 46 of module pipeline_ooo: 2
@!@!@ENDMSG 2221 @!@!@
@!@!@STARTMSG 2221:0 @!@!@
  line 76, col 22 to line 76, col 45 of module pipeline_ooo: 2
@!@!@ENDMSG 2221 @!@!@
@!@!@STARTMSG 2221:0 @!@!@
  |line 42, col 24 to line 42, col 77 of module pipeline_ooo: 8
@!@!@ENDMSG 2221 @!@!@
@!@!@STARTMSG 2221:0 @!@!@
  ||line 42, col 27 to line 42, col 31 of module pipeline_ooo: 8
@!@!@ENDMSG 2221 @!@!@
@!@!@STARTMSG 2221:0 @!@!@
  ||line 42, col 38 to line 42, col 43 of module pipeline_ooo: 2
@!@!@ENDMSG 2221 @!@!@
@!@!@STARTMSG 2221:0 @!@!@
  |||line 36, col 13 to line 36, col 29 of module pipeline_ooo: 8
@!@!@ENDMSG 2221 @!@!@
@!@!@STARTMSG 2775:0 @!@!@
  ||line 42, col 50 to line 42, col 77 of module pipeline_ooo: 6:20
@!@!@ENDMSG 2775 @!@!@
@!@!@STARTMSG 2221:0 @!@!@
  |||line 42, col 50 to line 42, col 67 of module pipeline_ooo: 6
@!@!@ENDMSG 2221 @!@!@
@!@!@STARTMSG 2221:0 @!@!@
  |||line 42, col 72 to line 42, col 77 of module pipeline_ooo: 6
@!@!@ENDMSG 2221 @!@!@
@!@!@STARTMSG 2221:0 @!@!@
  ||||line 42, col 76 to line 42, col 76 of module pipeline_ooo: 6
@!@!@ENDMSG 2221 @!@!@
@!@!@STARTMSG 2221:0 @!@!@
  ||||line 36, col 13 to line 36, col 29 of module pipeline_ooo: 8
@!@!@ENDMSG 2221 @!@!@
@!@!@STARTMSG 2221:0 @!@!@
  |line 76, col 38 to line 76, col 44 of module pipeline_ooo: 2
@!@!@ENDMSG 2221 @!@!@
@!@!@STARTMSG 2221:0 @!@!@
  line 77, col 17 to line 77, col 41 of module pipeline_ooo: 4
@!@!@ENDMSG 2221 @!@!@
@!@!@STARTMSG 2221:0 @!@!@
  |line 43, col 19 to line 43, col 92 of module pipeline_ooo: 12
@!@!@ENDMSG 2221 @!@!@
@!@!@STARTMSG 2221:0 @!@!@
  ||line 43, col 22 to line 43, col 26 of module pipeline_ooo: 12
@!@!@ENDMSG 2221 @!@!@
@!@!@STARTMSG 2221:0 @!@!@
  ||line 43, col 33 to line 43, col 50 of module pipeline_ooo: 4
@!@!@ENDMSG 2221 @!@!@
@!@!@STARTMSG 2221:0 @!@!@
  ||line 43, col 57 to line 43, col 92 of module pipeline_ooo: 8
@!@!@ENDMSG 2221 @!@!@
@!@!@STARTMSG 2221:0 @!@!@
  |line 77, col 25 to line 77, col 29 of module pipeline_ooo: 8
@!@!@ENDMSG 2221 @!@!@
@!@!@STARTMSG 2221:0 @!@!@
  |line 77, col 32 to line 77, col 40 of module pipeline_ooo: 4
@!@!@ENDMSG 2221 @!@!@
@!@!@STARTMSG 2221:0 @!@!@
  line 78, col 25 to line 78, col 51 of module pipeline_ooo: 4
@!@!@ENDMSG 2221 @!@!@
@!@!@STARTMSG 2221:0 @!@!@
  |line 42, col 24 to line 42, col 77 of module pipeline_ooo: 16
@!@!@ENDMSG 2221 @!@!@
@!@!@STARTMSG 2221:0 @!@!@
  ||line 42, col 27 to line 42, col 31 of module pipeline_ooo: 16
@!@!@ENDMSG 2221 @!@!@
@!@!@STARTMSG 2221:0 @!@!@
  ||line 42, col 38 to line 42, col 43 of module pipeline_ooo: 4
@!@!@ENDMSG 2221 @!@!@
@!@!@STARTMSG 2221:0 @!@!@
  |||line 37, col 16 to line 37, col 31 of module pipeline_ooo: 16
@!@!@ENDMSG 2221 @!@!@
@!@!@STARTMSG 2775:0 @!@!@
  ||line 42, col 50 to line 42, col 77 of module pipeline_ooo: 12:80
@!@!@ENDMSG 2775 @!@!@
@!@!@STARTMSG 2221:0 @!@!@
  |||line 42, col 50 to line 42, col 67 of module pipeline_ooo: 12
@!@!@ENDMSG 2221 @!@!@
@!@!@STARTMSG 2221:0 @!@!@
  |||line 42, col 72 to line 42, col 77 of module pipeline_ooo: 12
@!@!@ENDMSG 2221 @!@!@
@!@!@STARTMSG 2221:0 @!@!@
  ||||line 42, col 76 to line 42, col 76 of module pipeline_ooo: 12
@!@!@ENDMSG 2221 @!@!@
@!@!@STARTMSG 2221:0 @!@!@
  ||||line 37, col 16 to line 37, col 31 of module pipeline_ooo: 16
@!@!@ENDMSG 2221 @!@!@
@!@!@STARTMSG 2221:0 @!@!@
  |line 78, col 44 to line 78, col 50 of module pipeline_ooo: 4
@!@!@ENDMSG 2221 @!@!@
@!@!@STARTMSG 2221:0 @!@!@
  line 79, col 20 to line 79, col 47 of module pipeline_ooo: 16
@!@!@ENDMSG 2221 @!@!@
@!@!@STARTMSG 2221:0 @!@!@
  |line 43, col 19 to line 43, col 92 of module pipeline_ooo: 48
@!@!@ENDMSG 2221 @!@!@
@!@!@STARTMSG 2221:0 @!@!@
  ||line 43, col 22 to line 43, col 26 of module pipeline_ooo: 48
@!@!@ENDMSG 2221 @!@!@
@!@!@STARTMSG 2221:0 @!@!@
  ||line 43, col 33 to line 43, col 50 of module pipeline_ooo: 16
@!@!@ENDMSG 2221 @!@!@
@!@!@STARTMSG 2221:0 @!@!@
  ||line 43, col 57 to line 43, col 92 of module pipeline_ooo: 32
@!@!@ENDMSG 2221 @!@!@
@!@!@STARTMSG 2221:0 @!@!@
  |line 79, col 28 to line 79, col 35 of module pipeline_ooo: 32
@!@!@ENDMSG 2221 @!@!@
@!@!@STARTMSG 2221:0 @!@!@
  |line 79, col 38 to line 79, col 46 of module pipeline_ooo: 16
@!@!@ENDMSG 2221 @!@!@
@!@!@STARTMSG 2221:0 @!@!@
  line 80, col 26 to line 80, col 48 of module pipeline_ooo: 16
@!@!@ENDMSG 2221 @!@!@
@!@!@STARTMSG 2221:0 @!@!@
  |line 42, col 24 to line 42, col 77 of module pipeline_ooo: 64
@!@!@ENDMSG 2221 @!@!@
@!@!@STARTMSG 2221:0 @!@!@
  ||line 42, col 27 to line 42, col 31 of module pipeline_ooo: 64
@!@!@ENDMSG 2221 @!@!@
@!@!@STARTMSG 2775:0 @!@!@
  ||line 42, col 38 to line 42, col 43 of module pipeline_ooo: 96:32
@!@!@ENDMSG 2775 @!@!@
@!@!@STARTMSG 2775:0 @!@!@
  ||line 42, col 50 to line 42, col 77 of module pipeline_ooo: 48:96
@!@!@ENDMSG 2775 @!@!@
@!@!@STARTMSG 2221:0 @!@!@
  |||line 42, col 50 to line 42, col 67 of module pipeline_ooo: 48
@!@!@ENDMSG 2221 @!@!@
@!@!@STARTMSG 2775:0 @!@!@
  |||line 42, col 72 to line 42, col 77 of module pipeline_ooo: 288:144
@!@!@ENDMSG 2775 @!@!@
@!@!@STARTMSG 2221:0 @!@!@
  |line 31, col 12 to line 35, col 25 of module pipeline_ooo: 8
@!@!@ENDMSG 2221 @!@!@
@!@!@STARTMSG 2221:0 @!@!@
  |line 80, col 41 to line 80, col 47 of module pipeline_ooo: 16
@!@!@ENDMSG 2221 @!@!@
@!@!@STARTMSG 2221:0 @!@!@
  line 81, col 21 to line 81, col 49 of module pipeline_ooo: 16
@!@!@ENDMSG 2221 @!@!@
@!@!@STARTMSG 2221:0 @!@!@
  |line 43, col 19 to line 43, col 92 of module pipeline_ooo: 48
@!@!@ENDMSG 2221 @!@!@
@!@!@STARTMSG 2221:0 @!@!@
  ||line 43, col 22 to line 43, col 26 of module pipeline_ooo: 48
@!@!@ENDMSG 2221 @!@!@
@!@!@STARTMSG 2221:0 @!@!@
  ||line 43, col 33 to line 43, col 50 of module pipeline_ooo: 16
@!@!@ENDMSG 2221 @!@!@
@!@!@STARTMSG 2221:0 @!@!@
  ||line 43, col 57 to line 43, col 92 of module pipeline_ooo: 32
@!@!@ENDMSG 2221 @!@!@
@!@!@STARTMSG 2221:0 @!@!@
  |line 81, col 29 to line 81, col 37 of module pipeline_ooo: 32
@!@!@ENDMSG 2221 @!@!@
@!@!@STARTMSG 2221:0 @!@!@
  |line 81, col 40 to line 81, col 48 of module pipeline_ooo: 16
@!@!@ENDMSG 2221 @!@!@
@!@!@STARTMSG 2221:0 @!@!@
  line 82, col 23 to line 82, col 46 of module pipeline_ooo: 16
@!@!@ENDMSG 2221 @!@!@
@!@!@STARTMSG 2221:0 @!@!@
  |line 42, col 24 to line 42, col 77 of module pipeline_ooo: 64
@!@!@ENDMSG 2221 @!@!@
@!@!@STARTMSG 2221:0 @!@!@
  ||line 42, col 27 to line 42, col 31 of module pipeline_ooo: 64
@!@!@ENDMSG 2221 @!@!@
@!@!@STARTMSG 2221:0 @!@!@
  ||line 42, col 38 to line 42, col 43 of module pipeline_ooo: 96
@!@!@ENDMSG 2221 @!@!@
@!@!@STARTMSG 2775:0 @!@!@
  ||line 42, col 50 to line 42, col 77 of module pipeline_ooo: 48:160
@!@!@ENDMSG 2775 @!@!@
@!@!@STARTMSG 2221:0 @!@!@
  |||line 42, col 50 to line 42, col 67 of module pipeline_ooo: 48
@!@!@ENDMSG 2221 @!@!@
@!@!@STARTMSG 2221:0 @!@!@
  |||line 42, col 72 to line 42, col 77 of module pipeline_ooo: 288
@!@!@ENDMSG 2221 @!@!@
@!@!@STARTMSG 2221:0 @!@!@
  ||||line 42, col 76 to line 42, col 76 of module pipeline_ooo: 48
@!@!@ENDMSG 2221 @!@!@
@!@!@STARTMSG 2221:0 @!@!@
  |line 36, col 13 to line 36, col 29 of module pipeline_ooo: 8
@!@!@ENDMSG 2221 @!@!@
@!@!@STARTMSG 2221:0 @!@!@
  |line 82, col 39 to line 82, col 45 of module pipeline_ooo: 16
@!@!@ENDMSG 2221 @!@!@
@!@!@STARTMSG 2221:0 @!@!@
  line 83, col 18 to line 83, col 43 of module pipeline_ooo: 32
@!@!@ENDMSG 2221 @!@!@
@!@!@STARTMSG 2221:0 @!@!@
  |line 43, col 19 to line 43, col 92 of module pipeline_ooo: 96
@!@!@ENDMSG 2221 @!@!@
@!@!@STARTMSG 2221:0 @!@!@
  ||line 43, col 22 to line 43, col 26 of module pipeline_ooo: 96
@!@!@ENDMSG 2221 @!@!@
@!@!@STARTMSG 2221:0 @!@!@
  ||line 43, col 33 to line 43, col 50 of module pipeline_ooo: 32
@!@!@ENDMSG 2221 @!@!@
@!@!@STARTMSG 2221:0 @!@!@
  ||line 43, col 57 to line 43, col 92 of module pipeline_ooo: 64
@!@!@ENDMSG 2221 @!@!@
@!@!@STARTMSG 2221:0 @!@!@
  |line 83, col 26 to line 83, col 31 of module pipeline_ooo: 64
@!@!@ENDMSG 2221 @!@!@
@!@!@STARTMSG 2221:0 @!@!@
  |line 83, col 34 to line 83, col 42 of module pipeline_ooo: 32
@!@!@ENDMSG 2221 @!@!@
@!@!@STARTMSG 2221:0 @!@!@
  line 84, col 26 to line 84, col 52 of module pipeline_ooo: 32
@!@!@ENDMSG 2221 @!@!@
@!@!@STARTMSG 2221:0 @!@!@
  |line 42, col 24 to line 42, col 77 of module pipeline_ooo: 128
@!@!@ENDMSG 2221 @!@!@
@!@!@STARTMSG 2221:0 @!@!@
  ||line 42, col 27 to line 42, col 31 of module pipeline_ooo: 128
@!@!@ENDMSG 2221 @!@!@
@!@!@STARTMSG 2221:0 @!@!@
  ||line 42, col 38 to line 42, col 43 of module pipeline_ooo: 192
@!@!@ENDMSG 2221 @!@!@
@!@!@STARTMSG 2775:0 @!@!@
  ||line 42, col 50 to line 42, col 77 of module pipeline_ooo: 96:640
@!@!@ENDMSG 2775 @!@!@
@!@!@STARTMSG 2221:0 @!@!@
  |||line 42, col 50 to line 42, col 67 of module pipeline_ooo: 96
@!@!@ENDMSG 2221 @!@!@
@!@!@STARTMSG 2221:0 @!@!@
  |||line 42, col 72 to line 42, col 77 of module pipeline_ooo: 576
@!@!@ENDMSG 2221 @!@!@
@!@!@STARTMSG 2221:0 @!@!@
  ||||line 42, col 76 to line 42, col 76 of module pipeline_ooo: 96
@!@!@ENDMSG 2221 @!@!@
@!@!@STARTMSG 2221:0 @!@!@
  |line 37, col 16 to line 37, col 31 of module pipeline_ooo: 16
@!@!@ENDMSG 2221 @!@!@
@!@!@STARTMSG 2221:0 @!@!@
  |line 84, col 45 to line 84, col 51 of module pipeline_ooo: 32
@!@!@ENDMSG 2221 @!@!@
@!@!@STARTMSG 2221:0 @!@!@
  line 85, col 12 to line 85, col 49 of module pipeline_ooo: 128
@!@!@ENDMSG 2221 @!@!@
@!@!@STARTMSG 2221:0 @!@!@
  |line 85, col 21 to line 85, col 49 of module pipeline_ooo: 128
@!@!@ENDMSG 2221 @!@!@
@!@!@STARTMSG 2221:0 @!@!@
  ||line 43, col 19 to line 43, col 92 of module pipeline_ooo: 384
@!@!@ENDMSG 2221 @!@!@
@!@!@STARTMSG 2221:0 @!@!@
  |||line 43, col 22 to line 43, col 26 of module pipeline_ooo: 384
@!@!@ENDMSG 2221 @!@!@
@!@!@STARTMSG 2221:0 @!@!@
  |||line 43, col 33 to line 43, col 50 of module pipeline_ooo: 128
@!@!@ENDMSG 2221 @!@!@
@!@!@STARTMSG 2221:0 @!@!@
  |||line 43, col 57 to line 43, col 92 of module pipeline_ooo: 256
@!@!@ENDMSG 2221 @!@!@
@!@!@STARTMSG 2221:0 @!@!@
  ||line 85, col 29 to line 85, col 37 of module pipeline_ooo: 256
@!@!@ENDMSG 2221 @!@!@
@!@!@STARTMSG 2221:0 @!@!@
  ||line 85, col 40 to line 85, col 48 of module pipeline_ooo: 128
@!@!@ENDMSG 2221 @!@!@
@!@!@STARTMSG 2772:0 @!@!@
<Next line 87, col 1 to line 87, col 4 of module pipeline_ooo>: 735:760
@!@!@ENDMSG 2772 @!@!@
@!@!@STARTMSG 2221:0 @!@!@
  line 46, col 1 to line 46, col 35 of module pipeline_ooo: 260
@!@!@ENDMSG 2221 @!@!@
@!@!@STARTMSG 2221:0 @!@!@
  line 46, col 1 to line 46, col 35 of module pipeline_ooo: 7706
@!@!@ENDMSG 2221 @!@!@
@!@!@STARTMSG 2221:0 @!@!@
  line 46, col 1 to line 46, col 35 of module pipeline_ooo: 2502
@!@!@ENDMSG 2221 @!@!@
@!@!@STARTMSG 2221:0 @!@!@
  line 46, col 1 to line 46, col 35 of module pipeline_ooo: 67234
@!@!@ENDMSG 2221 @!@!@
@!@!@STARTMSG 2221:0 @!@!@
  line 46, col 1 to line 46, col 35 of module pipeline_ooo: 47698
@!@!@ENDMSG 2221 @!@!@
@!@!@STARTMSG 2221:0 @!@!@
  line 46, col 1 to line 46, col 35 of module pipeline_ooo: 42217
@!@!@ENDMSG 2221 @!@!@
@!@!@STARTMSG 2221:0 @!@!@
  line 46, col 1 to line 46, col 35 of module pipeline_ooo: 44578
@!@!@ENDMSG 2221 @!@!@
@!@!@STARTMSG 2221:0 @!@!@
  line 46, col 1 to line 46, col 35 of module pipeline_ooo: 131783
@!@!@ENDMSG 2221 @!@!@
@!@!@STARTMSG 2221:0 @!@!@
  line 46, col 1 to line 46, col 35 of module pipeline_ooo: 19582
@!@!@ENDMSG 2221 @!@!@
@!@!@STARTMSG 2221:0 @!@!@
  line 46, col 1 to line 46, col 35 of module pipeline_ooo: 260
@!@!@ENDMSG 2221 @!@!@
@!@!@STARTMSG 2221:0 @!@!@
  line 46, col 1 to line 46, col 35 of module pipeline_ooo: 76623
@!@!@ENDMSG 2221 @!@!@
@!@!@STARTMSG 2221:0 @!@!@
  line 46, col 1 to line 46, col 35 of module pipeline_ooo: 15436
@!@!@ENDMSG 2221 @!@!@
@!@!@STARTMSG 2221:0 @!@!@
  line 46, col 1 to line 46, col 35 of module pipeline_ooo: 296711
@!@!@ENDMSG 2221 @!@!@
@!@!@STARTMSG 2221:0 @!@!@
  line 74, col 18 to line 74, col 59 of module pipeline_exec_ooo: 759
@!@!@ENDMSG 2221 @!@!@
@!@!@STARTMSG 2775:0 @!@!@
  |line 74, col 25 to line 74, col 59 of module pipeline_exec_ooo: 760:1520
@!@!@ENDMSG 2775 @!@!@
@!@!@STARTMSG 2221:0 @!@!@
  line 78, col 15 to line 78, col 69 of module pipeline_exec_ooo: 759
@!@!@ENDMSG 2221 @!@!@
@!@!@STARTMSG 2775:0 @!@!@
  |line 78, col 22 to line 78, col 69 of module pipeline_exec_ooo: 760:1520
@!@!@ENDMSG 2775 @!@!@
@!@!@STARTMSG 2221:0 @!@!@
  line 82, col 15 to line 84, col 59 of module pipeline_exec_ooo: 759
@!@!@ENDMSG 2221 @!@!@
@!@!@STARTMSG 2775:0 @!@!@
  |line 82, col 22 to line 84, col 59 of module pipeline_exec_ooo: 760:1520
@!@!@ENDMSG 2775 @!@!@
@!@!@STARTMSG 2221:0 @!@!@
  line 95, col 18 to line 95, col 54 of module pipeline_exec_ooo: 759
@!@!@ENDMSG 2221 @!@!@
@!@!@STARTMSG 2775:0 @!@!@
  |line 95, col 25 to line 95, col 54 of module pipeline_exec_ooo: 760:1520
@!@!@ENDMSG 2775 @!@!@
@!@!@STARTMSG 2221:0 @!@!@
  line 111, col 16 to line 111, col 69 of module pipeline_exec_ooo: 759
@!@!@ENDMSG 2221 @!@!@
@!@!@STARTMSG 2775:0 @!@!@
  |line 111, col 24 to line 111, col 69 of module pipeline_exec_ooo: 760:1520
@!@!@ENDMSG 2775 @!@!@
@!@!@STARTMSG 2221:0 @!@!@
  line 143, col 20 to line 143, col 61 of module pipeline_exec_ooo: 759
@!@!@ENDMSG 2221 @!@!@
@!@!@STARTMSG 2221:0 @!@!@
  |line 143, col 28 to line 143, col 61 of module pipeline_exec_ooo: 760
@!@!@ENDMSG 2221 @!@!@
@!@!@STARTMSG 2221:0 @!@!@
  ||line 143, col 39 to line 143, col 43 of module pipeline_exec_ooo: 760
@!@!@ENDMSG 2221 @!@!@
@!@!@STARTMSG 2221:0 @!@!@
  |||line 124, col 30 to line 124, col 95 of module pipeline_exec_ooo: 760
@!@!@ENDMSG 2221 @!@!@
@!@!@STARTMSG 2221:0 @!@!@
  ||||line 124, col 33 to line 124, col 42 of module pipeline_exec_ooo: 760
@!@!@ENDMSG 2221 @!@!@
@!@!@STARTMSG 2221:0 @!@!@
  |||||line 124, col 34 to line 124, col 42 of module pipeline_exec_ooo: 760
@!@!@ENDMSG 2221 @!@!@
@!@!@STARTMSG 2221:0 @!@!@
  ||||||line 21, col 14 to line 21, col 67 of module pipeline_exec_ooo: 760
@!@!@ENDMSG 2221 @!@!@
@!@!@STARTMSG 2221:0 @!@!@
  |||||||line 21, col 37 to line 21, col 67 of module pipeline_exec_ooo: 1520
@!@!@ENDMSG 2221 @!@!@
@!@!@STARTMSG 2221:0 @!@!@
  |||||||line 21, col 23 to line 21, col 34 of module pipeline_exec_ooo: 760
@!@!@ENDMSG 2221 @!@!@
@!@!@STARTMSG 2221:0 @!@!@
  ||||line 124, col 49 to line 124, col 80 of module pipeline_exec_ooo: 760
@!@!@ENDMSG 2221 @!@!@
@!@!@STARTMSG 2221:0 @!@!@
  |||||line 13, col 21 to line 15, col 49 of module instructions_ooo: 1520
@!@!@ENDMSG 2221 @!@!@
@!@!@STARTMSG 2221:0 @!@!@
  ||||||line 13, col 24 to line 13, col 28 of module instructions_ooo: 1520
@!@!@ENDMSG 2221 @!@!@
@!@!@STARTMSG 2221:0 @!@!@
  ||||||line 14, col 26 to line 14, col 32 of module instructions_ooo: 760
@!@!@ENDMSG 2221 @!@!@
@!@!@STARTMSG 2221:0 @!@!@
  |||||||line 12, col 36 to line 12, col 72 of module instructions_ooo: 760
@!@!@ENDMSG 2221 @!@!@
@!@!@STARTMSG 2221:0 @!@!@
  ||||||||line 12, col 39 to line 12, col 48 of module instructions_ooo: 760
@!@!@ENDMSG 2221 @!@!@
@!@!@STARTMSG 2221:0 @!@!@
  ||||||||line 12, col 55 to line 12, col 61 of module instructions_ooo: 130
@!@!@ENDMSG 2221 @!@!@
@!@!@STARTMSG 2221:0 @!@!@
  ||||||||line 12, col 68 to line 12, col 72 of module instructions_ooo: 630
@!@!@ENDMSG 2221 @!@!@
@!@!@STARTMSG 2221:0 @!@!@
  |||||||line 14, col 31 to line 14, col 31 of module instructions_ooo: 760
@!@!@ENDMSG 2221 @!@!@
@!@!@STARTMSG 2221:0 @!@!@
  ||||||line 15, col 26 to line 15, col 49 of module instructions_ooo: 760
@!@!@ENDMSG 2221 @!@!@
@!@!@STARTMSG 2221:0 @!@!@
  |||||||line 15, col 37 to line 15, col 43 of module instructions_ooo: 760
@!@!@ENDMSG 2221 @!@!@
@!@!@STARTMSG 2221:0 @!@!@
  ||||||||line 12, col 36 to line 12, col 72 of module instructions_ooo: 760
@!@!@ENDMSG 2221 @!@!@
@!@!@STARTMSG 2221:0 @!@!@
  |||||||||line 12, col 39 to line 12, col 48 of module instructions_ooo: 760
@!@!@ENDMSG 2221 @!@!@
@!@!@STARTMSG 2221:0 @!@!@
  |||||||||line 12, col 55 to line 12, col 61 of module instructions_ooo: 130
@!@!@ENDMSG 2221 @!@!@
@!@!@STARTMSG 2221:0 @!@!@
  |||||||||line 12, col 68 to line 12, col 72 of module instructions_ooo: 630
@!@!@ENDMSG 2221 @!@!@
@!@!@STARTMSG 2221:0 @!@!@
  ||||||||line 15, col 42 to line 15, col 42 of module instructions_ooo: 760
@!@!@ENDMSG 2221 @!@!@
@!@!@STARTMSG 2221:0 @!@!@
  |||||||line 15, col 46 to line 15, col 48 of module instructions_ooo: 760
@!@!@ENDMSG 2221 @!@!@
@!@!@STARTMSG 2221:0 @!@!@
  |||||line 124, col 60 to line 124, col 68 of module pipeline_exec_ooo: 760
@!@!@ENDMSG 2221 @!@!@
@!@!@STARTMSG 2221:0 @!@!@
  |||||line 124, col 71 to line 124, col 79 of module pipeline_exec_ooo: 760
@!@!@ENDMSG 2221 @!@!@
@!@!@STARTMSG 2221:0 @!@!@
  ||line 143, col 55 to line 143, col 59 of module pipeline_exec_ooo: 760
@!@!@ENDMSG 2221 @!@!@
@!@!@STARTMSG 2775:0 @!@!@
  |||line 127, col 30 to line 142, col 30 of module pipeline_exec_ooo: 760:178872
@!@!@ENDMSG 2775 @!@!@
@!@!@STARTMSG 2221:0 @!@!@
  ||||line 127, col 38 to line 127, col 51 of module pipeline_exec_ooo: 760
@!@!@ENDMSG 2221 @!@!@
@!@!@STARTMSG 2221:0 @!@!@
  |||||line 127, col 41 to line 127, col 51 of module pipeline_exec_ooo: 760
@!@!@ENDMSG 2221 @!@!@
@!@!@STARTMSG 2221:0 @!@!@
  ||||||line 127, col 45 to line 127, col 50 of module pipeline_exec_ooo: 760
@!@!@ENDMSG 2221 @!@!@
@!@!@STARTMSG 2221:0 @!@!@
  |||||||line 126, col 31 to line 126, col 83 of module pipeline_exec_ooo: 760
@!@!@ENDMSG 2221 @!@!@
@!@!@STARTMSG 2221:0 @!@!@
  ||||||||line 126, col 34 to line 126, col 43 of module pipeline_exec_ooo: 760
@!@!@ENDMSG 2221 @!@!@
@!@!@STARTMSG 2221:0 @!@!@
  |||||||||line 126, col 35 to line 126, col 43 of module pipeline_exec_ooo: 760
@!@!@ENDMSG 2221 @!@!@
@!@!@STARTMSG 2221:0 @!@!@
  ||||||||||line 21, col 14 to line 21, col 67 of module pipeline_exec_ooo: 760
@!@!@ENDMSG 2221 @!@!@
@!@!@STARTMSG 2221:0 @!@!@
  |||||||||||line 21, col 37 to line 21, col 67 of module pipeline_exec_ooo: 1520
@!@!@ENDMSG 2221 @!@!@
@!@!@STARTMSG 2221:0 @!@!@
  |||||||||||line 21, col 23 to line 21, col 34 of module pipeline_exec_ooo: 760
@!@!@ENDMSG 2221 @!@!@
@!@!@STARTMSG 2221:0 @!@!@
  ||||||||line 126, col 50 to line 126, col 68 of module pipeline_exec_ooo: 760
@!@!@ENDMSG 2221 @!@!@
@!@!@STARTMSG 2221:0 @!@!@
  |||||||||line 114, col 16 to line 117, col 99 of module pipeline_exec_ooo: 2280
@!@!@ENDMSG 2221 @!@!@
@!@!@STARTMSG 2221:0 @!@!@
  ||||||||||line 114, col 19 to line 114, col 23 of module pipeline_exec_ooo: 2280
@!@!@ENDMSG 2221 @!@!@
@!@!@STARTMSG 2221:0 @!@!@
  ||||||||||line 115, col 21 to line 115, col 29 of module pipeline_exec_ooo: 760
@!@!@ENDMSG 2221 @!@!@
@!@!@STARTMSG 2221:0 @!@!@
  ||||||||||line 116, col 21 to line 117, col 99 of module pipeline_exec_ooo: 1520
@!@!@ENDMSG 2221 @!@!@
@!@!@STARTMSG 2221:0 @!@!@
  |||||||||||line 17, col 22 to line 17, col 64 of module instructions_ooo: 1520
@!@!@ENDMSG 2221 @!@!@
@!@!@STARTMSG 2221:0 @!@!@
  ||||||||||||line 17, col 25 to line 17, col 38 of module instructions_ooo: 1520
@!@!@ENDMSG 2221 @!@!@
@!@!@STARTMSG 2221:0 @!@!@
  ||||||||||||line 17, col 45 to line 17, col 57 of module instructions_ooo: 260
@!@!@ENDMSG 2221 @!@!@
@!@!@STARTMSG 2221:0 @!@!@
  ||||||||||||line 17, col 64 to line 17, col 64 of module instructions_ooo: 1260
@!@!@ENDMSG 2221 @!@!@
@!@!@STARTMSG 2221:0 @!@!@
  |||||||||||line 116, col 32 to line 116, col 44 of module pipeline_exec_ooo: 1520
@!@!@ENDMSG 2221 @!@!@
@!@!@STARTMSG 2221:0 @!@!@
  |||||||||||line 116, col 47 to line 117, col 98 of module pipeline_exec_ooo: 1520
@!@!@ENDMSG 2221 @!@!@
@!@!@STARTMSG 2221:0 @!@!@
  ||||||||||||line 116, col 56 to line 116, col 79 of module pipeline_exec_ooo: 1520
@!@!@ENDMSG 2221 @!@!@
@!@!@STARTMSG 2221:0 @!@!@
  |||||||||||||line 9, col 21 to line 9, col 56 of module instructions_ooo: 1520
@!@!@ENDMSG 2221 @!@!@
@!@!@STARTMSG 2221:0 @!@!@
  ||||||||||||||line 9, col 24 to line 9, col 35 of module instructions_ooo: 1520
@!@!@ENDMSG 2221 @!@!@
@!@!@STARTMSG 2221:0 @!@!@
  ||||||||||||||line 9, col 42 to line 9, col 45 of module instructions_ooo: 260
@!@!@ENDMSG 2221 @!@!@
@!@!@STARTMSG 2221:0 @!@!@
  ||||||||||||||line 9, col 52 to line 9, col 56 of module instructions_ooo: 1260
@!@!@ENDMSG 2221 @!@!@
@!@!@STARTMSG 2221:0 @!@!@
  |||||||||||||line 116, col 67 to line 116, col 75 of module pipeline_exec_ooo: 1520
@!@!@ENDMSG 2221 @!@!@
@!@!@STARTMSG 2221:0 @!@!@
  |||||||||||||line 116, col 78 to line 116, col 78 of module pipeline_exec_ooo: 1520
@!@!@ENDMSG 2221 @!@!@
@!@!@STARTMSG 2221:0 @!@!@
  ||||||||||||line 116, col 82 to line 116, col 99 of module pipeline_exec_ooo: 1520
@!@!@ENDMSG 2221 @!@!@
@!@!@STARTMSG 2221:0 @!@!@
  ||||||||||||line 117, col 49 to line 117, col 62 of module pipeline_exec_ooo: 1520
@!@!@ENDMSG 2221 @!@!@
@!@!@STARTMSG 2221:0 @!@!@
  |||||||||line 126, col 59 to line 126, col 67 of module pipeline_exec_ooo: 760
@!@!@ENDMSG 2221 @!@!@
@!@!@STARTMSG 2221:0 @!@!@
  line 146, col 18 to line 157, col 27 of module pipeline_exec_ooo: 759
@!@!@ENDMSG 2221 @!@!@
@!@!@STARTMSG 2221:0 @!@!@
  |line 146, col 27 to line 157, col 27 of module pipeline_exec_ooo: 760
@!@!@ENDMSG 2221 @!@!@
@!@!@STARTMSG 2221:0 @!@!@
  ||line 146, col 29 to line 146, col 33 of module pipeline_exec_ooo: 760
@!@!@ENDMSG 2221 @!@!@
@!@!@STARTMSG 2221:0 @!@!@
  ||line 147, col 29 to line 152, col 176 of module pipeline_exec_ooo: 760
@!@!@ENDMSG 2221 @!@!@
@!@!@STARTMSG 2221:0 @!@!@
  ||line 153, col 39 to line 156, col 206 of module pipeline_exec_ooo: 760
@!@!@ENDMSG 2221 @!@!@
@!@!@STARTMSG 2775:0 @!@!@
  |||line 153, col 39 to line 153, col 152 of module pipeline_exec_ooo: 760:8807
@!@!@ENDMSG 2775 @!@!@
@!@!@STARTMSG 2221:0 @!@!@
  ||||line 153, col 49 to line 153, col 151 of module pipeline_exec_ooo: 760
@!@!@ENDMSG 2221 @!@!@
@!@!@STARTMSG 2775:0 @!@!@
  |||||line 153, col 56 to line 153, col 150 of module pipeline_exec_ooo: 760:2197
@!@!@ENDMSG 2775 @!@!@
@!@!@STARTMSG 2775:0 @!@!@
  ||||||line 153, col 58 to line 153, col 132 of module pipeline_exec_ooo: 1520:1896
@!@!@ENDMSG 2775 @!@!@
@!@!@STARTMSG 2221:0 @!@!@
  |||||||line 153, col 60 to line 153, col 72 of module pipeline_exec_ooo: 1520
@!@!@ENDMSG 2221 @!@!@
@!@!@STARTMSG 2221:0 @!@!@
  |||||||line 153, col 75 to line 153, col 101 of module pipeline_exec_ooo: 1520
@!@!@ENDMSG 2221 @!@!@
@!@!@STARTMSG 2775:0 @!@!@
  |||||||line 153, col 111 to line 153, col 131 of module pipeline_exec_ooo: 1520:1787
@!@!@ENDMSG 2775 @!@!@
@!@!@STARTMSG 2221:0 @!@!@
  ||||||||line 153, col 112 to line 153, col 115 of module pipeline_exec_ooo: 460
@!@!@ENDMSG 2221 @!@!@
@!@!@STARTMSG 2221:0 @!@!@
  ||||||||line 153, col 125 to line 153, col 130 of module pipeline_exec_ooo: 1520
@!@!@ENDMSG 2221 @!@!@
@!@!@STARTMSG 2221:0 @!@!@
  ||||||line 153, col 142 to line 153, col 148 of module pipeline_exec_ooo: 760
@!@!@ENDMSG 2221 @!@!@
@!@!@STARTMSG 2775:0 @!@!@
  |||line 156, col 48 to line 156, col 206 of module pipeline_exec_ooo: 760:368
@!@!@ENDMSG 2775 @!@!@
@!@!@STARTMSG 2221:0 @!@!@
  ||||line 156, col 50 to line 156, col 114 of module pipeline_exec_ooo: 16
@!@!@ENDMSG 2221 @!@!@
@!@!@STARTMSG 2221:0 @!@!@
  ||||line 156, col 124 to line 156, col 204 of module pipeline_exec_ooo: 760
@!@!@ENDMSG 2221 @!@!@
@!@!@STARTMSG 2221:0 @!@!@
  |||||line 156, col 124 to line 156, col 164 of module pipeline_exec_ooo: 760
@!@!@ENDMSG 2221 @!@!@
@!@!@STARTMSG 2775:0 @!@!@
  ||||||line 156, col 130 to line 156, col 163 of module pipeline_exec_ooo: 760:776
@!@!@ENDMSG 2775 @!@!@
@!@!@STARTMSG 2221:0 @!@!@
  |||||||line 156, col 131 to line 156, col 139 of module pipeline_exec_ooo: 2280
@!@!@ENDMSG 2221 @!@!@
@!@!@STARTMSG 2221:0 @!@!@
  ||||||||line 99, col 15 to line 105, col 72 of module pipeline_exec_ooo: 5320
@!@!@ENDMSG 2221 @!@!@
@!@!@STARTMSG 2221:0 @!@!@
  |||||||||line 99, col 18 to line 99, col 22 of module pipeline_exec_ooo: 5320
@!@!@ENDMSG 2221 @!@!@
@!@!@STARTMSG 2221:0 @!@!@
  |||||||||line 102, col 17 to line 102, col 30 of module pipeline_exec_ooo: 3040
@!@!@ENDMSG 2221 @!@!@
@!@!@STARTMSG 2221:0 @!@!@
  ||||||||||line 55, col 43 to line 57, col 42 of module pipeline_exec_ooo: 3040
@!@!@ENDMSG 2221 @!@!@
@!@!@STARTMSG 2221:0 @!@!@
  |||||||||||line 56, col 45 to line 56, col 74 of module pipeline_exec_ooo: 10600
@!@!@ENDMSG 2221 @!@!@
@!@!@STARTMSG 2221:0 @!@!@
  ||||||||||||line 56, col 62 to line 56, col 74 of module pipeline_exec_ooo: 12240
@!@!@ENDMSG 2221 @!@!@
@!@!@STARTMSG 2221:0 @!@!@
  ||||||||||||line 56, col 54 to line 56, col 59 of module pipeline_exec_ooo: 10600
@!@!@ENDMSG 2221 @!@!@
@!@!@STARTMSG 2221:0 @!@!@
  |||||||||||line 55, col 51 to line 55, col 67 of module pipeline_exec_ooo: 3040
@!@!@ENDMSG 2221 @!@!@
@!@!@STARTMSG 2221:0 @!@!@
  ||||||||||line 58, col 23 to line 58, col 62 of module pipeline_exec_ooo: 3040
@!@!@ENDMSG 2221 @!@!@
@!@!@STARTMSG 2221:0 @!@!@
  |||||||||||line 58, col 24 to line 58, col 51 of module pipeline_exec_ooo: 3040
@!@!@ENDMSG 2221 @!@!@
@!@!@STARTMSG 2221:0 @!@!@
  ||||||||||||line 58, col 24 to line 58, col 27 of module pipeline_exec_ooo: 3040
@!@!@ENDMSG 2221 @!@!@
@!@!@STARTMSG 2221:0 @!@!@
  |||||||||||||line 25, col 9 to line 26, col 102 of module pipeline_exec_ooo: 3040
@!@!@ENDMSG 2221 @!@!@
@!@!@STARTMSG 2221:0 @!@!@
  ||||||||||||||line 25, col 36 to line 26, col 100 of module pipeline_exec_ooo: 10600
@!@!@ENDMSG 2221 @!@!@
@!@!@STARTMSG 2221:0 @!@!@
  |||||||||||||||line 25, col 39 to line 25, col 59 of module pipeline_exec_ooo: 10600
@!@!@ENDMSG 2221 @!@!@
@!@!@STARTMSG 2221:0 @!@!@
  |||||||||||||||line 26, col 39 to line 26, col 100 of module pipeline_exec_ooo: 6388
@!@!@ENDMSG 2221 @!@!@
@!@!@STARTMSG 2221:0 @!@!@
  ||||||||||||||||line 26, col 57 to line 26, col 100 of module pipeline_exec_ooo: 12124
@!@!@ENDMSG 2221 @!@!@
@!@!@STARTMSG 2221:0 @!@!@
  |||||||||||||||||line 26, col 57 to line 26, col 83 of module pipeline_exec_ooo: 12124
@!@!@ENDMSG 2221 @!@!@
@!@!@STARTMSG 2221:0 @!@!@
  |||||||||||||||||line 26, col 88 to line 26, col 100 of module pipeline_exec_ooo: 2468
@!@!@ENDMSG 2221 @!@!@
@!@!@STARTMSG 2221:0 @!@!@
  ||||||||||||||||line 26, col 48 to line 26, col 54 of module pipeline_exec_ooo: 6388
@!@!@ENDMSG 2221 @!@!@
@!@!@STARTMSG 2221:0 @!@!@
  ||||||||||||||line 25, col 17 to line 25, col 33 of module pipeline_exec_ooo: 3040
@!@!@ENDMSG 2221 @!@!@
@!@!@STARTMSG 2221:0 @!@!@
  ||||||||||||line 58, col 40 to line 58, col 51 of module pipeline_exec_ooo: 3040
@!@!@ENDMSG 2221 @!@!@
@!@!@STARTMSG 2221:0 @!@!@
  |||||||||||line 58, col 56 to line 58, col 62 of module pipeline_exec_ooo: 3040
@!@!@ENDMSG 2221 @!@!@
@!@!@STARTMSG 2221:0 @!@!@
  ||||||||||line 102, col 26 to line 102, col 29 of module pipeline_exec_ooo: 3040
@!@!@ENDMSG 2221 @!@!@
@!@!@STARTMSG 2221:0 @!@!@
  |||||||||||line 28, col 9 to line 29, col 91 of module pipeline_exec_ooo: 3040
@!@!@ENDMSG 2221 @!@!@
@!@!@STARTMSG 2221:0 @!@!@
  ||||||||||||line 28, col 36 to line 29, col 89 of module pipeline_exec_ooo: 10600
@!@!@ENDMSG 2221 @!@!@
@!@!@STARTMSG 2221:0 @!@!@
  |||||||||||||line 28, col 39 to line 28, col 55 of module pipeline_exec_ooo: 10600
@!@!@ENDMSG 2221 @!@!@
@!@!@STARTMSG 2221:0 @!@!@
  |||||||||||||line 29, col 39 to line 29, col 89 of module pipeline_exec_ooo: 7748
@!@!@ENDMSG 2221 @!@!@
@!@!@STARTMSG 2221:0 @!@!@
  ||||||||||||||line 29, col 62 to line 29, col 89 of module pipeline_exec_ooo: 14716
@!@!@ENDMSG 2221 @!@!@
@!@!@STARTMSG 2221:0 @!@!@
  ||||||||||||||line 29, col 48 to line 29, col 59 of module pipeline_exec_ooo: 7748
@!@!@ENDMSG 2221 @!@!@
@!@!@STARTMSG 2221:0 @!@!@
  ||||||||||||line 28, col 17 to line 28, col 33 of module pipeline_exec_ooo: 3040
@!@!@ENDMSG 2221 @!@!@
@!@!@STARTMSG 2221:0 @!@!@
  |||||||||line 105, col 17 to line 105, col 72 of module pipeline_exec_ooo: 2280
@!@!@ENDMSG 2221 @!@!@
@!@!@STARTMSG 2221:0 @!@!@
  ||||||||||line 55, col 43 to line 57, col 42 of module pipeline_exec_ooo: 2280
@!@!@ENDMSG 2221 @!@!@
@!@!@STARTMSG 2221:0 @!@!@
  |||||||||||line 56, col 45 to line 56, col 74 of module pipeline_exec_ooo: 7950
@!@!@ENDMSG 2221 @!@!@
@!@!@STARTMSG 2221:0 @!@!@
  ||||||||||||line 56, col 62 to line 56, col 74 of module pipeline_exec_ooo: 9765
@!@!@ENDMSG 2221 @!@!@
@!@!@STARTMSG 2221:0 @!@!@
  ||||||||||||line 56, col 54 to line 56, col 59 of module pipeline_exec_ooo: 7950
@!@!@ENDMSG 2221 @!@!@
@!@!@STARTMSG 2221:0 @!@!@
  |||||||||||line 55, col 51 to line 55, col 67 of module pipeline_exec_ooo: 2280
@!@!@ENDMSG 2221 @!@!@
@!@!@STARTMSG 2221:0 @!@!@
  ||||||||||line 58, col 23 to line 58, col 62 of module pipeline_exec_ooo: 2280
@!@!@ENDMSG 2221 @!@!@
@!@!@STARTMSG 2221:0 @!@!@
  |||||||||||line 58, col 24 to line 58, col 51 of module pipeline_exec_ooo: 2280
@!@!@ENDMSG 2221 @!@!@
@!@!@STARTMSG 2221:0 @!@!@
  ||||||||||||line 58, col 24 to line 58, col 27 of module pipeline_exec_ooo: 2280
@!@!@ENDMSG 2221 @!@!@
@!@!@STARTMSG 2221:0 @!@!@
  |||||||||||||line 25, col 9 to line 26, col 102 of module pipeline_exec_ooo: 2280
@!@!@ENDMSG 2221 @!@!@
@!@!@STARTMSG 2221:0 @!@!@
  ||||||||||||||line 25, col 36 to line 26, col 100 of module pipeline_exec_ooo: 7950
@!@!@ENDMSG 2221 @!@!@
@!@!@STARTMSG 2221:0 @!@!@
  |||||||||||||||line 25, col 39 to line 25, col 59 of module pipeline_exec_ooo: 7950
@!@!@ENDMSG 2221 @!@!@
@!@!@STARTMSG 2221:0 @!@!@
  |||||||||||||||line 26, col 39 to line 26, col 100 of module pipeline_exec_ooo: 4791
@!@!@ENDMSG 2221 @!@!@
@!@!@STARTMSG 2221:0 @!@!@
  ||||||||||||||||line 26, col 57 to line 26, col 100 of module pipeline_exec_ooo: 9093
@!@!@ENDMSG 2221 @!@!@
@!@!@STARTMSG 2221:0 @!@!@
  |||||||||||||||||line 26, col 57 to line 26, col 83 of module pipeline_exec_ooo: 9093
@!@!@ENDMSG 2221 @!@!@
@!@!@STARTMSG 2221:0 @!@!@
  |||||||||||||||||line 26, col 88 to line 26, col 100 of module pipeline_exec_ooo: 1851
@!@!@ENDMSG 2221 @!@!@
@!@!@STARTMSG 2221:0 @!@!@
  ||||||||||||||||line 26, col 48 to line 26, col 54 of module pipeline_exec_ooo: 4791
@!@!@ENDMSG 2221 @!@!@
@!@!@STARTMSG 2221:0 @!@!@
  ||||||||||||||line 25, col 17 to line 25, col 33 of module pipeline_exec_ooo: 2280
@!@!@ENDMSG 2221 @!@!@
@!@!@STARTMSG 2221:0 @!@!@
  ||||||||||||line 58, col 40 to line 58, col 51 of module pipeline_exec_ooo: 2280
@!@!@ENDMSG 2221 @!@!@
@!@!@STARTMSG 2221:0 @!@!@
  |||||||||||line 58, col 56 to line 58, col 62 of module pipeline_exec_ooo: 2280
@!@!@ENDMSG 2221 @!@!@
@!@!@STARTMSG 2221:0 @!@!@
  ||||||||||line 105, col 26 to line 105, col 71 of module pipeline_exec_ooo: 2280
@!@!@ENDMSG 2221 @!@!@
@!@!@STARTMSG 2221:0 @!@!@
  |||||||||||line 105, col 26 to line 105, col 29 of module pipeline_exec_ooo: 2280
@!@!@ENDMSG 2221 @!@!@
@!@!@STARTMSG 2221:0 @!@!@
  ||||||||||||line 28, col 9 to line 29, col 91 of module pipeline_exec_ooo: 2280
@!@!@ENDMSG 2221 @!@!@
@!@!@STARTMSG 2221:0 @!@!@
  |||||||||||||line 28, col 36 to line 29, col 89 of module pipeline_exec_ooo: 7950
@!@!@ENDMSG 2221 @!@!@
@!@!@STARTMSG 2221:0 @!@!@
  ||||||||||||||line 28, col 39 to line 28, col 55 of module pipeline_exec_ooo: 7950
@!@!@ENDMSG 2221 @!@!@
@!@!@STARTMSG 2221:0 @!@!@
  ||||||||||||||line 29, col 39 to line 29, col 89 of module pipeline_exec_ooo: 5811
@!@!@ENDMSG 2221 @!@!@
@!@!@STARTMSG 2221:0 @!@!@
  |||||||||||||||line 29, col 62 to line 29, col 89 of module pipeline_exec_ooo: 11037
@!@!@ENDMSG 2221 @!@!@
@!@!@STARTMSG 2221:0 @!@!@
  |||||||||||||||line 29, col 48 to line 29, col 59 of module pipeline_exec_ooo: 5811
@!@!@ENDMSG 2221 @!@!@
@!@!@STARTMSG 2221:0 @!@!@
  |||||||||||||line 28, col 17 to line 28, col 33 of module pipeline_exec_ooo: 2280
@!@!@ENDMSG 2221 @!@!@
@!@!@STARTMSG 2221:0 @!@!@
  |||||||||||line 105, col 38 to line 105, col 71 of module pipeline_exec_ooo: 2280
@!@!@ENDMSG 2221 @!@!@
@!@!@STARTMSG 2775:0 @!@!@
  ||||||||||||line 105, col 44 to line 105, col 70 of module pipeline_exec_ooo: 2280:1795
@!@!@ENDMSG 2775 @!@!@
@!@!@STARTMSG 2221:0 @!@!@
  |||||||||||||line 105, col 46 to line 105, col 54 of module pipeline_exec_ooo: 3040
@!@!@ENDMSG 2221 @!@!@
@!@!@STARTMSG 2221:0 @!@!@
  |||||||||||||line 105, col 63 to line 105, col 68 of module pipeline_exec_ooo: 2280
@!@!@ENDMSG 2221 @!@!@
@!@!@STARTMSG 2221:0 @!@!@
  ||||||||line 156, col 138 to line 156, col 138 of module pipeline_exec_ooo: 2280
@!@!@ENDMSG 2221 @!@!@
@!@!@STARTMSG 2221:0 @!@!@
  |||||||line 156, col 149 to line 156, col 162 of module pipeline_exec_ooo: 760
@!@!@ENDMSG 2221 @!@!@
@!@!@STARTMSG 2221:0 @!@!@
  |||||line 156, col 168 to line 156, col 204 of module pipeline_exec_ooo: 760
@!@!@ENDMSG 2221 @!@!@
@!@!@STARTMSG 2221:0 @!@!@
  ||||||line 156, col 169 to line 156, col 182 of module pipeline_exec_ooo: 1520
@!@!@ENDMSG 2221 @!@!@
@!@!@STARTMSG 2221:0 @!@!@
  ||||||line 156, col 192 to line 156, col 203 of module pipeline_exec_ooo: 760
@!@!@ENDMSG 2221 @!@!@
@!@!@STARTMSG 2221:0 @!@!@
  line 161, col 20 to line 162, col 50 of module pipeline_exec_ooo: 760
@!@!@ENDMSG 2221 @!@!@
@!@!@STARTMSG 2221:0 @!@!@
  |line 162, col 26 to line 162, col 39 of module pipeline_exec_ooo: 4678
@!@!@ENDMSG 2221 @!@!@
@!@!@STARTMSG 2221:0 @!@!@
  |line 162, col 44 to line 162, col 50 of module pipeline_exec_ooo: 2339
@!@!@ENDMSG 2221 @!@!@
@!@!@STARTMSG 2221:0 @!@!@
  |line 161, col 29 to line 161, col 49 of module pipeline_exec_ooo: 760
@!@!@ENDMSG 2221 @!@!@
@!@!@STARTMSG 2221:0 @!@!@
  line 163, col 22 to line 163, col 47 of module pipeline_exec_ooo: 714
@!@!@ENDMSG 2221 @!@!@
@!@!@STARTMSG 2221:0 @!@!@
  line 164, col 22 to line 164, col 46 of module pipeline_exec_ooo: 45
@!@!@ENDMSG 2221 @!@!@
@!@!@STARTMSG 2221:0 @!@!@
  line 166, col 37 to line 166, col 68 of module pipeline_exec_ooo: 759
@!@!@ENDMSG 2221 @!@!@
@!@!@STARTMSG 2221:0 @!@!@
  line 56, col 24 to line 56, col 29 of module pipeline_ooo: 260
@!@!@ENDMSG 2221 @!@!@
@!@!@STARTMSG 2221:0 @!@!@
  line 57, col 21 to line 57, col 23 of module pipeline_ooo: 7666
@!@!@ENDMSG 2221 @!@!@
@!@!@STARTMSG 2221:0 @!@!@
  line 49, col 28 to line 49, col 37 of module pipeline_ooo: 2505
@!@!@ENDMSG 2221 @!@!@
@!@!@STARTMSG 2221:0 @!@!@
  line 48, col 1 to line 59, col 29 of module pipeline_ooo: 67328
@!@!@ENDMSG 2221 @!@!@
@!@!@STARTMSG 2221:0 @!@!@
  line 51, col 22 to line 51, col 25 of module pipeline_ooo: 47702
@!@!@ENDMSG 2221 @!@!@
@!@!@STARTMSG 2221:0 @!@!@
  line 52, col 22 to line 52, col 25 of module pipeline_ooo: 42147
@!@!@ENDMSG 2221 @!@!@
@!@!@STARTMSG 2221:0 @!@!@
  line 48, col 1 to line 59, col 29 of module pipeline_ooo: 44581
@!@!@ENDMSG 2221 @!@!@
@!@!@STARTMSG 2221:0 @!@!@
  line 54, col 22 to line 54, col 25 of module pipeline_ooo: 131837
@!@!@ENDMSG 2221 @!@!@
@!@!@STARTMSG 2221:0 @!@!@
  line 53, col 22 to line 53, col 25 of module pipeline_ooo: 19581
@!@!@ENDMSG 2221 @!@!@
@!@!@STARTMSG 2221:0 @!@!@
  line 58, col 24 to line 58, col 29 of module pipeline_ooo: 260
@!@!@ENDMSG 2221 @!@!@
@!@!@STARTMSG 2221:0 @!@!@
  line 55, col 23 to line 55, col 27 of module pipeline_ooo: 76789
@!@!@ENDMSG 2221 @!@!@
@!@!@STARTMSG 2221:0 @!@!@
  line 59, col 24 to line 59, col 29 of module pipeline_ooo: 15436
@!@!@ENDMSG 2221 @!@!@
@!@!@STARTMSG 2221:0 @!@!@
  line 50, col 23 to line 50, col 27 of module pipeline_ooo: 296921
@!@!@ENDMSG 2221 @!@!@
@!@!@STARTMSG 2221:0 @!@!@
  line 74, col 18 to line 74, col 59 of module pipeline_exec_ooo: 759
@!@!@ENDMSG 2221 @!@!@
@!@!@STARTMSG 2775:0 @!@!@
  |line 74, col 25 to line 74, col 59 of module pipeline_exec_ooo: 760:1520
@!@!@ENDMSG 2775 @!@!@
@!@!@STARTMSG 2221:0 @!@!@
  line 78, col 15 to line 78, col 69 of module pipeline_exec_ooo: 759
@!@!@ENDMSG 2221 @!@!@
@!@!@STARTMSG 2775:0 @!@!@
  |line 78, col 22 to line 78, col 69 of module pipeline_exec_ooo: 760:1520
@!@!@ENDMSG 2775 @!@!@
@!@!@STARTMSG 2221:0 @!@!@
  line 82, col 15 to line 84, col 59 of module pipeline_exec_ooo: 759
@!@!@ENDMSG 2221 @!@!@
@!@!@STARTMSG 2775:0 @!@!@
  |line 82, col 22 to line 84, col 59 of module pipeline_exec_ooo: 760:1520
@!@!@ENDMSG 2775 @!@!@
@!@!@STARTMSG 2221:0 @!@!@
  line 95, col 18 to line 95, col 54 of module pipeline_exec_ooo: 759
@!@!@ENDMSG 2221 @!@!@
@!@!@STARTMSG 2775:0 @!@!@
  |line 95, col 25 to line 95, col 54 of module pipeline_exec_ooo: 760:1520
@!@!@ENDMSG 2775 @!@!@
@!@!@STARTMSG 2221:0 @!@!@
  line 111, col 16 to line 111, col 69 of module pipeline_exec_ooo: 759
@!@!@ENDMSG 2221 @!@!@
@!@!@STARTMSG 2775:0 @!@!@
  |line 111, col 24 to line 111, col 69 of module pipeline_exec_ooo: 760:1520
@!@!@ENDMSG 2775 @!@!@
@!@!@STARTMSG 2221:0 @!@!@
  line 143, col 20 to line 143, col 61 of module pipeline_exec_ooo: 759
@!@!@ENDMSG 2221 @!@!@
@!@!@STARTMSG 2221:0 @!@!@
  |line 143, col 28 to line 143, col 61 of module pipeline_exec_ooo: 760
@!@!@ENDMSG 2221 @!@!@
@!@!@STARTMSG 2221:0 @!@!@
  ||line 143, col 39 to line 143, col 43 of module pipeline_exec_ooo: 760
@!@!@ENDMSG 2221 @!@!@
@!@!@STARTMSG 2221:0 @!@!@
  |||line 124, col 30 to line 124, col 95 of module pipeline_exec_ooo: 760
@!@!@ENDMSG 2221 @!@!@
@!@!@STARTMSG 2221:0 @!@!@
  ||||line 124, col 33 to line 124, col 42 of module pipeline_exec_ooo: 760
@!@!@ENDMSG 2221 @!@!@
@!@!@STARTMSG 2221:0 @!@!@
  |||||line 124, col 34 to line 124, col 42 of module pipeline_exec_ooo: 760
@!@!@ENDMSG 2221 @!@!@
@!@!@STARTMSG 2221:0 @!@!@
  ||||||line 21, col 14 to line 21, col 67 of module pipeline_exec_ooo: 760
@!@!@ENDMSG 2221 @!@!@
@!@!@STARTMSG 2221:0 @!@!@
  |||||||line 21, col 37 to line 21, col 67 of module pipeline_exec_ooo: 1520
@!@!@ENDMSG 2221 @!@!@
@!@!@STARTMSG 2221:0 @!@!@
  |||||||line 21, col 23 to line 21, col 34 of module pipeline_exec_ooo: 760
@!@!@ENDMSG 2221 @!@!@
@!@!@STARTMSG 2221:0 @!@!@
  ||||line 124, col 49 to line 124, col 80 of module pipeline_exec_ooo: 760
@!@!@ENDMSG 2221 @!@!@
@!@!@STARTMSG 2221:0 @!@!@
  |||||line 13, col 21 to line 15, col 49 of module instructions_ooo: 1520
@!@!@ENDMSG 2221 @!@!@
@!@!@STARTMSG 2221:0 @!@!@
  ||||||line 13, col 24 to line 13, col 28 of module instructions_ooo: 1520
@!@!@ENDMSG 2221 @!@!@
@!@!@STARTMSG 2221:0 @!@!@
  ||||||line 14, col 26 to line 14, col 32 of module instructions_ooo: 760
@!@!@ENDMSG 2221 @!@!@
@!@!@STARTMSG 2221:0 @!@!@
  |||||||line 12, col 36 to line 12, col 72 of module instructions_ooo: 760
@!@!@ENDMSG 2221 @!@!@
@!@!@STARTMSG 2221:0 @!@!@
  ||||||||line 12, col 39 to line 12, col 48 of module instructions_ooo: 760
@!@!@ENDMSG 2221 @!@!@
@!@!@STARTMSG 2221:0 @!@!@
  ||||||||line 12, col 55 to line 12, col 61 of module instructions_ooo: 130
@!@!@ENDMSG 2221 @!@!@
@!@!@STARTMSG 2221:0 @!@!@
  ||||||||line 12, col 68 to line 12, col 72 of module instructions_ooo: 630
@!@!@ENDMSG 2221 @!@!@
@!@!@STARTMSG 2221:0 @!@!@
  |||||||line 14, col 31 to line 14, col 31 of module instructions_ooo: 760
@!@!@ENDMSG 2221 @!@!@
@!@!@STARTMSG 2221:0 @!@!@
  ||||||line 15, col 26 to line 15, col 49 of module instructions_ooo: 760
@!@!@ENDMSG 2221 @!@!@
@!@!@STARTMSG 2221:0 @!@!@
  |||||||line 15, col 37 to line 15, col 43 of module instructions_ooo: 760
@!@!@ENDMSG 2221 @!@!@
@!@!@STARTMSG 2221:0 @!@!@
  ||||||||line 12, col 36 to line 12, col 72 of module instructions_ooo: 760
@!@!@ENDMSG 2221 @!@!@
@!@!@STARTMSG 2221:0 @!@!@
  |||||||||line 12, col 39 to line 12, col 48 of module instructions_ooo: 760
@!@!@ENDMSG 2221 @!@!@
@!@!@STARTMSG 2221:0 @!@!@
  |||||||||line 12, col 55 to line 12, col 61 of module instructions_ooo: 130
@!@!@ENDMSG 2221 @!@!@
@!@!@STARTMSG 2221:0 @!@!@
  |||||||||line 12, col 68 to line 12, col 72 of module instructions_ooo: 630
@!@!@ENDMSG 2221 @!@!@
@!@!@STARTMSG 2221:0 @!@!@
  ||||||||line 15, col 42 to line 15, col 42 of module instructions_ooo: 760
@!@!@ENDMSG 2221 @!@!@
@!@!@STARTMSG 2221:0 @!@!@
  |||||||line 15, col 46 to line 15, col 48 of module instructions_ooo: 760
@!@!@ENDMSG 2221 @!@!@
@!@!@STARTMSG 2221:0 @!@!@
  |||||line 124, col 60 to line 124, col 68 of module pipeline_exec_ooo: 760
@!@!@ENDMSG 2221 @!@!@
@!@!@STARTMSG 2221:0 @!@!@
  |||||line 124, col 71 to line 124, col 79 of module pipeline_exec_ooo: 760
@!@!@ENDMSG 2221 @!@!@
@!@!@STARTMSG 2221:0 @!@!@
  ||line 143, col 55 to line 143, col 59 of module pipeline_exec_ooo: 760
@!@!@ENDMSG 2221 @!@!@
@!@!@STARTMSG 2775:0 @!@!@
  |||line 127, col 30 to line 142, col 30 of module pipeline_exec_ooo: 760:176352
@!@!@ENDMSG 2775 @!@!@
@!@!@STARTMSG 2221:0 @!@!@
  ||||line 127, col 38 to line 127, col 51 of module pipeline_exec_ooo: 760
@!@!@ENDMSG 2221 @!@!@
@!@!@STARTMSG 2221:0 @!@!@
  |||||line 127, col 41 to line 127, col 51 of module pipeline_exec_ooo: 760
@!@!@ENDMSG 2221 @!@!@
@!@!@STARTMSG 2221:0 @!@!@
  ||||||line 127, col 45 to line 127, col 50 of module pipeline_exec_ooo: 760
@!@!@ENDMSG 2221 @!@!@
@!@!@STARTMSG 2221:0 @!@!@
  |||||||line 126, col 31 to line 126, col 83 of module pipeline_exec_ooo: 760
@!@!@ENDMSG 2221 @!@!@
@!@!@STARTMSG 2221:0 @!@!@
  ||||||||line 126, col 34 to line 126, col 43 of module pipeline_exec_ooo: 760
@!@!@ENDMSG 2221 @!@!@
@!@!@STARTMSG 2221:0 @!@!@
  |||||||||line 126, col 35 to line 126, col 43 of module pipeline_exec_ooo: 760
@!@!@ENDMSG 2221 @!@!@
@!@!@STARTMSG 2221:0 @!@!@
  ||||||||||line 21, col 14 to line 21, col 67 of module pipeline_exec_ooo: 760
@!@!@ENDMSG 2221 @!@!@
@!@!@STARTMSG 2221:0 @!@!@
  |||||||||||line 21, col 37 to line 21, col 67 of module pipeline_exec_ooo: 1520
@!@!@ENDMSG 2221 @!@!@
@!@!@STARTMSG 2221:0 @!@!@
  |||||||||||line 21, col 23 to line 21, col 34 of module pipeline_exec_ooo: 760
@!@!@ENDMSG 2221 @!@!@
@!@!@STARTMSG 2221:0 @!@!@
  ||||||||line 126, col 50 to line 126, col 68 of module pipeline_exec_ooo: 760
@!@!@ENDMSG 2221 @!@!@
@!@!@STARTMSG 2221:0 @!@!@
  |||||||||line 114, col 16 to line 117, col 99 of module pipeline_exec_ooo: 2280
@!@!@ENDMSG 2221 @!@!@
@!@!@STARTMSG 2221:0 @!@!@
  ||||||||||line 114, col 19 to line 114, col 23 of module pipeline_exec_ooo: 2280
@!@!@ENDMSG 2221 @!@!@
@!@!@STARTMSG 2221:0 @!@!@
  ||||||||||line 115, col 21 to line 115, col 29 of module pipeline_exec_ooo: 760
@!@!@ENDMSG 2221 @!@!@
@!@!@STARTMSG 2221:0 @!@!@
  ||||||||||line 116, col 21 to line 117, col 99 of module pipeline_exec_ooo: 1520
@!@!@ENDMSG 2221 @!@!@
@!@!@STARTMSG 2221:0 @!@!@
  |||||||||||line 17, col 22 to line 17, col 64 of module instructions_ooo: 1520
@!@!@ENDMSG 2221 @!@!@
@!@!@STARTMSG 2221:0 @!@!@
  ||||||||||||line 17, col 25 to line 17, col 38 of module instructions_ooo: 1520
@!@!@ENDMSG 2221 @!@!@
@!@!@STARTMSG 2221:0 @!@!@
  ||||||||||||line 17, col 45 to line 17, col 57 of module instructions_ooo: 260
@!@!@ENDMSG 2221 @!@!@
@!@!@STARTMSG 2221:0 @!@!@
  ||||||||||||line 17, col 64 to line 17, col 64 of module instructions_ooo: 1260
@!@!@ENDMSG 2221 @!@!@
@!@!@STARTMSG 2221:0 @!@!@
  |||||||||||line 116, col 32 to line 116, col 44 of module pipeline_exec_ooo: 1520
@!@!@ENDMSG 2221 @!@!@
@!@!@STARTMSG 2221:0 @!@!@
  |||||||||||line 116, col 47 to line 117, col 98 of module pipeline_exec_ooo: 1520
@!@!@ENDMSG 2221 @!@!@
@!@!@STARTMSG 2221:0 @!@!@
  ||||||||||||line 116, col 56 to line 116, col 79 of module pipeline_exec_ooo: 1520
@!@!@ENDMSG 2221 @!@!@
@!@!@STARTMSG 2221:0 @!@!@
  |||||||||||||line 9, col 21 to line 9, col 56 of module instructions_ooo: 1520
@!@!@ENDMSG 2221 @!@!@
@!@!@STARTMSG 2221:0 @!@!@
  ||||||||||||||line 9, col 24 to line 9, col 35 of module instructions_ooo: 1520
@!@!@ENDMSG 2221 @!@!@
@!@!@STARTMSG 2221:0 @!@!@
  ||||||||||||||line 9, col 42 to line 9, col 45 of module instructions_ooo: 260
@!@!@ENDMSG 2221 @!@!@
@!@!@STARTMSG 2221:0 @!@!@
  ||||||||||||||line 9, col 52 to line 9, col 56 of module instructions_ooo: 1260
@!@!@ENDMSG 2221 @!@!@
@!@!@STARTMSG 2221:0 @!@!@
  |||||||||||||line 116, col 67 to line 116, col 75 of module pipeline_exec_ooo: 1520
@!@!@ENDMSG 2221 @!@!@
@!@!@STARTMSG 2221:0 @!@!@
  |||||||||||||line 116, col 78 to line 116, col 78 of module pipeline_exec_ooo: 1520
@!@!@ENDMSG 2221 @!@!@
@!@!@STARTMSG 2221:0 @!@!@
  ||||||||||||line 116, col 82 to line 116, col 99 of module pipeline_exec_ooo: 1520
@!@!@ENDMSG 2221 @!@!@
@!@!@STARTMSG 2221:0 @!@!@
  ||||||||||||line 117, col 49 to line 117, col 62 of module pipeline_exec_ooo: 1520
@!@!@ENDMSG 2221 @!@!@
@!@!@STARTMSG 2221:0 @!@!@
  |||||||||line 126, col 59 to line 126, col 67 of module pipeline_exec_ooo: 760
@!@!@ENDMSG 2221 @!@!@
@!@!@STARTMSG 2221:0 @!@!@
  line 146, col 18 to line 157, col 27 of module pipeline_exec_ooo: 759
@!@!@ENDMSG 2221 @!@!@
@!@!@STARTMSG 2221:0 @!@!@
  |line 146, col 27 to line 157, col 27 of module pipeline_exec_ooo: 760
@!@!@ENDMSG 2221 @!@!@
@!@!@STARTMSG 2221:0 @!@!@
  ||line 146, col 29 to line 146, col 33 of module pipeline_exec_ooo: 760
@!@!@ENDMSG 2221 @!@!@
@!@!@STARTMSG 2221:0 @!@!@
  ||line 147, col 29 to line 152, col 176 of module pipeline_exec_ooo: 760
@!@!@ENDMSG 2221 @!@!@
@!@!@STARTMSG 2221:0 @!@!@
  ||line 153, col 39 to line 156, col 206 of module pipeline_exec_ooo: 760
@!@!@ENDMSG 2221 @!@!@
@!@!@STARTMSG 2775:0 @!@!@
  |||line 153, col 39 to line 153, col 152 of module pipeline_exec_ooo: 760:8866
@!@!@ENDMSG 2775 @!@!@
@!@!@STARTMSG 2221:0 @!@!@
  ||||line 153, col 49 to line 153, col 151 of module pipeline_exec_ooo: 760
@!@!@ENDMSG 2221 @!@!@
@!@!@STARTMSG 2775:0 @!@!@
  |||||line 153, col 56 to line 153, col 150 of module pipeline_exec_ooo: 760:2196
@!@!@ENDMSG 2775 @!@!@
@!@!@STARTMSG 2775:0 @!@!@
  ||||||line 153, col 58 to line 153, col 132 of module pipeline_exec_ooo: 1520:1898
@!@!@ENDMSG 2775 @!@!@
@!@!@STARTMSG 2221:0 @!@!@
  |||||||line 153, col 60 to line 153, col 72 of module pipeline_exec_ooo: 1520
@!@!@ENDMSG 2221 @!@!@
@!@!@STARTMSG 2221:0 @!@!@
  |||||||line 153, col 75 to line 153, col 101 of module pipeline_exec_ooo: 1520
@!@!@ENDMSG 2221 @!@!@
@!@!@STARTMSG 2775:0 @!@!@
  |||||||line 153, col 111 to line 153, col 131 of module pipeline_exec_ooo: 1520:1783
@!@!@ENDMSG 2775 @!@!@
@!@!@STARTMSG 2221:0 @!@!@
  ||||||||line 153, col 112 to line 153, col 115 of module pipeline_exec_ooo: 461
@!@!@ENDMSG 2221 @!@!@
@!@!@STARTMSG 2221:0 @!@!@
  ||||||||line 153, col 125 to line 153, col 130 of module pipeline_exec_ooo: 1520
@!@!@ENDMSG 2221 @!@!@
@!@!@STARTMSG 2221:0 @!@!@
  ||||||line 153, col 142 to line 153, col 148 of module pipeline_exec_ooo: 760
@!@!@ENDMSG 2221 @!@!@
@!@!@STARTMSG 2775:0 @!@!@
  |||line 156, col 48 to line 156, col 206 of module pipeline_exec_ooo: 760:391
@!@!@ENDMSG 2775 @!@!@
@!@!@STARTMSG 2221:0 @!@!@
  ||||line 156, col 50 to line 156, col 114 of module pipeline_exec_ooo: 17
@!@!@ENDMSG 2221 @!@!@
@!@!@STARTMSG 2221:0 @!@!@
  ||||line 156, col 124 to line 156, col 204 of module pipeline_exec_ooo: 760
@!@!@ENDMSG 2221 @!@!@
@!@!@STARTMSG 2221:0 @!@!@
  |||||line 156, col 124 to line 156, col 164 of module pipeline_exec_ooo: 760
@!@!@ENDMSG 2221 @!@!@
@!@!@STARTMSG 2775:0 @!@!@
  ||||||line 156, col 130 to line 156, col 163 of module pipeline_exec_ooo: 760:777
@!@!@ENDMSG 2775 @!@!@
@!@!@STARTMSG 2221:0 @!@!@
  |||||||line 156, col 131 to line 156, col 139 of module pipeline_exec_ooo: 2280
@!@!@ENDMSG 2221 @!@!@
@!@!@STARTMSG 2221:0 @!@!@
  ||||||||line 99, col 15 to line 105, col 72 of module pipeline_exec_ooo: 5320
@!@!@ENDMSG 2221 @!@!@
@!@!@STARTMSG 2221:0 @!@!@
  |||||||||line 99, col 18 to line 99, col 22 of module pipeline_exec_ooo: 5320
@!@!@ENDMSG 2221 @!@!@
@!@!@STARTMSG 2221:0 @!@!@
  |||||||||line 102, col 17 to line 102, col 30 of module pipeline_exec_ooo: 3040
@!@!@ENDMSG 2221 @!@!@
@!@!@STARTMSG 2221:0 @!@!@
  ||||||||||line 55, col 43 to line 57, col 42 of module pipeline_exec_ooo: 3040
@!@!@ENDMSG 2221 @!@!@
@!@!@STARTMSG 2221:0 @!@!@
  |||||||||||line 56, col 45 to line 56, col 74 of module pipeline_exec_ooo: 10600
@!@!@ENDMSG 2221 @!@!@
@!@!@STARTMSG 2221:0 @!@!@
  ||||||||||||line 56, col 62 to line 56, col 74 of module pipeline_exec_ooo: 12216
@!@!@ENDMSG 2221 @!@!@
@!@!@STARTMSG 2221:0 @!@!@
  ||||||||||||line 56, col 54 to line 56, col 59 of module pipeline_exec_ooo: 10600
@!@!@ENDMSG 2221 @!@!@
@!@!@STARTMSG 2221:0 @!@!@
  |||||||||||line 55, col 51 to line 55, col 67 of module pipeline_exec_ooo: 3040
@!@!@ENDMSG 2221 @!@!@
@!@!@STARTMSG 2221:0 @!@!@
  ||||||||||line 58, col 23 to line 58, col 62 of module pipeline_exec_ooo: 3040
@!@!@ENDMSG 2221 @!@!@
@!@!@STARTMSG 2221:0 @!@!@
  |||||||||||line 58, col 24 to line 58, col 51 of module pipeline_exec_ooo: 3040
@!@!@ENDMSG 2221 @!@!@
@!@!@STARTMSG 2221:0 @!@!@
  ||||||||||||line 58, col 24 to line 58, col 27 of module pipeline_exec_ooo: 3040
@!@!@ENDMSG 2221 @!@!@
@!@!@STARTMSG 2221:0 @!@!@
  |||||||||||||line 25, col 9 to line 26, col 102 of module pipeline_exec_ooo: 3040
@!@!@ENDMSG 2221 @!@!@
@!@!@STARTMSG 2221:0 @!@!@
  ||||||||||||||line 25, col 36 to line 26, col 100 of module pipeline_exec_ooo: 10600
@!@!@ENDMSG 2221 @!@!@
@!@!@STARTMSG 2221:0 @!@!@
  |||||||||||||||line 25, col 39 to line 25, col 59 of module pipeline_exec_ooo: 10600
@!@!@ENDMSG 2221 @!@!@
@!@!@STARTMSG 2221:0 @!@!@
  |||||||||||||||line 26, col 39 to line 26, col 100 of module pipeline_exec_ooo: 6388
@!@!@ENDMSG 2221 @!@!@
@!@!@STARTMSG 2221:0 @!@!@
  ||||||||||||||||line 26, col 57 to line 26, col 100 of module pipeline_exec_ooo: 12136
@!@!@ENDMSG 2221 @!@!@
@!@!@STARTMSG 2221:0 @!@!@
  |||||||||||||||||line 26, col 57 to line 26, col 83 of module pipeline_exec_ooo: 12136
@!@!@ENDMSG 2221 @!@!@
@!@!@STARTMSG 2221:0 @!@!@
  |||||||||||||||||line 26, col 88 to line 26, col 100 of module pipeline_exec_ooo: 2464
@!@!@ENDMSG 2221 @!@!@
@!@!@STARTMSG 2221:0 @!@!@
  ||||||||||||||||line 26, col 48 to line 26, col 54 of module pipeline_exec_ooo: 6388
@!@!@ENDMSG 2221 @!@!@
@!@!@STARTMSG 2221:0 @!@!@
  ||||||||||||||line 25, col 17 to line 25, col 33 of module pipeline_exec_ooo: 3040
@!@!@ENDMSG 2221 @!@!@
@!@!@STARTMSG 2221:0 @!@!@
  ||||||||||||line 58, col 40 to line 58, col 51 of module pipeline_exec_ooo: 3040
@!@!@ENDMSG 2221 @!@!@
@!@!@STARTMSG 2221:0 @!@!@
  |||||||||||line 58, col 56 to line 58, col 62 of module pipeline_exec_ooo: 3040
@!@!@ENDMSG 2221 @!@!@
@!@!@STARTMSG 2221:0 @!@!@
  ||||||||||line 102, col 26 to line 102, col 29 of module pipeline_exec_ooo: 3040
@!@!@ENDMSG 2221 @!@!@
@!@!@STARTMSG 2221:0 @!@!@
  |||||||||||line 28, col 9 to line 29, col 91 of module pipeline_exec_ooo: 3040
@!@!@ENDMSG 2221 @!@!@
@!@!@STARTMSG 2221:0 @!@!@
  ||||||||||||line 28, col 36 to line 29, col 89 of module pipeline_exec_ooo: 10600
@!@!@ENDMSG 2221 @!@!@
@!@!@STARTMSG 2221:0 @!@!@
  |||||||||||||line 28, col 39 to line 28, col 55 of module pipeline_exec_ooo: 10600
@!@!@ENDMSG 2221 @!@!@
@!@!@STARTMSG 2221:0 @!@!@
  |||||||||||||line 29, col 39 to line 29, col 89 of module pipeline_exec_ooo: 7776
@!@!@ENDMSG 2221 @!@!@
@!@!@STARTMSG 2221:0 @!@!@
  ||||||||||||||line 29, col 62 to line 29, col 89 of module pipeline_exec_ooo: 14764
@!@!@ENDMSG 2221 @!@!@
@!@!@STARTMSG 2221:0 @!@!@
  ||||||||||||||line 29, col 48 to line 29, col 59 of module pipeline_exec_ooo: 7776
@!@!@ENDMSG 2221 @!@!@
@!@!@STARTMSG 2221:0 @!@!@
  ||||||||||||line 28, col 17 to line 28, col 33 of module pipeline_exec_ooo: 3040
@!@!@ENDMSG 2221 @!@!@
@!@!@STARTMSG 2221:0 @!@!@
  |||||||||line 105, col 17 to line 105, col 72 of module pipeline_exec_ooo: 2280
@!@!@ENDMSG 2221 @!@!@
@!@!@STARTMSG 2221:0 @!@!@
  ||||||||||line 55, col 43 to line 57, col 42 of module pipeline_exec_ooo: 2280
@!@!@ENDMSG 2221 @!@!@
@!@!@STARTMSG 2221:0 @!@!@
  |||||||||||line 56, col 45 to line 56, col 74 of module pipeline_exec_ooo: 7950
@!@!@ENDMSG 2221 @!@!@
@!@!@STARTMSG 2221:0 @!@!@
  ||||||||||||line 56, col 62 to line 56, col 74 of module pipeline_exec_ooo: 9747
@!@!@ENDMSG 2221 @!@!@
@!@!@STARTMSG 2221:0 @!@!@
  ||||||||||||line 56, col 54 to line 56, col 59 of module pipeline_exec_ooo: 7950
@!@!@ENDMSG 2221 @!@!@
@!@!@STARTMSG 2221:0 @!@!@
  |||||||||||line 55, col 51 to line 55, col 67 of module pipeline_exec_ooo: 2280
@!@!@ENDMSG 2221 @!@!@
@!@!@STARTMSG 2221:0 @!@!@
  ||||||||||line 58, col 23 to line 58, col 62 of module pipeline_exec_ooo: 2280
@!@!@ENDMSG 2221 @!@!@
@!@!@STARTMSG 2221:0 @!@!@
  |||||||||||line 58, col 24 to line 58, col 51 of module pipeline_exec_ooo: 2280
@!@!@ENDMSG 2221 @!@!@
@!@!@STARTMSG 2221:0 @!@!@
  ||||||||||||line 58, col 24 to line 58, col 27 of module pipeline_exec_ooo: 2280
@!@!@ENDMSG 2221 @!@!@
@!@!@STARTMSG 2221:0 @!@!@
  |||||||||||||line 25, col 9 to line 26, col 102 of module pipeline_exec_ooo: 2280
@!@!@ENDMSG 2221 @!@!@
@!@!@STARTMSG 2221:0 @!@!@
  ||||||||||||||line 25, col 36 to line 26, col 100 of module pipeline_exec_ooo: 7950
@!@!@ENDMSG 2221 @!@!@
@!@!@STARTMSG 2221:0 @!@!@
  |||||||||||||||line 25, col 39 to line 25, col 59 of module pipeline_exec_ooo: 7950
@!@!@ENDMSG 2221 @!@!@
@!@!@STARTMSG 2221:0 @!@!@
  |||||||||||||||line 26, col 39 to line 26, col 100 of module pipeline_exec_ooo: 4791
@!@!@ENDMSG 2221 @!@!@
@!@!@STARTMSG 2221:0 @!@!@
  ||||||||||||||||line 26, col 57 to line 26, col 100 of module pipeline_exec_ooo: 9102
@!@!@ENDMSG 2221 @!@!@
@!@!@STARTMSG 2221:0 @!@!@
  |||||||||||||||||line 26, col 57 to line 26, col 83 of module pipeline_exec_ooo: 9102
@!@!@ENDMSG 2221 @!@!@
@!@!@STARTMSG 2221:0 @!@!@
  |||||||||||||||||line 26, col 88 to line 26, col 100 of module pipeline_exec_ooo: 1848
@!@!@ENDMSG 2221 @!@!@
@!@!@STARTMSG 2221:0 @!@!@
  ||||||||||||||||line 26, col 48 to line 26, col 54 of module pipeline_exec_ooo: 4791
@!@!@ENDMSG 2221 @!@!@
@!@!@STARTMSG 2221:0 @!@!@
  ||||||||||||||line 25, col 17 to line 25, col 33 of module pipeline_exec_ooo: 2280
@!@!@ENDMSG 2221 @!@!@
@!@!@STARTMSG 2221:0 @!@!@
  ||||||||||||line 58, col 40 to line 58, col 51 of module pipeline_exec_ooo: 2280
@!@!@ENDMSG 2221 @!@!@
@!@!@STARTMSG 2221:0 @!@!@
  |||||||||||line 58, col 56 to line 58, col 62 of module pipeline_exec_ooo: 2280
@!@!@ENDMSG 2221 @!@!@
@!@!@STARTMSG 2221:0 @!@!@
  ||||||||||line 105, col 26 to line 105, col 71 of module pipeline_exec_ooo: 2280
@!@!@ENDMSG 2221 @!@!@
@!@!@STARTMSG 2221:0 @!@!@
  |||||||||||line 105, col 26 to line 105, col 29 of module pipeline_exec_ooo: 2280
@!@!@ENDMSG 2221 @!@!@
@!@!@STARTMSG 2221:0 @!@!@
  ||||||||||||line 28, col 9 to line 29, col 91 of module pipeline_exec_ooo: 2280
@!@!@ENDMSG 2221 @!@!@
@!@!@STARTMSG 2221:0 @!@!@
  |||||||||||||line 28, col 36 to line 29, col 89 of module pipeline_exec_ooo: 7950
@!@!@ENDMSG 2221 @!@!@
@!@!@STARTMSG 2221:0 @!@!@
  ||||||||||||||line 28, col 39 to line 28, col 55 of module pipeline_exec_ooo: 7950
@!@!@ENDMSG 2221 @!@!@
@!@!@STARTMSG 2221:0 @!@!@
  ||||||||||||||line 29, col 39 to line 29, col 89 of module pipeline_exec_ooo: 5832
@!@!@ENDMSG 2221 @!@!@
@!@!@STARTMSG 2221:0 @!@!@
  |||||||||||||||line 29, col 62 to line 29, col 89 of module pipeline_exec_ooo: 11073
@!@!@ENDMSG 2221 @!@!@
@!@!@STARTMSG 2221:0 @!@!@
  |||||||||||||||line 29, col 48 to line 29, col 59 of module pipeline_exec_ooo: 5832
@!@!@ENDMSG 2221 @!@!@
@!@!@STARTMSG 2221:0 @!@!@
  |||||||||||||line 28, col 17 to line 28, col 33 of module pipeline_exec_ooo: 2280
@!@!@ENDMSG 2221 @!@!@
@!@!@STARTMSG 2221:0 @!@!@
  |||||||||||line 105, col 38 to line 105, col 71 of module pipeline_exec_ooo: 2280
@!@!@ENDMSG 2221 @!@!@
@!@!@STARTMSG 2775:0 @!@!@
  ||||||||||||line 105, col 44 to line 105, col 70 of module pipeline_exec_ooo: 2280:1783
@!@!@ENDMSG 2775 @!@!@
@!@!@STARTMSG 2221:0 @!@!@
  |||||||||||||line 105, col 46 to line 105, col 54 of module pipeline_exec_ooo: 3040
@!@!@ENDMSG 2221 @!@!@
@!@!@STARTMSG 2221:0 @!@!@
  |||||||||||||line 105, col 63 to line 105, col 68 of module pipeline_exec_ooo: 2280
@!@!@ENDMSG 2221 @!@!@
@!@!@STARTMSG 2221:0 @!@!@
  ||||||||line 156, col 138 to line 156, col 138 of module pipeline_exec_ooo: 2280
@!@!@ENDMSG 2221 @!@!@
@!@!@STARTMSG 2221:0 @!@!@
  |||||||line 156, col 149 to line 156, col 162 of module pipeline_exec_ooo: 760
@!@!@ENDMSG 2221 @!@!@
@!@!@STARTMSG 2221:0 @!@!@
  |||||line 156, col 168 to line 156, col 204 of module pipeline_exec_ooo: 760
@!@!@ENDMSG 2221 @!@!@
@!@!@STARTMSG 2221:0 @!@!@
  ||||||line 156, col 169 to line 156, col 182 of module pipeline_exec_ooo: 1520
@!@!@ENDMSG 2221 @!@!@
@!@!@STARTMSG 2221:0 @!@!@
  ||||||line 156, col 192 to line 156, col 203 of module pipeline_exec_ooo: 760
@!@!@ENDMSG 2221 @!@!@
@!@!@STARTMSG 2221:0 @!@!@
  line 161, col 20 to line 162, col 50 of module pipeline_exec_ooo: 760
@!@!@ENDMSG 2221 @!@!@
@!@!@STARTMSG 2221:0 @!@!@
  |line 162, col 26 to line 162, col 39 of module pipeline_exec_ooo: 4682
@!@!@ENDMSG 2221 @!@!@
@!@!@STARTMSG 2221:0 @!@!@
  |line 162, col 44 to line 162, col 50 of module pipeline_exec_ooo: 2341
@!@!@ENDMSG 2221 @!@!@
@!@!@STARTMSG 2221:0 @!@!@
  |line 161, col 29 to line 161, col 49 of module pipeline_exec_ooo: 760
@!@!@ENDMSG 2221 @!@!@
@!@!@STARTMSG 2221:0 @!@!@
  line 163, col 22 to line 163, col 47 of module pipeline_exec_ooo: 714
@!@!@ENDMSG 2221 @!@!@
@!@!@STARTMSG 2221:0 @!@!@
  |line 163, col 35 to line 163, col 47 of module pipeline_exec_ooo: 715
@!@!@ENDMSG 2221 @!@!@
@!@!@STARTMSG 2221:0 @!@!@
  line 164, col 22 to line 164, col 46 of module pipeline_exec_ooo: 45
@!@!@ENDMSG 2221 @!@!@
@!@!@STARTMSG 2221:0 @!@!@
  line 166, col 37 to line 166, col 68 of module pipeline_exec_ooo: 759
@!@!@ENDMSG 2221 @!@!@
@!@!@STARTMSG 2221:0 @!@!@
  line 90, col 12 to line 100, col 115 of module pipeline_ooo: 759
@!@!@ENDMSG 2221 @!@!@
@!@!@STARTMSG 2221:0 @!@!@
  |line 91, col 13 to line 100, col 115 of module pipeline_ooo: 760
@!@!@ENDMSG 2221 @!@!@
@!@!@STARTMSG 2221:0 @!@!@
  ||line 91, col 16 to line 91, col 24 of module pipeline_ooo: 760
@!@!@ENDMSG 2221 @!@!@
@!@!@STARTMSG 2221:0 @!@!@
  ||line 93, col 16 to line 96, col 115 of module pipeline_ooo: 361
@!@!@ENDMSG 2221 @!@!@
@!@!@STARTMSG 2221:0 @!@!@
  |||line 93, col 32 to line 96, col 115 of module pipeline_ooo: 722
@!@!@ENDMSG 2221 @!@!@
@!@!@STARTMSG 2221:0 @!@!@
  ||||line 93, col 55 to line 96, col 115 of module pipeline_ooo: 1444
@!@!@ENDMSG 2221 @!@!@
@!@!@STARTMSG 2221:0 @!@!@
  |||||line 94, col 17 to line 96, col 115 of module pipeline_ooo: 1704
@!@!@ENDMSG 2221 @!@!@
@!@!@STARTMSG 2221:0 @!@!@
  ||||||line 94, col 20 to line 94, col 51 of module pipeline_ooo: 1704
@!@!@ENDMSG 2221 @!@!@
@!@!@STARTMSG 2221:0 @!@!@
  ||||||line 96, col 20 to line 96, col 115 of module pipeline_ooo: 1444
@!@!@ENDMSG 2221 @!@!@
@!@!@STARTMSG 2221:0 @!@!@
  |||||||line 96, col 20 to line 96, col 75 of module pipeline_ooo: 1444
@!@!@ENDMSG 2221 @!@!@
@!@!@STARTMSG 2221:0 @!@!@
  ||||||||line 96, col 20 to line 96, col 49 of module pipeline_ooo: 1444
@!@!@ENDMSG 2221 @!@!@
@!@!@STARTMSG 2221:0 @!@!@
  ||||||||line 96, col 54 to line 96, col 75 of module pipeline_ooo: 664
@!@!@ENDMSG 2221 @!@!@
@!@!@STARTMSG 2221:0 @!@!@
  |||||line 93, col 65 to line 93, col 76 of module pipeline_ooo: 1444
@!@!@ENDMSG 2221 @!@!@
@!@!@STARTMSG 2221:0 @!@!@
  ||||line 93, col 41 to line 93, col 52 of module pipeline_ooo: 722
@!@!@ENDMSG 2221 @!@!@
@!@!@STARTMSG 2221:0 @!@!@
  |||line 93, col 26 to line 93, col 29 of module pipeline_ooo: 361
@!@!@ENDMSG 2221 @!@!@
@!@!@STARTMSG 2221:0 @!@!@
  ||line 98, col 16 to line 100, col 115 of module pipeline_ooo: 361
@!@!@ENDMSG 2221 @!@!@
@!@!@STARTMSG 2221:0 @!@!@
  |||line 98, col 32 to line 100, col 115 of module pipeline_ooo: 686
@!@!@ENDMSG 2221 @!@!@
@!@!@STARTMSG 2221:0 @!@!@
  ||||line 98, col 50 to line 100, col 115 of module pipeline_ooo: 1327
@!@!@ENDMSG 2221 @!@!@
@!@!@STARTMSG 2221:0 @!@!@
  |||||line 99, col 17 to line 100, col 115 of module pipeline_ooo: 1601
@!@!@ENDMSG 2221 @!@!@
@!@!@STARTMSG 2221:0 @!@!@
  ||||||line 99, col 20 to line 99, col 51 of module pipeline_ooo: 1601
@!@!@ENDMSG 2221 @!@!@
@!@!@STARTMSG 2221:0 @!@!@
  ||||||line 100, col 20 to line 100, col 115 of module pipeline_ooo: 1311
@!@!@ENDMSG 2221 @!@!@
@!@!@STARTMSG 2221:0 @!@!@
  |||||||line 100, col 20 to line 100, col 75 of module pipeline_ooo: 1311
@!@!@ENDMSG 2221 @!@!@
@!@!@STARTMSG 2221:0 @!@!@
  ||||||||line 100, col 20 to line 100, col 49 of module pipeline_ooo: 1311
@!@!@ENDMSG 2221 @!@!@
@!@!@STARTMSG 2221:0 @!@!@
  ||||||||line 100, col 54 to line 100, col 75 of module pipeline_ooo: 981
@!@!@ENDMSG 2221 @!@!@
@!@!@STARTMSG 2221:0 @!@!@
  |||||||line 100, col 80 to line 100, col 115 of module pipeline_ooo: 203
@!@!@ENDMSG 2221 @!@!@
@!@!@STARTMSG 2221:0 @!@!@
  |||||line 98, col 60 to line 98, col 66 of module pipeline_ooo: 1327
@!@!@ENDMSG 2221 @!@!@
@!@!@STARTMSG 2221:0 @!@!@
  ||||line 98, col 41 to line 98, col 47 of module pipeline_ooo: 686
@!@!@ENDMSG 2221 @!@!@
@!@!@STARTMSG 2221:0 @!@!@
  |||line 98, col 26 to line 98, col 29 of module pipeline_ooo: 361
@!@!@ENDMSG 2221 @!@!@
@!@!@STARTMSG 2221:0 @!@!@
  line 101, col 12 to line 111, col 24 of module pipeline_ooo: 759
@!@!@ENDMSG 2221 @!@!@
@!@!@STARTMSG 2775:0 @!@!@
  |line 101, col 24 to line 111, col 24 of module pipeline_ooo: 760:1520
@!@!@ENDMSG 2775 @!@!@
@!@!@STARTMSG 2221:0 @!@!@
  line 112, col 12 to line 112, col 103 of module pipeline_ooo: 759
@!@!@ENDMSG 2221 @!@!@
@!@!@STARTMSG 2774:0 @!@!@
<inv_163113643308691000 line 48, col 1 to line 48, col 22 of module MC>
@!@!@ENDMSG 2774 @!@!@
@!@!@STARTMSG 2221:0 @!@!@
  line 49, col 1 to line 49, col 113 of module MC: 799
@!@!@ENDMSG 2221 @!@!@
@!@!@STARTMSG 2221:0 @!@!@
  |line 49, col 3 to line 49, col 112 of module MC: 799
@!@!@ENDMSG 2221 @!@!@
@!@!@STARTMSG 2221:0 @!@!@
  ||line 49, col 3 to line 49, col 95 of module MC: 799
@!@!@ENDMSG 2221 @!@!@
@!@!@STARTMSG 2221:0 @!@!@
  |||line 49, col 3 to line 49, col 81 of module MC: 799
@!@!@ENDMSG 2221 @!@!@
@!@!@STARTMSG 2221:0 @!@!@
  ||||line 49, col 3 to line 49, col 64 of module MC: 799
@!@!@ENDMSG 2221 @!@!@
@!@!@STARTMSG 2221:0 @!@!@
  |||||line 49, col 3 to line 49, col 48 of module MC: 799
@!@!@ENDMSG 2221 @!@!@
@!@!@STARTMSG 2221:0 @!@!@
  ||||||line 49, col 3 to line 49, col 35 of module MC: 799
@!@!@ENDMSG 2221 @!@!@
@!@!@STARTMSG 2221:0 @!@!@
  |||||||line 49, col 3 to line 49, col 19 of module MC: 799
@!@!@ENDMSG 2221 @!@!@
@!@!@STARTMSG 2221:0 @!@!@
  ||||||||line 120, col 16 to line 121, col 67 of module pipeline_ooo: 799
@!@!@ENDMSG 2221 @!@!@
@!@!@STARTMSG 2221:0 @!@!@
  |||||||||line 120, col 31 to line 121, col 67 of module pipeline_ooo: 878
@!@!@ENDMSG 2221 @!@!@
@!@!@STARTMSG 2221:0 @!@!@
  ||||||||||line 121, col 17 to line 121, col 67 of module pipeline_ooo: 3128
@!@!@ENDMSG 2221 @!@!@
@!@!@STARTMSG 2221:0 @!@!@
  |||||||||||line 121, col 17 to line 121, col 42 of module pipeline_ooo: 3128
@!@!@ENDMSG 2221 @!@!@
@!@!@STARTMSG 2221:0 @!@!@
  |||||||||||line 121, col 47 to line 121, col 67 of module pipeline_ooo: 750
@!@!@ENDMSG 2221 @!@!@
@!@!@STARTMSG 2221:0 @!@!@
  ||||||||||line 120, col 40 to line 120, col 60 of module pipeline_ooo: 878
@!@!@ENDMSG 2221 @!@!@
@!@!@STARTMSG 2221:0 @!@!@
  |||||||||line 120, col 25 to line 120, col 28 of module pipeline_ooo: 799
@!@!@ENDMSG 2221 @!@!@
@!@!@STARTMSG 2221:0 @!@!@
  ||||||||line 49, col 12 to line 49, col 18 of module MC: 735
@!@!@ENDMSG 2221 @!@!@
@!@!@STARTMSG 2221:0 @!@!@
  |||||||line 49, col 24 to line 49, col 35 of module MC: 39
@!@!@ENDMSG 2221 @!@!@
@!@!@STARTMSG 2221:0 @!@!@
  ||||||line 49, col 40 to line 49, col 48 of module MC: 21
@!@!@ENDMSG 2221 @!@!@
@!@!@STARTMSG 2221:0 @!@!@
  |||||line 49, col 53 to line 49, col 64 of module MC: 14
@!@!@ENDMSG 2221 @!@!@
@!@!@STARTMSG 2221:0 @!@!@
  ||||line 49, col 69 to line 49, col 81 of module MC: 7
@!@!@ENDMSG 2221 @!@!@
@!@!@STARTMSG 2221:0 @!@!@
  |||line 49, col 86 to line 49, col 95 of module MC: 4
@!@!@ENDMSG 2221 @!@!@
@!@!@STARTMSG 2221:0 @!@!@
  ||line 49, col 100 to line 49, col 112 of module MC: 2
@!@!@ENDMSG 2221 @!@!@
@!@!@STARTMSG 2202:0 @!@!@
End of statistics.
@!@!@ENDMSG 2202 @!@!@
@!@!@STARTMSG 2200:0 @!@!@
Progress(13) at 2021-09-08 23:27:16: 813 states generated (13 119 s/min), 799 distinct states found (12 894 ds/min), 49 states left on queue.
@!@!@ENDMSG 2200 @!@!@
@!@!@STARTMSG 2199:0 @!@!@
813 states generated, 799 distinct states found, 49 states left on queue.
@!@!@ENDMSG 2199 @!@!@
@!@!@STARTMSG 2194:0 @!@!@
The depth of the complete state graph search is 13.
@!@!@ENDMSG 2194 @!@!@
@!@!@STARTMSG 2268:0 @!@!@
The average outdegree of the complete state graph is 1 (minimum is 0, the maximum 1 and the 95th percentile is 1).
@!@!@ENDMSG 2268 @!@!@
@!@!@STARTMSG 2186:0 @!@!@
Finished in 3759ms at (2021-09-08 23:27:16)
@!@!@ENDMSG 2186 @!@!@
