@!@!@STARTMSG 2262:0 @!@!@
TLC2 Version 2.15 of Day Month 20?? (rev: eb3ff99)
@!@!@ENDMSG 2262 @!@!@
@!@!@STARTMSG 2187:0 @!@!@
Running breadth-first search Model-Checking with fp 88 and seed -6165854287698950673 with 2 workers on 4 cores with 1161MB heap and 2609MB offheap memory [pid: 22248] (Linux 5.4.0-52-generic amd64, AdoptOpenJDK 14.0.1 x86_64, OffHeapDiskFPSet, DiskStateQueue).
@!@!@ENDMSG 2187 @!@!@
@!@!@STARTMSG 2220:0 @!@!@
Starting SANY...
@!@!@ENDMSG 2220 @!@!@
Parsing file /home/benjaminbinder/Documents/timing-anomalies/tla/pipeline_ooo.toolbox/ex7/MC.tla
Parsing file /home/benjaminbinder/Documents/timing-anomalies/tla/pipeline_ooo.toolbox/ex7/pipeline_ooo.tla
Parsing file /home/benjaminbinder/Téléchargements/toolbox/plugins/org.lamport.tlatools_1.0.0.202004251858/tla2sany/StandardModules/TLC.tla
Parsing file /home/benjaminbinder/Téléchargements/toolbox/plugins/org.lamport.tlatools_1.0.0.202004251858/tla2sany/StandardModules/Sequences.tla
Parsing file /home/benjaminbinder/Documents/timing-anomalies/tla/pipeline_ooo.toolbox/ex7/instructions_ooo.tla
Parsing file /home/benjaminbinder/Téléchargements/toolbox/plugins/org.lamport.tlatools_1.0.0.202004251858/tla2sany/StandardModules/Integers.tla
Parsing file /home/benjaminbinder/Téléchargements/toolbox/plugins/org.lamport.tlatools_1.0.0.202004251858/tla2sany/StandardModules/FiniteSets.tla
Parsing file /home/benjaminbinder/Téléchargements/toolbox/plugins/org.lamport.tlatools_1.0.0.202004251858/tla2sany/StandardModules/Naturals.tla
Parsing file /home/benjaminbinder/Documents/timing-anomalies/tla/pipeline_ooo.toolbox/ex7/pipeline_exec_ooo.tla
Semantic processing of module Naturals
Semantic processing of module Sequences
Semantic processing of module Integers
Semantic processing of module instructions_ooo
Semantic processing of module FiniteSets
Semantic processing of module TLC
Semantic processing of module pipeline_exec_ooo
Semantic processing of module pipeline_ooo
Semantic processing of module MC
@!@!@STARTMSG 2219:0 @!@!@
SANY finished.
@!@!@ENDMSG 2219 @!@!@
@!@!@STARTMSG 2185:0 @!@!@
Starting... (2020-11-04 17:46:31)
@!@!@ENDMSG 2185 @!@!@
@!@!@STARTMSG 2189:0 @!@!@
Computing initial states...
@!@!@ENDMSG 2189 @!@!@
@!@!@STARTMSG 2776:0 @!@!@
CostModel lookup failed for expression <line 22, col 12 to line 22, col 56 of module pipeline_ooo>. Reporting costs into <line 28, col 38 to line 28, col 43 of module pipeline_ooo> instead (Safety and Liveness checking is unaffected. Please report a bug.)
@!@!@ENDMSG 2776 @!@!@
@!@!@STARTMSG 2776:0 @!@!@
CostModel lookup failed for expression <line 22, col 15 to line 22, col 19 of module pipeline_ooo>. Reporting costs into <line 28, col 38 to line 28, col 43 of module pipeline_ooo> instead (Safety and Liveness checking is unaffected. Please report a bug.)
@!@!@ENDMSG 2776 @!@!@
@!@!@STARTMSG 2776:0 @!@!@
CostModel lookup failed for expression <line 6, col 1 to line 6, col 4 of module MC>. Reporting costs into <line 28, col 38 to line 28, col 43 of module pipeline_ooo> instead (Safety and Liveness checking is unaffected. Please report a bug.)
@!@!@ENDMSG 2776 @!@!@
@!@!@STARTMSG 2776:0 @!@!@
CostModel lookup failed for expression <line 22, col 26 to line 22, col 41 of module pipeline_ooo>. Reporting costs into <line 28, col 38 to line 28, col 43 of module pipeline_ooo> instead (Safety and Liveness checking is unaffected. Please report a bug.)
@!@!@ENDMSG 2776 @!@!@
@!@!@STARTMSG 2776:0 @!@!@
CostModel lookup failed for expression <line 22, col 26 to line 22, col 35 of module pipeline_ooo>. Reporting costs into <line 28, col 38 to line 28, col 43 of module pipeline_ooo> instead (Safety and Liveness checking is unaffected. Please report a bug.)
@!@!@ENDMSG 2776 @!@!@
@!@!@STARTMSG 2776:0 @!@!@
CostModel lookup failed for expression <line 22, col 26 to line 22, col 32 of module pipeline_ooo>. Reporting costs into <line 28, col 38 to line 28, col 43 of module pipeline_ooo> instead (Safety and Liveness checking is unaffected. Please report a bug.)
@!@!@ENDMSG 2776 @!@!@
@!@!@STARTMSG 2776:0 @!@!@
CostModel lookup failed for expression <line 11, col 1 to line 14, col 77 of module MC>. Reporting costs into <line 28, col 38 to line 28, col 43 of module pipeline_ooo> instead (Safety and Liveness checking is unaffected. Please report a bug.)
@!@!@ENDMSG 2776 @!@!@
@!@!@STARTMSG 2776:0 @!@!@
CostModel lookup failed for expression <line 11, col 4 to line 11, col 75 of module MC>. Reporting costs into <line 28, col 38 to line 28, col 43 of module pipeline_ooo> instead (Safety and Liveness checking is unaffected. Please report a bug.)
@!@!@ENDMSG 2776 @!@!@
@!@!@STARTMSG 2776:0 @!@!@
CostModel lookup failed for expression <line 11, col 6 to line 11, col 13 of module MC>. Reporting costs into <line 28, col 38 to line 28, col 43 of module pipeline_ooo> instead (Safety and Liveness checking is unaffected. Please report a bug.)
@!@!@ENDMSG 2776 @!@!@
@!@!@STARTMSG 2776:0 @!@!@
CostModel lookup failed for expression <line 11, col 16 to line 11, col 27 of module MC>. Reporting costs into <line 28, col 38 to line 28, col 43 of module pipeline_ooo> instead (Safety and Liveness checking is unaffected. Please report a bug.)
@!@!@ENDMSG 2776 @!@!@
@!@!@STARTMSG 2776:0 @!@!@
CostModel lookup failed for expression <line 11, col 25 to line 11, col 27 of module MC>. Reporting costs into <line 28, col 38 to line 28, col 43 of module pipeline_ooo> instead (Safety and Liveness checking is unaffected. Please report a bug.)
@!@!@ENDMSG 2776 @!@!@
@!@!@STARTMSG 2776:0 @!@!@
CostModel lookup failed for expression <line 11, col 30 to line 11, col 42 of module MC>. Reporting costs into <line 28, col 38 to line 28, col 43 of module pipeline_ooo> instead (Safety and Liveness checking is unaffected. Please report a bug.)
@!@!@ENDMSG 2776 @!@!@
@!@!@STARTMSG 2776:0 @!@!@
CostModel lookup failed for expression <line 11, col 38 to line 11, col 42 of module MC>. Reporting costs into <line 28, col 38 to line 28, col 43 of module pipeline_ooo> instead (Safety and Liveness checking is unaffected. Please report a bug.)
@!@!@ENDMSG 2776 @!@!@
@!@!@STARTMSG 2776:0 @!@!@
CostModel lookup failed for expression <line 11, col 45 to line 11, col 54 of module MC>. Reporting costs into <line 28, col 38 to line 28, col 43 of module pipeline_ooo> instead (Safety and Liveness checking is unaffected. Please report a bug.)
@!@!@ENDMSG 2776 @!@!@
@!@!@STARTMSG 2776:0 @!@!@
CostModel lookup failed for expression <line 11, col 53 to line 11, col 54 of module MC>. Reporting costs into <line 28, col 38 to line 28, col 43 of module pipeline_ooo> instead (Safety and Liveness checking is unaffected. Please report a bug.)
@!@!@ENDMSG 2776 @!@!@
@!@!@STARTMSG 2776:0 @!@!@
CostModel lookup failed for expression <line 11, col 57 to line 11, col 73 of module MC>. Reporting costs into <line 28, col 38 to line 28, col 43 of module pipeline_ooo> instead (Safety and Liveness checking is unaffected. Please report a bug.)
@!@!@ENDMSG 2776 @!@!@
@!@!@STARTMSG 2776:0 @!@!@
CostModel lookup failed for expression <line 11, col 67 to line 11, col 73 of module MC>. Reporting costs into <line 28, col 38 to line 28, col 43 of module pipeline_ooo> instead (Safety and Liveness checking is unaffected. Please report a bug.)
@!@!@ENDMSG 2776 @!@!@
@!@!@STARTMSG 2776:0 @!@!@
CostModel lookup failed for expression <line 11, col 68 to line 11, col 72 of module MC>. Reporting costs into <line 28, col 38 to line 28, col 43 of module pipeline_ooo> instead (Safety and Liveness checking is unaffected. Please report a bug.)
@!@!@ENDMSG 2776 @!@!@
@!@!@STARTMSG 2776:0 @!@!@
CostModel lookup failed for expression <line 12, col 4 to line 12, col 74 of module MC>. Reporting costs into <line 28, col 38 to line 28, col 43 of module pipeline_ooo> instead (Safety and Liveness checking is unaffected. Please report a bug.)
@!@!@ENDMSG 2776 @!@!@
@!@!@STARTMSG 2776:0 @!@!@
CostModel lookup failed for expression <line 12, col 6 to line 12, col 13 of module MC>. Reporting costs into <line 28, col 38 to line 28, col 43 of module pipeline_ooo> instead (Safety and Liveness checking is unaffected. Please report a bug.)
@!@!@ENDMSG 2776 @!@!@
@!@!@STARTMSG 2776:0 @!@!@
CostModel lookup failed for expression <line 12, col 16 to line 12, col 27 of module MC>. Reporting costs into <line 28, col 38 to line 28, col 43 of module pipeline_ooo> instead (Safety and Liveness checking is unaffected. Please report a bug.)
@!@!@ENDMSG 2776 @!@!@
@!@!@STARTMSG 2776:0 @!@!@
CostModel lookup failed for expression <line 12, col 25 to line 12, col 27 of module MC>. Reporting costs into <line 28, col 38 to line 28, col 43 of module pipeline_ooo> instead (Safety and Liveness checking is unaffected. Please report a bug.)
@!@!@ENDMSG 2776 @!@!@
@!@!@STARTMSG 2776:0 @!@!@
CostModel lookup failed for expression <line 12, col 30 to line 12, col 40 of module MC>. Reporting costs into <line 28, col 38 to line 28, col 43 of module pipeline_ooo> instead (Safety and Liveness checking is unaffected. Please report a bug.)
@!@!@ENDMSG 2776 @!@!@
@!@!@STARTMSG 2776:0 @!@!@
CostModel lookup failed for expression <line 12, col 38 to line 12, col 40 of module MC>. Reporting costs into <line 28, col 38 to line 28, col 43 of module pipeline_ooo> instead (Safety and Liveness checking is unaffected. Please report a bug.)
@!@!@ENDMSG 2776 @!@!@
@!@!@STARTMSG 2776:0 @!@!@
CostModel lookup failed for expression <line 12, col 43 to line 12, col 53 of module MC>. Reporting costs into <line 28, col 38 to line 28, col 43 of module pipeline_ooo> instead (Safety and Liveness checking is unaffected. Please report a bug.)
@!@!@ENDMSG 2776 @!@!@
@!@!@STARTMSG 2776:0 @!@!@
CostModel lookup failed for expression <line 12, col 51 to line 12, col 53 of module MC>. Reporting costs into <line 28, col 38 to line 28, col 43 of module pipeline_ooo> instead (Safety and Liveness checking is unaffected. Please report a bug.)
@!@!@ENDMSG 2776 @!@!@
@!@!@STARTMSG 2776:0 @!@!@
CostModel lookup failed for expression <line 12, col 56 to line 12, col 72 of module MC>. Reporting costs into <line 28, col 38 to line 28, col 43 of module pipeline_ooo> instead (Safety and Liveness checking is unaffected. Please report a bug.)
@!@!@ENDMSG 2776 @!@!@
@!@!@STARTMSG 2776:0 @!@!@
CostModel lookup failed for expression <line 12, col 66 to line 12, col 72 of module MC>. Reporting costs into <line 28, col 38 to line 28, col 43 of module pipeline_ooo> instead (Safety and Liveness checking is unaffected. Please report a bug.)
@!@!@ENDMSG 2776 @!@!@
@!@!@STARTMSG 2776:0 @!@!@
CostModel lookup failed for expression <line 12, col 67 to line 12, col 71 of module MC>. Reporting costs into <line 28, col 38 to line 28, col 43 of module pipeline_ooo> instead (Safety and Liveness checking is unaffected. Please report a bug.)
@!@!@ENDMSG 2776 @!@!@
@!@!@STARTMSG 2776:0 @!@!@
CostModel lookup failed for expression <line 13, col 4 to line 13, col 73 of module MC>. Reporting costs into <line 28, col 38 to line 28, col 43 of module pipeline_ooo> instead (Safety and Liveness checking is unaffected. Please report a bug.)
@!@!@ENDMSG 2776 @!@!@
@!@!@STARTMSG 2776:0 @!@!@
CostModel lookup failed for expression <line 13, col 6 to line 13, col 13 of module MC>. Reporting costs into <line 28, col 38 to line 28, col 43 of module pipeline_ooo> instead (Safety and Liveness checking is unaffected. Please report a bug.)
@!@!@ENDMSG 2776 @!@!@
@!@!@STARTMSG 2776:0 @!@!@
CostModel lookup failed for expression <line 13, col 16 to line 13, col 27 of module MC>. Reporting costs into <line 28, col 38 to line 28, col 43 of module pipeline_ooo> instead (Safety and Liveness checking is unaffected. Please report a bug.)
@!@!@ENDMSG 2776 @!@!@
@!@!@STARTMSG 2776:0 @!@!@
CostModel lookup failed for expression <line 13, col 25 to line 13, col 27 of module MC>. Reporting costs into <line 28, col 38 to line 28, col 43 of module pipeline_ooo> instead (Safety and Liveness checking is unaffected. Please report a bug.)
@!@!@ENDMSG 2776 @!@!@
@!@!@STARTMSG 2776:0 @!@!@
CostModel lookup failed for expression <line 13, col 30 to line 13, col 40 of module MC>. Reporting costs into <line 28, col 38 to line 28, col 43 of module pipeline_ooo> instead (Safety and Liveness checking is unaffected. Please report a bug.)
@!@!@ENDMSG 2776 @!@!@
@!@!@STARTMSG 2776:0 @!@!@
CostModel lookup failed for expression <line 13, col 38 to line 13, col 40 of module MC>. Reporting costs into <line 28, col 38 to line 28, col 43 of module pipeline_ooo> instead (Safety and Liveness checking is unaffected. Please report a bug.)
@!@!@ENDMSG 2776 @!@!@
@!@!@STARTMSG 2776:0 @!@!@
CostModel lookup failed for expression <line 13, col 43 to line 13, col 52 of module MC>. Reporting costs into <line 28, col 38 to line 28, col 43 of module pipeline_ooo> instead (Safety and Liveness checking is unaffected. Please report a bug.)
@!@!@ENDMSG 2776 @!@!@
@!@!@STARTMSG 2776:0 @!@!@
CostModel lookup failed for expression <line 13, col 51 to line 13, col 52 of module MC>. Reporting costs into <line 28, col 38 to line 28, col 43 of module pipeline_ooo> instead (Safety and Liveness checking is unaffected. Please report a bug.)
@!@!@ENDMSG 2776 @!@!@
@!@!@STARTMSG 2776:0 @!@!@
CostModel lookup failed for expression <line 13, col 55 to line 13, col 71 of module MC>. Reporting costs into <line 28, col 38 to line 28, col 43 of module pipeline_ooo> instead (Safety and Liveness checking is unaffected. Please report a bug.)
@!@!@ENDMSG 2776 @!@!@
@!@!@STARTMSG 2776:0 @!@!@
CostModel lookup failed for expression <line 13, col 65 to line 13, col 71 of module MC>. Reporting costs into <line 28, col 38 to line 28, col 43 of module pipeline_ooo> instead (Safety and Liveness checking is unaffected. Please report a bug.)
@!@!@ENDMSG 2776 @!@!@
@!@!@STARTMSG 2776:0 @!@!@
CostModel lookup failed for expression <line 14, col 4 to line 14, col 74 of module MC>. Reporting costs into <line 28, col 38 to line 28, col 43 of module pipeline_ooo> instead (Safety and Liveness checking is unaffected. Please report a bug.)
@!@!@ENDMSG 2776 @!@!@
@!@!@STARTMSG 2776:0 @!@!@
CostModel lookup failed for expression <line 14, col 6 to line 14, col 13 of module MC>. Reporting costs into <line 28, col 38 to line 28, col 43 of module pipeline_ooo> instead (Safety and Liveness checking is unaffected. Please report a bug.)
@!@!@ENDMSG 2776 @!@!@
@!@!@STARTMSG 2776:0 @!@!@
CostModel lookup failed for expression <line 14, col 16 to line 14, col 27 of module MC>. Reporting costs into <line 28, col 38 to line 28, col 43 of module pipeline_ooo> instead (Safety and Liveness checking is unaffected. Please report a bug.)
@!@!@ENDMSG 2776 @!@!@
@!@!@STARTMSG 2776:0 @!@!@
CostModel lookup failed for expression <line 14, col 25 to line 14, col 27 of module MC>. Reporting costs into <line 28, col 38 to line 28, col 43 of module pipeline_ooo> instead (Safety and Liveness checking is unaffected. Please report a bug.)
@!@!@ENDMSG 2776 @!@!@
@!@!@STARTMSG 2776:0 @!@!@
CostModel lookup failed for expression <line 14, col 30 to line 14, col 40 of module MC>. Reporting costs into <line 28, col 38 to line 28, col 43 of module pipeline_ooo> instead (Safety and Liveness checking is unaffected. Please report a bug.)
@!@!@ENDMSG 2776 @!@!@
@!@!@STARTMSG 2776:0 @!@!@
CostModel lookup failed for expression <line 14, col 38 to line 14, col 40 of module MC>. Reporting costs into <line 28, col 38 to line 28, col 43 of module pipeline_ooo> instead (Safety and Liveness checking is unaffected. Please report a bug.)
@!@!@ENDMSG 2776 @!@!@
@!@!@STARTMSG 2776:0 @!@!@
CostModel lookup failed for expression <line 14, col 43 to line 14, col 53 of module MC>. Reporting costs into <line 28, col 38 to line 28, col 43 of module pipeline_ooo> instead (Safety and Liveness checking is unaffected. Please report a bug.)
@!@!@ENDMSG 2776 @!@!@
@!@!@STARTMSG 2776:0 @!@!@
CostModel lookup failed for expression <line 14, col 51 to line 14, col 53 of module MC>. Reporting costs into <line 28, col 38 to line 28, col 43 of module pipeline_ooo> instead (Safety and Liveness checking is unaffected. Please report a bug.)
@!@!@ENDMSG 2776 @!@!@
@!@!@STARTMSG 2776:0 @!@!@
CostModel lookup failed for expression <line 14, col 56 to line 14, col 72 of module MC>. Reporting costs into <line 28, col 38 to line 28, col 43 of module pipeline_ooo> instead (Safety and Liveness checking is unaffected. Please report a bug.)
@!@!@ENDMSG 2776 @!@!@
@!@!@STARTMSG 2776:0 @!@!@
CostModel lookup failed for expression <line 14, col 66 to line 14, col 72 of module MC>. Reporting costs into <line 28, col 38 to line 28, col 43 of module pipeline_ooo> instead (Safety and Liveness checking is unaffected. Please report a bug.)
@!@!@ENDMSG 2776 @!@!@
@!@!@STARTMSG 2776:0 @!@!@
CostModel lookup failed for expression <line 22, col 34 to line 22, col 34 of module pipeline_ooo>. Reporting costs into <line 28, col 38 to line 28, col 43 of module pipeline_ooo> instead (Safety and Liveness checking is unaffected. Please report a bug.)
@!@!@ENDMSG 2776 @!@!@
@!@!@STARTMSG 2776:0 @!@!@
CostModel lookup failed for expression <line 22, col 12 to line 22, col 56 of module pipeline_ooo>. Reporting costs into <line 28, col 72 to line 28, col 77 of module pipeline_ooo> instead (Safety and Liveness checking is unaffected. Please report a bug.)
@!@!@ENDMSG 2776 @!@!@
@!@!@STARTMSG 2776:0 @!@!@
CostModel lookup failed for expression <line 22, col 15 to line 22, col 19 of module pipeline_ooo>. Reporting costs into <line 28, col 72 to line 28, col 77 of module pipeline_ooo> instead (Safety and Liveness checking is unaffected. Please report a bug.)
@!@!@ENDMSG 2776 @!@!@
@!@!@STARTMSG 2776:0 @!@!@
CostModel lookup failed for expression <line 6, col 1 to line 6, col 4 of module MC>. Reporting costs into <line 28, col 72 to line 28, col 77 of module pipeline_ooo> instead (Safety and Liveness checking is unaffected. Please report a bug.)
@!@!@ENDMSG 2776 @!@!@
@!@!@STARTMSG 2776:0 @!@!@
CostModel lookup failed for expression <line 22, col 26 to line 22, col 41 of module pipeline_ooo>. Reporting costs into <line 28, col 72 to line 28, col 77 of module pipeline_ooo> instead (Safety and Liveness checking is unaffected. Please report a bug.)
@!@!@ENDMSG 2776 @!@!@
@!@!@STARTMSG 2776:0 @!@!@
CostModel lookup failed for expression <line 22, col 26 to line 22, col 35 of module pipeline_ooo>. Reporting costs into <line 28, col 72 to line 28, col 77 of module pipeline_ooo> instead (Safety and Liveness checking is unaffected. Please report a bug.)
@!@!@ENDMSG 2776 @!@!@
@!@!@STARTMSG 2776:0 @!@!@
CostModel lookup failed for expression <line 22, col 26 to line 22, col 32 of module pipeline_ooo>. Reporting costs into <line 28, col 72 to line 28, col 77 of module pipeline_ooo> instead (Safety and Liveness checking is unaffected. Please report a bug.)
@!@!@ENDMSG 2776 @!@!@
@!@!@STARTMSG 2776:0 @!@!@
CostModel lookup failed for expression <line 11, col 1 to line 14, col 77 of module MC>. Reporting costs into <line 28, col 72 to line 28, col 77 of module pipeline_ooo> instead (Safety and Liveness checking is unaffected. Please report a bug.)
@!@!@ENDMSG 2776 @!@!@
@!@!@STARTMSG 2776:0 @!@!@
CostModel lookup failed for expression <line 11, col 4 to line 11, col 75 of module MC>. Reporting costs into <line 28, col 72 to line 28, col 77 of module pipeline_ooo> instead (Safety and Liveness checking is unaffected. Please report a bug.)
@!@!@ENDMSG 2776 @!@!@
@!@!@STARTMSG 2776:0 @!@!@
CostModel lookup failed for expression <line 11, col 6 to line 11, col 13 of module MC>. Reporting costs into <line 28, col 72 to line 28, col 77 of module pipeline_ooo> instead (Safety and Liveness checking is unaffected. Please report a bug.)
@!@!@ENDMSG 2776 @!@!@
@!@!@STARTMSG 2776:0 @!@!@
CostModel lookup failed for expression <line 11, col 16 to line 11, col 27 of module MC>. Reporting costs into <line 28, col 72 to line 28, col 77 of module pipeline_ooo> instead (Safety and Liveness checking is unaffected. Please report a bug.)
@!@!@ENDMSG 2776 @!@!@
@!@!@STARTMSG 2776:0 @!@!@
CostModel lookup failed for expression <line 11, col 25 to line 11, col 27 of module MC>. Reporting costs into <line 28, col 72 to line 28, col 77 of module pipeline_ooo> instead (Safety and Liveness checking is unaffected. Please report a bug.)
@!@!@ENDMSG 2776 @!@!@
@!@!@STARTMSG 2776:0 @!@!@
CostModel lookup failed for expression <line 11, col 30 to line 11, col 42 of module MC>. Reporting costs into <line 28, col 72 to line 28, col 77 of module pipeline_ooo> instead (Safety and Liveness checking is unaffected. Please report a bug.)
@!@!@ENDMSG 2776 @!@!@
@!@!@STARTMSG 2776:0 @!@!@
CostModel lookup failed for expression <line 11, col 38 to line 11, col 42 of module MC>. Reporting costs into <line 28, col 72 to line 28, col 77 of module pipeline_ooo> instead (Safety and Liveness checking is unaffected. Please report a bug.)
@!@!@ENDMSG 2776 @!@!@
@!@!@STARTMSG 2776:0 @!@!@
CostModel lookup failed for expression <line 11, col 45 to line 11, col 54 of module MC>. Reporting costs into <line 28, col 72 to line 28, col 77 of module pipeline_ooo> instead (Safety and Liveness checking is unaffected. Please report a bug.)
@!@!@ENDMSG 2776 @!@!@
@!@!@STARTMSG 2776:0 @!@!@
CostModel lookup failed for expression <line 11, col 53 to line 11, col 54 of module MC>. Reporting costs into <line 28, col 72 to line 28, col 77 of module pipeline_ooo> instead (Safety and Liveness checking is unaffected. Please report a bug.)
@!@!@ENDMSG 2776 @!@!@
@!@!@STARTMSG 2776:0 @!@!@
CostModel lookup failed for expression <line 11, col 57 to line 11, col 73 of module MC>. Reporting costs into <line 28, col 72 to line 28, col 77 of module pipeline_ooo> instead (Safety and Liveness checking is unaffected. Please report a bug.)
@!@!@ENDMSG 2776 @!@!@
@!@!@STARTMSG 2776:0 @!@!@
CostModel lookup failed for expression <line 11, col 67 to line 11, col 73 of module MC>. Reporting costs into <line 28, col 72 to line 28, col 77 of module pipeline_ooo> instead (Safety and Liveness checking is unaffected. Please report a bug.)
@!@!@ENDMSG 2776 @!@!@
@!@!@STARTMSG 2776:0 @!@!@
CostModel lookup failed for expression <line 11, col 68 to line 11, col 72 of module MC>. Reporting costs into <line 28, col 72 to line 28, col 77 of module pipeline_ooo> instead (Safety and Liveness checking is unaffected. Please report a bug.)
@!@!@ENDMSG 2776 @!@!@
@!@!@STARTMSG 2776:0 @!@!@
CostModel lookup failed for expression <line 12, col 4 to line 12, col 74 of module MC>. Reporting costs into <line 28, col 72 to line 28, col 77 of module pipeline_ooo> instead (Safety and Liveness checking is unaffected. Please report a bug.)
@!@!@ENDMSG 2776 @!@!@
@!@!@STARTMSG 2776:0 @!@!@
CostModel lookup failed for expression <line 12, col 6 to line 12, col 13 of module MC>. Reporting costs into <line 28, col 72 to line 28, col 77 of module pipeline_ooo> instead (Safety and Liveness checking is unaffected. Please report a bug.)
@!@!@ENDMSG 2776 @!@!@
@!@!@STARTMSG 2776:0 @!@!@
CostModel lookup failed for expression <line 12, col 16 to line 12, col 27 of module MC>. Reporting costs into <line 28, col 72 to line 28, col 77 of module pipeline_ooo> instead (Safety and Liveness checking is unaffected. Please report a bug.)
@!@!@ENDMSG 2776 @!@!@
@!@!@STARTMSG 2776:0 @!@!@
CostModel lookup failed for expression <line 12, col 25 to line 12, col 27 of module MC>. Reporting costs into <line 28, col 72 to line 28, col 77 of module pipeline_ooo> instead (Safety and Liveness checking is unaffected. Please report a bug.)
@!@!@ENDMSG 2776 @!@!@
@!@!@STARTMSG 2776:0 @!@!@
CostModel lookup failed for expression <line 12, col 30 to line 12, col 40 of module MC>. Reporting costs into <line 28, col 72 to line 28, col 77 of module pipeline_ooo> instead (Safety and Liveness checking is unaffected. Please report a bug.)
@!@!@ENDMSG 2776 @!@!@
@!@!@STARTMSG 2776:0 @!@!@
CostModel lookup failed for expression <line 12, col 38 to line 12, col 40 of module MC>. Reporting costs into <line 28, col 72 to line 28, col 77 of module pipeline_ooo> instead (Safety and Liveness checking is unaffected. Please report a bug.)
@!@!@ENDMSG 2776 @!@!@
@!@!@STARTMSG 2776:0 @!@!@
CostModel lookup failed for expression <line 12, col 43 to line 12, col 53 of module MC>. Reporting costs into <line 28, col 72 to line 28, col 77 of module pipeline_ooo> instead (Safety and Liveness checking is unaffected. Please report a bug.)
@!@!@ENDMSG 2776 @!@!@
@!@!@STARTMSG 2776:0 @!@!@
CostModel lookup failed for expression <line 12, col 51 to line 12, col 53 of module MC>. Reporting costs into <line 28, col 72 to line 28, col 77 of module pipeline_ooo> instead (Safety and Liveness checking is unaffected. Please report a bug.)
@!@!@ENDMSG 2776 @!@!@
@!@!@STARTMSG 2776:0 @!@!@
CostModel lookup failed for expression <line 12, col 56 to line 12, col 72 of module MC>. Reporting costs into <line 28, col 72 to line 28, col 77 of module pipeline_ooo> instead (Safety and Liveness checking is unaffected. Please report a bug.)
@!@!@ENDMSG 2776 @!@!@
@!@!@STARTMSG 2776:0 @!@!@
CostModel lookup failed for expression <line 12, col 66 to line 12, col 72 of module MC>. Reporting costs into <line 28, col 72 to line 28, col 77 of module pipeline_ooo> instead (Safety and Liveness checking is unaffected. Please report a bug.)
@!@!@ENDMSG 2776 @!@!@
@!@!@STARTMSG 2776:0 @!@!@
CostModel lookup failed for expression <line 12, col 67 to line 12, col 71 of module MC>. Reporting costs into <line 28, col 72 to line 28, col 77 of module pipeline_ooo> instead (Safety and Liveness checking is unaffected. Please report a bug.)
@!@!@ENDMSG 2776 @!@!@
@!@!@STARTMSG 2776:0 @!@!@
CostModel lookup failed for expression <line 13, col 4 to line 13, col 73 of module MC>. Reporting costs into <line 28, col 72 to line 28, col 77 of module pipeline_ooo> instead (Safety and Liveness checking is unaffected. Please report a bug.)
@!@!@ENDMSG 2776 @!@!@
@!@!@STARTMSG 2776:0 @!@!@
CostModel lookup failed for expression <line 13, col 6 to line 13, col 13 of module MC>. Reporting costs into <line 28, col 72 to line 28, col 77 of module pipeline_ooo> instead (Safety and Liveness checking is unaffected. Please report a bug.)
@!@!@ENDMSG 2776 @!@!@
@!@!@STARTMSG 2776:0 @!@!@
CostModel lookup failed for expression <line 13, col 16 to line 13, col 27 of module MC>. Reporting costs into <line 28, col 72 to line 28, col 77 of module pipeline_ooo> instead (Safety and Liveness checking is unaffected. Please report a bug.)
@!@!@ENDMSG 2776 @!@!@
@!@!@STARTMSG 2776:0 @!@!@
CostModel lookup failed for expression <line 13, col 25 to line 13, col 27 of module MC>. Reporting costs into <line 28, col 72 to line 28, col 77 of module pipeline_ooo> instead (Safety and Liveness checking is unaffected. Please report a bug.)
@!@!@ENDMSG 2776 @!@!@
@!@!@STARTMSG 2776:0 @!@!@
CostModel lookup failed for expression <line 13, col 30 to line 13, col 40 of module MC>. Reporting costs into <line 28, col 72 to line 28, col 77 of module pipeline_ooo> instead (Safety and Liveness checking is unaffected. Please report a bug.)
@!@!@ENDMSG 2776 @!@!@
@!@!@STARTMSG 2776:0 @!@!@
CostModel lookup failed for expression <line 13, col 38 to line 13, col 40 of module MC>. Reporting costs into <line 28, col 72 to line 28, col 77 of module pipeline_ooo> instead (Safety and Liveness checking is unaffected. Please report a bug.)
@!@!@ENDMSG 2776 @!@!@
@!@!@STARTMSG 2776:0 @!@!@
CostModel lookup failed for expression <line 13, col 43 to line 13, col 52 of module MC>. Reporting costs into <line 28, col 72 to line 28, col 77 of module pipeline_ooo> instead (Safety and Liveness checking is unaffected. Please report a bug.)
@!@!@ENDMSG 2776 @!@!@
@!@!@STARTMSG 2776:0 @!@!@
CostModel lookup failed for expression <line 13, col 51 to line 13, col 52 of module MC>. Reporting costs into <line 28, col 72 to line 28, col 77 of module pipeline_ooo> instead (Safety and Liveness checking is unaffected. Please report a bug.)
@!@!@ENDMSG 2776 @!@!@
@!@!@STARTMSG 2776:0 @!@!@
CostModel lookup failed for expression <line 13, col 55 to line 13, col 71 of module MC>. Reporting costs into <line 28, col 72 to line 28, col 77 of module pipeline_ooo> instead (Safety and Liveness checking is unaffected. Please report a bug.)
@!@!@ENDMSG 2776 @!@!@
@!@!@STARTMSG 2776:0 @!@!@
CostModel lookup failed for expression <line 13, col 65 to line 13, col 71 of module MC>. Reporting costs into <line 28, col 72 to line 28, col 77 of module pipeline_ooo> instead (Safety and Liveness checking is unaffected. Please report a bug.)
@!@!@ENDMSG 2776 @!@!@
@!@!@STARTMSG 2776:0 @!@!@
CostModel lookup failed for expression <line 14, col 4 to line 14, col 74 of module MC>. Reporting costs into <line 28, col 72 to line 28, col 77 of module pipeline_ooo> instead (Safety and Liveness checking is unaffected. Please report a bug.)
@!@!@ENDMSG 2776 @!@!@
@!@!@STARTMSG 2776:0 @!@!@
CostModel lookup failed for expression <line 14, col 6 to line 14, col 13 of module MC>. Reporting costs into <line 28, col 72 to line 28, col 77 of module pipeline_ooo> instead (Safety and Liveness checking is unaffected. Please report a bug.)
@!@!@ENDMSG 2776 @!@!@
@!@!@STARTMSG 2776:0 @!@!@
CostModel lookup failed for expression <line 14, col 16 to line 14, col 27 of module MC>. Reporting costs into <line 28, col 72 to line 28, col 77 of module pipeline_ooo> instead (Safety and Liveness checking is unaffected. Please report a bug.)
@!@!@ENDMSG 2776 @!@!@
@!@!@STARTMSG 2776:0 @!@!@
CostModel lookup failed for expression <line 14, col 25 to line 14, col 27 of module MC>. Reporting costs into <line 28, col 72 to line 28, col 77 of module pipeline_ooo> instead (Safety and Liveness checking is unaffected. Please report a bug.)
@!@!@ENDMSG 2776 @!@!@
@!@!@STARTMSG 2776:0 @!@!@
CostModel lookup failed for expression <line 14, col 30 to line 14, col 40 of module MC>. Reporting costs into <line 28, col 72 to line 28, col 77 of module pipeline_ooo> instead (Safety and Liveness checking is unaffected. Please report a bug.)
@!@!@ENDMSG 2776 @!@!@
@!@!@STARTMSG 2776:0 @!@!@
CostModel lookup failed for expression <line 14, col 38 to line 14, col 40 of module MC>. Reporting costs into <line 28, col 72 to line 28, col 77 of module pipeline_ooo> instead (Safety and Liveness checking is unaffected. Please report a bug.)
@!@!@ENDMSG 2776 @!@!@
@!@!@STARTMSG 2776:0 @!@!@
CostModel lookup failed for expression <line 14, col 43 to line 14, col 53 of module MC>. Reporting costs into <line 28, col 72 to line 28, col 77 of module pipeline_ooo> instead (Safety and Liveness checking is unaffected. Please report a bug.)
@!@!@ENDMSG 2776 @!@!@
@!@!@STARTMSG 2776:0 @!@!@
CostModel lookup failed for expression <line 14, col 51 to line 14, col 53 of module MC>. Reporting costs into <line 28, col 72 to line 28, col 77 of module pipeline_ooo> instead (Safety and Liveness checking is unaffected. Please report a bug.)
@!@!@ENDMSG 2776 @!@!@
@!@!@STARTMSG 2776:0 @!@!@
CostModel lookup failed for expression <line 14, col 56 to line 14, col 72 of module MC>. Reporting costs into <line 28, col 72 to line 28, col 77 of module pipeline_ooo> instead (Safety and Liveness checking is unaffected. Please report a bug.)
@!@!@ENDMSG 2776 @!@!@
@!@!@STARTMSG 2776:0 @!@!@
CostModel lookup failed for expression <line 14, col 66 to line 14, col 72 of module MC>. Reporting costs into <line 28, col 72 to line 28, col 77 of module pipeline_ooo> instead (Safety and Liveness checking is unaffected. Please report a bug.)
@!@!@ENDMSG 2776 @!@!@
@!@!@STARTMSG 2776:0 @!@!@
CostModel lookup failed for expression <line 22, col 34 to line 22, col 34 of module pipeline_ooo>. Reporting costs into <line 28, col 72 to line 28, col 77 of module pipeline_ooo> instead (Safety and Liveness checking is unaffected. Please report a bug.)
@!@!@ENDMSG 2776 @!@!@
@!@!@STARTMSG 2776:0 @!@!@
CostModel lookup failed for expression <line 23, col 13 to line 23, col 27 of module pipeline_ooo>. Reporting costs into <line 28, col 38 to line 28, col 43 of module pipeline_ooo> instead (Safety and Liveness checking is unaffected. Please report a bug.)
@!@!@ENDMSG 2776 @!@!@
@!@!@STARTMSG 2776:0 @!@!@
CostModel lookup failed for expression <line 23, col 13 to line 23, col 22 of module pipeline_ooo>. Reporting costs into <line 28, col 38 to line 28, col 43 of module pipeline_ooo> instead (Safety and Liveness checking is unaffected. Please report a bug.)
@!@!@ENDMSG 2776 @!@!@
@!@!@STARTMSG 2776:0 @!@!@
CostModel lookup failed for expression <line 23, col 13 to line 23, col 19 of module pipeline_ooo>. Reporting costs into <line 28, col 38 to line 28, col 43 of module pipeline_ooo> instead (Safety and Liveness checking is unaffected. Please report a bug.)
@!@!@ENDMSG 2776 @!@!@
@!@!@STARTMSG 2776:0 @!@!@
CostModel lookup failed for expression <line 11, col 1 to line 14, col 77 of module MC>. Reporting costs into <line 28, col 38 to line 28, col 43 of module pipeline_ooo> instead (Safety and Liveness checking is unaffected. Please report a bug.)
@!@!@ENDMSG 2776 @!@!@
@!@!@STARTMSG 2776:0 @!@!@
CostModel lookup failed for expression <line 11, col 4 to line 11, col 75 of module MC>. Reporting costs into <line 28, col 38 to line 28, col 43 of module pipeline_ooo> instead (Safety and Liveness checking is unaffected. Please report a bug.)
@!@!@ENDMSG 2776 @!@!@
@!@!@STARTMSG 2776:0 @!@!@
CostModel lookup failed for expression <line 11, col 6 to line 11, col 13 of module MC>. Reporting costs into <line 28, col 38 to line 28, col 43 of module pipeline_ooo> instead (Safety and Liveness checking is unaffected. Please report a bug.)
@!@!@ENDMSG 2776 @!@!@
@!@!@STARTMSG 2776:0 @!@!@
CostModel lookup failed for expression <line 11, col 16 to line 11, col 27 of module MC>. Reporting costs into <line 28, col 38 to line 28, col 43 of module pipeline_ooo> instead (Safety and Liveness checking is unaffected. Please report a bug.)
@!@!@ENDMSG 2776 @!@!@
@!@!@STARTMSG 2776:0 @!@!@
CostModel lookup failed for expression <line 11, col 25 to line 11, col 27 of module MC>. Reporting costs into <line 28, col 38 to line 28, col 43 of module pipeline_ooo> instead (Safety and Liveness checking is unaffected. Please report a bug.)
@!@!@ENDMSG 2776 @!@!@
@!@!@STARTMSG 2776:0 @!@!@
CostModel lookup failed for expression <line 11, col 30 to line 11, col 42 of module MC>. Reporting costs into <line 28, col 38 to line 28, col 43 of module pipeline_ooo> instead (Safety and Liveness checking is unaffected. Please report a bug.)
@!@!@ENDMSG 2776 @!@!@
@!@!@STARTMSG 2776:0 @!@!@
CostModel lookup failed for expression <line 11, col 38 to line 11, col 42 of module MC>. Reporting costs into <line 28, col 38 to line 28, col 43 of module pipeline_ooo> instead (Safety and Liveness checking is unaffected. Please report a bug.)
@!@!@ENDMSG 2776 @!@!@
@!@!@STARTMSG 2776:0 @!@!@
CostModel lookup failed for expression <line 11, col 45 to line 11, col 54 of module MC>. Reporting costs into <line 28, col 38 to line 28, col 43 of module pipeline_ooo> instead (Safety and Liveness checking is unaffected. Please report a bug.)
@!@!@ENDMSG 2776 @!@!@
@!@!@STARTMSG 2776:0 @!@!@
CostModel lookup failed for expression <line 11, col 53 to line 11, col 54 of module MC>. Reporting costs into <line 28, col 38 to line 28, col 43 of module pipeline_ooo> instead (Safety and Liveness checking is unaffected. Please report a bug.)
@!@!@ENDMSG 2776 @!@!@
@!@!@STARTMSG 2776:0 @!@!@
CostModel lookup failed for expression <line 11, col 57 to line 11, col 73 of module MC>. Reporting costs into <line 28, col 38 to line 28, col 43 of module pipeline_ooo> instead (Safety and Liveness checking is unaffected. Please report a bug.)
@!@!@ENDMSG 2776 @!@!@
@!@!@STARTMSG 2776:0 @!@!@
CostModel lookup failed for expression <line 11, col 67 to line 11, col 73 of module MC>. Reporting costs into <line 28, col 38 to line 28, col 43 of module pipeline_ooo> instead (Safety and Liveness checking is unaffected. Please report a bug.)
@!@!@ENDMSG 2776 @!@!@
@!@!@STARTMSG 2776:0 @!@!@
CostModel lookup failed for expression <line 11, col 68 to line 11, col 72 of module MC>. Reporting costs into <line 28, col 38 to line 28, col 43 of module pipeline_ooo> instead (Safety and Liveness checking is unaffected. Please report a bug.)
@!@!@ENDMSG 2776 @!@!@
@!@!@STARTMSG 2776:0 @!@!@
CostModel lookup failed for expression <line 12, col 4 to line 12, col 74 of module MC>. Reporting costs into <line 28, col 38 to line 28, col 43 of module pipeline_ooo> instead (Safety and Liveness checking is unaffected. Please report a bug.)
@!@!@ENDMSG 2776 @!@!@
@!@!@STARTMSG 2776:0 @!@!@
CostModel lookup failed for expression <line 12, col 6 to line 12, col 13 of module MC>. Reporting costs into <line 28, col 38 to line 28, col 43 of module pipeline_ooo> instead (Safety and Liveness checking is unaffected. Please report a bug.)
@!@!@ENDMSG 2776 @!@!@
@!@!@STARTMSG 2776:0 @!@!@
CostModel lookup failed for expression <line 12, col 16 to line 12, col 27 of module MC>. Reporting costs into <line 28, col 38 to line 28, col 43 of module pipeline_ooo> instead (Safety and Liveness checking is unaffected. Please report a bug.)
@!@!@ENDMSG 2776 @!@!@
@!@!@STARTMSG 2776:0 @!@!@
CostModel lookup failed for expression <line 12, col 25 to line 12, col 27 of module MC>. Reporting costs into <line 28, col 38 to line 28, col 43 of module pipeline_ooo> instead (Safety and Liveness checking is unaffected. Please report a bug.)
@!@!@ENDMSG 2776 @!@!@
@!@!@STARTMSG 2776:0 @!@!@
CostModel lookup failed for expression <line 12, col 30 to line 12, col 40 of module MC>. Reporting costs into <line 28, col 38 to line 28, col 43 of module pipeline_ooo> instead (Safety and Liveness checking is unaffected. Please report a bug.)
@!@!@ENDMSG 2776 @!@!@
@!@!@STARTMSG 2776:0 @!@!@
CostModel lookup failed for expression <line 12, col 38 to line 12, col 40 of module MC>. Reporting costs into <line 28, col 38 to line 28, col 43 of module pipeline_ooo> instead (Safety and Liveness checking is unaffected. Please report a bug.)
@!@!@ENDMSG 2776 @!@!@
@!@!@STARTMSG 2776:0 @!@!@
CostModel lookup failed for expression <line 12, col 43 to line 12, col 53 of module MC>. Reporting costs into <line 28, col 38 to line 28, col 43 of module pipeline_ooo> instead (Safety and Liveness checking is unaffected. Please report a bug.)
@!@!@ENDMSG 2776 @!@!@
@!@!@STARTMSG 2776:0 @!@!@
CostModel lookup failed for expression <line 12, col 51 to line 12, col 53 of module MC>. Reporting costs into <line 28, col 38 to line 28, col 43 of module pipeline_ooo> instead (Safety and Liveness checking is unaffected. Please report a bug.)
@!@!@ENDMSG 2776 @!@!@
@!@!@STARTMSG 2776:0 @!@!@
CostModel lookup failed for expression <line 12, col 56 to line 12, col 72 of module MC>. Reporting costs into <line 28, col 38 to line 28, col 43 of module pipeline_ooo> instead (Safety and Liveness checking is unaffected. Please report a bug.)
@!@!@ENDMSG 2776 @!@!@
@!@!@STARTMSG 2776:0 @!@!@
CostModel lookup failed for expression <line 12, col 66 to line 12, col 72 of module MC>. Reporting costs into <line 28, col 38 to line 28, col 43 of module pipeline_ooo> instead (Safety and Liveness checking is unaffected. Please report a bug.)
@!@!@ENDMSG 2776 @!@!@
@!@!@STARTMSG 2776:0 @!@!@
CostModel lookup failed for expression <line 12, col 67 to line 12, col 71 of module MC>. Reporting costs into <line 28, col 38 to line 28, col 43 of module pipeline_ooo> instead (Safety and Liveness checking is unaffected. Please report a bug.)
@!@!@ENDMSG 2776 @!@!@
@!@!@STARTMSG 2776:0 @!@!@
CostModel lookup failed for expression <line 13, col 4 to line 13, col 73 of module MC>. Reporting costs into <line 28, col 38 to line 28, col 43 of module pipeline_ooo> instead (Safety and Liveness checking is unaffected. Please report a bug.)
@!@!@ENDMSG 2776 @!@!@
@!@!@STARTMSG 2776:0 @!@!@
CostModel lookup failed for expression <line 13, col 6 to line 13, col 13 of module MC>. Reporting costs into <line 28, col 38 to line 28, col 43 of module pipeline_ooo> instead (Safety and Liveness checking is unaffected. Please report a bug.)
@!@!@ENDMSG 2776 @!@!@
@!@!@STARTMSG 2776:0 @!@!@
CostModel lookup failed for expression <line 13, col 16 to line 13, col 27 of module MC>. Reporting costs into <line 28, col 38 to line 28, col 43 of module pipeline_ooo> instead (Safety and Liveness checking is unaffected. Please report a bug.)
@!@!@ENDMSG 2776 @!@!@
@!@!@STARTMSG 2776:0 @!@!@
CostModel lookup failed for expression <line 13, col 25 to line 13, col 27 of module MC>. Reporting costs into <line 28, col 38 to line 28, col 43 of module pipeline_ooo> instead (Safety and Liveness checking is unaffected. Please report a bug.)
@!@!@ENDMSG 2776 @!@!@
@!@!@STARTMSG 2776:0 @!@!@
CostModel lookup failed for expression <line 13, col 30 to line 13, col 40 of module MC>. Reporting costs into <line 28, col 38 to line 28, col 43 of module pipeline_ooo> instead (Safety and Liveness checking is unaffected. Please report a bug.)
@!@!@ENDMSG 2776 @!@!@
@!@!@STARTMSG 2776:0 @!@!@
CostModel lookup failed for expression <line 13, col 38 to line 13, col 40 of module MC>. Reporting costs into <line 28, col 38 to line 28, col 43 of module pipeline_ooo> instead (Safety and Liveness checking is unaffected. Please report a bug.)
@!@!@ENDMSG 2776 @!@!@
@!@!@STARTMSG 2776:0 @!@!@
CostModel lookup failed for expression <line 13, col 43 to line 13, col 52 of module MC>. Reporting costs into <line 28, col 38 to line 28, col 43 of module pipeline_ooo> instead (Safety and Liveness checking is unaffected. Please report a bug.)
@!@!@ENDMSG 2776 @!@!@
@!@!@STARTMSG 2776:0 @!@!@
CostModel lookup failed for expression <line 13, col 51 to line 13, col 52 of module MC>. Reporting costs into <line 28, col 38 to line 28, col 43 of module pipeline_ooo> instead (Safety and Liveness checking is unaffected. Please report a bug.)
@!@!@ENDMSG 2776 @!@!@
@!@!@STARTMSG 2776:0 @!@!@
CostModel lookup failed for expression <line 13, col 55 to line 13, col 71 of module MC>. Reporting costs into <line 28, col 38 to line 28, col 43 of module pipeline_ooo> instead (Safety and Liveness checking is unaffected. Please report a bug.)
@!@!@ENDMSG 2776 @!@!@
@!@!@STARTMSG 2776:0 @!@!@
CostModel lookup failed for expression <line 13, col 65 to line 13, col 71 of module MC>. Reporting costs into <line 28, col 38 to line 28, col 43 of module pipeline_ooo> instead (Safety and Liveness checking is unaffected. Please report a bug.)
@!@!@ENDMSG 2776 @!@!@
@!@!@STARTMSG 2776:0 @!@!@
CostModel lookup failed for expression <line 14, col 4 to line 14, col 74 of module MC>. Reporting costs into <line 28, col 38 to line 28, col 43 of module pipeline_ooo> instead (Safety and Liveness checking is unaffected. Please report a bug.)
@!@!@ENDMSG 2776 @!@!@
@!@!@STARTMSG 2776:0 @!@!@
CostModel lookup failed for expression <line 14, col 6 to line 14, col 13 of module MC>. Reporting costs into <line 28, col 38 to line 28, col 43 of module pipeline_ooo> instead (Safety and Liveness checking is unaffected. Please report a bug.)
@!@!@ENDMSG 2776 @!@!@
@!@!@STARTMSG 2776:0 @!@!@
CostModel lookup failed for expression <line 14, col 16 to line 14, col 27 of module MC>. Reporting costs into <line 28, col 38 to line 28, col 43 of module pipeline_ooo> instead (Safety and Liveness checking is unaffected. Please report a bug.)
@!@!@ENDMSG 2776 @!@!@
@!@!@STARTMSG 2776:0 @!@!@
CostModel lookup failed for expression <line 14, col 25 to line 14, col 27 of module MC>. Reporting costs into <line 28, col 38 to line 28, col 43 of module pipeline_ooo> instead (Safety and Liveness checking is unaffected. Please report a bug.)
@!@!@ENDMSG 2776 @!@!@
@!@!@STARTMSG 2776:0 @!@!@
CostModel lookup failed for expression <line 14, col 30 to line 14, col 40 of module MC>. Reporting costs into <line 28, col 38 to line 28, col 43 of module pipeline_ooo> instead (Safety and Liveness checking is unaffected. Please report a bug.)
@!@!@ENDMSG 2776 @!@!@
@!@!@STARTMSG 2776:0 @!@!@
CostModel lookup failed for expression <line 14, col 38 to line 14, col 40 of module MC>. Reporting costs into <line 28, col 38 to line 28, col 43 of module pipeline_ooo> instead (Safety and Liveness checking is unaffected. Please report a bug.)
@!@!@ENDMSG 2776 @!@!@
@!@!@STARTMSG 2776:0 @!@!@
CostModel lookup failed for expression <line 14, col 43 to line 14, col 53 of module MC>. Reporting costs into <line 28, col 38 to line 28, col 43 of module pipeline_ooo> instead (Safety and Liveness checking is unaffected. Please report a bug.)
@!@!@ENDMSG 2776 @!@!@
@!@!@STARTMSG 2776:0 @!@!@
CostModel lookup failed for expression <line 14, col 51 to line 14, col 53 of module MC>. Reporting costs into <line 28, col 38 to line 28, col 43 of module pipeline_ooo> instead (Safety and Liveness checking is unaffected. Please report a bug.)
@!@!@ENDMSG 2776 @!@!@
@!@!@STARTMSG 2776:0 @!@!@
CostModel lookup failed for expression <line 14, col 56 to line 14, col 72 of module MC>. Reporting costs into <line 28, col 38 to line 28, col 43 of module pipeline_ooo> instead (Safety and Liveness checking is unaffected. Please report a bug.)
@!@!@ENDMSG 2776 @!@!@
@!@!@STARTMSG 2776:0 @!@!@
CostModel lookup failed for expression <line 14, col 66 to line 14, col 72 of module MC>. Reporting costs into <line 28, col 38 to line 28, col 43 of module pipeline_ooo> instead (Safety and Liveness checking is unaffected. Please report a bug.)
@!@!@ENDMSG 2776 @!@!@
@!@!@STARTMSG 2776:0 @!@!@
CostModel lookup failed for expression <line 23, col 21 to line 23, col 21 of module pipeline_ooo>. Reporting costs into <line 28, col 38 to line 28, col 43 of module pipeline_ooo> instead (Safety and Liveness checking is unaffected. Please report a bug.)
@!@!@ENDMSG 2776 @!@!@
@!@!@STARTMSG 2776:0 @!@!@
CostModel lookup failed for expression <line 23, col 13 to line 23, col 27 of module pipeline_ooo>. Reporting costs into <line 28, col 72 to line 28, col 77 of module pipeline_ooo> instead (Safety and Liveness checking is unaffected. Please report a bug.)
@!@!@ENDMSG 2776 @!@!@
@!@!@STARTMSG 2776:0 @!@!@
CostModel lookup failed for expression <line 23, col 13 to line 23, col 22 of module pipeline_ooo>. Reporting costs into <line 28, col 72 to line 28, col 77 of module pipeline_ooo> instead (Safety and Liveness checking is unaffected. Please report a bug.)
@!@!@ENDMSG 2776 @!@!@
@!@!@STARTMSG 2776:0 @!@!@
CostModel lookup failed for expression <line 23, col 13 to line 23, col 19 of module pipeline_ooo>. Reporting costs into <line 28, col 72 to line 28, col 77 of module pipeline_ooo> instead (Safety and Liveness checking is unaffected. Please report a bug.)
@!@!@ENDMSG 2776 @!@!@
@!@!@STARTMSG 2776:0 @!@!@
CostModel lookup failed for expression <line 11, col 1 to line 14, col 77 of module MC>. Reporting costs into <line 28, col 72 to line 28, col 77 of module pipeline_ooo> instead (Safety and Liveness checking is unaffected. Please report a bug.)
@!@!@ENDMSG 2776 @!@!@
@!@!@STARTMSG 2776:0 @!@!@
CostModel lookup failed for expression <line 11, col 4 to line 11, col 75 of module MC>. Reporting costs into <line 28, col 72 to line 28, col 77 of module pipeline_ooo> instead (Safety and Liveness checking is unaffected. Please report a bug.)
@!@!@ENDMSG 2776 @!@!@
@!@!@STARTMSG 2776:0 @!@!@
CostModel lookup failed for expression <line 11, col 6 to line 11, col 13 of module MC>. Reporting costs into <line 28, col 72 to line 28, col 77 of module pipeline_ooo> instead (Safety and Liveness checking is unaffected. Please report a bug.)
@!@!@ENDMSG 2776 @!@!@
@!@!@STARTMSG 2776:0 @!@!@
CostModel lookup failed for expression <line 11, col 16 to line 11, col 27 of module MC>. Reporting costs into <line 28, col 72 to line 28, col 77 of module pipeline_ooo> instead (Safety and Liveness checking is unaffected. Please report a bug.)
@!@!@ENDMSG 2776 @!@!@
@!@!@STARTMSG 2776:0 @!@!@
CostModel lookup failed for expression <line 11, col 25 to line 11, col 27 of module MC>. Reporting costs into <line 28, col 72 to line 28, col 77 of module pipeline_ooo> instead (Safety and Liveness checking is unaffected. Please report a bug.)
@!@!@ENDMSG 2776 @!@!@
@!@!@STARTMSG 2776:0 @!@!@
CostModel lookup failed for expression <line 11, col 30 to line 11, col 42 of module MC>. Reporting costs into <line 28, col 72 to line 28, col 77 of module pipeline_ooo> instead (Safety and Liveness checking is unaffected. Please report a bug.)
@!@!@ENDMSG 2776 @!@!@
@!@!@STARTMSG 2776:0 @!@!@
CostModel lookup failed for expression <line 11, col 38 to line 11, col 42 of module MC>. Reporting costs into <line 28, col 72 to line 28, col 77 of module pipeline_ooo> instead (Safety and Liveness checking is unaffected. Please report a bug.)
@!@!@ENDMSG 2776 @!@!@
@!@!@STARTMSG 2776:0 @!@!@
CostModel lookup failed for expression <line 11, col 45 to line 11, col 54 of module MC>. Reporting costs into <line 28, col 72 to line 28, col 77 of module pipeline_ooo> instead (Safety and Liveness checking is unaffected. Please report a bug.)
@!@!@ENDMSG 2776 @!@!@
@!@!@STARTMSG 2776:0 @!@!@
CostModel lookup failed for expression <line 11, col 53 to line 11, col 54 of module MC>. Reporting costs into <line 28, col 72 to line 28, col 77 of module pipeline_ooo> instead (Safety and Liveness checking is unaffected. Please report a bug.)
@!@!@ENDMSG 2776 @!@!@
@!@!@STARTMSG 2776:0 @!@!@
CostModel lookup failed for expression <line 11, col 57 to line 11, col 73 of module MC>. Reporting costs into <line 28, col 72 to line 28, col 77 of module pipeline_ooo> instead (Safety and Liveness checking is unaffected. Please report a bug.)
@!@!@ENDMSG 2776 @!@!@
@!@!@STARTMSG 2776:0 @!@!@
CostModel lookup failed for expression <line 11, col 67 to line 11, col 73 of module MC>. Reporting costs into <line 28, col 72 to line 28, col 77 of module pipeline_ooo> instead (Safety and Liveness checking is unaffected. Please report a bug.)
@!@!@ENDMSG 2776 @!@!@
@!@!@STARTMSG 2776:0 @!@!@
CostModel lookup failed for expression <line 11, col 68 to line 11, col 72 of module MC>. Reporting costs into <line 28, col 72 to line 28, col 77 of module pipeline_ooo> instead (Safety and Liveness checking is unaffected. Please report a bug.)
@!@!@ENDMSG 2776 @!@!@
@!@!@STARTMSG 2776:0 @!@!@
CostModel lookup failed for expression <line 12, col 4 to line 12, col 74 of module MC>. Reporting costs into <line 28, col 72 to line 28, col 77 of module pipeline_ooo> instead (Safety and Liveness checking is unaffected. Please report a bug.)
@!@!@ENDMSG 2776 @!@!@
@!@!@STARTMSG 2776:0 @!@!@
CostModel lookup failed for expression <line 12, col 6 to line 12, col 13 of module MC>. Reporting costs into <line 28, col 72 to line 28, col 77 of module pipeline_ooo> instead (Safety and Liveness checking is unaffected. Please report a bug.)
@!@!@ENDMSG 2776 @!@!@
@!@!@STARTMSG 2776:0 @!@!@
CostModel lookup failed for expression <line 12, col 16 to line 12, col 27 of module MC>. Reporting costs into <line 28, col 72 to line 28, col 77 of module pipeline_ooo> instead (Safety and Liveness checking is unaffected. Please report a bug.)
@!@!@ENDMSG 2776 @!@!@
@!@!@STARTMSG 2776:0 @!@!@
CostModel lookup failed for expression <line 12, col 25 to line 12, col 27 of module MC>. Reporting costs into <line 28, col 72 to line 28, col 77 of module pipeline_ooo> instead (Safety and Liveness checking is unaffected. Please report a bug.)
@!@!@ENDMSG 2776 @!@!@
@!@!@STARTMSG 2776:0 @!@!@
CostModel lookup failed for expression <line 12, col 30 to line 12, col 40 of module MC>. Reporting costs into <line 28, col 72 to line 28, col 77 of module pipeline_ooo> instead (Safety and Liveness checking is unaffected. Please report a bug.)
@!@!@ENDMSG 2776 @!@!@
@!@!@STARTMSG 2776:0 @!@!@
CostModel lookup failed for expression <line 12, col 38 to line 12, col 40 of module MC>. Reporting costs into <line 28, col 72 to line 28, col 77 of module pipeline_ooo> instead (Safety and Liveness checking is unaffected. Please report a bug.)
@!@!@ENDMSG 2776 @!@!@
@!@!@STARTMSG 2776:0 @!@!@
CostModel lookup failed for expression <line 12, col 43 to line 12, col 53 of module MC>. Reporting costs into <line 28, col 72 to line 28, col 77 of module pipeline_ooo> instead (Safety and Liveness checking is unaffected. Please report a bug.)
@!@!@ENDMSG 2776 @!@!@
@!@!@STARTMSG 2776:0 @!@!@
CostModel lookup failed for expression <line 12, col 51 to line 12, col 53 of module MC>. Reporting costs into <line 28, col 72 to line 28, col 77 of module pipeline_ooo> instead (Safety and Liveness checking is unaffected. Please report a bug.)
@!@!@ENDMSG 2776 @!@!@
@!@!@STARTMSG 2776:0 @!@!@
CostModel lookup failed for expression <line 12, col 56 to line 12, col 72 of module MC>. Reporting costs into <line 28, col 72 to line 28, col 77 of module pipeline_ooo> instead (Safety and Liveness checking is unaffected. Please report a bug.)
@!@!@ENDMSG 2776 @!@!@
@!@!@STARTMSG 2776:0 @!@!@
CostModel lookup failed for expression <line 12, col 66 to line 12, col 72 of module MC>. Reporting costs into <line 28, col 72 to line 28, col 77 of module pipeline_ooo> instead (Safety and Liveness checking is unaffected. Please report a bug.)
@!@!@ENDMSG 2776 @!@!@
@!@!@STARTMSG 2776:0 @!@!@
CostModel lookup failed for expression <line 12, col 67 to line 12, col 71 of module MC>. Reporting costs into <line 28, col 72 to line 28, col 77 of module pipeline_ooo> instead (Safety and Liveness checking is unaffected. Please report a bug.)
@!@!@ENDMSG 2776 @!@!@
@!@!@STARTMSG 2776:0 @!@!@
CostModel lookup failed for expression <line 13, col 4 to line 13, col 73 of module MC>. Reporting costs into <line 28, col 72 to line 28, col 77 of module pipeline_ooo> instead (Safety and Liveness checking is unaffected. Please report a bug.)
@!@!@ENDMSG 2776 @!@!@
@!@!@STARTMSG 2776:0 @!@!@
CostModel lookup failed for expression <line 13, col 6 to line 13, col 13 of module MC>. Reporting costs into <line 28, col 72 to line 28, col 77 of module pipeline_ooo> instead (Safety and Liveness checking is unaffected. Please report a bug.)
@!@!@ENDMSG 2776 @!@!@
@!@!@STARTMSG 2776:0 @!@!@
CostModel lookup failed for expression <line 13, col 16 to line 13, col 27 of module MC>. Reporting costs into <line 28, col 72 to line 28, col 77 of module pipeline_ooo> instead (Safety and Liveness checking is unaffected. Please report a bug.)
@!@!@ENDMSG 2776 @!@!@
@!@!@STARTMSG 2776:0 @!@!@
CostModel lookup failed for expression <line 13, col 25 to line 13, col 27 of module MC>. Reporting costs into <line 28, col 72 to line 28, col 77 of module pipeline_ooo> instead (Safety and Liveness checking is unaffected. Please report a bug.)
@!@!@ENDMSG 2776 @!@!@
@!@!@STARTMSG 2776:0 @!@!@
CostModel lookup failed for expression <line 13, col 30 to line 13, col 40 of module MC>. Reporting costs into <line 28, col 72 to line 28, col 77 of module pipeline_ooo> instead (Safety and Liveness checking is unaffected. Please report a bug.)
@!@!@ENDMSG 2776 @!@!@
@!@!@STARTMSG 2776:0 @!@!@
CostModel lookup failed for expression <line 13, col 38 to line 13, col 40 of module MC>. Reporting costs into <line 28, col 72 to line 28, col 77 of module pipeline_ooo> instead (Safety and Liveness checking is unaffected. Please report a bug.)
@!@!@ENDMSG 2776 @!@!@
@!@!@STARTMSG 2776:0 @!@!@
CostModel lookup failed for expression <line 13, col 43 to line 13, col 52 of module MC>. Reporting costs into <line 28, col 72 to line 28, col 77 of module pipeline_ooo> instead (Safety and Liveness checking is unaffected. Please report a bug.)
@!@!@ENDMSG 2776 @!@!@
@!@!@STARTMSG 2776:0 @!@!@
CostModel lookup failed for expression <line 13, col 51 to line 13, col 52 of module MC>. Reporting costs into <line 28, col 72 to line 28, col 77 of module pipeline_ooo> instead (Safety and Liveness checking is unaffected. Please report a bug.)
@!@!@ENDMSG 2776 @!@!@
@!@!@STARTMSG 2776:0 @!@!@
CostModel lookup failed for expression <line 13, col 55 to line 13, col 71 of module MC>. Reporting costs into <line 28, col 72 to line 28, col 77 of module pipeline_ooo> instead (Safety and Liveness checking is unaffected. Please report a bug.)
@!@!@ENDMSG 2776 @!@!@
@!@!@STARTMSG 2776:0 @!@!@
CostModel lookup failed for expression <line 13, col 65 to line 13, col 71 of module MC>. Reporting costs into <line 28, col 72 to line 28, col 77 of module pipeline_ooo> instead (Safety and Liveness checking is unaffected. Please report a bug.)
@!@!@ENDMSG 2776 @!@!@
@!@!@STARTMSG 2776:0 @!@!@
CostModel lookup failed for expression <line 14, col 4 to line 14, col 74 of module MC>. Reporting costs into <line 28, col 72 to line 28, col 77 of module pipeline_ooo> instead (Safety and Liveness checking is unaffected. Please report a bug.)
@!@!@ENDMSG 2776 @!@!@
@!@!@STARTMSG 2776:0 @!@!@
CostModel lookup failed for expression <line 14, col 6 to line 14, col 13 of module MC>. Reporting costs into <line 28, col 72 to line 28, col 77 of module pipeline_ooo> instead (Safety and Liveness checking is unaffected. Please report a bug.)
@!@!@ENDMSG 2776 @!@!@
@!@!@STARTMSG 2776:0 @!@!@
CostModel lookup failed for expression <line 14, col 16 to line 14, col 27 of module MC>. Reporting costs into <line 28, col 72 to line 28, col 77 of module pipeline_ooo> instead (Safety and Liveness checking is unaffected. Please report a bug.)
@!@!@ENDMSG 2776 @!@!@
@!@!@STARTMSG 2776:0 @!@!@
CostModel lookup failed for expression <line 14, col 25 to line 14, col 27 of module MC>. Reporting costs into <line 28, col 72 to line 28, col 77 of module pipeline_ooo> instead (Safety and Liveness checking is unaffected. Please report a bug.)
@!@!@ENDMSG 2776 @!@!@
@!@!@STARTMSG 2776:0 @!@!@
CostModel lookup failed for expression <line 14, col 30 to line 14, col 40 of module MC>. Reporting costs into <line 28, col 72 to line 28, col 77 of module pipeline_ooo> instead (Safety and Liveness checking is unaffected. Please report a bug.)
@!@!@ENDMSG 2776 @!@!@
@!@!@STARTMSG 2776:0 @!@!@
CostModel lookup failed for expression <line 14, col 38 to line 14, col 40 of module MC>. Reporting costs into <line 28, col 72 to line 28, col 77 of module pipeline_ooo> instead (Safety and Liveness checking is unaffected. Please report a bug.)
@!@!@ENDMSG 2776 @!@!@
@!@!@STARTMSG 2776:0 @!@!@
CostModel lookup failed for expression <line 14, col 43 to line 14, col 53 of module MC>. Reporting costs into <line 28, col 72 to line 28, col 77 of module pipeline_ooo> instead (Safety and Liveness checking is unaffected. Please report a bug.)
@!@!@ENDMSG 2776 @!@!@
@!@!@STARTMSG 2776:0 @!@!@
CostModel lookup failed for expression <line 14, col 51 to line 14, col 53 of module MC>. Reporting costs into <line 28, col 72 to line 28, col 77 of module pipeline_ooo> instead (Safety and Liveness checking is unaffected. Please report a bug.)
@!@!@ENDMSG 2776 @!@!@
@!@!@STARTMSG 2776:0 @!@!@
CostModel lookup failed for expression <line 14, col 56 to line 14, col 72 of module MC>. Reporting costs into <line 28, col 72 to line 28, col 77 of module pipeline_ooo> instead (Safety and Liveness checking is unaffected. Please report a bug.)
@!@!@ENDMSG 2776 @!@!@
@!@!@STARTMSG 2776:0 @!@!@
CostModel lookup failed for expression <line 14, col 66 to line 14, col 72 of module MC>. Reporting costs into <line 28, col 72 to line 28, col 77 of module pipeline_ooo> instead (Safety and Liveness checking is unaffected. Please report a bug.)
@!@!@ENDMSG 2776 @!@!@
@!@!@STARTMSG 2776:0 @!@!@
CostModel lookup failed for expression <line 23, col 21 to line 23, col 21 of module pipeline_ooo>. Reporting costs into <line 28, col 72 to line 28, col 77 of module pipeline_ooo> instead (Safety and Liveness checking is unaffected. Please report a bug.)
@!@!@ENDMSG 2776 @!@!@
@!@!@STARTMSG 2776:0 @!@!@
CostModel lookup failed for expression <line 24, col 16 to line 24, col 29 of module pipeline_ooo>. Reporting costs into <line 28, col 38 to line 28, col 43 of module pipeline_ooo> instead (Safety and Liveness checking is unaffected. Please report a bug.)
@!@!@ENDMSG 2776 @!@!@
@!@!@STARTMSG 2776:0 @!@!@
CostModel lookup failed for expression <line 24, col 16 to line 24, col 25 of module pipeline_ooo>. Reporting costs into <line 28, col 38 to line 28, col 43 of module pipeline_ooo> instead (Safety and Liveness checking is unaffected. Please report a bug.)
@!@!@ENDMSG 2776 @!@!@
@!@!@STARTMSG 2776:0 @!@!@
CostModel lookup failed for expression <line 24, col 16 to line 24, col 22 of module pipeline_ooo>. Reporting costs into <line 28, col 38 to line 28, col 43 of module pipeline_ooo> instead (Safety and Liveness checking is unaffected. Please report a bug.)
@!@!@ENDMSG 2776 @!@!@
@!@!@STARTMSG 2776:0 @!@!@
CostModel lookup failed for expression <line 11, col 1 to line 14, col 77 of module MC>. Reporting costs into <line 28, col 38 to line 28, col 43 of module pipeline_ooo> instead (Safety and Liveness checking is unaffected. Please report a bug.)
@!@!@ENDMSG 2776 @!@!@
@!@!@STARTMSG 2776:0 @!@!@
CostModel lookup failed for expression <line 11, col 4 to line 11, col 75 of module MC>. Reporting costs into <line 28, col 38 to line 28, col 43 of module pipeline_ooo> instead (Safety and Liveness checking is unaffected. Please report a bug.)
@!@!@ENDMSG 2776 @!@!@
@!@!@STARTMSG 2776:0 @!@!@
CostModel lookup failed for expression <line 11, col 6 to line 11, col 13 of module MC>. Reporting costs into <line 28, col 38 to line 28, col 43 of module pipeline_ooo> instead (Safety and Liveness checking is unaffected. Please report a bug.)
@!@!@ENDMSG 2776 @!@!@
@!@!@STARTMSG 2776:0 @!@!@
CostModel lookup failed for expression <line 11, col 16 to line 11, col 27 of module MC>. Reporting costs into <line 28, col 38 to line 28, col 43 of module pipeline_ooo> instead (Safety and Liveness checking is unaffected. Please report a bug.)
@!@!@ENDMSG 2776 @!@!@
@!@!@STARTMSG 2776:0 @!@!@
CostModel lookup failed for expression <line 11, col 25 to line 11, col 27 of module MC>. Reporting costs into <line 28, col 38 to line 28, col 43 of module pipeline_ooo> instead (Safety and Liveness checking is unaffected. Please report a bug.)
@!@!@ENDMSG 2776 @!@!@
@!@!@STARTMSG 2776:0 @!@!@
CostModel lookup failed for expression <line 11, col 30 to line 11, col 42 of module MC>. Reporting costs into <line 28, col 38 to line 28, col 43 of module pipeline_ooo> instead (Safety and Liveness checking is unaffected. Please report a bug.)
@!@!@ENDMSG 2776 @!@!@
@!@!@STARTMSG 2776:0 @!@!@
CostModel lookup failed for expression <line 11, col 38 to line 11, col 42 of module MC>. Reporting costs into <line 28, col 38 to line 28, col 43 of module pipeline_ooo> instead (Safety and Liveness checking is unaffected. Please report a bug.)
@!@!@ENDMSG 2776 @!@!@
@!@!@STARTMSG 2776:0 @!@!@
CostModel lookup failed for expression <line 11, col 45 to line 11, col 54 of module MC>. Reporting costs into <line 28, col 38 to line 28, col 43 of module pipeline_ooo> instead (Safety and Liveness checking is unaffected. Please report a bug.)
@!@!@ENDMSG 2776 @!@!@
@!@!@STARTMSG 2776:0 @!@!@
CostModel lookup failed for expression <line 11, col 53 to line 11, col 54 of module MC>. Reporting costs into <line 28, col 38 to line 28, col 43 of module pipeline_ooo> instead (Safety and Liveness checking is unaffected. Please report a bug.)
@!@!@ENDMSG 2776 @!@!@
@!@!@STARTMSG 2776:0 @!@!@
CostModel lookup failed for expression <line 11, col 57 to line 11, col 73 of module MC>. Reporting costs into <line 28, col 38 to line 28, col 43 of module pipeline_ooo> instead (Safety and Liveness checking is unaffected. Please report a bug.)
@!@!@ENDMSG 2776 @!@!@
@!@!@STARTMSG 2776:0 @!@!@
CostModel lookup failed for expression <line 11, col 67 to line 11, col 73 of module MC>. Reporting costs into <line 28, col 38 to line 28, col 43 of module pipeline_ooo> instead (Safety and Liveness checking is unaffected. Please report a bug.)
@!@!@ENDMSG 2776 @!@!@
@!@!@STARTMSG 2776:0 @!@!@
CostModel lookup failed for expression <line 11, col 68 to line 11, col 72 of module MC>. Reporting costs into <line 28, col 38 to line 28, col 43 of module pipeline_ooo> instead (Safety and Liveness checking is unaffected. Please report a bug.)
@!@!@ENDMSG 2776 @!@!@
@!@!@STARTMSG 2776:0 @!@!@
CostModel lookup failed for expression <line 12, col 4 to line 12, col 74 of module MC>. Reporting costs into <line 28, col 38 to line 28, col 43 of module pipeline_ooo> instead (Safety and Liveness checking is unaffected. Please report a bug.)
@!@!@ENDMSG 2776 @!@!@
@!@!@STARTMSG 2776:0 @!@!@
CostModel lookup failed for expression <line 12, col 6 to line 12, col 13 of module MC>. Reporting costs into <line 28, col 38 to line 28, col 43 of module pipeline_ooo> instead (Safety and Liveness checking is unaffected. Please report a bug.)
@!@!@ENDMSG 2776 @!@!@
@!@!@STARTMSG 2776:0 @!@!@
CostModel lookup failed for expression <line 12, col 16 to line 12, col 27 of module MC>. Reporting costs into <line 28, col 38 to line 28, col 43 of module pipeline_ooo> instead (Safety and Liveness checking is unaffected. Please report a bug.)
@!@!@ENDMSG 2776 @!@!@
@!@!@STARTMSG 2776:0 @!@!@
CostModel lookup failed for expression <line 12, col 25 to line 12, col 27 of module MC>. Reporting costs into <line 28, col 38 to line 28, col 43 of module pipeline_ooo> instead (Safety and Liveness checking is unaffected. Please report a bug.)
@!@!@ENDMSG 2776 @!@!@
@!@!@STARTMSG 2776:0 @!@!@
CostModel lookup failed for expression <line 12, col 30 to line 12, col 40 of module MC>. Reporting costs into <line 28, col 38 to line 28, col 43 of module pipeline_ooo> instead (Safety and Liveness checking is unaffected. Please report a bug.)
@!@!@ENDMSG 2776 @!@!@
@!@!@STARTMSG 2776:0 @!@!@
CostModel lookup failed for expression <line 12, col 38 to line 12, col 40 of module MC>. Reporting costs into <line 28, col 38 to line 28, col 43 of module pipeline_ooo> instead (Safety and Liveness checking is unaffected. Please report a bug.)
@!@!@ENDMSG 2776 @!@!@
@!@!@STARTMSG 2776:0 @!@!@
CostModel lookup failed for expression <line 12, col 43 to line 12, col 53 of module MC>. Reporting costs into <line 28, col 38 to line 28, col 43 of module pipeline_ooo> instead (Safety and Liveness checking is unaffected. Please report a bug.)
@!@!@ENDMSG 2776 @!@!@
@!@!@STARTMSG 2776:0 @!@!@
CostModel lookup failed for expression <line 12, col 51 to line 12, col 53 of module MC>. Reporting costs into <line 28, col 38 to line 28, col 43 of module pipeline_ooo> instead (Safety and Liveness checking is unaffected. Please report a bug.)
@!@!@ENDMSG 2776 @!@!@
@!@!@STARTMSG 2776:0 @!@!@
CostModel lookup failed for expression <line 12, col 56 to line 12, col 72 of module MC>. Reporting costs into <line 28, col 38 to line 28, col 43 of module pipeline_ooo> instead (Safety and Liveness checking is unaffected. Please report a bug.)
@!@!@ENDMSG 2776 @!@!@
@!@!@STARTMSG 2776:0 @!@!@
CostModel lookup failed for expression <line 12, col 66 to line 12, col 72 of module MC>. Reporting costs into <line 28, col 38 to line 28, col 43 of module pipeline_ooo> instead (Safety and Liveness checking is unaffected. Please report a bug.)
@!@!@ENDMSG 2776 @!@!@
@!@!@STARTMSG 2776:0 @!@!@
CostModel lookup failed for expression <line 12, col 67 to line 12, col 71 of module MC>. Reporting costs into <line 28, col 38 to line 28, col 43 of module pipeline_ooo> instead (Safety and Liveness checking is unaffected. Please report a bug.)
@!@!@ENDMSG 2776 @!@!@
@!@!@STARTMSG 2776:0 @!@!@
CostModel lookup failed for expression <line 13, col 4 to line 13, col 73 of module MC>. Reporting costs into <line 28, col 38 to line 28, col 43 of module pipeline_ooo> instead (Safety and Liveness checking is unaffected. Please report a bug.)
@!@!@ENDMSG 2776 @!@!@
@!@!@STARTMSG 2776:0 @!@!@
CostModel lookup failed for expression <line 13, col 6 to line 13, col 13 of module MC>. Reporting costs into <line 28, col 38 to line 28, col 43 of module pipeline_ooo> instead (Safety and Liveness checking is unaffected. Please report a bug.)
@!@!@ENDMSG 2776 @!@!@
@!@!@STARTMSG 2776:0 @!@!@
CostModel lookup failed for expression <line 13, col 16 to line 13, col 27 of module MC>. Reporting costs into <line 28, col 38 to line 28, col 43 of module pipeline_ooo> instead (Safety and Liveness checking is unaffected. Please report a bug.)
@!@!@ENDMSG 2776 @!@!@
@!@!@STARTMSG 2776:0 @!@!@
CostModel lookup failed for expression <line 13, col 25 to line 13, col 27 of module MC>. Reporting costs into <line 28, col 38 to line 28, col 43 of module pipeline_ooo> instead (Safety and Liveness checking is unaffected. Please report a bug.)
@!@!@ENDMSG 2776 @!@!@
@!@!@STARTMSG 2776:0 @!@!@
CostModel lookup failed for expression <line 13, col 30 to line 13, col 40 of module MC>. Reporting costs into <line 28, col 38 to line 28, col 43 of module pipeline_ooo> instead (Safety and Liveness checking is unaffected. Please report a bug.)
@!@!@ENDMSG 2776 @!@!@
@!@!@STARTMSG 2776:0 @!@!@
CostModel lookup failed for expression <line 13, col 38 to line 13, col 40 of module MC>. Reporting costs into <line 28, col 38 to line 28, col 43 of module pipeline_ooo> instead (Safety and Liveness checking is unaffected. Please report a bug.)
@!@!@ENDMSG 2776 @!@!@
@!@!@STARTMSG 2776:0 @!@!@
CostModel lookup failed for expression <line 13, col 43 to line 13, col 52 of module MC>. Reporting costs into <line 28, col 38 to line 28, col 43 of module pipeline_ooo> instead (Safety and Liveness checking is unaffected. Please report a bug.)
@!@!@ENDMSG 2776 @!@!@
@!@!@STARTMSG 2776:0 @!@!@
CostModel lookup failed for expression <line 13, col 51 to line 13, col 52 of module MC>. Reporting costs into <line 28, col 38 to line 28, col 43 of module pipeline_ooo> instead (Safety and Liveness checking is unaffected. Please report a bug.)
@!@!@ENDMSG 2776 @!@!@
@!@!@STARTMSG 2776:0 @!@!@
CostModel lookup failed for expression <line 13, col 55 to line 13, col 71 of module MC>. Reporting costs into <line 28, col 38 to line 28, col 43 of module pipeline_ooo> instead (Safety and Liveness checking is unaffected. Please report a bug.)
@!@!@ENDMSG 2776 @!@!@
@!@!@STARTMSG 2776:0 @!@!@
CostModel lookup failed for expression <line 13, col 65 to line 13, col 71 of module MC>. Reporting costs into <line 28, col 38 to line 28, col 43 of module pipeline_ooo> instead (Safety and Liveness checking is unaffected. Please report a bug.)
@!@!@ENDMSG 2776 @!@!@
@!@!@STARTMSG 2776:0 @!@!@
CostModel lookup failed for expression <line 14, col 4 to line 14, col 74 of module MC>. Reporting costs into <line 28, col 38 to line 28, col 43 of module pipeline_ooo> instead (Safety and Liveness checking is unaffected. Please report a bug.)
@!@!@ENDMSG 2776 @!@!@
@!@!@STARTMSG 2776:0 @!@!@
CostModel lookup failed for expression <line 14, col 6 to line 14, col 13 of module MC>. Reporting costs into <line 28, col 38 to line 28, col 43 of module pipeline_ooo> instead (Safety and Liveness checking is unaffected. Please report a bug.)
@!@!@ENDMSG 2776 @!@!@
@!@!@STARTMSG 2776:0 @!@!@
CostModel lookup failed for expression <line 14, col 16 to line 14, col 27 of module MC>. Reporting costs into <line 28, col 38 to line 28, col 43 of module pipeline_ooo> instead (Safety and Liveness checking is unaffected. Please report a bug.)
@!@!@ENDMSG 2776 @!@!@
@!@!@STARTMSG 2776:0 @!@!@
CostModel lookup failed for expression <line 14, col 25 to line 14, col 27 of module MC>. Reporting costs into <line 28, col 38 to line 28, col 43 of module pipeline_ooo> instead (Safety and Liveness checking is unaffected. Please report a bug.)
@!@!@ENDMSG 2776 @!@!@
@!@!@STARTMSG 2776:0 @!@!@
CostModel lookup failed for expression <line 14, col 30 to line 14, col 40 of module MC>. Reporting costs into <line 28, col 38 to line 28, col 43 of module pipeline_ooo> instead (Safety and Liveness checking is unaffected. Please report a bug.)
@!@!@ENDMSG 2776 @!@!@
@!@!@STARTMSG 2776:0 @!@!@
CostModel lookup failed for expression <line 14, col 38 to line 14, col 40 of module MC>. Reporting costs into <line 28, col 38 to line 28, col 43 of module pipeline_ooo> instead (Safety and Liveness checking is unaffected. Please report a bug.)
@!@!@ENDMSG 2776 @!@!@
@!@!@STARTMSG 2776:0 @!@!@
CostModel lookup failed for expression <line 14, col 43 to line 14, col 53 of module MC>. Reporting costs into <line 28, col 38 to line 28, col 43 of module pipeline_ooo> instead (Safety and Liveness checking is unaffected. Please report a bug.)
@!@!@ENDMSG 2776 @!@!@
@!@!@STARTMSG 2776:0 @!@!@
CostModel lookup failed for expression <line 14, col 51 to line 14, col 53 of module MC>. Reporting costs into <line 28, col 38 to line 28, col 43 of module pipeline_ooo> instead (Safety and Liveness checking is unaffected. Please report a bug.)
@!@!@ENDMSG 2776 @!@!@
@!@!@STARTMSG 2776:0 @!@!@
CostModel lookup failed for expression <line 14, col 56 to line 14, col 72 of module MC>. Reporting costs into <line 28, col 38 to line 28, col 43 of module pipeline_ooo> instead (Safety and Liveness checking is unaffected. Please report a bug.)
@!@!@ENDMSG 2776 @!@!@
@!@!@STARTMSG 2776:0 @!@!@
CostModel lookup failed for expression <line 14, col 66 to line 14, col 72 of module MC>. Reporting costs into <line 28, col 38 to line 28, col 43 of module pipeline_ooo> instead (Safety and Liveness checking is unaffected. Please report a bug.)
@!@!@ENDMSG 2776 @!@!@
@!@!@STARTMSG 2776:0 @!@!@
CostModel lookup failed for expression <line 24, col 24 to line 24, col 24 of module pipeline_ooo>. Reporting costs into <line 28, col 38 to line 28, col 43 of module pipeline_ooo> instead (Safety and Liveness checking is unaffected. Please report a bug.)
@!@!@ENDMSG 2776 @!@!@
@!@!@STARTMSG 2776:0 @!@!@
CostModel lookup failed for expression <line 24, col 16 to line 24, col 29 of module pipeline_ooo>. Reporting costs into <line 28, col 72 to line 28, col 77 of module pipeline_ooo> instead (Safety and Liveness checking is unaffected. Please report a bug.)
@!@!@ENDMSG 2776 @!@!@
@!@!@STARTMSG 2776:0 @!@!@
CostModel lookup failed for expression <line 24, col 16 to line 24, col 25 of module pipeline_ooo>. Reporting costs into <line 28, col 72 to line 28, col 77 of module pipeline_ooo> instead (Safety and Liveness checking is unaffected. Please report a bug.)
@!@!@ENDMSG 2776 @!@!@
@!@!@STARTMSG 2776:0 @!@!@
CostModel lookup failed for expression <line 24, col 16 to line 24, col 22 of module pipeline_ooo>. Reporting costs into <line 28, col 72 to line 28, col 77 of module pipeline_ooo> instead (Safety and Liveness checking is unaffected. Please report a bug.)
@!@!@ENDMSG 2776 @!@!@
@!@!@STARTMSG 2776:0 @!@!@
CostModel lookup failed for expression <line 11, col 1 to line 14, col 77 of module MC>. Reporting costs into <line 28, col 72 to line 28, col 77 of module pipeline_ooo> instead (Safety and Liveness checking is unaffected. Please report a bug.)
@!@!@ENDMSG 2776 @!@!@
@!@!@STARTMSG 2776:0 @!@!@
CostModel lookup failed for expression <line 11, col 4 to line 11, col 75 of module MC>. Reporting costs into <line 28, col 72 to line 28, col 77 of module pipeline_ooo> instead (Safety and Liveness checking is unaffected. Please report a bug.)
@!@!@ENDMSG 2776 @!@!@
@!@!@STARTMSG 2776:0 @!@!@
CostModel lookup failed for expression <line 11, col 6 to line 11, col 13 of module MC>. Reporting costs into <line 28, col 72 to line 28, col 77 of module pipeline_ooo> instead (Safety and Liveness checking is unaffected. Please report a bug.)
@!@!@ENDMSG 2776 @!@!@
@!@!@STARTMSG 2776:0 @!@!@
CostModel lookup failed for expression <line 11, col 16 to line 11, col 27 of module MC>. Reporting costs into <line 28, col 72 to line 28, col 77 of module pipeline_ooo> instead (Safety and Liveness checking is unaffected. Please report a bug.)
@!@!@ENDMSG 2776 @!@!@
@!@!@STARTMSG 2776:0 @!@!@
CostModel lookup failed for expression <line 11, col 25 to line 11, col 27 of module MC>. Reporting costs into <line 28, col 72 to line 28, col 77 of module pipeline_ooo> instead (Safety and Liveness checking is unaffected. Please report a bug.)
@!@!@ENDMSG 2776 @!@!@
@!@!@STARTMSG 2776:0 @!@!@
CostModel lookup failed for expression <line 11, col 30 to line 11, col 42 of module MC>. Reporting costs into <line 28, col 72 to line 28, col 77 of module pipeline_ooo> instead (Safety and Liveness checking is unaffected. Please report a bug.)
@!@!@ENDMSG 2776 @!@!@
@!@!@STARTMSG 2776:0 @!@!@
CostModel lookup failed for expression <line 11, col 38 to line 11, col 42 of module MC>. Reporting costs into <line 28, col 72 to line 28, col 77 of module pipeline_ooo> instead (Safety and Liveness checking is unaffected. Please report a bug.)
@!@!@ENDMSG 2776 @!@!@
@!@!@STARTMSG 2776:0 @!@!@
CostModel lookup failed for expression <line 11, col 45 to line 11, col 54 of module MC>. Reporting costs into <line 28, col 72 to line 28, col 77 of module pipeline_ooo> instead (Safety and Liveness checking is unaffected. Please report a bug.)
@!@!@ENDMSG 2776 @!@!@
@!@!@STARTMSG 2776:0 @!@!@
CostModel lookup failed for expression <line 11, col 53 to line 11, col 54 of module MC>. Reporting costs into <line 28, col 72 to line 28, col 77 of module pipeline_ooo> instead (Safety and Liveness checking is unaffected. Please report a bug.)
@!@!@ENDMSG 2776 @!@!@
@!@!@STARTMSG 2776:0 @!@!@
CostModel lookup failed for expression <line 11, col 57 to line 11, col 73 of module MC>. Reporting costs into <line 28, col 72 to line 28, col 77 of module pipeline_ooo> instead (Safety and Liveness checking is unaffected. Please report a bug.)
@!@!@ENDMSG 2776 @!@!@
@!@!@STARTMSG 2776:0 @!@!@
CostModel lookup failed for expression <line 11, col 67 to line 11, col 73 of module MC>. Reporting costs into <line 28, col 72 to line 28, col 77 of module pipeline_ooo> instead (Safety and Liveness checking is unaffected. Please report a bug.)
@!@!@ENDMSG 2776 @!@!@
@!@!@STARTMSG 2776:0 @!@!@
CostModel lookup failed for expression <line 11, col 68 to line 11, col 72 of module MC>. Reporting costs into <line 28, col 72 to line 28, col 77 of module pipeline_ooo> instead (Safety and Liveness checking is unaffected. Please report a bug.)
@!@!@ENDMSG 2776 @!@!@
@!@!@STARTMSG 2776:0 @!@!@
CostModel lookup failed for expression <line 12, col 4 to line 12, col 74 of module MC>. Reporting costs into <line 28, col 72 to line 28, col 77 of module pipeline_ooo> instead (Safety and Liveness checking is unaffected. Please report a bug.)
@!@!@ENDMSG 2776 @!@!@
@!@!@STARTMSG 2776:0 @!@!@
CostModel lookup failed for expression <line 12, col 6 to line 12, col 13 of module MC>. Reporting costs into <line 28, col 72 to line 28, col 77 of module pipeline_ooo> instead (Safety and Liveness checking is unaffected. Please report a bug.)
@!@!@ENDMSG 2776 @!@!@
@!@!@STARTMSG 2776:0 @!@!@
CostModel lookup failed for expression <line 12, col 16 to line 12, col 27 of module MC>. Reporting costs into <line 28, col 72 to line 28, col 77 of module pipeline_ooo> instead (Safety and Liveness checking is unaffected. Please report a bug.)
@!@!@ENDMSG 2776 @!@!@
@!@!@STARTMSG 2776:0 @!@!@
CostModel lookup failed for expression <line 12, col 25 to line 12, col 27 of module MC>. Reporting costs into <line 28, col 72 to line 28, col 77 of module pipeline_ooo> instead (Safety and Liveness checking is unaffected. Please report a bug.)
@!@!@ENDMSG 2776 @!@!@
@!@!@STARTMSG 2776:0 @!@!@
CostModel lookup failed for expression <line 12, col 30 to line 12, col 40 of module MC>. Reporting costs into <line 28, col 72 to line 28, col 77 of module pipeline_ooo> instead (Safety and Liveness checking is unaffected. Please report a bug.)
@!@!@ENDMSG 2776 @!@!@
@!@!@STARTMSG 2776:0 @!@!@
CostModel lookup failed for expression <line 12, col 38 to line 12, col 40 of module MC>. Reporting costs into <line 28, col 72 to line 28, col 77 of module pipeline_ooo> instead (Safety and Liveness checking is unaffected. Please report a bug.)
@!@!@ENDMSG 2776 @!@!@
@!@!@STARTMSG 2776:0 @!@!@
CostModel lookup failed for expression <line 12, col 43 to line 12, col 53 of module MC>. Reporting costs into <line 28, col 72 to line 28, col 77 of module pipeline_ooo> instead (Safety and Liveness checking is unaffected. Please report a bug.)
@!@!@ENDMSG 2776 @!@!@
@!@!@STARTMSG 2776:0 @!@!@
CostModel lookup failed for expression <line 12, col 51 to line 12, col 53 of module MC>. Reporting costs into <line 28, col 72 to line 28, col 77 of module pipeline_ooo> instead (Safety and Liveness checking is unaffected. Please report a bug.)
@!@!@ENDMSG 2776 @!@!@
@!@!@STARTMSG 2776:0 @!@!@
CostModel lookup failed for expression <line 12, col 56 to line 12, col 72 of module MC>. Reporting costs into <line 28, col 72 to line 28, col 77 of module pipeline_ooo> instead (Safety and Liveness checking is unaffected. Please report a bug.)
@!@!@ENDMSG 2776 @!@!@
@!@!@STARTMSG 2776:0 @!@!@
CostModel lookup failed for expression <line 12, col 66 to line 12, col 72 of module MC>. Reporting costs into <line 28, col 72 to line 28, col 77 of module pipeline_ooo> instead (Safety and Liveness checking is unaffected. Please report a bug.)
@!@!@ENDMSG 2776 @!@!@
@!@!@STARTMSG 2776:0 @!@!@
CostModel lookup failed for expression <line 12, col 67 to line 12, col 71 of module MC>. Reporting costs into <line 28, col 72 to line 28, col 77 of module pipeline_ooo> instead (Safety and Liveness checking is unaffected. Please report a bug.)
@!@!@ENDMSG 2776 @!@!@
@!@!@STARTMSG 2776:0 @!@!@
CostModel lookup failed for expression <line 13, col 4 to line 13, col 73 of module MC>. Reporting costs into <line 28, col 72 to line 28, col 77 of module pipeline_ooo> instead (Safety and Liveness checking is unaffected. Please report a bug.)
@!@!@ENDMSG 2776 @!@!@
@!@!@STARTMSG 2776:0 @!@!@
CostModel lookup failed for expression <line 13, col 6 to line 13, col 13 of module MC>. Reporting costs into <line 28, col 72 to line 28, col 77 of module pipeline_ooo> instead (Safety and Liveness checking is unaffected. Please report a bug.)
@!@!@ENDMSG 2776 @!@!@
@!@!@STARTMSG 2776:0 @!@!@
CostModel lookup failed for expression <line 13, col 16 to line 13, col 27 of module MC>. Reporting costs into <line 28, col 72 to line 28, col 77 of module pipeline_ooo> instead (Safety and Liveness checking is unaffected. Please report a bug.)
@!@!@ENDMSG 2776 @!@!@
@!@!@STARTMSG 2776:0 @!@!@
CostModel lookup failed for expression <line 13, col 25 to line 13, col 27 of module MC>. Reporting costs into <line 28, col 72 to line 28, col 77 of module pipeline_ooo> instead (Safety and Liveness checking is unaffected. Please report a bug.)
@!@!@ENDMSG 2776 @!@!@
@!@!@STARTMSG 2776:0 @!@!@
CostModel lookup failed for expression <line 13, col 30 to line 13, col 40 of module MC>. Reporting costs into <line 28, col 72 to line 28, col 77 of module pipeline_ooo> instead (Safety and Liveness checking is unaffected. Please report a bug.)
@!@!@ENDMSG 2776 @!@!@
@!@!@STARTMSG 2776:0 @!@!@
CostModel lookup failed for expression <line 13, col 38 to line 13, col 40 of module MC>. Reporting costs into <line 28, col 72 to line 28, col 77 of module pipeline_ooo> instead (Safety and Liveness checking is unaffected. Please report a bug.)
@!@!@ENDMSG 2776 @!@!@
@!@!@STARTMSG 2776:0 @!@!@
CostModel lookup failed for expression <line 13, col 43 to line 13, col 52 of module MC>. Reporting costs into <line 28, col 72 to line 28, col 77 of module pipeline_ooo> instead (Safety and Liveness checking is unaffected. Please report a bug.)
@!@!@ENDMSG 2776 @!@!@
@!@!@STARTMSG 2776:0 @!@!@
CostModel lookup failed for expression <line 13, col 51 to line 13, col 52 of module MC>. Reporting costs into <line 28, col 72 to line 28, col 77 of module pipeline_ooo> instead (Safety and Liveness checking is unaffected. Please report a bug.)
@!@!@ENDMSG 2776 @!@!@
@!@!@STARTMSG 2776:0 @!@!@
CostModel lookup failed for expression <line 13, col 55 to line 13, col 71 of module MC>. Reporting costs into <line 28, col 72 to line 28, col 77 of module pipeline_ooo> instead (Safety and Liveness checking is unaffected. Please report a bug.)
@!@!@ENDMSG 2776 @!@!@
@!@!@STARTMSG 2776:0 @!@!@
CostModel lookup failed for expression <line 13, col 65 to line 13, col 71 of module MC>. Reporting costs into <line 28, col 72 to line 28, col 77 of module pipeline_ooo> instead (Safety and Liveness checking is unaffected. Please report a bug.)
@!@!@ENDMSG 2776 @!@!@
@!@!@STARTMSG 2776:0 @!@!@
CostModel lookup failed for expression <line 14, col 4 to line 14, col 74 of module MC>. Reporting costs into <line 28, col 72 to line 28, col 77 of module pipeline_ooo> instead (Safety and Liveness checking is unaffected. Please report a bug.)
@!@!@ENDMSG 2776 @!@!@
@!@!@STARTMSG 2776:0 @!@!@
CostModel lookup failed for expression <line 14, col 6 to line 14, col 13 of module MC>. Reporting costs into <line 28, col 72 to line 28, col 77 of module pipeline_ooo> instead (Safety and Liveness checking is unaffected. Please report a bug.)
@!@!@ENDMSG 2776 @!@!@
@!@!@STARTMSG 2776:0 @!@!@
CostModel lookup failed for expression <line 14, col 16 to line 14, col 27 of module MC>. Reporting costs into <line 28, col 72 to line 28, col 77 of module pipeline_ooo> instead (Safety and Liveness checking is unaffected. Please report a bug.)
@!@!@ENDMSG 2776 @!@!@
@!@!@STARTMSG 2776:0 @!@!@
CostModel lookup failed for expression <line 14, col 25 to line 14, col 27 of module MC>. Reporting costs into <line 28, col 72 to line 28, col 77 of module pipeline_ooo> instead (Safety and Liveness checking is unaffected. Please report a bug.)
@!@!@ENDMSG 2776 @!@!@
@!@!@STARTMSG 2776:0 @!@!@
CostModel lookup failed for expression <line 14, col 30 to line 14, col 40 of module MC>. Reporting costs into <line 28, col 72 to line 28, col 77 of module pipeline_ooo> instead (Safety and Liveness checking is unaffected. Please report a bug.)
@!@!@ENDMSG 2776 @!@!@
@!@!@STARTMSG 2776:0 @!@!@
CostModel lookup failed for expression <line 14, col 38 to line 14, col 40 of module MC>. Reporting costs into <line 28, col 72 to line 28, col 77 of module pipeline_ooo> instead (Safety and Liveness checking is unaffected. Please report a bug.)
@!@!@ENDMSG 2776 @!@!@
@!@!@STARTMSG 2776:0 @!@!@
CostModel lookup failed for expression <line 14, col 43 to line 14, col 53 of module MC>. Reporting costs into <line 28, col 72 to line 28, col 77 of module pipeline_ooo> instead (Safety and Liveness checking is unaffected. Please report a bug.)
@!@!@ENDMSG 2776 @!@!@
@!@!@STARTMSG 2776:0 @!@!@
CostModel lookup failed for expression <line 14, col 51 to line 14, col 53 of module MC>. Reporting costs into <line 28, col 72 to line 28, col 77 of module pipeline_ooo> instead (Safety and Liveness checking is unaffected. Please report a bug.)
@!@!@ENDMSG 2776 @!@!@
@!@!@STARTMSG 2776:0 @!@!@
CostModel lookup failed for expression <line 14, col 56 to line 14, col 72 of module MC>. Reporting costs into <line 28, col 72 to line 28, col 77 of module pipeline_ooo> instead (Safety and Liveness checking is unaffected. Please report a bug.)
@!@!@ENDMSG 2776 @!@!@
@!@!@STARTMSG 2776:0 @!@!@
CostModel lookup failed for expression <line 14, col 66 to line 14, col 72 of module MC>. Reporting costs into <line 28, col 72 to line 28, col 77 of module pipeline_ooo> instead (Safety and Liveness checking is unaffected. Please report a bug.)
@!@!@ENDMSG 2776 @!@!@
@!@!@STARTMSG 2776:0 @!@!@
CostModel lookup failed for expression <line 24, col 24 to line 24, col 24 of module pipeline_ooo>. Reporting costs into <line 28, col 72 to line 28, col 77 of module pipeline_ooo> instead (Safety and Liveness checking is unaffected. Please report a bug.)
@!@!@ENDMSG 2776 @!@!@
@!@!@STARTMSG 2269:0 @!@!@
Computed 2 initial states...
@!@!@ENDMSG 2269 @!@!@
@!@!@STARTMSG 2269:0 @!@!@
Computed 4 initial states...
@!@!@ENDMSG 2269 @!@!@
@!@!@STARTMSG 2269:0 @!@!@
Computed 8 initial states...
@!@!@ENDMSG 2269 @!@!@
@!@!@STARTMSG 2269:0 @!@!@
Computed 16 initial states...
@!@!@ENDMSG 2269 @!@!@
@!@!@STARTMSG 2269:0 @!@!@
Computed 32 initial states...
@!@!@ENDMSG 2269 @!@!@
@!@!@STARTMSG 2190:0 @!@!@
Finished computing initial states: 64 distinct states generated at 2020-11-04 17:46:33.
@!@!@ENDMSG 2190 @!@!@
<<1, 4, 2, -2>>
<<1, 4, 2, -2>>
<<1, 4, 2, -2>>
<<1, 4, 2, -2>>
<<2, 3, 1, -2>>
@!@!@STARTMSG 2110:1 @!@!@
Invariant inv_16045083908151004000 is violated.
@!@!@ENDMSG 2110 @!@!@
@!@!@STARTMSG 2121:1 @!@!@
The behavior up to this point is:
@!@!@ENDMSG 2121 @!@!@
<<2, 3, 1, -2>>
@!@!@STARTMSG 2217:4 @!@!@
1: <Initial predicate>
/\ FULat2 = <<3, 3, 3, 3>>
/\ iMiss2 = <<FALSE, FALSE, FALSE, FALSE>>
/\ loct = <<<<0, 0, 0, 0>>, <<0, 0, 0, 0>>>>
/\ _RS2 = <<{}, {}>>
/\ _COM2 = <<[PC |-> [pc |-> 0, type |-> "empty"]], [PC |-> [pc |-> 0, type |-> "empty"]]>>
/\ _ID = <<[PC |-> [pc |-> 0, type |-> "empty"]], [PC |-> [pc |-> 0, type |-> "empty"]]>>
/\ _IF = << [PC |-> [pc |-> 0, type |-> "empty"], baseLat |-> 1, currLat |-> 1],
   [PC |-> [pc |-> 0, type |-> "empty"], baseLat |-> 1, currLat |-> 1] >>
/\ FUTmpLat = <<<<<<3, 3>>, 3>>, 3>>
/\ _FU2 = << [PC |-> [pc |-> 0, type |-> "empty"], baseLat |-> 1, currLat |-> 1],
   [PC |-> [pc |-> 0, type |-> "empty"], baseLat |-> 1, currLat |-> 1] >>
/\ FUTmp = <<<<<<1, 2>>, 2>>, 1>>
/\ globt = <<<<0, 0, 0, 0>>, <<0, 0, 0, 0>>>>
/\ _COM = <<[PC |-> [pc |-> 0, type |-> "empty"]], [PC |-> [pc |-> 0, type |-> "empty"]]>>
/\ _ID2 = <<[PC |-> [pc |-> 0, type |-> "empty"]], [PC |-> [pc |-> 0, type |-> "empty"]]>>
/\ currCycle2 = 0
/\ FU2 = <<1, 2, 2, 1>>
/\ _IF2 = << [PC |-> [pc |-> 0, type |-> "empty"], baseLat |-> 1, currLat |-> 1],
   [PC |-> [pc |-> 0, type |-> "empty"], baseLat |-> 1, currLat |-> 1] >>
/\ iMissTmp2 = <<<<<<FALSE, FALSE>>, FALSE>>, FALSE>>
/\ iMiss = <<FALSE, FALSE, FALSE, TRUE>>
/\ _RS = <<{}, {}>>
/\ currCycle = 0
/\ iMissTmp = <<<<<<FALSE, FALSE>>, FALSE>>, TRUE>>
/\ FULat = <<3, 3, 3, 3>>
/\ FUTmp2 = <<<<<<1, 2>>, 2>>, 1>>
/\ prog = [ exec |-> <<>>,
  rest |->
      << [ pc |-> 1,
           type |-> {1},
           lat |-> {1, 3},
           dep |-> {},
           imiss |-> {FALSE} ],
         [pc |-> 2, type |-> {2}, lat |-> {3}, dep |-> {1}, imiss |-> {FALSE}],
         [ pc |-> 3,
           type |-> {2},
           lat |-> {3},
           dep |-> {},
           imiss |-> {FALSE, TRUE} ],
         [ pc |-> 4,
           type |-> {1},
           lat |-> {3},
           dep |-> {3},
           imiss |-> {FALSE, TRUE} ] >> ]
/\ FUTmpLat2 = <<<<<<3, 3>>, 3>>, 3>>
/\ prog2 = [ exec |-> <<>>,
  rest |->
      << [ pc |-> 1,
           type |-> {1},
           lat |-> {1, 3},
           dep |-> {},
           imiss |-> {FALSE} ],
         [pc |-> 2, type |-> {2}, lat |-> {3}, dep |-> {1}, imiss |-> {FALSE}],
         [ pc |-> 3,
           type |-> {2},
           lat |-> {3},
           dep |-> {},
           imiss |-> {FALSE, TRUE} ],
         [ pc |-> 4,
           type |-> {1},
           lat |-> {3},
           dep |-> {3},
           imiss |-> {FALSE, TRUE} ] >> ]
/\ FU = <<1, 2, 2, 1>>
/\ _FU = << [PC |-> [pc |-> 0, type |-> "empty"], baseLat |-> 1, currLat |-> 1],
   [PC |-> [pc |-> 0, type |-> "empty"], baseLat |-> 1, currLat |-> 1] >>

@!@!@ENDMSG 2217 @!@!@
@!@!@STARTMSG 2217:4 @!@!@
2: <Next line 64, col 9 to line 77, col 21 of module pipeline_ooo>
/\ FULat2 = <<3, 3, 3, 3>>
/\ iMiss2 = <<FALSE, FALSE, FALSE, FALSE>>
/\ loct = <<<<0, 0, 0, 0>>, <<0, 0, 0, 0>>>>
/\ _RS2 = <<{}, {}>>
/\ _COM2 = <<[PC |-> [pc |-> 0, type |-> "empty"]], [PC |-> [pc |-> 0, type |-> "empty"]]>>
/\ _ID = <<[PC |-> [pc |-> 0, type |-> "empty"]], [PC |-> [pc |-> 0, type |-> "empty"]]>>
/\ _IF = << [ PC |->
         [ pc |-> 1,
           type |-> {1},
           lat |-> {1, 3},
           dep |-> {},
           imiss |-> {FALSE} ],
     baseLat |-> 1,
     currLat |-> 1 ],
   [ PC |->
         [pc |-> 2, type |-> {2}, lat |-> {3}, dep |-> {1}, imiss |-> {FALSE}],
     baseLat |-> 1,
     currLat |-> 1 ] >>
/\ FUTmpLat = <<<<<<3, 3>>, 3>>, 3>>
/\ _FU2 = << [PC |-> [pc |-> 0, type |-> "empty"], baseLat |-> 1, currLat |-> 1],
   [PC |-> [pc |-> 0, type |-> "empty"], baseLat |-> 1, currLat |-> 1] >>
/\ FUTmp = <<<<<<1, 2>>, 2>>, 1>>
/\ globt = <<<<0, 0, 0, 0>>, <<0, 0, 0, 0>>>>
/\ _COM = <<[PC |-> [pc |-> 0, type |-> "empty"]], [PC |-> [pc |-> 0, type |-> "empty"]]>>
/\ _ID2 = <<[PC |-> [pc |-> 0, type |-> "empty"]], [PC |-> [pc |-> 0, type |-> "empty"]]>>
/\ currCycle2 = 1
/\ FU2 = <<1, 2, 2, 1>>
/\ _IF2 = << [ PC |->
         [ pc |-> 1,
           type |-> {1},
           lat |-> {1, 3},
           dep |-> {},
           imiss |-> {FALSE} ],
     baseLat |-> 1,
     currLat |-> 1 ],
   [ PC |->
         [pc |-> 2, type |-> {2}, lat |-> {3}, dep |-> {1}, imiss |-> {FALSE}],
     baseLat |-> 1,
     currLat |-> 1 ] >>
/\ iMissTmp2 = <<<<<<FALSE, FALSE>>, FALSE>>, FALSE>>
/\ iMiss = <<FALSE, FALSE, FALSE, TRUE>>
/\ _RS = <<{}, {}>>
/\ currCycle = 1
/\ iMissTmp = <<<<<<FALSE, FALSE>>, FALSE>>, TRUE>>
/\ FULat = <<3, 3, 3, 3>>
/\ FUTmp2 = <<<<<<1, 2>>, 2>>, 1>>
/\ prog = [ exec |->
      << [ PC |->
               [ pc |-> 1,
                 type |-> {1},
                 lat |-> {1, 3},
                 dep |-> {},
                 imiss |-> {FALSE} ],
           done |-> FALSE,
           executed |-> FALSE ],
         [ PC |->
               [ pc |-> 2,
                 type |-> {2},
                 lat |-> {3},
                 dep |-> {1},
                 imiss |-> {FALSE} ],
           done |-> FALSE,
           executed |-> FALSE ] >>,
  rest |->
      << [ pc |-> 3,
           type |-> {2},
           lat |-> {3},
           dep |-> {},
           imiss |-> {FALSE, TRUE} ],
         [ pc |-> 4,
           type |-> {1},
           lat |-> {3},
           dep |-> {3},
           imiss |-> {FALSE, TRUE} ] >> ]
/\ FUTmpLat2 = <<<<<<3, 3>>, 3>>, 3>>
/\ prog2 = [ exec |->
      << [ PC |->
               [ pc |-> 1,
                 type |-> {1},
                 lat |-> {1, 3},
                 dep |-> {},
                 imiss |-> {FALSE} ],
           done |-> FALSE,
           executed |-> FALSE ],
         [ PC |->
               [ pc |-> 2,
                 type |-> {2},
                 lat |-> {3},
                 dep |-> {1},
                 imiss |-> {FALSE} ],
           done |-> FALSE,
           executed |-> FALSE ] >>,
  rest |->
      << [ pc |-> 3,
           type |-> {2},
           lat |-> {3},
           dep |-> {},
           imiss |-> {FALSE, TRUE} ],
         [ pc |-> 4,
           type |-> {1},
           lat |-> {3},
           dep |-> {3},
           imiss |-> {FALSE, TRUE} ] >> ]
/\ FU = <<1, 2, 2, 1>>
/\ _FU = << [PC |-> [pc |-> 0, type |-> "empty"], baseLat |-> 1, currLat |-> 1],
   [PC |-> [pc |-> 0, type |-> "empty"], baseLat |-> 1, currLat |-> 1] >>

@!@!@ENDMSG 2217 @!@!@
@!@!@STARTMSG 2217:4 @!@!@
3: <Next line 64, col 9 to line 77, col 21 of module pipeline_ooo>
/\ FULat2 = <<3, 3, 3, 3>>
/\ iMiss2 = <<FALSE, FALSE, FALSE, FALSE>>
/\ loct = <<<<0, 0, 0, 0>>, <<0, 0, 0, 0>>>>
/\ _RS2 = <<{}, {}>>
/\ _COM2 = <<[PC |-> [pc |-> 0, type |-> "empty"]], [PC |-> [pc |-> 0, type |-> "empty"]]>>
/\ _ID = << [ PC |->
         [ pc |-> 1,
           type |-> {1},
           lat |-> {1, 3},
           dep |-> {},
           imiss |-> {FALSE} ] ],
   [ PC |->
         [ pc |-> 2,
           type |-> {2},
           lat |-> {3},
           dep |-> {1},
           imiss |-> {FALSE} ] ] >>
/\ _IF = << [ PC |->
         [ pc |-> 3,
           type |-> {2},
           lat |-> {3},
           dep |-> {},
           imiss |-> {FALSE, TRUE} ],
     baseLat |-> 1,
     currLat |-> 1 ],
   [ PC |->
         [ pc |-> 4,
           type |-> {1},
           lat |-> {3},
           dep |-> {3},
           imiss |-> {FALSE, TRUE} ],
     baseLat |-> 3,
     currLat |-> 1 ] >>
/\ FUTmpLat = <<<<<<3, 3>>, 3>>, 3>>
/\ _FU2 = << [PC |-> [pc |-> 0, type |-> "empty"], baseLat |-> 1, currLat |-> 1],
   [PC |-> [pc |-> 0, type |-> "empty"], baseLat |-> 1, currLat |-> 1] >>
/\ FUTmp = <<<<<<1, 2>>, 2>>, 1>>
/\ globt = <<<<0, 0, 0, 0>>, <<0, 0, 0, 0>>>>
/\ _COM = <<[PC |-> [pc |-> 0, type |-> "empty"]], [PC |-> [pc |-> 0, type |-> "empty"]]>>
/\ _ID2 = << [ PC |->
         [ pc |-> 1,
           type |-> {1},
           lat |-> {1, 3},
           dep |-> {},
           imiss |-> {FALSE} ] ],
   [ PC |->
         [ pc |-> 2,
           type |-> {2},
           lat |-> {3},
           dep |-> {1},
           imiss |-> {FALSE} ] ] >>
/\ currCycle2 = 2
/\ FU2 = <<1, 2, 2, 1>>
/\ _IF2 = << [ PC |->
         [ pc |-> 3,
           type |-> {2},
           lat |-> {3},
           dep |-> {},
           imiss |-> {FALSE, TRUE} ],
     baseLat |-> 1,
     currLat |-> 1 ],
   [ PC |->
         [ pc |-> 4,
           type |-> {1},
           lat |-> {3},
           dep |-> {3},
           imiss |-> {FALSE, TRUE} ],
     baseLat |-> 1,
     currLat |-> 1 ] >>
/\ iMissTmp2 = <<<<<<FALSE, FALSE>>, FALSE>>, FALSE>>
/\ iMiss = <<FALSE, FALSE, FALSE, TRUE>>
/\ _RS = <<{}, {}>>
/\ currCycle = 2
/\ iMissTmp = <<<<<<FALSE, FALSE>>, FALSE>>, TRUE>>
/\ FULat = <<3, 3, 3, 3>>
/\ FUTmp2 = <<<<<<1, 2>>, 2>>, 1>>
/\ prog = [ exec |->
      << [ PC |->
               [ pc |-> 1,
                 type |-> {1},
                 lat |-> {1, 3},
                 dep |-> {},
                 imiss |-> {FALSE} ],
           done |-> FALSE,
           executed |-> FALSE ],
         [ PC |->
               [ pc |-> 2,
                 type |-> {2},
                 lat |-> {3},
                 dep |-> {1},
                 imiss |-> {FALSE} ],
           done |-> FALSE,
           executed |-> FALSE ],
         [ PC |->
               [ pc |-> 3,
                 type |-> {2},
                 lat |-> {3},
                 dep |-> {},
                 imiss |-> {FALSE, TRUE} ],
           done |-> FALSE,
           executed |-> FALSE ],
         [ PC |->
               [ pc |-> 4,
                 type |-> {1},
                 lat |-> {3},
                 dep |-> {3},
                 imiss |-> {FALSE, TRUE} ],
           done |-> FALSE,
           executed |-> FALSE ] >>,
  rest |-> <<>> ]
/\ FUTmpLat2 = <<<<<<3, 3>>, 3>>, 3>>
/\ prog2 = [ exec |->
      << [ PC |->
               [ pc |-> 1,
                 type |-> {1},
                 lat |-> {1, 3},
                 dep |-> {},
                 imiss |-> {FALSE} ],
           done |-> FALSE,
           executed |-> FALSE ],
         [ PC |->
               [ pc |-> 2,
                 type |-> {2},
                 lat |-> {3},
                 dep |-> {1},
                 imiss |-> {FALSE} ],
           done |-> FALSE,
           executed |-> FALSE ],
         [ PC |->
               [ pc |-> 3,
                 type |-> {2},
                 lat |-> {3},
                 dep |-> {},
                 imiss |-> {FALSE, TRUE} ],
           done |-> FALSE,
           executed |-> FALSE ],
         [ PC |->
               [ pc |-> 4,
                 type |-> {1},
                 lat |-> {3},
                 dep |-> {3},
                 imiss |-> {FALSE, TRUE} ],
           done |-> FALSE,
           executed |-> FALSE ] >>,
  rest |-> <<>> ]
/\ FU = <<1, 2, 2, 1>>
/\ _FU = << [PC |-> [pc |-> 0, type |-> "empty"], baseLat |-> 1, currLat |-> 1],
   [PC |-> [pc |-> 0, type |-> "empty"], baseLat |-> 1, currLat |-> 1] >>

@!@!@ENDMSG 2217 @!@!@
@!@!@STARTMSG 2217:4 @!@!@
4: <Next line 64, col 9 to line 77, col 21 of module pipeline_ooo>
/\ FULat2 = <<3, 3, 3, 3>>
/\ iMiss2 = <<FALSE, FALSE, FALSE, FALSE>>
/\ loct = <<<<0, 0, 0, 0>>, <<0, 0, 0, 0>>>>
/\ _RS2 = << {[pc |-> 1, type |-> {1}, lat |-> {1, 3}, dep |-> {}, imiss |-> {FALSE}]},
   {[pc |-> 2, type |-> {2}, lat |-> {3}, dep |-> {1}, imiss |-> {FALSE}]} >>
/\ _COM2 = <<[PC |-> [pc |-> 0, type |-> "empty"]], [PC |-> [pc |-> 0, type |-> "empty"]]>>
/\ _ID = <<[PC |-> [pc |-> 0, type |-> "empty"]], [PC |-> [pc |-> 0, type |-> "empty"]]>>
/\ _IF = << [ PC |->
         [ pc |-> 3,
           type |-> {2},
           lat |-> {3},
           dep |-> {},
           imiss |-> {FALSE, TRUE} ],
     baseLat |-> 1,
     currLat |-> 2 ],
   [ PC |->
         [ pc |-> 4,
           type |-> {1},
           lat |-> {3},
           dep |-> {3},
           imiss |-> {FALSE, TRUE} ],
     baseLat |-> 3,
     currLat |-> 2 ] >>
/\ FUTmpLat = <<<<<<3, 3>>, 3>>, 3>>
/\ _FU2 = << [PC |-> [pc |-> 0, type |-> "empty"], baseLat |-> 1, currLat |-> 1],
   [PC |-> [pc |-> 0, type |-> "empty"], baseLat |-> 1, currLat |-> 1] >>
/\ FUTmp = <<<<<<1, 2>>, 2>>, 1>>
/\ globt = <<<<0, 0, 0, 0>>, <<0, 0, 0, 0>>>>
/\ _COM = <<[PC |-> [pc |-> 0, type |-> "empty"]], [PC |-> [pc |-> 0, type |-> "empty"]]>>
/\ _ID2 = << [ PC |->
         [ pc |-> 3,
           type |-> {2},
           lat |-> {3},
           dep |-> {},
           imiss |-> {FALSE, TRUE} ] ],
   [ PC |->
         [ pc |-> 4,
           type |-> {1},
           lat |-> {3},
           dep |-> {3},
           imiss |-> {FALSE, TRUE} ] ] >>
/\ currCycle2 = 3
/\ FU2 = <<1, 2, 2, 1>>
/\ _IF2 = << [PC |-> [pc |-> 0, type |-> "empty"], baseLat |-> 1, currLat |-> 1],
   [PC |-> [pc |-> 0, type |-> "empty"], baseLat |-> 1, currLat |-> 1] >>
/\ iMissTmp2 = <<<<<<FALSE, FALSE>>, FALSE>>, FALSE>>
/\ iMiss = <<FALSE, FALSE, FALSE, TRUE>>
/\ _RS = << {[pc |-> 1, type |-> {1}, lat |-> {1, 3}, dep |-> {}, imiss |-> {FALSE}]},
   {[pc |-> 2, type |-> {2}, lat |-> {3}, dep |-> {1}, imiss |-> {FALSE}]} >>
/\ currCycle = 3
/\ iMissTmp = <<<<<<FALSE, FALSE>>, FALSE>>, TRUE>>
/\ FULat = <<3, 3, 3, 3>>
/\ FUTmp2 = <<<<<<1, 2>>, 2>>, 1>>
/\ prog = [ exec |->
      << [ PC |->
               [ pc |-> 1,
                 type |-> {1},
                 lat |-> {1, 3},
                 dep |-> {},
                 imiss |-> {FALSE} ],
           done |-> FALSE,
           executed |-> FALSE ],
         [ PC |->
               [ pc |-> 2,
                 type |-> {2},
                 lat |-> {3},
                 dep |-> {1},
                 imiss |-> {FALSE} ],
           done |-> FALSE,
           executed |-> FALSE ],
         [ PC |->
               [ pc |-> 3,
                 type |-> {2},
                 lat |-> {3},
                 dep |-> {},
                 imiss |-> {FALSE, TRUE} ],
           done |-> FALSE,
           executed |-> FALSE ],
         [ PC |->
               [ pc |-> 4,
                 type |-> {1},
                 lat |-> {3},
                 dep |-> {3},
                 imiss |-> {FALSE, TRUE} ],
           done |-> FALSE,
           executed |-> FALSE ] >>,
  rest |-> <<>> ]
/\ FUTmpLat2 = <<<<<<3, 3>>, 3>>, 3>>
/\ prog2 = [ exec |->
      << [ PC |->
               [ pc |-> 1,
                 type |-> {1},
                 lat |-> {1, 3},
                 dep |-> {},
                 imiss |-> {FALSE} ],
           done |-> FALSE,
           executed |-> FALSE ],
         [ PC |->
               [ pc |-> 2,
                 type |-> {2},
                 lat |-> {3},
                 dep |-> {1},
                 imiss |-> {FALSE} ],
           done |-> FALSE,
           executed |-> FALSE ],
         [ PC |->
               [ pc |-> 3,
                 type |-> {2},
                 lat |-> {3},
                 dep |-> {},
                 imiss |-> {FALSE, TRUE} ],
           done |-> FALSE,
           executed |-> FALSE ],
         [ PC |->
               [ pc |-> 4,
                 type |-> {1},
                 lat |-> {3},
                 dep |-> {3},
                 imiss |-> {FALSE, TRUE} ],
           done |-> FALSE,
           executed |-> FALSE ] >>,
  rest |-> <<>> ]
/\ FU = <<1, 2, 2, 1>>
/\ _FU = << [PC |-> [pc |-> 0, type |-> "empty"], baseLat |-> 1, currLat |-> 1],
   [PC |-> [pc |-> 0, type |-> "empty"], baseLat |-> 1, currLat |-> 1] >>

@!@!@ENDMSG 2217 @!@!@
@!@!@STARTMSG 2217:4 @!@!@
5: <Next line 64, col 9 to line 77, col 21 of module pipeline_ooo>
/\ FULat2 = <<3, 3, 3, 3>>
/\ iMiss2 = <<FALSE, FALSE, FALSE, FALSE>>
/\ loct = <<<<0, 0, 0, 0>>, <<0, 0, 0, 0>>>>
/\ _RS2 = << { [ pc |-> 4,
       type |-> {1},
       lat |-> {3},
       dep |-> {3},
       imiss |-> {FALSE, TRUE} ] },
   { [pc |-> 2, type |-> {2}, lat |-> {3}, dep |-> {1}, imiss |-> {FALSE}],
     [ pc |-> 3,
       type |-> {2},
       lat |-> {3},
       dep |-> {},
       imiss |-> {FALSE, TRUE} ] } >>
/\ _COM2 = <<[PC |-> [pc |-> 0, type |-> "empty"]], [PC |-> [pc |-> 0, type |-> "empty"]]>>
/\ _ID = <<[PC |-> [pc |-> 0, type |-> "empty"]], [PC |-> [pc |-> 0, type |-> "empty"]]>>
/\ _IF = << [ PC |->
         [ pc |-> 3,
           type |-> {2},
           lat |-> {3},
           dep |-> {},
           imiss |-> {FALSE, TRUE} ],
     baseLat |-> 1,
     currLat |-> 3 ],
   [ PC |->
         [ pc |-> 4,
           type |-> {1},
           lat |-> {3},
           dep |-> {3},
           imiss |-> {FALSE, TRUE} ],
     baseLat |-> 3,
     currLat |-> 3 ] >>
/\ FUTmpLat = <<<<<<3, 3>>, 3>>, 3>>
/\ _FU2 = << [ PC |->
         [ pc |-> 1,
           type |-> {1},
           lat |-> {1, 3},
           dep |-> {},
           imiss |-> {FALSE} ],
     baseLat |-> 3,
     currLat |-> 1 ],
   [PC |-> [pc |-> 0, type |-> "empty"], baseLat |-> 1, currLat |-> 1] >>
/\ FUTmp = <<<<<<1, 2>>, 2>>, 1>>
/\ globt = <<<<0, 0, 0, 0>>, <<0, 0, 0, 0>>>>
/\ _COM = <<[PC |-> [pc |-> 0, type |-> "empty"]], [PC |-> [pc |-> 0, type |-> "empty"]]>>
/\ _ID2 = <<[PC |-> [pc |-> 0, type |-> "empty"]], [PC |-> [pc |-> 0, type |-> "empty"]]>>
/\ currCycle2 = 4
/\ FU2 = <<1, 2, 2, 1>>
/\ _IF2 = << [PC |-> [pc |-> 0, type |-> "empty"], baseLat |-> 1, currLat |-> 1],
   [PC |-> [pc |-> 0, type |-> "empty"], baseLat |-> 1, currLat |-> 1] >>
/\ iMissTmp2 = <<<<<<FALSE, FALSE>>, FALSE>>, FALSE>>
/\ iMiss = <<FALSE, FALSE, FALSE, TRUE>>
/\ _RS = <<{}, {[pc |-> 2, type |-> {2}, lat |-> {3}, dep |-> {1}, imiss |-> {FALSE}]}>>
/\ currCycle = 4
/\ iMissTmp = <<<<<<FALSE, FALSE>>, FALSE>>, TRUE>>
/\ FULat = <<3, 3, 3, 3>>
/\ FUTmp2 = <<<<<<1, 2>>, 2>>, 1>>
/\ prog = [ exec |->
      << [ PC |->
               [ pc |-> 1,
                 type |-> {1},
                 lat |-> {1, 3},
                 dep |-> {},
                 imiss |-> {FALSE} ],
           done |-> FALSE,
           executed |-> FALSE ],
         [ PC |->
               [ pc |-> 2,
                 type |-> {2},
                 lat |-> {3},
                 dep |-> {1},
                 imiss |-> {FALSE} ],
           done |-> FALSE,
           executed |-> FALSE ],
         [ PC |->
               [ pc |-> 3,
                 type |-> {2},
                 lat |-> {3},
                 dep |-> {},
                 imiss |-> {FALSE, TRUE} ],
           done |-> FALSE,
           executed |-> FALSE ],
         [ PC |->
               [ pc |-> 4,
                 type |-> {1},
                 lat |-> {3},
                 dep |-> {3},
                 imiss |-> {FALSE, TRUE} ],
           done |-> FALSE,
           executed |-> FALSE ] >>,
  rest |-> <<>> ]
/\ FUTmpLat2 = <<<<<<3, 3>>, 3>>, 3>>
/\ prog2 = [ exec |->
      << [ PC |->
               [ pc |-> 1,
                 type |-> {1},
                 lat |-> {1, 3},
                 dep |-> {},
                 imiss |-> {FALSE} ],
           done |-> FALSE,
           executed |-> FALSE ],
         [ PC |->
               [ pc |-> 2,
                 type |-> {2},
                 lat |-> {3},
                 dep |-> {1},
                 imiss |-> {FALSE} ],
           done |-> FALSE,
           executed |-> FALSE ],
         [ PC |->
               [ pc |-> 3,
                 type |-> {2},
                 lat |-> {3},
                 dep |-> {},
                 imiss |-> {FALSE, TRUE} ],
           done |-> FALSE,
           executed |-> FALSE ],
         [ PC |->
               [ pc |-> 4,
                 type |-> {1},
                 lat |-> {3},
                 dep |-> {3},
                 imiss |-> {FALSE, TRUE} ],
           done |-> FALSE,
           executed |-> FALSE ] >>,
  rest |-> <<>> ]
/\ FU = <<1, 2, 2, 1>>
/\ _FU = << [ PC |->
         [ pc |-> 1,
           type |-> {1},
           lat |-> {1, 3},
           dep |-> {},
           imiss |-> {FALSE} ],
     baseLat |-> 3,
     currLat |-> 1 ],
   [PC |-> [pc |-> 0, type |-> "empty"], baseLat |-> 1, currLat |-> 1] >>

@!@!@ENDMSG 2217 @!@!@
@!@!@STARTMSG 2217:4 @!@!@
6: <Next line 64, col 9 to line 77, col 21 of module pipeline_ooo>
/\ FULat2 = <<3, 3, 3, 3>>
/\ iMiss2 = <<FALSE, FALSE, FALSE, FALSE>>
/\ loct = <<<<1, 0, 0, 0>>, <<1, 0, 0, 0>>>>
/\ _RS2 = << { [ pc |-> 4,
       type |-> {1},
       lat |-> {3},
       dep |-> {3},
       imiss |-> {FALSE, TRUE} ] },
   {[pc |-> 2, type |-> {2}, lat |-> {3}, dep |-> {1}, imiss |-> {FALSE}]} >>
/\ _COM2 = <<[PC |-> [pc |-> 0, type |-> "empty"]], [PC |-> [pc |-> 0, type |-> "empty"]]>>
/\ _ID = << [ PC |->
         [ pc |-> 3,
           type |-> {2},
           lat |-> {3},
           dep |-> {},
           imiss |-> {FALSE, TRUE} ] ],
   [ PC |->
         [ pc |-> 4,
           type |-> {1},
           lat |-> {3},
           dep |-> {3},
           imiss |-> {FALSE, TRUE} ] ] >>
/\ _IF = << [PC |-> [pc |-> 0, type |-> "empty"], baseLat |-> 1, currLat |-> 1],
   [PC |-> [pc |-> 0, type |-> "empty"], baseLat |-> 1, currLat |-> 1] >>
/\ FUTmpLat = <<<<<<3, 3>>, 3>>, 3>>
/\ _FU2 = << [ PC |->
         [ pc |-> 1,
           type |-> {1},
           lat |-> {1, 3},
           dep |-> {},
           imiss |-> {FALSE} ],
     baseLat |-> 3,
     currLat |-> 2 ],
   [ PC |->
         [ pc |-> 3,
           type |-> {2},
           lat |-> {3},
           dep |-> {},
           imiss |-> {FALSE, TRUE} ],
     baseLat |-> 3,
     currLat |-> 1 ] >>
/\ FUTmp = <<<<<<1, 2>>, 2>>, 1>>
/\ globt = <<<<0, 0, 0, 0>>, <<0, 0, 0, 0>>>>
/\ _COM = <<[PC |-> [pc |-> 0, type |-> "empty"]], [PC |-> [pc |-> 0, type |-> "empty"]]>>
/\ _ID2 = <<[PC |-> [pc |-> 0, type |-> "empty"]], [PC |-> [pc |-> 0, type |-> "empty"]]>>
/\ currCycle2 = 5
/\ FU2 = <<1, 2, 2, 1>>
/\ _IF2 = << [PC |-> [pc |-> 0, type |-> "empty"], baseLat |-> 1, currLat |-> 1],
   [PC |-> [pc |-> 0, type |-> "empty"], baseLat |-> 1, currLat |-> 1] >>
/\ iMissTmp2 = <<<<<<FALSE, FALSE>>, FALSE>>, FALSE>>
/\ iMiss = <<FALSE, FALSE, FALSE, TRUE>>
/\ _RS = <<{}, {[pc |-> 2, type |-> {2}, lat |-> {3}, dep |-> {1}, imiss |-> {FALSE}]}>>
/\ currCycle = 5
/\ iMissTmp = <<<<<<FALSE, FALSE>>, FALSE>>, TRUE>>
/\ FULat = <<3, 3, 3, 3>>
/\ FUTmp2 = <<<<<<1, 2>>, 2>>, 1>>
/\ prog = [ exec |->
      << [ PC |->
               [ pc |-> 1,
                 type |-> {1},
                 lat |-> {1, 3},
                 dep |-> {},
                 imiss |-> {FALSE} ],
           done |-> FALSE,
           executed |-> FALSE ],
         [ PC |->
               [ pc |-> 2,
                 type |-> {2},
                 lat |-> {3},
                 dep |-> {1},
                 imiss |-> {FALSE} ],
           done |-> FALSE,
           executed |-> FALSE ],
         [ PC |->
               [ pc |-> 3,
                 type |-> {2},
                 lat |-> {3},
                 dep |-> {},
                 imiss |-> {FALSE, TRUE} ],
           done |-> FALSE,
           executed |-> FALSE ],
         [ PC |->
               [ pc |-> 4,
                 type |-> {1},
                 lat |-> {3},
                 dep |-> {3},
                 imiss |-> {FALSE, TRUE} ],
           done |-> FALSE,
           executed |-> FALSE ] >>,
  rest |-> <<>> ]
/\ FUTmpLat2 = <<<<<<3, 3>>, 3>>, 3>>
/\ prog2 = [ exec |->
      << [ PC |->
               [ pc |-> 1,
                 type |-> {1},
                 lat |-> {1, 3},
                 dep |-> {},
                 imiss |-> {FALSE} ],
           done |-> FALSE,
           executed |-> FALSE ],
         [ PC |->
               [ pc |-> 2,
                 type |-> {2},
                 lat |-> {3},
                 dep |-> {1},
                 imiss |-> {FALSE} ],
           done |-> FALSE,
           executed |-> FALSE ],
         [ PC |->
               [ pc |-> 3,
                 type |-> {2},
                 lat |-> {3},
                 dep |-> {},
                 imiss |-> {FALSE, TRUE} ],
           done |-> FALSE,
           executed |-> FALSE ],
         [ PC |->
               [ pc |-> 4,
                 type |-> {1},
                 lat |-> {3},
                 dep |-> {3},
                 imiss |-> {FALSE, TRUE} ],
           done |-> FALSE,
           executed |-> FALSE ] >>,
  rest |-> <<>> ]
/\ FU = <<1, 2, 2, 1>>
/\ _FU = << [ PC |->
         [ pc |-> 1,
           type |-> {1},
           lat |-> {1, 3},
           dep |-> {},
           imiss |-> {FALSE} ],
     baseLat |-> 3,
     currLat |-> 2 ],
   [PC |-> [pc |-> 0, type |-> "empty"], baseLat |-> 1, currLat |-> 1] >>

@!@!@ENDMSG 2217 @!@!@
@!@!@STARTMSG 2217:4 @!@!@
7: <Next line 64, col 9 to line 77, col 21 of module pipeline_ooo>
/\ FULat2 = <<3, 3, 3, 3>>
/\ iMiss2 = <<FALSE, FALSE, FALSE, FALSE>>
/\ loct = <<<<2, 0, 0, 0>>, <<2, 0, 1, 0>>>>
/\ _RS2 = << { [ pc |-> 4,
       type |-> {1},
       lat |-> {3},
       dep |-> {3},
       imiss |-> {FALSE, TRUE} ] },
   {[pc |-> 2, type |-> {2}, lat |-> {3}, dep |-> {1}, imiss |-> {FALSE}]} >>
/\ _COM2 = <<[PC |-> [pc |-> 0, type |-> "empty"]], [PC |-> [pc |-> 0, type |-> "empty"]]>>
/\ _ID = <<[PC |-> [pc |-> 0, type |-> "empty"]], [PC |-> [pc |-> 0, type |-> "empty"]]>>
/\ _IF = << [PC |-> [pc |-> 0, type |-> "empty"], baseLat |-> 1, currLat |-> 1],
   [PC |-> [pc |-> 0, type |-> "empty"], baseLat |-> 1, currLat |-> 1] >>
/\ FUTmpLat = <<<<<<3, 3>>, 3>>, 3>>
/\ _FU2 = << [ PC |->
         [ pc |-> 1,
           type |-> {1},
           lat |-> {1, 3},
           dep |-> {},
           imiss |-> {FALSE} ],
     baseLat |-> 3,
     currLat |-> 3 ],
   [ PC |->
         [ pc |-> 3,
           type |-> {2},
           lat |-> {3},
           dep |-> {},
           imiss |-> {FALSE, TRUE} ],
     baseLat |-> 3,
     currLat |-> 2 ] >>
/\ FUTmp = <<<<<<1, 2>>, 2>>, 1>>
/\ globt = <<<<0, 0, 0, 0>>, <<0, 0, 0, 0>>>>
/\ _COM = <<[PC |-> [pc |-> 0, type |-> "empty"]], [PC |-> [pc |-> 0, type |-> "empty"]]>>
/\ _ID2 = <<[PC |-> [pc |-> 0, type |-> "empty"]], [PC |-> [pc |-> 0, type |-> "empty"]]>>
/\ currCycle2 = 6
/\ FU2 = <<1, 2, 2, 1>>
/\ _IF2 = << [PC |-> [pc |-> 0, type |-> "empty"], baseLat |-> 1, currLat |-> 1],
   [PC |-> [pc |-> 0, type |-> "empty"], baseLat |-> 1, currLat |-> 1] >>
/\ iMissTmp2 = <<<<<<FALSE, FALSE>>, FALSE>>, FALSE>>
/\ iMiss = <<FALSE, FALSE, FALSE, TRUE>>
/\ _RS = << { [ pc |-> 4,
       type |-> {1},
       lat |-> {3},
       dep |-> {3},
       imiss |-> {FALSE, TRUE} ] },
   { [pc |-> 2, type |-> {2}, lat |-> {3}, dep |-> {1}, imiss |-> {FALSE}],
     [ pc |-> 3,
       type |-> {2},
       lat |-> {3},
       dep |-> {},
       imiss |-> {FALSE, TRUE} ] } >>
/\ currCycle = 6
/\ iMissTmp = <<<<<<FALSE, FALSE>>, FALSE>>, TRUE>>
/\ FULat = <<3, 3, 3, 3>>
/\ FUTmp2 = <<<<<<1, 2>>, 2>>, 1>>
/\ prog = [ exec |->
      << [ PC |->
               [ pc |-> 1,
                 type |-> {1},
                 lat |-> {1, 3},
                 dep |-> {},
                 imiss |-> {FALSE} ],
           done |-> FALSE,
           executed |-> FALSE ],
         [ PC |->
               [ pc |-> 2,
                 type |-> {2},
                 lat |-> {3},
                 dep |-> {1},
                 imiss |-> {FALSE} ],
           done |-> FALSE,
           executed |-> FALSE ],
         [ PC |->
               [ pc |-> 3,
                 type |-> {2},
                 lat |-> {3},
                 dep |-> {},
                 imiss |-> {FALSE, TRUE} ],
           done |-> FALSE,
           executed |-> FALSE ],
         [ PC |->
               [ pc |-> 4,
                 type |-> {1},
                 lat |-> {3},
                 dep |-> {3},
                 imiss |-> {FALSE, TRUE} ],
           done |-> FALSE,
           executed |-> FALSE ] >>,
  rest |-> <<>> ]
/\ FUTmpLat2 = <<<<<<3, 3>>, 3>>, 3>>
/\ prog2 = [ exec |->
      << [ PC |->
               [ pc |-> 1,
                 type |-> {1},
                 lat |-> {1, 3},
                 dep |-> {},
                 imiss |-> {FALSE} ],
           done |-> FALSE,
           executed |-> FALSE ],
         [ PC |->
               [ pc |-> 2,
                 type |-> {2},
                 lat |-> {3},
                 dep |-> {1},
                 imiss |-> {FALSE} ],
           done |-> FALSE,
           executed |-> FALSE ],
         [ PC |->
               [ pc |-> 3,
                 type |-> {2},
                 lat |-> {3},
                 dep |-> {},
                 imiss |-> {FALSE, TRUE} ],
           done |-> FALSE,
           executed |-> FALSE ],
         [ PC |->
               [ pc |-> 4,
                 type |-> {1},
                 lat |-> {3},
                 dep |-> {3},
                 imiss |-> {FALSE, TRUE} ],
           done |-> FALSE,
           executed |-> FALSE ] >>,
  rest |-> <<>> ]
/\ FU = <<1, 2, 2, 1>>
/\ _FU = << [ PC |->
         [ pc |-> 1,
           type |-> {1},
           lat |-> {1, 3},
           dep |-> {},
           imiss |-> {FALSE} ],
     baseLat |-> 3,
     currLat |-> 3 ],
   [PC |-> [pc |-> 0, type |-> "empty"], baseLat |-> 1, currLat |-> 1] >>

@!@!@ENDMSG 2217 @!@!@
@!@!@STARTMSG 2217:4 @!@!@
8: <Next line 64, col 9 to line 77, col 21 of module pipeline_ooo>
/\ FULat2 = <<3, 3, 3, 3>>
/\ iMiss2 = <<FALSE, FALSE, FALSE, FALSE>>
/\ loct = <<<<3, 0, 0, 0>>, <<3, 0, 2, 0>>>>
/\ _RS2 = << { [ pc |-> 4,
       type |-> {1},
       lat |-> {3},
       dep |-> {3},
       imiss |-> {FALSE, TRUE} ] },
   {[pc |-> 2, type |-> {2}, lat |-> {3}, dep |-> {1}, imiss |-> {FALSE}]} >>
/\ _COM2 = << [ PC |->
         [ pc |-> 1,
           type |-> {1},
           lat |-> {1, 3},
           dep |-> {},
           imiss |-> {FALSE} ] ],
   [PC |-> [pc |-> 0, type |-> "empty"]] >>
/\ _ID = <<[PC |-> [pc |-> 0, type |-> "empty"]], [PC |-> [pc |-> 0, type |-> "empty"]]>>
/\ _IF = << [PC |-> [pc |-> 0, type |-> "empty"], baseLat |-> 1, currLat |-> 1],
   [PC |-> [pc |-> 0, type |-> "empty"], baseLat |-> 1, currLat |-> 1] >>
/\ FUTmpLat = <<<<<<3, 3>>, 3>>, 3>>
/\ _FU2 = << [PC |-> [pc |-> 0, type |-> "empty"], baseLat |-> 1, currLat |-> 1],
   [ PC |->
         [ pc |-> 3,
           type |-> {2},
           lat |-> {3},
           dep |-> {},
           imiss |-> {FALSE, TRUE} ],
     baseLat |-> 3,
     currLat |-> 3 ] >>
/\ FUTmp = <<<<<<1, 2>>, 2>>, 1>>
/\ globt = <<<<0, 0, 0, 0>>, <<0, 0, 0, 0>>>>
/\ _COM = << [ PC |->
         [ pc |-> 1,
           type |-> {1},
           lat |-> {1, 3},
           dep |-> {},
           imiss |-> {FALSE} ] ],
   [PC |-> [pc |-> 0, type |-> "empty"]] >>
/\ _ID2 = <<[PC |-> [pc |-> 0, type |-> "empty"]], [PC |-> [pc |-> 0, type |-> "empty"]]>>
/\ currCycle2 = 7
/\ FU2 = <<1, 2, 2, 1>>
/\ _IF2 = << [PC |-> [pc |-> 0, type |-> "empty"], baseLat |-> 1, currLat |-> 1],
   [PC |-> [pc |-> 0, type |-> "empty"], baseLat |-> 1, currLat |-> 1] >>
/\ iMissTmp2 = <<<<<<FALSE, FALSE>>, FALSE>>, FALSE>>
/\ iMiss = <<FALSE, FALSE, FALSE, TRUE>>
/\ _RS = << { [ pc |-> 4,
       type |-> {1},
       lat |-> {3},
       dep |-> {3},
       imiss |-> {FALSE, TRUE} ] },
   { [ pc |-> 3,
       type |-> {2},
       lat |-> {3},
       dep |-> {},
       imiss |-> {FALSE, TRUE} ] } >>
/\ currCycle = 7
/\ iMissTmp = <<<<<<FALSE, FALSE>>, FALSE>>, TRUE>>
/\ FULat = <<3, 3, 3, 3>>
/\ FUTmp2 = <<<<<<1, 2>>, 2>>, 1>>
/\ prog = [ exec |->
      << [ PC |->
               [ pc |-> 1,
                 type |-> {1},
                 lat |-> {1, 3},
                 dep |-> {},
                 imiss |-> {FALSE} ],
           done |-> FALSE,
           executed |-> TRUE ],
         [ PC |->
               [ pc |-> 2,
                 type |-> {2},
                 lat |-> {3},
                 dep |-> {1},
                 imiss |-> {FALSE} ],
           done |-> FALSE,
           executed |-> FALSE ],
         [ PC |->
               [ pc |-> 3,
                 type |-> {2},
                 lat |-> {3},
                 dep |-> {},
                 imiss |-> {FALSE, TRUE} ],
           done |-> FALSE,
           executed |-> FALSE ],
         [ PC |->
               [ pc |-> 4,
                 type |-> {1},
                 lat |-> {3},
                 dep |-> {3},
                 imiss |-> {FALSE, TRUE} ],
           done |-> FALSE,
           executed |-> FALSE ] >>,
  rest |-> <<>> ]
/\ FUTmpLat2 = <<<<<<3, 3>>, 3>>, 3>>
/\ prog2 = [ exec |->
      << [ PC |->
               [ pc |-> 1,
                 type |-> {1},
                 lat |-> {1, 3},
                 dep |-> {},
                 imiss |-> {FALSE} ],
           done |-> FALSE,
           executed |-> TRUE ],
         [ PC |->
               [ pc |-> 2,
                 type |-> {2},
                 lat |-> {3},
                 dep |-> {1},
                 imiss |-> {FALSE} ],
           done |-> FALSE,
           executed |-> FALSE ],
         [ PC |->
               [ pc |-> 3,
                 type |-> {2},
                 lat |-> {3},
                 dep |-> {},
                 imiss |-> {FALSE, TRUE} ],
           done |-> FALSE,
           executed |-> FALSE ],
         [ PC |->
               [ pc |-> 4,
                 type |-> {1},
                 lat |-> {3},
                 dep |-> {3},
                 imiss |-> {FALSE, TRUE} ],
           done |-> FALSE,
           executed |-> FALSE ] >>,
  rest |-> <<>> ]
/\ FU = <<1, 2, 2, 1>>
/\ _FU = << [PC |-> [pc |-> 0, type |-> "empty"], baseLat |-> 1, currLat |-> 1],
   [ PC |->
         [pc |-> 2, type |-> {2}, lat |-> {3}, dep |-> {1}, imiss |-> {FALSE}],
     baseLat |-> 3,
     currLat |-> 1 ] >>

@!@!@ENDMSG 2217 @!@!@
@!@!@STARTMSG 2217:4 @!@!@
9: <Next line 64, col 9 to line 77, col 21 of module pipeline_ooo>
/\ FULat2 = <<3, 3, 3, 3>>
/\ iMiss2 = <<FALSE, FALSE, FALSE, FALSE>>
/\ loct = <<<<3, 1, 0, 0>>, <<3, 0, 3, 0>>>>
/\ _RS2 = <<{}, {}>>
/\ _COM2 = <<[PC |-> [pc |-> 0, type |-> "empty"]], [PC |-> [pc |-> 0, type |-> "empty"]]>>
/\ _ID = <<[PC |-> [pc |-> 0, type |-> "empty"]], [PC |-> [pc |-> 0, type |-> "empty"]]>>
/\ _IF = << [PC |-> [pc |-> 0, type |-> "empty"], baseLat |-> 1, currLat |-> 1],
   [PC |-> [pc |-> 0, type |-> "empty"], baseLat |-> 1, currLat |-> 1] >>
/\ FUTmpLat = <<<<<<3, 3>>, 3>>, 3>>
/\ _FU2 = << [ PC |->
         [ pc |-> 4,
           type |-> {1},
           lat |-> {3},
           dep |-> {3},
           imiss |-> {FALSE, TRUE} ],
     baseLat |-> 3,
     currLat |-> 1 ],
   [ PC |->
         [pc |-> 2, type |-> {2}, lat |-> {3}, dep |-> {1}, imiss |-> {FALSE}],
     baseLat |-> 3,
     currLat |-> 1 ] >>
/\ FUTmp = <<<<<<1, 2>>, 2>>, 1>>
/\ globt = <<<<7, 0, 0, 0>>, <<7, 0, 0, 0>>>>
/\ _COM = <<[PC |-> [pc |-> 0, type |-> "empty"]], [PC |-> [pc |-> 0, type |-> "empty"]]>>
/\ _ID2 = <<[PC |-> [pc |-> 0, type |-> "empty"]], [PC |-> [pc |-> 0, type |-> "empty"]]>>
/\ currCycle2 = 8
/\ FU2 = <<1, 2, 2, 1>>
/\ _IF2 = << [PC |-> [pc |-> 0, type |-> "empty"], baseLat |-> 1, currLat |-> 1],
   [PC |-> [pc |-> 0, type |-> "empty"], baseLat |-> 1, currLat |-> 1] >>
/\ iMissTmp2 = <<<<<<FALSE, FALSE>>, FALSE>>, FALSE>>
/\ iMiss = <<FALSE, FALSE, FALSE, TRUE>>
/\ _RS = << { [ pc |-> 4,
       type |-> {1},
       lat |-> {3},
       dep |-> {3},
       imiss |-> {FALSE, TRUE} ] },
   { [ pc |-> 3,
       type |-> {2},
       lat |-> {3},
       dep |-> {},
       imiss |-> {FALSE, TRUE} ] } >>
/\ currCycle = 8
/\ iMissTmp = <<<<<<FALSE, FALSE>>, FALSE>>, TRUE>>
/\ FULat = <<3, 3, 3, 3>>
/\ FUTmp2 = <<<<<<1, 2>>, 2>>, 1>>
/\ prog = [ exec |->
      << [ PC |->
               [ pc |-> 1,
                 type |-> {1},
                 lat |-> {1, 3},
                 dep |-> {},
                 imiss |-> {FALSE} ],
           done |-> TRUE,
           executed |-> TRUE ],
         [ PC |->
               [ pc |-> 2,
                 type |-> {2},
                 lat |-> {3},
                 dep |-> {1},
                 imiss |-> {FALSE} ],
           done |-> FALSE,
           executed |-> FALSE ],
         [ PC |->
               [ pc |-> 3,
                 type |-> {2},
                 lat |-> {3},
                 dep |-> {},
                 imiss |-> {FALSE, TRUE} ],
           done |-> FALSE,
           executed |-> FALSE ],
         [ PC |->
               [ pc |-> 4,
                 type |-> {1},
                 lat |-> {3},
                 dep |-> {3},
                 imiss |-> {FALSE, TRUE} ],
           done |-> FALSE,
           executed |-> FALSE ] >>,
  rest |-> <<>> ]
/\ FUTmpLat2 = <<<<<<3, 3>>, 3>>, 3>>
/\ prog2 = [ exec |->
      << [ PC |->
               [ pc |-> 1,
                 type |-> {1},
                 lat |-> {1, 3},
                 dep |-> {},
                 imiss |-> {FALSE} ],
           done |-> TRUE,
           executed |-> TRUE ],
         [ PC |->
               [ pc |-> 2,
                 type |-> {2},
                 lat |-> {3},
                 dep |-> {1},
                 imiss |-> {FALSE} ],
           done |-> FALSE,
           executed |-> FALSE ],
         [ PC |->
               [ pc |-> 3,
                 type |-> {2},
                 lat |-> {3},
                 dep |-> {},
                 imiss |-> {FALSE, TRUE} ],
           done |-> FALSE,
           executed |-> TRUE ],
         [ PC |->
               [ pc |-> 4,
                 type |-> {1},
                 lat |-> {3},
                 dep |-> {3},
                 imiss |-> {FALSE, TRUE} ],
           done |-> FALSE,
           executed |-> FALSE ] >>,
  rest |-> <<>> ]
/\ FU = <<1, 2, 2, 1>>
/\ _FU = << [PC |-> [pc |-> 0, type |-> "empty"], baseLat |-> 1, currLat |-> 1],
   [ PC |->
         [pc |-> 2, type |-> {2}, lat |-> {3}, dep |-> {1}, imiss |-> {FALSE}],
     baseLat |-> 3,
     currLat |-> 2 ] >>

@!@!@ENDMSG 2217 @!@!@
@!@!@STARTMSG 2217:4 @!@!@
10: <Next line 64, col 9 to line 77, col 21 of module pipeline_ooo>
/\ FULat2 = <<3, 3, 3, 3>>
/\ iMiss2 = <<FALSE, FALSE, FALSE, FALSE>>
/\ loct = <<<<3, 2, 0, 0>>, <<3, 1, 3, 1>>>>
/\ _RS2 = <<{}, {}>>
/\ _COM2 = <<[PC |-> [pc |-> 0, type |-> "empty"]], [PC |-> [pc |-> 0, type |-> "empty"]]>>
/\ _ID = <<[PC |-> [pc |-> 0, type |-> "empty"]], [PC |-> [pc |-> 0, type |-> "empty"]]>>
/\ _IF = << [PC |-> [pc |-> 0, type |-> "empty"], baseLat |-> 1, currLat |-> 1],
   [PC |-> [pc |-> 0, type |-> "empty"], baseLat |-> 1, currLat |-> 1] >>
/\ FUTmpLat = <<<<<<3, 3>>, 3>>, 3>>
/\ _FU2 = << [ PC |->
         [ pc |-> 4,
           type |-> {1},
           lat |-> {3},
           dep |-> {3},
           imiss |-> {FALSE, TRUE} ],
     baseLat |-> 3,
     currLat |-> 2 ],
   [ PC |->
         [pc |-> 2, type |-> {2}, lat |-> {3}, dep |-> {1}, imiss |-> {FALSE}],
     baseLat |-> 3,
     currLat |-> 2 ] >>
/\ FUTmp = <<<<<<1, 2>>, 2>>, 1>>
/\ globt = <<<<7, 0, 0, 0>>, <<7, 0, 0, 0>>>>
/\ _COM = <<[PC |-> [pc |-> 0, type |-> "empty"]], [PC |-> [pc |-> 0, type |-> "empty"]]>>
/\ _ID2 = <<[PC |-> [pc |-> 0, type |-> "empty"]], [PC |-> [pc |-> 0, type |-> "empty"]]>>
/\ currCycle2 = 9
/\ FU2 = <<1, 2, 2, 1>>
/\ _IF2 = << [PC |-> [pc |-> 0, type |-> "empty"], baseLat |-> 1, currLat |-> 1],
   [PC |-> [pc |-> 0, type |-> "empty"], baseLat |-> 1, currLat |-> 1] >>
/\ iMissTmp2 = <<<<<<FALSE, FALSE>>, FALSE>>, FALSE>>
/\ iMiss = <<FALSE, FALSE, FALSE, TRUE>>
/\ _RS = << { [ pc |-> 4,
       type |-> {1},
       lat |-> {3},
       dep |-> {3},
       imiss |-> {FALSE, TRUE} ] },
   { [ pc |-> 3,
       type |-> {2},
       lat |-> {3},
       dep |-> {},
       imiss |-> {FALSE, TRUE} ] } >>
/\ currCycle = 9
/\ iMissTmp = <<<<<<FALSE, FALSE>>, FALSE>>, TRUE>>
/\ FULat = <<3, 3, 3, 3>>
/\ FUTmp2 = <<<<<<1, 2>>, 2>>, 1>>
/\ prog = [ exec |->
      << [ PC |->
               [ pc |-> 1,
                 type |-> {1},
                 lat |-> {1, 3},
                 dep |-> {},
                 imiss |-> {FALSE} ],
           done |-> TRUE,
           executed |-> TRUE ],
         [ PC |->
               [ pc |-> 2,
                 type |-> {2},
                 lat |-> {3},
                 dep |-> {1},
                 imiss |-> {FALSE} ],
           done |-> FALSE,
           executed |-> FALSE ],
         [ PC |->
               [ pc |-> 3,
                 type |-> {2},
                 lat |-> {3},
                 dep |-> {},
                 imiss |-> {FALSE, TRUE} ],
           done |-> FALSE,
           executed |-> FALSE ],
         [ PC |->
               [ pc |-> 4,
                 type |-> {1},
                 lat |-> {3},
                 dep |-> {3},
                 imiss |-> {FALSE, TRUE} ],
           done |-> FALSE,
           executed |-> FALSE ] >>,
  rest |-> <<>> ]
/\ FUTmpLat2 = <<<<<<3, 3>>, 3>>, 3>>
/\ prog2 = [ exec |->
      << [ PC |->
               [ pc |-> 1,
                 type |-> {1},
                 lat |-> {1, 3},
                 dep |-> {},
                 imiss |-> {FALSE} ],
           done |-> TRUE,
           executed |-> TRUE ],
         [ PC |->
               [ pc |-> 2,
                 type |-> {2},
                 lat |-> {3},
                 dep |-> {1},
                 imiss |-> {FALSE} ],
           done |-> FALSE,
           executed |-> FALSE ],
         [ PC |->
               [ pc |-> 3,
                 type |-> {2},
                 lat |-> {3},
                 dep |-> {},
                 imiss |-> {FALSE, TRUE} ],
           done |-> FALSE,
           executed |-> TRUE ],
         [ PC |->
               [ pc |-> 4,
                 type |-> {1},
                 lat |-> {3},
                 dep |-> {3},
                 imiss |-> {FALSE, TRUE} ],
           done |-> FALSE,
           executed |-> FALSE ] >>,
  rest |-> <<>> ]
/\ FU = <<1, 2, 2, 1>>
/\ _FU = << [PC |-> [pc |-> 0, type |-> "empty"], baseLat |-> 1, currLat |-> 1],
   [ PC |->
         [pc |-> 2, type |-> {2}, lat |-> {3}, dep |-> {1}, imiss |-> {FALSE}],
     baseLat |-> 3,
     currLat |-> 3 ] >>

@!@!@ENDMSG 2217 @!@!@
@!@!@STARTMSG 2217:4 @!@!@
11: <Next line 64, col 9 to line 77, col 21 of module pipeline_ooo>
/\ FULat2 = <<3, 3, 3, 3>>
/\ iMiss2 = <<FALSE, FALSE, FALSE, FALSE>>
/\ loct = <<<<3, 3, 0, 0>>, <<3, 2, 3, 2>>>>
/\ _RS2 = <<{}, {}>>
/\ _COM2 = <<[PC |-> [pc |-> 0, type |-> "empty"]], [PC |-> [pc |-> 0, type |-> "empty"]]>>
/\ _ID = <<[PC |-> [pc |-> 0, type |-> "empty"]], [PC |-> [pc |-> 0, type |-> "empty"]]>>
/\ _IF = << [PC |-> [pc |-> 0, type |-> "empty"], baseLat |-> 1, currLat |-> 1],
   [PC |-> [pc |-> 0, type |-> "empty"], baseLat |-> 1, currLat |-> 1] >>
/\ FUTmpLat = <<<<<<3, 3>>, 3>>, 3>>
/\ _FU2 = << [ PC |->
         [ pc |-> 4,
           type |-> {1},
           lat |-> {3},
           dep |-> {3},
           imiss |-> {FALSE, TRUE} ],
     baseLat |-> 3,
     currLat |-> 3 ],
   [ PC |->
         [pc |-> 2, type |-> {2}, lat |-> {3}, dep |-> {1}, imiss |-> {FALSE}],
     baseLat |-> 3,
     currLat |-> 3 ] >>
/\ FUTmp = <<<<<<1, 2>>, 2>>, 1>>
/\ globt = <<<<7, 0, 0, 0>>, <<7, 0, 0, 0>>>>
/\ _COM = << [ PC |->
         [ pc |-> 2,
           type |-> {2},
           lat |-> {3},
           dep |-> {1},
           imiss |-> {FALSE} ] ],
   [PC |-> [pc |-> 0, type |-> "empty"]] >>
/\ _ID2 = <<[PC |-> [pc |-> 0, type |-> "empty"]], [PC |-> [pc |-> 0, type |-> "empty"]]>>
/\ currCycle2 = 10
/\ FU2 = <<1, 2, 2, 1>>
/\ _IF2 = << [PC |-> [pc |-> 0, type |-> "empty"], baseLat |-> 1, currLat |-> 1],
   [PC |-> [pc |-> 0, type |-> "empty"], baseLat |-> 1, currLat |-> 1] >>
/\ iMissTmp2 = <<<<<<FALSE, FALSE>>, FALSE>>, FALSE>>
/\ iMiss = <<FALSE, FALSE, FALSE, TRUE>>
/\ _RS = << { [ pc |-> 4,
       type |-> {1},
       lat |-> {3},
       dep |-> {3},
       imiss |-> {FALSE, TRUE} ] },
   {} >>
/\ currCycle = 10
/\ iMissTmp = <<<<<<FALSE, FALSE>>, FALSE>>, TRUE>>
/\ FULat = <<3, 3, 3, 3>>
/\ FUTmp2 = <<<<<<1, 2>>, 2>>, 1>>
/\ prog = [ exec |->
      << [ PC |->
               [ pc |-> 1,
                 type |-> {1},
                 lat |-> {1, 3},
                 dep |-> {},
                 imiss |-> {FALSE} ],
           done |-> TRUE,
           executed |-> TRUE ],
         [ PC |->
               [ pc |-> 2,
                 type |-> {2},
                 lat |-> {3},
                 dep |-> {1},
                 imiss |-> {FALSE} ],
           done |-> FALSE,
           executed |-> TRUE ],
         [ PC |->
               [ pc |-> 3,
                 type |-> {2},
                 lat |-> {3},
                 dep |-> {},
                 imiss |-> {FALSE, TRUE} ],
           done |-> FALSE,
           executed |-> FALSE ],
         [ PC |->
               [ pc |-> 4,
                 type |-> {1},
                 lat |-> {3},
                 dep |-> {3},
                 imiss |-> {FALSE, TRUE} ],
           done |-> FALSE,
           executed |-> FALSE ] >>,
  rest |-> <<>> ]
/\ FUTmpLat2 = <<<<<<3, 3>>, 3>>, 3>>
/\ prog2 = [ exec |->
      << [ PC |->
               [ pc |-> 1,
                 type |-> {1},
                 lat |-> {1, 3},
                 dep |-> {},
                 imiss |-> {FALSE} ],
           done |-> TRUE,
           executed |-> TRUE ],
         [ PC |->
               [ pc |-> 2,
                 type |-> {2},
                 lat |-> {3},
                 dep |-> {1},
                 imiss |-> {FALSE} ],
           done |-> FALSE,
           executed |-> FALSE ],
         [ PC |->
               [ pc |-> 3,
                 type |-> {2},
                 lat |-> {3},
                 dep |-> {},
                 imiss |-> {FALSE, TRUE} ],
           done |-> FALSE,
           executed |-> TRUE ],
         [ PC |->
               [ pc |-> 4,
                 type |-> {1},
                 lat |-> {3},
                 dep |-> {3},
                 imiss |-> {FALSE, TRUE} ],
           done |-> FALSE,
           executed |-> FALSE ] >>,
  rest |-> <<>> ]
/\ FU = <<1, 2, 2, 1>>
/\ _FU = << [PC |-> [pc |-> 0, type |-> "empty"], baseLat |-> 1, currLat |-> 1],
   [ PC |->
         [ pc |-> 3,
           type |-> {2},
           lat |-> {3},
           dep |-> {},
           imiss |-> {FALSE, TRUE} ],
     baseLat |-> 3,
     currLat |-> 1 ] >>

@!@!@ENDMSG 2217 @!@!@
@!@!@STARTMSG 2217:4 @!@!@
12: <Next line 64, col 9 to line 77, col 21 of module pipeline_ooo>
/\ FULat2 = <<3, 3, 3, 3>>
/\ iMiss2 = <<FALSE, FALSE, FALSE, FALSE>>
/\ loct = <<<<3, 3, 1, 0>>, <<3, 3, 3, 3>>>>
/\ _RS2 = <<{}, {}>>
/\ _COM2 = << [ PC |->
         [ pc |-> 2,
           type |-> {2},
           lat |-> {3},
           dep |-> {1},
           imiss |-> {FALSE} ] ],
   [ PC |->
         [ pc |-> 3,
           type |-> {2},
           lat |-> {3},
           dep |-> {},
           imiss |-> {FALSE, TRUE} ] ] >>
/\ _ID = <<[PC |-> [pc |-> 0, type |-> "empty"]], [PC |-> [pc |-> 0, type |-> "empty"]]>>
/\ _IF = << [PC |-> [pc |-> 0, type |-> "empty"], baseLat |-> 1, currLat |-> 1],
   [PC |-> [pc |-> 0, type |-> "empty"], baseLat |-> 1, currLat |-> 1] >>
/\ FUTmpLat = <<<<<<3, 3>>, 3>>, 3>>
/\ _FU2 = << [PC |-> [pc |-> 0, type |-> "empty"], baseLat |-> 1, currLat |-> 1],
   [PC |-> [pc |-> 0, type |-> "empty"], baseLat |-> 1, currLat |-> 1] >>
/\ FUTmp = <<<<<<1, 2>>, 2>>, 1>>
/\ globt = <<<<7, 10, 0, 0>>, <<7, 0, 0, 0>>>>
/\ _COM = <<[PC |-> [pc |-> 0, type |-> "empty"]], [PC |-> [pc |-> 0, type |-> "empty"]]>>
/\ _ID2 = <<[PC |-> [pc |-> 0, type |-> "empty"]], [PC |-> [pc |-> 0, type |-> "empty"]]>>
/\ currCycle2 = 11
/\ FU2 = <<1, 2, 2, 1>>
/\ _IF2 = << [PC |-> [pc |-> 0, type |-> "empty"], baseLat |-> 1, currLat |-> 1],
   [PC |-> [pc |-> 0, type |-> "empty"], baseLat |-> 1, currLat |-> 1] >>
/\ iMissTmp2 = <<<<<<FALSE, FALSE>>, FALSE>>, FALSE>>
/\ iMiss = <<FALSE, FALSE, FALSE, TRUE>>
/\ _RS = << { [ pc |-> 4,
       type |-> {1},
       lat |-> {3},
       dep |-> {3},
       imiss |-> {FALSE, TRUE} ] },
   {} >>
/\ currCycle = 11
/\ iMissTmp = <<<<<<FALSE, FALSE>>, FALSE>>, TRUE>>
/\ FULat = <<3, 3, 3, 3>>
/\ FUTmp2 = <<<<<<1, 2>>, 2>>, 1>>
/\ prog = [ exec |->
      << [ PC |->
               [ pc |-> 1,
                 type |-> {1},
                 lat |-> {1, 3},
                 dep |-> {},
                 imiss |-> {FALSE} ],
           done |-> TRUE,
           executed |-> TRUE ],
         [ PC |->
               [ pc |-> 2,
                 type |-> {2},
                 lat |-> {3},
                 dep |-> {1},
                 imiss |-> {FALSE} ],
           done |-> TRUE,
           executed |-> TRUE ],
         [ PC |->
               [ pc |-> 3,
                 type |-> {2},
                 lat |-> {3},
                 dep |-> {},
                 imiss |-> {FALSE, TRUE} ],
           done |-> FALSE,
           executed |-> FALSE ],
         [ PC |->
               [ pc |-> 4,
                 type |-> {1},
                 lat |-> {3},
                 dep |-> {3},
                 imiss |-> {FALSE, TRUE} ],
           done |-> FALSE,
           executed |-> FALSE ] >>,
  rest |-> <<>> ]
/\ FUTmpLat2 = <<<<<<3, 3>>, 3>>, 3>>
/\ prog2 = [ exec |->
      << [ PC |->
               [ pc |-> 1,
                 type |-> {1},
                 lat |-> {1, 3},
                 dep |-> {},
                 imiss |-> {FALSE} ],
           done |-> TRUE,
           executed |-> TRUE ],
         [ PC |->
               [ pc |-> 2,
                 type |-> {2},
                 lat |-> {3},
                 dep |-> {1},
                 imiss |-> {FALSE} ],
           done |-> FALSE,
           executed |-> TRUE ],
         [ PC |->
               [ pc |-> 3,
                 type |-> {2},
                 lat |-> {3},
                 dep |-> {},
                 imiss |-> {FALSE, TRUE} ],
           done |-> FALSE,
           executed |-> TRUE ],
         [ PC |->
               [ pc |-> 4,
                 type |-> {1},
                 lat |-> {3},
                 dep |-> {3},
                 imiss |-> {FALSE, TRUE} ],
           done |-> FALSE,
           executed |-> TRUE ] >>,
  rest |-> <<>> ]
/\ FU = <<1, 2, 2, 1>>
/\ _FU = << [PC |-> [pc |-> 0, type |-> "empty"], baseLat |-> 1, currLat |-> 1],
   [ PC |->
         [ pc |-> 3,
           type |-> {2},
           lat |-> {3},
           dep |-> {},
           imiss |-> {FALSE, TRUE} ],
     baseLat |-> 3,
     currLat |-> 2 ] >>

@!@!@ENDMSG 2217 @!@!@
@!@!@STARTMSG 2217:4 @!@!@
13: <Next line 64, col 9 to line 77, col 21 of module pipeline_ooo>
/\ FULat2 = <<3, 3, 3, 3>>
/\ iMiss2 = <<FALSE, FALSE, FALSE, FALSE>>
/\ loct = <<<<3, 3, 2, 0>>, <<3, 3, 3, 3>>>>
/\ _RS2 = <<{}, {}>>
/\ _COM2 = << [ PC |->
         [ pc |-> 4,
           type |-> {1},
           lat |-> {3},
           dep |-> {3},
           imiss |-> {FALSE, TRUE} ] ],
   [PC |-> [pc |-> 0, type |-> "empty"]] >>
/\ _ID = <<[PC |-> [pc |-> 0, type |-> "empty"]], [PC |-> [pc |-> 0, type |-> "empty"]]>>
/\ _IF = << [PC |-> [pc |-> 0, type |-> "empty"], baseLat |-> 1, currLat |-> 1],
   [PC |-> [pc |-> 0, type |-> "empty"], baseLat |-> 1, currLat |-> 1] >>
/\ FUTmpLat = <<<<<<3, 3>>, 3>>, 3>>
/\ _FU2 = << [PC |-> [pc |-> 0, type |-> "empty"], baseLat |-> 1, currLat |-> 1],
   [PC |-> [pc |-> 0, type |-> "empty"], baseLat |-> 1, currLat |-> 1] >>
/\ FUTmp = <<<<<<1, 2>>, 2>>, 1>>
/\ globt = <<<<7, 10, 0, 0>>, <<7, 11, 11, 0>>>>
/\ _COM = <<[PC |-> [pc |-> 0, type |-> "empty"]], [PC |-> [pc |-> 0, type |-> "empty"]]>>
/\ _ID2 = <<[PC |-> [pc |-> 0, type |-> "empty"]], [PC |-> [pc |-> 0, type |-> "empty"]]>>
/\ currCycle2 = 12
/\ FU2 = <<1, 2, 2, 1>>
/\ _IF2 = << [PC |-> [pc |-> 0, type |-> "empty"], baseLat |-> 1, currLat |-> 1],
   [PC |-> [pc |-> 0, type |-> "empty"], baseLat |-> 1, currLat |-> 1] >>
/\ iMissTmp2 = <<<<<<FALSE, FALSE>>, FALSE>>, FALSE>>
/\ iMiss = <<FALSE, FALSE, FALSE, TRUE>>
/\ _RS = << { [ pc |-> 4,
       type |-> {1},
       lat |-> {3},
       dep |-> {3},
       imiss |-> {FALSE, TRUE} ] },
   {} >>
/\ currCycle = 12
/\ iMissTmp = <<<<<<FALSE, FALSE>>, FALSE>>, TRUE>>
/\ FULat = <<3, 3, 3, 3>>
/\ FUTmp2 = <<<<<<1, 2>>, 2>>, 1>>
/\ prog = [ exec |->
      << [ PC |->
               [ pc |-> 1,
                 type |-> {1},
                 lat |-> {1, 3},
                 dep |-> {},
                 imiss |-> {FALSE} ],
           done |-> TRUE,
           executed |-> TRUE ],
         [ PC |->
               [ pc |-> 2,
                 type |-> {2},
                 lat |-> {3},
                 dep |-> {1},
                 imiss |-> {FALSE} ],
           done |-> TRUE,
           executed |-> TRUE ],
         [ PC |->
               [ pc |-> 3,
                 type |-> {2},
                 lat |-> {3},
                 dep |-> {},
                 imiss |-> {FALSE, TRUE} ],
           done |-> FALSE,
           executed |-> FALSE ],
         [ PC |->
               [ pc |-> 4,
                 type |-> {1},
                 lat |-> {3},
                 dep |-> {3},
                 imiss |-> {FALSE, TRUE} ],
           done |-> FALSE,
           executed |-> FALSE ] >>,
  rest |-> <<>> ]
/\ FUTmpLat2 = <<<<<<3, 3>>, 3>>, 3>>
/\ prog2 = [ exec |->
      << [ PC |->
               [ pc |-> 1,
                 type |-> {1},
                 lat |-> {1, 3},
                 dep |-> {},
                 imiss |-> {FALSE} ],
           done |-> TRUE,
           executed |-> TRUE ],
         [ PC |->
               [ pc |-> 2,
                 type |-> {2},
                 lat |-> {3},
                 dep |-> {1},
                 imiss |-> {FALSE} ],
           done |-> TRUE,
           executed |-> TRUE ],
         [ PC |->
               [ pc |-> 3,
                 type |-> {2},
                 lat |-> {3},
                 dep |-> {},
                 imiss |-> {FALSE, TRUE} ],
           done |-> TRUE,
           executed |-> TRUE ],
         [ PC |->
               [ pc |-> 4,
                 type |-> {1},
                 lat |-> {3},
                 dep |-> {3},
                 imiss |-> {FALSE, TRUE} ],
           done |-> FALSE,
           executed |-> TRUE ] >>,
  rest |-> <<>> ]
/\ FU = <<1, 2, 2, 1>>
/\ _FU = << [PC |-> [pc |-> 0, type |-> "empty"], baseLat |-> 1, currLat |-> 1],
   [ PC |->
         [ pc |-> 3,
           type |-> {2},
           lat |-> {3},
           dep |-> {},
           imiss |-> {FALSE, TRUE} ],
     baseLat |-> 3,
     currLat |-> 3 ] >>

@!@!@ENDMSG 2217 @!@!@
@!@!@STARTMSG 2217:4 @!@!@
14: <Next line 64, col 9 to line 77, col 21 of module pipeline_ooo>
/\ FULat2 = <<3, 3, 3, 3>>
/\ iMiss2 = <<FALSE, FALSE, FALSE, FALSE>>
/\ loct = <<<<3, 3, 3, 0>>, <<3, 3, 3, 3>>>>
/\ _RS2 = <<{}, {}>>
/\ _COM2 = <<[PC |-> [pc |-> 0, type |-> "empty"]], [PC |-> [pc |-> 0, type |-> "empty"]]>>
/\ _ID = <<[PC |-> [pc |-> 0, type |-> "empty"]], [PC |-> [pc |-> 0, type |-> "empty"]]>>
/\ _IF = << [PC |-> [pc |-> 0, type |-> "empty"], baseLat |-> 1, currLat |-> 1],
   [PC |-> [pc |-> 0, type |-> "empty"], baseLat |-> 1, currLat |-> 1] >>
/\ FUTmpLat = <<<<<<3, 3>>, 3>>, 3>>
/\ _FU2 = << [PC |-> [pc |-> 0, type |-> "empty"], baseLat |-> 1, currLat |-> 1],
   [PC |-> [pc |-> 0, type |-> "empty"], baseLat |-> 1, currLat |-> 1] >>
/\ FUTmp = <<<<<<1, 2>>, 2>>, 1>>
/\ globt = <<<<7, 10, 0, 0>>, <<7, 11, 11, 12>>>>
/\ _COM = << [ PC |->
         [ pc |-> 3,
           type |-> {2},
           lat |-> {3},
           dep |-> {},
           imiss |-> {FALSE, TRUE} ] ],
   [PC |-> [pc |-> 0, type |-> "empty"]] >>
/\ _ID2 = <<[PC |-> [pc |-> 0, type |-> "empty"]], [PC |-> [pc |-> 0, type |-> "empty"]]>>
/\ currCycle2 = 13
/\ FU2 = <<1, 2, 2, 1>>
/\ _IF2 = << [PC |-> [pc |-> 0, type |-> "empty"], baseLat |-> 1, currLat |-> 1],
   [PC |-> [pc |-> 0, type |-> "empty"], baseLat |-> 1, currLat |-> 1] >>
/\ iMissTmp2 = <<<<<<FALSE, FALSE>>, FALSE>>, FALSE>>
/\ iMiss = <<FALSE, FALSE, FALSE, TRUE>>
/\ _RS = <<{}, {}>>
/\ currCycle = 13
/\ iMissTmp = <<<<<<FALSE, FALSE>>, FALSE>>, TRUE>>
/\ FULat = <<3, 3, 3, 3>>
/\ FUTmp2 = <<<<<<1, 2>>, 2>>, 1>>
/\ prog = [ exec |->
      << [ PC |->
               [ pc |-> 1,
                 type |-> {1},
                 lat |-> {1, 3},
                 dep |-> {},
                 imiss |-> {FALSE} ],
           done |-> TRUE,
           executed |-> TRUE ],
         [ PC |->
               [ pc |-> 2,
                 type |-> {2},
                 lat |-> {3},
                 dep |-> {1},
                 imiss |-> {FALSE} ],
           done |-> TRUE,
           executed |-> TRUE ],
         [ PC |->
               [ pc |-> 3,
                 type |-> {2},
                 lat |-> {3},
                 dep |-> {},
                 imiss |-> {FALSE, TRUE} ],
           done |-> FALSE,
           executed |-> TRUE ],
         [ PC |->
               [ pc |-> 4,
                 type |-> {1},
                 lat |-> {3},
                 dep |-> {3},
                 imiss |-> {FALSE, TRUE} ],
           done |-> FALSE,
           executed |-> FALSE ] >>,
  rest |-> <<>> ]
/\ FUTmpLat2 = <<<<<<3, 3>>, 3>>, 3>>
/\ prog2 = [ exec |->
      << [ PC |->
               [ pc |-> 1,
                 type |-> {1},
                 lat |-> {1, 3},
                 dep |-> {},
                 imiss |-> {FALSE} ],
           done |-> TRUE,
           executed |-> TRUE ],
         [ PC |->
               [ pc |-> 2,
                 type |-> {2},
                 lat |-> {3},
                 dep |-> {1},
                 imiss |-> {FALSE} ],
           done |-> TRUE,
           executed |-> TRUE ],
         [ PC |->
               [ pc |-> 3,
                 type |-> {2},
                 lat |-> {3},
                 dep |-> {},
                 imiss |-> {FALSE, TRUE} ],
           done |-> TRUE,
           executed |-> TRUE ],
         [ PC |->
               [ pc |-> 4,
                 type |-> {1},
                 lat |-> {3},
                 dep |-> {3},
                 imiss |-> {FALSE, TRUE} ],
           done |-> TRUE,
           executed |-> TRUE ] >>,
  rest |-> <<>> ]
/\ FU = <<1, 2, 2, 1>>
/\ _FU = << [ PC |->
         [ pc |-> 4,
           type |-> {1},
           lat |-> {3},
           dep |-> {3},
           imiss |-> {FALSE, TRUE} ],
     baseLat |-> 3,
     currLat |-> 1 ],
   [PC |-> [pc |-> 0, type |-> "empty"], baseLat |-> 1, currLat |-> 1] >>

@!@!@ENDMSG 2217 @!@!@
@!@!@STARTMSG 2217:4 @!@!@
15: <Next line 64, col 9 to line 77, col 21 of module pipeline_ooo>
/\ FULat2 = <<3, 3, 3, 3>>
/\ iMiss2 = <<FALSE, FALSE, FALSE, FALSE>>
/\ loct = <<<<3, 3, 3, 1>>, <<3, 3, 3, 3>>>>
/\ _RS2 = <<{}, {}>>
/\ _COM2 = <<[PC |-> [pc |-> 0, type |-> "empty"]], [PC |-> [pc |-> 0, type |-> "empty"]]>>
/\ _ID = <<[PC |-> [pc |-> 0, type |-> "empty"]], [PC |-> [pc |-> 0, type |-> "empty"]]>>
/\ _IF = << [PC |-> [pc |-> 0, type |-> "empty"], baseLat |-> 1, currLat |-> 1],
   [PC |-> [pc |-> 0, type |-> "empty"], baseLat |-> 1, currLat |-> 1] >>
/\ FUTmpLat = <<<<<<3, 3>>, 3>>, 3>>
/\ _FU2 = << [PC |-> [pc |-> 0, type |-> "empty"], baseLat |-> 1, currLat |-> 1],
   [PC |-> [pc |-> 0, type |-> "empty"], baseLat |-> 1, currLat |-> 1] >>
/\ FUTmp = <<<<<<1, 2>>, 2>>, 1>>
/\ globt = <<<<7, 10, 13, 0>>, <<7, 11, 11, 12>>>>
/\ _COM = <<[PC |-> [pc |-> 0, type |-> "empty"]], [PC |-> [pc |-> 0, type |-> "empty"]]>>
/\ _ID2 = <<[PC |-> [pc |-> 0, type |-> "empty"]], [PC |-> [pc |-> 0, type |-> "empty"]]>>
/\ currCycle2 = 13
/\ FU2 = <<1, 2, 2, 1>>
/\ _IF2 = << [PC |-> [pc |-> 0, type |-> "empty"], baseLat |-> 1, currLat |-> 1],
   [PC |-> [pc |-> 0, type |-> "empty"], baseLat |-> 1, currLat |-> 1] >>
/\ iMissTmp2 = <<<<<<FALSE, FALSE>>, FALSE>>, FALSE>>
/\ iMiss = <<FALSE, FALSE, FALSE, TRUE>>
/\ _RS = <<{}, {}>>
/\ currCycle = 14
/\ iMissTmp = <<<<<<FALSE, FALSE>>, FALSE>>, TRUE>>
/\ FULat = <<3, 3, 3, 3>>
/\ FUTmp2 = <<<<<<1, 2>>, 2>>, 1>>
/\ prog = [ exec |->
      << [ PC |->
               [ pc |-> 1,
                 type |-> {1},
                 lat |-> {1, 3},
                 dep |-> {},
                 imiss |-> {FALSE} ],
           done |-> TRUE,
           executed |-> TRUE ],
         [ PC |->
               [ pc |-> 2,
                 type |-> {2},
                 lat |-> {3},
                 dep |-> {1},
                 imiss |-> {FALSE} ],
           done |-> TRUE,
           executed |-> TRUE ],
         [ PC |->
               [ pc |-> 3,
                 type |-> {2},
                 lat |-> {3},
                 dep |-> {},
                 imiss |-> {FALSE, TRUE} ],
           done |-> TRUE,
           executed |-> TRUE ],
         [ PC |->
               [ pc |-> 4,
                 type |-> {1},
                 lat |-> {3},
                 dep |-> {3},
                 imiss |-> {FALSE, TRUE} ],
           done |-> FALSE,
           executed |-> FALSE ] >>,
  rest |-> <<>> ]
/\ FUTmpLat2 = <<<<<<3, 3>>, 3>>, 3>>
/\ prog2 = [ exec |->
      << [ PC |->
               [ pc |-> 1,
                 type |-> {1},
                 lat |-> {1, 3},
                 dep |-> {},
                 imiss |-> {FALSE} ],
           done |-> TRUE,
           executed |-> TRUE ],
         [ PC |->
               [ pc |-> 2,
                 type |-> {2},
                 lat |-> {3},
                 dep |-> {1},
                 imiss |-> {FALSE} ],
           done |-> TRUE,
           executed |-> TRUE ],
         [ PC |->
               [ pc |-> 3,
                 type |-> {2},
                 lat |-> {3},
                 dep |-> {},
                 imiss |-> {FALSE, TRUE} ],
           done |-> TRUE,
           executed |-> TRUE ],
         [ PC |->
               [ pc |-> 4,
                 type |-> {1},
                 lat |-> {3},
                 dep |-> {3},
                 imiss |-> {FALSE, TRUE} ],
           done |-> TRUE,
           executed |-> TRUE ] >>,
  rest |-> <<>> ]
/\ FU = <<1, 2, 2, 1>>
/\ _FU = << [ PC |->
         [ pc |-> 4,
           type |-> {1},
           lat |-> {3},
           dep |-> {3},
           imiss |-> {FALSE, TRUE} ],
     baseLat |-> 3,
     currLat |-> 2 ],
   [PC |-> [pc |-> 0, type |-> "empty"], baseLat |-> 1, currLat |-> 1] >>

@!@!@ENDMSG 2217 @!@!@
@!@!@STARTMSG 2217:4 @!@!@
16: <Next line 64, col 9 to line 77, col 21 of module pipeline_ooo>
/\ FULat2 = <<3, 3, 3, 3>>
/\ iMiss2 = <<FALSE, FALSE, FALSE, FALSE>>
/\ loct = <<<<3, 3, 3, 2>>, <<3, 3, 3, 3>>>>
/\ _RS2 = <<{}, {}>>
/\ _COM2 = <<[PC |-> [pc |-> 0, type |-> "empty"]], [PC |-> [pc |-> 0, type |-> "empty"]]>>
/\ _ID = <<[PC |-> [pc |-> 0, type |-> "empty"]], [PC |-> [pc |-> 0, type |-> "empty"]]>>
/\ _IF = << [PC |-> [pc |-> 0, type |-> "empty"], baseLat |-> 1, currLat |-> 1],
   [PC |-> [pc |-> 0, type |-> "empty"], baseLat |-> 1, currLat |-> 1] >>
/\ FUTmpLat = <<<<<<3, 3>>, 3>>, 3>>
/\ _FU2 = << [PC |-> [pc |-> 0, type |-> "empty"], baseLat |-> 1, currLat |-> 1],
   [PC |-> [pc |-> 0, type |-> "empty"], baseLat |-> 1, currLat |-> 1] >>
/\ FUTmp = <<<<<<1, 2>>, 2>>, 1>>
/\ globt = <<<<7, 10, 13, 0>>, <<7, 11, 11, 12>>>>
/\ _COM = <<[PC |-> [pc |-> 0, type |-> "empty"]], [PC |-> [pc |-> 0, type |-> "empty"]]>>
/\ _ID2 = <<[PC |-> [pc |-> 0, type |-> "empty"]], [PC |-> [pc |-> 0, type |-> "empty"]]>>
/\ currCycle2 = 13
/\ FU2 = <<1, 2, 2, 1>>
/\ _IF2 = << [PC |-> [pc |-> 0, type |-> "empty"], baseLat |-> 1, currLat |-> 1],
   [PC |-> [pc |-> 0, type |-> "empty"], baseLat |-> 1, currLat |-> 1] >>
/\ iMissTmp2 = <<<<<<FALSE, FALSE>>, FALSE>>, FALSE>>
/\ iMiss = <<FALSE, FALSE, FALSE, TRUE>>
/\ _RS = <<{}, {}>>
/\ currCycle = 15
/\ iMissTmp = <<<<<<FALSE, FALSE>>, FALSE>>, TRUE>>
/\ FULat = <<3, 3, 3, 3>>
/\ FUTmp2 = <<<<<<1, 2>>, 2>>, 1>>
/\ prog = [ exec |->
      << [ PC |->
               [ pc |-> 1,
                 type |-> {1},
                 lat |-> {1, 3},
                 dep |-> {},
                 imiss |-> {FALSE} ],
           done |-> TRUE,
           executed |-> TRUE ],
         [ PC |->
               [ pc |-> 2,
                 type |-> {2},
                 lat |-> {3},
                 dep |-> {1},
                 imiss |-> {FALSE} ],
           done |-> TRUE,
           executed |-> TRUE ],
         [ PC |->
               [ pc |-> 3,
                 type |-> {2},
                 lat |-> {3},
                 dep |-> {},
                 imiss |-> {FALSE, TRUE} ],
           done |-> TRUE,
           executed |-> TRUE ],
         [ PC |->
               [ pc |-> 4,
                 type |-> {1},
                 lat |-> {3},
                 dep |-> {3},
                 imiss |-> {FALSE, TRUE} ],
           done |-> FALSE,
           executed |-> FALSE ] >>,
  rest |-> <<>> ]
/\ FUTmpLat2 = <<<<<<3, 3>>, 3>>, 3>>
/\ prog2 = [ exec |->
      << [ PC |->
               [ pc |-> 1,
                 type |-> {1},
                 lat |-> {1, 3},
                 dep |-> {},
                 imiss |-> {FALSE} ],
           done |-> TRUE,
           executed |-> TRUE ],
         [ PC |->
               [ pc |-> 2,
                 type |-> {2},
                 lat |-> {3},
                 dep |-> {1},
                 imiss |-> {FALSE} ],
           done |-> TRUE,
           executed |-> TRUE ],
         [ PC |->
               [ pc |-> 3,
                 type |-> {2},
                 lat |-> {3},
                 dep |-> {},
                 imiss |-> {FALSE, TRUE} ],
           done |-> TRUE,
           executed |-> TRUE ],
         [ PC |->
               [ pc |-> 4,
                 type |-> {1},
                 lat |-> {3},
                 dep |-> {3},
                 imiss |-> {FALSE, TRUE} ],
           done |-> TRUE,
           executed |-> TRUE ] >>,
  rest |-> <<>> ]
/\ FU = <<1, 2, 2, 1>>
/\ _FU = << [ PC |->
         [ pc |-> 4,
           type |-> {1},
           lat |-> {3},
           dep |-> {3},
           imiss |-> {FALSE, TRUE} ],
     baseLat |-> 3,
     currLat |-> 3 ],
   [PC |-> [pc |-> 0, type |-> "empty"], baseLat |-> 1, currLat |-> 1] >>

@!@!@ENDMSG 2217 @!@!@
@!@!@STARTMSG 2217:4 @!@!@
17: <Next line 64, col 9 to line 77, col 21 of module pipeline_ooo>
/\ FULat2 = <<3, 3, 3, 3>>
/\ iMiss2 = <<FALSE, FALSE, FALSE, FALSE>>
/\ loct = <<<<3, 3, 3, 3>>, <<3, 3, 3, 3>>>>
/\ _RS2 = <<{}, {}>>
/\ _COM2 = <<[PC |-> [pc |-> 0, type |-> "empty"]], [PC |-> [pc |-> 0, type |-> "empty"]]>>
/\ _ID = <<[PC |-> [pc |-> 0, type |-> "empty"]], [PC |-> [pc |-> 0, type |-> "empty"]]>>
/\ _IF = << [PC |-> [pc |-> 0, type |-> "empty"], baseLat |-> 1, currLat |-> 1],
   [PC |-> [pc |-> 0, type |-> "empty"], baseLat |-> 1, currLat |-> 1] >>
/\ FUTmpLat = <<<<<<3, 3>>, 3>>, 3>>
/\ _FU2 = << [PC |-> [pc |-> 0, type |-> "empty"], baseLat |-> 1, currLat |-> 1],
   [PC |-> [pc |-> 0, type |-> "empty"], baseLat |-> 1, currLat |-> 1] >>
/\ FUTmp = <<<<<<1, 2>>, 2>>, 1>>
/\ globt = <<<<7, 10, 13, 0>>, <<7, 11, 11, 12>>>>
/\ _COM = << [ PC |->
         [ pc |-> 4,
           type |-> {1},
           lat |-> {3},
           dep |-> {3},
           imiss |-> {FALSE, TRUE} ] ],
   [PC |-> [pc |-> 0, type |-> "empty"]] >>
/\ _ID2 = <<[PC |-> [pc |-> 0, type |-> "empty"]], [PC |-> [pc |-> 0, type |-> "empty"]]>>
/\ currCycle2 = 13
/\ FU2 = <<1, 2, 2, 1>>
/\ _IF2 = << [PC |-> [pc |-> 0, type |-> "empty"], baseLat |-> 1, currLat |-> 1],
   [PC |-> [pc |-> 0, type |-> "empty"], baseLat |-> 1, currLat |-> 1] >>
/\ iMissTmp2 = <<<<<<FALSE, FALSE>>, FALSE>>, FALSE>>
/\ iMiss = <<FALSE, FALSE, FALSE, TRUE>>
/\ _RS = <<{}, {}>>
/\ currCycle = 16
/\ iMissTmp = <<<<<<FALSE, FALSE>>, FALSE>>, TRUE>>
/\ FULat = <<3, 3, 3, 3>>
/\ FUTmp2 = <<<<<<1, 2>>, 2>>, 1>>
/\ prog = [ exec |->
      << [ PC |->
               [ pc |-> 1,
                 type |-> {1},
                 lat |-> {1, 3},
                 dep |-> {},
                 imiss |-> {FALSE} ],
           done |-> TRUE,
           executed |-> TRUE ],
         [ PC |->
               [ pc |-> 2,
                 type |-> {2},
                 lat |-> {3},
                 dep |-> {1},
                 imiss |-> {FALSE} ],
           done |-> TRUE,
           executed |-> TRUE ],
         [ PC |->
               [ pc |-> 3,
                 type |-> {2},
                 lat |-> {3},
                 dep |-> {},
                 imiss |-> {FALSE, TRUE} ],
           done |-> TRUE,
           executed |-> TRUE ],
         [ PC |->
               [ pc |-> 4,
                 type |-> {1},
                 lat |-> {3},
                 dep |-> {3},
                 imiss |-> {FALSE, TRUE} ],
           done |-> FALSE,
           executed |-> TRUE ] >>,
  rest |-> <<>> ]
/\ FUTmpLat2 = <<<<<<3, 3>>, 3>>, 3>>
/\ prog2 = [ exec |->
      << [ PC |->
               [ pc |-> 1,
                 type |-> {1},
                 lat |-> {1, 3},
                 dep |-> {},
                 imiss |-> {FALSE} ],
           done |-> TRUE,
           executed |-> TRUE ],
         [ PC |->
               [ pc |-> 2,
                 type |-> {2},
                 lat |-> {3},
                 dep |-> {1},
                 imiss |-> {FALSE} ],
           done |-> TRUE,
           executed |-> TRUE ],
         [ PC |->
               [ pc |-> 3,
                 type |-> {2},
                 lat |-> {3},
                 dep |-> {},
                 imiss |-> {FALSE, TRUE} ],
           done |-> TRUE,
           executed |-> TRUE ],
         [ PC |->
               [ pc |-> 4,
                 type |-> {1},
                 lat |-> {3},
                 dep |-> {3},
                 imiss |-> {FALSE, TRUE} ],
           done |-> TRUE,
           executed |-> TRUE ] >>,
  rest |-> <<>> ]
/\ FU = <<1, 2, 2, 1>>
/\ _FU = << [PC |-> [pc |-> 0, type |-> "empty"], baseLat |-> 1, currLat |-> 1],
   [PC |-> [pc |-> 0, type |-> "empty"], baseLat |-> 1, currLat |-> 1] >>

@!@!@ENDMSG 2217 @!@!@
@!@!@STARTMSG 2217:4 @!@!@
18: <Next line 64, col 9 to line 77, col 21 of module pipeline_ooo>
/\ FULat2 = <<3, 3, 3, 3>>
/\ iMiss2 = <<FALSE, FALSE, FALSE, FALSE>>
/\ loct = <<<<3, 3, 3, 3>>, <<3, 3, 3, 3>>>>
/\ _RS2 = <<{}, {}>>
/\ _COM2 = <<[PC |-> [pc |-> 0, type |-> "empty"]], [PC |-> [pc |-> 0, type |-> "empty"]]>>
/\ _ID = <<[PC |-> [pc |-> 0, type |-> "empty"]], [PC |-> [pc |-> 0, type |-> "empty"]]>>
/\ _IF = << [PC |-> [pc |-> 0, type |-> "empty"], baseLat |-> 1, currLat |-> 1],
   [PC |-> [pc |-> 0, type |-> "empty"], baseLat |-> 1, currLat |-> 1] >>
/\ FUTmpLat = <<<<<<3, 3>>, 3>>, 3>>
/\ _FU2 = << [PC |-> [pc |-> 0, type |-> "empty"], baseLat |-> 1, currLat |-> 1],
   [PC |-> [pc |-> 0, type |-> "empty"], baseLat |-> 1, currLat |-> 1] >>
/\ FUTmp = <<<<<<1, 2>>, 2>>, 1>>
/\ globt = <<<<7, 10, 13, 16>>, <<7, 11, 11, 12>>>>
/\ _COM = <<[PC |-> [pc |-> 0, type |-> "empty"]], [PC |-> [pc |-> 0, type |-> "empty"]]>>
/\ _ID2 = <<[PC |-> [pc |-> 0, type |-> "empty"]], [PC |-> [pc |-> 0, type |-> "empty"]]>>
/\ currCycle2 = 13
/\ FU2 = <<1, 2, 2, 1>>
/\ _IF2 = << [PC |-> [pc |-> 0, type |-> "empty"], baseLat |-> 1, currLat |-> 1],
   [PC |-> [pc |-> 0, type |-> "empty"], baseLat |-> 1, currLat |-> 1] >>
/\ iMissTmp2 = <<<<<<FALSE, FALSE>>, FALSE>>, FALSE>>
/\ iMiss = <<FALSE, FALSE, FALSE, TRUE>>
/\ _RS = <<{}, {}>>
/\ currCycle = 17
/\ iMissTmp = <<<<<<FALSE, FALSE>>, FALSE>>, TRUE>>
/\ FULat = <<3, 3, 3, 3>>
/\ FUTmp2 = <<<<<<1, 2>>, 2>>, 1>>
/\ prog = [ exec |->
      << [ PC |->
               [ pc |-> 1,
                 type |-> {1},
                 lat |-> {1, 3},
                 dep |-> {},
                 imiss |-> {FALSE} ],
           done |-> TRUE,
           executed |-> TRUE ],
         [ PC |->
               [ pc |-> 2,
                 type |-> {2},
                 lat |-> {3},
                 dep |-> {1},
                 imiss |-> {FALSE} ],
           done |-> TRUE,
           executed |-> TRUE ],
         [ PC |->
               [ pc |-> 3,
                 type |-> {2},
                 lat |-> {3},
                 dep |-> {},
                 imiss |-> {FALSE, TRUE} ],
           done |-> TRUE,
           executed |-> TRUE ],
         [ PC |->
               [ pc |-> 4,
                 type |-> {1},
                 lat |-> {3},
                 dep |-> {3},
                 imiss |-> {FALSE, TRUE} ],
           done |-> TRUE,
           executed |-> TRUE ] >>,
  rest |-> <<>> ]
/\ FUTmpLat2 = <<<<<<3, 3>>, 3>>, 3>>
/\ prog2 = [ exec |->
      << [ PC |->
               [ pc |-> 1,
                 type |-> {1},
                 lat |-> {1, 3},
                 dep |-> {},
                 imiss |-> {FALSE} ],
           done |-> TRUE,
           executed |-> TRUE ],
         [ PC |->
               [ pc |-> 2,
                 type |-> {2},
                 lat |-> {3},
                 dep |-> {1},
                 imiss |-> {FALSE} ],
           done |-> TRUE,
           executed |-> TRUE ],
         [ PC |->
               [ pc |-> 3,
                 type |-> {2},
                 lat |-> {3},
                 dep |-> {},
                 imiss |-> {FALSE, TRUE} ],
           done |-> TRUE,
           executed |-> TRUE ],
         [ PC |->
               [ pc |-> 4,
                 type |-> {1},
                 lat |-> {3},
                 dep |-> {3},
                 imiss |-> {FALSE, TRUE} ],
           done |-> TRUE,
           executed |-> TRUE ] >>,
  rest |-> <<>> ]
/\ FU = <<1, 2, 2, 1>>
/\ _FU = << [PC |-> [pc |-> 0, type |-> "empty"], baseLat |-> 1, currLat |-> 1],
   [PC |-> [pc |-> 0, type |-> "empty"], baseLat |-> 1, currLat |-> 1] >>

@!@!@ENDMSG 2217 @!@!@
@!@!@STARTMSG 2201:0 @!@!@
The coverage statistics at 2020-11-04 17:46:35
@!@!@ENDMSG 2201 @!@!@
@!@!@STARTMSG 2773:0 @!@!@
<Init line 47, col 1 to line 47, col 4 of module pipeline_ooo>: 128:128
@!@!@ENDMSG 2773 @!@!@
@!@!@STARTMSG 2221:0 @!@!@
  line 47, col 25 to line 47, col 52 of module pipeline_ooo: 2
@!@!@ENDMSG 2221 @!@!@
@!@!@STARTMSG 2221:0 @!@!@
  |line 28, col 24 to line 28, col 77 of module pipeline_ooo: 8
@!@!@ENDMSG 2221 @!@!@
@!@!@STARTMSG 2221:0 @!@!@
  ||line 28, col 27 to line 28, col 31 of module pipeline_ooo: 8
@!@!@ENDMSG 2221 @!@!@
@!@!@STARTMSG 2221:0 @!@!@
  ||line 28, col 38 to line 28, col 43 of module pipeline_ooo: 2
@!@!@ENDMSG 2221 @!@!@
@!@!@STARTMSG 2221:0 @!@!@
  |||line 22, col 12 to line 22, col 56 of module pipeline_ooo: 8
@!@!@ENDMSG 2221 @!@!@
@!@!@STARTMSG 2775:0 @!@!@
  ||line 28, col 50 to line 28, col 77 of module pipeline_ooo: 6:28
@!@!@ENDMSG 2775 @!@!@
@!@!@STARTMSG 2221:0 @!@!@
  |||line 28, col 50 to line 28, col 67 of module pipeline_ooo: 6
@!@!@ENDMSG 2221 @!@!@
@!@!@STARTMSG 2221:0 @!@!@
  |||line 28, col 72 to line 28, col 77 of module pipeline_ooo: 6
@!@!@ENDMSG 2221 @!@!@
@!@!@STARTMSG 2221:0 @!@!@
  ||||line 28, col 76 to line 28, col 76 of module pipeline_ooo: 6
@!@!@ENDMSG 2221 @!@!@
@!@!@STARTMSG 2221:0 @!@!@
  ||||line 22, col 12 to line 22, col 56 of module pipeline_ooo: 8
@!@!@ENDMSG 2221 @!@!@
@!@!@STARTMSG 2221:0 @!@!@
  |line 47, col 40 to line 47, col 51 of module pipeline_ooo: 2
@!@!@ENDMSG 2221 @!@!@
@!@!@STARTMSG 2221:0 @!@!@
  line 48, col 20 to line 48, col 52 of module pipeline_ooo: 8
@!@!@ENDMSG 2221 @!@!@
@!@!@STARTMSG 2221:0 @!@!@
  |line 29, col 19 to line 29, col 92 of module pipeline_ooo: 24
@!@!@ENDMSG 2221 @!@!@
@!@!@STARTMSG 2221:0 @!@!@
  ||line 29, col 22 to line 29, col 26 of module pipeline_ooo: 24
@!@!@ENDMSG 2221 @!@!@
@!@!@STARTMSG 2221:0 @!@!@
  ||line 29, col 33 to line 29, col 50 of module pipeline_ooo: 8
@!@!@ENDMSG 2221 @!@!@
@!@!@STARTMSG 2221:0 @!@!@
  ||line 29, col 57 to line 29, col 92 of module pipeline_ooo: 16
@!@!@ENDMSG 2221 @!@!@
@!@!@STARTMSG 2221:0 @!@!@
  |line 48, col 28 to line 48, col 35 of module pipeline_ooo: 16
@!@!@ENDMSG 2221 @!@!@
@!@!@STARTMSG 2221:0 @!@!@
  |line 48, col 38 to line 48, col 51 of module pipeline_ooo: 8
@!@!@ENDMSG 2221 @!@!@
@!@!@STARTMSG 2221:0 @!@!@
  line 49, col 22 to line 49, col 50 of module pipeline_ooo: 8
@!@!@ENDMSG 2221 @!@!@
@!@!@STARTMSG 2221:0 @!@!@
  |line 28, col 24 to line 28, col 77 of module pipeline_ooo: 32
@!@!@ENDMSG 2221 @!@!@
@!@!@STARTMSG 2221:0 @!@!@
  ||line 28, col 27 to line 28, col 31 of module pipeline_ooo: 32
@!@!@ENDMSG 2221 @!@!@
@!@!@STARTMSG 2221:0 @!@!@
  ||line 28, col 38 to line 28, col 43 of module pipeline_ooo: 8
@!@!@ENDMSG 2221 @!@!@
@!@!@STARTMSG 2221:0 @!@!@
  |||line 23, col 13 to line 23, col 27 of module pipeline_ooo: 32
@!@!@ENDMSG 2221 @!@!@
@!@!@STARTMSG 2775:0 @!@!@
  ||line 28, col 50 to line 28, col 77 of module pipeline_ooo: 24:48
@!@!@ENDMSG 2775 @!@!@
@!@!@STARTMSG 2221:0 @!@!@
  |||line 28, col 50 to line 28, col 67 of module pipeline_ooo: 24
@!@!@ENDMSG 2221 @!@!@
@!@!@STARTMSG 2221:0 @!@!@
  |||line 28, col 72 to line 28, col 77 of module pipeline_ooo: 24
@!@!@ENDMSG 2221 @!@!@
@!@!@STARTMSG 2221:0 @!@!@
  ||||line 28, col 76 to line 28, col 76 of module pipeline_ooo: 24
@!@!@ENDMSG 2221 @!@!@
@!@!@STARTMSG 2221:0 @!@!@
  ||||line 23, col 13 to line 23, col 27 of module pipeline_ooo: 32
@!@!@ENDMSG 2221 @!@!@
@!@!@STARTMSG 2221:0 @!@!@
  |line 49, col 38 to line 49, col 49 of module pipeline_ooo: 8
@!@!@ENDMSG 2221 @!@!@
@!@!@STARTMSG 2221:0 @!@!@
  line 50, col 17 to line 50, col 46 of module pipeline_ooo: 8
@!@!@ENDMSG 2221 @!@!@
@!@!@STARTMSG 2221:0 @!@!@
  |line 29, col 19 to line 29, col 92 of module pipeline_ooo: 24
@!@!@ENDMSG 2221 @!@!@
@!@!@STARTMSG 2221:0 @!@!@
  ||line 29, col 22 to line 29, col 26 of module pipeline_ooo: 24
@!@!@ENDMSG 2221 @!@!@
@!@!@STARTMSG 2221:0 @!@!@
  ||line 29, col 33 to line 29, col 50 of module pipeline_ooo: 8
@!@!@ENDMSG 2221 @!@!@
@!@!@STARTMSG 2221:0 @!@!@
  ||line 29, col 57 to line 29, col 92 of module pipeline_ooo: 16
@!@!@ENDMSG 2221 @!@!@
@!@!@STARTMSG 2221:0 @!@!@
  |line 50, col 25 to line 50, col 29 of module pipeline_ooo: 16
@!@!@ENDMSG 2221 @!@!@
@!@!@STARTMSG 2221:0 @!@!@
  |line 50, col 32 to line 50, col 45 of module pipeline_ooo: 8
@!@!@ENDMSG 2221 @!@!@
@!@!@STARTMSG 2221:0 @!@!@
  line 51, col 25 to line 51, col 56 of module pipeline_ooo: 8
@!@!@ENDMSG 2221 @!@!@
@!@!@STARTMSG 2221:0 @!@!@
  |line 28, col 24 to line 28, col 77 of module pipeline_ooo: 32
@!@!@ENDMSG 2221 @!@!@
@!@!@STARTMSG 2221:0 @!@!@
  ||line 28, col 27 to line 28, col 31 of module pipeline_ooo: 32
@!@!@ENDMSG 2221 @!@!@
@!@!@STARTMSG 2221:0 @!@!@
  ||line 28, col 38 to line 28, col 43 of module pipeline_ooo: 8
@!@!@ENDMSG 2221 @!@!@
@!@!@STARTMSG 2221:0 @!@!@
  |||line 24, col 16 to line 24, col 29 of module pipeline_ooo: 32
@!@!@ENDMSG 2221 @!@!@
@!@!@STARTMSG 2775:0 @!@!@
  ||line 28, col 50 to line 28, col 77 of module pipeline_ooo: 24:96
@!@!@ENDMSG 2775 @!@!@
@!@!@STARTMSG 2221:0 @!@!@
  |||line 28, col 50 to line 28, col 67 of module pipeline_ooo: 24
@!@!@ENDMSG 2221 @!@!@
@!@!@STARTMSG 2221:0 @!@!@
  |||line 28, col 72 to line 28, col 77 of module pipeline_ooo: 24
@!@!@ENDMSG 2221 @!@!@
@!@!@STARTMSG 2221:0 @!@!@
  ||||line 28, col 76 to line 28, col 76 of module pipeline_ooo: 24
@!@!@ENDMSG 2221 @!@!@
@!@!@STARTMSG 2221:0 @!@!@
  ||||line 24, col 16 to line 24, col 29 of module pipeline_ooo: 32
@!@!@ENDMSG 2221 @!@!@
@!@!@STARTMSG 2221:0 @!@!@
  |line 51, col 44 to line 51, col 55 of module pipeline_ooo: 8
@!@!@ENDMSG 2221 @!@!@
@!@!@STARTMSG 2221:0 @!@!@
  line 52, col 20 to line 52, col 52 of module pipeline_ooo: 16
@!@!@ENDMSG 2221 @!@!@
@!@!@STARTMSG 2221:0 @!@!@
  |line 29, col 19 to line 29, col 92 of module pipeline_ooo: 48
@!@!@ENDMSG 2221 @!@!@
@!@!@STARTMSG 2221:0 @!@!@
  ||line 29, col 22 to line 29, col 26 of module pipeline_ooo: 48
@!@!@ENDMSG 2221 @!@!@
@!@!@STARTMSG 2221:0 @!@!@
  ||line 29, col 33 to line 29, col 50 of module pipeline_ooo: 16
@!@!@ENDMSG 2221 @!@!@
@!@!@STARTMSG 2221:0 @!@!@
  ||line 29, col 57 to line 29, col 92 of module pipeline_ooo: 32
@!@!@ENDMSG 2221 @!@!@
@!@!@STARTMSG 2221:0 @!@!@
  |line 52, col 28 to line 52, col 35 of module pipeline_ooo: 32
@!@!@ENDMSG 2221 @!@!@
@!@!@STARTMSG 2221:0 @!@!@
  |line 52, col 38 to line 52, col 51 of module pipeline_ooo: 16
@!@!@ENDMSG 2221 @!@!@
@!@!@STARTMSG 2221:0 @!@!@
  line 53, col 26 to line 53, col 53 of module pipeline_ooo: 16
@!@!@ENDMSG 2221 @!@!@
@!@!@STARTMSG 2221:0 @!@!@
  |line 28, col 24 to line 28, col 77 of module pipeline_ooo: 64
@!@!@ENDMSG 2221 @!@!@
@!@!@STARTMSG 2221:0 @!@!@
  ||line 28, col 27 to line 28, col 31 of module pipeline_ooo: 64
@!@!@ENDMSG 2221 @!@!@
@!@!@STARTMSG 2775:0 @!@!@
  ||line 28, col 38 to line 28, col 43 of module pipeline_ooo: 496:32
@!@!@ENDMSG 2775 @!@!@
@!@!@STARTMSG 2775:0 @!@!@
  ||line 28, col 50 to line 28, col 77 of module pipeline_ooo: 48:224
@!@!@ENDMSG 2775 @!@!@
@!@!@STARTMSG 2221:0 @!@!@
  |||line 28, col 50 to line 28, col 67 of module pipeline_ooo: 48
@!@!@ENDMSG 2221 @!@!@
@!@!@STARTMSG 2775:0 @!@!@
  |||line 28, col 72 to line 28, col 77 of module pipeline_ooo: 1488:48
@!@!@ENDMSG 2775 @!@!@
@!@!@STARTMSG 2221:0 @!@!@
  ||||line 28, col 76 to line 28, col 76 of module pipeline_ooo: 48
@!@!@ENDMSG 2221 @!@!@
@!@!@STARTMSG 2221:0 @!@!@
  |line 22, col 12 to line 22, col 56 of module pipeline_ooo: 8
@!@!@ENDMSG 2221 @!@!@
@!@!@STARTMSG 2221:0 @!@!@
  |line 53, col 41 to line 53, col 52 of module pipeline_ooo: 16
@!@!@ENDMSG 2221 @!@!@
@!@!@STARTMSG 2221:0 @!@!@
  line 54, col 21 to line 54, col 54 of module pipeline_ooo: 64
@!@!@ENDMSG 2221 @!@!@
@!@!@STARTMSG 2221:0 @!@!@
  |line 29, col 19 to line 29, col 92 of module pipeline_ooo: 192
@!@!@ENDMSG 2221 @!@!@
@!@!@STARTMSG 2221:0 @!@!@
  ||line 29, col 22 to line 29, col 26 of module pipeline_ooo: 192
@!@!@ENDMSG 2221 @!@!@
@!@!@STARTMSG 2221:0 @!@!@
  ||line 29, col 33 to line 29, col 50 of module pipeline_ooo: 64
@!@!@ENDMSG 2221 @!@!@
@!@!@STARTMSG 2221:0 @!@!@
  ||line 29, col 57 to line 29, col 92 of module pipeline_ooo: 128
@!@!@ENDMSG 2221 @!@!@
@!@!@STARTMSG 2221:0 @!@!@
  |line 54, col 29 to line 54, col 37 of module pipeline_ooo: 128
@!@!@ENDMSG 2221 @!@!@
@!@!@STARTMSG 2221:0 @!@!@
  |line 54, col 40 to line 54, col 53 of module pipeline_ooo: 64
@!@!@ENDMSG 2221 @!@!@
@!@!@STARTMSG 2221:0 @!@!@
  line 55, col 23 to line 55, col 51 of module pipeline_ooo: 64
@!@!@ENDMSG 2221 @!@!@
@!@!@STARTMSG 2221:0 @!@!@
  |line 28, col 24 to line 28, col 77 of module pipeline_ooo: 256
@!@!@ENDMSG 2221 @!@!@
@!@!@STARTMSG 2221:0 @!@!@
  ||line 28, col 27 to line 28, col 31 of module pipeline_ooo: 256
@!@!@ENDMSG 2221 @!@!@
@!@!@STARTMSG 2775:0 @!@!@
  ||line 28, col 38 to line 28, col 43 of module pipeline_ooo: 1792:128
@!@!@ENDMSG 2775 @!@!@
@!@!@STARTMSG 2775:0 @!@!@
  ||line 28, col 50 to line 28, col 77 of module pipeline_ooo: 192:384
@!@!@ENDMSG 2775 @!@!@
@!@!@STARTMSG 2221:0 @!@!@
  |||line 28, col 50 to line 28, col 67 of module pipeline_ooo: 192
@!@!@ENDMSG 2221 @!@!@
@!@!@STARTMSG 2775:0 @!@!@
  |||line 28, col 72 to line 28, col 77 of module pipeline_ooo: 5376:576
@!@!@ENDMSG 2775 @!@!@
@!@!@STARTMSG 2221:0 @!@!@
  ||||line 28, col 76 to line 28, col 76 of module pipeline_ooo: 192
@!@!@ENDMSG 2221 @!@!@
@!@!@STARTMSG 2221:0 @!@!@
  |line 23, col 13 to line 23, col 27 of module pipeline_ooo: 32
@!@!@ENDMSG 2221 @!@!@
@!@!@STARTMSG 2221:0 @!@!@
  |line 55, col 39 to line 55, col 50 of module pipeline_ooo: 64
@!@!@ENDMSG 2221 @!@!@
@!@!@STARTMSG 2221:0 @!@!@
  line 56, col 18 to line 56, col 48 of module pipeline_ooo: 64
@!@!@ENDMSG 2221 @!@!@
@!@!@STARTMSG 2221:0 @!@!@
  |line 29, col 19 to line 29, col 92 of module pipeline_ooo: 192
@!@!@ENDMSG 2221 @!@!@
@!@!@STARTMSG 2221:0 @!@!@
  ||line 29, col 22 to line 29, col 26 of module pipeline_ooo: 192
@!@!@ENDMSG 2221 @!@!@
@!@!@STARTMSG 2221:0 @!@!@
  ||line 29, col 33 to line 29, col 50 of module pipeline_ooo: 64
@!@!@ENDMSG 2221 @!@!@
@!@!@STARTMSG 2221:0 @!@!@
  ||line 29, col 57 to line 29, col 92 of module pipeline_ooo: 128
@!@!@ENDMSG 2221 @!@!@
@!@!@STARTMSG 2221:0 @!@!@
  |line 56, col 26 to line 56, col 31 of module pipeline_ooo: 128
@!@!@ENDMSG 2221 @!@!@
@!@!@STARTMSG 2221:0 @!@!@
  |line 56, col 34 to line 56, col 47 of module pipeline_ooo: 64
@!@!@ENDMSG 2221 @!@!@
@!@!@STARTMSG 2221:0 @!@!@
  line 57, col 26 to line 57, col 57 of module pipeline_ooo: 64
@!@!@ENDMSG 2221 @!@!@
@!@!@STARTMSG 2221:0 @!@!@
  |line 28, col 24 to line 28, col 77 of module pipeline_ooo: 256
@!@!@ENDMSG 2221 @!@!@
@!@!@STARTMSG 2221:0 @!@!@
  ||line 28, col 27 to line 28, col 31 of module pipeline_ooo: 256
@!@!@ENDMSG 2221 @!@!@
@!@!@STARTMSG 2775:0 @!@!@
  ||line 28, col 38 to line 28, col 43 of module pipeline_ooo: 1792:192
@!@!@ENDMSG 2775 @!@!@
@!@!@STARTMSG 2775:0 @!@!@
  ||line 28, col 50 to line 28, col 77 of module pipeline_ooo: 192:768
@!@!@ENDMSG 2775 @!@!@
@!@!@STARTMSG 2221:0 @!@!@
  |||line 28, col 50 to line 28, col 67 of module pipeline_ooo: 192
@!@!@ENDMSG 2221 @!@!@
@!@!@STARTMSG 2775:0 @!@!@
  |||line 28, col 72 to line 28, col 77 of module pipeline_ooo: 5376:960
@!@!@ENDMSG 2775 @!@!@
@!@!@STARTMSG 2221:0 @!@!@
  ||||line 28, col 76 to line 28, col 76 of module pipeline_ooo: 192
@!@!@ENDMSG 2221 @!@!@
@!@!@STARTMSG 2221:0 @!@!@
  |line 24, col 16 to line 24, col 29 of module pipeline_ooo: 32
@!@!@ENDMSG 2221 @!@!@
@!@!@STARTMSG 2221:0 @!@!@
  |line 57, col 45 to line 57, col 56 of module pipeline_ooo: 64
@!@!@ENDMSG 2221 @!@!@
@!@!@STARTMSG 2221:0 @!@!@
  line 58, col 21 to line 58, col 54 of module pipeline_ooo: 128
@!@!@ENDMSG 2221 @!@!@
@!@!@STARTMSG 2221:0 @!@!@
  |line 29, col 19 to line 29, col 92 of module pipeline_ooo: 384
@!@!@ENDMSG 2221 @!@!@
@!@!@STARTMSG 2221:0 @!@!@
  ||line 29, col 22 to line 29, col 26 of module pipeline_ooo: 384
@!@!@ENDMSG 2221 @!@!@
@!@!@STARTMSG 2221:0 @!@!@
  ||line 29, col 33 to line 29, col 50 of module pipeline_ooo: 128
@!@!@ENDMSG 2221 @!@!@
@!@!@STARTMSG 2221:0 @!@!@
  ||line 29, col 57 to line 29, col 92 of module pipeline_ooo: 256
@!@!@ENDMSG 2221 @!@!@
@!@!@STARTMSG 2221:0 @!@!@
  |line 58, col 29 to line 58, col 37 of module pipeline_ooo: 256
@!@!@ENDMSG 2221 @!@!@
@!@!@STARTMSG 2221:0 @!@!@
  |line 58, col 40 to line 58, col 53 of module pipeline_ooo: 128
@!@!@ENDMSG 2221 @!@!@
@!@!@STARTMSG 2221:0 @!@!@
  line 59, col 12 to line 59, col 21 of module pipeline_ooo: 128
@!@!@ENDMSG 2221 @!@!@
@!@!@STARTMSG 2221:0 @!@!@
  line 60, col 12 to line 60, col 21 of module pipeline_ooo: 128
@!@!@ENDMSG 2221 @!@!@
@!@!@STARTMSG 2221:0 @!@!@
  line 61, col 12 to line 61, col 68 of module pipeline_ooo: 128
@!@!@ENDMSG 2221 @!@!@
@!@!@STARTMSG 2221:0 @!@!@
  line 62, col 12 to line 62, col 69 of module pipeline_ooo: 128
@!@!@ENDMSG 2221 @!@!@
@!@!@STARTMSG 2772:0 @!@!@
<Next line 64, col 1 to line 64, col 4 of module pipeline_ooo>: 1021:1063
@!@!@ENDMSG 2772 @!@!@
@!@!@STARTMSG 2221:0 @!@!@
  line 31, col 1 to line 31, col 35 of module pipeline_ooo: 325
@!@!@ENDMSG 2221 @!@!@
@!@!@STARTMSG 2221:0 @!@!@
  line 31, col 1 to line 31, col 35 of module pipeline_ooo: 520
@!@!@ENDMSG 2221 @!@!@
@!@!@STARTMSG 2221:0 @!@!@
  line 31, col 1 to line 31, col 35 of module pipeline_ooo: 998
@!@!@ENDMSG 2221 @!@!@
@!@!@STARTMSG 2221:0 @!@!@
  line 31, col 1 to line 31, col 35 of module pipeline_ooo: 65
@!@!@ENDMSG 2221 @!@!@
@!@!@STARTMSG 2221:0 @!@!@
  line 31, col 1 to line 31, col 35 of module pipeline_ooo: 128
@!@!@ENDMSG 2221 @!@!@
@!@!@STARTMSG 2221:0 @!@!@
  line 31, col 1 to line 31, col 35 of module pipeline_ooo: 49046
@!@!@ENDMSG 2221 @!@!@
@!@!@STARTMSG 2221:0 @!@!@
  line 31, col 1 to line 31, col 35 of module pipeline_ooo: 51307
@!@!@ENDMSG 2221 @!@!@
@!@!@STARTMSG 2221:0 @!@!@
  line 31, col 1 to line 31, col 35 of module pipeline_ooo: 12509
@!@!@ENDMSG 2221 @!@!@
@!@!@STARTMSG 2221:0 @!@!@
  line 31, col 1 to line 31, col 35 of module pipeline_ooo: 23210
@!@!@ENDMSG 2221 @!@!@
@!@!@STARTMSG 2221:0 @!@!@
  line 31, col 1 to line 31, col 35 of module pipeline_ooo: 75171
@!@!@ENDMSG 2221 @!@!@
@!@!@STARTMSG 2221:0 @!@!@
  line 31, col 1 to line 31, col 35 of module pipeline_ooo: 14503
@!@!@ENDMSG 2221 @!@!@
@!@!@STARTMSG 2221:0 @!@!@
  line 31, col 1 to line 31, col 35 of module pipeline_ooo: 260
@!@!@ENDMSG 2221 @!@!@
@!@!@STARTMSG 2221:0 @!@!@
  line 31, col 1 to line 31, col 35 of module pipeline_ooo: 58903
@!@!@ENDMSG 2221 @!@!@
@!@!@STARTMSG 2221:0 @!@!@
  line 31, col 1 to line 31, col 35 of module pipeline_ooo: 304813
@!@!@ENDMSG 2221 @!@!@
@!@!@STARTMSG 2221:0 @!@!@
  line 51, col 18 to line 51, col 59 of module pipeline_exec_ooo: 1061
@!@!@ENDMSG 2221 @!@!@
@!@!@STARTMSG 2775:0 @!@!@
  |line 51, col 25 to line 51, col 59 of module pipeline_exec_ooo: 1063:2126
@!@!@ENDMSG 2775 @!@!@
@!@!@STARTMSG 2221:0 @!@!@
  line 54, col 15 to line 54, col 69 of module pipeline_exec_ooo: 1061
@!@!@ENDMSG 2221 @!@!@
@!@!@STARTMSG 2775:0 @!@!@
  |line 54, col 22 to line 54, col 69 of module pipeline_exec_ooo: 1063:2126
@!@!@ENDMSG 2775 @!@!@
@!@!@STARTMSG 2221:0 @!@!@
  line 59, col 15 to line 64, col 22 of module pipeline_exec_ooo: 1061
@!@!@ENDMSG 2221 @!@!@
@!@!@STARTMSG 2775:0 @!@!@
  |line 59, col 22 to line 64, col 22 of module pipeline_exec_ooo: 1063:2126
@!@!@ENDMSG 2775 @!@!@
@!@!@STARTMSG 2221:0 @!@!@
  line 73, col 18 to line 73, col 54 of module pipeline_exec_ooo: 1061
@!@!@ENDMSG 2221 @!@!@
@!@!@STARTMSG 2775:0 @!@!@
  |line 73, col 25 to line 73, col 54 of module pipeline_exec_ooo: 1063:2126
@!@!@ENDMSG 2775 @!@!@
@!@!@STARTMSG 2221:0 @!@!@
  line 101, col 16 to line 101, col 71 of module pipeline_exec_ooo: 1061
@!@!@ENDMSG 2221 @!@!@
@!@!@STARTMSG 2775:0 @!@!@
  |line 101, col 24 to line 101, col 71 of module pipeline_exec_ooo: 1063:2126
@!@!@ENDMSG 2775 @!@!@
@!@!@STARTMSG 2221:0 @!@!@
  line 121, col 20 to line 121, col 61 of module pipeline_exec_ooo: 1061
@!@!@ENDMSG 2221 @!@!@
@!@!@STARTMSG 2221:0 @!@!@
  |line 121, col 28 to line 121, col 61 of module pipeline_exec_ooo: 1063
@!@!@ENDMSG 2221 @!@!@
@!@!@STARTMSG 2221:0 @!@!@
  ||line 121, col 39 to line 121, col 43 of module pipeline_exec_ooo: 1063
@!@!@ENDMSG 2221 @!@!@
@!@!@STARTMSG 2221:0 @!@!@
  |||line 112, col 30 to line 112, col 95 of module pipeline_exec_ooo: 1063
@!@!@ENDMSG 2221 @!@!@
@!@!@STARTMSG 2221:0 @!@!@
  ||||line 112, col 33 to line 112, col 42 of module pipeline_exec_ooo: 1063
@!@!@ENDMSG 2221 @!@!@
@!@!@STARTMSG 2221:0 @!@!@
  |||||line 112, col 34 to line 112, col 42 of module pipeline_exec_ooo: 1063
@!@!@ENDMSG 2221 @!@!@
@!@!@STARTMSG 2221:0 @!@!@
  ||||||line 19, col 14 to line 19, col 67 of module pipeline_exec_ooo: 1063
@!@!@ENDMSG 2221 @!@!@
@!@!@STARTMSG 2221:0 @!@!@
  |||||||line 19, col 37 to line 19, col 67 of module pipeline_exec_ooo: 2062
@!@!@ENDMSG 2221 @!@!@
@!@!@STARTMSG 2221:0 @!@!@
  |||||||line 19, col 23 to line 19, col 34 of module pipeline_exec_ooo: 1063
@!@!@ENDMSG 2221 @!@!@
@!@!@STARTMSG 2221:0 @!@!@
  ||||line 112, col 49 to line 112, col 80 of module pipeline_exec_ooo: 965
@!@!@ENDMSG 2221 @!@!@
@!@!@STARTMSG 2221:0 @!@!@
  |||||line 11, col 21 to line 13, col 49 of module instructions_ooo: 1930
@!@!@ENDMSG 2221 @!@!@
@!@!@STARTMSG 2221:0 @!@!@
  ||||||line 11, col 24 to line 11, col 28 of module instructions_ooo: 1930
@!@!@ENDMSG 2221 @!@!@
@!@!@STARTMSG 2221:0 @!@!@
  ||||||line 12, col 26 to line 12, col 32 of module instructions_ooo: 965
@!@!@ENDMSG 2221 @!@!@
@!@!@STARTMSG 2221:0 @!@!@
  |||||||line 10, col 36 to line 10, col 72 of module instructions_ooo: 965
@!@!@ENDMSG 2221 @!@!@
@!@!@STARTMSG 2221:0 @!@!@
  ||||||||line 10, col 39 to line 10, col 48 of module instructions_ooo: 965
@!@!@ENDMSG 2221 @!@!@
@!@!@STARTMSG 2221:0 @!@!@
  ||||||||line 10, col 55 to line 10, col 61 of module instructions_ooo: 130
@!@!@ENDMSG 2221 @!@!@
@!@!@STARTMSG 2221:0 @!@!@
  ||||||||line 10, col 68 to line 10, col 72 of module instructions_ooo: 835
@!@!@ENDMSG 2221 @!@!@
@!@!@STARTMSG 2221:0 @!@!@
  |||||||line 12, col 31 to line 12, col 31 of module instructions_ooo: 965
@!@!@ENDMSG 2221 @!@!@
@!@!@STARTMSG 2221:0 @!@!@
  ||||||line 13, col 26 to line 13, col 49 of module instructions_ooo: 965
@!@!@ENDMSG 2221 @!@!@
@!@!@STARTMSG 2221:0 @!@!@
  |||||||line 13, col 37 to line 13, col 43 of module instructions_ooo: 965
@!@!@ENDMSG 2221 @!@!@
@!@!@STARTMSG 2221:0 @!@!@
  ||||||||line 10, col 36 to line 10, col 72 of module instructions_ooo: 965
@!@!@ENDMSG 2221 @!@!@
@!@!@STARTMSG 2221:0 @!@!@
  |||||||||line 10, col 39 to line 10, col 48 of module instructions_ooo: 965
@!@!@ENDMSG 2221 @!@!@
@!@!@STARTMSG 2221:0 @!@!@
  |||||||||line 10, col 55 to line 10, col 61 of module instructions_ooo: 130
@!@!@ENDMSG 2221 @!@!@
@!@!@STARTMSG 2221:0 @!@!@
  |||||||||line 10, col 68 to line 10, col 72 of module instructions_ooo: 835
@!@!@ENDMSG 2221 @!@!@
@!@!@STARTMSG 2221:0 @!@!@
  ||||||||line 13, col 42 to line 13, col 42 of module instructions_ooo: 965
@!@!@ENDMSG 2221 @!@!@
@!@!@STARTMSG 2221:0 @!@!@
  |||||||line 13, col 46 to line 13, col 48 of module instructions_ooo: 965
@!@!@ENDMSG 2221 @!@!@
@!@!@STARTMSG 2221:0 @!@!@
  |||||line 112, col 60 to line 112, col 68 of module pipeline_exec_ooo: 965
@!@!@ENDMSG 2221 @!@!@
@!@!@STARTMSG 2221:0 @!@!@
  |||||line 112, col 71 to line 112, col 79 of module pipeline_exec_ooo: 965
@!@!@ENDMSG 2221 @!@!@
@!@!@STARTMSG 2221:0 @!@!@
  ||||line 112, col 87 to line 112, col 95 of module pipeline_exec_ooo: 98
@!@!@ENDMSG 2221 @!@!@
@!@!@STARTMSG 2221:0 @!@!@
  ||line 121, col 55 to line 121, col 59 of module pipeline_exec_ooo: 1063
@!@!@ENDMSG 2221 @!@!@
@!@!@STARTMSG 2775:0 @!@!@
  |||line 115, col 30 to line 120, col 30 of module pipeline_exec_ooo: 1063:178192
@!@!@ENDMSG 2775 @!@!@
@!@!@STARTMSG 2221:0 @!@!@
  ||||line 115, col 38 to line 115, col 51 of module pipeline_exec_ooo: 1063
@!@!@ENDMSG 2221 @!@!@
@!@!@STARTMSG 2221:0 @!@!@
  |||||line 115, col 41 to line 115, col 51 of module pipeline_exec_ooo: 1063
@!@!@ENDMSG 2221 @!@!@
@!@!@STARTMSG 2221:0 @!@!@
  ||||||line 115, col 45 to line 115, col 50 of module pipeline_exec_ooo: 1063
@!@!@ENDMSG 2221 @!@!@
@!@!@STARTMSG 2221:0 @!@!@
  |||||||line 114, col 31 to line 114, col 83 of module pipeline_exec_ooo: 1063
@!@!@ENDMSG 2221 @!@!@
@!@!@STARTMSG 2221:0 @!@!@
  ||||||||line 114, col 34 to line 114, col 43 of module pipeline_exec_ooo: 1063
@!@!@ENDMSG 2221 @!@!@
@!@!@STARTMSG 2221:0 @!@!@
  |||||||||line 114, col 35 to line 114, col 43 of module pipeline_exec_ooo: 1063
@!@!@ENDMSG 2221 @!@!@
@!@!@STARTMSG 2221:0 @!@!@
  ||||||||||line 19, col 14 to line 19, col 67 of module pipeline_exec_ooo: 1063
@!@!@ENDMSG 2221 @!@!@
@!@!@STARTMSG 2221:0 @!@!@
  |||||||||||line 19, col 37 to line 19, col 67 of module pipeline_exec_ooo: 2062
@!@!@ENDMSG 2221 @!@!@
@!@!@STARTMSG 2221:0 @!@!@
  |||||||||||line 19, col 23 to line 19, col 34 of module pipeline_exec_ooo: 1063
@!@!@ENDMSG 2221 @!@!@
@!@!@STARTMSG 2221:0 @!@!@
  ||||||||line 114, col 50 to line 114, col 68 of module pipeline_exec_ooo: 965
@!@!@ENDMSG 2221 @!@!@
@!@!@STARTMSG 2221:0 @!@!@
  |||||||||line 104, col 16 to line 106, col 118 of module pipeline_exec_ooo: 2895
@!@!@ENDMSG 2221 @!@!@
@!@!@STARTMSG 2221:0 @!@!@
  ||||||||||line 104, col 19 to line 104, col 23 of module pipeline_exec_ooo: 2895
@!@!@ENDMSG 2221 @!@!@
@!@!@STARTMSG 2221:0 @!@!@
  ||||||||||line 105, col 21 to line 105, col 29 of module pipeline_exec_ooo: 965
@!@!@ENDMSG 2221 @!@!@
@!@!@STARTMSG 2221:0 @!@!@
  ||||||||||line 106, col 21 to line 106, col 118 of module pipeline_exec_ooo: 1930
@!@!@ENDMSG 2221 @!@!@
@!@!@STARTMSG 2221:0 @!@!@
  |||||||||||line 15, col 22 to line 15, col 64 of module instructions_ooo: 1930
@!@!@ENDMSG 2221 @!@!@
@!@!@STARTMSG 2221:0 @!@!@
  ||||||||||||line 15, col 25 to line 15, col 38 of module instructions_ooo: 1930
@!@!@ENDMSG 2221 @!@!@
@!@!@STARTMSG 2221:0 @!@!@
  ||||||||||||line 15, col 45 to line 15, col 57 of module instructions_ooo: 260
@!@!@ENDMSG 2221 @!@!@
@!@!@STARTMSG 2221:0 @!@!@
  ||||||||||||line 15, col 64 to line 15, col 64 of module instructions_ooo: 1670
@!@!@ENDMSG 2221 @!@!@
@!@!@STARTMSG 2221:0 @!@!@
  |||||||||||line 106, col 32 to line 106, col 44 of module pipeline_exec_ooo: 1930
@!@!@ENDMSG 2221 @!@!@
@!@!@STARTMSG 2221:0 @!@!@
  |||||||||||line 106, col 47 to line 106, col 117 of module pipeline_exec_ooo: 1930
@!@!@ENDMSG 2221 @!@!@
@!@!@STARTMSG 2221:0 @!@!@
  ||||||||||||line 106, col 56 to line 106, col 79 of module pipeline_exec_ooo: 1930
@!@!@ENDMSG 2221 @!@!@
@!@!@STARTMSG 2221:0 @!@!@
  |||||||||||||line 7, col 21 to line 7, col 56 of module instructions_ooo: 1930
@!@!@ENDMSG 2221 @!@!@
@!@!@STARTMSG 2221:0 @!@!@
  ||||||||||||||line 7, col 24 to line 7, col 35 of module instructions_ooo: 1930
@!@!@ENDMSG 2221 @!@!@
@!@!@STARTMSG 2221:0 @!@!@
  ||||||||||||||line 7, col 42 to line 7, col 45 of module instructions_ooo: 260
@!@!@ENDMSG 2221 @!@!@
@!@!@STARTMSG 2221:0 @!@!@
  ||||||||||||||line 7, col 52 to line 7, col 56 of module instructions_ooo: 1670
@!@!@ENDMSG 2221 @!@!@
@!@!@STARTMSG 2221:0 @!@!@
  |||||||||||||line 106, col 67 to line 106, col 75 of module pipeline_exec_ooo: 1930
@!@!@ENDMSG 2221 @!@!@
@!@!@STARTMSG 2221:0 @!@!@
  |||||||||||||line 106, col 78 to line 106, col 78 of module pipeline_exec_ooo: 1930
@!@!@ENDMSG 2221 @!@!@
@!@!@STARTMSG 2221:0 @!@!@
  ||||||||||||line 106, col 82 to line 106, col 99 of module pipeline_exec_ooo: 1930
@!@!@ENDMSG 2221 @!@!@
@!@!@STARTMSG 2221:0 @!@!@
  ||||||||||||line 106, col 102 to line 106, col 115 of module pipeline_exec_ooo: 1930
@!@!@ENDMSG 2221 @!@!@
@!@!@STARTMSG 2221:0 @!@!@
  |||||||||line 114, col 59 to line 114, col 67 of module pipeline_exec_ooo: 965
@!@!@ENDMSG 2221 @!@!@
@!@!@STARTMSG 2221:0 @!@!@
  ||||||||line 114, col 75 to line 114, col 83 of module pipeline_exec_ooo: 98
@!@!@ENDMSG 2221 @!@!@
@!@!@STARTMSG 2221:0 @!@!@
  line 125, col 20 to line 126, col 50 of module pipeline_exec_ooo: 1063
@!@!@ENDMSG 2221 @!@!@
@!@!@STARTMSG 2221:0 @!@!@
  |line 126, col 26 to line 126, col 39 of module pipeline_exec_ooo: 6414
@!@!@ENDMSG 2221 @!@!@
@!@!@STARTMSG 2221:0 @!@!@
  |line 126, col 44 to line 126, col 50 of module pipeline_exec_ooo: 3207
@!@!@ENDMSG 2221 @!@!@
@!@!@STARTMSG 2221:0 @!@!@
  |line 125, col 29 to line 125, col 49 of module pipeline_exec_ooo: 1063
@!@!@ENDMSG 2221 @!@!@
@!@!@STARTMSG 2221:0 @!@!@
  line 127, col 22 to line 127, col 47 of module pipeline_exec_ooo: 996
@!@!@ENDMSG 2221 @!@!@
@!@!@STARTMSG 2221:0 @!@!@
  |line 127, col 35 to line 127, col 47 of module pipeline_exec_ooo: 998
@!@!@ENDMSG 2221 @!@!@
@!@!@STARTMSG 2221:0 @!@!@
  line 128, col 22 to line 128, col 46 of module pipeline_exec_ooo: 65
@!@!@ENDMSG 2221 @!@!@
@!@!@STARTMSG 2221:0 @!@!@
  line 130, col 37 to line 130, col 95 of module pipeline_exec_ooo: 1061
@!@!@ENDMSG 2221 @!@!@
@!@!@STARTMSG 2221:0 @!@!@
  line 40, col 24 to line 40, col 29 of module pipeline_ooo: 324
@!@!@ENDMSG 2221 @!@!@
@!@!@STARTMSG 2221:0 @!@!@
  line 42, col 21 to line 42, col 23 of module pipeline_ooo: 520
@!@!@ENDMSG 2221 @!@!@
@!@!@STARTMSG 2221:0 @!@!@
  line 33, col 28 to line 33, col 37 of module pipeline_ooo: 996
@!@!@ENDMSG 2221 @!@!@
@!@!@STARTMSG 2221:0 @!@!@
  line 32, col 1 to line 45, col 35 of module pipeline_ooo: 64
@!@!@ENDMSG 2221 @!@!@
@!@!@STARTMSG 2221:0 @!@!@
  line 32, col 1 to line 45, col 35 of module pipeline_ooo: 128
@!@!@ENDMSG 2221 @!@!@
@!@!@STARTMSG 2221:0 @!@!@
  line 32, col 1 to line 45, col 35 of module pipeline_ooo: 49035
@!@!@ENDMSG 2221 @!@!@
@!@!@STARTMSG 2221:0 @!@!@
  line 35, col 22 to line 35, col 25 of module pipeline_ooo: 51307
@!@!@ENDMSG 2221 @!@!@
@!@!@STARTMSG 2221:0 @!@!@
  line 36, col 22 to line 36, col 25 of module pipeline_ooo: 12533
@!@!@ENDMSG 2221 @!@!@
@!@!@STARTMSG 2221:0 @!@!@
  line 32, col 1 to line 45, col 35 of module pipeline_ooo: 23121
@!@!@ENDMSG 2221 @!@!@
@!@!@STARTMSG 2221:0 @!@!@
  line 38, col 22 to line 38, col 25 of module pipeline_ooo: 75011
@!@!@ENDMSG 2221 @!@!@
@!@!@STARTMSG 2221:0 @!@!@
  line 37, col 22 to line 37, col 25 of module pipeline_ooo: 14527
@!@!@ENDMSG 2221 @!@!@
@!@!@STARTMSG 2221:0 @!@!@
  line 44, col 24 to line 44, col 29 of module pipeline_ooo: 260
@!@!@ENDMSG 2221 @!@!@
@!@!@STARTMSG 2221:0 @!@!@
  line 39, col 23 to line 39, col 27 of module pipeline_ooo: 58879
@!@!@ENDMSG 2221 @!@!@
@!@!@STARTMSG 2221:0 @!@!@
  line 34, col 23 to line 34, col 27 of module pipeline_ooo: 304600
@!@!@ENDMSG 2221 @!@!@
@!@!@STARTMSG 2221:0 @!@!@
  line 51, col 18 to line 51, col 59 of module pipeline_exec_ooo: 1061
@!@!@ENDMSG 2221 @!@!@
@!@!@STARTMSG 2775:0 @!@!@
  |line 51, col 25 to line 51, col 59 of module pipeline_exec_ooo: 1063:2126
@!@!@ENDMSG 2775 @!@!@
@!@!@STARTMSG 2221:0 @!@!@
  line 54, col 15 to line 54, col 69 of module pipeline_exec_ooo: 1061
@!@!@ENDMSG 2221 @!@!@
@!@!@STARTMSG 2775:0 @!@!@
  |line 54, col 22 to line 54, col 69 of module pipeline_exec_ooo: 1063:2126
@!@!@ENDMSG 2775 @!@!@
@!@!@STARTMSG 2221:0 @!@!@
  line 59, col 15 to line 64, col 22 of module pipeline_exec_ooo: 1061
@!@!@ENDMSG 2221 @!@!@
@!@!@STARTMSG 2775:0 @!@!@
  |line 59, col 22 to line 64, col 22 of module pipeline_exec_ooo: 1063:2126
@!@!@ENDMSG 2775 @!@!@
@!@!@STARTMSG 2221:0 @!@!@
  line 73, col 18 to line 73, col 54 of module pipeline_exec_ooo: 1061
@!@!@ENDMSG 2221 @!@!@
@!@!@STARTMSG 2775:0 @!@!@
  |line 73, col 25 to line 73, col 54 of module pipeline_exec_ooo: 1063:2126
@!@!@ENDMSG 2775 @!@!@
@!@!@STARTMSG 2221:0 @!@!@
  line 101, col 16 to line 101, col 71 of module pipeline_exec_ooo: 1061
@!@!@ENDMSG 2221 @!@!@
@!@!@STARTMSG 2775:0 @!@!@
  |line 101, col 24 to line 101, col 71 of module pipeline_exec_ooo: 1063:2126
@!@!@ENDMSG 2775 @!@!@
@!@!@STARTMSG 2221:0 @!@!@
  line 121, col 20 to line 121, col 61 of module pipeline_exec_ooo: 1061
@!@!@ENDMSG 2221 @!@!@
@!@!@STARTMSG 2221:0 @!@!@
  |line 121, col 28 to line 121, col 61 of module pipeline_exec_ooo: 1063
@!@!@ENDMSG 2221 @!@!@
@!@!@STARTMSG 2221:0 @!@!@
  ||line 121, col 39 to line 121, col 43 of module pipeline_exec_ooo: 1063
@!@!@ENDMSG 2221 @!@!@
@!@!@STARTMSG 2221:0 @!@!@
  |||line 112, col 30 to line 112, col 95 of module pipeline_exec_ooo: 1063
@!@!@ENDMSG 2221 @!@!@
@!@!@STARTMSG 2221:0 @!@!@
  ||||line 112, col 33 to line 112, col 42 of module pipeline_exec_ooo: 1063
@!@!@ENDMSG 2221 @!@!@
@!@!@STARTMSG 2221:0 @!@!@
  |||||line 112, col 34 to line 112, col 42 of module pipeline_exec_ooo: 1063
@!@!@ENDMSG 2221 @!@!@
@!@!@STARTMSG 2221:0 @!@!@
  ||||||line 19, col 14 to line 19, col 67 of module pipeline_exec_ooo: 1063
@!@!@ENDMSG 2221 @!@!@
@!@!@STARTMSG 2221:0 @!@!@
  |||||||line 19, col 37 to line 19, col 67 of module pipeline_exec_ooo: 2062
@!@!@ENDMSG 2221 @!@!@
@!@!@STARTMSG 2221:0 @!@!@
  |||||||line 19, col 23 to line 19, col 34 of module pipeline_exec_ooo: 1063
@!@!@ENDMSG 2221 @!@!@
@!@!@STARTMSG 2221:0 @!@!@
  ||||line 112, col 49 to line 112, col 80 of module pipeline_exec_ooo: 967
@!@!@ENDMSG 2221 @!@!@
@!@!@STARTMSG 2221:0 @!@!@
  |||||line 11, col 21 to line 13, col 49 of module instructions_ooo: 1934
@!@!@ENDMSG 2221 @!@!@
@!@!@STARTMSG 2221:0 @!@!@
  ||||||line 11, col 24 to line 11, col 28 of module instructions_ooo: 1934
@!@!@ENDMSG 2221 @!@!@
@!@!@STARTMSG 2221:0 @!@!@
  ||||||line 12, col 26 to line 12, col 32 of module instructions_ooo: 967
@!@!@ENDMSG 2221 @!@!@
@!@!@STARTMSG 2221:0 @!@!@
  |||||||line 10, col 36 to line 10, col 72 of module instructions_ooo: 967
@!@!@ENDMSG 2221 @!@!@
@!@!@STARTMSG 2221:0 @!@!@
  ||||||||line 10, col 39 to line 10, col 48 of module instructions_ooo: 967
@!@!@ENDMSG 2221 @!@!@
@!@!@STARTMSG 2221:0 @!@!@
  ||||||||line 10, col 55 to line 10, col 61 of module instructions_ooo: 130
@!@!@ENDMSG 2221 @!@!@
@!@!@STARTMSG 2221:0 @!@!@
  ||||||||line 10, col 68 to line 10, col 72 of module instructions_ooo: 837
@!@!@ENDMSG 2221 @!@!@
@!@!@STARTMSG 2221:0 @!@!@
  |||||||line 12, col 31 to line 12, col 31 of module instructions_ooo: 967
@!@!@ENDMSG 2221 @!@!@
@!@!@STARTMSG 2221:0 @!@!@
  ||||||line 13, col 26 to line 13, col 49 of module instructions_ooo: 967
@!@!@ENDMSG 2221 @!@!@
@!@!@STARTMSG 2221:0 @!@!@
  |||||||line 13, col 37 to line 13, col 43 of module instructions_ooo: 967
@!@!@ENDMSG 2221 @!@!@
@!@!@STARTMSG 2221:0 @!@!@
  ||||||||line 10, col 36 to line 10, col 72 of module instructions_ooo: 967
@!@!@ENDMSG 2221 @!@!@
@!@!@STARTMSG 2221:0 @!@!@
  |||||||||line 10, col 39 to line 10, col 48 of module instructions_ooo: 967
@!@!@ENDMSG 2221 @!@!@
@!@!@STARTMSG 2221:0 @!@!@
  |||||||||line 10, col 55 to line 10, col 61 of module instructions_ooo: 130
@!@!@ENDMSG 2221 @!@!@
@!@!@STARTMSG 2221:0 @!@!@
  |||||||||line 10, col 68 to line 10, col 72 of module instructions_ooo: 837
@!@!@ENDMSG 2221 @!@!@
@!@!@STARTMSG 2221:0 @!@!@
  ||||||||line 13, col 42 to line 13, col 42 of module instructions_ooo: 967
@!@!@ENDMSG 2221 @!@!@
@!@!@STARTMSG 2221:0 @!@!@
  |||||||line 13, col 46 to line 13, col 48 of module instructions_ooo: 967
@!@!@ENDMSG 2221 @!@!@
@!@!@STARTMSG 2221:0 @!@!@
  |||||line 112, col 60 to line 112, col 68 of module pipeline_exec_ooo: 967
@!@!@ENDMSG 2221 @!@!@
@!@!@STARTMSG 2221:0 @!@!@
  |||||line 112, col 71 to line 112, col 79 of module pipeline_exec_ooo: 967
@!@!@ENDMSG 2221 @!@!@
@!@!@STARTMSG 2221:0 @!@!@
  ||||line 112, col 87 to line 112, col 95 of module pipeline_exec_ooo: 96
@!@!@ENDMSG 2221 @!@!@
@!@!@STARTMSG 2221:0 @!@!@
  ||line 121, col 55 to line 121, col 59 of module pipeline_exec_ooo: 1063
@!@!@ENDMSG 2221 @!@!@
@!@!@STARTMSG 2775:0 @!@!@
  |||line 115, col 30 to line 120, col 30 of module pipeline_exec_ooo: 1063:174620
@!@!@ENDMSG 2775 @!@!@
@!@!@STARTMSG 2221:0 @!@!@
  ||||line 115, col 38 to line 115, col 51 of module pipeline_exec_ooo: 1063
@!@!@ENDMSG 2221 @!@!@
@!@!@STARTMSG 2221:0 @!@!@
  |||||line 115, col 41 to line 115, col 51 of module pipeline_exec_ooo: 1063
@!@!@ENDMSG 2221 @!@!@
@!@!@STARTMSG 2221:0 @!@!@
  ||||||line 115, col 45 to line 115, col 50 of module pipeline_exec_ooo: 1063
@!@!@ENDMSG 2221 @!@!@
@!@!@STARTMSG 2221:0 @!@!@
  |||||||line 114, col 31 to line 114, col 83 of module pipeline_exec_ooo: 1063
@!@!@ENDMSG 2221 @!@!@
@!@!@STARTMSG 2221:0 @!@!@
  ||||||||line 114, col 34 to line 114, col 43 of module pipeline_exec_ooo: 1063
@!@!@ENDMSG 2221 @!@!@
@!@!@STARTMSG 2221:0 @!@!@
  |||||||||line 114, col 35 to line 114, col 43 of module pipeline_exec_ooo: 1063
@!@!@ENDMSG 2221 @!@!@
@!@!@STARTMSG 2221:0 @!@!@
  ||||||||||line 19, col 14 to line 19, col 67 of module pipeline_exec_ooo: 1063
@!@!@ENDMSG 2221 @!@!@
@!@!@STARTMSG 2221:0 @!@!@
  |||||||||||line 19, col 37 to line 19, col 67 of module pipeline_exec_ooo: 2062
@!@!@ENDMSG 2221 @!@!@
@!@!@STARTMSG 2221:0 @!@!@
  |||||||||||line 19, col 23 to line 19, col 34 of module pipeline_exec_ooo: 1063
@!@!@ENDMSG 2221 @!@!@
@!@!@STARTMSG 2221:0 @!@!@
  ||||||||line 114, col 50 to line 114, col 68 of module pipeline_exec_ooo: 967
@!@!@ENDMSG 2221 @!@!@
@!@!@STARTMSG 2221:0 @!@!@
  |||||||||line 104, col 16 to line 106, col 118 of module pipeline_exec_ooo: 2901
@!@!@ENDMSG 2221 @!@!@
@!@!@STARTMSG 2221:0 @!@!@
  ||||||||||line 104, col 19 to line 104, col 23 of module pipeline_exec_ooo: 2901
@!@!@ENDMSG 2221 @!@!@
@!@!@STARTMSG 2221:0 @!@!@
  ||||||||||line 105, col 21 to line 105, col 29 of module pipeline_exec_ooo: 967
@!@!@ENDMSG 2221 @!@!@
@!@!@STARTMSG 2221:0 @!@!@
  ||||||||||line 106, col 21 to line 106, col 118 of module pipeline_exec_ooo: 1934
@!@!@ENDMSG 2221 @!@!@
@!@!@STARTMSG 2221:0 @!@!@
  |||||||||||line 15, col 22 to line 15, col 64 of module instructions_ooo: 1934
@!@!@ENDMSG 2221 @!@!@
@!@!@STARTMSG 2221:0 @!@!@
  ||||||||||||line 15, col 25 to line 15, col 38 of module instructions_ooo: 1934
@!@!@ENDMSG 2221 @!@!@
@!@!@STARTMSG 2221:0 @!@!@
  ||||||||||||line 15, col 45 to line 15, col 57 of module instructions_ooo: 260
@!@!@ENDMSG 2221 @!@!@
@!@!@STARTMSG 2221:0 @!@!@
  ||||||||||||line 15, col 64 to line 15, col 64 of module instructions_ooo: 1674
@!@!@ENDMSG 2221 @!@!@
@!@!@STARTMSG 2221:0 @!@!@
  |||||||||||line 106, col 32 to line 106, col 44 of module pipeline_exec_ooo: 1934
@!@!@ENDMSG 2221 @!@!@
@!@!@STARTMSG 2221:0 @!@!@
  |||||||||||line 106, col 47 to line 106, col 117 of module pipeline_exec_ooo: 1934
@!@!@ENDMSG 2221 @!@!@
@!@!@STARTMSG 2221:0 @!@!@
  ||||||||||||line 106, col 56 to line 106, col 79 of module pipeline_exec_ooo: 1934
@!@!@ENDMSG 2221 @!@!@
@!@!@STARTMSG 2221:0 @!@!@
  |||||||||||||line 7, col 21 to line 7, col 56 of module instructions_ooo: 1934
@!@!@ENDMSG 2221 @!@!@
@!@!@STARTMSG 2221:0 @!@!@
  ||||||||||||||line 7, col 24 to line 7, col 35 of module instructions_ooo: 1934
@!@!@ENDMSG 2221 @!@!@
@!@!@STARTMSG 2221:0 @!@!@
  ||||||||||||||line 7, col 42 to line 7, col 45 of module instructions_ooo: 260
@!@!@ENDMSG 2221 @!@!@
@!@!@STARTMSG 2221:0 @!@!@
  ||||||||||||||line 7, col 52 to line 7, col 56 of module instructions_ooo: 1674
@!@!@ENDMSG 2221 @!@!@
@!@!@STARTMSG 2221:0 @!@!@
  |||||||||||||line 106, col 67 to line 106, col 75 of module pipeline_exec_ooo: 1934
@!@!@ENDMSG 2221 @!@!@
@!@!@STARTMSG 2221:0 @!@!@
  |||||||||||||line 106, col 78 to line 106, col 78 of module pipeline_exec_ooo: 1934
@!@!@ENDMSG 2221 @!@!@
@!@!@STARTMSG 2221:0 @!@!@
  ||||||||||||line 106, col 82 to line 106, col 99 of module pipeline_exec_ooo: 1934
@!@!@ENDMSG 2221 @!@!@
@!@!@STARTMSG 2221:0 @!@!@
  ||||||||||||line 106, col 102 to line 106, col 115 of module pipeline_exec_ooo: 1934
@!@!@ENDMSG 2221 @!@!@
@!@!@STARTMSG 2221:0 @!@!@
  |||||||||line 114, col 59 to line 114, col 67 of module pipeline_exec_ooo: 967
@!@!@ENDMSG 2221 @!@!@
@!@!@STARTMSG 2221:0 @!@!@
  ||||||||line 114, col 75 to line 114, col 83 of module pipeline_exec_ooo: 96
@!@!@ENDMSG 2221 @!@!@
@!@!@STARTMSG 2221:0 @!@!@
  line 125, col 20 to line 126, col 50 of module pipeline_exec_ooo: 1063
@!@!@ENDMSG 2221 @!@!@
@!@!@STARTMSG 2221:0 @!@!@
  |line 126, col 26 to line 126, col 39 of module pipeline_exec_ooo: 6438
@!@!@ENDMSG 2221 @!@!@
@!@!@STARTMSG 2221:0 @!@!@
  |line 126, col 44 to line 126, col 50 of module pipeline_exec_ooo: 3219
@!@!@ENDMSG 2221 @!@!@
@!@!@STARTMSG 2221:0 @!@!@
  |line 125, col 29 to line 125, col 49 of module pipeline_exec_ooo: 1063
@!@!@ENDMSG 2221 @!@!@
@!@!@STARTMSG 2221:0 @!@!@
  line 127, col 22 to line 127, col 47 of module pipeline_exec_ooo: 996
@!@!@ENDMSG 2221 @!@!@
@!@!@STARTMSG 2221:0 @!@!@
  line 128, col 22 to line 128, col 46 of module pipeline_exec_ooo: 65
@!@!@ENDMSG 2221 @!@!@
@!@!@STARTMSG 2221:0 @!@!@
  line 130, col 37 to line 130, col 95 of module pipeline_exec_ooo: 1061
@!@!@ENDMSG 2221 @!@!@
@!@!@STARTMSG 2221:0 @!@!@
  line 66, col 12 to line 70, col 20 of module pipeline_ooo: 1061
@!@!@ENDMSG 2221 @!@!@
@!@!@STARTMSG 2775:0 @!@!@
  |line 66, col 20 to line 70, col 20 of module pipeline_ooo: 1063:2126
@!@!@ENDMSG 2775 @!@!@
@!@!@STARTMSG 2221:0 @!@!@
  line 71, col 12 to line 77, col 21 of module pipeline_ooo: 1061
@!@!@ENDMSG 2221 @!@!@
@!@!@STARTMSG 2775:0 @!@!@
  |line 71, col 21 to line 77, col 21 of module pipeline_ooo: 1063:2126
@!@!@ENDMSG 2775 @!@!@
@!@!@STARTMSG 2774:0 @!@!@
<inv_16045083908151004000 line 38, col 1 to line 38, col 24 of module MC>
@!@!@ENDMSG 2774 @!@!@
@!@!@STARTMSG 2221:0 @!@!@
  line 39, col 1 to line 41, col 2 of module MC: 1085
@!@!@ENDMSG 2221 @!@!@
@!@!@STARTMSG 2221:0 @!@!@
  |line 39, col 3 to line 40, col 25 of module MC: 1085
@!@!@ENDMSG 2221 @!@!@
@!@!@STARTMSG 2221:0 @!@!@
  ||line 39, col 6 to line 39, col 118 of module MC: 1085
@!@!@ENDMSG 2221 @!@!@
@!@!@STARTMSG 2221:0 @!@!@
  |||line 39, col 22 to line 39, col 118 of module MC: 1178
@!@!@ENDMSG 2221 @!@!@
@!@!@STARTMSG 2221:0 @!@!@
  ||||line 39, col 55 to line 39, col 118 of module MC: 4328
@!@!@ENDMSG 2221 @!@!@
@!@!@STARTMSG 2221:0 @!@!@
  |||||line 39, col 55 to line 39, col 92 of module MC: 4328
@!@!@ENDMSG 2221 @!@!@
@!@!@STARTMSG 2221:0 @!@!@
  |||||line 39, col 97 to line 39, col 118 of module MC: 1050
@!@!@ENDMSG 2221 @!@!@
@!@!@STARTMSG 2221:0 @!@!@
  ||||line 39, col 31 to line 39, col 52 of module MC: 1178
@!@!@ENDMSG 2221 @!@!@
@!@!@STARTMSG 2221:0 @!@!@
  |||line 39, col 16 to line 39, col 19 of module MC: 1085
@!@!@ENDMSG 2221 @!@!@
@!@!@STARTMSG 2221:0 @!@!@
  ||line 40, col 6 to line 40, col 25 of module MC: 49
@!@!@ENDMSG 2221 @!@!@
@!@!@STARTMSG 2221:0 @!@!@
  |||line 40, col 6 to line 40, col 12 of module MC: 49
@!@!@ENDMSG 2221 @!@!@
@!@!@STARTMSG 2221:0 @!@!@
  ||||line 141, col 12 to line 147, col 92 of module pipeline_ooo: 49
@!@!@ENDMSG 2221 @!@!@
@!@!@STARTMSG 2221:0 @!@!@
  |||||line 141, col 38 to line 147, col 92 of module pipeline_ooo: 196
@!@!@ENDMSG 2221 @!@!@
@!@!@STARTMSG 2221:0 @!@!@
  ||||||line 142, col 13 to line 147, col 92 of module pipeline_ooo: 478
@!@!@ENDMSG 2221 @!@!@
@!@!@STARTMSG 2221:0 @!@!@
  |||||||line 142, col 16 to line 145, col 44 of module pipeline_ooo: 478
@!@!@ENDMSG 2221 @!@!@
@!@!@STARTMSG 2221:0 @!@!@
  ||||||||line 142, col 16 to line 144, col 41 of module pipeline_ooo: 478
@!@!@ENDMSG 2221 @!@!@
@!@!@STARTMSG 2221:0 @!@!@
  |||||||||line 142, col 19 to line 142, col 128 of module pipeline_ooo: 478
@!@!@ENDMSG 2221 @!@!@
@!@!@STARTMSG 2221:0 @!@!@
  ||||||||||line 142, col 34 to line 142, col 128 of module pipeline_ooo: 956
@!@!@ENDMSG 2221 @!@!@
@!@!@STARTMSG 2221:0 @!@!@
  |||||||||||line 142, col 66 to line 142, col 128 of module pipeline_ooo: 2844
@!@!@ENDMSG 2221 @!@!@
@!@!@STARTMSG 2221:0 @!@!@
  ||||||||||||line 142, col 66 to line 142, col 103 of module pipeline_ooo: 2844
@!@!@ENDMSG 2221 @!@!@
@!@!@STARTMSG 2221:0 @!@!@
  ||||||||||||line 142, col 108 to line 142, col 128 of module pipeline_ooo: 956
@!@!@ENDMSG 2221 @!@!@
@!@!@STARTMSG 2221:0 @!@!@
  |||||||||||line 142, col 43 to line 142, col 63 of module pipeline_ooo: 956
@!@!@ENDMSG 2221 @!@!@
@!@!@STARTMSG 2221:0 @!@!@
  ||||||||||line 142, col 28 to line 142, col 31 of module pipeline_ooo: 478
@!@!@ENDMSG 2221 @!@!@
@!@!@STARTMSG 2221:0 @!@!@
  |||||||||line 143, col 19 to line 143, col 61 of module pipeline_ooo: 478
@!@!@ENDMSG 2221 @!@!@
@!@!@STARTMSG 2221:0 @!@!@
  ||||||||||line 143, col 37 to line 143, col 61 of module pipeline_ooo: 386
@!@!@ENDMSG 2221 @!@!@
@!@!@STARTMSG 2221:0 @!@!@
  ||||||||||line 143, col 29 to line 143, col 34 of module pipeline_ooo: 478
@!@!@ENDMSG 2221 @!@!@
@!@!@STARTMSG 2221:0 @!@!@
  |||||||||line 144, col 19 to line 144, col 41 of module pipeline_ooo: 352
@!@!@ENDMSG 2221 @!@!@
@!@!@STARTMSG 2221:0 @!@!@
  ||||||||line 145, col 19 to line 145, col 44 of module pipeline_ooo: 48
@!@!@ENDMSG 2221 @!@!@
@!@!@STARTMSG 2221:0 @!@!@
  |||||||line 146, col 18 to line 146, col 21 of module pipeline_ooo: 474
@!@!@ENDMSG 2221 @!@!@
@!@!@STARTMSG 2221:0 @!@!@
  |||||||line 147, col 18 to line 147, col 92 of module pipeline_ooo: 4
@!@!@ENDMSG 2221 @!@!@
@!@!@STARTMSG 2221:0 @!@!@
  ||||||line 141, col 47 to line 141, col 50 of module pipeline_ooo: 196
@!@!@ENDMSG 2221 @!@!@
@!@!@STARTMSG 2221:0 @!@!@
  |||||line 141, col 21 to line 141, col 35 of module pipeline_ooo: 49
@!@!@ENDMSG 2221 @!@!@
@!@!@STARTMSG 2221:0 @!@!@
  |||line 40, col 17 to line 40, col 25 of module MC: 45
@!@!@ENDMSG 2221 @!@!@
@!@!@STARTMSG 2221:0 @!@!@
  ||||line 40, col 18 to line 40, col 25 of module MC: 45
@!@!@ENDMSG 2221 @!@!@
@!@!@STARTMSG 2221:0 @!@!@
  |||||line 123, col 13 to line 128, col 94 of module pipeline_ooo: 45
@!@!@ENDMSG 2221 @!@!@
@!@!@STARTMSG 2221:0 @!@!@
  ||||||line 123, col 39 to line 128, col 94 of module pipeline_ooo: 133
@!@!@ENDMSG 2221 @!@!@
@!@!@STARTMSG 2221:0 @!@!@
  |||||||line 124, col 13 to line 128, col 94 of module pipeline_ooo: 264
@!@!@ENDMSG 2221 @!@!@
@!@!@STARTMSG 2221:0 @!@!@
  ||||||||line 124, col 16 to line 126, col 44 of module pipeline_ooo: 264
@!@!@ENDMSG 2221 @!@!@
@!@!@STARTMSG 2221:0 @!@!@
  |||||||||line 124, col 16 to line 125, col 43 of module pipeline_ooo: 264
@!@!@ENDMSG 2221 @!@!@
@!@!@STARTMSG 2221:0 @!@!@
  ||||||||||line 124, col 19 to line 124, col 128 of module pipeline_ooo: 264
@!@!@ENDMSG 2221 @!@!@
@!@!@STARTMSG 2221:0 @!@!@
  |||||||||||line 124, col 34 to line 124, col 128 of module pipeline_ooo: 528
@!@!@ENDMSG 2221 @!@!@
@!@!@STARTMSG 2221:0 @!@!@
  ||||||||||||line 124, col 66 to line 124, col 128 of module pipeline_ooo: 1752
@!@!@ENDMSG 2221 @!@!@
@!@!@STARTMSG 2221:0 @!@!@
  |||||||||||||line 124, col 66 to line 124, col 103 of module pipeline_ooo: 1752
@!@!@ENDMSG 2221 @!@!@
@!@!@STARTMSG 2221:0 @!@!@
  |||||||||||||line 124, col 108 to line 124, col 128 of module pipeline_ooo: 528
@!@!@ENDMSG 2221 @!@!@
@!@!@STARTMSG 2221:0 @!@!@
  ||||||||||||line 124, col 43 to line 124, col 63 of module pipeline_ooo: 528
@!@!@ENDMSG 2221 @!@!@
@!@!@STARTMSG 2221:0 @!@!@
  |||||||||||line 124, col 28 to line 124, col 31 of module pipeline_ooo: 264
@!@!@ENDMSG 2221 @!@!@
@!@!@STARTMSG 2221:0 @!@!@
  ||||||||||line 125, col 19 to line 125, col 43 of module pipeline_ooo: 264
@!@!@ENDMSG 2221 @!@!@
@!@!@STARTMSG 2221:0 @!@!@
  |||||||||line 126, col 19 to line 126, col 44 of module pipeline_ooo: 53
@!@!@ENDMSG 2221 @!@!@
@!@!@STARTMSG 2221:0 @!@!@
  ||||||||line 127, col 18 to line 127, col 21 of module pipeline_ooo: 262
@!@!@ENDMSG 2221 @!@!@
@!@!@STARTMSG 2221:0 @!@!@
  ||||||||line 128, col 18 to line 128, col 94 of module pipeline_ooo: 2
@!@!@ENDMSG 2221 @!@!@
@!@!@STARTMSG 2221:0 @!@!@
  |||||||line 123, col 48 to line 123, col 53 of module pipeline_ooo: 133
@!@!@ENDMSG 2221 @!@!@
@!@!@STARTMSG 2221:0 @!@!@
  ||||||line 123, col 22 to line 123, col 36 of module pipeline_ooo: 45
@!@!@ENDMSG 2221 @!@!@
@!@!@STARTMSG 2202:0 @!@!@
End of statistics.
@!@!@ENDMSG 2202 @!@!@
@!@!@STARTMSG 2200:0 @!@!@
Progress(18) at 2020-11-04 17:46:35: 1 110 states generated (13 594 s/min), 1 085 distinct states found (13 288 ds/min), 37 states left on queue.
@!@!@ENDMSG 2200 @!@!@
@!@!@STARTMSG 2199:0 @!@!@
1110 states generated, 1085 distinct states found, 37 states left on queue.
@!@!@ENDMSG 2199 @!@!@
@!@!@STARTMSG 2194:0 @!@!@
The depth of the complete state graph search is 18.
@!@!@ENDMSG 2194 @!@!@
@!@!@STARTMSG 2268:0 @!@!@
The average outdegree of the complete state graph is 1 (minimum is 0, the maximum 1 and the 95th percentile is 1).
@!@!@ENDMSG 2268 @!@!@
@!@!@STARTMSG 2186:0 @!@!@
Finished in 4910ms at (2020-11-04 17:46:35)
@!@!@ENDMSG 2186 @!@!@
