@!@!@STARTMSG 2262:0 @!@!@
TLC2 Version 2.20 of Day Month 20?? (rev: bacd9d2)
@!@!@ENDMSG 2262 @!@!@
@!@!@STARTMSG 2187:0 @!@!@
Running breadth-first search Model-Checking with fp 38 and seed -4277204686935392817 with 1 worker on 8 cores with 5298MB heap and 64MB offheap memory [pid: 244834] (Linux 6.11.0-19-generic amd64, Ubuntu 21.0.6 x86_64, MSBDiskFPSet, DiskStateQueue).
@!@!@ENDMSG 2187 @!@!@
@!@!@STARTMSG 2220:0 @!@!@
Starting SANY...
@!@!@ENDMSG 2220 @!@!@
Parsing file /home/stariktenger/Internship2025/ta-models/pipeline_ooo.toolbox/bench/MC.tla
Parsing file /home/stariktenger/Internship2025/ta-models/pipeline_ooo.toolbox/bench/pipeline_ooo.tla
Parsing file /tmp/tlc-5999446746686892714/TLC.tla (jar:file:/home/stariktenger/.vscode/extensions/tlaplus.vscode-ide-2025.3.80550/tools/tla2tools.jar!/tla2sany/StandardModules/TLC.tla)
Parsing file /tmp/tlc-5999446746686892714/Sequences.tla (jar:file:/home/stariktenger/.vscode/extensions/tlaplus.vscode-ide-2025.3.80550/tools/tla2tools.jar!/tla2sany/StandardModules/Sequences.tla)
Parsing file /home/stariktenger/Internship2025/ta-models/pipeline_ooo.toolbox/bench/instructions_ooo.tla
Parsing file /tmp/tlc-5999446746686892714/Integers.tla (jar:file:/home/stariktenger/.vscode/extensions/tlaplus.vscode-ide-2025.3.80550/tools/tla2tools.jar!/tla2sany/StandardModules/Integers.tla)
Parsing file /tmp/tlc-5999446746686892714/FiniteSets.tla (jar:file:/home/stariktenger/.vscode/extensions/tlaplus.vscode-ide-2025.3.80550/tools/tla2tools.jar!/tla2sany/StandardModules/FiniteSets.tla)
Parsing file /home/stariktenger/Internship2025/ta-models/lib/TAExpl.tla
Parsing file /tmp/tlc-5999446746686892714/Naturals.tla (jar:file:/home/stariktenger/.vscode/extensions/tlaplus.vscode-ide-2025.3.80550/tools/tla2tools.jar!/tla2sany/StandardModules/Naturals.tla)
Parsing file /home/stariktenger/Internship2025/ta-models/pipeline_ooo.toolbox/bench/pipeline_exec_ooo.tla
Semantic processing of module Naturals
Semantic processing of module Sequences
Semantic processing of module Integers
Semantic processing of module FiniteSets
Semantic processing of module instructions_ooo
Semantic processing of module TLC
Semantic processing of module TAExpl
Semantic processing of module pipeline_exec_ooo
Semantic processing of module pipeline_ooo
Semantic processing of module MC
@!@!@STARTMSG 2219:0 @!@!@
SANY finished.
@!@!@ENDMSG 2219 @!@!@
@!@!@STARTMSG 2185:0 @!@!@
Starting... (2025-03-12 17:02:57)
@!@!@ENDMSG 2185 @!@!@
@!@!@STARTMSG 2168:0 @!@!@
Loading InitOutputFile operator override from file:/home/stariktenger/Internship2025/ta-models/lib/TAExpl.class with signature: <Java Method: public static tlc2.value.impl.Value TAExpl.InitOutputFile(tlc2.value.impl.Value,tlc2.value.impl.Value,tlc2.value.impl.Value,tlc2.value.impl.Value,tlc2.value.impl.Value,tlc2.value.impl.Value,tlc2.value.impl.Value) throws java.io.IOException,java.lang.InterruptedException>.
@!@!@ENDMSG 2168 @!@!@
@!@!@STARTMSG 2168:0 @!@!@
Loading HasTA operator override from file:/home/stariktenger/Internship2025/ta-models/lib/TAExpl.class with signature: <Java Method: public static tlc2.value.impl.Value TAExpl.HasTA(tlc2.value.impl.Value,tlc2.value.impl.Value,tlc2.value.impl.Value,tlc2.value.impl.BoolValue) throws java.io.IOException,java.lang.InterruptedException>.
@!@!@ENDMSG 2168 @!@!@
/home/stariktenger/Internship2025/ta-models/tlc_graphs/test.txt
<<"$!@$!@$!@$!@$!", 4>>
@!@!@STARTMSG 2189:0 @!@!@
Computing initial states...
@!@!@ENDMSG 2189 @!@!@
@!@!@STARTMSG 2190:0 @!@!@
Finished computing initial states: 1 distinct state generated at 2025-03-12 17:02:57.
@!@!@ENDMSG 2190 @!@!@
@!@!@STARTMSG 2776:0 @!@!@
CostModel lookup failed for expression <line 126, col 44 to line 126, col 49 of module pipeline_exec_ooo>. Reporting costs into <line 9, col 54 to line 9, col 59 of module pipeline_exec_ooo> instead (Safety and Liveness checking is unaffected. Please report a bug.)
@!@!@ENDMSG 2776 @!@!@
@!@!@STARTMSG 2776:0 @!@!@
CostModel lookup failed for expression <line 126, col 48 to line 126, col 48 of module pipeline_exec_ooo>. Reporting costs into <line 9, col 54 to line 9, col 59 of module pipeline_exec_ooo> instead (Safety and Liveness checking is unaffected. Please report a bug.)
@!@!@ENDMSG 2776 @!@!@
@!@!@STARTMSG 2776:0 @!@!@
CostModel lookup failed for expression <line 115, col 29 to line 125, col 68 of module pipeline_exec_ooo>. Reporting costs into <line 9, col 54 to line 9, col 59 of module pipeline_exec_ooo> instead (Safety and Liveness checking is unaffected. Please report a bug.)
@!@!@ENDMSG 2776 @!@!@
@!@!@STARTMSG 2776:0 @!@!@
CostModel lookup failed for expression <line 115, col 32 to line 115, col 44 of module pipeline_exec_ooo>. Reporting costs into <line 9, col 54 to line 9, col 59 of module pipeline_exec_ooo> instead (Safety and Liveness checking is unaffected. Please report a bug.)
@!@!@ENDMSG 2776 @!@!@
@!@!@STARTMSG 2776:0 @!@!@
CostModel lookup failed for expression <line 115, col 33 to line 115, col 44 of module pipeline_exec_ooo>. Reporting costs into <line 9, col 54 to line 9, col 59 of module pipeline_exec_ooo> instead (Safety and Liveness checking is unaffected. Please report a bug.)
@!@!@ENDMSG 2776 @!@!@
@!@!@STARTMSG 2776:0 @!@!@
CostModel lookup failed for expression <line 115, col 43 to line 115, col 43 of module pipeline_exec_ooo>. Reporting costs into <line 9, col 54 to line 9, col 59 of module pipeline_exec_ooo> instead (Safety and Liveness checking is unaffected. Please report a bug.)
@!@!@ENDMSG 2776 @!@!@
@!@!@STARTMSG 2776:0 @!@!@
CostModel lookup failed for expression <line 27, col 17 to line 27, col 47 of module pipeline_exec_ooo>. Reporting costs into <line 9, col 54 to line 9, col 59 of module pipeline_exec_ooo> instead (Safety and Liveness checking is unaffected. Please report a bug.)
@!@!@ENDMSG 2776 @!@!@
@!@!@STARTMSG 2776:0 @!@!@
CostModel lookup failed for expression <line 27, col 17 to line 27, col 30 of module pipeline_exec_ooo>. Reporting costs into <line 9, col 54 to line 9, col 59 of module pipeline_exec_ooo> instead (Safety and Liveness checking is unaffected. Please report a bug.)
@!@!@ENDMSG 2776 @!@!@
@!@!@STARTMSG 2776:0 @!@!@
CostModel lookup failed for expression <line 27, col 17 to line 27, col 22 of module pipeline_exec_ooo>. Reporting costs into <line 9, col 54 to line 9, col 59 of module pipeline_exec_ooo> instead (Safety and Liveness checking is unaffected. Please report a bug.)
@!@!@ENDMSG 2776 @!@!@
@!@!@STARTMSG 2776:0 @!@!@
CostModel lookup failed for expression <line 27, col 17 to line 27, col 19 of module pipeline_exec_ooo>. Reporting costs into <line 9, col 54 to line 9, col 59 of module pipeline_exec_ooo> instead (Safety and Liveness checking is unaffected. Please report a bug.)
@!@!@ENDMSG 2776 @!@!@
@!@!@STARTMSG 2776:0 @!@!@
CostModel lookup failed for expression <line 27, col 21 to line 27, col 21 of module pipeline_exec_ooo>. Reporting costs into <line 9, col 54 to line 9, col 59 of module pipeline_exec_ooo> instead (Safety and Liveness checking is unaffected. Please report a bug.)
@!@!@ENDMSG 2776 @!@!@
@!@!@STARTMSG 2776:0 @!@!@
CostModel lookup failed for expression <line 27, col 34 to line 27, col 47 of module pipeline_exec_ooo>. Reporting costs into <line 9, col 54 to line 9, col 59 of module pipeline_exec_ooo> instead (Safety and Liveness checking is unaffected. Please report a bug.)
@!@!@ENDMSG 2776 @!@!@
@!@!@STARTMSG 2776:0 @!@!@
CostModel lookup failed for expression <line 27, col 34 to line 27, col 39 of module pipeline_exec_ooo>. Reporting costs into <line 9, col 54 to line 9, col 59 of module pipeline_exec_ooo> instead (Safety and Liveness checking is unaffected. Please report a bug.)
@!@!@ENDMSG 2776 @!@!@
@!@!@STARTMSG 2776:0 @!@!@
CostModel lookup failed for expression <line 27, col 34 to line 27, col 36 of module pipeline_exec_ooo>. Reporting costs into <line 9, col 54 to line 9, col 59 of module pipeline_exec_ooo> instead (Safety and Liveness checking is unaffected. Please report a bug.)
@!@!@ENDMSG 2776 @!@!@
@!@!@STARTMSG 2776:0 @!@!@
CostModel lookup failed for expression <line 27, col 38 to line 27, col 38 of module pipeline_exec_ooo>. Reporting costs into <line 9, col 54 to line 9, col 59 of module pipeline_exec_ooo> instead (Safety and Liveness checking is unaffected. Please report a bug.)
@!@!@ENDMSG 2776 @!@!@
@!@!@STARTMSG 2776:0 @!@!@
CostModel lookup failed for expression <line 116, col 49 to line 117, col 135 of module pipeline_exec_ooo>. Reporting costs into <line 9, col 54 to line 9, col 59 of module pipeline_exec_ooo> instead (Safety and Liveness checking is unaffected. Please report a bug.)
@!@!@ENDMSG 2776 @!@!@
@!@!@STARTMSG 2776:0 @!@!@
CostModel lookup failed for expression <line 118, col 34 to line 124, col 50 of module pipeline_exec_ooo>. Reporting costs into <line 9, col 54 to line 9, col 59 of module pipeline_exec_ooo> instead (Safety and Liveness checking is unaffected. Please report a bug.)
@!@!@ENDMSG 2776 @!@!@
@!@!@STARTMSG 2776:0 @!@!@
CostModel lookup failed for expression <line 118, col 36 to line 118, col 53 of module pipeline_exec_ooo>. Reporting costs into <line 9, col 54 to line 9, col 59 of module pipeline_exec_ooo> instead (Safety and Liveness checking is unaffected. Please report a bug.)
@!@!@ENDMSG 2776 @!@!@
@!@!@STARTMSG 2776:0 @!@!@
CostModel lookup failed for expression <line 118, col 44 to line 118, col 53 of module pipeline_exec_ooo>. Reporting costs into <line 9, col 54 to line 9, col 59 of module pipeline_exec_ooo> instead (Safety and Liveness checking is unaffected. Please report a bug.)
@!@!@ENDMSG 2776 @!@!@
@!@!@STARTMSG 2776:0 @!@!@
CostModel lookup failed for expression <line 118, col 45 to line 118, col 52 of module pipeline_exec_ooo>. Reporting costs into <line 9, col 54 to line 9, col 59 of module pipeline_exec_ooo> instead (Safety and Liveness checking is unaffected. Please report a bug.)
@!@!@ENDMSG 2776 @!@!@
@!@!@STARTMSG 2776:0 @!@!@
CostModel lookup failed for expression <line 118, col 51 to line 118, col 51 of module pipeline_exec_ooo>. Reporting costs into <line 9, col 54 to line 9, col 59 of module pipeline_exec_ooo> instead (Safety and Liveness checking is unaffected. Please report a bug.)
@!@!@ENDMSG 2776 @!@!@
@!@!@STARTMSG 2776:0 @!@!@
CostModel lookup failed for expression <line 53, col 13 to line 72, col 42 of module pipeline_exec_ooo>. Reporting costs into <line 9, col 54 to line 9, col 59 of module pipeline_exec_ooo> instead (Safety and Liveness checking is unaffected. Please report a bug.)
@!@!@ENDMSG 2776 @!@!@
@!@!@STARTMSG 2776:0 @!@!@
CostModel lookup failed for expression <line 53, col 16 to line 53, col 27 of module pipeline_exec_ooo>. Reporting costs into <line 9, col 54 to line 9, col 59 of module pipeline_exec_ooo> instead (Safety and Liveness checking is unaffected. Please report a bug.)
@!@!@ENDMSG 2776 @!@!@
@!@!@STARTMSG 2776:0 @!@!@
CostModel lookup failed for expression <line 53, col 26 to line 53, col 26 of module pipeline_exec_ooo>. Reporting costs into <line 9, col 54 to line 9, col 59 of module pipeline_exec_ooo> instead (Safety and Liveness checking is unaffected. Please report a bug.)
@!@!@ENDMSG 2776 @!@!@
@!@!@STARTMSG 2776:0 @!@!@
CostModel lookup failed for expression <line 59, col 35 to line 61, col 36 of module pipeline_exec_ooo>. Reporting costs into <line 9, col 54 to line 9, col 59 of module pipeline_exec_ooo> instead (Safety and Liveness checking is unaffected. Please report a bug.)
@!@!@ENDMSG 2776 @!@!@
@!@!@STARTMSG 2776:0 @!@!@
CostModel lookup failed for expression <line 62, col 17 to line 72, col 42 of module pipeline_exec_ooo>. Reporting costs into <line 9, col 54 to line 9, col 59 of module pipeline_exec_ooo> instead (Safety and Liveness checking is unaffected. Please report a bug.)
@!@!@ENDMSG 2776 @!@!@
@!@!@STARTMSG 2776:0 @!@!@
CostModel lookup failed for expression <line 62, col 20 to line 62, col 33 of module pipeline_exec_ooo>. Reporting costs into <line 9, col 54 to line 9, col 59 of module pipeline_exec_ooo> instead (Safety and Liveness checking is unaffected. Please report a bug.)
@!@!@ENDMSG 2776 @!@!@
@!@!@STARTMSG 2776:0 @!@!@
CostModel lookup failed for expression <line 62, col 20 to line 62, col 29 of module pipeline_exec_ooo>. Reporting costs into <line 9, col 54 to line 9, col 59 of module pipeline_exec_ooo> instead (Safety and Liveness checking is unaffected. Please report a bug.)
@!@!@ENDMSG 2776 @!@!@
@!@!@STARTMSG 2776:0 @!@!@
CostModel lookup failed for expression <line 59, col 39 to line 61, col 35 of module pipeline_exec_ooo>. Reporting costs into <line 9, col 54 to line 9, col 59 of module pipeline_exec_ooo> instead (Safety and Liveness checking is unaffected. Please report a bug.)
@!@!@ENDMSG 2776 @!@!@
@!@!@STARTMSG 2776:0 @!@!@
CostModel lookup failed for expression <line 8, col 11 to line 8, col 68 of module instructions_ooo>. Reporting costs into <line 9, col 54 to line 9, col 59 of module pipeline_exec_ooo> instead (Safety and Liveness checking is unaffected. Please report a bug.)
@!@!@ENDMSG 2776 @!@!@
@!@!@STARTMSG 2776:0 @!@!@
CostModel lookup failed for expression <line 8, col 14 to line 8, col 19 of module instructions_ooo>. Reporting costs into <line 9, col 54 to line 9, col 59 of module pipeline_exec_ooo> instead (Safety and Liveness checking is unaffected. Please report a bug.)
@!@!@ENDMSG 2776 @!@!@
@!@!@STARTMSG 2776:0 @!@!@
CostModel lookup failed for expression <line 8, col 14 to line 8, col 14 of module instructions_ooo>. Reporting costs into <line 9, col 54 to line 9, col 59 of module pipeline_exec_ooo> instead (Safety and Liveness checking is unaffected. Please report a bug.)
@!@!@ENDMSG 2776 @!@!@
@!@!@STARTMSG 2776:0 @!@!@
CostModel lookup failed for expression <line 60, col 37 to line 60, col 155 of module pipeline_exec_ooo>. Reporting costs into <line 9, col 54 to line 9, col 59 of module pipeline_exec_ooo> instead (Safety and Liveness checking is unaffected. Please report a bug.)
@!@!@ENDMSG 2776 @!@!@
@!@!@STARTMSG 2776:0 @!@!@
CostModel lookup failed for expression <line 60, col 45 to line 60, col 50 of module pipeline_exec_ooo>. Reporting costs into <line 9, col 54 to line 9, col 59 of module pipeline_exec_ooo> instead (Safety and Liveness checking is unaffected. Please report a bug.)
@!@!@ENDMSG 2776 @!@!@
@!@!@STARTMSG 2776:0 @!@!@
CostModel lookup failed for expression <line 60, col 45 to line 60, col 47 of module pipeline_exec_ooo>. Reporting costs into <line 9, col 54 to line 9, col 59 of module pipeline_exec_ooo> instead (Safety and Liveness checking is unaffected. Please report a bug.)
@!@!@ENDMSG 2776 @!@!@
@!@!@STARTMSG 2776:0 @!@!@
CostModel lookup failed for expression <line 60, col 49 to line 60, col 49 of module pipeline_exec_ooo>. Reporting costs into <line 9, col 54 to line 9, col 59 of module pipeline_exec_ooo> instead (Safety and Liveness checking is unaffected. Please report a bug.)
@!@!@ENDMSG 2776 @!@!@
@!@!@STARTMSG 2776:0 @!@!@
CostModel lookup failed for expression <line 8, col 18 to line 8, col 19 of module instructions_ooo>. Reporting costs into <line 9, col 54 to line 9, col 59 of module pipeline_exec_ooo> instead (Safety and Liveness checking is unaffected. Please report a bug.)
@!@!@ENDMSG 2776 @!@!@
@!@!@STARTMSG 2776:0 @!@!@
CostModel lookup failed for expression <line 63, col 22 to line 71, col 67 of module pipeline_exec_ooo>. Reporting costs into <line 9, col 54 to line 9, col 59 of module pipeline_exec_ooo> instead (Safety and Liveness checking is unaffected. Please report a bug.)
@!@!@ENDMSG 2776 @!@!@
@!@!@STARTMSG 2776:0 @!@!@
CostModel lookup failed for expression <line 63, col 25 to line 63, col 34 of module pipeline_exec_ooo>. Reporting costs into <line 9, col 54 to line 9, col 59 of module pipeline_exec_ooo> instead (Safety and Liveness checking is unaffected. Please report a bug.)
@!@!@ENDMSG 2776 @!@!@
@!@!@STARTMSG 2776:0 @!@!@
CostModel lookup failed for expression <line 49, col 15 to line 50, col 24 of module pipeline_exec_ooo>. Reporting costs into <line 9, col 54 to line 9, col 59 of module pipeline_exec_ooo> instead (Safety and Liveness checking is unaffected. Please report a bug.)
@!@!@ENDMSG 2776 @!@!@
@!@!@STARTMSG 2776:0 @!@!@
CostModel lookup failed for expression <line 49, col 18 to line 49, col 44 of module pipeline_exec_ooo>. Reporting costs into <line 9, col 54 to line 9, col 59 of module pipeline_exec_ooo> instead (Safety and Liveness checking is unaffected. Please report a bug.)
@!@!@ENDMSG 2776 @!@!@
@!@!@STARTMSG 2776:0 @!@!@
CostModel lookup failed for expression <line 49, col 27 to line 49, col 33 of module pipeline_exec_ooo>. Reporting costs into <line 9, col 54 to line 9, col 59 of module pipeline_exec_ooo> instead (Safety and Liveness checking is unaffected. Please report a bug.)
@!@!@ENDMSG 2776 @!@!@
@!@!@STARTMSG 2776:0 @!@!@
CostModel lookup failed for expression <line 49, col 30 to line 49, col 33 of module pipeline_exec_ooo>. Reporting costs into <line 9, col 54 to line 9, col 59 of module pipeline_exec_ooo> instead (Safety and Liveness checking is unaffected. Please report a bug.)
@!@!@ENDMSG 2776 @!@!@
@!@!@STARTMSG 2776:0 @!@!@
CostModel lookup failed for expression <line 49, col 36 to line 49, col 44 of module pipeline_exec_ooo>. Reporting costs into <line 9, col 54 to line 9, col 59 of module pipeline_exec_ooo> instead (Safety and Liveness checking is unaffected. Please report a bug.)
@!@!@ENDMSG 2776 @!@!@
@!@!@STARTMSG 2776:0 @!@!@
CostModel lookup failed for expression <line 49, col 43 to line 49, col 43 of module pipeline_exec_ooo>. Reporting costs into <line 9, col 54 to line 9, col 59 of module pipeline_exec_ooo> instead (Safety and Liveness checking is unaffected. Please report a bug.)
@!@!@ENDMSG 2776 @!@!@
@!@!@STARTMSG 2776:0 @!@!@
CostModel lookup failed for expression <line 47, col 14 to line 47, col 42 of module pipeline_exec_ooo>. Reporting costs into <line 9, col 54 to line 9, col 59 of module pipeline_exec_ooo> instead (Safety and Liveness checking is unaffected. Please report a bug.)
@!@!@ENDMSG 2776 @!@!@
@!@!@STARTMSG 2776:0 @!@!@
CostModel lookup failed for expression <line 47, col 14 to line 47, col 32 of module pipeline_exec_ooo>. Reporting costs into <line 9, col 54 to line 9, col 59 of module pipeline_exec_ooo> instead (Safety and Liveness checking is unaffected. Please report a bug.)
@!@!@ENDMSG 2776 @!@!@
@!@!@STARTMSG 2776:0 @!@!@
CostModel lookup failed for expression <line 47, col 26 to line 47, col 31 of module pipeline_exec_ooo>. Reporting costs into <line 9, col 54 to line 9, col 59 of module pipeline_exec_ooo> instead (Safety and Liveness checking is unaffected. Please report a bug.)
@!@!@ENDMSG 2776 @!@!@
@!@!@STARTMSG 2776:0 @!@!@
CostModel lookup failed for expression <line 47, col 26 to line 47, col 28 of module pipeline_exec_ooo>. Reporting costs into <line 9, col 54 to line 9, col 59 of module pipeline_exec_ooo> instead (Safety and Liveness checking is unaffected. Please report a bug.)
@!@!@ENDMSG 2776 @!@!@
@!@!@STARTMSG 2776:0 @!@!@
CostModel lookup failed for expression <line 47, col 30 to line 47, col 30 of module pipeline_exec_ooo>. Reporting costs into <line 9, col 54 to line 9, col 59 of module pipeline_exec_ooo> instead (Safety and Liveness checking is unaffected. Please report a bug.)
@!@!@ENDMSG 2776 @!@!@
@!@!@STARTMSG 2776:0 @!@!@
CostModel lookup failed for expression <line 47, col 37 to line 47, col 42 of module pipeline_exec_ooo>. Reporting costs into <line 9, col 54 to line 9, col 59 of module pipeline_exec_ooo> instead (Safety and Liveness checking is unaffected. Please report a bug.)
@!@!@ENDMSG 2776 @!@!@
@!@!@STARTMSG 2776:0 @!@!@
CostModel lookup failed for expression <line 50, col 18 to line 50, col 24 of module pipeline_exec_ooo>. Reporting costs into <line 9, col 54 to line 9, col 59 of module pipeline_exec_ooo> instead (Safety and Liveness checking is unaffected. Please report a bug.)
@!@!@ENDMSG 2776 @!@!@
@!@!@STARTMSG 2776:0 @!@!@
CostModel lookup failed for expression <line 39, col 12 to line 39, col 49 of module pipeline_exec_ooo>. Reporting costs into <line 9, col 54 to line 9, col 59 of module pipeline_exec_ooo> instead (Safety and Liveness checking is unaffected. Please report a bug.)
@!@!@ENDMSG 2776 @!@!@
@!@!@STARTMSG 2776:0 @!@!@
CostModel lookup failed for expression <line 39, col 12 to line 39, col 29 of module pipeline_exec_ooo>. Reporting costs into <line 9, col 54 to line 9, col 59 of module pipeline_exec_ooo> instead (Safety and Liveness checking is unaffected. Please report a bug.)
@!@!@ENDMSG 2776 @!@!@
@!@!@STARTMSG 2776:0 @!@!@
CostModel lookup failed for expression <line 39, col 12 to line 39, col 27 of module pipeline_exec_ooo>. Reporting costs into <line 9, col 54 to line 9, col 59 of module pipeline_exec_ooo> instead (Safety and Liveness checking is unaffected. Please report a bug.)
@!@!@ENDMSG 2776 @!@!@
@!@!@STARTMSG 2776:0 @!@!@
CostModel lookup failed for expression <line 39, col 12 to line 39, col 19 of module pipeline_exec_ooo>. Reporting costs into <line 9, col 54 to line 9, col 59 of module pipeline_exec_ooo> instead (Safety and Liveness checking is unaffected. Please report a bug.)
@!@!@ENDMSG 2776 @!@!@
@!@!@STARTMSG 2776:0 @!@!@
CostModel lookup failed for expression <line 39, col 16 to line 39, col 18 of module pipeline_exec_ooo>. Reporting costs into <line 9, col 54 to line 9, col 59 of module pipeline_exec_ooo> instead (Safety and Liveness checking is unaffected. Please report a bug.)
@!@!@ENDMSG 2776 @!@!@
@!@!@STARTMSG 2776:0 @!@!@
CostModel lookup failed for expression <line 39, col 21 to line 39, col 27 of module pipeline_exec_ooo>. Reporting costs into <line 9, col 54 to line 9, col 59 of module pipeline_exec_ooo> instead (Safety and Liveness checking is unaffected. Please report a bug.)
@!@!@ENDMSG 2776 @!@!@
@!@!@STARTMSG 2776:0 @!@!@
CostModel lookup failed for expression <line 39, col 33 to line 39, col 49 of module pipeline_exec_ooo>. Reporting costs into <line 9, col 54 to line 9, col 59 of module pipeline_exec_ooo> instead (Safety and Liveness checking is unaffected. Please report a bug.)
@!@!@ENDMSG 2776 @!@!@
@!@!@STARTMSG 2776:0 @!@!@
CostModel lookup failed for expression <line 39, col 33 to line 39, col 39 of module pipeline_exec_ooo>. Reporting costs into <line 9, col 54 to line 9, col 59 of module pipeline_exec_ooo> instead (Safety and Liveness checking is unaffected. Please report a bug.)
@!@!@ENDMSG 2776 @!@!@
@!@!@STARTMSG 2776:0 @!@!@
CostModel lookup failed for expression <line 39, col 41 to line 39, col 49 of module pipeline_exec_ooo>. Reporting costs into <line 9, col 54 to line 9, col 59 of module pipeline_exec_ooo> instead (Safety and Liveness checking is unaffected. Please report a bug.)
@!@!@ENDMSG 2776 @!@!@
@!@!@STARTMSG 2776:0 @!@!@
CostModel lookup failed for expression <line 65, col 41 to line 70, col 46 of module pipeline_exec_ooo>. Reporting costs into <line 9, col 54 to line 9, col 59 of module pipeline_exec_ooo> instead (Safety and Liveness checking is unaffected. Please report a bug.)
@!@!@ENDMSG 2776 @!@!@
@!@!@STARTMSG 2776:0 @!@!@
CostModel lookup failed for expression <line 71, col 27 to line 71, col 67 of module pipeline_exec_ooo>. Reporting costs into <line 9, col 54 to line 9, col 59 of module pipeline_exec_ooo> instead (Safety and Liveness checking is unaffected. Please report a bug.)
@!@!@ENDMSG 2776 @!@!@
@!@!@STARTMSG 2776:0 @!@!@
CostModel lookup failed for expression <line 71, col 30 to line 71, col 39 of module pipeline_exec_ooo>. Reporting costs into <line 9, col 54 to line 9, col 59 of module pipeline_exec_ooo> instead (Safety and Liveness checking is unaffected. Please report a bug.)
@!@!@ENDMSG 2776 @!@!@
@!@!@STARTMSG 2776:0 @!@!@
CostModel lookup failed for expression <line 71, col 30 to line 71, col 35 of module pipeline_exec_ooo>. Reporting costs into <line 9, col 54 to line 9, col 59 of module pipeline_exec_ooo> instead (Safety and Liveness checking is unaffected. Please report a bug.)
@!@!@ENDMSG 2776 @!@!@
@!@!@STARTMSG 2776:0 @!@!@
CostModel lookup failed for expression <line 65, col 45 to line 70, col 45 of module pipeline_exec_ooo>. Reporting costs into <line 9, col 54 to line 9, col 59 of module pipeline_exec_ooo> instead (Safety and Liveness checking is unaffected. Please report a bug.)
@!@!@ENDMSG 2776 @!@!@
@!@!@STARTMSG 2776:0 @!@!@
CostModel lookup failed for expression <line 65, col 53 to line 65, col 64 of module pipeline_exec_ooo>. Reporting costs into <line 9, col 54 to line 9, col 59 of module pipeline_exec_ooo> instead (Safety and Liveness checking is unaffected. Please report a bug.)
@!@!@ENDMSG 2776 @!@!@
@!@!@STARTMSG 2776:0 @!@!@
CostModel lookup failed for expression <line 65, col 56 to line 65, col 64 of module pipeline_exec_ooo>. Reporting costs into <line 9, col 54 to line 9, col 59 of module pipeline_exec_ooo> instead (Safety and Liveness checking is unaffected. Please report a bug.)
@!@!@ENDMSG 2776 @!@!@
@!@!@STARTMSG 2776:0 @!@!@
CostModel lookup failed for expression <line 66, col 47 to line 69, col 58 of module pipeline_exec_ooo>. Reporting costs into <line 9, col 54 to line 9, col 59 of module pipeline_exec_ooo> instead (Safety and Liveness checking is unaffected. Please report a bug.)
@!@!@ENDMSG 2776 @!@!@
@!@!@STARTMSG 2776:0 @!@!@
CostModel lookup failed for expression <line 66, col 47 to line 66, col 52 of module pipeline_exec_ooo>. Reporting costs into <line 9, col 54 to line 9, col 59 of module pipeline_exec_ooo> instead (Safety and Liveness checking is unaffected. Please report a bug.)
@!@!@ENDMSG 2776 @!@!@
@!@!@STARTMSG 2776:0 @!@!@
CostModel lookup failed for expression <line 66, col 47 to line 66, col 49 of module pipeline_exec_ooo>. Reporting costs into <line 9, col 54 to line 9, col 59 of module pipeline_exec_ooo> instead (Safety and Liveness checking is unaffected. Please report a bug.)
@!@!@ENDMSG 2776 @!@!@
@!@!@STARTMSG 2776:0 @!@!@
CostModel lookup failed for expression <line 66, col 51 to line 66, col 51 of module pipeline_exec_ooo>. Reporting costs into <line 9, col 54 to line 9, col 59 of module pipeline_exec_ooo> instead (Safety and Liveness checking is unaffected. Please report a bug.)
@!@!@ENDMSG 2776 @!@!@
@!@!@STARTMSG 2776:0 @!@!@
CostModel lookup failed for expression <line 66, col 58 to line 69, col 58 of module pipeline_exec_ooo>. Reporting costs into <line 9, col 54 to line 9, col 59 of module pipeline_exec_ooo> instead (Safety and Liveness checking is unaffected. Please report a bug.)
@!@!@ENDMSG 2776 @!@!@
@!@!@STARTMSG 2776:0 @!@!@
CostModel lookup failed for expression <line 66, col 66 to line 66, col 77 of module pipeline_exec_ooo>. Reporting costs into <line 9, col 54 to line 9, col 59 of module pipeline_exec_ooo> instead (Safety and Liveness checking is unaffected. Please report a bug.)
@!@!@ENDMSG 2776 @!@!@
@!@!@STARTMSG 2776:0 @!@!@
CostModel lookup failed for expression <line 66, col 76 to line 66, col 76 of module pipeline_exec_ooo>. Reporting costs into <line 9, col 54 to line 9, col 59 of module pipeline_exec_ooo> instead (Safety and Liveness checking is unaffected. Please report a bug.)
@!@!@ENDMSG 2776 @!@!@
@!@!@STARTMSG 2776:0 @!@!@
CostModel lookup failed for expression <line 45, col 17 to line 45, col 97 of module pipeline_exec_ooo>. Reporting costs into <line 9, col 54 to line 9, col 59 of module pipeline_exec_ooo> instead (Safety and Liveness checking is unaffected. Please report a bug.)
@!@!@ENDMSG 2776 @!@!@
@!@!@STARTMSG 2776:0 @!@!@
CostModel lookup failed for expression <line 45, col 34 to line 45, col 95 of module pipeline_exec_ooo>. Reporting costs into <line 9, col 54 to line 9, col 59 of module pipeline_exec_ooo> instead (Safety and Liveness checking is unaffected. Please report a bug.)
@!@!@ENDMSG 2776 @!@!@
@!@!@STARTMSG 2776:0 @!@!@
CostModel lookup failed for expression <line 45, col 42 to line 45, col 53 of module pipeline_exec_ooo>. Reporting costs into <line 9, col 54 to line 9, col 59 of module pipeline_exec_ooo> instead (Safety and Liveness checking is unaffected. Please report a bug.)
@!@!@ENDMSG 2776 @!@!@
@!@!@STARTMSG 2776:0 @!@!@
CostModel lookup failed for expression <line 45, col 45 to line 45, col 53 of module pipeline_exec_ooo>. Reporting costs into <line 9, col 54 to line 9, col 59 of module pipeline_exec_ooo> instead (Safety and Liveness checking is unaffected. Please report a bug.)
@!@!@ENDMSG 2776 @!@!@
@!@!@STARTMSG 2776:0 @!@!@
CostModel lookup failed for expression <line 45, col 57 to line 45, col 93 of module pipeline_exec_ooo>. Reporting costs into <line 9, col 54 to line 9, col 59 of module pipeline_exec_ooo> instead (Safety and Liveness checking is unaffected. Please report a bug.)
@!@!@ENDMSG 2776 @!@!@
@!@!@STARTMSG 2776:0 @!@!@
CostModel lookup failed for expression <line 45, col 57 to line 45, col 72 of module pipeline_exec_ooo>. Reporting costs into <line 9, col 54 to line 9, col 59 of module pipeline_exec_ooo> instead (Safety and Liveness checking is unaffected. Please report a bug.)
@!@!@ENDMSG 2776 @!@!@
@!@!@STARTMSG 2776:0 @!@!@
CostModel lookup failed for expression <line 45, col 66 to line 45, col 71 of module pipeline_exec_ooo>. Reporting costs into <line 9, col 54 to line 9, col 59 of module pipeline_exec_ooo> instead (Safety and Liveness checking is unaffected. Please report a bug.)
@!@!@ENDMSG 2776 @!@!@
@!@!@STARTMSG 2776:0 @!@!@
CostModel lookup failed for expression <line 12, col 20 to line 12, col 45 of module instructions_ooo>. Reporting costs into <line 9, col 54 to line 9, col 59 of module pipeline_exec_ooo> instead (Safety and Liveness checking is unaffected. Please report a bug.)
@!@!@ENDMSG 2776 @!@!@
@!@!@STARTMSG 2776:0 @!@!@
CostModel lookup failed for expression <line 12, col 20 to line 12, col 29 of module instructions_ooo>. Reporting costs into <line 9, col 54 to line 9, col 59 of module pipeline_exec_ooo> instead (Safety and Liveness checking is unaffected. Please report a bug.)
@!@!@ENDMSG 2776 @!@!@
@!@!@STARTMSG 2776:0 @!@!@
CostModel lookup failed for expression <line 12, col 20 to line 12, col 24 of module instructions_ooo>. Reporting costs into <line 9, col 54 to line 9, col 59 of module pipeline_exec_ooo> instead (Safety and Liveness checking is unaffected. Please report a bug.)
@!@!@ENDMSG 2776 @!@!@
@!@!@STARTMSG 2776:0 @!@!@
CostModel lookup failed for expression <line 45, col 66 to line 45, col 68 of module pipeline_exec_ooo>. Reporting costs into <line 9, col 54 to line 9, col 59 of module pipeline_exec_ooo> instead (Safety and Liveness checking is unaffected. Please report a bug.)
@!@!@ENDMSG 2776 @!@!@
@!@!@STARTMSG 2776:0 @!@!@
CostModel lookup failed for expression <line 45, col 70 to line 45, col 70 of module pipeline_exec_ooo>. Reporting costs into <line 9, col 54 to line 9, col 59 of module pipeline_exec_ooo> instead (Safety and Liveness checking is unaffected. Please report a bug.)
@!@!@ENDMSG 2776 @!@!@
@!@!@STARTMSG 2776:0 @!@!@
CostModel lookup failed for expression <line 71, col 46 to line 71, col 50 of module pipeline_exec_ooo>. Reporting costs into <line 9, col 54 to line 9, col 59 of module pipeline_exec_ooo> instead (Safety and Liveness checking is unaffected. Please report a bug.)
@!@!@ENDMSG 2776 @!@!@
@!@!@STARTMSG 2776:0 @!@!@
CostModel lookup failed for expression <line 119, col 36 to line 123, col 59 of module pipeline_exec_ooo>. Reporting costs into <line 9, col 54 to line 9, col 59 of module pipeline_exec_ooo> instead (Safety and Liveness checking is unaffected. Please report a bug.)
@!@!@ENDMSG 2776 @!@!@
@!@!@STARTMSG 2776:0 @!@!@
CostModel lookup failed for expression <line 119, col 46 to line 123, col 59 of module pipeline_exec_ooo>. Reporting costs into <line 9, col 54 to line 9, col 59 of module pipeline_exec_ooo> instead (Safety and Liveness checking is unaffected. Please report a bug.)
@!@!@ENDMSG 2776 @!@!@
@!@!@STARTMSG 2776:0 @!@!@
CostModel lookup failed for expression <line 119, col 49 to line 120, col 97 of module pipeline_exec_ooo>. Reporting costs into <line 9, col 54 to line 9, col 59 of module pipeline_exec_ooo> instead (Safety and Liveness checking is unaffected. Please report a bug.)
@!@!@ENDMSG 2776 @!@!@
@!@!@STARTMSG 2776:0 @!@!@
CostModel lookup failed for expression <line 119, col 52 to line 119, col 76 of module pipeline_exec_ooo>. Reporting costs into <line 9, col 54 to line 9, col 59 of module pipeline_exec_ooo> instead (Safety and Liveness checking is unaffected. Please report a bug.)
@!@!@ENDMSG 2776 @!@!@
@!@!@STARTMSG 2776:0 @!@!@
CostModel lookup failed for expression <line 119, col 52 to line 119, col 63 of module pipeline_exec_ooo>. Reporting costs into <line 9, col 54 to line 9, col 59 of module pipeline_exec_ooo> instead (Safety and Liveness checking is unaffected. Please report a bug.)
@!@!@ENDMSG 2776 @!@!@
@!@!@STARTMSG 2776:0 @!@!@
CostModel lookup failed for expression <line 119, col 52 to line 119, col 59 of module pipeline_exec_ooo>. Reporting costs into <line 9, col 54 to line 9, col 59 of module pipeline_exec_ooo> instead (Safety and Liveness checking is unaffected. Please report a bug.)
@!@!@ENDMSG 2776 @!@!@
@!@!@STARTMSG 2776:0 @!@!@
CostModel lookup failed for expression <line 119, col 58 to line 119, col 58 of module pipeline_exec_ooo>. Reporting costs into <line 9, col 54 to line 9, col 59 of module pipeline_exec_ooo> instead (Safety and Liveness checking is unaffected. Please report a bug.)
@!@!@ENDMSG 2776 @!@!@
@!@!@STARTMSG 2776:0 @!@!@
CostModel lookup failed for expression <line 119, col 69 to line 119, col 76 of module pipeline_exec_ooo>. Reporting costs into <line 9, col 54 to line 9, col 59 of module pipeline_exec_ooo> instead (Safety and Liveness checking is unaffected. Please report a bug.)
@!@!@ENDMSG 2776 @!@!@
@!@!@STARTMSG 2776:0 @!@!@
CostModel lookup failed for expression <line 123, col 51 to line 123, col 59 of module pipeline_exec_ooo>. Reporting costs into <line 9, col 54 to line 9, col 59 of module pipeline_exec_ooo> instead (Safety and Liveness checking is unaffected. Please report a bug.)
@!@!@ENDMSG 2776 @!@!@
@!@!@STARTMSG 2776:0 @!@!@
CostModel lookup failed for expression <line 123, col 52 to line 123, col 58 of module pipeline_exec_ooo>. Reporting costs into <line 9, col 54 to line 9, col 59 of module pipeline_exec_ooo> instead (Safety and Liveness checking is unaffected. Please report a bug.)
@!@!@ENDMSG 2776 @!@!@
@!@!@STARTMSG 2776:0 @!@!@
CostModel lookup failed for expression <line 116, col 52 to line 116, col 67 of module pipeline_exec_ooo>. Reporting costs into <line 9, col 54 to line 9, col 59 of module pipeline_exec_ooo> instead (Safety and Liveness checking is unaffected. Please report a bug.)
@!@!@ENDMSG 2776 @!@!@
@!@!@STARTMSG 2776:0 @!@!@
CostModel lookup failed for expression <line 116, col 52 to line 116, col 59 of module pipeline_exec_ooo>. Reporting costs into <line 9, col 54 to line 9, col 59 of module pipeline_exec_ooo> instead (Safety and Liveness checking is unaffected. Please report a bug.)
@!@!@ENDMSG 2776 @!@!@
@!@!@STARTMSG 2776:0 @!@!@
CostModel lookup failed for expression <line 116, col 58 to line 116, col 58 of module pipeline_exec_ooo>. Reporting costs into <line 9, col 54 to line 9, col 59 of module pipeline_exec_ooo> instead (Safety and Liveness checking is unaffected. Please report a bug.)
@!@!@ENDMSG 2776 @!@!@
@!@!@STARTMSG 2776:0 @!@!@
CostModel lookup failed for expression <line 116, col 63 to line 116, col 67 of module pipeline_exec_ooo>. Reporting costs into <line 9, col 54 to line 9, col 59 of module pipeline_exec_ooo> instead (Safety and Liveness checking is unaffected. Please report a bug.)
@!@!@ENDMSG 2776 @!@!@
@!@!@STARTMSG 2776:0 @!@!@
CostModel lookup failed for expression <line 124, col 36 to line 124, col 48 of module pipeline_exec_ooo>. Reporting costs into <line 9, col 54 to line 9, col 59 of module pipeline_exec_ooo> instead (Safety and Liveness checking is unaffected. Please report a bug.)
@!@!@ENDMSG 2776 @!@!@
@!@!@STARTMSG 2776:0 @!@!@
CostModel lookup failed for expression <line 124, col 46 to line 124, col 48 of module pipeline_exec_ooo>. Reporting costs into <line 9, col 54 to line 9, col 59 of module pipeline_exec_ooo> instead (Safety and Liveness checking is unaffected. Please report a bug.)
@!@!@ENDMSG 2776 @!@!@
@!@!@STARTMSG 2776:0 @!@!@
CostModel lookup failed for expression <line 126, col 44 to line 126, col 49 of module pipeline_exec_ooo>. Reporting costs into <line 9, col 115 to line 9, col 120 of module pipeline_exec_ooo> instead (Safety and Liveness checking is unaffected. Please report a bug.)
@!@!@ENDMSG 2776 @!@!@
@!@!@STARTMSG 2776:0 @!@!@
CostModel lookup failed for expression <line 126, col 48 to line 126, col 48 of module pipeline_exec_ooo>. Reporting costs into <line 9, col 115 to line 9, col 120 of module pipeline_exec_ooo> instead (Safety and Liveness checking is unaffected. Please report a bug.)
@!@!@ENDMSG 2776 @!@!@
@!@!@STARTMSG 2776:0 @!@!@
CostModel lookup failed for expression <line 115, col 29 to line 125, col 68 of module pipeline_exec_ooo>. Reporting costs into <line 9, col 115 to line 9, col 120 of module pipeline_exec_ooo> instead (Safety and Liveness checking is unaffected. Please report a bug.)
@!@!@ENDMSG 2776 @!@!@
@!@!@STARTMSG 2776:0 @!@!@
CostModel lookup failed for expression <line 115, col 32 to line 115, col 44 of module pipeline_exec_ooo>. Reporting costs into <line 9, col 115 to line 9, col 120 of module pipeline_exec_ooo> instead (Safety and Liveness checking is unaffected. Please report a bug.)
@!@!@ENDMSG 2776 @!@!@
@!@!@STARTMSG 2776:0 @!@!@
CostModel lookup failed for expression <line 115, col 33 to line 115, col 44 of module pipeline_exec_ooo>. Reporting costs into <line 9, col 115 to line 9, col 120 of module pipeline_exec_ooo> instead (Safety and Liveness checking is unaffected. Please report a bug.)
@!@!@ENDMSG 2776 @!@!@
@!@!@STARTMSG 2776:0 @!@!@
CostModel lookup failed for expression <line 115, col 43 to line 115, col 43 of module pipeline_exec_ooo>. Reporting costs into <line 9, col 115 to line 9, col 120 of module pipeline_exec_ooo> instead (Safety and Liveness checking is unaffected. Please report a bug.)
@!@!@ENDMSG 2776 @!@!@
@!@!@STARTMSG 2776:0 @!@!@
CostModel lookup failed for expression <line 27, col 17 to line 27, col 47 of module pipeline_exec_ooo>. Reporting costs into <line 9, col 115 to line 9, col 120 of module pipeline_exec_ooo> instead (Safety and Liveness checking is unaffected. Please report a bug.)
@!@!@ENDMSG 2776 @!@!@
@!@!@STARTMSG 2776:0 @!@!@
CostModel lookup failed for expression <line 27, col 17 to line 27, col 30 of module pipeline_exec_ooo>. Reporting costs into <line 9, col 115 to line 9, col 120 of module pipeline_exec_ooo> instead (Safety and Liveness checking is unaffected. Please report a bug.)
@!@!@ENDMSG 2776 @!@!@
@!@!@STARTMSG 2776:0 @!@!@
CostModel lookup failed for expression <line 27, col 17 to line 27, col 22 of module pipeline_exec_ooo>. Reporting costs into <line 9, col 115 to line 9, col 120 of module pipeline_exec_ooo> instead (Safety and Liveness checking is unaffected. Please report a bug.)
@!@!@ENDMSG 2776 @!@!@
@!@!@STARTMSG 2776:0 @!@!@
CostModel lookup failed for expression <line 27, col 17 to line 27, col 19 of module pipeline_exec_ooo>. Reporting costs into <line 9, col 115 to line 9, col 120 of module pipeline_exec_ooo> instead (Safety and Liveness checking is unaffected. Please report a bug.)
@!@!@ENDMSG 2776 @!@!@
@!@!@STARTMSG 2776:0 @!@!@
CostModel lookup failed for expression <line 27, col 21 to line 27, col 21 of module pipeline_exec_ooo>. Reporting costs into <line 9, col 115 to line 9, col 120 of module pipeline_exec_ooo> instead (Safety and Liveness checking is unaffected. Please report a bug.)
@!@!@ENDMSG 2776 @!@!@
@!@!@STARTMSG 2776:0 @!@!@
CostModel lookup failed for expression <line 27, col 34 to line 27, col 47 of module pipeline_exec_ooo>. Reporting costs into <line 9, col 115 to line 9, col 120 of module pipeline_exec_ooo> instead (Safety and Liveness checking is unaffected. Please report a bug.)
@!@!@ENDMSG 2776 @!@!@
@!@!@STARTMSG 2776:0 @!@!@
CostModel lookup failed for expression <line 27, col 34 to line 27, col 39 of module pipeline_exec_ooo>. Reporting costs into <line 9, col 115 to line 9, col 120 of module pipeline_exec_ooo> instead (Safety and Liveness checking is unaffected. Please report a bug.)
@!@!@ENDMSG 2776 @!@!@
@!@!@STARTMSG 2776:0 @!@!@
CostModel lookup failed for expression <line 27, col 34 to line 27, col 36 of module pipeline_exec_ooo>. Reporting costs into <line 9, col 115 to line 9, col 120 of module pipeline_exec_ooo> instead (Safety and Liveness checking is unaffected. Please report a bug.)
@!@!@ENDMSG 2776 @!@!@
@!@!@STARTMSG 2776:0 @!@!@
CostModel lookup failed for expression <line 27, col 38 to line 27, col 38 of module pipeline_exec_ooo>. Reporting costs into <line 9, col 115 to line 9, col 120 of module pipeline_exec_ooo> instead (Safety and Liveness checking is unaffected. Please report a bug.)
@!@!@ENDMSG 2776 @!@!@
@!@!@STARTMSG 2776:0 @!@!@
CostModel lookup failed for expression <line 116, col 49 to line 117, col 135 of module pipeline_exec_ooo>. Reporting costs into <line 9, col 115 to line 9, col 120 of module pipeline_exec_ooo> instead (Safety and Liveness checking is unaffected. Please report a bug.)
@!@!@ENDMSG 2776 @!@!@
@!@!@STARTMSG 2776:0 @!@!@
CostModel lookup failed for expression <line 118, col 34 to line 124, col 50 of module pipeline_exec_ooo>. Reporting costs into <line 9, col 115 to line 9, col 120 of module pipeline_exec_ooo> instead (Safety and Liveness checking is unaffected. Please report a bug.)
@!@!@ENDMSG 2776 @!@!@
@!@!@STARTMSG 2776:0 @!@!@
CostModel lookup failed for expression <line 118, col 36 to line 118, col 53 of module pipeline_exec_ooo>. Reporting costs into <line 9, col 115 to line 9, col 120 of module pipeline_exec_ooo> instead (Safety and Liveness checking is unaffected. Please report a bug.)
@!@!@ENDMSG 2776 @!@!@
@!@!@STARTMSG 2776:0 @!@!@
CostModel lookup failed for expression <line 118, col 44 to line 118, col 53 of module pipeline_exec_ooo>. Reporting costs into <line 9, col 115 to line 9, col 120 of module pipeline_exec_ooo> instead (Safety and Liveness checking is unaffected. Please report a bug.)
@!@!@ENDMSG 2776 @!@!@
@!@!@STARTMSG 2776:0 @!@!@
CostModel lookup failed for expression <line 118, col 45 to line 118, col 52 of module pipeline_exec_ooo>. Reporting costs into <line 9, col 115 to line 9, col 120 of module pipeline_exec_ooo> instead (Safety and Liveness checking is unaffected. Please report a bug.)
@!@!@ENDMSG 2776 @!@!@
@!@!@STARTMSG 2776:0 @!@!@
CostModel lookup failed for expression <line 118, col 51 to line 118, col 51 of module pipeline_exec_ooo>. Reporting costs into <line 9, col 115 to line 9, col 120 of module pipeline_exec_ooo> instead (Safety and Liveness checking is unaffected. Please report a bug.)
@!@!@ENDMSG 2776 @!@!@
@!@!@STARTMSG 2776:0 @!@!@
CostModel lookup failed for expression <line 53, col 13 to line 72, col 42 of module pipeline_exec_ooo>. Reporting costs into <line 9, col 115 to line 9, col 120 of module pipeline_exec_ooo> instead (Safety and Liveness checking is unaffected. Please report a bug.)
@!@!@ENDMSG 2776 @!@!@
@!@!@STARTMSG 2776:0 @!@!@
CostModel lookup failed for expression <line 53, col 16 to line 53, col 27 of module pipeline_exec_ooo>. Reporting costs into <line 9, col 115 to line 9, col 120 of module pipeline_exec_ooo> instead (Safety and Liveness checking is unaffected. Please report a bug.)
@!@!@ENDMSG 2776 @!@!@
@!@!@STARTMSG 2776:0 @!@!@
CostModel lookup failed for expression <line 53, col 26 to line 53, col 26 of module pipeline_exec_ooo>. Reporting costs into <line 9, col 115 to line 9, col 120 of module pipeline_exec_ooo> instead (Safety and Liveness checking is unaffected. Please report a bug.)
@!@!@ENDMSG 2776 @!@!@
@!@!@STARTMSG 2776:0 @!@!@
CostModel lookup failed for expression <line 59, col 35 to line 61, col 36 of module pipeline_exec_ooo>. Reporting costs into <line 9, col 115 to line 9, col 120 of module pipeline_exec_ooo> instead (Safety and Liveness checking is unaffected. Please report a bug.)
@!@!@ENDMSG 2776 @!@!@
@!@!@STARTMSG 2776:0 @!@!@
CostModel lookup failed for expression <line 62, col 17 to line 72, col 42 of module pipeline_exec_ooo>. Reporting costs into <line 9, col 115 to line 9, col 120 of module pipeline_exec_ooo> instead (Safety and Liveness checking is unaffected. Please report a bug.)
@!@!@ENDMSG 2776 @!@!@
@!@!@STARTMSG 2776:0 @!@!@
CostModel lookup failed for expression <line 62, col 20 to line 62, col 33 of module pipeline_exec_ooo>. Reporting costs into <line 9, col 115 to line 9, col 120 of module pipeline_exec_ooo> instead (Safety and Liveness checking is unaffected. Please report a bug.)
@!@!@ENDMSG 2776 @!@!@
@!@!@STARTMSG 2776:0 @!@!@
CostModel lookup failed for expression <line 62, col 20 to line 62, col 29 of module pipeline_exec_ooo>. Reporting costs into <line 9, col 115 to line 9, col 120 of module pipeline_exec_ooo> instead (Safety and Liveness checking is unaffected. Please report a bug.)
@!@!@ENDMSG 2776 @!@!@
@!@!@STARTMSG 2776:0 @!@!@
CostModel lookup failed for expression <line 59, col 39 to line 61, col 35 of module pipeline_exec_ooo>. Reporting costs into <line 9, col 115 to line 9, col 120 of module pipeline_exec_ooo> instead (Safety and Liveness checking is unaffected. Please report a bug.)
@!@!@ENDMSG 2776 @!@!@
@!@!@STARTMSG 2776:0 @!@!@
CostModel lookup failed for expression <line 8, col 11 to line 8, col 68 of module instructions_ooo>. Reporting costs into <line 9, col 115 to line 9, col 120 of module pipeline_exec_ooo> instead (Safety and Liveness checking is unaffected. Please report a bug.)
@!@!@ENDMSG 2776 @!@!@
@!@!@STARTMSG 2776:0 @!@!@
CostModel lookup failed for expression <line 8, col 14 to line 8, col 19 of module instructions_ooo>. Reporting costs into <line 9, col 115 to line 9, col 120 of module pipeline_exec_ooo> instead (Safety and Liveness checking is unaffected. Please report a bug.)
@!@!@ENDMSG 2776 @!@!@
@!@!@STARTMSG 2776:0 @!@!@
CostModel lookup failed for expression <line 8, col 14 to line 8, col 14 of module instructions_ooo>. Reporting costs into <line 9, col 115 to line 9, col 120 of module pipeline_exec_ooo> instead (Safety and Liveness checking is unaffected. Please report a bug.)
@!@!@ENDMSG 2776 @!@!@
@!@!@STARTMSG 2776:0 @!@!@
CostModel lookup failed for expression <line 60, col 37 to line 60, col 155 of module pipeline_exec_ooo>. Reporting costs into <line 9, col 115 to line 9, col 120 of module pipeline_exec_ooo> instead (Safety and Liveness checking is unaffected. Please report a bug.)
@!@!@ENDMSG 2776 @!@!@
@!@!@STARTMSG 2776:0 @!@!@
CostModel lookup failed for expression <line 60, col 45 to line 60, col 50 of module pipeline_exec_ooo>. Reporting costs into <line 9, col 115 to line 9, col 120 of module pipeline_exec_ooo> instead (Safety and Liveness checking is unaffected. Please report a bug.)
@!@!@ENDMSG 2776 @!@!@
@!@!@STARTMSG 2776:0 @!@!@
CostModel lookup failed for expression <line 60, col 45 to line 60, col 47 of module pipeline_exec_ooo>. Reporting costs into <line 9, col 115 to line 9, col 120 of module pipeline_exec_ooo> instead (Safety and Liveness checking is unaffected. Please report a bug.)
@!@!@ENDMSG 2776 @!@!@
@!@!@STARTMSG 2776:0 @!@!@
CostModel lookup failed for expression <line 60, col 49 to line 60, col 49 of module pipeline_exec_ooo>. Reporting costs into <line 9, col 115 to line 9, col 120 of module pipeline_exec_ooo> instead (Safety and Liveness checking is unaffected. Please report a bug.)
@!@!@ENDMSG 2776 @!@!@
@!@!@STARTMSG 2776:0 @!@!@
CostModel lookup failed for expression <line 8, col 18 to line 8, col 19 of module instructions_ooo>. Reporting costs into <line 9, col 115 to line 9, col 120 of module pipeline_exec_ooo> instead (Safety and Liveness checking is unaffected. Please report a bug.)
@!@!@ENDMSG 2776 @!@!@
@!@!@STARTMSG 2776:0 @!@!@
CostModel lookup failed for expression <line 63, col 22 to line 71, col 67 of module pipeline_exec_ooo>. Reporting costs into <line 9, col 115 to line 9, col 120 of module pipeline_exec_ooo> instead (Safety and Liveness checking is unaffected. Please report a bug.)
@!@!@ENDMSG 2776 @!@!@
@!@!@STARTMSG 2776:0 @!@!@
CostModel lookup failed for expression <line 63, col 25 to line 63, col 34 of module pipeline_exec_ooo>. Reporting costs into <line 9, col 115 to line 9, col 120 of module pipeline_exec_ooo> instead (Safety and Liveness checking is unaffected. Please report a bug.)
@!@!@ENDMSG 2776 @!@!@
@!@!@STARTMSG 2776:0 @!@!@
CostModel lookup failed for expression <line 49, col 15 to line 50, col 24 of module pipeline_exec_ooo>. Reporting costs into <line 9, col 115 to line 9, col 120 of module pipeline_exec_ooo> instead (Safety and Liveness checking is unaffected. Please report a bug.)
@!@!@ENDMSG 2776 @!@!@
@!@!@STARTMSG 2776:0 @!@!@
CostModel lookup failed for expression <line 49, col 18 to line 49, col 44 of module pipeline_exec_ooo>. Reporting costs into <line 9, col 115 to line 9, col 120 of module pipeline_exec_ooo> instead (Safety and Liveness checking is unaffected. Please report a bug.)
@!@!@ENDMSG 2776 @!@!@
@!@!@STARTMSG 2776:0 @!@!@
CostModel lookup failed for expression <line 49, col 27 to line 49, col 33 of module pipeline_exec_ooo>. Reporting costs into <line 9, col 115 to line 9, col 120 of module pipeline_exec_ooo> instead (Safety and Liveness checking is unaffected. Please report a bug.)
@!@!@ENDMSG 2776 @!@!@
@!@!@STARTMSG 2776:0 @!@!@
CostModel lookup failed for expression <line 49, col 30 to line 49, col 33 of module pipeline_exec_ooo>. Reporting costs into <line 9, col 115 to line 9, col 120 of module pipeline_exec_ooo> instead (Safety and Liveness checking is unaffected. Please report a bug.)
@!@!@ENDMSG 2776 @!@!@
@!@!@STARTMSG 2776:0 @!@!@
CostModel lookup failed for expression <line 49, col 36 to line 49, col 44 of module pipeline_exec_ooo>. Reporting costs into <line 9, col 115 to line 9, col 120 of module pipeline_exec_ooo> instead (Safety and Liveness checking is unaffected. Please report a bug.)
@!@!@ENDMSG 2776 @!@!@
@!@!@STARTMSG 2776:0 @!@!@
CostModel lookup failed for expression <line 49, col 43 to line 49, col 43 of module pipeline_exec_ooo>. Reporting costs into <line 9, col 115 to line 9, col 120 of module pipeline_exec_ooo> instead (Safety and Liveness checking is unaffected. Please report a bug.)
@!@!@ENDMSG 2776 @!@!@
@!@!@STARTMSG 2776:0 @!@!@
CostModel lookup failed for expression <line 47, col 14 to line 47, col 42 of module pipeline_exec_ooo>. Reporting costs into <line 9, col 115 to line 9, col 120 of module pipeline_exec_ooo> instead (Safety and Liveness checking is unaffected. Please report a bug.)
@!@!@ENDMSG 2776 @!@!@
@!@!@STARTMSG 2776:0 @!@!@
CostModel lookup failed for expression <line 47, col 14 to line 47, col 32 of module pipeline_exec_ooo>. Reporting costs into <line 9, col 115 to line 9, col 120 of module pipeline_exec_ooo> instead (Safety and Liveness checking is unaffected. Please report a bug.)
@!@!@ENDMSG 2776 @!@!@
@!@!@STARTMSG 2776:0 @!@!@
CostModel lookup failed for expression <line 47, col 26 to line 47, col 31 of module pipeline_exec_ooo>. Reporting costs into <line 9, col 115 to line 9, col 120 of module pipeline_exec_ooo> instead (Safety and Liveness checking is unaffected. Please report a bug.)
@!@!@ENDMSG 2776 @!@!@
@!@!@STARTMSG 2776:0 @!@!@
CostModel lookup failed for expression <line 47, col 26 to line 47, col 28 of module pipeline_exec_ooo>. Reporting costs into <line 9, col 115 to line 9, col 120 of module pipeline_exec_ooo> instead (Safety and Liveness checking is unaffected. Please report a bug.)
@!@!@ENDMSG 2776 @!@!@
@!@!@STARTMSG 2776:0 @!@!@
CostModel lookup failed for expression <line 47, col 30 to line 47, col 30 of module pipeline_exec_ooo>. Reporting costs into <line 9, col 115 to line 9, col 120 of module pipeline_exec_ooo> instead (Safety and Liveness checking is unaffected. Please report a bug.)
@!@!@ENDMSG 2776 @!@!@
@!@!@STARTMSG 2776:0 @!@!@
CostModel lookup failed for expression <line 47, col 37 to line 47, col 42 of module pipeline_exec_ooo>. Reporting costs into <line 9, col 115 to line 9, col 120 of module pipeline_exec_ooo> instead (Safety and Liveness checking is unaffected. Please report a bug.)
@!@!@ENDMSG 2776 @!@!@
@!@!@STARTMSG 2776:0 @!@!@
CostModel lookup failed for expression <line 50, col 18 to line 50, col 24 of module pipeline_exec_ooo>. Reporting costs into <line 9, col 115 to line 9, col 120 of module pipeline_exec_ooo> instead (Safety and Liveness checking is unaffected. Please report a bug.)
@!@!@ENDMSG 2776 @!@!@
@!@!@STARTMSG 2776:0 @!@!@
CostModel lookup failed for expression <line 39, col 12 to line 39, col 49 of module pipeline_exec_ooo>. Reporting costs into <line 9, col 115 to line 9, col 120 of module pipeline_exec_ooo> instead (Safety and Liveness checking is unaffected. Please report a bug.)
@!@!@ENDMSG 2776 @!@!@
@!@!@STARTMSG 2776:0 @!@!@
CostModel lookup failed for expression <line 39, col 12 to line 39, col 29 of module pipeline_exec_ooo>. Reporting costs into <line 9, col 115 to line 9, col 120 of module pipeline_exec_ooo> instead (Safety and Liveness checking is unaffected. Please report a bug.)
@!@!@ENDMSG 2776 @!@!@
@!@!@STARTMSG 2776:0 @!@!@
CostModel lookup failed for expression <line 39, col 12 to line 39, col 27 of module pipeline_exec_ooo>. Reporting costs into <line 9, col 115 to line 9, col 120 of module pipeline_exec_ooo> instead (Safety and Liveness checking is unaffected. Please report a bug.)
@!@!@ENDMSG 2776 @!@!@
@!@!@STARTMSG 2776:0 @!@!@
CostModel lookup failed for expression <line 39, col 12 to line 39, col 19 of module pipeline_exec_ooo>. Reporting costs into <line 9, col 115 to line 9, col 120 of module pipeline_exec_ooo> instead (Safety and Liveness checking is unaffected. Please report a bug.)
@!@!@ENDMSG 2776 @!@!@
@!@!@STARTMSG 2776:0 @!@!@
CostModel lookup failed for expression <line 39, col 16 to line 39, col 18 of module pipeline_exec_ooo>. Reporting costs into <line 9, col 115 to line 9, col 120 of module pipeline_exec_ooo> instead (Safety and Liveness checking is unaffected. Please report a bug.)
@!@!@ENDMSG 2776 @!@!@
@!@!@STARTMSG 2776:0 @!@!@
CostModel lookup failed for expression <line 39, col 21 to line 39, col 27 of module pipeline_exec_ooo>. Reporting costs into <line 9, col 115 to line 9, col 120 of module pipeline_exec_ooo> instead (Safety and Liveness checking is unaffected. Please report a bug.)
@!@!@ENDMSG 2776 @!@!@
@!@!@STARTMSG 2776:0 @!@!@
CostModel lookup failed for expression <line 39, col 33 to line 39, col 49 of module pipeline_exec_ooo>. Reporting costs into <line 9, col 115 to line 9, col 120 of module pipeline_exec_ooo> instead (Safety and Liveness checking is unaffected. Please report a bug.)
@!@!@ENDMSG 2776 @!@!@
@!@!@STARTMSG 2776:0 @!@!@
CostModel lookup failed for expression <line 39, col 33 to line 39, col 39 of module pipeline_exec_ooo>. Reporting costs into <line 9, col 115 to line 9, col 120 of module pipeline_exec_ooo> instead (Safety and Liveness checking is unaffected. Please report a bug.)
@!@!@ENDMSG 2776 @!@!@
@!@!@STARTMSG 2776:0 @!@!@
CostModel lookup failed for expression <line 39, col 41 to line 39, col 49 of module pipeline_exec_ooo>. Reporting costs into <line 9, col 115 to line 9, col 120 of module pipeline_exec_ooo> instead (Safety and Liveness checking is unaffected. Please report a bug.)
@!@!@ENDMSG 2776 @!@!@
@!@!@STARTMSG 2776:0 @!@!@
CostModel lookup failed for expression <line 65, col 41 to line 70, col 46 of module pipeline_exec_ooo>. Reporting costs into <line 9, col 115 to line 9, col 120 of module pipeline_exec_ooo> instead (Safety and Liveness checking is unaffected. Please report a bug.)
@!@!@ENDMSG 2776 @!@!@
@!@!@STARTMSG 2776:0 @!@!@
CostModel lookup failed for expression <line 71, col 27 to line 71, col 67 of module pipeline_exec_ooo>. Reporting costs into <line 9, col 115 to line 9, col 120 of module pipeline_exec_ooo> instead (Safety and Liveness checking is unaffected. Please report a bug.)
@!@!@ENDMSG 2776 @!@!@
@!@!@STARTMSG 2776:0 @!@!@
CostModel lookup failed for expression <line 71, col 30 to line 71, col 39 of module pipeline_exec_ooo>. Reporting costs into <line 9, col 115 to line 9, col 120 of module pipeline_exec_ooo> instead (Safety and Liveness checking is unaffected. Please report a bug.)
@!@!@ENDMSG 2776 @!@!@
@!@!@STARTMSG 2776:0 @!@!@
CostModel lookup failed for expression <line 71, col 30 to line 71, col 35 of module pipeline_exec_ooo>. Reporting costs into <line 9, col 115 to line 9, col 120 of module pipeline_exec_ooo> instead (Safety and Liveness checking is unaffected. Please report a bug.)
@!@!@ENDMSG 2776 @!@!@
@!@!@STARTMSG 2776:0 @!@!@
CostModel lookup failed for expression <line 65, col 45 to line 70, col 45 of module pipeline_exec_ooo>. Reporting costs into <line 9, col 115 to line 9, col 120 of module pipeline_exec_ooo> instead (Safety and Liveness checking is unaffected. Please report a bug.)
@!@!@ENDMSG 2776 @!@!@
@!@!@STARTMSG 2776:0 @!@!@
CostModel lookup failed for expression <line 65, col 53 to line 65, col 64 of module pipeline_exec_ooo>. Reporting costs into <line 9, col 115 to line 9, col 120 of module pipeline_exec_ooo> instead (Safety and Liveness checking is unaffected. Please report a bug.)
@!@!@ENDMSG 2776 @!@!@
@!@!@STARTMSG 2776:0 @!@!@
CostModel lookup failed for expression <line 65, col 56 to line 65, col 64 of module pipeline_exec_ooo>. Reporting costs into <line 9, col 115 to line 9, col 120 of module pipeline_exec_ooo> instead (Safety and Liveness checking is unaffected. Please report a bug.)
@!@!@ENDMSG 2776 @!@!@
@!@!@STARTMSG 2776:0 @!@!@
CostModel lookup failed for expression <line 66, col 47 to line 69, col 58 of module pipeline_exec_ooo>. Reporting costs into <line 9, col 115 to line 9, col 120 of module pipeline_exec_ooo> instead (Safety and Liveness checking is unaffected. Please report a bug.)
@!@!@ENDMSG 2776 @!@!@
@!@!@STARTMSG 2776:0 @!@!@
CostModel lookup failed for expression <line 66, col 47 to line 66, col 52 of module pipeline_exec_ooo>. Reporting costs into <line 9, col 115 to line 9, col 120 of module pipeline_exec_ooo> instead (Safety and Liveness checking is unaffected. Please report a bug.)
@!@!@ENDMSG 2776 @!@!@
@!@!@STARTMSG 2776:0 @!@!@
CostModel lookup failed for expression <line 66, col 47 to line 66, col 49 of module pipeline_exec_ooo>. Reporting costs into <line 9, col 115 to line 9, col 120 of module pipeline_exec_ooo> instead (Safety and Liveness checking is unaffected. Please report a bug.)
@!@!@ENDMSG 2776 @!@!@
@!@!@STARTMSG 2776:0 @!@!@
CostModel lookup failed for expression <line 66, col 51 to line 66, col 51 of module pipeline_exec_ooo>. Reporting costs into <line 9, col 115 to line 9, col 120 of module pipeline_exec_ooo> instead (Safety and Liveness checking is unaffected. Please report a bug.)
@!@!@ENDMSG 2776 @!@!@
@!@!@STARTMSG 2776:0 @!@!@
CostModel lookup failed for expression <line 66, col 58 to line 69, col 58 of module pipeline_exec_ooo>. Reporting costs into <line 9, col 115 to line 9, col 120 of module pipeline_exec_ooo> instead (Safety and Liveness checking is unaffected. Please report a bug.)
@!@!@ENDMSG 2776 @!@!@
@!@!@STARTMSG 2776:0 @!@!@
CostModel lookup failed for expression <line 66, col 66 to line 66, col 77 of module pipeline_exec_ooo>. Reporting costs into <line 9, col 115 to line 9, col 120 of module pipeline_exec_ooo> instead (Safety and Liveness checking is unaffected. Please report a bug.)
@!@!@ENDMSG 2776 @!@!@
@!@!@STARTMSG 2776:0 @!@!@
CostModel lookup failed for expression <line 66, col 76 to line 66, col 76 of module pipeline_exec_ooo>. Reporting costs into <line 9, col 115 to line 9, col 120 of module pipeline_exec_ooo> instead (Safety and Liveness checking is unaffected. Please report a bug.)
@!@!@ENDMSG 2776 @!@!@
@!@!@STARTMSG 2776:0 @!@!@
CostModel lookup failed for expression <line 45, col 17 to line 45, col 97 of module pipeline_exec_ooo>. Reporting costs into <line 9, col 115 to line 9, col 120 of module pipeline_exec_ooo> instead (Safety and Liveness checking is unaffected. Please report a bug.)
@!@!@ENDMSG 2776 @!@!@
@!@!@STARTMSG 2776:0 @!@!@
CostModel lookup failed for expression <line 45, col 34 to line 45, col 95 of module pipeline_exec_ooo>. Reporting costs into <line 9, col 115 to line 9, col 120 of module pipeline_exec_ooo> instead (Safety and Liveness checking is unaffected. Please report a bug.)
@!@!@ENDMSG 2776 @!@!@
@!@!@STARTMSG 2776:0 @!@!@
CostModel lookup failed for expression <line 45, col 42 to line 45, col 53 of module pipeline_exec_ooo>. Reporting costs into <line 9, col 115 to line 9, col 120 of module pipeline_exec_ooo> instead (Safety and Liveness checking is unaffected. Please report a bug.)
@!@!@ENDMSG 2776 @!@!@
@!@!@STARTMSG 2776:0 @!@!@
CostModel lookup failed for expression <line 45, col 45 to line 45, col 53 of module pipeline_exec_ooo>. Reporting costs into <line 9, col 115 to line 9, col 120 of module pipeline_exec_ooo> instead (Safety and Liveness checking is unaffected. Please report a bug.)
@!@!@ENDMSG 2776 @!@!@
@!@!@STARTMSG 2776:0 @!@!@
CostModel lookup failed for expression <line 45, col 57 to line 45, col 93 of module pipeline_exec_ooo>. Reporting costs into <line 9, col 115 to line 9, col 120 of module pipeline_exec_ooo> instead (Safety and Liveness checking is unaffected. Please report a bug.)
@!@!@ENDMSG 2776 @!@!@
@!@!@STARTMSG 2776:0 @!@!@
CostModel lookup failed for expression <line 45, col 57 to line 45, col 72 of module pipeline_exec_ooo>. Reporting costs into <line 9, col 115 to line 9, col 120 of module pipeline_exec_ooo> instead (Safety and Liveness checking is unaffected. Please report a bug.)
@!@!@ENDMSG 2776 @!@!@
@!@!@STARTMSG 2776:0 @!@!@
CostModel lookup failed for expression <line 45, col 66 to line 45, col 71 of module pipeline_exec_ooo>. Reporting costs into <line 9, col 115 to line 9, col 120 of module pipeline_exec_ooo> instead (Safety and Liveness checking is unaffected. Please report a bug.)
@!@!@ENDMSG 2776 @!@!@
@!@!@STARTMSG 2776:0 @!@!@
CostModel lookup failed for expression <line 12, col 20 to line 12, col 45 of module instructions_ooo>. Reporting costs into <line 9, col 115 to line 9, col 120 of module pipeline_exec_ooo> instead (Safety and Liveness checking is unaffected. Please report a bug.)
@!@!@ENDMSG 2776 @!@!@
@!@!@STARTMSG 2776:0 @!@!@
CostModel lookup failed for expression <line 12, col 20 to line 12, col 29 of module instructions_ooo>. Reporting costs into <line 9, col 115 to line 9, col 120 of module pipeline_exec_ooo> instead (Safety and Liveness checking is unaffected. Please report a bug.)
@!@!@ENDMSG 2776 @!@!@
@!@!@STARTMSG 2776:0 @!@!@
CostModel lookup failed for expression <line 12, col 20 to line 12, col 24 of module instructions_ooo>. Reporting costs into <line 9, col 115 to line 9, col 120 of module pipeline_exec_ooo> instead (Safety and Liveness checking is unaffected. Please report a bug.)
@!@!@ENDMSG 2776 @!@!@
@!@!@STARTMSG 2776:0 @!@!@
CostModel lookup failed for expression <line 45, col 66 to line 45, col 68 of module pipeline_exec_ooo>. Reporting costs into <line 9, col 115 to line 9, col 120 of module pipeline_exec_ooo> instead (Safety and Liveness checking is unaffected. Please report a bug.)
@!@!@ENDMSG 2776 @!@!@
@!@!@STARTMSG 2776:0 @!@!@
CostModel lookup failed for expression <line 45, col 70 to line 45, col 70 of module pipeline_exec_ooo>. Reporting costs into <line 9, col 115 to line 9, col 120 of module pipeline_exec_ooo> instead (Safety and Liveness checking is unaffected. Please report a bug.)
@!@!@ENDMSG 2776 @!@!@
@!@!@STARTMSG 2776:0 @!@!@
CostModel lookup failed for expression <line 71, col 46 to line 71, col 50 of module pipeline_exec_ooo>. Reporting costs into <line 9, col 115 to line 9, col 120 of module pipeline_exec_ooo> instead (Safety and Liveness checking is unaffected. Please report a bug.)
@!@!@ENDMSG 2776 @!@!@
@!@!@STARTMSG 2776:0 @!@!@
CostModel lookup failed for expression <line 119, col 36 to line 123, col 59 of module pipeline_exec_ooo>. Reporting costs into <line 9, col 115 to line 9, col 120 of module pipeline_exec_ooo> instead (Safety and Liveness checking is unaffected. Please report a bug.)
@!@!@ENDMSG 2776 @!@!@
@!@!@STARTMSG 2776:0 @!@!@
CostModel lookup failed for expression <line 119, col 46 to line 123, col 59 of module pipeline_exec_ooo>. Reporting costs into <line 9, col 115 to line 9, col 120 of module pipeline_exec_ooo> instead (Safety and Liveness checking is unaffected. Please report a bug.)
@!@!@ENDMSG 2776 @!@!@
@!@!@STARTMSG 2776:0 @!@!@
CostModel lookup failed for expression <line 119, col 49 to line 120, col 97 of module pipeline_exec_ooo>. Reporting costs into <line 9, col 115 to line 9, col 120 of module pipeline_exec_ooo> instead (Safety and Liveness checking is unaffected. Please report a bug.)
@!@!@ENDMSG 2776 @!@!@
@!@!@STARTMSG 2776:0 @!@!@
CostModel lookup failed for expression <line 119, col 52 to line 119, col 76 of module pipeline_exec_ooo>. Reporting costs into <line 9, col 115 to line 9, col 120 of module pipeline_exec_ooo> instead (Safety and Liveness checking is unaffected. Please report a bug.)
@!@!@ENDMSG 2776 @!@!@
@!@!@STARTMSG 2776:0 @!@!@
CostModel lookup failed for expression <line 119, col 52 to line 119, col 63 of module pipeline_exec_ooo>. Reporting costs into <line 9, col 115 to line 9, col 120 of module pipeline_exec_ooo> instead (Safety and Liveness checking is unaffected. Please report a bug.)
@!@!@ENDMSG 2776 @!@!@
@!@!@STARTMSG 2776:0 @!@!@
CostModel lookup failed for expression <line 119, col 52 to line 119, col 59 of module pipeline_exec_ooo>. Reporting costs into <line 9, col 115 to line 9, col 120 of module pipeline_exec_ooo> instead (Safety and Liveness checking is unaffected. Please report a bug.)
@!@!@ENDMSG 2776 @!@!@
@!@!@STARTMSG 2776:0 @!@!@
CostModel lookup failed for expression <line 119, col 58 to line 119, col 58 of module pipeline_exec_ooo>. Reporting costs into <line 9, col 115 to line 9, col 120 of module pipeline_exec_ooo> instead (Safety and Liveness checking is unaffected. Please report a bug.)
@!@!@ENDMSG 2776 @!@!@
@!@!@STARTMSG 2776:0 @!@!@
CostModel lookup failed for expression <line 119, col 69 to line 119, col 76 of module pipeline_exec_ooo>. Reporting costs into <line 9, col 115 to line 9, col 120 of module pipeline_exec_ooo> instead (Safety and Liveness checking is unaffected. Please report a bug.)
@!@!@ENDMSG 2776 @!@!@
@!@!@STARTMSG 2776:0 @!@!@
CostModel lookup failed for expression <line 123, col 51 to line 123, col 59 of module pipeline_exec_ooo>. Reporting costs into <line 9, col 115 to line 9, col 120 of module pipeline_exec_ooo> instead (Safety and Liveness checking is unaffected. Please report a bug.)
@!@!@ENDMSG 2776 @!@!@
@!@!@STARTMSG 2776:0 @!@!@
CostModel lookup failed for expression <line 123, col 52 to line 123, col 58 of module pipeline_exec_ooo>. Reporting costs into <line 9, col 115 to line 9, col 120 of module pipeline_exec_ooo> instead (Safety and Liveness checking is unaffected. Please report a bug.)
@!@!@ENDMSG 2776 @!@!@
@!@!@STARTMSG 2776:0 @!@!@
CostModel lookup failed for expression <line 116, col 52 to line 116, col 67 of module pipeline_exec_ooo>. Reporting costs into <line 9, col 115 to line 9, col 120 of module pipeline_exec_ooo> instead (Safety and Liveness checking is unaffected. Please report a bug.)
@!@!@ENDMSG 2776 @!@!@
@!@!@STARTMSG 2776:0 @!@!@
CostModel lookup failed for expression <line 116, col 52 to line 116, col 59 of module pipeline_exec_ooo>. Reporting costs into <line 9, col 115 to line 9, col 120 of module pipeline_exec_ooo> instead (Safety and Liveness checking is unaffected. Please report a bug.)
@!@!@ENDMSG 2776 @!@!@
@!@!@STARTMSG 2776:0 @!@!@
CostModel lookup failed for expression <line 116, col 58 to line 116, col 58 of module pipeline_exec_ooo>. Reporting costs into <line 9, col 115 to line 9, col 120 of module pipeline_exec_ooo> instead (Safety and Liveness checking is unaffected. Please report a bug.)
@!@!@ENDMSG 2776 @!@!@
@!@!@STARTMSG 2776:0 @!@!@
CostModel lookup failed for expression <line 116, col 63 to line 116, col 67 of module pipeline_exec_ooo>. Reporting costs into <line 9, col 115 to line 9, col 120 of module pipeline_exec_ooo> instead (Safety and Liveness checking is unaffected. Please report a bug.)
@!@!@ENDMSG 2776 @!@!@
@!@!@STARTMSG 2776:0 @!@!@
CostModel lookup failed for expression <line 124, col 36 to line 124, col 48 of module pipeline_exec_ooo>. Reporting costs into <line 9, col 115 to line 9, col 120 of module pipeline_exec_ooo> instead (Safety and Liveness checking is unaffected. Please report a bug.)
@!@!@ENDMSG 2776 @!@!@
@!@!@STARTMSG 2776:0 @!@!@
CostModel lookup failed for expression <line 124, col 46 to line 124, col 48 of module pipeline_exec_ooo>. Reporting costs into <line 9, col 115 to line 9, col 120 of module pipeline_exec_ooo> instead (Safety and Liveness checking is unaffected. Please report a bug.)
@!@!@ENDMSG 2776 @!@!@
@!@!@STARTMSG 2776:0 @!@!@
CostModel lookup failed for expression <line 45, col 77 to line 45, col 93 of module pipeline_exec_ooo>. Reporting costs into <line 9, col 54 to line 9, col 59 of module pipeline_exec_ooo> instead (Safety and Liveness checking is unaffected. Please report a bug.)
@!@!@ENDMSG 2776 @!@!@
@!@!@STARTMSG 2776:0 @!@!@
CostModel lookup failed for expression <line 45, col 77 to line 45, col 89 of module pipeline_exec_ooo>. Reporting costs into <line 9, col 54 to line 9, col 59 of module pipeline_exec_ooo> instead (Safety and Liveness checking is unaffected. Please report a bug.)
@!@!@ENDMSG 2776 @!@!@
@!@!@STARTMSG 2776:0 @!@!@
CostModel lookup failed for expression <line 45, col 83 to line 45, col 88 of module pipeline_exec_ooo>. Reporting costs into <line 9, col 54 to line 9, col 59 of module pipeline_exec_ooo> instead (Safety and Liveness checking is unaffected. Please report a bug.)
@!@!@ENDMSG 2776 @!@!@
@!@!@STARTMSG 2776:0 @!@!@
CostModel lookup failed for expression <line 44, col 37 to line 44, col 337 of module pipeline_exec_ooo>. Reporting costs into <line 9, col 54 to line 9, col 59 of module pipeline_exec_ooo> instead (Safety and Liveness checking is unaffected. Please report a bug.)
@!@!@ENDMSG 2776 @!@!@
@!@!@STARTMSG 2776:0 @!@!@
CostModel lookup failed for expression <line 44, col 42 to line 44, col 67 of module pipeline_exec_ooo>. Reporting costs into <line 9, col 54 to line 9, col 59 of module pipeline_exec_ooo> instead (Safety and Liveness checking is unaffected. Please report a bug.)
@!@!@ENDMSG 2776 @!@!@
@!@!@STARTMSG 2776:0 @!@!@
CostModel lookup failed for expression <line 44, col 42 to line 44, col 62 of module pipeline_exec_ooo>. Reporting costs into <line 9, col 54 to line 9, col 59 of module pipeline_exec_ooo> instead (Safety and Liveness checking is unaffected. Please report a bug.)
@!@!@ENDMSG 2776 @!@!@
@!@!@STARTMSG 2776:0 @!@!@
CostModel lookup failed for expression <line 44, col 42 to line 44, col 51 of module pipeline_exec_ooo>. Reporting costs into <line 9, col 54 to line 9, col 59 of module pipeline_exec_ooo> instead (Safety and Liveness checking is unaffected. Please report a bug.)
@!@!@ENDMSG 2776 @!@!@
@!@!@STARTMSG 2776:0 @!@!@
CostModel lookup failed for expression <line 44, col 42 to line 44, col 46 of module pipeline_exec_ooo>. Reporting costs into <line 9, col 54 to line 9, col 59 of module pipeline_exec_ooo> instead (Safety and Liveness checking is unaffected. Please report a bug.)
@!@!@ENDMSG 2776 @!@!@
@!@!@STARTMSG 2776:0 @!@!@
CostModel lookup failed for expression <line 45, col 83 to line 45, col 85 of module pipeline_exec_ooo>. Reporting costs into <line 9, col 54 to line 9, col 59 of module pipeline_exec_ooo> instead (Safety and Liveness checking is unaffected. Please report a bug.)
@!@!@ENDMSG 2776 @!@!@
@!@!@STARTMSG 2776:0 @!@!@
CostModel lookup failed for expression <line 45, col 87 to line 45, col 87 of module pipeline_exec_ooo>. Reporting costs into <line 9, col 54 to line 9, col 59 of module pipeline_exec_ooo> instead (Safety and Liveness checking is unaffected. Please report a bug.)
@!@!@ENDMSG 2776 @!@!@
@!@!@STARTMSG 2776:0 @!@!@
CostModel lookup failed for expression <line 44, col 72 to line 44, col 147 of module pipeline_exec_ooo>. Reporting costs into <line 9, col 54 to line 9, col 59 of module pipeline_exec_ooo> instead (Safety and Liveness checking is unaffected. Please report a bug.)
@!@!@ENDMSG 2776 @!@!@
@!@!@STARTMSG 2776:0 @!@!@
CostModel lookup failed for expression <line 44, col 72 to line 44, col 142 of module pipeline_exec_ooo>. Reporting costs into <line 9, col 54 to line 9, col 59 of module pipeline_exec_ooo> instead (Safety and Liveness checking is unaffected. Please report a bug.)
@!@!@ENDMSG 2776 @!@!@
@!@!@STARTMSG 2776:0 @!@!@
CostModel lookup failed for expression <line 44, col 72 to line 44, col 81 of module pipeline_exec_ooo>. Reporting costs into <line 9, col 54 to line 9, col 59 of module pipeline_exec_ooo> instead (Safety and Liveness checking is unaffected. Please report a bug.)
@!@!@ENDMSG 2776 @!@!@
@!@!@STARTMSG 2776:0 @!@!@
CostModel lookup failed for expression <line 44, col 72 to line 44, col 76 of module pipeline_exec_ooo>. Reporting costs into <line 9, col 54 to line 9, col 59 of module pipeline_exec_ooo> instead (Safety and Liveness checking is unaffected. Please report a bug.)
@!@!@ENDMSG 2776 @!@!@
@!@!@STARTMSG 2776:0 @!@!@
CostModel lookup failed for expression <line 44, col 87 to line 44, col 142 of module pipeline_exec_ooo>. Reporting costs into <line 9, col 54 to line 9, col 59 of module pipeline_exec_ooo> instead (Safety and Liveness checking is unaffected. Please report a bug.)
@!@!@ENDMSG 2776 @!@!@
@!@!@STARTMSG 2776:0 @!@!@
CostModel lookup failed for expression <line 45, col 93 to line 45, col 93 of module pipeline_exec_ooo>. Reporting costs into <line 9, col 54 to line 9, col 59 of module pipeline_exec_ooo> instead (Safety and Liveness checking is unaffected. Please report a bug.)
@!@!@ENDMSG 2776 @!@!@
@!@!@STARTMSG 2776:0 @!@!@
CostModel lookup failed for expression <line 45, col 19 to line 45, col 24 of module pipeline_exec_ooo>. Reporting costs into <line 9, col 54 to line 9, col 59 of module pipeline_exec_ooo> instead (Safety and Liveness checking is unaffected. Please report a bug.)
@!@!@ENDMSG 2776 @!@!@
@!@!@STARTMSG 2776:0 @!@!@
CostModel lookup failed for expression <line 45, col 19 to line 45, col 21 of module pipeline_exec_ooo>. Reporting costs into <line 9, col 54 to line 9, col 59 of module pipeline_exec_ooo> instead (Safety and Liveness checking is unaffected. Please report a bug.)
@!@!@ENDMSG 2776 @!@!@
@!@!@STARTMSG 2776:0 @!@!@
CostModel lookup failed for expression <line 45, col 23 to line 45, col 23 of module pipeline_exec_ooo>. Reporting costs into <line 9, col 54 to line 9, col 59 of module pipeline_exec_ooo> instead (Safety and Liveness checking is unaffected. Please report a bug.)
@!@!@ENDMSG 2776 @!@!@
@!@!@STARTMSG 2776:0 @!@!@
CostModel lookup failed for expression <line 67, col 61 to line 68, col 111 of module pipeline_exec_ooo>. Reporting costs into <line 9, col 54 to line 9, col 59 of module pipeline_exec_ooo> instead (Safety and Liveness checking is unaffected. Please report a bug.)
@!@!@ENDMSG 2776 @!@!@
@!@!@STARTMSG 2776:0 @!@!@
CostModel lookup failed for expression <line 67, col 64 to line 67, col 158 of module pipeline_exec_ooo>. Reporting costs into <line 9, col 54 to line 9, col 59 of module pipeline_exec_ooo> instead (Safety and Liveness checking is unaffected. Please report a bug.)
@!@!@ENDMSG 2776 @!@!@
@!@!@STARTMSG 2776:0 @!@!@
CostModel lookup failed for expression <line 67, col 77 to line 67, col 93 of module pipeline_exec_ooo>. Reporting costs into <line 9, col 54 to line 9, col 59 of module pipeline_exec_ooo> instead (Safety and Liveness checking is unaffected. Please report a bug.)
@!@!@ENDMSG 2776 @!@!@
@!@!@STARTMSG 2776:0 @!@!@
CostModel lookup failed for expression <line 67, col 77 to line 67, col 83 of module pipeline_exec_ooo>. Reporting costs into <line 9, col 54 to line 9, col 59 of module pipeline_exec_ooo> instead (Safety and Liveness checking is unaffected. Please report a bug.)
@!@!@ENDMSG 2776 @!@!@
@!@!@STARTMSG 2776:0 @!@!@
CostModel lookup failed for expression <line 67, col 86 to line 67, col 93 of module pipeline_exec_ooo>. Reporting costs into <line 9, col 54 to line 9, col 59 of module pipeline_exec_ooo> instead (Safety and Liveness checking is unaffected. Please report a bug.)
@!@!@ENDMSG 2776 @!@!@
@!@!@STARTMSG 2776:0 @!@!@
CostModel lookup failed for expression <line 67, col 90 to line 67, col 92 of module pipeline_exec_ooo>. Reporting costs into <line 9, col 54 to line 9, col 59 of module pipeline_exec_ooo> instead (Safety and Liveness checking is unaffected. Please report a bug.)
@!@!@ENDMSG 2776 @!@!@
@!@!@STARTMSG 2776:0 @!@!@
CostModel lookup failed for expression <line 68, col 64 to line 68, col 111 of module pipeline_exec_ooo>. Reporting costs into <line 9, col 54 to line 9, col 59 of module pipeline_exec_ooo> instead (Safety and Liveness checking is unaffected. Please report a bug.)
@!@!@ENDMSG 2776 @!@!@
@!@!@STARTMSG 2776:0 @!@!@
CostModel lookup failed for expression <line 68, col 73 to line 68, col 78 of module pipeline_exec_ooo>. Reporting costs into <line 9, col 54 to line 9, col 59 of module pipeline_exec_ooo> instead (Safety and Liveness checking is unaffected. Please report a bug.)
@!@!@ENDMSG 2776 @!@!@
@!@!@STARTMSG 2776:0 @!@!@
CostModel lookup failed for expression <line 68, col 76 to line 68, col 78 of module pipeline_exec_ooo>. Reporting costs into <line 9, col 54 to line 9, col 59 of module pipeline_exec_ooo> instead (Safety and Liveness checking is unaffected. Please report a bug.)
@!@!@ENDMSG 2776 @!@!@
@!@!@STARTMSG 2776:0 @!@!@
CostModel lookup failed for expression <line 68, col 76 to line 68, col 76 of module pipeline_exec_ooo>. Reporting costs into <line 9, col 54 to line 9, col 59 of module pipeline_exec_ooo> instead (Safety and Liveness checking is unaffected. Please report a bug.)
@!@!@ENDMSG 2776 @!@!@
@!@!@STARTMSG 2776:0 @!@!@
CostModel lookup failed for expression <line 68, col 81 to line 68, col 111 of module pipeline_exec_ooo>. Reporting costs into <line 9, col 54 to line 9, col 59 of module pipeline_exec_ooo> instead (Safety and Liveness checking is unaffected. Please report a bug.)
@!@!@ENDMSG 2776 @!@!@
@!@!@STARTMSG 2776:0 @!@!@
CostModel lookup failed for expression <line 68, col 81 to line 68, col 89 of module pipeline_exec_ooo>. Reporting costs into <line 9, col 54 to line 9, col 59 of module pipeline_exec_ooo> instead (Safety and Liveness checking is unaffected. Please report a bug.)
@!@!@ENDMSG 2776 @!@!@
@!@!@STARTMSG 2776:0 @!@!@
CostModel lookup failed for expression <line 68, col 81 to line 68, col 86 of module pipeline_exec_ooo>. Reporting costs into <line 9, col 54 to line 9, col 59 of module pipeline_exec_ooo> instead (Safety and Liveness checking is unaffected. Please report a bug.)
@!@!@ENDMSG 2776 @!@!@
@!@!@STARTMSG 2776:0 @!@!@
CostModel lookup failed for expression <line 68, col 81 to line 68, col 83 of module pipeline_exec_ooo>. Reporting costs into <line 9, col 54 to line 9, col 59 of module pipeline_exec_ooo> instead (Safety and Liveness checking is unaffected. Please report a bug.)
@!@!@ENDMSG 2776 @!@!@
@!@!@STARTMSG 2776:0 @!@!@
CostModel lookup failed for expression <line 68, col 85 to line 68, col 85 of module pipeline_exec_ooo>. Reporting costs into <line 9, col 54 to line 9, col 59 of module pipeline_exec_ooo> instead (Safety and Liveness checking is unaffected. Please report a bug.)
@!@!@ENDMSG 2776 @!@!@
@!@!@STARTMSG 2776:0 @!@!@
CostModel lookup failed for expression <line 68, col 98 to line 68, col 111 of module pipeline_exec_ooo>. Reporting costs into <line 9, col 54 to line 9, col 59 of module pipeline_exec_ooo> instead (Safety and Liveness checking is unaffected. Please report a bug.)
@!@!@ENDMSG 2776 @!@!@
@!@!@STARTMSG 2776:0 @!@!@
CostModel lookup failed for expression <line 68, col 100 to line 68, col 103 of module pipeline_exec_ooo>. Reporting costs into <line 9, col 54 to line 9, col 59 of module pipeline_exec_ooo> instead (Safety and Liveness checking is unaffected. Please report a bug.)
@!@!@ENDMSG 2776 @!@!@
@!@!@STARTMSG 2776:0 @!@!@
CostModel lookup failed for expression <line 68, col 100 to line 68, col 100 of module pipeline_exec_ooo>. Reporting costs into <line 9, col 54 to line 9, col 59 of module pipeline_exec_ooo> instead (Safety and Liveness checking is unaffected. Please report a bug.)
@!@!@ENDMSG 2776 @!@!@
@!@!@STARTMSG 2776:0 @!@!@
CostModel lookup failed for expression <line 68, col 106 to line 68, col 109 of module pipeline_exec_ooo>. Reporting costs into <line 9, col 54 to line 9, col 59 of module pipeline_exec_ooo> instead (Safety and Liveness checking is unaffected. Please report a bug.)
@!@!@ENDMSG 2776 @!@!@
@!@!@STARTMSG 2776:0 @!@!@
CostModel lookup failed for expression <line 68, col 106 to line 68, col 106 of module pipeline_exec_ooo>. Reporting costs into <line 9, col 54 to line 9, col 59 of module pipeline_exec_ooo> instead (Safety and Liveness checking is unaffected. Please report a bug.)
@!@!@ENDMSG 2776 @!@!@
@!@!@STARTMSG 2776:0 @!@!@
CostModel lookup failed for expression <line 45, col 77 to line 45, col 93 of module pipeline_exec_ooo>. Reporting costs into <line 9, col 115 to line 9, col 120 of module pipeline_exec_ooo> instead (Safety and Liveness checking is unaffected. Please report a bug.)
@!@!@ENDMSG 2776 @!@!@
@!@!@STARTMSG 2776:0 @!@!@
CostModel lookup failed for expression <line 45, col 77 to line 45, col 89 of module pipeline_exec_ooo>. Reporting costs into <line 9, col 115 to line 9, col 120 of module pipeline_exec_ooo> instead (Safety and Liveness checking is unaffected. Please report a bug.)
@!@!@ENDMSG 2776 @!@!@
@!@!@STARTMSG 2776:0 @!@!@
CostModel lookup failed for expression <line 45, col 83 to line 45, col 88 of module pipeline_exec_ooo>. Reporting costs into <line 9, col 115 to line 9, col 120 of module pipeline_exec_ooo> instead (Safety and Liveness checking is unaffected. Please report a bug.)
@!@!@ENDMSG 2776 @!@!@
@!@!@STARTMSG 2776:0 @!@!@
CostModel lookup failed for expression <line 44, col 37 to line 44, col 337 of module pipeline_exec_ooo>. Reporting costs into <line 9, col 115 to line 9, col 120 of module pipeline_exec_ooo> instead (Safety and Liveness checking is unaffected. Please report a bug.)
@!@!@ENDMSG 2776 @!@!@
@!@!@STARTMSG 2776:0 @!@!@
CostModel lookup failed for expression <line 44, col 42 to line 44, col 67 of module pipeline_exec_ooo>. Reporting costs into <line 9, col 115 to line 9, col 120 of module pipeline_exec_ooo> instead (Safety and Liveness checking is unaffected. Please report a bug.)
@!@!@ENDMSG 2776 @!@!@
@!@!@STARTMSG 2776:0 @!@!@
CostModel lookup failed for expression <line 44, col 42 to line 44, col 62 of module pipeline_exec_ooo>. Reporting costs into <line 9, col 115 to line 9, col 120 of module pipeline_exec_ooo> instead (Safety and Liveness checking is unaffected. Please report a bug.)
@!@!@ENDMSG 2776 @!@!@
@!@!@STARTMSG 2776:0 @!@!@
CostModel lookup failed for expression <line 44, col 42 to line 44, col 51 of module pipeline_exec_ooo>. Reporting costs into <line 9, col 115 to line 9, col 120 of module pipeline_exec_ooo> instead (Safety and Liveness checking is unaffected. Please report a bug.)
@!@!@ENDMSG 2776 @!@!@
@!@!@STARTMSG 2776:0 @!@!@
CostModel lookup failed for expression <line 44, col 42 to line 44, col 46 of module pipeline_exec_ooo>. Reporting costs into <line 9, col 115 to line 9, col 120 of module pipeline_exec_ooo> instead (Safety and Liveness checking is unaffected. Please report a bug.)
@!@!@ENDMSG 2776 @!@!@
@!@!@STARTMSG 2776:0 @!@!@
CostModel lookup failed for expression <line 45, col 83 to line 45, col 85 of module pipeline_exec_ooo>. Reporting costs into <line 9, col 115 to line 9, col 120 of module pipeline_exec_ooo> instead (Safety and Liveness checking is unaffected. Please report a bug.)
@!@!@ENDMSG 2776 @!@!@
@!@!@STARTMSG 2776:0 @!@!@
CostModel lookup failed for expression <line 45, col 87 to line 45, col 87 of module pipeline_exec_ooo>. Reporting costs into <line 9, col 115 to line 9, col 120 of module pipeline_exec_ooo> instead (Safety and Liveness checking is unaffected. Please report a bug.)
@!@!@ENDMSG 2776 @!@!@
@!@!@STARTMSG 2776:0 @!@!@
CostModel lookup failed for expression <line 44, col 72 to line 44, col 147 of module pipeline_exec_ooo>. Reporting costs into <line 9, col 115 to line 9, col 120 of module pipeline_exec_ooo> instead (Safety and Liveness checking is unaffected. Please report a bug.)
@!@!@ENDMSG 2776 @!@!@
@!@!@STARTMSG 2776:0 @!@!@
CostModel lookup failed for expression <line 44, col 72 to line 44, col 142 of module pipeline_exec_ooo>. Reporting costs into <line 9, col 115 to line 9, col 120 of module pipeline_exec_ooo> instead (Safety and Liveness checking is unaffected. Please report a bug.)
@!@!@ENDMSG 2776 @!@!@
@!@!@STARTMSG 2776:0 @!@!@
CostModel lookup failed for expression <line 44, col 72 to line 44, col 81 of module pipeline_exec_ooo>. Reporting costs into <line 9, col 115 to line 9, col 120 of module pipeline_exec_ooo> instead (Safety and Liveness checking is unaffected. Please report a bug.)
@!@!@ENDMSG 2776 @!@!@
@!@!@STARTMSG 2776:0 @!@!@
CostModel lookup failed for expression <line 44, col 72 to line 44, col 76 of module pipeline_exec_ooo>. Reporting costs into <line 9, col 115 to line 9, col 120 of module pipeline_exec_ooo> instead (Safety and Liveness checking is unaffected. Please report a bug.)
@!@!@ENDMSG 2776 @!@!@
@!@!@STARTMSG 2776:0 @!@!@
CostModel lookup failed for expression <line 44, col 87 to line 44, col 142 of module pipeline_exec_ooo>. Reporting costs into <line 9, col 115 to line 9, col 120 of module pipeline_exec_ooo> instead (Safety and Liveness checking is unaffected. Please report a bug.)
@!@!@ENDMSG 2776 @!@!@
@!@!@STARTMSG 2776:0 @!@!@
CostModel lookup failed for expression <line 45, col 93 to line 45, col 93 of module pipeline_exec_ooo>. Reporting costs into <line 9, col 115 to line 9, col 120 of module pipeline_exec_ooo> instead (Safety and Liveness checking is unaffected. Please report a bug.)
@!@!@ENDMSG 2776 @!@!@
@!@!@STARTMSG 2776:0 @!@!@
CostModel lookup failed for expression <line 45, col 19 to line 45, col 24 of module pipeline_exec_ooo>. Reporting costs into <line 9, col 115 to line 9, col 120 of module pipeline_exec_ooo> instead (Safety and Liveness checking is unaffected. Please report a bug.)
@!@!@ENDMSG 2776 @!@!@
@!@!@STARTMSG 2776:0 @!@!@
CostModel lookup failed for expression <line 45, col 19 to line 45, col 21 of module pipeline_exec_ooo>. Reporting costs into <line 9, col 115 to line 9, col 120 of module pipeline_exec_ooo> instead (Safety and Liveness checking is unaffected. Please report a bug.)
@!@!@ENDMSG 2776 @!@!@
@!@!@STARTMSG 2776:0 @!@!@
CostModel lookup failed for expression <line 45, col 23 to line 45, col 23 of module pipeline_exec_ooo>. Reporting costs into <line 9, col 115 to line 9, col 120 of module pipeline_exec_ooo> instead (Safety and Liveness checking is unaffected. Please report a bug.)
@!@!@ENDMSG 2776 @!@!@
@!@!@STARTMSG 2776:0 @!@!@
CostModel lookup failed for expression <line 67, col 61 to line 68, col 111 of module pipeline_exec_ooo>. Reporting costs into <line 9, col 115 to line 9, col 120 of module pipeline_exec_ooo> instead (Safety and Liveness checking is unaffected. Please report a bug.)
@!@!@ENDMSG 2776 @!@!@
@!@!@STARTMSG 2776:0 @!@!@
CostModel lookup failed for expression <line 67, col 64 to line 67, col 158 of module pipeline_exec_ooo>. Reporting costs into <line 9, col 115 to line 9, col 120 of module pipeline_exec_ooo> instead (Safety and Liveness checking is unaffected. Please report a bug.)
@!@!@ENDMSG 2776 @!@!@
@!@!@STARTMSG 2776:0 @!@!@
CostModel lookup failed for expression <line 67, col 77 to line 67, col 93 of module pipeline_exec_ooo>. Reporting costs into <line 9, col 115 to line 9, col 120 of module pipeline_exec_ooo> instead (Safety and Liveness checking is unaffected. Please report a bug.)
@!@!@ENDMSG 2776 @!@!@
@!@!@STARTMSG 2776:0 @!@!@
CostModel lookup failed for expression <line 67, col 77 to line 67, col 83 of module pipeline_exec_ooo>. Reporting costs into <line 9, col 115 to line 9, col 120 of module pipeline_exec_ooo> instead (Safety and Liveness checking is unaffected. Please report a bug.)
@!@!@ENDMSG 2776 @!@!@
@!@!@STARTMSG 2776:0 @!@!@
CostModel lookup failed for expression <line 67, col 86 to line 67, col 93 of module pipeline_exec_ooo>. Reporting costs into <line 9, col 115 to line 9, col 120 of module pipeline_exec_ooo> instead (Safety and Liveness checking is unaffected. Please report a bug.)
@!@!@ENDMSG 2776 @!@!@
@!@!@STARTMSG 2776:0 @!@!@
CostModel lookup failed for expression <line 67, col 90 to line 67, col 92 of module pipeline_exec_ooo>. Reporting costs into <line 9, col 115 to line 9, col 120 of module pipeline_exec_ooo> instead (Safety and Liveness checking is unaffected. Please report a bug.)
@!@!@ENDMSG 2776 @!@!@
@!@!@STARTMSG 2776:0 @!@!@
CostModel lookup failed for expression <line 68, col 64 to line 68, col 111 of module pipeline_exec_ooo>. Reporting costs into <line 9, col 115 to line 9, col 120 of module pipeline_exec_ooo> instead (Safety and Liveness checking is unaffected. Please report a bug.)
@!@!@ENDMSG 2776 @!@!@
@!@!@STARTMSG 2776:0 @!@!@
CostModel lookup failed for expression <line 68, col 73 to line 68, col 78 of module pipeline_exec_ooo>. Reporting costs into <line 9, col 115 to line 9, col 120 of module pipeline_exec_ooo> instead (Safety and Liveness checking is unaffected. Please report a bug.)
@!@!@ENDMSG 2776 @!@!@
@!@!@STARTMSG 2776:0 @!@!@
CostModel lookup failed for expression <line 68, col 76 to line 68, col 78 of module pipeline_exec_ooo>. Reporting costs into <line 9, col 115 to line 9, col 120 of module pipeline_exec_ooo> instead (Safety and Liveness checking is unaffected. Please report a bug.)
@!@!@ENDMSG 2776 @!@!@
@!@!@STARTMSG 2776:0 @!@!@
CostModel lookup failed for expression <line 68, col 76 to line 68, col 76 of module pipeline_exec_ooo>. Reporting costs into <line 9, col 115 to line 9, col 120 of module pipeline_exec_ooo> instead (Safety and Liveness checking is unaffected. Please report a bug.)
@!@!@ENDMSG 2776 @!@!@
@!@!@STARTMSG 2776:0 @!@!@
CostModel lookup failed for expression <line 68, col 81 to line 68, col 111 of module pipeline_exec_ooo>. Reporting costs into <line 9, col 115 to line 9, col 120 of module pipeline_exec_ooo> instead (Safety and Liveness checking is unaffected. Please report a bug.)
@!@!@ENDMSG 2776 @!@!@
@!@!@STARTMSG 2776:0 @!@!@
CostModel lookup failed for expression <line 68, col 81 to line 68, col 89 of module pipeline_exec_ooo>. Reporting costs into <line 9, col 115 to line 9, col 120 of module pipeline_exec_ooo> instead (Safety and Liveness checking is unaffected. Please report a bug.)
@!@!@ENDMSG 2776 @!@!@
@!@!@STARTMSG 2776:0 @!@!@
CostModel lookup failed for expression <line 68, col 81 to line 68, col 86 of module pipeline_exec_ooo>. Reporting costs into <line 9, col 115 to line 9, col 120 of module pipeline_exec_ooo> instead (Safety and Liveness checking is unaffected. Please report a bug.)
@!@!@ENDMSG 2776 @!@!@
@!@!@STARTMSG 2776:0 @!@!@
CostModel lookup failed for expression <line 68, col 81 to line 68, col 83 of module pipeline_exec_ooo>. Reporting costs into <line 9, col 115 to line 9, col 120 of module pipeline_exec_ooo> instead (Safety and Liveness checking is unaffected. Please report a bug.)
@!@!@ENDMSG 2776 @!@!@
@!@!@STARTMSG 2776:0 @!@!@
CostModel lookup failed for expression <line 68, col 85 to line 68, col 85 of module pipeline_exec_ooo>. Reporting costs into <line 9, col 115 to line 9, col 120 of module pipeline_exec_ooo> instead (Safety and Liveness checking is unaffected. Please report a bug.)
@!@!@ENDMSG 2776 @!@!@
@!@!@STARTMSG 2776:0 @!@!@
CostModel lookup failed for expression <line 68, col 98 to line 68, col 111 of module pipeline_exec_ooo>. Reporting costs into <line 9, col 115 to line 9, col 120 of module pipeline_exec_ooo> instead (Safety and Liveness checking is unaffected. Please report a bug.)
@!@!@ENDMSG 2776 @!@!@
@!@!@STARTMSG 2776:0 @!@!@
CostModel lookup failed for expression <line 68, col 100 to line 68, col 103 of module pipeline_exec_ooo>. Reporting costs into <line 9, col 115 to line 9, col 120 of module pipeline_exec_ooo> instead (Safety and Liveness checking is unaffected. Please report a bug.)
@!@!@ENDMSG 2776 @!@!@
@!@!@STARTMSG 2776:0 @!@!@
CostModel lookup failed for expression <line 68, col 100 to line 68, col 100 of module pipeline_exec_ooo>. Reporting costs into <line 9, col 115 to line 9, col 120 of module pipeline_exec_ooo> instead (Safety and Liveness checking is unaffected. Please report a bug.)
@!@!@ENDMSG 2776 @!@!@
@!@!@STARTMSG 2776:0 @!@!@
CostModel lookup failed for expression <line 68, col 106 to line 68, col 109 of module pipeline_exec_ooo>. Reporting costs into <line 9, col 115 to line 9, col 120 of module pipeline_exec_ooo> instead (Safety and Liveness checking is unaffected. Please report a bug.)
@!@!@ENDMSG 2776 @!@!@
@!@!@STARTMSG 2776:0 @!@!@
CostModel lookup failed for expression <line 68, col 106 to line 68, col 106 of module pipeline_exec_ooo>. Reporting costs into <line 9, col 115 to line 9, col 120 of module pipeline_exec_ooo> instead (Safety and Liveness checking is unaffected. Please report a bug.)
@!@!@ENDMSG 2776 @!@!@
@!@!@STARTMSG 2776:0 @!@!@
CostModel lookup failed for expression <line 8, col 33 to line 8, col 68 of module instructions_ooo>. Reporting costs into <line 9, col 115 to line 9, col 120 of module pipeline_exec_ooo> instead (Safety and Liveness checking is unaffected. Please report a bug.)
@!@!@ENDMSG 2776 @!@!@
@!@!@STARTMSG 2776:0 @!@!@
CostModel lookup failed for expression <line 8, col 46 to line 8, col 46 of module instructions_ooo>. Reporting costs into <line 9, col 115 to line 9, col 120 of module pipeline_exec_ooo> instead (Safety and Liveness checking is unaffected. Please report a bug.)
@!@!@ENDMSG 2776 @!@!@
@!@!@STARTMSG 2776:0 @!@!@
CostModel lookup failed for expression <line 8, col 50 to line 8, col 68 of module instructions_ooo>. Reporting costs into <line 9, col 115 to line 9, col 120 of module pipeline_exec_ooo> instead (Safety and Liveness checking is unaffected. Please report a bug.)
@!@!@ENDMSG 2776 @!@!@
@!@!@STARTMSG 2776:0 @!@!@
CostModel lookup failed for expression <line 8, col 59 to line 8, col 59 of module instructions_ooo>. Reporting costs into <line 9, col 115 to line 9, col 120 of module pipeline_exec_ooo> instead (Safety and Liveness checking is unaffected. Please report a bug.)
@!@!@ENDMSG 2776 @!@!@
@!@!@STARTMSG 2776:0 @!@!@
CostModel lookup failed for expression <line 8, col 63 to line 8, col 68 of module instructions_ooo>. Reporting costs into <line 9, col 115 to line 9, col 120 of module pipeline_exec_ooo> instead (Safety and Liveness checking is unaffected. Please report a bug.)
@!@!@ENDMSG 2776 @!@!@
@!@!@STARTMSG 2776:0 @!@!@
CostModel lookup failed for expression <line 8, col 63 to line 8, col 63 of module instructions_ooo>. Reporting costs into <line 9, col 115 to line 9, col 120 of module pipeline_exec_ooo> instead (Safety and Liveness checking is unaffected. Please report a bug.)
@!@!@ENDMSG 2776 @!@!@
@!@!@STARTMSG 2776:0 @!@!@
CostModel lookup failed for expression <line 8, col 68 to line 8, col 68 of module instructions_ooo>. Reporting costs into <line 9, col 115 to line 9, col 120 of module pipeline_exec_ooo> instead (Safety and Liveness checking is unaffected. Please report a bug.)
@!@!@ENDMSG 2776 @!@!@
@!@!@STARTMSG 2776:0 @!@!@
CostModel lookup failed for expression <line 71, col 57 to line 71, col 67 of module pipeline_exec_ooo>. Reporting costs into <line 9, col 115 to line 9, col 120 of module pipeline_exec_ooo> instead (Safety and Liveness checking is unaffected. Please report a bug.)
@!@!@ENDMSG 2776 @!@!@
@!@!@STARTMSG 2776:0 @!@!@
CostModel lookup failed for expression <line 71, col 57 to line 71, col 59 of module pipeline_exec_ooo>. Reporting costs into <line 9, col 115 to line 9, col 120 of module pipeline_exec_ooo> instead (Safety and Liveness checking is unaffected. Please report a bug.)
@!@!@ENDMSG 2776 @!@!@
@!@!@STARTMSG 2776:0 @!@!@
CostModel lookup failed for expression <line 71, col 61 to line 71, col 66 of module pipeline_exec_ooo>. Reporting costs into <line 9, col 115 to line 9, col 120 of module pipeline_exec_ooo> instead (Safety and Liveness checking is unaffected. Please report a bug.)
@!@!@ENDMSG 2776 @!@!@
@!@!@STARTMSG 2776:0 @!@!@
CostModel lookup failed for expression <line 120, col 52 to line 120, col 97 of module pipeline_exec_ooo>. Reporting costs into <line 9, col 115 to line 9, col 120 of module pipeline_exec_ooo> instead (Safety and Liveness checking is unaffected. Please report a bug.)
@!@!@ENDMSG 2776 @!@!@
@!@!@STARTMSG 2776:0 @!@!@
CostModel lookup failed for expression <line 120, col 52 to line 120, col 64 of module pipeline_exec_ooo>. Reporting costs into <line 9, col 115 to line 9, col 120 of module pipeline_exec_ooo> instead (Safety and Liveness checking is unaffected. Please report a bug.)
@!@!@ENDMSG 2776 @!@!@
@!@!@STARTMSG 2776:0 @!@!@
CostModel lookup failed for expression <line 120, col 52 to line 120, col 60 of module pipeline_exec_ooo>. Reporting costs into <line 9, col 115 to line 9, col 120 of module pipeline_exec_ooo> instead (Safety and Liveness checking is unaffected. Please report a bug.)
@!@!@ENDMSG 2776 @!@!@
@!@!@STARTMSG 2776:0 @!@!@
CostModel lookup failed for expression <line 120, col 69 to line 120, col 97 of module pipeline_exec_ooo>. Reporting costs into <line 9, col 115 to line 9, col 120 of module pipeline_exec_ooo> instead (Safety and Liveness checking is unaffected. Please report a bug.)
@!@!@ENDMSG 2776 @!@!@
@!@!@STARTMSG 2776:0 @!@!@
CostModel lookup failed for expression <line 120, col 69 to line 120, col 80 of module pipeline_exec_ooo>. Reporting costs into <line 9, col 115 to line 9, col 120 of module pipeline_exec_ooo> instead (Safety and Liveness checking is unaffected. Please report a bug.)
@!@!@ENDMSG 2776 @!@!@
@!@!@STARTMSG 2776:0 @!@!@
CostModel lookup failed for expression <line 120, col 69 to line 120, col 76 of module pipeline_exec_ooo>. Reporting costs into <line 9, col 115 to line 9, col 120 of module pipeline_exec_ooo> instead (Safety and Liveness checking is unaffected. Please report a bug.)
@!@!@ENDMSG 2776 @!@!@
@!@!@STARTMSG 2776:0 @!@!@
CostModel lookup failed for expression <line 120, col 75 to line 120, col 75 of module pipeline_exec_ooo>. Reporting costs into <line 9, col 115 to line 9, col 120 of module pipeline_exec_ooo> instead (Safety and Liveness checking is unaffected. Please report a bug.)
@!@!@ENDMSG 2776 @!@!@
@!@!@STARTMSG 2776:0 @!@!@
CostModel lookup failed for expression <line 120, col 85 to line 120, col 97 of module pipeline_exec_ooo>. Reporting costs into <line 9, col 115 to line 9, col 120 of module pipeline_exec_ooo> instead (Safety and Liveness checking is unaffected. Please report a bug.)
@!@!@ENDMSG 2776 @!@!@
@!@!@STARTMSG 2776:0 @!@!@
CostModel lookup failed for expression <line 120, col 89 to line 120, col 96 of module pipeline_exec_ooo>. Reporting costs into <line 9, col 115 to line 9, col 120 of module pipeline_exec_ooo> instead (Safety and Liveness checking is unaffected. Please report a bug.)
@!@!@ENDMSG 2776 @!@!@
@!@!@STARTMSG 2776:0 @!@!@
CostModel lookup failed for expression <line 117, col 54 to line 117, col 135 of module pipeline_exec_ooo>. Reporting costs into <line 9, col 115 to line 9, col 120 of module pipeline_exec_ooo> instead (Safety and Liveness checking is unaffected. Please report a bug.)
@!@!@ENDMSG 2776 @!@!@
@!@!@STARTMSG 2776:0 @!@!@
CostModel lookup failed for expression <line 117, col 57 to line 117, col 84 of module pipeline_exec_ooo>. Reporting costs into <line 9, col 115 to line 9, col 120 of module pipeline_exec_ooo> instead (Safety and Liveness checking is unaffected. Please report a bug.)
@!@!@ENDMSG 2776 @!@!@
@!@!@STARTMSG 2776:0 @!@!@
CostModel lookup failed for expression <line 117, col 57 to line 117, col 69 of module pipeline_exec_ooo>. Reporting costs into <line 9, col 115 to line 9, col 120 of module pipeline_exec_ooo> instead (Safety and Liveness checking is unaffected. Please report a bug.)
@!@!@ENDMSG 2776 @!@!@
@!@!@STARTMSG 2776:0 @!@!@
CostModel lookup failed for expression <line 117, col 57 to line 117, col 64 of module pipeline_exec_ooo>. Reporting costs into <line 9, col 115 to line 9, col 120 of module pipeline_exec_ooo> instead (Safety and Liveness checking is unaffected. Please report a bug.)
@!@!@ENDMSG 2776 @!@!@
@!@!@STARTMSG 2776:0 @!@!@
CostModel lookup failed for expression <line 117, col 63 to line 117, col 63 of module pipeline_exec_ooo>. Reporting costs into <line 9, col 115 to line 9, col 120 of module pipeline_exec_ooo> instead (Safety and Liveness checking is unaffected. Please report a bug.)
@!@!@ENDMSG 2776 @!@!@
@!@!@STARTMSG 2776:0 @!@!@
CostModel lookup failed for expression <line 117, col 75 to line 117, col 84 of module pipeline_exec_ooo>. Reporting costs into <line 9, col 115 to line 9, col 120 of module pipeline_exec_ooo> instead (Safety and Liveness checking is unaffected. Please report a bug.)
@!@!@ENDMSG 2776 @!@!@
@!@!@STARTMSG 2776:0 @!@!@
CostModel lookup failed for expression <line 117, col 82 to line 117, col 84 of module pipeline_exec_ooo>. Reporting costs into <line 9, col 115 to line 9, col 120 of module pipeline_exec_ooo> instead (Safety and Liveness checking is unaffected. Please report a bug.)
@!@!@ENDMSG 2776 @!@!@
@!@!@STARTMSG 2776:0 @!@!@
CostModel lookup failed for expression <line 117, col 91 to line 117, col 108 of module pipeline_exec_ooo>. Reporting costs into <line 9, col 115 to line 9, col 120 of module pipeline_exec_ooo> instead (Safety and Liveness checking is unaffected. Please report a bug.)
@!@!@ENDMSG 2776 @!@!@
@!@!@STARTMSG 2776:0 @!@!@
CostModel lookup failed for expression <line 117, col 91 to line 117, col 93 of module pipeline_exec_ooo>. Reporting costs into <line 9, col 115 to line 9, col 120 of module pipeline_exec_ooo> instead (Safety and Liveness checking is unaffected. Please report a bug.)
@!@!@ENDMSG 2776 @!@!@
@!@!@STARTMSG 2776:0 @!@!@
CostModel lookup failed for expression <line 117, col 95 to line 117, col 107 of module pipeline_exec_ooo>. Reporting costs into <line 9, col 115 to line 9, col 120 of module pipeline_exec_ooo> instead (Safety and Liveness checking is unaffected. Please report a bug.)
@!@!@ENDMSG 2776 @!@!@
@!@!@STARTMSG 2776:0 @!@!@
CostModel lookup failed for expression <line 117, col 95 to line 117, col 102 of module pipeline_exec_ooo>. Reporting costs into <line 9, col 115 to line 9, col 120 of module pipeline_exec_ooo> instead (Safety and Liveness checking is unaffected. Please report a bug.)
@!@!@ENDMSG 2776 @!@!@
@!@!@STARTMSG 2776:0 @!@!@
CostModel lookup failed for expression <line 117, col 101 to line 117, col 101 of module pipeline_exec_ooo>. Reporting costs into <line 9, col 115 to line 9, col 120 of module pipeline_exec_ooo> instead (Safety and Liveness checking is unaffected. Please report a bug.)
@!@!@ENDMSG 2776 @!@!@
@!@!@STARTMSG 2776:0 @!@!@
CostModel lookup failed for expression <line 60, col 53 to line 60, col 153 of module pipeline_exec_ooo>. Reporting costs into <line 9, col 54 to line 9, col 59 of module pipeline_exec_ooo> instead (Safety and Liveness checking is unaffected. Please report a bug.)
@!@!@ENDMSG 2776 @!@!@
@!@!@STARTMSG 2776:0 @!@!@
CostModel lookup failed for expression <line 60, col 66 to line 60, col 88 of module pipeline_exec_ooo>. Reporting costs into <line 9, col 54 to line 9, col 59 of module pipeline_exec_ooo> instead (Safety and Liveness checking is unaffected. Please report a bug.)
@!@!@ENDMSG 2776 @!@!@
@!@!@STARTMSG 2776:0 @!@!@
CostModel lookup failed for expression <line 60, col 66 to line 60, col 72 of module pipeline_exec_ooo>. Reporting costs into <line 9, col 54 to line 9, col 59 of module pipeline_exec_ooo> instead (Safety and Liveness checking is unaffected. Please report a bug.)
@!@!@ENDMSG 2776 @!@!@
@!@!@STARTMSG 2776:0 @!@!@
CostModel lookup failed for expression <line 60, col 75 to line 60, col 88 of module pipeline_exec_ooo>. Reporting costs into <line 9, col 54 to line 9, col 59 of module pipeline_exec_ooo> instead (Safety and Liveness checking is unaffected. Please report a bug.)
@!@!@ENDMSG 2776 @!@!@
@!@!@STARTMSG 2776:0 @!@!@
CostModel lookup failed for expression <line 60, col 75 to line 60, col 86 of module pipeline_exec_ooo>. Reporting costs into <line 9, col 54 to line 9, col 59 of module pipeline_exec_ooo> instead (Safety and Liveness checking is unaffected. Please report a bug.)
@!@!@ENDMSG 2776 @!@!@
@!@!@STARTMSG 2776:0 @!@!@
CostModel lookup failed for expression <line 60, col 85 to line 60, col 85 of module pipeline_exec_ooo>. Reporting costs into <line 9, col 54 to line 9, col 59 of module pipeline_exec_ooo> instead (Safety and Liveness checking is unaffected. Please report a bug.)
@!@!@ENDMSG 2776 @!@!@
@!@!@STARTMSG 2776:0 @!@!@
CostModel lookup failed for expression <line 41, col 21 to line 41, col 73 of module pipeline_exec_ooo>. Reporting costs into <line 9, col 54 to line 9, col 59 of module pipeline_exec_ooo> instead (Safety and Liveness checking is unaffected. Please report a bug.)
@!@!@ENDMSG 2776 @!@!@
@!@!@STARTMSG 2776:0 @!@!@
CostModel lookup failed for expression <line 41, col 34 to line 41, col 50 of module pipeline_exec_ooo>. Reporting costs into <line 9, col 54 to line 9, col 59 of module pipeline_exec_ooo> instead (Safety and Liveness checking is unaffected. Please report a bug.)
@!@!@ENDMSG 2776 @!@!@
@!@!@STARTMSG 2776:0 @!@!@
CostModel lookup failed for expression <line 41, col 34 to line 41, col 40 of module pipeline_exec_ooo>. Reporting costs into <line 9, col 54 to line 9, col 59 of module pipeline_exec_ooo> instead (Safety and Liveness checking is unaffected. Please report a bug.)
@!@!@ENDMSG 2776 @!@!@
@!@!@STARTMSG 2776:0 @!@!@
CostModel lookup failed for expression <line 41, col 43 to line 41, col 50 of module pipeline_exec_ooo>. Reporting costs into <line 9, col 54 to line 9, col 59 of module pipeline_exec_ooo> instead (Safety and Liveness checking is unaffected. Please report a bug.)
@!@!@ENDMSG 2776 @!@!@
@!@!@STARTMSG 2776:0 @!@!@
CostModel lookup failed for expression <line 41, col 47 to line 41, col 49 of module pipeline_exec_ooo>. Reporting costs into <line 9, col 54 to line 9, col 59 of module pipeline_exec_ooo> instead (Safety and Liveness checking is unaffected. Please report a bug.)
@!@!@ENDMSG 2776 @!@!@
@!@!@STARTMSG 2776:0 @!@!@
CostModel lookup failed for expression <line 41, col 54 to line 41, col 73 of module pipeline_exec_ooo>. Reporting costs into <line 9, col 54 to line 9, col 59 of module pipeline_exec_ooo> instead (Safety and Liveness checking is unaffected. Please report a bug.)
@!@!@ENDMSG 2776 @!@!@
@!@!@STARTMSG 2776:0 @!@!@
CostModel lookup failed for expression <line 41, col 54 to line 41, col 65 of module pipeline_exec_ooo>. Reporting costs into <line 9, col 54 to line 9, col 59 of module pipeline_exec_ooo> instead (Safety and Liveness checking is unaffected. Please report a bug.)
@!@!@ENDMSG 2776 @!@!@
@!@!@STARTMSG 2776:0 @!@!@
CostModel lookup failed for expression <line 41, col 54 to line 41, col 59 of module pipeline_exec_ooo>. Reporting costs into <line 9, col 54 to line 9, col 59 of module pipeline_exec_ooo> instead (Safety and Liveness checking is unaffected. Please report a bug.)
@!@!@ENDMSG 2776 @!@!@
@!@!@STARTMSG 2776:0 @!@!@
CostModel lookup failed for expression <line 41, col 54 to line 41, col 56 of module pipeline_exec_ooo>. Reporting costs into <line 9, col 54 to line 9, col 59 of module pipeline_exec_ooo> instead (Safety and Liveness checking is unaffected. Please report a bug.)
@!@!@ENDMSG 2776 @!@!@
@!@!@STARTMSG 2776:0 @!@!@
CostModel lookup failed for expression <line 41, col 58 to line 41, col 58 of module pipeline_exec_ooo>. Reporting costs into <line 9, col 54 to line 9, col 59 of module pipeline_exec_ooo> instead (Safety and Liveness checking is unaffected. Please report a bug.)
@!@!@ENDMSG 2776 @!@!@
@!@!@STARTMSG 2776:0 @!@!@
CostModel lookup failed for expression <line 41, col 69 to line 41, col 73 of module pipeline_exec_ooo>. Reporting costs into <line 9, col 54 to line 9, col 59 of module pipeline_exec_ooo> instead (Safety and Liveness checking is unaffected. Please report a bug.)
@!@!@ENDMSG 2776 @!@!@
@!@!@STARTMSG 2776:0 @!@!@
CostModel lookup failed for expression <line 60, col 91 to line 60, col 153 of module pipeline_exec_ooo>. Reporting costs into <line 9, col 54 to line 9, col 59 of module pipeline_exec_ooo> instead (Safety and Liveness checking is unaffected. Please report a bug.)
@!@!@ENDMSG 2776 @!@!@
@!@!@STARTMSG 2776:0 @!@!@
CostModel lookup failed for expression <line 60, col 91 to line 60, col 135 of module pipeline_exec_ooo>. Reporting costs into <line 9, col 54 to line 9, col 59 of module pipeline_exec_ooo> instead (Safety and Liveness checking is unaffected. Please report a bug.)
@!@!@ENDMSG 2776 @!@!@
@!@!@STARTMSG 2776:0 @!@!@
CostModel lookup failed for expression <line 60, col 91 to line 60, col 109 of module pipeline_exec_ooo>. Reporting costs into <line 9, col 54 to line 9, col 59 of module pipeline_exec_ooo> instead (Safety and Liveness checking is unaffected. Please report a bug.)
@!@!@ENDMSG 2776 @!@!@
@!@!@STARTMSG 2776:0 @!@!@
CostModel lookup failed for expression <line 60, col 91 to line 60, col 106 of module pipeline_exec_ooo>. Reporting costs into <line 9, col 54 to line 9, col 59 of module pipeline_exec_ooo> instead (Safety and Liveness checking is unaffected. Please report a bug.)
@!@!@ENDMSG 2776 @!@!@
@!@!@STARTMSG 2776:0 @!@!@
CostModel lookup failed for expression <line 60, col 91 to line 60, col 100 of module pipeline_exec_ooo>. Reporting costs into <line 9, col 54 to line 9, col 59 of module pipeline_exec_ooo> instead (Safety and Liveness checking is unaffected. Please report a bug.)
@!@!@ENDMSG 2776 @!@!@
@!@!@STARTMSG 2776:0 @!@!@
CostModel lookup failed for expression <line 60, col 91 to line 60, col 93 of module pipeline_exec_ooo>. Reporting costs into <line 9, col 54 to line 9, col 59 of module pipeline_exec_ooo> instead (Safety and Liveness checking is unaffected. Please report a bug.)
@!@!@ENDMSG 2776 @!@!@
@!@!@STARTMSG 2776:0 @!@!@
CostModel lookup failed for expression <line 60, col 95 to line 60, col 99 of module pipeline_exec_ooo>. Reporting costs into <line 9, col 54 to line 9, col 59 of module pipeline_exec_ooo> instead (Safety and Liveness checking is unaffected. Please report a bug.)
@!@!@ENDMSG 2776 @!@!@
@!@!@STARTMSG 2776:0 @!@!@
CostModel lookup failed for expression <line 60, col 115 to line 60, col 135 of module pipeline_exec_ooo>. Reporting costs into <line 9, col 54 to line 9, col 59 of module pipeline_exec_ooo> instead (Safety and Liveness checking is unaffected. Please report a bug.)
@!@!@ENDMSG 2776 @!@!@
@!@!@STARTMSG 2776:0 @!@!@
CostModel lookup failed for expression <line 60, col 115 to line 60, col 128 of module pipeline_exec_ooo>. Reporting costs into <line 9, col 54 to line 9, col 59 of module pipeline_exec_ooo> instead (Safety and Liveness checking is unaffected. Please report a bug.)
@!@!@ENDMSG 2776 @!@!@
@!@!@STARTMSG 2776:0 @!@!@
CostModel lookup failed for expression <line 60, col 117 to line 60, col 120 of module pipeline_exec_ooo>. Reporting costs into <line 9, col 54 to line 9, col 59 of module pipeline_exec_ooo> instead (Safety and Liveness checking is unaffected. Please report a bug.)
@!@!@ENDMSG 2776 @!@!@
@!@!@STARTMSG 2776:0 @!@!@
CostModel lookup failed for expression <line 60, col 117 to line 60, col 117 of module pipeline_exec_ooo>. Reporting costs into <line 9, col 54 to line 9, col 59 of module pipeline_exec_ooo> instead (Safety and Liveness checking is unaffected. Please report a bug.)
@!@!@ENDMSG 2776 @!@!@
@!@!@STARTMSG 2776:0 @!@!@
CostModel lookup failed for expression <line 60, col 123 to line 60, col 126 of module pipeline_exec_ooo>. Reporting costs into <line 9, col 54 to line 9, col 59 of module pipeline_exec_ooo> instead (Safety and Liveness checking is unaffected. Please report a bug.)
@!@!@ENDMSG 2776 @!@!@
@!@!@STARTMSG 2776:0 @!@!@
CostModel lookup failed for expression <line 60, col 123 to line 60, col 123 of module pipeline_exec_ooo>. Reporting costs into <line 9, col 54 to line 9, col 59 of module pipeline_exec_ooo> instead (Safety and Liveness checking is unaffected. Please report a bug.)
@!@!@ENDMSG 2776 @!@!@
@!@!@STARTMSG 2776:0 @!@!@
CostModel lookup failed for expression <line 60, col 132 to line 60, col 135 of module pipeline_exec_ooo>. Reporting costs into <line 9, col 54 to line 9, col 59 of module pipeline_exec_ooo> instead (Safety and Liveness checking is unaffected. Please report a bug.)
@!@!@ENDMSG 2776 @!@!@
@!@!@STARTMSG 2776:0 @!@!@
CostModel lookup failed for expression <line 60, col 140 to line 60, col 153 of module pipeline_exec_ooo>. Reporting costs into <line 9, col 54 to line 9, col 59 of module pipeline_exec_ooo> instead (Safety and Liveness checking is unaffected. Please report a bug.)
@!@!@ENDMSG 2776 @!@!@
@!@!@STARTMSG 2776:0 @!@!@
CostModel lookup failed for expression <line 60, col 140 to line 60, col 144 of module pipeline_exec_ooo>. Reporting costs into <line 9, col 54 to line 9, col 59 of module pipeline_exec_ooo> instead (Safety and Liveness checking is unaffected. Please report a bug.)
@!@!@ENDMSG 2776 @!@!@
@!@!@STARTMSG 2776:0 @!@!@
CostModel lookup failed for expression <line 60, col 150 to line 60, col 153 of module pipeline_exec_ooo>. Reporting costs into <line 9, col 54 to line 9, col 59 of module pipeline_exec_ooo> instead (Safety and Liveness checking is unaffected. Please report a bug.)
@!@!@ENDMSG 2776 @!@!@
@!@!@STARTMSG 2776:0 @!@!@
CostModel lookup failed for expression <line 30, col 9 to line 31, col 102 of module pipeline_exec_ooo>. Reporting costs into <line 9, col 54 to line 9, col 59 of module pipeline_exec_ooo> instead (Safety and Liveness checking is unaffected. Please report a bug.)
@!@!@ENDMSG 2776 @!@!@
@!@!@STARTMSG 2776:0 @!@!@
CostModel lookup failed for expression <line 30, col 17 to line 30, col 33 of module pipeline_exec_ooo>. Reporting costs into <line 9, col 54 to line 9, col 59 of module pipeline_exec_ooo> instead (Safety and Liveness checking is unaffected. Please report a bug.)
@!@!@ENDMSG 2776 @!@!@
@!@!@STARTMSG 2776:0 @!@!@
CostModel lookup failed for expression <line 30, col 17 to line 30, col 23 of module pipeline_exec_ooo>. Reporting costs into <line 9, col 54 to line 9, col 59 of module pipeline_exec_ooo> instead (Safety and Liveness checking is unaffected. Please report a bug.)
@!@!@ENDMSG 2776 @!@!@
@!@!@STARTMSG 2776:0 @!@!@
CostModel lookup failed for expression <line 30, col 26 to line 30, col 33 of module pipeline_exec_ooo>. Reporting costs into <line 9, col 54 to line 9, col 59 of module pipeline_exec_ooo> instead (Safety and Liveness checking is unaffected. Please report a bug.)
@!@!@ENDMSG 2776 @!@!@
@!@!@STARTMSG 2776:0 @!@!@
CostModel lookup failed for expression <line 30, col 30 to line 30, col 32 of module pipeline_exec_ooo>. Reporting costs into <line 9, col 54 to line 9, col 59 of module pipeline_exec_ooo> instead (Safety and Liveness checking is unaffected. Please report a bug.)
@!@!@ENDMSG 2776 @!@!@
@!@!@STARTMSG 2776:0 @!@!@
CostModel lookup failed for expression <line 30, col 36 to line 31, col 100 of module pipeline_exec_ooo>. Reporting costs into <line 9, col 54 to line 9, col 59 of module pipeline_exec_ooo> instead (Safety and Liveness checking is unaffected. Please report a bug.)
@!@!@ENDMSG 2776 @!@!@
@!@!@STARTMSG 2776:0 @!@!@
CostModel lookup failed for expression <line 30, col 39 to line 30, col 53 of module pipeline_exec_ooo>. Reporting costs into <line 9, col 54 to line 9, col 59 of module pipeline_exec_ooo> instead (Safety and Liveness checking is unaffected. Please report a bug.)
@!@!@ENDMSG 2776 @!@!@
@!@!@STARTMSG 2776:0 @!@!@
CostModel lookup failed for expression <line 30, col 39 to line 30, col 44 of module pipeline_exec_ooo>. Reporting costs into <line 9, col 54 to line 9, col 59 of module pipeline_exec_ooo> instead (Safety and Liveness checking is unaffected. Please report a bug.)
@!@!@ENDMSG 2776 @!@!@
@!@!@STARTMSG 2776:0 @!@!@
CostModel lookup failed for expression <line 30, col 39 to line 30, col 41 of module pipeline_exec_ooo>. Reporting costs into <line 9, col 54 to line 9, col 59 of module pipeline_exec_ooo> instead (Safety and Liveness checking is unaffected. Please report a bug.)
@!@!@ENDMSG 2776 @!@!@
@!@!@STARTMSG 2776:0 @!@!@
CostModel lookup failed for expression <line 30, col 43 to line 30, col 43 of module pipeline_exec_ooo>. Reporting costs into <line 9, col 54 to line 9, col 59 of module pipeline_exec_ooo> instead (Safety and Liveness checking is unaffected. Please report a bug.)
@!@!@ENDMSG 2776 @!@!@
@!@!@STARTMSG 2776:0 @!@!@
CostModel lookup failed for expression <line 31, col 39 to line 31, col 100 of module pipeline_exec_ooo>. Reporting costs into <line 9, col 54 to line 9, col 59 of module pipeline_exec_ooo> instead (Safety and Liveness checking is unaffected. Please report a bug.)
@!@!@ENDMSG 2776 @!@!@
@!@!@STARTMSG 2776:0 @!@!@
CostModel lookup failed for expression <line 31, col 48 to line 31, col 54 of module pipeline_exec_ooo>. Reporting costs into <line 9, col 54 to line 9, col 59 of module pipeline_exec_ooo> instead (Safety and Liveness checking is unaffected. Please report a bug.)
@!@!@ENDMSG 2776 @!@!@
@!@!@STARTMSG 2776:0 @!@!@
CostModel lookup failed for expression <line 31, col 51 to line 31, col 54 of module pipeline_exec_ooo>. Reporting costs into <line 9, col 54 to line 9, col 59 of module pipeline_exec_ooo> instead (Safety and Liveness checking is unaffected. Please report a bug.)
@!@!@ENDMSG 2776 @!@!@
@!@!@STARTMSG 2776:0 @!@!@
CostModel lookup failed for expression <line 31, col 57 to line 31, col 100 of module pipeline_exec_ooo>. Reporting costs into <line 9, col 54 to line 9, col 59 of module pipeline_exec_ooo> instead (Safety and Liveness checking is unaffected. Please report a bug.)
@!@!@ENDMSG 2776 @!@!@
@!@!@STARTMSG 2776:0 @!@!@
CostModel lookup failed for expression <line 31, col 57 to line 31, col 83 of module pipeline_exec_ooo>. Reporting costs into <line 9, col 54 to line 9, col 59 of module pipeline_exec_ooo> instead (Safety and Liveness checking is unaffected. Please report a bug.)
@!@!@ENDMSG 2776 @!@!@
@!@!@STARTMSG 2776:0 @!@!@
CostModel lookup failed for expression <line 31, col 57 to line 31, col 68 of module pipeline_exec_ooo>. Reporting costs into <line 9, col 54 to line 9, col 59 of module pipeline_exec_ooo> instead (Safety and Liveness checking is unaffected. Please report a bug.)
@!@!@ENDMSG 2776 @!@!@
@!@!@STARTMSG 2776:0 @!@!@
CostModel lookup failed for expression <line 31, col 57 to line 31, col 62 of module pipeline_exec_ooo>. Reporting costs into <line 9, col 54 to line 9, col 59 of module pipeline_exec_ooo> instead (Safety and Liveness checking is unaffected. Please report a bug.)
@!@!@ENDMSG 2776 @!@!@
@!@!@STARTMSG 2776:0 @!@!@
CostModel lookup failed for expression <line 31, col 57 to line 31, col 59 of module pipeline_exec_ooo>. Reporting costs into <line 9, col 54 to line 9, col 59 of module pipeline_exec_ooo> instead (Safety and Liveness checking is unaffected. Please report a bug.)
@!@!@ENDMSG 2776 @!@!@
@!@!@STARTMSG 2776:0 @!@!@
CostModel lookup failed for expression <line 31, col 61 to line 31, col 61 of module pipeline_exec_ooo>. Reporting costs into <line 9, col 54 to line 9, col 59 of module pipeline_exec_ooo> instead (Safety and Liveness checking is unaffected. Please report a bug.)
@!@!@ENDMSG 2776 @!@!@
@!@!@STARTMSG 2776:0 @!@!@
CostModel lookup failed for expression <line 31, col 72 to line 31, col 83 of module pipeline_exec_ooo>. Reporting costs into <line 9, col 54 to line 9, col 59 of module pipeline_exec_ooo> instead (Safety and Liveness checking is unaffected. Please report a bug.)
@!@!@ENDMSG 2776 @!@!@
@!@!@STARTMSG 2776:0 @!@!@
CostModel lookup failed for expression <line 31, col 72 to line 31, col 77 of module pipeline_exec_ooo>. Reporting costs into <line 9, col 54 to line 9, col 59 of module pipeline_exec_ooo> instead (Safety and Liveness checking is unaffected. Please report a bug.)
@!@!@ENDMSG 2776 @!@!@
@!@!@STARTMSG 2776:0 @!@!@
CostModel lookup failed for expression <line 31, col 72 to line 31, col 74 of module pipeline_exec_ooo>. Reporting costs into <line 9, col 54 to line 9, col 59 of module pipeline_exec_ooo> instead (Safety and Liveness checking is unaffected. Please report a bug.)
@!@!@ENDMSG 2776 @!@!@
@!@!@STARTMSG 2776:0 @!@!@
CostModel lookup failed for expression <line 31, col 76 to line 31, col 76 of module pipeline_exec_ooo>. Reporting costs into <line 9, col 54 to line 9, col 59 of module pipeline_exec_ooo> instead (Safety and Liveness checking is unaffected. Please report a bug.)
@!@!@ENDMSG 2776 @!@!@
@!@!@STARTMSG 2776:0 @!@!@
CostModel lookup failed for expression <line 31, col 88 to line 31, col 100 of module pipeline_exec_ooo>. Reporting costs into <line 9, col 54 to line 9, col 59 of module pipeline_exec_ooo> instead (Safety and Liveness checking is unaffected. Please report a bug.)
@!@!@ENDMSG 2776 @!@!@
@!@!@STARTMSG 2776:0 @!@!@
CostModel lookup failed for expression <line 31, col 89 to line 31, col 100 of module pipeline_exec_ooo>. Reporting costs into <line 9, col 54 to line 9, col 59 of module pipeline_exec_ooo> instead (Safety and Liveness checking is unaffected. Please report a bug.)
@!@!@ENDMSG 2776 @!@!@
@!@!@STARTMSG 2776:0 @!@!@
CostModel lookup failed for expression <line 31, col 99 to line 31, col 99 of module pipeline_exec_ooo>. Reporting costs into <line 9, col 54 to line 9, col 59 of module pipeline_exec_ooo> instead (Safety and Liveness checking is unaffected. Please report a bug.)
@!@!@ENDMSG 2776 @!@!@
@!@!@STARTMSG 2776:0 @!@!@
CostModel lookup failed for expression <line 59, col 41 to line 59, col 52 of module pipeline_exec_ooo>. Reporting costs into <line 9, col 54 to line 9, col 59 of module pipeline_exec_ooo> instead (Safety and Liveness checking is unaffected. Please report a bug.)
@!@!@ENDMSG 2776 @!@!@
@!@!@STARTMSG 2776:0 @!@!@
CostModel lookup failed for expression <line 59, col 51 to line 59, col 51 of module pipeline_exec_ooo>. Reporting costs into <line 9, col 54 to line 9, col 59 of module pipeline_exec_ooo> instead (Safety and Liveness checking is unaffected. Please report a bug.)
@!@!@ENDMSG 2776 @!@!@
@!@!@STARTMSG 2776:0 @!@!@
CostModel lookup failed for expression <line 8, col 33 to line 8, col 68 of module instructions_ooo>. Reporting costs into <line 9, col 54 to line 9, col 59 of module pipeline_exec_ooo> instead (Safety and Liveness checking is unaffected. Please report a bug.)
@!@!@ENDMSG 2776 @!@!@
@!@!@STARTMSG 2776:0 @!@!@
CostModel lookup failed for expression <line 8, col 46 to line 8, col 46 of module instructions_ooo>. Reporting costs into <line 9, col 54 to line 9, col 59 of module pipeline_exec_ooo> instead (Safety and Liveness checking is unaffected. Please report a bug.)
@!@!@ENDMSG 2776 @!@!@
@!@!@STARTMSG 2776:0 @!@!@
CostModel lookup failed for expression <line 8, col 50 to line 8, col 68 of module instructions_ooo>. Reporting costs into <line 9, col 54 to line 9, col 59 of module pipeline_exec_ooo> instead (Safety and Liveness checking is unaffected. Please report a bug.)
@!@!@ENDMSG 2776 @!@!@
@!@!@STARTMSG 2776:0 @!@!@
CostModel lookup failed for expression <line 8, col 59 to line 8, col 59 of module instructions_ooo>. Reporting costs into <line 9, col 54 to line 9, col 59 of module pipeline_exec_ooo> instead (Safety and Liveness checking is unaffected. Please report a bug.)
@!@!@ENDMSG 2776 @!@!@
@!@!@STARTMSG 2776:0 @!@!@
CostModel lookup failed for expression <line 8, col 63 to line 8, col 68 of module instructions_ooo>. Reporting costs into <line 9, col 54 to line 9, col 59 of module pipeline_exec_ooo> instead (Safety and Liveness checking is unaffected. Please report a bug.)
@!@!@ENDMSG 2776 @!@!@
@!@!@STARTMSG 2776:0 @!@!@
CostModel lookup failed for expression <line 8, col 63 to line 8, col 63 of module instructions_ooo>. Reporting costs into <line 9, col 54 to line 9, col 59 of module pipeline_exec_ooo> instead (Safety and Liveness checking is unaffected. Please report a bug.)
@!@!@ENDMSG 2776 @!@!@
@!@!@STARTMSG 2776:0 @!@!@
CostModel lookup failed for expression <line 8, col 68 to line 8, col 68 of module instructions_ooo>. Reporting costs into <line 9, col 54 to line 9, col 59 of module pipeline_exec_ooo> instead (Safety and Liveness checking is unaffected. Please report a bug.)
@!@!@ENDMSG 2776 @!@!@
@!@!@STARTMSG 2776:0 @!@!@
CostModel lookup failed for expression <line 72, col 22 to line 72, col 42 of module pipeline_exec_ooo>. Reporting costs into <line 9, col 54 to line 9, col 59 of module pipeline_exec_ooo> instead (Safety and Liveness checking is unaffected. Please report a bug.)
@!@!@ENDMSG 2776 @!@!@
@!@!@STARTMSG 2776:0 @!@!@
CostModel lookup failed for expression <line 72, col 22 to line 72, col 36 of module pipeline_exec_ooo>. Reporting costs into <line 9, col 54 to line 9, col 59 of module pipeline_exec_ooo> instead (Safety and Liveness checking is unaffected. Please report a bug.)
@!@!@ENDMSG 2776 @!@!@
@!@!@STARTMSG 2776:0 @!@!@
CostModel lookup failed for expression <line 72, col 22 to line 72, col 24 of module pipeline_exec_ooo>. Reporting costs into <line 9, col 54 to line 9, col 59 of module pipeline_exec_ooo> instead (Safety and Liveness checking is unaffected. Please report a bug.)
@!@!@ENDMSG 2776 @!@!@
@!@!@STARTMSG 2776:0 @!@!@
CostModel lookup failed for expression <line 72, col 26 to line 72, col 35 of module pipeline_exec_ooo>. Reporting costs into <line 9, col 54 to line 9, col 59 of module pipeline_exec_ooo> instead (Safety and Liveness checking is unaffected. Please report a bug.)
@!@!@ENDMSG 2776 @!@!@
@!@!@STARTMSG 2776:0 @!@!@
CostModel lookup failed for expression <line 117, col 54 to line 117, col 135 of module pipeline_exec_ooo>. Reporting costs into <line 9, col 54 to line 9, col 59 of module pipeline_exec_ooo> instead (Safety and Liveness checking is unaffected. Please report a bug.)
@!@!@ENDMSG 2776 @!@!@
@!@!@STARTMSG 2776:0 @!@!@
CostModel lookup failed for expression <line 117, col 57 to line 117, col 84 of module pipeline_exec_ooo>. Reporting costs into <line 9, col 54 to line 9, col 59 of module pipeline_exec_ooo> instead (Safety and Liveness checking is unaffected. Please report a bug.)
@!@!@ENDMSG 2776 @!@!@
@!@!@STARTMSG 2776:0 @!@!@
CostModel lookup failed for expression <line 117, col 57 to line 117, col 69 of module pipeline_exec_ooo>. Reporting costs into <line 9, col 54 to line 9, col 59 of module pipeline_exec_ooo> instead (Safety and Liveness checking is unaffected. Please report a bug.)
@!@!@ENDMSG 2776 @!@!@
@!@!@STARTMSG 2776:0 @!@!@
CostModel lookup failed for expression <line 117, col 57 to line 117, col 64 of module pipeline_exec_ooo>. Reporting costs into <line 9, col 54 to line 9, col 59 of module pipeline_exec_ooo> instead (Safety and Liveness checking is unaffected. Please report a bug.)
@!@!@ENDMSG 2776 @!@!@
@!@!@STARTMSG 2776:0 @!@!@
CostModel lookup failed for expression <line 117, col 63 to line 117, col 63 of module pipeline_exec_ooo>. Reporting costs into <line 9, col 54 to line 9, col 59 of module pipeline_exec_ooo> instead (Safety and Liveness checking is unaffected. Please report a bug.)
@!@!@ENDMSG 2776 @!@!@
@!@!@STARTMSG 2776:0 @!@!@
CostModel lookup failed for expression <line 117, col 75 to line 117, col 84 of module pipeline_exec_ooo>. Reporting costs into <line 9, col 54 to line 9, col 59 of module pipeline_exec_ooo> instead (Safety and Liveness checking is unaffected. Please report a bug.)
@!@!@ENDMSG 2776 @!@!@
@!@!@STARTMSG 2776:0 @!@!@
CostModel lookup failed for expression <line 117, col 82 to line 117, col 84 of module pipeline_exec_ooo>. Reporting costs into <line 9, col 54 to line 9, col 59 of module pipeline_exec_ooo> instead (Safety and Liveness checking is unaffected. Please report a bug.)
@!@!@ENDMSG 2776 @!@!@
@!@!@STARTMSG 2776:0 @!@!@
CostModel lookup failed for expression <line 117, col 91 to line 117, col 108 of module pipeline_exec_ooo>. Reporting costs into <line 9, col 54 to line 9, col 59 of module pipeline_exec_ooo> instead (Safety and Liveness checking is unaffected. Please report a bug.)
@!@!@ENDMSG 2776 @!@!@
@!@!@STARTMSG 2776:0 @!@!@
CostModel lookup failed for expression <line 117, col 91 to line 117, col 93 of module pipeline_exec_ooo>. Reporting costs into <line 9, col 54 to line 9, col 59 of module pipeline_exec_ooo> instead (Safety and Liveness checking is unaffected. Please report a bug.)
@!@!@ENDMSG 2776 @!@!@
@!@!@STARTMSG 2776:0 @!@!@
CostModel lookup failed for expression <line 117, col 95 to line 117, col 107 of module pipeline_exec_ooo>. Reporting costs into <line 9, col 54 to line 9, col 59 of module pipeline_exec_ooo> instead (Safety and Liveness checking is unaffected. Please report a bug.)
@!@!@ENDMSG 2776 @!@!@
@!@!@STARTMSG 2776:0 @!@!@
CostModel lookup failed for expression <line 117, col 95 to line 117, col 102 of module pipeline_exec_ooo>. Reporting costs into <line 9, col 54 to line 9, col 59 of module pipeline_exec_ooo> instead (Safety and Liveness checking is unaffected. Please report a bug.)
@!@!@ENDMSG 2776 @!@!@
@!@!@STARTMSG 2776:0 @!@!@
CostModel lookup failed for expression <line 117, col 101 to line 117, col 101 of module pipeline_exec_ooo>. Reporting costs into <line 9, col 54 to line 9, col 59 of module pipeline_exec_ooo> instead (Safety and Liveness checking is unaffected. Please report a bug.)
@!@!@ENDMSG 2776 @!@!@
@!@!@STARTMSG 2776:0 @!@!@
CostModel lookup failed for expression <line 67, col 96 to line 67, col 158 of module pipeline_exec_ooo>. Reporting costs into <line 9, col 115 to line 9, col 120 of module pipeline_exec_ooo> instead (Safety and Liveness checking is unaffected. Please report a bug.)
@!@!@ENDMSG 2776 @!@!@
@!@!@STARTMSG 2776:0 @!@!@
CostModel lookup failed for expression <line 67, col 96 to line 67, col 140 of module pipeline_exec_ooo>. Reporting costs into <line 9, col 115 to line 9, col 120 of module pipeline_exec_ooo> instead (Safety and Liveness checking is unaffected. Please report a bug.)
@!@!@ENDMSG 2776 @!@!@
@!@!@STARTMSG 2776:0 @!@!@
CostModel lookup failed for expression <line 67, col 96 to line 67, col 114 of module pipeline_exec_ooo>. Reporting costs into <line 9, col 115 to line 9, col 120 of module pipeline_exec_ooo> instead (Safety and Liveness checking is unaffected. Please report a bug.)
@!@!@ENDMSG 2776 @!@!@
@!@!@STARTMSG 2776:0 @!@!@
CostModel lookup failed for expression <line 67, col 96 to line 67, col 111 of module pipeline_exec_ooo>. Reporting costs into <line 9, col 115 to line 9, col 120 of module pipeline_exec_ooo> instead (Safety and Liveness checking is unaffected. Please report a bug.)
@!@!@ENDMSG 2776 @!@!@
@!@!@STARTMSG 2776:0 @!@!@
CostModel lookup failed for expression <line 67, col 96 to line 67, col 105 of module pipeline_exec_ooo>. Reporting costs into <line 9, col 115 to line 9, col 120 of module pipeline_exec_ooo> instead (Safety and Liveness checking is unaffected. Please report a bug.)
@!@!@ENDMSG 2776 @!@!@
@!@!@STARTMSG 2776:0 @!@!@
CostModel lookup failed for expression <line 67, col 96 to line 67, col 98 of module pipeline_exec_ooo>. Reporting costs into <line 9, col 115 to line 9, col 120 of module pipeline_exec_ooo> instead (Safety and Liveness checking is unaffected. Please report a bug.)
@!@!@ENDMSG 2776 @!@!@
@!@!@STARTMSG 2776:0 @!@!@
CostModel lookup failed for expression <line 67, col 100 to line 67, col 104 of module pipeline_exec_ooo>. Reporting costs into <line 9, col 115 to line 9, col 120 of module pipeline_exec_ooo> instead (Safety and Liveness checking is unaffected. Please report a bug.)
@!@!@ENDMSG 2776 @!@!@
@!@!@STARTMSG 2776:0 @!@!@
CostModel lookup failed for expression <line 67, col 120 to line 67, col 140 of module pipeline_exec_ooo>. Reporting costs into <line 9, col 115 to line 9, col 120 of module pipeline_exec_ooo> instead (Safety and Liveness checking is unaffected. Please report a bug.)
@!@!@ENDMSG 2776 @!@!@
@!@!@STARTMSG 2776:0 @!@!@
CostModel lookup failed for expression <line 67, col 120 to line 67, col 133 of module pipeline_exec_ooo>. Reporting costs into <line 9, col 115 to line 9, col 120 of module pipeline_exec_ooo> instead (Safety and Liveness checking is unaffected. Please report a bug.)
@!@!@ENDMSG 2776 @!@!@
@!@!@STARTMSG 2776:0 @!@!@
CostModel lookup failed for expression <line 67, col 122 to line 67, col 125 of module pipeline_exec_ooo>. Reporting costs into <line 9, col 115 to line 9, col 120 of module pipeline_exec_ooo> instead (Safety and Liveness checking is unaffected. Please report a bug.)
@!@!@ENDMSG 2776 @!@!@
@!@!@STARTMSG 2776:0 @!@!@
CostModel lookup failed for expression <line 67, col 122 to line 67, col 122 of module pipeline_exec_ooo>. Reporting costs into <line 9, col 115 to line 9, col 120 of module pipeline_exec_ooo> instead (Safety and Liveness checking is unaffected. Please report a bug.)
@!@!@ENDMSG 2776 @!@!@
@!@!@STARTMSG 2776:0 @!@!@
CostModel lookup failed for expression <line 67, col 128 to line 67, col 131 of module pipeline_exec_ooo>. Reporting costs into <line 9, col 115 to line 9, col 120 of module pipeline_exec_ooo> instead (Safety and Liveness checking is unaffected. Please report a bug.)
@!@!@ENDMSG 2776 @!@!@
@!@!@STARTMSG 2776:0 @!@!@
CostModel lookup failed for expression <line 67, col 128 to line 67, col 128 of module pipeline_exec_ooo>. Reporting costs into <line 9, col 115 to line 9, col 120 of module pipeline_exec_ooo> instead (Safety and Liveness checking is unaffected. Please report a bug.)
@!@!@ENDMSG 2776 @!@!@
@!@!@STARTMSG 2776:0 @!@!@
CostModel lookup failed for expression <line 67, col 137 to line 67, col 140 of module pipeline_exec_ooo>. Reporting costs into <line 9, col 115 to line 9, col 120 of module pipeline_exec_ooo> instead (Safety and Liveness checking is unaffected. Please report a bug.)
@!@!@ENDMSG 2776 @!@!@
@!@!@STARTMSG 2776:0 @!@!@
CostModel lookup failed for expression <line 125, col 34 to line 125, col 68 of module pipeline_exec_ooo>. Reporting costs into <line 9, col 54 to line 9, col 59 of module pipeline_exec_ooo> instead (Safety and Liveness checking is unaffected. Please report a bug.)
@!@!@ENDMSG 2776 @!@!@
@!@!@STARTMSG 2776:0 @!@!@
CostModel lookup failed for expression <line 125, col 35 to line 125, col 67 of module pipeline_exec_ooo>. Reporting costs into <line 9, col 54 to line 9, col 59 of module pipeline_exec_ooo> instead (Safety and Liveness checking is unaffected. Please report a bug.)
@!@!@ENDMSG 2776 @!@!@
@!@!@STARTMSG 2776:0 @!@!@
CostModel lookup failed for expression <line 125, col 37 to line 125, col 42 of module pipeline_exec_ooo>. Reporting costs into <line 9, col 54 to line 9, col 59 of module pipeline_exec_ooo> instead (Safety and Liveness checking is unaffected. Please report a bug.)
@!@!@ENDMSG 2776 @!@!@
@!@!@STARTMSG 2776:0 @!@!@
CostModel lookup failed for expression <line 125, col 37 to line 125, col 39 of module pipeline_exec_ooo>. Reporting costs into <line 9, col 54 to line 9, col 59 of module pipeline_exec_ooo> instead (Safety and Liveness checking is unaffected. Please report a bug.)
@!@!@ENDMSG 2776 @!@!@
@!@!@STARTMSG 2776:0 @!@!@
CostModel lookup failed for expression <line 125, col 41 to line 125, col 41 of module pipeline_exec_ooo>. Reporting costs into <line 9, col 54 to line 9, col 59 of module pipeline_exec_ooo> instead (Safety and Liveness checking is unaffected. Please report a bug.)
@!@!@ENDMSG 2776 @!@!@
@!@!@STARTMSG 2776:0 @!@!@
CostModel lookup failed for expression <line 125, col 51 to line 125, col 65 of module pipeline_exec_ooo>. Reporting costs into <line 9, col 54 to line 9, col 59 of module pipeline_exec_ooo> instead (Safety and Liveness checking is unaffected. Please report a bug.)
@!@!@ENDMSG 2776 @!@!@
@!@!@STARTMSG 2776:0 @!@!@
CostModel lookup failed for expression <line 125, col 51 to line 125, col 65 of module pipeline_exec_ooo>. Reporting costs into <line 9, col 54 to line 9, col 59 of module pipeline_exec_ooo> instead (Safety and Liveness checking is unaffected. Please report a bug.)
@!@!@ENDMSG 2776 @!@!@
@!@!@STARTMSG 2776:0 @!@!@
CostModel lookup failed for expression <line 125, col 63 to line 125, col 65 of module pipeline_exec_ooo>. Reporting costs into <line 9, col 54 to line 9, col 59 of module pipeline_exec_ooo> instead (Safety and Liveness checking is unaffected. Please report a bug.)
@!@!@ENDMSG 2776 @!@!@
@!@!@STARTMSG 2776:0 @!@!@
CostModel lookup failed for expression <line 60, col 53 to line 60, col 153 of module pipeline_exec_ooo>. Reporting costs into <line 9, col 115 to line 9, col 120 of module pipeline_exec_ooo> instead (Safety and Liveness checking is unaffected. Please report a bug.)
@!@!@ENDMSG 2776 @!@!@
@!@!@STARTMSG 2776:0 @!@!@
CostModel lookup failed for expression <line 60, col 66 to line 60, col 88 of module pipeline_exec_ooo>. Reporting costs into <line 9, col 115 to line 9, col 120 of module pipeline_exec_ooo> instead (Safety and Liveness checking is unaffected. Please report a bug.)
@!@!@ENDMSG 2776 @!@!@
@!@!@STARTMSG 2776:0 @!@!@
CostModel lookup failed for expression <line 60, col 66 to line 60, col 72 of module pipeline_exec_ooo>. Reporting costs into <line 9, col 115 to line 9, col 120 of module pipeline_exec_ooo> instead (Safety and Liveness checking is unaffected. Please report a bug.)
@!@!@ENDMSG 2776 @!@!@
@!@!@STARTMSG 2776:0 @!@!@
CostModel lookup failed for expression <line 60, col 75 to line 60, col 88 of module pipeline_exec_ooo>. Reporting costs into <line 9, col 115 to line 9, col 120 of module pipeline_exec_ooo> instead (Safety and Liveness checking is unaffected. Please report a bug.)
@!@!@ENDMSG 2776 @!@!@
@!@!@STARTMSG 2776:0 @!@!@
CostModel lookup failed for expression <line 60, col 75 to line 60, col 86 of module pipeline_exec_ooo>. Reporting costs into <line 9, col 115 to line 9, col 120 of module pipeline_exec_ooo> instead (Safety and Liveness checking is unaffected. Please report a bug.)
@!@!@ENDMSG 2776 @!@!@
@!@!@STARTMSG 2776:0 @!@!@
CostModel lookup failed for expression <line 60, col 85 to line 60, col 85 of module pipeline_exec_ooo>. Reporting costs into <line 9, col 115 to line 9, col 120 of module pipeline_exec_ooo> instead (Safety and Liveness checking is unaffected. Please report a bug.)
@!@!@ENDMSG 2776 @!@!@
@!@!@STARTMSG 2776:0 @!@!@
CostModel lookup failed for expression <line 41, col 21 to line 41, col 73 of module pipeline_exec_ooo>. Reporting costs into <line 9, col 115 to line 9, col 120 of module pipeline_exec_ooo> instead (Safety and Liveness checking is unaffected. Please report a bug.)
@!@!@ENDMSG 2776 @!@!@
@!@!@STARTMSG 2776:0 @!@!@
CostModel lookup failed for expression <line 41, col 34 to line 41, col 50 of module pipeline_exec_ooo>. Reporting costs into <line 9, col 115 to line 9, col 120 of module pipeline_exec_ooo> instead (Safety and Liveness checking is unaffected. Please report a bug.)
@!@!@ENDMSG 2776 @!@!@
@!@!@STARTMSG 2776:0 @!@!@
CostModel lookup failed for expression <line 41, col 34 to line 41, col 40 of module pipeline_exec_ooo>. Reporting costs into <line 9, col 115 to line 9, col 120 of module pipeline_exec_ooo> instead (Safety and Liveness checking is unaffected. Please report a bug.)
@!@!@ENDMSG 2776 @!@!@
@!@!@STARTMSG 2776:0 @!@!@
CostModel lookup failed for expression <line 41, col 43 to line 41, col 50 of module pipeline_exec_ooo>. Reporting costs into <line 9, col 115 to line 9, col 120 of module pipeline_exec_ooo> instead (Safety and Liveness checking is unaffected. Please report a bug.)
@!@!@ENDMSG 2776 @!@!@
@!@!@STARTMSG 2776:0 @!@!@
CostModel lookup failed for expression <line 41, col 47 to line 41, col 49 of module pipeline_exec_ooo>. Reporting costs into <line 9, col 115 to line 9, col 120 of module pipeline_exec_ooo> instead (Safety and Liveness checking is unaffected. Please report a bug.)
@!@!@ENDMSG 2776 @!@!@
@!@!@STARTMSG 2776:0 @!@!@
CostModel lookup failed for expression <line 41, col 54 to line 41, col 73 of module pipeline_exec_ooo>. Reporting costs into <line 9, col 115 to line 9, col 120 of module pipeline_exec_ooo> instead (Safety and Liveness checking is unaffected. Please report a bug.)
@!@!@ENDMSG 2776 @!@!@
@!@!@STARTMSG 2776:0 @!@!@
CostModel lookup failed for expression <line 41, col 54 to line 41, col 65 of module pipeline_exec_ooo>. Reporting costs into <line 9, col 115 to line 9, col 120 of module pipeline_exec_ooo> instead (Safety and Liveness checking is unaffected. Please report a bug.)
@!@!@ENDMSG 2776 @!@!@
@!@!@STARTMSG 2776:0 @!@!@
CostModel lookup failed for expression <line 41, col 54 to line 41, col 59 of module pipeline_exec_ooo>. Reporting costs into <line 9, col 115 to line 9, col 120 of module pipeline_exec_ooo> instead (Safety and Liveness checking is unaffected. Please report a bug.)
@!@!@ENDMSG 2776 @!@!@
@!@!@STARTMSG 2776:0 @!@!@
CostModel lookup failed for expression <line 41, col 54 to line 41, col 56 of module pipeline_exec_ooo>. Reporting costs into <line 9, col 115 to line 9, col 120 of module pipeline_exec_ooo> instead (Safety and Liveness checking is unaffected. Please report a bug.)
@!@!@ENDMSG 2776 @!@!@
@!@!@STARTMSG 2776:0 @!@!@
CostModel lookup failed for expression <line 41, col 58 to line 41, col 58 of module pipeline_exec_ooo>. Reporting costs into <line 9, col 115 to line 9, col 120 of module pipeline_exec_ooo> instead (Safety and Liveness checking is unaffected. Please report a bug.)
@!@!@ENDMSG 2776 @!@!@
@!@!@STARTMSG 2776:0 @!@!@
CostModel lookup failed for expression <line 41, col 69 to line 41, col 73 of module pipeline_exec_ooo>. Reporting costs into <line 9, col 115 to line 9, col 120 of module pipeline_exec_ooo> instead (Safety and Liveness checking is unaffected. Please report a bug.)
@!@!@ENDMSG 2776 @!@!@
@!@!@STARTMSG 2776:0 @!@!@
CostModel lookup failed for expression <line 60, col 91 to line 60, col 153 of module pipeline_exec_ooo>. Reporting costs into <line 9, col 115 to line 9, col 120 of module pipeline_exec_ooo> instead (Safety and Liveness checking is unaffected. Please report a bug.)
@!@!@ENDMSG 2776 @!@!@
@!@!@STARTMSG 2776:0 @!@!@
CostModel lookup failed for expression <line 60, col 91 to line 60, col 135 of module pipeline_exec_ooo>. Reporting costs into <line 9, col 115 to line 9, col 120 of module pipeline_exec_ooo> instead (Safety and Liveness checking is unaffected. Please report a bug.)
@!@!@ENDMSG 2776 @!@!@
@!@!@STARTMSG 2776:0 @!@!@
CostModel lookup failed for expression <line 60, col 91 to line 60, col 109 of module pipeline_exec_ooo>. Reporting costs into <line 9, col 115 to line 9, col 120 of module pipeline_exec_ooo> instead (Safety and Liveness checking is unaffected. Please report a bug.)
@!@!@ENDMSG 2776 @!@!@
@!@!@STARTMSG 2776:0 @!@!@
CostModel lookup failed for expression <line 60, col 91 to line 60, col 106 of module pipeline_exec_ooo>. Reporting costs into <line 9, col 115 to line 9, col 120 of module pipeline_exec_ooo> instead (Safety and Liveness checking is unaffected. Please report a bug.)
@!@!@ENDMSG 2776 @!@!@
@!@!@STARTMSG 2776:0 @!@!@
CostModel lookup failed for expression <line 60, col 91 to line 60, col 100 of module pipeline_exec_ooo>. Reporting costs into <line 9, col 115 to line 9, col 120 of module pipeline_exec_ooo> instead (Safety and Liveness checking is unaffected. Please report a bug.)
@!@!@ENDMSG 2776 @!@!@
@!@!@STARTMSG 2776:0 @!@!@
CostModel lookup failed for expression <line 60, col 91 to line 60, col 93 of module pipeline_exec_ooo>. Reporting costs into <line 9, col 115 to line 9, col 120 of module pipeline_exec_ooo> instead (Safety and Liveness checking is unaffected. Please report a bug.)
@!@!@ENDMSG 2776 @!@!@
@!@!@STARTMSG 2776:0 @!@!@
CostModel lookup failed for expression <line 60, col 95 to line 60, col 99 of module pipeline_exec_ooo>. Reporting costs into <line 9, col 115 to line 9, col 120 of module pipeline_exec_ooo> instead (Safety and Liveness checking is unaffected. Please report a bug.)
@!@!@ENDMSG 2776 @!@!@
@!@!@STARTMSG 2776:0 @!@!@
CostModel lookup failed for expression <line 60, col 115 to line 60, col 135 of module pipeline_exec_ooo>. Reporting costs into <line 9, col 115 to line 9, col 120 of module pipeline_exec_ooo> instead (Safety and Liveness checking is unaffected. Please report a bug.)
@!@!@ENDMSG 2776 @!@!@
@!@!@STARTMSG 2776:0 @!@!@
CostModel lookup failed for expression <line 60, col 115 to line 60, col 128 of module pipeline_exec_ooo>. Reporting costs into <line 9, col 115 to line 9, col 120 of module pipeline_exec_ooo> instead (Safety and Liveness checking is unaffected. Please report a bug.)
@!@!@ENDMSG 2776 @!@!@
@!@!@STARTMSG 2776:0 @!@!@
CostModel lookup failed for expression <line 60, col 117 to line 60, col 120 of module pipeline_exec_ooo>. Reporting costs into <line 9, col 115 to line 9, col 120 of module pipeline_exec_ooo> instead (Safety and Liveness checking is unaffected. Please report a bug.)
@!@!@ENDMSG 2776 @!@!@
@!@!@STARTMSG 2776:0 @!@!@
CostModel lookup failed for expression <line 60, col 117 to line 60, col 117 of module pipeline_exec_ooo>. Reporting costs into <line 9, col 115 to line 9, col 120 of module pipeline_exec_ooo> instead (Safety and Liveness checking is unaffected. Please report a bug.)
@!@!@ENDMSG 2776 @!@!@
@!@!@STARTMSG 2776:0 @!@!@
CostModel lookup failed for expression <line 60, col 123 to line 60, col 126 of module pipeline_exec_ooo>. Reporting costs into <line 9, col 115 to line 9, col 120 of module pipeline_exec_ooo> instead (Safety and Liveness checking is unaffected. Please report a bug.)
@!@!@ENDMSG 2776 @!@!@
@!@!@STARTMSG 2776:0 @!@!@
CostModel lookup failed for expression <line 60, col 123 to line 60, col 123 of module pipeline_exec_ooo>. Reporting costs into <line 9, col 115 to line 9, col 120 of module pipeline_exec_ooo> instead (Safety and Liveness checking is unaffected. Please report a bug.)
@!@!@ENDMSG 2776 @!@!@
@!@!@STARTMSG 2776:0 @!@!@
CostModel lookup failed for expression <line 60, col 132 to line 60, col 135 of module pipeline_exec_ooo>. Reporting costs into <line 9, col 115 to line 9, col 120 of module pipeline_exec_ooo> instead (Safety and Liveness checking is unaffected. Please report a bug.)
@!@!@ENDMSG 2776 @!@!@
@!@!@STARTMSG 2776:0 @!@!@
CostModel lookup failed for expression <line 60, col 140 to line 60, col 153 of module pipeline_exec_ooo>. Reporting costs into <line 9, col 115 to line 9, col 120 of module pipeline_exec_ooo> instead (Safety and Liveness checking is unaffected. Please report a bug.)
@!@!@ENDMSG 2776 @!@!@
@!@!@STARTMSG 2776:0 @!@!@
CostModel lookup failed for expression <line 60, col 140 to line 60, col 144 of module pipeline_exec_ooo>. Reporting costs into <line 9, col 115 to line 9, col 120 of module pipeline_exec_ooo> instead (Safety and Liveness checking is unaffected. Please report a bug.)
@!@!@ENDMSG 2776 @!@!@
@!@!@STARTMSG 2776:0 @!@!@
CostModel lookup failed for expression <line 60, col 150 to line 60, col 153 of module pipeline_exec_ooo>. Reporting costs into <line 9, col 115 to line 9, col 120 of module pipeline_exec_ooo> instead (Safety and Liveness checking is unaffected. Please report a bug.)
@!@!@ENDMSG 2776 @!@!@
@!@!@STARTMSG 2776:0 @!@!@
CostModel lookup failed for expression <line 30, col 9 to line 31, col 102 of module pipeline_exec_ooo>. Reporting costs into <line 9, col 115 to line 9, col 120 of module pipeline_exec_ooo> instead (Safety and Liveness checking is unaffected. Please report a bug.)
@!@!@ENDMSG 2776 @!@!@
@!@!@STARTMSG 2776:0 @!@!@
CostModel lookup failed for expression <line 30, col 17 to line 30, col 33 of module pipeline_exec_ooo>. Reporting costs into <line 9, col 115 to line 9, col 120 of module pipeline_exec_ooo> instead (Safety and Liveness checking is unaffected. Please report a bug.)
@!@!@ENDMSG 2776 @!@!@
@!@!@STARTMSG 2776:0 @!@!@
CostModel lookup failed for expression <line 30, col 17 to line 30, col 23 of module pipeline_exec_ooo>. Reporting costs into <line 9, col 115 to line 9, col 120 of module pipeline_exec_ooo> instead (Safety and Liveness checking is unaffected. Please report a bug.)
@!@!@ENDMSG 2776 @!@!@
@!@!@STARTMSG 2776:0 @!@!@
CostModel lookup failed for expression <line 30, col 26 to line 30, col 33 of module pipeline_exec_ooo>. Reporting costs into <line 9, col 115 to line 9, col 120 of module pipeline_exec_ooo> instead (Safety and Liveness checking is unaffected. Please report a bug.)
@!@!@ENDMSG 2776 @!@!@
@!@!@STARTMSG 2776:0 @!@!@
CostModel lookup failed for expression <line 30, col 30 to line 30, col 32 of module pipeline_exec_ooo>. Reporting costs into <line 9, col 115 to line 9, col 120 of module pipeline_exec_ooo> instead (Safety and Liveness checking is unaffected. Please report a bug.)
@!@!@ENDMSG 2776 @!@!@
@!@!@STARTMSG 2776:0 @!@!@
CostModel lookup failed for expression <line 30, col 36 to line 31, col 100 of module pipeline_exec_ooo>. Reporting costs into <line 9, col 115 to line 9, col 120 of module pipeline_exec_ooo> instead (Safety and Liveness checking is unaffected. Please report a bug.)
@!@!@ENDMSG 2776 @!@!@
@!@!@STARTMSG 2776:0 @!@!@
CostModel lookup failed for expression <line 30, col 39 to line 30, col 53 of module pipeline_exec_ooo>. Reporting costs into <line 9, col 115 to line 9, col 120 of module pipeline_exec_ooo> instead (Safety and Liveness checking is unaffected. Please report a bug.)
@!@!@ENDMSG 2776 @!@!@
@!@!@STARTMSG 2776:0 @!@!@
CostModel lookup failed for expression <line 30, col 39 to line 30, col 44 of module pipeline_exec_ooo>. Reporting costs into <line 9, col 115 to line 9, col 120 of module pipeline_exec_ooo> instead (Safety and Liveness checking is unaffected. Please report a bug.)
@!@!@ENDMSG 2776 @!@!@
@!@!@STARTMSG 2776:0 @!@!@
CostModel lookup failed for expression <line 30, col 39 to line 30, col 41 of module pipeline_exec_ooo>. Reporting costs into <line 9, col 115 to line 9, col 120 of module pipeline_exec_ooo> instead (Safety and Liveness checking is unaffected. Please report a bug.)
@!@!@ENDMSG 2776 @!@!@
@!@!@STARTMSG 2776:0 @!@!@
CostModel lookup failed for expression <line 30, col 43 to line 30, col 43 of module pipeline_exec_ooo>. Reporting costs into <line 9, col 115 to line 9, col 120 of module pipeline_exec_ooo> instead (Safety and Liveness checking is unaffected. Please report a bug.)
@!@!@ENDMSG 2776 @!@!@
@!@!@STARTMSG 2776:0 @!@!@
CostModel lookup failed for expression <line 31, col 39 to line 31, col 100 of module pipeline_exec_ooo>. Reporting costs into <line 9, col 115 to line 9, col 120 of module pipeline_exec_ooo> instead (Safety and Liveness checking is unaffected. Please report a bug.)
@!@!@ENDMSG 2776 @!@!@
@!@!@STARTMSG 2776:0 @!@!@
CostModel lookup failed for expression <line 31, col 48 to line 31, col 54 of module pipeline_exec_ooo>. Reporting costs into <line 9, col 115 to line 9, col 120 of module pipeline_exec_ooo> instead (Safety and Liveness checking is unaffected. Please report a bug.)
@!@!@ENDMSG 2776 @!@!@
@!@!@STARTMSG 2776:0 @!@!@
CostModel lookup failed for expression <line 31, col 51 to line 31, col 54 of module pipeline_exec_ooo>. Reporting costs into <line 9, col 115 to line 9, col 120 of module pipeline_exec_ooo> instead (Safety and Liveness checking is unaffected. Please report a bug.)
@!@!@ENDMSG 2776 @!@!@
@!@!@STARTMSG 2776:0 @!@!@
CostModel lookup failed for expression <line 31, col 57 to line 31, col 100 of module pipeline_exec_ooo>. Reporting costs into <line 9, col 115 to line 9, col 120 of module pipeline_exec_ooo> instead (Safety and Liveness checking is unaffected. Please report a bug.)
@!@!@ENDMSG 2776 @!@!@
@!@!@STARTMSG 2776:0 @!@!@
CostModel lookup failed for expression <line 31, col 57 to line 31, col 83 of module pipeline_exec_ooo>. Reporting costs into <line 9, col 115 to line 9, col 120 of module pipeline_exec_ooo> instead (Safety and Liveness checking is unaffected. Please report a bug.)
@!@!@ENDMSG 2776 @!@!@
@!@!@STARTMSG 2776:0 @!@!@
CostModel lookup failed for expression <line 31, col 57 to line 31, col 68 of module pipeline_exec_ooo>. Reporting costs into <line 9, col 115 to line 9, col 120 of module pipeline_exec_ooo> instead (Safety and Liveness checking is unaffected. Please report a bug.)
@!@!@ENDMSG 2776 @!@!@
@!@!@STARTMSG 2776:0 @!@!@
CostModel lookup failed for expression <line 31, col 57 to line 31, col 62 of module pipeline_exec_ooo>. Reporting costs into <line 9, col 115 to line 9, col 120 of module pipeline_exec_ooo> instead (Safety and Liveness checking is unaffected. Please report a bug.)
@!@!@ENDMSG 2776 @!@!@
@!@!@STARTMSG 2776:0 @!@!@
CostModel lookup failed for expression <line 31, col 57 to line 31, col 59 of module pipeline_exec_ooo>. Reporting costs into <line 9, col 115 to line 9, col 120 of module pipeline_exec_ooo> instead (Safety and Liveness checking is unaffected. Please report a bug.)
@!@!@ENDMSG 2776 @!@!@
@!@!@STARTMSG 2776:0 @!@!@
CostModel lookup failed for expression <line 31, col 61 to line 31, col 61 of module pipeline_exec_ooo>. Reporting costs into <line 9, col 115 to line 9, col 120 of module pipeline_exec_ooo> instead (Safety and Liveness checking is unaffected. Please report a bug.)
@!@!@ENDMSG 2776 @!@!@
@!@!@STARTMSG 2776:0 @!@!@
CostModel lookup failed for expression <line 31, col 72 to line 31, col 83 of module pipeline_exec_ooo>. Reporting costs into <line 9, col 115 to line 9, col 120 of module pipeline_exec_ooo> instead (Safety and Liveness checking is unaffected. Please report a bug.)
@!@!@ENDMSG 2776 @!@!@
@!@!@STARTMSG 2776:0 @!@!@
CostModel lookup failed for expression <line 31, col 72 to line 31, col 77 of module pipeline_exec_ooo>. Reporting costs into <line 9, col 115 to line 9, col 120 of module pipeline_exec_ooo> instead (Safety and Liveness checking is unaffected. Please report a bug.)
@!@!@ENDMSG 2776 @!@!@
@!@!@STARTMSG 2776:0 @!@!@
CostModel lookup failed for expression <line 31, col 72 to line 31, col 74 of module pipeline_exec_ooo>. Reporting costs into <line 9, col 115 to line 9, col 120 of module pipeline_exec_ooo> instead (Safety and Liveness checking is unaffected. Please report a bug.)
@!@!@ENDMSG 2776 @!@!@
@!@!@STARTMSG 2776:0 @!@!@
CostModel lookup failed for expression <line 31, col 76 to line 31, col 76 of module pipeline_exec_ooo>. Reporting costs into <line 9, col 115 to line 9, col 120 of module pipeline_exec_ooo> instead (Safety and Liveness checking is unaffected. Please report a bug.)
@!@!@ENDMSG 2776 @!@!@
@!@!@STARTMSG 2776:0 @!@!@
CostModel lookup failed for expression <line 31, col 88 to line 31, col 100 of module pipeline_exec_ooo>. Reporting costs into <line 9, col 115 to line 9, col 120 of module pipeline_exec_ooo> instead (Safety and Liveness checking is unaffected. Please report a bug.)
@!@!@ENDMSG 2776 @!@!@
@!@!@STARTMSG 2776:0 @!@!@
CostModel lookup failed for expression <line 31, col 89 to line 31, col 100 of module pipeline_exec_ooo>. Reporting costs into <line 9, col 115 to line 9, col 120 of module pipeline_exec_ooo> instead (Safety and Liveness checking is unaffected. Please report a bug.)
@!@!@ENDMSG 2776 @!@!@
@!@!@STARTMSG 2776:0 @!@!@
CostModel lookup failed for expression <line 31, col 99 to line 31, col 99 of module pipeline_exec_ooo>. Reporting costs into <line 9, col 115 to line 9, col 120 of module pipeline_exec_ooo> instead (Safety and Liveness checking is unaffected. Please report a bug.)
@!@!@ENDMSG 2776 @!@!@
@!@!@STARTMSG 2776:0 @!@!@
CostModel lookup failed for expression <line 59, col 41 to line 59, col 52 of module pipeline_exec_ooo>. Reporting costs into <line 9, col 115 to line 9, col 120 of module pipeline_exec_ooo> instead (Safety and Liveness checking is unaffected. Please report a bug.)
@!@!@ENDMSG 2776 @!@!@
@!@!@STARTMSG 2776:0 @!@!@
CostModel lookup failed for expression <line 59, col 51 to line 59, col 51 of module pipeline_exec_ooo>. Reporting costs into <line 9, col 115 to line 9, col 120 of module pipeline_exec_ooo> instead (Safety and Liveness checking is unaffected. Please report a bug.)
@!@!@ENDMSG 2776 @!@!@
@!@!@STARTMSG 2776:0 @!@!@
CostModel lookup failed for expression <line 72, col 22 to line 72, col 42 of module pipeline_exec_ooo>. Reporting costs into <line 9, col 115 to line 9, col 120 of module pipeline_exec_ooo> instead (Safety and Liveness checking is unaffected. Please report a bug.)
@!@!@ENDMSG 2776 @!@!@
@!@!@STARTMSG 2776:0 @!@!@
CostModel lookup failed for expression <line 72, col 22 to line 72, col 36 of module pipeline_exec_ooo>. Reporting costs into <line 9, col 115 to line 9, col 120 of module pipeline_exec_ooo> instead (Safety and Liveness checking is unaffected. Please report a bug.)
@!@!@ENDMSG 2776 @!@!@
@!@!@STARTMSG 2776:0 @!@!@
CostModel lookup failed for expression <line 72, col 22 to line 72, col 24 of module pipeline_exec_ooo>. Reporting costs into <line 9, col 115 to line 9, col 120 of module pipeline_exec_ooo> instead (Safety and Liveness checking is unaffected. Please report a bug.)
@!@!@ENDMSG 2776 @!@!@
@!@!@STARTMSG 2776:0 @!@!@
CostModel lookup failed for expression <line 72, col 26 to line 72, col 35 of module pipeline_exec_ooo>. Reporting costs into <line 9, col 115 to line 9, col 120 of module pipeline_exec_ooo> instead (Safety and Liveness checking is unaffected. Please report a bug.)
@!@!@ENDMSG 2776 @!@!@
@!@!@STARTMSG 2776:0 @!@!@
CostModel lookup failed for expression <line 125, col 34 to line 125, col 68 of module pipeline_exec_ooo>. Reporting costs into <line 9, col 115 to line 9, col 120 of module pipeline_exec_ooo> instead (Safety and Liveness checking is unaffected. Please report a bug.)
@!@!@ENDMSG 2776 @!@!@
@!@!@STARTMSG 2776:0 @!@!@
CostModel lookup failed for expression <line 125, col 35 to line 125, col 67 of module pipeline_exec_ooo>. Reporting costs into <line 9, col 115 to line 9, col 120 of module pipeline_exec_ooo> instead (Safety and Liveness checking is unaffected. Please report a bug.)
@!@!@ENDMSG 2776 @!@!@
@!@!@STARTMSG 2776:0 @!@!@
CostModel lookup failed for expression <line 125, col 37 to line 125, col 42 of module pipeline_exec_ooo>. Reporting costs into <line 9, col 115 to line 9, col 120 of module pipeline_exec_ooo> instead (Safety and Liveness checking is unaffected. Please report a bug.)
@!@!@ENDMSG 2776 @!@!@
@!@!@STARTMSG 2776:0 @!@!@
CostModel lookup failed for expression <line 125, col 37 to line 125, col 39 of module pipeline_exec_ooo>. Reporting costs into <line 9, col 115 to line 9, col 120 of module pipeline_exec_ooo> instead (Safety and Liveness checking is unaffected. Please report a bug.)
@!@!@ENDMSG 2776 @!@!@
@!@!@STARTMSG 2776:0 @!@!@
CostModel lookup failed for expression <line 125, col 41 to line 125, col 41 of module pipeline_exec_ooo>. Reporting costs into <line 9, col 115 to line 9, col 120 of module pipeline_exec_ooo> instead (Safety and Liveness checking is unaffected. Please report a bug.)
@!@!@ENDMSG 2776 @!@!@
@!@!@STARTMSG 2776:0 @!@!@
CostModel lookup failed for expression <line 125, col 51 to line 125, col 65 of module pipeline_exec_ooo>. Reporting costs into <line 9, col 115 to line 9, col 120 of module pipeline_exec_ooo> instead (Safety and Liveness checking is unaffected. Please report a bug.)
@!@!@ENDMSG 2776 @!@!@
@!@!@STARTMSG 2776:0 @!@!@
CostModel lookup failed for expression <line 125, col 51 to line 125, col 65 of module pipeline_exec_ooo>. Reporting costs into <line 9, col 115 to line 9, col 120 of module pipeline_exec_ooo> instead (Safety and Liveness checking is unaffected. Please report a bug.)
@!@!@ENDMSG 2776 @!@!@
@!@!@STARTMSG 2776:0 @!@!@
CostModel lookup failed for expression <line 125, col 63 to line 125, col 65 of module pipeline_exec_ooo>. Reporting costs into <line 9, col 115 to line 9, col 120 of module pipeline_exec_ooo> instead (Safety and Liveness checking is unaffected. Please report a bug.)
@!@!@ENDMSG 2776 @!@!@
@!@!@STARTMSG 2110:1 @!@!@
Invariant inv_167415153230837000 is violated.
@!@!@ENDMSG 2110 @!@!@
@!@!@STARTMSG 2121:1 @!@!@
The behavior up to this point is:
@!@!@ENDMSG 2121 @!@!@
@!@!@STARTMSG 2217:4 @!@!@
1: <Initial predicate>
/\ _RS2 = <<{}, {}, {}, {}>>
/\ _COM2 = << [ ind |-> 0,
     type |-> "No_OpClass",
     r0 |-> "",
     r1 |-> "",
     r2 |-> "",
     addr |-> "" ],
   [ ind |-> 0,
     type |-> "No_OpClass",
     r0 |-> "",
     r1 |-> "",
     r2 |-> "",
     addr |-> "" ] >>
/\ _ID = << [ ind |-> 0,
     type |-> "No_OpClass",
     r0 |-> "",
     r1 |-> "",
     r2 |-> "",
     addr |-> "" ],
   [ ind |-> 0,
     type |-> "No_OpClass",
     r0 |-> "",
     r1 |-> "",
     r2 |-> "",
     addr |-> "" ] >>
/\ _IF = << [ instr |->
         [ ind |-> 0,
           type |-> "No_OpClass",
           r0 |-> "",
           r1 |-> "",
           r2 |-> "",
           addr |-> "" ],
     baseLat |-> 1,
     currLat |-> 1 ],
   [ instr |->
         [ ind |-> 0,
           type |-> "No_OpClass",
           r0 |-> "",
           r1 |-> "",
           r2 |-> "",
           addr |-> "" ],
     baseLat |-> 1,
     currLat |-> 1 ] >>
/\ _FU2 = << [ instr |->
         [ ind |-> 0,
           type |-> "No_OpClass",
           r0 |-> "",
           r1 |-> "",
           r2 |-> "",
           addr |-> "" ],
     baseLat |-> 1,
     currLat |-> 1 ],
   [ instr |->
         [ ind |-> 0,
           type |-> "No_OpClass",
           r0 |-> "",
           r1 |-> "",
           r2 |-> "",
           addr |-> "" ],
     baseLat |-> 1,
     currLat |-> 1 ],
   [ instr |->
         [ ind |-> 0,
           type |-> "No_OpClass",
           r0 |-> "",
           r1 |-> "",
           r2 |-> "",
           addr |-> "" ],
     baseLat |-> 1,
     currLat |-> 1 ],
   [ instr |->
         [ ind |-> 0,
           type |-> "No_OpClass",
           r0 |-> "",
           r1 |-> "",
           r2 |-> "",
           addr |-> "" ],
     baseLat |-> 1,
     currLat |-> 1 ] >>
/\ _COM = << [ ind |-> 0,
     type |-> "No_OpClass",
     r0 |-> "",
     r1 |-> "",
     r2 |-> "",
     addr |-> "" ],
   [ ind |-> 0,
     type |-> "No_OpClass",
     r0 |-> "",
     r1 |-> "",
     r2 |-> "",
     addr |-> "" ] >>
/\ exec_inst2 = 2
/\ _ID2 = << [ ind |-> 0,
     type |-> "No_OpClass",
     r0 |-> "",
     r1 |-> "",
     r2 |-> "",
     addr |-> "" ],
   [ ind |-> 0,
     type |-> "No_OpClass",
     r0 |-> "",
     r1 |-> "",
     r2 |-> "",
     addr |-> "" ] >>
/\ graph = [nodes |-> <<>>, edges |-> {}]
/\ currCycle2 = 0
/\ _IF2 = << [ instr |->
         [ ind |-> 0,
           type |-> "No_OpClass",
           r0 |-> "",
           r1 |-> "",
           r2 |-> "",
           addr |-> "" ],
     baseLat |-> 1,
     currLat |-> 1 ],
   [ instr |->
         [ ind |-> 0,
           type |-> "No_OpClass",
           r0 |-> "",
           r1 |-> "",
           r2 |-> "",
           addr |-> "" ],
     baseLat |-> 1,
     currLat |-> 1 ] >>
/\ lastBound = 0
/\ graph2 = [nodes |-> <<>>, edges |-> {}]
/\ pc2 = 0
/\ robHead = 1
/\ rob = <<>>
/\ _RS = <<{}, {}, {}, {}>>
/\ currCycle = 0
/\ exec_inst = 1
/\ robHead2 = 1
/\ pc = 0
/\ rob2 = <<>>
/\ _FU = << [ instr |->
         [ ind |-> 0,
           type |-> "No_OpClass",
           r0 |-> "",
           r1 |-> "",
           r2 |-> "",
           addr |-> "" ],
     baseLat |-> 1,
     currLat |-> 1 ],
   [ instr |->
         [ ind |-> 0,
           type |-> "No_OpClass",
           r0 |-> "",
           r1 |-> "",
           r2 |-> "",
           addr |-> "" ],
     baseLat |-> 1,
     currLat |-> 1 ],
   [ instr |->
         [ ind |-> 0,
           type |-> "No_OpClass",
           r0 |-> "",
           r1 |-> "",
           r2 |-> "",
           addr |-> "" ],
     baseLat |-> 1,
     currLat |-> 1 ],
   [ instr |->
         [ ind |-> 0,
           type |-> "No_OpClass",
           r0 |-> "",
           r1 |-> "",
           r2 |-> "",
           addr |-> "" ],
     baseLat |-> 1,
     currLat |-> 1 ] >>

@!@!@ENDMSG 2217 @!@!@
@!@!@STARTMSG 2217:4 @!@!@
2: <Next line 52, col 9 to line 56, col 64 of module pipeline_ooo>
/\ _RS2 = <<{}, {}, {}, {}>>
/\ _COM2 = << [ ind |-> 0,
     type |-> "No_OpClass",
     r0 |-> "",
     r1 |-> "",
     r2 |-> "",
     addr |-> "" ],
   [ ind |-> 0,
     type |-> "No_OpClass",
     r0 |-> "",
     r1 |-> "",
     r2 |-> "",
     addr |-> "" ] >>
/\ _ID = << [ ind |-> 0,
     type |-> "No_OpClass",
     r0 |-> "",
     r1 |-> "",
     r2 |-> "",
     addr |-> "" ],
   [ ind |-> 0,
     type |-> "No_OpClass",
     r0 |-> "",
     r1 |-> "",
     r2 |-> "",
     addr |-> "" ] >>
/\ _IF = << [ instr |->
         [ ind |-> 1,
           type |-> "MemRead",
           r0 |-> "ra",
           r1 |-> "",
           r2 |-> "",
           addr |-> "0x1" ],
     baseLat |-> 1,
     currLat |-> 1 ],
   [ instr |->
         [ ind |-> 2,
           type |-> "IntAlu",
           r0 |-> "",
           r1 |-> "ra",
           r2 |-> "",
           addr |-> "0x2" ],
     baseLat |-> 1,
     currLat |-> 1 ] >>
/\ _FU2 = << [ instr |->
         [ ind |-> 0,
           type |-> "No_OpClass",
           r0 |-> "",
           r1 |-> "",
           r2 |-> "",
           addr |-> "" ],
     baseLat |-> 1,
     currLat |-> 1 ],
   [ instr |->
         [ ind |-> 0,
           type |-> "No_OpClass",
           r0 |-> "",
           r1 |-> "",
           r2 |-> "",
           addr |-> "" ],
     baseLat |-> 1,
     currLat |-> 1 ],
   [ instr |->
         [ ind |-> 0,
           type |-> "No_OpClass",
           r0 |-> "",
           r1 |-> "",
           r2 |-> "",
           addr |-> "" ],
     baseLat |-> 1,
     currLat |-> 1 ],
   [ instr |->
         [ ind |-> 0,
           type |-> "No_OpClass",
           r0 |-> "",
           r1 |-> "",
           r2 |-> "",
           addr |-> "" ],
     baseLat |-> 1,
     currLat |-> 1 ] >>
/\ _COM = << [ ind |-> 0,
     type |-> "No_OpClass",
     r0 |-> "",
     r1 |-> "",
     r2 |-> "",
     addr |-> "" ],
   [ ind |-> 0,
     type |-> "No_OpClass",
     r0 |-> "",
     r1 |-> "",
     r2 |-> "",
     addr |-> "" ] >>
/\ exec_inst2 = 2
/\ _ID2 = << [ ind |-> 0,
     type |-> "No_OpClass",
     r0 |-> "",
     r1 |-> "",
     r2 |-> "",
     addr |-> "" ],
   [ ind |-> 0,
     type |-> "No_OpClass",
     r0 |-> "",
     r1 |-> "",
     r2 |-> "",
     addr |-> "" ] >>
/\ graph = [nodes |-> <<>>, edges |-> {}]
/\ currCycle2 = 1
/\ _IF2 = << [ instr |->
         [ ind |-> 1,
           type |-> "MemRead",
           r0 |-> "ra",
           r1 |-> "",
           r2 |-> "",
           addr |-> "0x1" ],
     baseLat |-> 1,
     currLat |-> 1 ],
   [ instr |->
         [ ind |-> 2,
           type |-> "IntAlu",
           r0 |-> "",
           r1 |-> "ra",
           r2 |-> "",
           addr |-> "0x2" ],
     baseLat |-> 1,
     currLat |-> 1 ] >>
/\ lastBound = 0
/\ graph2 = [nodes |-> <<>>, edges |-> {}]
/\ pc2 = 2
/\ robHead = 1
/\ rob = <<>>
/\ _RS = <<{}, {}, {}, {}>>
/\ currCycle = 1
/\ exec_inst = 1
/\ robHead2 = 1
/\ pc = 2
/\ rob2 = <<>>
/\ _FU = << [ instr |->
         [ ind |-> 0,
           type |-> "No_OpClass",
           r0 |-> "",
           r1 |-> "",
           r2 |-> "",
           addr |-> "" ],
     baseLat |-> 1,
     currLat |-> 1 ],
   [ instr |->
         [ ind |-> 0,
           type |-> "No_OpClass",
           r0 |-> "",
           r1 |-> "",
           r2 |-> "",
           addr |-> "" ],
     baseLat |-> 1,
     currLat |-> 1 ],
   [ instr |->
         [ ind |-> 0,
           type |-> "No_OpClass",
           r0 |-> "",
           r1 |-> "",
           r2 |-> "",
           addr |-> "" ],
     baseLat |-> 1,
     currLat |-> 1 ],
   [ instr |->
         [ ind |-> 0,
           type |-> "No_OpClass",
           r0 |-> "",
           r1 |-> "",
           r2 |-> "",
           addr |-> "" ],
     baseLat |-> 1,
     currLat |-> 1 ] >>

@!@!@ENDMSG 2217 @!@!@
@!@!@STARTMSG 2217:4 @!@!@
3: <Next line 52, col 9 to line 56, col 64 of module pipeline_ooo>
/\ _RS2 = <<{}, {}, {}, {}>>
/\ _COM2 = << [ ind |-> 0,
     type |-> "No_OpClass",
     r0 |-> "",
     r1 |-> "",
     r2 |-> "",
     addr |-> "" ],
   [ ind |-> 0,
     type |-> "No_OpClass",
     r0 |-> "",
     r1 |-> "",
     r2 |-> "",
     addr |-> "" ] >>
/\ _ID = << [ ind |-> 1,
     type |-> "MemRead",
     r0 |-> "ra",
     r1 |-> "",
     r2 |-> "",
     addr |-> "0x1" ],
   [ ind |-> 2,
     type |-> "IntAlu",
     r0 |-> "",
     r1 |-> "ra",
     r2 |-> "",
     addr |-> "0x2" ] >>
/\ _IF = << [ instr |->
         [ ind |-> 3,
           type |-> "IntAlu",
           r0 |-> "rb",
           r1 |-> "",
           r2 |-> "",
           addr |-> "0x3" ],
     baseLat |-> 1,
     currLat |-> 1 ],
   [ instr |->
         [ ind |-> 4,
           type |-> "MemWrite",
           r0 |-> "",
           r1 |-> "rb",
           r2 |-> "",
           addr |-> "0x4" ],
     baseLat |-> 1,
     currLat |-> 1 ] >>
/\ _FU2 = << [ instr |->
         [ ind |-> 0,
           type |-> "No_OpClass",
           r0 |-> "",
           r1 |-> "",
           r2 |-> "",
           addr |-> "" ],
     baseLat |-> 1,
     currLat |-> 1 ],
   [ instr |->
         [ ind |-> 0,
           type |-> "No_OpClass",
           r0 |-> "",
           r1 |-> "",
           r2 |-> "",
           addr |-> "" ],
     baseLat |-> 1,
     currLat |-> 1 ],
   [ instr |->
         [ ind |-> 0,
           type |-> "No_OpClass",
           r0 |-> "",
           r1 |-> "",
           r2 |-> "",
           addr |-> "" ],
     baseLat |-> 1,
     currLat |-> 1 ],
   [ instr |->
         [ ind |-> 0,
           type |-> "No_OpClass",
           r0 |-> "",
           r1 |-> "",
           r2 |-> "",
           addr |-> "" ],
     baseLat |-> 1,
     currLat |-> 1 ] >>
/\ _COM = << [ ind |-> 0,
     type |-> "No_OpClass",
     r0 |-> "",
     r1 |-> "",
     r2 |-> "",
     addr |-> "" ],
   [ ind |-> 0,
     type |-> "No_OpClass",
     r0 |-> "",
     r1 |-> "",
     r2 |-> "",
     addr |-> "" ] >>
/\ exec_inst2 = 2
/\ _ID2 = << [ ind |-> 1,
     type |-> "MemRead",
     r0 |-> "ra",
     r1 |-> "",
     r2 |-> "",
     addr |-> "0x1" ],
   [ ind |-> 2,
     type |-> "IntAlu",
     r0 |-> "",
     r1 |-> "ra",
     r2 |-> "",
     addr |-> "0x2" ] >>
/\ graph = [ nodes |->
      << [ ind |-> 1,
           addr |-> "0x1",
           COM |-> 0,
           IFacq |-> 1,
           IFrel |-> 2,
           IDacq |-> 0,
           IDrel |-> 0,
           FUacq |-> 0,
           FUrel |-> 0,
           ROB |-> 0,
           RS |-> 0,
           FU |-> 0 ],
         [ ind |-> 2,
           addr |-> "0x2",
           COM |-> 0,
           IFacq |-> 1,
           IFrel |-> 2,
           IDacq |-> 0,
           IDrel |-> 0,
           FUacq |-> 0,
           FUrel |-> 0,
           ROB |-> 0,
           RS |-> 0,
           FU |-> 0 ] >>,
  edges |-> {} ]
/\ currCycle2 = 2
/\ _IF2 = << [ instr |->
         [ ind |-> 3,
           type |-> "IntAlu",
           r0 |-> "rb",
           r1 |-> "",
           r2 |-> "",
           addr |-> "0x3" ],
     baseLat |-> 1,
     currLat |-> 1 ],
   [ instr |->
         [ ind |-> 4,
           type |-> "MemWrite",
           r0 |-> "",
           r1 |-> "rb",
           r2 |-> "",
           addr |-> "0x4" ],
     baseLat |-> 1,
     currLat |-> 1 ] >>
/\ lastBound = 0
/\ graph2 = [ nodes |->
      << [ ind |-> 1,
           addr |-> "0x1",
           COM |-> 0,
           IFacq |-> 1,
           IFrel |-> 2,
           IDacq |-> 0,
           IDrel |-> 0,
           FUacq |-> 0,
           FUrel |-> 0,
           ROB |-> 0,
           RS |-> 0,
           FU |-> 0 ],
         [ ind |-> 2,
           addr |-> "0x2",
           COM |-> 0,
           IFacq |-> 1,
           IFrel |-> 2,
           IDacq |-> 0,
           IDrel |-> 0,
           FUacq |-> 0,
           FUrel |-> 0,
           ROB |-> 0,
           RS |-> 0,
           FU |-> 0 ] >>,
  edges |-> {} ]
/\ pc2 = 4
/\ robHead = 1
/\ rob = <<>>
/\ _RS = <<{}, {}, {}, {}>>
/\ currCycle = 2
/\ exec_inst = 1
/\ robHead2 = 1
/\ pc = 4
/\ rob2 = <<>>
/\ _FU = << [ instr |->
         [ ind |-> 0,
           type |-> "No_OpClass",
           r0 |-> "",
           r1 |-> "",
           r2 |-> "",
           addr |-> "" ],
     baseLat |-> 1,
     currLat |-> 1 ],
   [ instr |->
         [ ind |-> 0,
           type |-> "No_OpClass",
           r0 |-> "",
           r1 |-> "",
           r2 |-> "",
           addr |-> "" ],
     baseLat |-> 1,
     currLat |-> 1 ],
   [ instr |->
         [ ind |-> 0,
           type |-> "No_OpClass",
           r0 |-> "",
           r1 |-> "",
           r2 |-> "",
           addr |-> "" ],
     baseLat |-> 1,
     currLat |-> 1 ],
   [ instr |->
         [ ind |-> 0,
           type |-> "No_OpClass",
           r0 |-> "",
           r1 |-> "",
           r2 |-> "",
           addr |-> "" ],
     baseLat |-> 1,
     currLat |-> 1 ] >>

@!@!@ENDMSG 2217 @!@!@
@!@!@STARTMSG 2217:4 @!@!@
4: <Next line 52, col 9 to line 56, col 64 of module pipeline_ooo>
/\ _RS2 = << { [ ind |-> 2,
       type |-> "IntAlu",
       r0 |-> "",
       r1 |-> "ra",
       r2 |-> "",
       addr |-> "0x2" ] },
   {},
   {},
   {} >>
/\ _COM2 = << [ ind |-> 0,
     type |-> "No_OpClass",
     r0 |-> "",
     r1 |-> "",
     r2 |-> "",
     addr |-> "" ],
   [ ind |-> 0,
     type |-> "No_OpClass",
     r0 |-> "",
     r1 |-> "",
     r2 |-> "",
     addr |-> "" ] >>
/\ _ID = << [ ind |-> 3,
     type |-> "IntAlu",
     r0 |-> "rb",
     r1 |-> "",
     r2 |-> "",
     addr |-> "0x3" ],
   [ ind |-> 4,
     type |-> "MemWrite",
     r0 |-> "",
     r1 |-> "rb",
     r2 |-> "",
     addr |-> "0x4" ] >>
/\ _IF = << [ instr |->
         [ ind |-> 0,
           type |-> "No_OpClass",
           r0 |-> "",
           r1 |-> "",
           r2 |-> "",
           addr |-> "" ],
     baseLat |-> 1,
     currLat |-> 1 ],
   [ instr |->
         [ ind |-> 0,
           type |-> "No_OpClass",
           r0 |-> "",
           r1 |-> "",
           r2 |-> "",
           addr |-> "" ],
     baseLat |-> 1,
     currLat |-> 1 ] >>
/\ _FU2 = << [ instr |->
         [ ind |-> 0,
           type |-> "No_OpClass",
           r0 |-> "",
           r1 |-> "",
           r2 |-> "",
           addr |-> "" ],
     baseLat |-> 1,
     currLat |-> 1 ],
   [ instr |->
         [ ind |-> 1,
           type |-> "MemRead",
           r0 |-> "ra",
           r1 |-> "",
           r2 |-> "",
           addr |-> "0x1" ],
     baseLat |-> 1,
     currLat |-> 1 ],
   [ instr |->
         [ ind |-> 0,
           type |-> "No_OpClass",
           r0 |-> "",
           r1 |-> "",
           r2 |-> "",
           addr |-> "" ],
     baseLat |-> 1,
     currLat |-> 1 ],
   [ instr |->
         [ ind |-> 0,
           type |-> "No_OpClass",
           r0 |-> "",
           r1 |-> "",
           r2 |-> "",
           addr |-> "" ],
     baseLat |-> 1,
     currLat |-> 1 ] >>
/\ _COM = << [ ind |-> 0,
     type |-> "No_OpClass",
     r0 |-> "",
     r1 |-> "",
     r2 |-> "",
     addr |-> "" ],
   [ ind |-> 0,
     type |-> "No_OpClass",
     r0 |-> "",
     r1 |-> "",
     r2 |-> "",
     addr |-> "" ] >>
/\ exec_inst2 = 2
/\ _ID2 = << [ ind |-> 3,
     type |-> "IntAlu",
     r0 |-> "rb",
     r1 |-> "",
     r2 |-> "",
     addr |-> "0x3" ],
   [ ind |-> 4,
     type |-> "MemWrite",
     r0 |-> "",
     r1 |-> "rb",
     r2 |-> "",
     addr |-> "0x4" ] >>
/\ graph = [ nodes |->
      << [ ind |-> 1,
           addr |-> "0x1",
           COM |-> 0,
           IFacq |-> 1,
           IFrel |-> 2,
           IDacq |-> 2,
           IDrel |-> 3,
           FUacq |-> 0,
           FUrel |-> 0,
           ROB |-> 2,
           RS |-> 2,
           FU |-> 0 ],
         [ ind |-> 2,
           addr |-> "0x2",
           COM |-> 0,
           IFacq |-> 1,
           IFrel |-> 2,
           IDacq |-> 2,
           IDrel |-> 3,
           FUacq |-> 0,
           FUrel |-> 0,
           ROB |-> 2,
           RS |-> 2,
           FU |-> 0 ],
         [ ind |-> 3,
           addr |-> "0x3",
           COM |-> 0,
           IFacq |-> 2,
           IFrel |-> 3,
           IDacq |-> 0,
           IDrel |-> 0,
           FUacq |-> 0,
           FUrel |-> 0,
           ROB |-> 0,
           RS |-> 0,
           FU |-> 0 ],
         [ ind |-> 4,
           addr |-> "0x4",
           COM |-> 0,
           IFacq |-> 2,
           IFrel |-> 3,
           IDacq |-> 0,
           IDrel |-> 0,
           FUacq |-> 0,
           FUrel |-> 0,
           ROB |-> 0,
           RS |-> 0,
           FU |-> 0 ] >>,
  edges |-> {} ]
/\ currCycle2 = 3
/\ _IF2 = << [ instr |->
         [ ind |-> 0,
           type |-> "No_OpClass",
           r0 |-> "",
           r1 |-> "",
           r2 |-> "",
           addr |-> "" ],
     baseLat |-> 1,
     currLat |-> 1 ],
   [ instr |->
         [ ind |-> 0,
           type |-> "No_OpClass",
           r0 |-> "",
           r1 |-> "",
           r2 |-> "",
           addr |-> "" ],
     baseLat |-> 1,
     currLat |-> 1 ] >>
/\ lastBound = 0
/\ graph2 = [ nodes |->
      << [ ind |-> 1,
           addr |-> "0x1",
           COM |-> 0,
           IFacq |-> 1,
           IFrel |-> 2,
           IDacq |-> 2,
           IDrel |-> 3,
           FUacq |-> 0,
           FUrel |-> 0,
           ROB |-> 2,
           RS |-> 2,
           FU |-> 0 ],
         [ ind |-> 2,
           addr |-> "0x2",
           COM |-> 0,
           IFacq |-> 1,
           IFrel |-> 2,
           IDacq |-> 2,
           IDrel |-> 3,
           FUacq |-> 0,
           FUrel |-> 0,
           ROB |-> 2,
           RS |-> 2,
           FU |-> 0 ],
         [ ind |-> 3,
           addr |-> "0x3",
           COM |-> 0,
           IFacq |-> 2,
           IFrel |-> 3,
           IDacq |-> 0,
           IDrel |-> 0,
           FUacq |-> 0,
           FUrel |-> 0,
           ROB |-> 0,
           RS |-> 0,
           FU |-> 0 ],
         [ ind |-> 4,
           addr |-> "0x4",
           COM |-> 0,
           IFacq |-> 2,
           IFrel |-> 3,
           IDacq |-> 0,
           IDrel |-> 0,
           FUacq |-> 0,
           FUrel |-> 0,
           ROB |-> 0,
           RS |-> 0,
           FU |-> 0 ] >>,
  edges |-> {} ]
/\ pc2 = 4
/\ robHead = 1
/\ rob = << [ instr |->
         [ ind |-> 1,
           type |-> "MemRead",
           r0 |-> "ra",
           r1 |-> "",
           r2 |-> "",
           addr |-> "0x1" ],
     done |-> FALSE,
     executed |-> FALSE ],
   [ instr |->
         [ ind |-> 2,
           type |-> "IntAlu",
           r0 |-> "",
           r1 |-> "ra",
           r2 |-> "",
           addr |-> "0x2" ],
     done |-> FALSE,
     executed |-> FALSE ] >>
/\ _RS = << { [ ind |-> 2,
       type |-> "IntAlu",
       r0 |-> "",
       r1 |-> "ra",
       r2 |-> "",
       addr |-> "0x2" ] },
   {},
   {},
   {} >>
/\ currCycle = 3
/\ exec_inst = 1
/\ robHead2 = 1
/\ pc = 4
/\ rob2 = << [ instr |->
         [ ind |-> 1,
           type |-> "MemRead",
           r0 |-> "ra",
           r1 |-> "",
           r2 |-> "",
           addr |-> "0x1" ],
     done |-> FALSE,
     executed |-> FALSE ],
   [ instr |->
         [ ind |-> 2,
           type |-> "IntAlu",
           r0 |-> "",
           r1 |-> "ra",
           r2 |-> "",
           addr |-> "0x2" ],
     done |-> FALSE,
     executed |-> FALSE ] >>
/\ _FU = << [ instr |->
         [ ind |-> 0,
           type |-> "No_OpClass",
           r0 |-> "",
           r1 |-> "",
           r2 |-> "",
           addr |-> "" ],
     baseLat |-> 1,
     currLat |-> 1 ],
   [ instr |->
         [ ind |-> 1,
           type |-> "MemRead",
           r0 |-> "ra",
           r1 |-> "",
           r2 |-> "",
           addr |-> "0x1" ],
     baseLat |-> 3,
     currLat |-> 1 ],
   [ instr |->
         [ ind |-> 0,
           type |-> "No_OpClass",
           r0 |-> "",
           r1 |-> "",
           r2 |-> "",
           addr |-> "" ],
     baseLat |-> 1,
     currLat |-> 1 ],
   [ instr |->
         [ ind |-> 0,
           type |-> "No_OpClass",
           r0 |-> "",
           r1 |-> "",
           r2 |-> "",
           addr |-> "" ],
     baseLat |-> 1,
     currLat |-> 1 ] >>

@!@!@ENDMSG 2217 @!@!@
@!@!@STARTMSG 2217:4 @!@!@
5: <Next line 52, col 9 to line 56, col 64 of module pipeline_ooo>
/\ _RS2 = << { [ ind |-> 3,
       type |-> "IntAlu",
       r0 |-> "rb",
       r1 |-> "",
       r2 |-> "",
       addr |-> "0x3" ] },
   { [ ind |-> 4,
       type |-> "MemWrite",
       r0 |-> "",
       r1 |-> "rb",
       r2 |-> "",
       addr |-> "0x4" ] },
   {},
   {} >>
/\ _COM2 = << [ ind |-> 1,
     type |-> "MemRead",
     r0 |-> "ra",
     r1 |-> "",
     r2 |-> "",
     addr |-> "0x1" ],
   [ ind |-> 0,
     type |-> "No_OpClass",
     r0 |-> "",
     r1 |-> "",
     r2 |-> "",
     addr |-> "" ] >>
/\ _ID = << [ ind |-> 0,
     type |-> "No_OpClass",
     r0 |-> "",
     r1 |-> "",
     r2 |-> "",
     addr |-> "" ],
   [ ind |-> 0,
     type |-> "No_OpClass",
     r0 |-> "",
     r1 |-> "",
     r2 |-> "",
     addr |-> "" ] >>
/\ _IF = << [ instr |->
         [ ind |-> 0,
           type |-> "No_OpClass",
           r0 |-> "",
           r1 |-> "",
           r2 |-> "",
           addr |-> "" ],
     baseLat |-> 1,
     currLat |-> 1 ],
   [ instr |->
         [ ind |-> 0,
           type |-> "No_OpClass",
           r0 |-> "",
           r1 |-> "",
           r2 |-> "",
           addr |-> "" ],
     baseLat |-> 1,
     currLat |-> 1 ] >>
/\ _FU2 = << [ instr |->
         [ ind |-> 2,
           type |-> "IntAlu",
           r0 |-> "",
           r1 |-> "ra",
           r2 |-> "",
           addr |-> "0x2" ],
     baseLat |-> 3,
     currLat |-> 1 ],
   [ instr |->
         [ ind |-> 0,
           type |-> "No_OpClass",
           r0 |-> "",
           r1 |-> "",
           r2 |-> "",
           addr |-> "" ],
     baseLat |-> 1,
     currLat |-> 1 ],
   [ instr |->
         [ ind |-> 0,
           type |-> "No_OpClass",
           r0 |-> "",
           r1 |-> "",
           r2 |-> "",
           addr |-> "" ],
     baseLat |-> 1,
     currLat |-> 1 ],
   [ instr |->
         [ ind |-> 0,
           type |-> "No_OpClass",
           r0 |-> "",
           r1 |-> "",
           r2 |-> "",
           addr |-> "" ],
     baseLat |-> 1,
     currLat |-> 1 ] >>
/\ _COM = << [ ind |-> 0,
     type |-> "No_OpClass",
     r0 |-> "",
     r1 |-> "",
     r2 |-> "",
     addr |-> "" ],
   [ ind |-> 0,
     type |-> "No_OpClass",
     r0 |-> "",
     r1 |-> "",
     r2 |-> "",
     addr |-> "" ] >>
/\ exec_inst2 = 2
/\ _ID2 = << [ ind |-> 0,
     type |-> "No_OpClass",
     r0 |-> "",
     r1 |-> "",
     r2 |-> "",
     addr |-> "" ],
   [ ind |-> 0,
     type |-> "No_OpClass",
     r0 |-> "",
     r1 |-> "",
     r2 |-> "",
     addr |-> "" ] >>
/\ graph = [ nodes |->
      << [ ind |-> 1,
           addr |-> "0x1",
           COM |-> 0,
           IFacq |-> 1,
           IFrel |-> 2,
           IDacq |-> 2,
           IDrel |-> 3,
           FUacq |-> 3,
           FUrel |-> 0,
           ROB |-> 2,
           RS |-> 2,
           FU |-> 2 ],
         [ ind |-> 2,
           addr |-> "0x2",
           COM |-> 0,
           IFacq |-> 1,
           IFrel |-> 2,
           IDacq |-> 2,
           IDrel |-> 3,
           FUacq |-> 0,
           FUrel |-> 0,
           ROB |-> 2,
           RS |-> 2,
           FU |-> 0 ],
         [ ind |-> 3,
           addr |-> "0x3",
           COM |-> 0,
           IFacq |-> 2,
           IFrel |-> 3,
           IDacq |-> 3,
           IDrel |-> 4,
           FUacq |-> 0,
           FUrel |-> 0,
           ROB |-> 3,
           RS |-> 3,
           FU |-> 0 ],
         [ ind |-> 4,
           addr |-> "0x4",
           COM |-> 0,
           IFacq |-> 2,
           IFrel |-> 3,
           IDacq |-> 3,
           IDrel |-> 4,
           FUacq |-> 0,
           FUrel |-> 0,
           ROB |-> 3,
           RS |-> 3,
           FU |-> 0 ] >>,
  edges |-> {} ]
/\ currCycle2 = 4
/\ _IF2 = << [ instr |->
         [ ind |-> 0,
           type |-> "No_OpClass",
           r0 |-> "",
           r1 |-> "",
           r2 |-> "",
           addr |-> "" ],
     baseLat |-> 1,
     currLat |-> 1 ],
   [ instr |->
         [ ind |-> 0,
           type |-> "No_OpClass",
           r0 |-> "",
           r1 |-> "",
           r2 |-> "",
           addr |-> "" ],
     baseLat |-> 1,
     currLat |-> 1 ] >>
/\ lastBound = 0
/\ graph2 = [ nodes |->
      << [ ind |-> 1,
           addr |-> "0x1",
           COM |-> 0,
           IFacq |-> 1,
           IFrel |-> 2,
           IDacq |-> 2,
           IDrel |-> 3,
           FUacq |-> 3,
           FUrel |-> 4,
           ROB |-> 2,
           RS |-> 2,
           FU |-> 2 ],
         [ ind |-> 2,
           addr |-> "0x2",
           COM |-> 0,
           IFacq |-> 1,
           IFrel |-> 2,
           IDacq |-> 2,
           IDrel |-> 3,
           FUacq |-> 0,
           FUrel |-> 0,
           ROB |-> 2,
           RS |-> 2,
           FU |-> 0 ],
         [ ind |-> 3,
           addr |-> "0x3",
           COM |-> 0,
           IFacq |-> 2,
           IFrel |-> 3,
           IDacq |-> 3,
           IDrel |-> 4,
           FUacq |-> 0,
           FUrel |-> 0,
           ROB |-> 3,
           RS |-> 3,
           FU |-> 0 ],
         [ ind |-> 4,
           addr |-> "0x4",
           COM |-> 0,
           IFacq |-> 2,
           IFrel |-> 3,
           IDacq |-> 3,
           IDrel |-> 4,
           FUacq |-> 0,
           FUrel |-> 0,
           ROB |-> 3,
           RS |-> 3,
           FU |-> 0 ] >>,
  edges |-> {} ]
/\ pc2 = 4
/\ robHead = 1
/\ rob = << [ instr |->
         [ ind |-> 1,
           type |-> "MemRead",
           r0 |-> "ra",
           r1 |-> "",
           r2 |-> "",
           addr |-> "0x1" ],
     done |-> FALSE,
     executed |-> FALSE ],
   [ instr |->
         [ ind |-> 2,
           type |-> "IntAlu",
           r0 |-> "",
           r1 |-> "ra",
           r2 |-> "",
           addr |-> "0x2" ],
     done |-> FALSE,
     executed |-> FALSE ],
   [ instr |->
         [ ind |-> 3,
           type |-> "IntAlu",
           r0 |-> "rb",
           r1 |-> "",
           r2 |-> "",
           addr |-> "0x3" ],
     done |-> FALSE,
     executed |-> FALSE ],
   [ instr |->
         [ ind |-> 4,
           type |-> "MemWrite",
           r0 |-> "",
           r1 |-> "rb",
           r2 |-> "",
           addr |-> "0x4" ],
     done |-> FALSE,
     executed |-> FALSE ] >>
/\ _RS = << { [ ind |-> 2,
       type |-> "IntAlu",
       r0 |-> "",
       r1 |-> "ra",
       r2 |-> "",
       addr |-> "0x2" ] },
   { [ ind |-> 4,
       type |-> "MemWrite",
       r0 |-> "",
       r1 |-> "rb",
       r2 |-> "",
       addr |-> "0x4" ] },
   {},
   {} >>
/\ currCycle = 4
/\ exec_inst = 1
/\ robHead2 = 1
/\ pc = 4
/\ rob2 = << [ instr |->
         [ ind |-> 1,
           type |-> "MemRead",
           r0 |-> "ra",
           r1 |-> "",
           r2 |-> "",
           addr |-> "0x1" ],
     done |-> FALSE,
     executed |-> TRUE ],
   [ instr |->
         [ ind |-> 2,
           type |-> "IntAlu",
           r0 |-> "",
           r1 |-> "ra",
           r2 |-> "",
           addr |-> "0x2" ],
     done |-> FALSE,
     executed |-> FALSE ],
   [ instr |->
         [ ind |-> 3,
           type |-> "IntAlu",
           r0 |-> "rb",
           r1 |-> "",
           r2 |-> "",
           addr |-> "0x3" ],
     done |-> FALSE,
     executed |-> FALSE ],
   [ instr |->
         [ ind |-> 4,
           type |-> "MemWrite",
           r0 |-> "",
           r1 |-> "rb",
           r2 |-> "",
           addr |-> "0x4" ],
     done |-> FALSE,
     executed |-> FALSE ] >>
/\ _FU = << [ instr |->
         [ ind |-> 3,
           type |-> "IntAlu",
           r0 |-> "rb",
           r1 |-> "",
           r2 |-> "",
           addr |-> "0x3" ],
     baseLat |-> 3,
     currLat |-> 1 ],
   [ instr |->
         [ ind |-> 1,
           type |-> "MemRead",
           r0 |-> "ra",
           r1 |-> "",
           r2 |-> "",
           addr |-> "0x1" ],
     baseLat |-> 3,
     currLat |-> 2 ],
   [ instr |->
         [ ind |-> 0,
           type |-> "No_OpClass",
           r0 |-> "",
           r1 |-> "",
           r2 |-> "",
           addr |-> "" ],
     baseLat |-> 1,
     currLat |-> 1 ],
   [ instr |->
         [ ind |-> 0,
           type |-> "No_OpClass",
           r0 |-> "",
           r1 |-> "",
           r2 |-> "",
           addr |-> "" ],
     baseLat |-> 1,
     currLat |-> 1 ] >>

@!@!@ENDMSG 2217 @!@!@
@!@!@STARTMSG 2217:4 @!@!@
6: <Next line 52, col 9 to line 56, col 64 of module pipeline_ooo>
/\ _RS2 = << { [ ind |-> 3,
       type |-> "IntAlu",
       r0 |-> "rb",
       r1 |-> "",
       r2 |-> "",
       addr |-> "0x3" ] },
   { [ ind |-> 4,
       type |-> "MemWrite",
       r0 |-> "",
       r1 |-> "rb",
       r2 |-> "",
       addr |-> "0x4" ] },
   {},
   {} >>
/\ _COM2 = << [ ind |-> 0,
     type |-> "No_OpClass",
     r0 |-> "",
     r1 |-> "",
     r2 |-> "",
     addr |-> "" ],
   [ ind |-> 0,
     type |-> "No_OpClass",
     r0 |-> "",
     r1 |-> "",
     r2 |-> "",
     addr |-> "" ] >>
/\ _ID = << [ ind |-> 0,
     type |-> "No_OpClass",
     r0 |-> "",
     r1 |-> "",
     r2 |-> "",
     addr |-> "" ],
   [ ind |-> 0,
     type |-> "No_OpClass",
     r0 |-> "",
     r1 |-> "",
     r2 |-> "",
     addr |-> "" ] >>
/\ _IF = << [ instr |->
         [ ind |-> 0,
           type |-> "No_OpClass",
           r0 |-> "",
           r1 |-> "",
           r2 |-> "",
           addr |-> "" ],
     baseLat |-> 1,
     currLat |-> 1 ],
   [ instr |->
         [ ind |-> 0,
           type |-> "No_OpClass",
           r0 |-> "",
           r1 |-> "",
           r2 |-> "",
           addr |-> "" ],
     baseLat |-> 1,
     currLat |-> 1 ] >>
/\ _FU2 = << [ instr |->
         [ ind |-> 2,
           type |-> "IntAlu",
           r0 |-> "",
           r1 |-> "ra",
           r2 |-> "",
           addr |-> "0x2" ],
     baseLat |-> 3,
     currLat |-> 2 ],
   [ instr |->
         [ ind |-> 0,
           type |-> "No_OpClass",
           r0 |-> "",
           r1 |-> "",
           r2 |-> "",
           addr |-> "" ],
     baseLat |-> 1,
     currLat |-> 1 ],
   [ instr |->
         [ ind |-> 0,
           type |-> "No_OpClass",
           r0 |-> "",
           r1 |-> "",
           r2 |-> "",
           addr |-> "" ],
     baseLat |-> 1,
     currLat |-> 1 ],
   [ instr |->
         [ ind |-> 0,
           type |-> "No_OpClass",
           r0 |-> "",
           r1 |-> "",
           r2 |-> "",
           addr |-> "" ],
     baseLat |-> 1,
     currLat |-> 1 ] >>
/\ _COM = << [ ind |-> 0,
     type |-> "No_OpClass",
     r0 |-> "",
     r1 |-> "",
     r2 |-> "",
     addr |-> "" ],
   [ ind |-> 0,
     type |-> "No_OpClass",
     r0 |-> "",
     r1 |-> "",
     r2 |-> "",
     addr |-> "" ] >>
/\ exec_inst2 = 2
/\ _ID2 = << [ ind |-> 0,
     type |-> "No_OpClass",
     r0 |-> "",
     r1 |-> "",
     r2 |-> "",
     addr |-> "" ],
   [ ind |-> 0,
     type |-> "No_OpClass",
     r0 |-> "",
     r1 |-> "",
     r2 |-> "",
     addr |-> "" ] >>
/\ graph = [ nodes |->
      << [ ind |-> 1,
           addr |-> "0x1",
           COM |-> 0,
           IFacq |-> 1,
           IFrel |-> 2,
           IDacq |-> 2,
           IDrel |-> 3,
           FUacq |-> 3,
           FUrel |-> 0,
           ROB |-> 2,
           RS |-> 2,
           FU |-> 2 ],
         [ ind |-> 2,
           addr |-> "0x2",
           COM |-> 0,
           IFacq |-> 1,
           IFrel |-> 2,
           IDacq |-> 2,
           IDrel |-> 3,
           FUacq |-> 0,
           FUrel |-> 0,
           ROB |-> 2,
           RS |-> 2,
           FU |-> 0 ],
         [ ind |-> 3,
           addr |-> "0x3",
           COM |-> 0,
           IFacq |-> 2,
           IFrel |-> 3,
           IDacq |-> 3,
           IDrel |-> 4,
           FUacq |-> 4,
           FUrel |-> 0,
           ROB |-> 3,
           RS |-> 3,
           FU |-> 1 ],
         [ ind |-> 4,
           addr |-> "0x4",
           COM |-> 0,
           IFacq |-> 2,
           IFrel |-> 3,
           IDacq |-> 3,
           IDrel |-> 4,
           FUacq |-> 0,
           FUrel |-> 0,
           ROB |-> 3,
           RS |-> 3,
           FU |-> 0 ] >>,
  edges |-> {} ]
/\ currCycle2 = 5
/\ _IF2 = << [ instr |->
         [ ind |-> 0,
           type |-> "No_OpClass",
           r0 |-> "",
           r1 |-> "",
           r2 |-> "",
           addr |-> "" ],
     baseLat |-> 1,
     currLat |-> 1 ],
   [ instr |->
         [ ind |-> 0,
           type |-> "No_OpClass",
           r0 |-> "",
           r1 |-> "",
           r2 |-> "",
           addr |-> "" ],
     baseLat |-> 1,
     currLat |-> 1 ] >>
/\ lastBound = 0
/\ graph2 = [ nodes |->
      << [ ind |-> 1,
           addr |-> "0x1",
           COM |-> 4,
           IFacq |-> 1,
           IFrel |-> 2,
           IDacq |-> 2,
           IDrel |-> 3,
           FUacq |-> 3,
           FUrel |-> 4,
           ROB |-> 2,
           RS |-> 2,
           FU |-> 2 ],
         [ ind |-> 2,
           addr |-> "0x2",
           COM |-> 0,
           IFacq |-> 1,
           IFrel |-> 2,
           IDacq |-> 2,
           IDrel |-> 3,
           FUacq |-> 4,
           FUrel |-> 0,
           ROB |-> 2,
           RS |-> 2,
           FU |-> 1 ],
         [ ind |-> 3,
           addr |-> "0x3",
           COM |-> 0,
           IFacq |-> 2,
           IFrel |-> 3,
           IDacq |-> 3,
           IDrel |-> 4,
           FUacq |-> 0,
           FUrel |-> 0,
           ROB |-> 3,
           RS |-> 3,
           FU |-> 0 ],
         [ ind |-> 4,
           addr |-> "0x4",
           COM |-> 0,
           IFacq |-> 2,
           IFrel |-> 3,
           IDacq |-> 3,
           IDrel |-> 4,
           FUacq |-> 0,
           FUrel |-> 0,
           ROB |-> 3,
           RS |-> 3,
           FU |-> 0 ] >>,
  edges |-> {[type |-> "D", source |-> 1, dest |-> 2]} ]
/\ pc2 = 4
/\ robHead = 1
/\ rob = << [ instr |->
         [ ind |-> 1,
           type |-> "MemRead",
           r0 |-> "ra",
           r1 |-> "",
           r2 |-> "",
           addr |-> "0x1" ],
     done |-> FALSE,
     executed |-> FALSE ],
   [ instr |->
         [ ind |-> 2,
           type |-> "IntAlu",
           r0 |-> "",
           r1 |-> "ra",
           r2 |-> "",
           addr |-> "0x2" ],
     done |-> FALSE,
     executed |-> FALSE ],
   [ instr |->
         [ ind |-> 3,
           type |-> "IntAlu",
           r0 |-> "rb",
           r1 |-> "",
           r2 |-> "",
           addr |-> "0x3" ],
     done |-> FALSE,
     executed |-> FALSE ],
   [ instr |->
         [ ind |-> 4,
           type |-> "MemWrite",
           r0 |-> "",
           r1 |-> "rb",
           r2 |-> "",
           addr |-> "0x4" ],
     done |-> FALSE,
     executed |-> FALSE ] >>
/\ _RS = << { [ ind |-> 2,
       type |-> "IntAlu",
       r0 |-> "",
       r1 |-> "ra",
       r2 |-> "",
       addr |-> "0x2" ] },
   { [ ind |-> 4,
       type |-> "MemWrite",
       r0 |-> "",
       r1 |-> "rb",
       r2 |-> "",
       addr |-> "0x4" ] },
   {},
   {} >>
/\ currCycle = 5
/\ exec_inst = 1
/\ robHead2 = 2
/\ pc = 4
/\ rob2 = << [ instr |->
         [ ind |-> 1,
           type |-> "MemRead",
           r0 |-> "ra",
           r1 |-> "",
           r2 |-> "",
           addr |-> "0x1" ],
     done |-> TRUE,
     executed |-> TRUE ],
   [ instr |->
         [ ind |-> 2,
           type |-> "IntAlu",
           r0 |-> "",
           r1 |-> "ra",
           r2 |-> "",
           addr |-> "0x2" ],
     done |-> FALSE,
     executed |-> FALSE ],
   [ instr |->
         [ ind |-> 3,
           type |-> "IntAlu",
           r0 |-> "rb",
           r1 |-> "",
           r2 |-> "",
           addr |-> "0x3" ],
     done |-> FALSE,
     executed |-> FALSE ],
   [ instr |->
         [ ind |-> 4,
           type |-> "MemWrite",
           r0 |-> "",
           r1 |-> "rb",
           r2 |-> "",
           addr |-> "0x4" ],
     done |-> FALSE,
     executed |-> FALSE ] >>
/\ _FU = << [ instr |->
         [ ind |-> 3,
           type |-> "IntAlu",
           r0 |-> "rb",
           r1 |-> "",
           r2 |-> "",
           addr |-> "0x3" ],
     baseLat |-> 3,
     currLat |-> 2 ],
   [ instr |->
         [ ind |-> 1,
           type |-> "MemRead",
           r0 |-> "ra",
           r1 |-> "",
           r2 |-> "",
           addr |-> "0x1" ],
     baseLat |-> 3,
     currLat |-> 3 ],
   [ instr |->
         [ ind |-> 0,
           type |-> "No_OpClass",
           r0 |-> "",
           r1 |-> "",
           r2 |-> "",
           addr |-> "" ],
     baseLat |-> 1,
     currLat |-> 1 ],
   [ instr |->
         [ ind |-> 0,
           type |-> "No_OpClass",
           r0 |-> "",
           r1 |-> "",
           r2 |-> "",
           addr |-> "" ],
     baseLat |-> 1,
     currLat |-> 1 ] >>

@!@!@ENDMSG 2217 @!@!@
@!@!@STARTMSG 2217:4 @!@!@
7: <Next line 52, col 9 to line 56, col 64 of module pipeline_ooo>
/\ _RS2 = << { [ ind |-> 3,
       type |-> "IntAlu",
       r0 |-> "rb",
       r1 |-> "",
       r2 |-> "",
       addr |-> "0x3" ] },
   { [ ind |-> 4,
       type |-> "MemWrite",
       r0 |-> "",
       r1 |-> "rb",
       r2 |-> "",
       addr |-> "0x4" ] },
   {},
   {} >>
/\ _COM2 = << [ ind |-> 0,
     type |-> "No_OpClass",
     r0 |-> "",
     r1 |-> "",
     r2 |-> "",
     addr |-> "" ],
   [ ind |-> 0,
     type |-> "No_OpClass",
     r0 |-> "",
     r1 |-> "",
     r2 |-> "",
     addr |-> "" ] >>
/\ _ID = << [ ind |-> 0,
     type |-> "No_OpClass",
     r0 |-> "",
     r1 |-> "",
     r2 |-> "",
     addr |-> "" ],
   [ ind |-> 0,
     type |-> "No_OpClass",
     r0 |-> "",
     r1 |-> "",
     r2 |-> "",
     addr |-> "" ] >>
/\ _IF = << [ instr |->
         [ ind |-> 0,
           type |-> "No_OpClass",
           r0 |-> "",
           r1 |-> "",
           r2 |-> "",
           addr |-> "" ],
     baseLat |-> 1,
     currLat |-> 1 ],
   [ instr |->
         [ ind |-> 0,
           type |-> "No_OpClass",
           r0 |-> "",
           r1 |-> "",
           r2 |-> "",
           addr |-> "" ],
     baseLat |-> 1,
     currLat |-> 1 ] >>
/\ _FU2 = << [ instr |->
         [ ind |-> 2,
           type |-> "IntAlu",
           r0 |-> "",
           r1 |-> "ra",
           r2 |-> "",
           addr |-> "0x2" ],
     baseLat |-> 3,
     currLat |-> 3 ],
   [ instr |->
         [ ind |-> 0,
           type |-> "No_OpClass",
           r0 |-> "",
           r1 |-> "",
           r2 |-> "",
           addr |-> "" ],
     baseLat |-> 1,
     currLat |-> 1 ],
   [ instr |->
         [ ind |-> 0,
           type |-> "No_OpClass",
           r0 |-> "",
           r1 |-> "",
           r2 |-> "",
           addr |-> "" ],
     baseLat |-> 1,
     currLat |-> 1 ],
   [ instr |->
         [ ind |-> 0,
           type |-> "No_OpClass",
           r0 |-> "",
           r1 |-> "",
           r2 |-> "",
           addr |-> "" ],
     baseLat |-> 1,
     currLat |-> 1 ] >>
/\ _COM = << [ ind |-> 1,
     type |-> "MemRead",
     r0 |-> "ra",
     r1 |-> "",
     r2 |-> "",
     addr |-> "0x1" ],
   [ ind |-> 0,
     type |-> "No_OpClass",
     r0 |-> "",
     r1 |-> "",
     r2 |-> "",
     addr |-> "" ] >>
/\ exec_inst2 = 2
/\ _ID2 = << [ ind |-> 0,
     type |-> "No_OpClass",
     r0 |-> "",
     r1 |-> "",
     r2 |-> "",
     addr |-> "" ],
   [ ind |-> 0,
     type |-> "No_OpClass",
     r0 |-> "",
     r1 |-> "",
     r2 |-> "",
     addr |-> "" ] >>
/\ graph = [ nodes |->
      << [ ind |-> 1,
           addr |-> "0x1",
           COM |-> 0,
           IFacq |-> 1,
           IFrel |-> 2,
           IDacq |-> 2,
           IDrel |-> 3,
           FUacq |-> 3,
           FUrel |-> 6,
           ROB |-> 2,
           RS |-> 2,
           FU |-> 2 ],
         [ ind |-> 2,
           addr |-> "0x2",
           COM |-> 0,
           IFacq |-> 1,
           IFrel |-> 2,
           IDacq |-> 2,
           IDrel |-> 3,
           FUacq |-> 0,
           FUrel |-> 0,
           ROB |-> 2,
           RS |-> 2,
           FU |-> 0 ],
         [ ind |-> 3,
           addr |-> "0x3",
           COM |-> 0,
           IFacq |-> 2,
           IFrel |-> 3,
           IDacq |-> 3,
           IDrel |-> 4,
           FUacq |-> 4,
           FUrel |-> 0,
           ROB |-> 3,
           RS |-> 3,
           FU |-> 1 ],
         [ ind |-> 4,
           addr |-> "0x4",
           COM |-> 0,
           IFacq |-> 2,
           IFrel |-> 3,
           IDacq |-> 3,
           IDrel |-> 4,
           FUacq |-> 0,
           FUrel |-> 0,
           ROB |-> 3,
           RS |-> 3,
           FU |-> 0 ] >>,
  edges |-> {} ]
/\ currCycle2 = 6
/\ _IF2 = << [ instr |->
         [ ind |-> 0,
           type |-> "No_OpClass",
           r0 |-> "",
           r1 |-> "",
           r2 |-> "",
           addr |-> "" ],
     baseLat |-> 1,
     currLat |-> 1 ],
   [ instr |->
         [ ind |-> 0,
           type |-> "No_OpClass",
           r0 |-> "",
           r1 |-> "",
           r2 |-> "",
           addr |-> "" ],
     baseLat |-> 1,
     currLat |-> 1 ] >>
/\ lastBound = 0
/\ graph2 = [ nodes |->
      << [ ind |-> 1,
           addr |-> "0x1",
           COM |-> 4,
           IFacq |-> 1,
           IFrel |-> 2,
           IDacq |-> 2,
           IDrel |-> 3,
           FUacq |-> 3,
           FUrel |-> 4,
           ROB |-> 2,
           RS |-> 2,
           FU |-> 2 ],
         [ ind |-> 2,
           addr |-> "0x2",
           COM |-> 0,
           IFacq |-> 1,
           IFrel |-> 2,
           IDacq |-> 2,
           IDrel |-> 3,
           FUacq |-> 4,
           FUrel |-> 0,
           ROB |-> 2,
           RS |-> 2,
           FU |-> 1 ],
         [ ind |-> 3,
           addr |-> "0x3",
           COM |-> 0,
           IFacq |-> 2,
           IFrel |-> 3,
           IDacq |-> 3,
           IDrel |-> 4,
           FUacq |-> 0,
           FUrel |-> 0,
           ROB |-> 3,
           RS |-> 3,
           FU |-> 0 ],
         [ ind |-> 4,
           addr |-> "0x4",
           COM |-> 0,
           IFacq |-> 2,
           IFrel |-> 3,
           IDacq |-> 3,
           IDrel |-> 4,
           FUacq |-> 0,
           FUrel |-> 0,
           ROB |-> 3,
           RS |-> 3,
           FU |-> 0 ] >>,
  edges |-> {[type |-> "D", source |-> 1, dest |-> 2]} ]
/\ pc2 = 4
/\ robHead = 1
/\ rob = << [ instr |->
         [ ind |-> 1,
           type |-> "MemRead",
           r0 |-> "ra",
           r1 |-> "",
           r2 |-> "",
           addr |-> "0x1" ],
     done |-> FALSE,
     executed |-> TRUE ],
   [ instr |->
         [ ind |-> 2,
           type |-> "IntAlu",
           r0 |-> "",
           r1 |-> "ra",
           r2 |-> "",
           addr |-> "0x2" ],
     done |-> FALSE,
     executed |-> FALSE ],
   [ instr |->
         [ ind |-> 3,
           type |-> "IntAlu",
           r0 |-> "rb",
           r1 |-> "",
           r2 |-> "",
           addr |-> "0x3" ],
     done |-> FALSE,
     executed |-> FALSE ],
   [ instr |->
         [ ind |-> 4,
           type |-> "MemWrite",
           r0 |-> "",
           r1 |-> "rb",
           r2 |-> "",
           addr |-> "0x4" ],
     done |-> FALSE,
     executed |-> FALSE ] >>
/\ _RS = << { [ ind |-> 2,
       type |-> "IntAlu",
       r0 |-> "",
       r1 |-> "ra",
       r2 |-> "",
       addr |-> "0x2" ] },
   { [ ind |-> 4,
       type |-> "MemWrite",
       r0 |-> "",
       r1 |-> "rb",
       r2 |-> "",
       addr |-> "0x4" ] },
   {},
   {} >>
/\ currCycle = 6
/\ exec_inst = 1
/\ robHead2 = 2
/\ pc = 4
/\ rob2 = << [ instr |->
         [ ind |-> 1,
           type |-> "MemRead",
           r0 |-> "ra",
           r1 |-> "",
           r2 |-> "",
           addr |-> "0x1" ],
     done |-> TRUE,
     executed |-> TRUE ],
   [ instr |->
         [ ind |-> 2,
           type |-> "IntAlu",
           r0 |-> "",
           r1 |-> "ra",
           r2 |-> "",
           addr |-> "0x2" ],
     done |-> FALSE,
     executed |-> FALSE ],
   [ instr |->
         [ ind |-> 3,
           type |-> "IntAlu",
           r0 |-> "rb",
           r1 |-> "",
           r2 |-> "",
           addr |-> "0x3" ],
     done |-> FALSE,
     executed |-> FALSE ],
   [ instr |->
         [ ind |-> 4,
           type |-> "MemWrite",
           r0 |-> "",
           r1 |-> "rb",
           r2 |-> "",
           addr |-> "0x4" ],
     done |-> FALSE,
     executed |-> FALSE ] >>
/\ _FU = << [ instr |->
         [ ind |-> 3,
           type |-> "IntAlu",
           r0 |-> "rb",
           r1 |-> "",
           r2 |-> "",
           addr |-> "0x3" ],
     baseLat |-> 3,
     currLat |-> 3 ],
   [ instr |->
         [ ind |-> 0,
           type |-> "No_OpClass",
           r0 |-> "",
           r1 |-> "",
           r2 |-> "",
           addr |-> "" ],
     baseLat |-> 1,
     currLat |-> 1 ],
   [ instr |->
         [ ind |-> 0,
           type |-> "No_OpClass",
           r0 |-> "",
           r1 |-> "",
           r2 |-> "",
           addr |-> "" ],
     baseLat |-> 1,
     currLat |-> 1 ],
   [ instr |->
         [ ind |-> 0,
           type |-> "No_OpClass",
           r0 |-> "",
           r1 |-> "",
           r2 |-> "",
           addr |-> "" ],
     baseLat |-> 1,
     currLat |-> 1 ] >>

@!@!@ENDMSG 2217 @!@!@
@!@!@STARTMSG 2217:4 @!@!@
8: <Next line 52, col 9 to line 56, col 64 of module pipeline_ooo>
/\ _RS2 = << {},
   { [ ind |-> 4,
       type |-> "MemWrite",
       r0 |-> "",
       r1 |-> "rb",
       r2 |-> "",
       addr |-> "0x4" ] },
   {},
   {} >>
/\ _COM2 = << [ ind |-> 2,
     type |-> "IntAlu",
     r0 |-> "",
     r1 |-> "ra",
     r2 |-> "",
     addr |-> "0x2" ],
   [ ind |-> 0,
     type |-> "No_OpClass",
     r0 |-> "",
     r1 |-> "",
     r2 |-> "",
     addr |-> "" ] >>
/\ _ID = << [ ind |-> 0,
     type |-> "No_OpClass",
     r0 |-> "",
     r1 |-> "",
     r2 |-> "",
     addr |-> "" ],
   [ ind |-> 0,
     type |-> "No_OpClass",
     r0 |-> "",
     r1 |-> "",
     r2 |-> "",
     addr |-> "" ] >>
/\ _IF = << [ instr |->
         [ ind |-> 0,
           type |-> "No_OpClass",
           r0 |-> "",
           r1 |-> "",
           r2 |-> "",
           addr |-> "" ],
     baseLat |-> 1,
     currLat |-> 1 ],
   [ instr |->
         [ ind |-> 0,
           type |-> "No_OpClass",
           r0 |-> "",
           r1 |-> "",
           r2 |-> "",
           addr |-> "" ],
     baseLat |-> 1,
     currLat |-> 1 ] >>
/\ _FU2 = << [ instr |->
         [ ind |-> 3,
           type |-> "IntAlu",
           r0 |-> "rb",
           r1 |-> "",
           r2 |-> "",
           addr |-> "0x3" ],
     baseLat |-> 3,
     currLat |-> 1 ],
   [ instr |->
         [ ind |-> 0,
           type |-> "No_OpClass",
           r0 |-> "",
           r1 |-> "",
           r2 |-> "",
           addr |-> "" ],
     baseLat |-> 1,
     currLat |-> 1 ],
   [ instr |->
         [ ind |-> 0,
           type |-> "No_OpClass",
           r0 |-> "",
           r1 |-> "",
           r2 |-> "",
           addr |-> "" ],
     baseLat |-> 1,
     currLat |-> 1 ],
   [ instr |->
         [ ind |-> 0,
           type |-> "No_OpClass",
           r0 |-> "",
           r1 |-> "",
           r2 |-> "",
           addr |-> "" ],
     baseLat |-> 1,
     currLat |-> 1 ] >>
/\ _COM = << [ ind |-> 0,
     type |-> "No_OpClass",
     r0 |-> "",
     r1 |-> "",
     r2 |-> "",
     addr |-> "" ],
   [ ind |-> 0,
     type |-> "No_OpClass",
     r0 |-> "",
     r1 |-> "",
     r2 |-> "",
     addr |-> "" ] >>
/\ exec_inst2 = 2
/\ _ID2 = << [ ind |-> 0,
     type |-> "No_OpClass",
     r0 |-> "",
     r1 |-> "",
     r2 |-> "",
     addr |-> "" ],
   [ ind |-> 0,
     type |-> "No_OpClass",
     r0 |-> "",
     r1 |-> "",
     r2 |-> "",
     addr |-> "" ] >>
/\ graph = [ nodes |->
      << [ ind |-> 1,
           addr |-> "0x1",
           COM |-> 6,
           IFacq |-> 1,
           IFrel |-> 2,
           IDacq |-> 2,
           IDrel |-> 3,
           FUacq |-> 3,
           FUrel |-> 6,
           ROB |-> 2,
           RS |-> 2,
           FU |-> 2 ],
         [ ind |-> 2,
           addr |-> "0x2",
           COM |-> 0,
           IFacq |-> 1,
           IFrel |-> 2,
           IDacq |-> 2,
           IDrel |-> 3,
           FUacq |-> 0,
           FUrel |-> 0,
           ROB |-> 2,
           RS |-> 2,
           FU |-> 0 ],
         [ ind |-> 3,
           addr |-> "0x3",
           COM |-> 0,
           IFacq |-> 2,
           IFrel |-> 3,
           IDacq |-> 3,
           IDrel |-> 4,
           FUacq |-> 4,
           FUrel |-> 7,
           ROB |-> 3,
           RS |-> 3,
           FU |-> 1 ],
         [ ind |-> 4,
           addr |-> "0x4",
           COM |-> 0,
           IFacq |-> 2,
           IFrel |-> 3,
           IDacq |-> 3,
           IDrel |-> 4,
           FUacq |-> 0,
           FUrel |-> 0,
           ROB |-> 3,
           RS |-> 3,
           FU |-> 0 ] >>,
  edges |-> {} ]
/\ currCycle2 = 7
/\ _IF2 = << [ instr |->
         [ ind |-> 0,
           type |-> "No_OpClass",
           r0 |-> "",
           r1 |-> "",
           r2 |-> "",
           addr |-> "" ],
     baseLat |-> 1,
     currLat |-> 1 ],
   [ instr |->
         [ ind |-> 0,
           type |-> "No_OpClass",
           r0 |-> "",
           r1 |-> "",
           r2 |-> "",
           addr |-> "" ],
     baseLat |-> 1,
     currLat |-> 1 ] >>
/\ lastBound = 0
/\ graph2 = [ nodes |->
      << [ ind |-> 1,
           addr |-> "0x1",
           COM |-> 4,
           IFacq |-> 1,
           IFrel |-> 2,
           IDacq |-> 2,
           IDrel |-> 3,
           FUacq |-> 3,
           FUrel |-> 4,
           ROB |-> 2,
           RS |-> 2,
           FU |-> 2 ],
         [ ind |-> 2,
           addr |-> "0x2",
           COM |-> 0,
           IFacq |-> 1,
           IFrel |-> 2,
           IDacq |-> 2,
           IDrel |-> 3,
           FUacq |-> 4,
           FUrel |-> 7,
           ROB |-> 2,
           RS |-> 2,
           FU |-> 1 ],
         [ ind |-> 3,
           addr |-> "0x3",
           COM |-> 0,
           IFacq |-> 2,
           IFrel |-> 3,
           IDacq |-> 3,
           IDrel |-> 4,
           FUacq |-> 0,
           FUrel |-> 0,
           ROB |-> 3,
           RS |-> 3,
           FU |-> 0 ],
         [ ind |-> 4,
           addr |-> "0x4",
           COM |-> 0,
           IFacq |-> 2,
           IFrel |-> 3,
           IDacq |-> 3,
           IDrel |-> 4,
           FUacq |-> 0,
           FUrel |-> 0,
           ROB |-> 3,
           RS |-> 3,
           FU |-> 0 ] >>,
  edges |-> {[type |-> "D", source |-> 1, dest |-> 2]} ]
/\ pc2 = 4
/\ robHead = 2
/\ rob = << [ instr |->
         [ ind |-> 1,
           type |-> "MemRead",
           r0 |-> "ra",
           r1 |-> "",
           r2 |-> "",
           addr |-> "0x1" ],
     done |-> TRUE,
     executed |-> TRUE ],
   [ instr |->
         [ ind |-> 2,
           type |-> "IntAlu",
           r0 |-> "",
           r1 |-> "ra",
           r2 |-> "",
           addr |-> "0x2" ],
     done |-> FALSE,
     executed |-> FALSE ],
   [ instr |->
         [ ind |-> 3,
           type |-> "IntAlu",
           r0 |-> "rb",
           r1 |-> "",
           r2 |-> "",
           addr |-> "0x3" ],
     done |-> FALSE,
     executed |-> TRUE ],
   [ instr |->
         [ ind |-> 4,
           type |-> "MemWrite",
           r0 |-> "",
           r1 |-> "rb",
           r2 |-> "",
           addr |-> "0x4" ],
     done |-> FALSE,
     executed |-> FALSE ] >>
/\ _RS = <<{}, {}, {}, {}>>
/\ currCycle = 7
/\ exec_inst = 1
/\ robHead2 = 2
/\ pc = 4
/\ rob2 = << [ instr |->
         [ ind |-> 1,
           type |-> "MemRead",
           r0 |-> "ra",
           r1 |-> "",
           r2 |-> "",
           addr |-> "0x1" ],
     done |-> TRUE,
     executed |-> TRUE ],
   [ instr |->
         [ ind |-> 2,
           type |-> "IntAlu",
           r0 |-> "",
           r1 |-> "ra",
           r2 |-> "",
           addr |-> "0x2" ],
     done |-> FALSE,
     executed |-> TRUE ],
   [ instr |->
         [ ind |-> 3,
           type |-> "IntAlu",
           r0 |-> "rb",
           r1 |-> "",
           r2 |-> "",
           addr |-> "0x3" ],
     done |-> FALSE,
     executed |-> FALSE ],
   [ instr |->
         [ ind |-> 4,
           type |-> "MemWrite",
           r0 |-> "",
           r1 |-> "rb",
           r2 |-> "",
           addr |-> "0x4" ],
     done |-> FALSE,
     executed |-> FALSE ] >>
/\ _FU = << [ instr |->
         [ ind |-> 2,
           type |-> "IntAlu",
           r0 |-> "",
           r1 |-> "ra",
           r2 |-> "",
           addr |-> "0x2" ],
     baseLat |-> 3,
     currLat |-> 1 ],
   [ instr |->
         [ ind |-> 4,
           type |-> "MemWrite",
           r0 |-> "",
           r1 |-> "rb",
           r2 |-> "",
           addr |-> "0x4" ],
     baseLat |-> 3,
     currLat |-> 1 ],
   [ instr |->
         [ ind |-> 0,
           type |-> "No_OpClass",
           r0 |-> "",
           r1 |-> "",
           r2 |-> "",
           addr |-> "" ],
     baseLat |-> 1,
     currLat |-> 1 ],
   [ instr |->
         [ ind |-> 0,
           type |-> "No_OpClass",
           r0 |-> "",
           r1 |-> "",
           r2 |-> "",
           addr |-> "" ],
     baseLat |-> 1,
     currLat |-> 1 ] >>

@!@!@ENDMSG 2217 @!@!@
@!@!@STARTMSG 2217:4 @!@!@
9: <Next line 52, col 9 to line 56, col 64 of module pipeline_ooo>
/\ _RS2 = << {},
   { [ ind |-> 4,
       type |-> "MemWrite",
       r0 |-> "",
       r1 |-> "rb",
       r2 |-> "",
       addr |-> "0x4" ] },
   {},
   {} >>
/\ _COM2 = << [ ind |-> 0,
     type |-> "No_OpClass",
     r0 |-> "",
     r1 |-> "",
     r2 |-> "",
     addr |-> "" ],
   [ ind |-> 0,
     type |-> "No_OpClass",
     r0 |-> "",
     r1 |-> "",
     r2 |-> "",
     addr |-> "" ] >>
/\ _ID = << [ ind |-> 0,
     type |-> "No_OpClass",
     r0 |-> "",
     r1 |-> "",
     r2 |-> "",
     addr |-> "" ],
   [ ind |-> 0,
     type |-> "No_OpClass",
     r0 |-> "",
     r1 |-> "",
     r2 |-> "",
     addr |-> "" ] >>
/\ _IF = << [ instr |->
         [ ind |-> 0,
           type |-> "No_OpClass",
           r0 |-> "",
           r1 |-> "",
           r2 |-> "",
           addr |-> "" ],
     baseLat |-> 1,
     currLat |-> 1 ],
   [ instr |->
         [ ind |-> 0,
           type |-> "No_OpClass",
           r0 |-> "",
           r1 |-> "",
           r2 |-> "",
           addr |-> "" ],
     baseLat |-> 1,
     currLat |-> 1 ] >>
/\ _FU2 = << [ instr |->
         [ ind |-> 3,
           type |-> "IntAlu",
           r0 |-> "rb",
           r1 |-> "",
           r2 |-> "",
           addr |-> "0x3" ],
     baseLat |-> 3,
     currLat |-> 2 ],
   [ instr |->
         [ ind |-> 0,
           type |-> "No_OpClass",
           r0 |-> "",
           r1 |-> "",
           r2 |-> "",
           addr |-> "" ],
     baseLat |-> 1,
     currLat |-> 1 ],
   [ instr |->
         [ ind |-> 0,
           type |-> "No_OpClass",
           r0 |-> "",
           r1 |-> "",
           r2 |-> "",
           addr |-> "" ],
     baseLat |-> 1,
     currLat |-> 1 ],
   [ instr |->
         [ ind |-> 0,
           type |-> "No_OpClass",
           r0 |-> "",
           r1 |-> "",
           r2 |-> "",
           addr |-> "" ],
     baseLat |-> 1,
     currLat |-> 1 ] >>
/\ _COM = << [ ind |-> 0,
     type |-> "No_OpClass",
     r0 |-> "",
     r1 |-> "",
     r2 |-> "",
     addr |-> "" ],
   [ ind |-> 0,
     type |-> "No_OpClass",
     r0 |-> "",
     r1 |-> "",
     r2 |-> "",
     addr |-> "" ] >>
/\ exec_inst2 = 2
/\ _ID2 = << [ ind |-> 0,
     type |-> "No_OpClass",
     r0 |-> "",
     r1 |-> "",
     r2 |-> "",
     addr |-> "" ],
   [ ind |-> 0,
     type |-> "No_OpClass",
     r0 |-> "",
     r1 |-> "",
     r2 |-> "",
     addr |-> "" ] >>
/\ graph = [ nodes |->
      << [ ind |-> 1,
           addr |-> "0x1",
           COM |-> 6,
           IFacq |-> 1,
           IFrel |-> 2,
           IDacq |-> 2,
           IDrel |-> 3,
           FUacq |-> 3,
           FUrel |-> 6,
           ROB |-> 2,
           RS |-> 2,
           FU |-> 2 ],
         [ ind |-> 2,
           addr |-> "0x2",
           COM |-> 0,
           IFacq |-> 1,
           IFrel |-> 2,
           IDacq |-> 2,
           IDrel |-> 3,
           FUacq |-> 7,
           FUrel |-> 0,
           ROB |-> 2,
           RS |-> 2,
           FU |-> 1 ],
         [ ind |-> 3,
           addr |-> "0x3",
           COM |-> 0,
           IFacq |-> 2,
           IFrel |-> 3,
           IDacq |-> 3,
           IDrel |-> 4,
           FUacq |-> 4,
           FUrel |-> 7,
           ROB |-> 3,
           RS |-> 3,
           FU |-> 1 ],
         [ ind |-> 4,
           addr |-> "0x4",
           COM |-> 0,
           IFacq |-> 2,
           IFrel |-> 3,
           IDacq |-> 3,
           IDrel |-> 4,
           FUacq |-> 7,
           FUrel |-> 0,
           ROB |-> 3,
           RS |-> 3,
           FU |-> 2 ] >>,
  edges |-> {[type |-> "D", source |-> 3, dest |-> 4]} ]
/\ currCycle2 = 8
/\ _IF2 = << [ instr |->
         [ ind |-> 0,
           type |-> "No_OpClass",
           r0 |-> "",
           r1 |-> "",
           r2 |-> "",
           addr |-> "" ],
     baseLat |-> 1,
     currLat |-> 1 ],
   [ instr |->
         [ ind |-> 0,
           type |-> "No_OpClass",
           r0 |-> "",
           r1 |-> "",
           r2 |-> "",
           addr |-> "" ],
     baseLat |-> 1,
     currLat |-> 1 ] >>
/\ lastBound = 0
/\ graph2 = [ nodes |->
      << [ ind |-> 1,
           addr |-> "0x1",
           COM |-> 4,
           IFacq |-> 1,
           IFrel |-> 2,
           IDacq |-> 2,
           IDrel |-> 3,
           FUacq |-> 3,
           FUrel |-> 4,
           ROB |-> 2,
           RS |-> 2,
           FU |-> 2 ],
         [ ind |-> 2,
           addr |-> "0x2",
           COM |-> 7,
           IFacq |-> 1,
           IFrel |-> 2,
           IDacq |-> 2,
           IDrel |-> 3,
           FUacq |-> 4,
           FUrel |-> 7,
           ROB |-> 2,
           RS |-> 2,
           FU |-> 1 ],
         [ ind |-> 3,
           addr |-> "0x3",
           COM |-> 0,
           IFacq |-> 2,
           IFrel |-> 3,
           IDacq |-> 3,
           IDrel |-> 4,
           FUacq |-> 7,
           FUrel |-> 0,
           ROB |-> 3,
           RS |-> 3,
           FU |-> 1 ],
         [ ind |-> 4,
           addr |-> "0x4",
           COM |-> 0,
           IFacq |-> 2,
           IFrel |-> 3,
           IDacq |-> 3,
           IDrel |-> 4,
           FUacq |-> 0,
           FUrel |-> 0,
           ROB |-> 3,
           RS |-> 3,
           FU |-> 0 ] >>,
  edges |-> {[type |-> "D", source |-> 1, dest |-> 2]} ]
/\ pc2 = 4
/\ robHead = 2
/\ rob = << [ instr |->
         [ ind |-> 1,
           type |-> "MemRead",
           r0 |-> "ra",
           r1 |-> "",
           r2 |-> "",
           addr |-> "0x1" ],
     done |-> TRUE,
     executed |-> TRUE ],
   [ instr |->
         [ ind |-> 2,
           type |-> "IntAlu",
           r0 |-> "",
           r1 |-> "ra",
           r2 |-> "",
           addr |-> "0x2" ],
     done |-> FALSE,
     executed |-> FALSE ],
   [ instr |->
         [ ind |-> 3,
           type |-> "IntAlu",
           r0 |-> "rb",
           r1 |-> "",
           r2 |-> "",
           addr |-> "0x3" ],
     done |-> FALSE,
     executed |-> TRUE ],
   [ instr |->
         [ ind |-> 4,
           type |-> "MemWrite",
           r0 |-> "",
           r1 |-> "rb",
           r2 |-> "",
           addr |-> "0x4" ],
     done |-> FALSE,
     executed |-> FALSE ] >>
/\ _RS = <<{}, {}, {}, {}>>
/\ currCycle = 8
/\ exec_inst = 1
/\ robHead2 = 3
/\ pc = 4
/\ rob2 = << [ instr |->
         [ ind |-> 1,
           type |-> "MemRead",
           r0 |-> "ra",
           r1 |-> "",
           r2 |-> "",
           addr |-> "0x1" ],
     done |-> TRUE,
     executed |-> TRUE ],
   [ instr |->
         [ ind |-> 2,
           type |-> "IntAlu",
           r0 |-> "",
           r1 |-> "ra",
           r2 |-> "",
           addr |-> "0x2" ],
     done |-> TRUE,
     executed |-> TRUE ],
   [ instr |->
         [ ind |-> 3,
           type |-> "IntAlu",
           r0 |-> "rb",
           r1 |-> "",
           r2 |-> "",
           addr |-> "0x3" ],
     done |-> FALSE,
     executed |-> FALSE ],
   [ instr |->
         [ ind |-> 4,
           type |-> "MemWrite",
           r0 |-> "",
           r1 |-> "rb",
           r2 |-> "",
           addr |-> "0x4" ],
     done |-> FALSE,
     executed |-> FALSE ] >>
/\ _FU = << [ instr |->
         [ ind |-> 2,
           type |-> "IntAlu",
           r0 |-> "",
           r1 |-> "ra",
           r2 |-> "",
           addr |-> "0x2" ],
     baseLat |-> 3,
     currLat |-> 2 ],
   [ instr |->
         [ ind |-> 4,
           type |-> "MemWrite",
           r0 |-> "",
           r1 |-> "rb",
           r2 |-> "",
           addr |-> "0x4" ],
     baseLat |-> 3,
     currLat |-> 2 ],
   [ instr |->
         [ ind |-> 0,
           type |-> "No_OpClass",
           r0 |-> "",
           r1 |-> "",
           r2 |-> "",
           addr |-> "" ],
     baseLat |-> 1,
     currLat |-> 1 ],
   [ instr |->
         [ ind |-> 0,
           type |-> "No_OpClass",
           r0 |-> "",
           r1 |-> "",
           r2 |-> "",
           addr |-> "" ],
     baseLat |-> 1,
     currLat |-> 1 ] >>

@!@!@ENDMSG 2217 @!@!@
@!@!@STARTMSG 2217:4 @!@!@
10: <Next line 52, col 9 to line 56, col 64 of module pipeline_ooo>
/\ _RS2 = << {},
   { [ ind |-> 4,
       type |-> "MemWrite",
       r0 |-> "",
       r1 |-> "rb",
       r2 |-> "",
       addr |-> "0x4" ] },
   {},
   {} >>
/\ _COM2 = << [ ind |-> 0,
     type |-> "No_OpClass",
     r0 |-> "",
     r1 |-> "",
     r2 |-> "",
     addr |-> "" ],
   [ ind |-> 0,
     type |-> "No_OpClass",
     r0 |-> "",
     r1 |-> "",
     r2 |-> "",
     addr |-> "" ] >>
/\ _ID = << [ ind |-> 0,
     type |-> "No_OpClass",
     r0 |-> "",
     r1 |-> "",
     r2 |-> "",
     addr |-> "" ],
   [ ind |-> 0,
     type |-> "No_OpClass",
     r0 |-> "",
     r1 |-> "",
     r2 |-> "",
     addr |-> "" ] >>
/\ _IF = << [ instr |->
         [ ind |-> 0,
           type |-> "No_OpClass",
           r0 |-> "",
           r1 |-> "",
           r2 |-> "",
           addr |-> "" ],
     baseLat |-> 1,
     currLat |-> 1 ],
   [ instr |->
         [ ind |-> 0,
           type |-> "No_OpClass",
           r0 |-> "",
           r1 |-> "",
           r2 |-> "",
           addr |-> "" ],
     baseLat |-> 1,
     currLat |-> 1 ] >>
/\ _FU2 = << [ instr |->
         [ ind |-> 3,
           type |-> "IntAlu",
           r0 |-> "rb",
           r1 |-> "",
           r2 |-> "",
           addr |-> "0x3" ],
     baseLat |-> 3,
     currLat |-> 3 ],
   [ instr |->
         [ ind |-> 0,
           type |-> "No_OpClass",
           r0 |-> "",
           r1 |-> "",
           r2 |-> "",
           addr |-> "" ],
     baseLat |-> 1,
     currLat |-> 1 ],
   [ instr |->
         [ ind |-> 0,
           type |-> "No_OpClass",
           r0 |-> "",
           r1 |-> "",
           r2 |-> "",
           addr |-> "" ],
     baseLat |-> 1,
     currLat |-> 1 ],
   [ instr |->
         [ ind |-> 0,
           type |-> "No_OpClass",
           r0 |-> "",
           r1 |-> "",
           r2 |-> "",
           addr |-> "" ],
     baseLat |-> 1,
     currLat |-> 1 ] >>
/\ _COM = << [ ind |-> 0,
     type |-> "No_OpClass",
     r0 |-> "",
     r1 |-> "",
     r2 |-> "",
     addr |-> "" ],
   [ ind |-> 0,
     type |-> "No_OpClass",
     r0 |-> "",
     r1 |-> "",
     r2 |-> "",
     addr |-> "" ] >>
/\ exec_inst2 = 2
/\ _ID2 = << [ ind |-> 0,
     type |-> "No_OpClass",
     r0 |-> "",
     r1 |-> "",
     r2 |-> "",
     addr |-> "" ],
   [ ind |-> 0,
     type |-> "No_OpClass",
     r0 |-> "",
     r1 |-> "",
     r2 |-> "",
     addr |-> "" ] >>
/\ graph = [ nodes |->
      << [ ind |-> 1,
           addr |-> "0x1",
           COM |-> 6,
           IFacq |-> 1,
           IFrel |-> 2,
           IDacq |-> 2,
           IDrel |-> 3,
           FUacq |-> 3,
           FUrel |-> 6,
           ROB |-> 2,
           RS |-> 2,
           FU |-> 2 ],
         [ ind |-> 2,
           addr |-> "0x2",
           COM |-> 0,
           IFacq |-> 1,
           IFrel |-> 2,
           IDacq |-> 2,
           IDrel |-> 3,
           FUacq |-> 7,
           FUrel |-> 0,
           ROB |-> 2,
           RS |-> 2,
           FU |-> 1 ],
         [ ind |-> 3,
           addr |-> "0x3",
           COM |-> 0,
           IFacq |-> 2,
           IFrel |-> 3,
           IDacq |-> 3,
           IDrel |-> 4,
           FUacq |-> 4,
           FUrel |-> 7,
           ROB |-> 3,
           RS |-> 3,
           FU |-> 1 ],
         [ ind |-> 4,
           addr |-> "0x4",
           COM |-> 0,
           IFacq |-> 2,
           IFrel |-> 3,
           IDacq |-> 3,
           IDrel |-> 4,
           FUacq |-> 7,
           FUrel |-> 0,
           ROB |-> 3,
           RS |-> 3,
           FU |-> 2 ] >>,
  edges |-> {[type |-> "D", source |-> 3, dest |-> 4]} ]
/\ currCycle2 = 9
/\ _IF2 = << [ instr |->
         [ ind |-> 0,
           type |-> "No_OpClass",
           r0 |-> "",
           r1 |-> "",
           r2 |-> "",
           addr |-> "" ],
     baseLat |-> 1,
     currLat |-> 1 ],
   [ instr |->
         [ ind |-> 0,
           type |-> "No_OpClass",
           r0 |-> "",
           r1 |-> "",
           r2 |-> "",
           addr |-> "" ],
     baseLat |-> 1,
     currLat |-> 1 ] >>
/\ lastBound = 0
/\ graph2 = [ nodes |->
      << [ ind |-> 1,
           addr |-> "0x1",
           COM |-> 4,
           IFacq |-> 1,
           IFrel |-> 2,
           IDacq |-> 2,
           IDrel |-> 3,
           FUacq |-> 3,
           FUrel |-> 4,
           ROB |-> 2,
           RS |-> 2,
           FU |-> 2 ],
         [ ind |-> 2,
           addr |-> "0x2",
           COM |-> 7,
           IFacq |-> 1,
           IFrel |-> 2,
           IDacq |-> 2,
           IDrel |-> 3,
           FUacq |-> 4,
           FUrel |-> 7,
           ROB |-> 2,
           RS |-> 2,
           FU |-> 1 ],
         [ ind |-> 3,
           addr |-> "0x3",
           COM |-> 0,
           IFacq |-> 2,
           IFrel |-> 3,
           IDacq |-> 3,
           IDrel |-> 4,
           FUacq |-> 7,
           FUrel |-> 0,
           ROB |-> 3,
           RS |-> 3,
           FU |-> 1 ],
         [ ind |-> 4,
           addr |-> "0x4",
           COM |-> 0,
           IFacq |-> 2,
           IFrel |-> 3,
           IDacq |-> 3,
           IDrel |-> 4,
           FUacq |-> 0,
           FUrel |-> 0,
           ROB |-> 3,
           RS |-> 3,
           FU |-> 0 ] >>,
  edges |-> {[type |-> "D", source |-> 1, dest |-> 2]} ]
/\ pc2 = 4
/\ robHead = 2
/\ rob = << [ instr |->
         [ ind |-> 1,
           type |-> "MemRead",
           r0 |-> "ra",
           r1 |-> "",
           r2 |-> "",
           addr |-> "0x1" ],
     done |-> TRUE,
     executed |-> TRUE ],
   [ instr |->
         [ ind |-> 2,
           type |-> "IntAlu",
           r0 |-> "",
           r1 |-> "ra",
           r2 |-> "",
           addr |-> "0x2" ],
     done |-> FALSE,
     executed |-> FALSE ],
   [ instr |->
         [ ind |-> 3,
           type |-> "IntAlu",
           r0 |-> "rb",
           r1 |-> "",
           r2 |-> "",
           addr |-> "0x3" ],
     done |-> FALSE,
     executed |-> TRUE ],
   [ instr |->
         [ ind |-> 4,
           type |-> "MemWrite",
           r0 |-> "",
           r1 |-> "rb",
           r2 |-> "",
           addr |-> "0x4" ],
     done |-> FALSE,
     executed |-> FALSE ] >>
/\ _RS = <<{}, {}, {}, {}>>
/\ currCycle = 9
/\ exec_inst = 1
/\ robHead2 = 3
/\ pc = 4
/\ rob2 = << [ instr |->
         [ ind |-> 1,
           type |-> "MemRead",
           r0 |-> "ra",
           r1 |-> "",
           r2 |-> "",
           addr |-> "0x1" ],
     done |-> TRUE,
     executed |-> TRUE ],
   [ instr |->
         [ ind |-> 2,
           type |-> "IntAlu",
           r0 |-> "",
           r1 |-> "ra",
           r2 |-> "",
           addr |-> "0x2" ],
     done |-> TRUE,
     executed |-> TRUE ],
   [ instr |->
         [ ind |-> 3,
           type |-> "IntAlu",
           r0 |-> "rb",
           r1 |-> "",
           r2 |-> "",
           addr |-> "0x3" ],
     done |-> FALSE,
     executed |-> FALSE ],
   [ instr |->
         [ ind |-> 4,
           type |-> "MemWrite",
           r0 |-> "",
           r1 |-> "rb",
           r2 |-> "",
           addr |-> "0x4" ],
     done |-> FALSE,
     executed |-> FALSE ] >>
/\ _FU = << [ instr |->
         [ ind |-> 2,
           type |-> "IntAlu",
           r0 |-> "",
           r1 |-> "ra",
           r2 |-> "",
           addr |-> "0x2" ],
     baseLat |-> 3,
     currLat |-> 3 ],
   [ instr |->
         [ ind |-> 4,
           type |-> "MemWrite",
           r0 |-> "",
           r1 |-> "rb",
           r2 |-> "",
           addr |-> "0x4" ],
     baseLat |-> 3,
     currLat |-> 3 ],
   [ instr |->
         [ ind |-> 0,
           type |-> "No_OpClass",
           r0 |-> "",
           r1 |-> "",
           r2 |-> "",
           addr |-> "" ],
     baseLat |-> 1,
     currLat |-> 1 ],
   [ instr |->
         [ ind |-> 0,
           type |-> "No_OpClass",
           r0 |-> "",
           r1 |-> "",
           r2 |-> "",
           addr |-> "" ],
     baseLat |-> 1,
     currLat |-> 1 ] >>

@!@!@ENDMSG 2217 @!@!@
@!@!@STARTMSG 2217:4 @!@!@
11: <Next line 52, col 9 to line 56, col 64 of module pipeline_ooo>
/\ _RS2 = <<{}, {}, {}, {}>>
/\ _COM2 = << [ ind |-> 3,
     type |-> "IntAlu",
     r0 |-> "rb",
     r1 |-> "",
     r2 |-> "",
     addr |-> "0x3" ],
   [ ind |-> 0,
     type |-> "No_OpClass",
     r0 |-> "",
     r1 |-> "",
     r2 |-> "",
     addr |-> "" ] >>
/\ _ID = << [ ind |-> 0,
     type |-> "No_OpClass",
     r0 |-> "",
     r1 |-> "",
     r2 |-> "",
     addr |-> "" ],
   [ ind |-> 0,
     type |-> "No_OpClass",
     r0 |-> "",
     r1 |-> "",
     r2 |-> "",
     addr |-> "" ] >>
/\ _IF = << [ instr |->
         [ ind |-> 0,
           type |-> "No_OpClass",
           r0 |-> "",
           r1 |-> "",
           r2 |-> "",
           addr |-> "" ],
     baseLat |-> 1,
     currLat |-> 1 ],
   [ instr |->
         [ ind |-> 0,
           type |-> "No_OpClass",
           r0 |-> "",
           r1 |-> "",
           r2 |-> "",
           addr |-> "" ],
     baseLat |-> 1,
     currLat |-> 1 ] >>
/\ _FU2 = << [ instr |->
         [ ind |-> 0,
           type |-> "No_OpClass",
           r0 |-> "",
           r1 |-> "",
           r2 |-> "",
           addr |-> "" ],
     baseLat |-> 1,
     currLat |-> 1 ],
   [ instr |->
         [ ind |-> 4,
           type |-> "MemWrite",
           r0 |-> "",
           r1 |-> "rb",
           r2 |-> "",
           addr |-> "0x4" ],
     baseLat |-> 3,
     currLat |-> 1 ],
   [ instr |->
         [ ind |-> 0,
           type |-> "No_OpClass",
           r0 |-> "",
           r1 |-> "",
           r2 |-> "",
           addr |-> "" ],
     baseLat |-> 1,
     currLat |-> 1 ],
   [ instr |->
         [ ind |-> 0,
           type |-> "No_OpClass",
           r0 |-> "",
           r1 |-> "",
           r2 |-> "",
           addr |-> "" ],
     baseLat |-> 1,
     currLat |-> 1 ] >>
/\ _COM = << [ ind |-> 2,
     type |-> "IntAlu",
     r0 |-> "",
     r1 |-> "ra",
     r2 |-> "",
     addr |-> "0x2" ],
   [ ind |-> 3,
     type |-> "IntAlu",
     r0 |-> "rb",
     r1 |-> "",
     r2 |-> "",
     addr |-> "0x3" ] >>
/\ exec_inst2 = 2
/\ _ID2 = << [ ind |-> 0,
     type |-> "No_OpClass",
     r0 |-> "",
     r1 |-> "",
     r2 |-> "",
     addr |-> "" ],
   [ ind |-> 0,
     type |-> "No_OpClass",
     r0 |-> "",
     r1 |-> "",
     r2 |-> "",
     addr |-> "" ] >>
/\ graph = [ nodes |->
      << [ ind |-> 1,
           addr |-> "0x1",
           COM |-> 6,
           IFacq |-> 1,
           IFrel |-> 2,
           IDacq |-> 2,
           IDrel |-> 3,
           FUacq |-> 3,
           FUrel |-> 6,
           ROB |-> 2,
           RS |-> 2,
           FU |-> 2 ],
         [ ind |-> 2,
           addr |-> "0x2",
           COM |-> 0,
           IFacq |-> 1,
           IFrel |-> 2,
           IDacq |-> 2,
           IDrel |-> 3,
           FUacq |-> 7,
           FUrel |-> 10,
           ROB |-> 2,
           RS |-> 2,
           FU |-> 1 ],
         [ ind |-> 3,
           addr |-> "0x3",
           COM |-> 0,
           IFacq |-> 2,
           IFrel |-> 3,
           IDacq |-> 3,
           IDrel |-> 4,
           FUacq |-> 4,
           FUrel |-> 7,
           ROB |-> 3,
           RS |-> 3,
           FU |-> 1 ],
         [ ind |-> 4,
           addr |-> "0x4",
           COM |-> 0,
           IFacq |-> 2,
           IFrel |-> 3,
           IDacq |-> 3,
           IDrel |-> 4,
           FUacq |-> 7,
           FUrel |-> 10,
           ROB |-> 3,
           RS |-> 3,
           FU |-> 2 ] >>,
  edges |-> {[type |-> "D", source |-> 3, dest |-> 4]} ]
/\ currCycle2 = 10
/\ _IF2 = << [ instr |->
         [ ind |-> 0,
           type |-> "No_OpClass",
           r0 |-> "",
           r1 |-> "",
           r2 |-> "",
           addr |-> "" ],
     baseLat |-> 1,
     currLat |-> 1 ],
   [ instr |->
         [ ind |-> 0,
           type |-> "No_OpClass",
           r0 |-> "",
           r1 |-> "",
           r2 |-> "",
           addr |-> "" ],
     baseLat |-> 1,
     currLat |-> 1 ] >>
/\ lastBound = 0
/\ graph2 = [ nodes |->
      << [ ind |-> 1,
           addr |-> "0x1",
           COM |-> 4,
           IFacq |-> 1,
           IFrel |-> 2,
           IDacq |-> 2,
           IDrel |-> 3,
           FUacq |-> 3,
           FUrel |-> 4,
           ROB |-> 2,
           RS |-> 2,
           FU |-> 2 ],
         [ ind |-> 2,
           addr |-> "0x2",
           COM |-> 7,
           IFacq |-> 1,
           IFrel |-> 2,
           IDacq |-> 2,
           IDrel |-> 3,
           FUacq |-> 4,
           FUrel |-> 7,
           ROB |-> 2,
           RS |-> 2,
           FU |-> 1 ],
         [ ind |-> 3,
           addr |-> "0x3",
           COM |-> 0,
           IFacq |-> 2,
           IFrel |-> 3,
           IDacq |-> 3,
           IDrel |-> 4,
           FUacq |-> 7,
           FUrel |-> 10,
           ROB |-> 3,
           RS |-> 3,
           FU |-> 1 ],
         [ ind |-> 4,
           addr |-> "0x4",
           COM |-> 0,
           IFacq |-> 2,
           IFrel |-> 3,
           IDacq |-> 3,
           IDrel |-> 4,
           FUacq |-> 0,
           FUrel |-> 0,
           ROB |-> 3,
           RS |-> 3,
           FU |-> 0 ] >>,
  edges |-> {[type |-> "D", source |-> 1, dest |-> 2]} ]
/\ pc2 = 4
/\ robHead = 2
/\ rob = << [ instr |->
         [ ind |-> 1,
           type |-> "MemRead",
           r0 |-> "ra",
           r1 |-> "",
           r2 |-> "",
           addr |-> "0x1" ],
     done |-> TRUE,
     executed |-> TRUE ],
   [ instr |->
         [ ind |-> 2,
           type |-> "IntAlu",
           r0 |-> "",
           r1 |-> "ra",
           r2 |-> "",
           addr |-> "0x2" ],
     done |-> FALSE,
     executed |-> TRUE ],
   [ instr |->
         [ ind |-> 3,
           type |-> "IntAlu",
           r0 |-> "rb",
           r1 |-> "",
           r2 |-> "",
           addr |-> "0x3" ],
     done |-> FALSE,
     executed |-> TRUE ],
   [ instr |->
         [ ind |-> 4,
           type |-> "MemWrite",
           r0 |-> "",
           r1 |-> "rb",
           r2 |-> "",
           addr |-> "0x4" ],
     done |-> FALSE,
     executed |-> TRUE ] >>
/\ _RS = <<{}, {}, {}, {}>>
/\ currCycle = 10
/\ exec_inst = 1
/\ robHead2 = 3
/\ pc = 4
/\ rob2 = << [ instr |->
         [ ind |-> 1,
           type |-> "MemRead",
           r0 |-> "ra",
           r1 |-> "",
           r2 |-> "",
           addr |-> "0x1" ],
     done |-> TRUE,
     executed |-> TRUE ],
   [ instr |->
         [ ind |-> 2,
           type |-> "IntAlu",
           r0 |-> "",
           r1 |-> "ra",
           r2 |-> "",
           addr |-> "0x2" ],
     done |-> TRUE,
     executed |-> TRUE ],
   [ instr |->
         [ ind |-> 3,
           type |-> "IntAlu",
           r0 |-> "rb",
           r1 |-> "",
           r2 |-> "",
           addr |-> "0x3" ],
     done |-> FALSE,
     executed |-> TRUE ],
   [ instr |->
         [ ind |-> 4,
           type |-> "MemWrite",
           r0 |-> "",
           r1 |-> "rb",
           r2 |-> "",
           addr |-> "0x4" ],
     done |-> FALSE,
     executed |-> FALSE ] >>
/\ _FU = << [ instr |->
         [ ind |-> 0,
           type |-> "No_OpClass",
           r0 |-> "",
           r1 |-> "",
           r2 |-> "",
           addr |-> "" ],
     baseLat |-> 1,
     currLat |-> 1 ],
   [ instr |->
         [ ind |-> 0,
           type |-> "No_OpClass",
           r0 |-> "",
           r1 |-> "",
           r2 |-> "",
           addr |-> "" ],
     baseLat |-> 1,
     currLat |-> 1 ],
   [ instr |->
         [ ind |-> 0,
           type |-> "No_OpClass",
           r0 |-> "",
           r1 |-> "",
           r2 |-> "",
           addr |-> "" ],
     baseLat |-> 1,
     currLat |-> 1 ],
   [ instr |->
         [ ind |-> 0,
           type |-> "No_OpClass",
           r0 |-> "",
           r1 |-> "",
           r2 |-> "",
           addr |-> "" ],
     baseLat |-> 1,
     currLat |-> 1 ] >>

@!@!@ENDMSG 2217 @!@!@
@!@!@STARTMSG 2217:4 @!@!@
12: <Next line 52, col 9 to line 56, col 64 of module pipeline_ooo>
/\ _RS2 = <<{}, {}, {}, {}>>
/\ _COM2 = << [ ind |-> 0,
     type |-> "No_OpClass",
     r0 |-> "",
     r1 |-> "",
     r2 |-> "",
     addr |-> "" ],
   [ ind |-> 0,
     type |-> "No_OpClass",
     r0 |-> "",
     r1 |-> "",
     r2 |-> "",
     addr |-> "" ] >>
/\ _ID = << [ ind |-> 0,
     type |-> "No_OpClass",
     r0 |-> "",
     r1 |-> "",
     r2 |-> "",
     addr |-> "" ],
   [ ind |-> 0,
     type |-> "No_OpClass",
     r0 |-> "",
     r1 |-> "",
     r2 |-> "",
     addr |-> "" ] >>
/\ _IF = << [ instr |->
         [ ind |-> 0,
           type |-> "No_OpClass",
           r0 |-> "",
           r1 |-> "",
           r2 |-> "",
           addr |-> "" ],
     baseLat |-> 1,
     currLat |-> 1 ],
   [ instr |->
         [ ind |-> 0,
           type |-> "No_OpClass",
           r0 |-> "",
           r1 |-> "",
           r2 |-> "",
           addr |-> "" ],
     baseLat |-> 1,
     currLat |-> 1 ] >>
/\ _FU2 = << [ instr |->
         [ ind |-> 0,
           type |-> "No_OpClass",
           r0 |-> "",
           r1 |-> "",
           r2 |-> "",
           addr |-> "" ],
     baseLat |-> 1,
     currLat |-> 1 ],
   [ instr |->
         [ ind |-> 4,
           type |-> "MemWrite",
           r0 |-> "",
           r1 |-> "rb",
           r2 |-> "",
           addr |-> "0x4" ],
     baseLat |-> 3,
     currLat |-> 2 ],
   [ instr |->
         [ ind |-> 0,
           type |-> "No_OpClass",
           r0 |-> "",
           r1 |-> "",
           r2 |-> "",
           addr |-> "" ],
     baseLat |-> 1,
     currLat |-> 1 ],
   [ instr |->
         [ ind |-> 0,
           type |-> "No_OpClass",
           r0 |-> "",
           r1 |-> "",
           r2 |-> "",
           addr |-> "" ],
     baseLat |-> 1,
     currLat |-> 1 ] >>
/\ _COM = << [ ind |-> 4,
     type |-> "MemWrite",
     r0 |-> "",
     r1 |-> "rb",
     r2 |-> "",
     addr |-> "0x4" ],
   [ ind |-> 0,
     type |-> "No_OpClass",
     r0 |-> "",
     r1 |-> "",
     r2 |-> "",
     addr |-> "" ] >>
/\ exec_inst2 = 2
/\ _ID2 = << [ ind |-> 0,
     type |-> "No_OpClass",
     r0 |-> "",
     r1 |-> "",
     r2 |-> "",
     addr |-> "" ],
   [ ind |-> 0,
     type |-> "No_OpClass",
     r0 |-> "",
     r1 |-> "",
     r2 |-> "",
     addr |-> "" ] >>
/\ graph = [ nodes |->
      << [ ind |-> 1,
           addr |-> "0x1",
           COM |-> 6,
           IFacq |-> 1,
           IFrel |-> 2,
           IDacq |-> 2,
           IDrel |-> 3,
           FUacq |-> 3,
           FUrel |-> 6,
           ROB |-> 2,
           RS |-> 2,
           FU |-> 2 ],
         [ ind |-> 2,
           addr |-> "0x2",
           COM |-> 10,
           IFacq |-> 1,
           IFrel |-> 2,
           IDacq |-> 2,
           IDrel |-> 3,
           FUacq |-> 7,
           FUrel |-> 10,
           ROB |-> 2,
           RS |-> 2,
           FU |-> 1 ],
         [ ind |-> 3,
           addr |-> "0x3",
           COM |-> 10,
           IFacq |-> 2,
           IFrel |-> 3,
           IDacq |-> 3,
           IDrel |-> 4,
           FUacq |-> 4,
           FUrel |-> 7,
           ROB |-> 3,
           RS |-> 3,
           FU |-> 1 ],
         [ ind |-> 4,
           addr |-> "0x4",
           COM |-> 0,
           IFacq |-> 2,
           IFrel |-> 3,
           IDacq |-> 3,
           IDrel |-> 4,
           FUacq |-> 7,
           FUrel |-> 10,
           ROB |-> 3,
           RS |-> 3,
           FU |-> 2 ] >>,
  edges |-> {[type |-> "D", source |-> 3, dest |-> 4]} ]
/\ currCycle2 = 11
/\ _IF2 = << [ instr |->
         [ ind |-> 0,
           type |-> "No_OpClass",
           r0 |-> "",
           r1 |-> "",
           r2 |-> "",
           addr |-> "" ],
     baseLat |-> 1,
     currLat |-> 1 ],
   [ instr |->
         [ ind |-> 0,
           type |-> "No_OpClass",
           r0 |-> "",
           r1 |-> "",
           r2 |-> "",
           addr |-> "" ],
     baseLat |-> 1,
     currLat |-> 1 ] >>
/\ lastBound = 0
/\ graph2 = [ nodes |->
      << [ ind |-> 1,
           addr |-> "0x1",
           COM |-> 4,
           IFacq |-> 1,
           IFrel |-> 2,
           IDacq |-> 2,
           IDrel |-> 3,
           FUacq |-> 3,
           FUrel |-> 4,
           ROB |-> 2,
           RS |-> 2,
           FU |-> 2 ],
         [ ind |-> 2,
           addr |-> "0x2",
           COM |-> 7,
           IFacq |-> 1,
           IFrel |-> 2,
           IDacq |-> 2,
           IDrel |-> 3,
           FUacq |-> 4,
           FUrel |-> 7,
           ROB |-> 2,
           RS |-> 2,
           FU |-> 1 ],
         [ ind |-> 3,
           addr |-> "0x3",
           COM |-> 10,
           IFacq |-> 2,
           IFrel |-> 3,
           IDacq |-> 3,
           IDrel |-> 4,
           FUacq |-> 7,
           FUrel |-> 10,
           ROB |-> 3,
           RS |-> 3,
           FU |-> 1 ],
         [ ind |-> 4,
           addr |-> "0x4",
           COM |-> 0,
           IFacq |-> 2,
           IFrel |-> 3,
           IDacq |-> 3,
           IDrel |-> 4,
           FUacq |-> 10,
           FUrel |-> 0,
           ROB |-> 3,
           RS |-> 3,
           FU |-> 2 ] >>,
  edges |->
      { [type |-> "D", source |-> 1, dest |-> 2],
        [type |-> "D", source |-> 3, dest |-> 4] } ]
/\ pc2 = 4
/\ robHead = 4
/\ rob = << [ instr |->
         [ ind |-> 1,
           type |-> "MemRead",
           r0 |-> "ra",
           r1 |-> "",
           r2 |-> "",
           addr |-> "0x1" ],
     done |-> TRUE,
     executed |-> TRUE ],
   [ instr |->
         [ ind |-> 2,
           type |-> "IntAlu",
           r0 |-> "",
           r1 |-> "ra",
           r2 |-> "",
           addr |-> "0x2" ],
     done |-> TRUE,
     executed |-> TRUE ],
   [ instr |->
         [ ind |-> 3,
           type |-> "IntAlu",
           r0 |-> "rb",
           r1 |-> "",
           r2 |-> "",
           addr |-> "0x3" ],
     done |-> TRUE,
     executed |-> TRUE ],
   [ instr |->
         [ ind |-> 4,
           type |-> "MemWrite",
           r0 |-> "",
           r1 |-> "rb",
           r2 |-> "",
           addr |-> "0x4" ],
     done |-> FALSE,
     executed |-> TRUE ] >>
/\ _RS = <<{}, {}, {}, {}>>
/\ currCycle = 11
/\ exec_inst = 1
/\ robHead2 = 4
/\ pc = 4
/\ rob2 = << [ instr |->
         [ ind |-> 1,
           type |-> "MemRead",
           r0 |-> "ra",
           r1 |-> "",
           r2 |-> "",
           addr |-> "0x1" ],
     done |-> TRUE,
     executed |-> TRUE ],
   [ instr |->
         [ ind |-> 2,
           type |-> "IntAlu",
           r0 |-> "",
           r1 |-> "ra",
           r2 |-> "",
           addr |-> "0x2" ],
     done |-> TRUE,
     executed |-> TRUE ],
   [ instr |->
         [ ind |-> 3,
           type |-> "IntAlu",
           r0 |-> "rb",
           r1 |-> "",
           r2 |-> "",
           addr |-> "0x3" ],
     done |-> TRUE,
     executed |-> TRUE ],
   [ instr |->
         [ ind |-> 4,
           type |-> "MemWrite",
           r0 |-> "",
           r1 |-> "rb",
           r2 |-> "",
           addr |-> "0x4" ],
     done |-> FALSE,
     executed |-> FALSE ] >>
/\ _FU = << [ instr |->
         [ ind |-> 0,
           type |-> "No_OpClass",
           r0 |-> "",
           r1 |-> "",
           r2 |-> "",
           addr |-> "" ],
     baseLat |-> 1,
     currLat |-> 1 ],
   [ instr |->
         [ ind |-> 0,
           type |-> "No_OpClass",
           r0 |-> "",
           r1 |-> "",
           r2 |-> "",
           addr |-> "" ],
     baseLat |-> 1,
     currLat |-> 1 ],
   [ instr |->
         [ ind |-> 0,
           type |-> "No_OpClass",
           r0 |-> "",
           r1 |-> "",
           r2 |-> "",
           addr |-> "" ],
     baseLat |-> 1,
     currLat |-> 1 ],
   [ instr |->
         [ ind |-> 0,
           type |-> "No_OpClass",
           r0 |-> "",
           r1 |-> "",
           r2 |-> "",
           addr |-> "" ],
     baseLat |-> 1,
     currLat |-> 1 ] >>

@!@!@ENDMSG 2217 @!@!@
@!@!@STARTMSG 2217:4 @!@!@
13: <Next line 52, col 9 to line 56, col 64 of module pipeline_ooo>
/\ _RS2 = <<{}, {}, {}, {}>>
/\ _COM2 = << [ ind |-> 0,
     type |-> "No_OpClass",
     r0 |-> "",
     r1 |-> "",
     r2 |-> "",
     addr |-> "" ],
   [ ind |-> 0,
     type |-> "No_OpClass",
     r0 |-> "",
     r1 |-> "",
     r2 |-> "",
     addr |-> "" ] >>
/\ _ID = << [ ind |-> 0,
     type |-> "No_OpClass",
     r0 |-> "",
     r1 |-> "",
     r2 |-> "",
     addr |-> "" ],
   [ ind |-> 0,
     type |-> "No_OpClass",
     r0 |-> "",
     r1 |-> "",
     r2 |-> "",
     addr |-> "" ] >>
/\ _IF = << [ instr |->
         [ ind |-> 0,
           type |-> "No_OpClass",
           r0 |-> "",
           r1 |-> "",
           r2 |-> "",
           addr |-> "" ],
     baseLat |-> 1,
     currLat |-> 1 ],
   [ instr |->
         [ ind |-> 0,
           type |-> "No_OpClass",
           r0 |-> "",
           r1 |-> "",
           r2 |-> "",
           addr |-> "" ],
     baseLat |-> 1,
     currLat |-> 1 ] >>
/\ _FU2 = << [ instr |->
         [ ind |-> 0,
           type |-> "No_OpClass",
           r0 |-> "",
           r1 |-> "",
           r2 |-> "",
           addr |-> "" ],
     baseLat |-> 1,
     currLat |-> 1 ],
   [ instr |->
         [ ind |-> 4,
           type |-> "MemWrite",
           r0 |-> "",
           r1 |-> "rb",
           r2 |-> "",
           addr |-> "0x4" ],
     baseLat |-> 3,
     currLat |-> 3 ],
   [ instr |->
         [ ind |-> 0,
           type |-> "No_OpClass",
           r0 |-> "",
           r1 |-> "",
           r2 |-> "",
           addr |-> "" ],
     baseLat |-> 1,
     currLat |-> 1 ],
   [ instr |->
         [ ind |-> 0,
           type |-> "No_OpClass",
           r0 |-> "",
           r1 |-> "",
           r2 |-> "",
           addr |-> "" ],
     baseLat |-> 1,
     currLat |-> 1 ] >>
/\ _COM = << [ ind |-> 0,
     type |-> "No_OpClass",
     r0 |-> "",
     r1 |-> "",
     r2 |-> "",
     addr |-> "" ],
   [ ind |-> 0,
     type |-> "No_OpClass",
     r0 |-> "",
     r1 |-> "",
     r2 |-> "",
     addr |-> "" ] >>
/\ exec_inst2 = 2
/\ _ID2 = << [ ind |-> 0,
     type |-> "No_OpClass",
     r0 |-> "",
     r1 |-> "",
     r2 |-> "",
     addr |-> "" ],
   [ ind |-> 0,
     type |-> "No_OpClass",
     r0 |-> "",
     r1 |-> "",
     r2 |-> "",
     addr |-> "" ] >>
/\ graph = [ nodes |->
      << [ ind |-> 1,
           addr |-> "0x1",
           COM |-> 6,
           IFacq |-> 1,
           IFrel |-> 2,
           IDacq |-> 2,
           IDrel |-> 3,
           FUacq |-> 3,
           FUrel |-> 6,
           ROB |-> 2,
           RS |-> 2,
           FU |-> 2 ],
         [ ind |-> 2,
           addr |-> "0x2",
           COM |-> 10,
           IFacq |-> 1,
           IFrel |-> 2,
           IDacq |-> 2,
           IDrel |-> 3,
           FUacq |-> 7,
           FUrel |-> 10,
           ROB |-> 2,
           RS |-> 2,
           FU |-> 1 ],
         [ ind |-> 3,
           addr |-> "0x3",
           COM |-> 10,
           IFacq |-> 2,
           IFrel |-> 3,
           IDacq |-> 3,
           IDrel |-> 4,
           FUacq |-> 4,
           FUrel |-> 7,
           ROB |-> 3,
           RS |-> 3,
           FU |-> 1 ],
         [ ind |-> 4,
           addr |-> "0x4",
           COM |-> 11,
           IFacq |-> 2,
           IFrel |-> 3,
           IDacq |-> 3,
           IDrel |-> 4,
           FUacq |-> 7,
           FUrel |-> 10,
           ROB |-> 3,
           RS |-> 3,
           FU |-> 2 ] >>,
  edges |-> {[type |-> "D", source |-> 3, dest |-> 4]} ]
/\ currCycle2 = 12
/\ _IF2 = << [ instr |->
         [ ind |-> 0,
           type |-> "No_OpClass",
           r0 |-> "",
           r1 |-> "",
           r2 |-> "",
           addr |-> "" ],
     baseLat |-> 1,
     currLat |-> 1 ],
   [ instr |->
         [ ind |-> 0,
           type |-> "No_OpClass",
           r0 |-> "",
           r1 |-> "",
           r2 |-> "",
           addr |-> "" ],
     baseLat |-> 1,
     currLat |-> 1 ] >>
/\ lastBound = 0
/\ graph2 = [ nodes |->
      << [ ind |-> 1,
           addr |-> "0x1",
           COM |-> 4,
           IFacq |-> 1,
           IFrel |-> 2,
           IDacq |-> 2,
           IDrel |-> 3,
           FUacq |-> 3,
           FUrel |-> 4,
           ROB |-> 2,
           RS |-> 2,
           FU |-> 2 ],
         [ ind |-> 2,
           addr |-> "0x2",
           COM |-> 7,
           IFacq |-> 1,
           IFrel |-> 2,
           IDacq |-> 2,
           IDrel |-> 3,
           FUacq |-> 4,
           FUrel |-> 7,
           ROB |-> 2,
           RS |-> 2,
           FU |-> 1 ],
         [ ind |-> 3,
           addr |-> "0x3",
           COM |-> 10,
           IFacq |-> 2,
           IFrel |-> 3,
           IDacq |-> 3,
           IDrel |-> 4,
           FUacq |-> 7,
           FUrel |-> 10,
           ROB |-> 3,
           RS |-> 3,
           FU |-> 1 ],
         [ ind |-> 4,
           addr |-> "0x4",
           COM |-> 0,
           IFacq |-> 2,
           IFrel |-> 3,
           IDacq |-> 3,
           IDrel |-> 4,
           FUacq |-> 10,
           FUrel |-> 0,
           ROB |-> 3,
           RS |-> 3,
           FU |-> 2 ] >>,
  edges |->
      { [type |-> "D", source |-> 1, dest |-> 2],
        [type |-> "D", source |-> 3, dest |-> 4] } ]
/\ pc2 = 4
/\ robHead = 5
/\ rob = << [ instr |->
         [ ind |-> 1,
           type |-> "MemRead",
           r0 |-> "ra",
           r1 |-> "",
           r2 |-> "",
           addr |-> "0x1" ],
     done |-> TRUE,
     executed |-> TRUE ],
   [ instr |->
         [ ind |-> 2,
           type |-> "IntAlu",
           r0 |-> "",
           r1 |-> "ra",
           r2 |-> "",
           addr |-> "0x2" ],
     done |-> TRUE,
     executed |-> TRUE ],
   [ instr |->
         [ ind |-> 3,
           type |-> "IntAlu",
           r0 |-> "rb",
           r1 |-> "",
           r2 |-> "",
           addr |-> "0x3" ],
     done |-> TRUE,
     executed |-> TRUE ],
   [ instr |->
         [ ind |-> 4,
           type |-> "MemWrite",
           r0 |-> "",
           r1 |-> "rb",
           r2 |-> "",
           addr |-> "0x4" ],
     done |-> TRUE,
     executed |-> TRUE ] >>
/\ _RS = <<{}, {}, {}, {}>>
/\ currCycle = 12
/\ exec_inst = 1
/\ robHead2 = 4
/\ pc = 4
/\ rob2 = << [ instr |->
         [ ind |-> 1,
           type |-> "MemRead",
           r0 |-> "ra",
           r1 |-> "",
           r2 |-> "",
           addr |-> "0x1" ],
     done |-> TRUE,
     executed |-> TRUE ],
   [ instr |->
         [ ind |-> 2,
           type |-> "IntAlu",
           r0 |-> "",
           r1 |-> "ra",
           r2 |-> "",
           addr |-> "0x2" ],
     done |-> TRUE,
     executed |-> TRUE ],
   [ instr |->
         [ ind |-> 3,
           type |-> "IntAlu",
           r0 |-> "rb",
           r1 |-> "",
           r2 |-> "",
           addr |-> "0x3" ],
     done |-> TRUE,
     executed |-> TRUE ],
   [ instr |->
         [ ind |-> 4,
           type |-> "MemWrite",
           r0 |-> "",
           r1 |-> "rb",
           r2 |-> "",
           addr |-> "0x4" ],
     done |-> FALSE,
     executed |-> FALSE ] >>
/\ _FU = << [ instr |->
         [ ind |-> 0,
           type |-> "No_OpClass",
           r0 |-> "",
           r1 |-> "",
           r2 |-> "",
           addr |-> "" ],
     baseLat |-> 1,
     currLat |-> 1 ],
   [ instr |->
         [ ind |-> 0,
           type |-> "No_OpClass",
           r0 |-> "",
           r1 |-> "",
           r2 |-> "",
           addr |-> "" ],
     baseLat |-> 1,
     currLat |-> 1 ],
   [ instr |->
         [ ind |-> 0,
           type |-> "No_OpClass",
           r0 |-> "",
           r1 |-> "",
           r2 |-> "",
           addr |-> "" ],
     baseLat |-> 1,
     currLat |-> 1 ],
   [ instr |->
         [ ind |-> 0,
           type |-> "No_OpClass",
           r0 |-> "",
           r1 |-> "",
           r2 |-> "",
           addr |-> "" ],
     baseLat |-> 1,
     currLat |-> 1 ] >>

@!@!@ENDMSG 2217 @!@!@
@!@!@STARTMSG 2217:4 @!@!@
14: <Next line 52, col 9 to line 56, col 64 of module pipeline_ooo>
/\ _RS2 = <<{}, {}, {}, {}>>
/\ _COM2 = << [ ind |-> 4,
     type |-> "MemWrite",
     r0 |-> "",
     r1 |-> "rb",
     r2 |-> "",
     addr |-> "0x4" ],
   [ ind |-> 0,
     type |-> "No_OpClass",
     r0 |-> "",
     r1 |-> "",
     r2 |-> "",
     addr |-> "" ] >>
/\ _ID = << [ ind |-> 0,
     type |-> "No_OpClass",
     r0 |-> "",
     r1 |-> "",
     r2 |-> "",
     addr |-> "" ],
   [ ind |-> 0,
     type |-> "No_OpClass",
     r0 |-> "",
     r1 |-> "",
     r2 |-> "",
     addr |-> "" ] >>
/\ _IF = << [ instr |->
         [ ind |-> 0,
           type |-> "No_OpClass",
           r0 |-> "",
           r1 |-> "",
           r2 |-> "",
           addr |-> "" ],
     baseLat |-> 1,
     currLat |-> 1 ],
   [ instr |->
         [ ind |-> 0,
           type |-> "No_OpClass",
           r0 |-> "",
           r1 |-> "",
           r2 |-> "",
           addr |-> "" ],
     baseLat |-> 1,
     currLat |-> 1 ] >>
/\ _FU2 = << [ instr |->
         [ ind |-> 0,
           type |-> "No_OpClass",
           r0 |-> "",
           r1 |-> "",
           r2 |-> "",
           addr |-> "" ],
     baseLat |-> 1,
     currLat |-> 1 ],
   [ instr |->
         [ ind |-> 0,
           type |-> "No_OpClass",
           r0 |-> "",
           r1 |-> "",
           r2 |-> "",
           addr |-> "" ],
     baseLat |-> 1,
     currLat |-> 1 ],
   [ instr |->
         [ ind |-> 0,
           type |-> "No_OpClass",
           r0 |-> "",
           r1 |-> "",
           r2 |-> "",
           addr |-> "" ],
     baseLat |-> 1,
     currLat |-> 1 ],
   [ instr |->
         [ ind |-> 0,
           type |-> "No_OpClass",
           r0 |-> "",
           r1 |-> "",
           r2 |-> "",
           addr |-> "" ],
     baseLat |-> 1,
     currLat |-> 1 ] >>
/\ _COM = << [ ind |-> 0,
     type |-> "No_OpClass",
     r0 |-> "",
     r1 |-> "",
     r2 |-> "",
     addr |-> "" ],
   [ ind |-> 0,
     type |-> "No_OpClass",
     r0 |-> "",
     r1 |-> "",
     r2 |-> "",
     addr |-> "" ] >>
/\ exec_inst2 = 2
/\ _ID2 = << [ ind |-> 0,
     type |-> "No_OpClass",
     r0 |-> "",
     r1 |-> "",
     r2 |-> "",
     addr |-> "" ],
   [ ind |-> 0,
     type |-> "No_OpClass",
     r0 |-> "",
     r1 |-> "",
     r2 |-> "",
     addr |-> "" ] >>
/\ graph = [ nodes |->
      << [ ind |-> 1,
           addr |-> "0x1",
           COM |-> 6,
           IFacq |-> 1,
           IFrel |-> 2,
           IDacq |-> 2,
           IDrel |-> 3,
           FUacq |-> 3,
           FUrel |-> 6,
           ROB |-> 2,
           RS |-> 2,
           FU |-> 2 ],
         [ ind |-> 2,
           addr |-> "0x2",
           COM |-> 10,
           IFacq |-> 1,
           IFrel |-> 2,
           IDacq |-> 2,
           IDrel |-> 3,
           FUacq |-> 7,
           FUrel |-> 10,
           ROB |-> 2,
           RS |-> 2,
           FU |-> 1 ],
         [ ind |-> 3,
           addr |-> "0x3",
           COM |-> 10,
           IFacq |-> 2,
           IFrel |-> 3,
           IDacq |-> 3,
           IDrel |-> 4,
           FUacq |-> 4,
           FUrel |-> 7,
           ROB |-> 3,
           RS |-> 3,
           FU |-> 1 ],
         [ ind |-> 4,
           addr |-> "0x4",
           COM |-> 11,
           IFacq |-> 2,
           IFrel |-> 3,
           IDacq |-> 3,
           IDrel |-> 4,
           FUacq |-> 7,
           FUrel |-> 10,
           ROB |-> 3,
           RS |-> 3,
           FU |-> 2 ] >>,
  edges |-> {[type |-> "D", source |-> 3, dest |-> 4]} ]
/\ currCycle2 = 13
/\ _IF2 = << [ instr |->
         [ ind |-> 0,
           type |-> "No_OpClass",
           r0 |-> "",
           r1 |-> "",
           r2 |-> "",
           addr |-> "" ],
     baseLat |-> 1,
     currLat |-> 1 ],
   [ instr |->
         [ ind |-> 0,
           type |-> "No_OpClass",
           r0 |-> "",
           r1 |-> "",
           r2 |-> "",
           addr |-> "" ],
     baseLat |-> 1,
     currLat |-> 1 ] >>
/\ lastBound = 0
/\ graph2 = [ nodes |->
      << [ ind |-> 1,
           addr |-> "0x1",
           COM |-> 4,
           IFacq |-> 1,
           IFrel |-> 2,
           IDacq |-> 2,
           IDrel |-> 3,
           FUacq |-> 3,
           FUrel |-> 4,
           ROB |-> 2,
           RS |-> 2,
           FU |-> 2 ],
         [ ind |-> 2,
           addr |-> "0x2",
           COM |-> 7,
           IFacq |-> 1,
           IFrel |-> 2,
           IDacq |-> 2,
           IDrel |-> 3,
           FUacq |-> 4,
           FUrel |-> 7,
           ROB |-> 2,
           RS |-> 2,
           FU |-> 1 ],
         [ ind |-> 3,
           addr |-> "0x3",
           COM |-> 10,
           IFacq |-> 2,
           IFrel |-> 3,
           IDacq |-> 3,
           IDrel |-> 4,
           FUacq |-> 7,
           FUrel |-> 10,
           ROB |-> 3,
           RS |-> 3,
           FU |-> 1 ],
         [ ind |-> 4,
           addr |-> "0x4",
           COM |-> 0,
           IFacq |-> 2,
           IFrel |-> 3,
           IDacq |-> 3,
           IDrel |-> 4,
           FUacq |-> 10,
           FUrel |-> 13,
           ROB |-> 3,
           RS |-> 3,
           FU |-> 2 ] >>,
  edges |->
      { [type |-> "D", source |-> 1, dest |-> 2],
        [type |-> "D", source |-> 3, dest |-> 4] } ]
/\ pc2 = 4
/\ robHead = 5
/\ rob = << [ instr |->
         [ ind |-> 1,
           type |-> "MemRead",
           r0 |-> "ra",
           r1 |-> "",
           r2 |-> "",
           addr |-> "0x1" ],
     done |-> TRUE,
     executed |-> TRUE ],
   [ instr |->
         [ ind |-> 2,
           type |-> "IntAlu",
           r0 |-> "",
           r1 |-> "ra",
           r2 |-> "",
           addr |-> "0x2" ],
     done |-> TRUE,
     executed |-> TRUE ],
   [ instr |->
         [ ind |-> 3,
           type |-> "IntAlu",
           r0 |-> "rb",
           r1 |-> "",
           r2 |-> "",
           addr |-> "0x3" ],
     done |-> TRUE,
     executed |-> TRUE ],
   [ instr |->
         [ ind |-> 4,
           type |-> "MemWrite",
           r0 |-> "",
           r1 |-> "rb",
           r2 |-> "",
           addr |-> "0x4" ],
     done |-> TRUE,
     executed |-> TRUE ] >>
/\ _RS = <<{}, {}, {}, {}>>
/\ currCycle = 12
/\ exec_inst = 1
/\ robHead2 = 4
/\ pc = 4
/\ rob2 = << [ instr |->
         [ ind |-> 1,
           type |-> "MemRead",
           r0 |-> "ra",
           r1 |-> "",
           r2 |-> "",
           addr |-> "0x1" ],
     done |-> TRUE,
     executed |-> TRUE ],
   [ instr |->
         [ ind |-> 2,
           type |-> "IntAlu",
           r0 |-> "",
           r1 |-> "ra",
           r2 |-> "",
           addr |-> "0x2" ],
     done |-> TRUE,
     executed |-> TRUE ],
   [ instr |->
         [ ind |-> 3,
           type |-> "IntAlu",
           r0 |-> "rb",
           r1 |-> "",
           r2 |-> "",
           addr |-> "0x3" ],
     done |-> TRUE,
     executed |-> TRUE ],
   [ instr |->
         [ ind |-> 4,
           type |-> "MemWrite",
           r0 |-> "",
           r1 |-> "rb",
           r2 |-> "",
           addr |-> "0x4" ],
     done |-> FALSE,
     executed |-> TRUE ] >>
/\ _FU = << [ instr |->
         [ ind |-> 0,
           type |-> "No_OpClass",
           r0 |-> "",
           r1 |-> "",
           r2 |-> "",
           addr |-> "" ],
     baseLat |-> 1,
     currLat |-> 1 ],
   [ instr |->
         [ ind |-> 0,
           type |-> "No_OpClass",
           r0 |-> "",
           r1 |-> "",
           r2 |-> "",
           addr |-> "" ],
     baseLat |-> 1,
     currLat |-> 1 ],
   [ instr |->
         [ ind |-> 0,
           type |-> "No_OpClass",
           r0 |-> "",
           r1 |-> "",
           r2 |-> "",
           addr |-> "" ],
     baseLat |-> 1,
     currLat |-> 1 ],
   [ instr |->
         [ ind |-> 0,
           type |-> "No_OpClass",
           r0 |-> "",
           r1 |-> "",
           r2 |-> "",
           addr |-> "" ],
     baseLat |-> 1,
     currLat |-> 1 ] >>

@!@!@ENDMSG 2217 @!@!@
@!@!@STARTMSG 2217:4 @!@!@
15: <Next line 52, col 9 to line 56, col 64 of module pipeline_ooo>
/\ _RS2 = <<{}, {}, {}, {}>>
/\ _COM2 = << [ ind |-> 0,
     type |-> "No_OpClass",
     r0 |-> "",
     r1 |-> "",
     r2 |-> "",
     addr |-> "" ],
   [ ind |-> 0,
     type |-> "No_OpClass",
     r0 |-> "",
     r1 |-> "",
     r2 |-> "",
     addr |-> "" ] >>
/\ _ID = << [ ind |-> 0,
     type |-> "No_OpClass",
     r0 |-> "",
     r1 |-> "",
     r2 |-> "",
     addr |-> "" ],
   [ ind |-> 0,
     type |-> "No_OpClass",
     r0 |-> "",
     r1 |-> "",
     r2 |-> "",
     addr |-> "" ] >>
/\ _IF = << [ instr |->
         [ ind |-> 0,
           type |-> "No_OpClass",
           r0 |-> "",
           r1 |-> "",
           r2 |-> "",
           addr |-> "" ],
     baseLat |-> 1,
     currLat |-> 1 ],
   [ instr |->
         [ ind |-> 0,
           type |-> "No_OpClass",
           r0 |-> "",
           r1 |-> "",
           r2 |-> "",
           addr |-> "" ],
     baseLat |-> 1,
     currLat |-> 1 ] >>
/\ _FU2 = << [ instr |->
         [ ind |-> 0,
           type |-> "No_OpClass",
           r0 |-> "",
           r1 |-> "",
           r2 |-> "",
           addr |-> "" ],
     baseLat |-> 1,
     currLat |-> 1 ],
   [ instr |->
         [ ind |-> 0,
           type |-> "No_OpClass",
           r0 |-> "",
           r1 |-> "",
           r2 |-> "",
           addr |-> "" ],
     baseLat |-> 1,
     currLat |-> 1 ],
   [ instr |->
         [ ind |-> 0,
           type |-> "No_OpClass",
           r0 |-> "",
           r1 |-> "",
           r2 |-> "",
           addr |-> "" ],
     baseLat |-> 1,
     currLat |-> 1 ],
   [ instr |->
         [ ind |-> 0,
           type |-> "No_OpClass",
           r0 |-> "",
           r1 |-> "",
           r2 |-> "",
           addr |-> "" ],
     baseLat |-> 1,
     currLat |-> 1 ] >>
/\ _COM = << [ ind |-> 0,
     type |-> "No_OpClass",
     r0 |-> "",
     r1 |-> "",
     r2 |-> "",
     addr |-> "" ],
   [ ind |-> 0,
     type |-> "No_OpClass",
     r0 |-> "",
     r1 |-> "",
     r2 |-> "",
     addr |-> "" ] >>
/\ exec_inst2 = 2
/\ _ID2 = << [ ind |-> 0,
     type |-> "No_OpClass",
     r0 |-> "",
     r1 |-> "",
     r2 |-> "",
     addr |-> "" ],
   [ ind |-> 0,
     type |-> "No_OpClass",
     r0 |-> "",
     r1 |-> "",
     r2 |-> "",
     addr |-> "" ] >>
/\ graph = [ nodes |->
      << [ ind |-> 1,
           addr |-> "0x1",
           COM |-> 6,
           IFacq |-> 1,
           IFrel |-> 2,
           IDacq |-> 2,
           IDrel |-> 3,
           FUacq |-> 3,
           FUrel |-> 6,
           ROB |-> 2,
           RS |-> 2,
           FU |-> 2 ],
         [ ind |-> 2,
           addr |-> "0x2",
           COM |-> 10,
           IFacq |-> 1,
           IFrel |-> 2,
           IDacq |-> 2,
           IDrel |-> 3,
           FUacq |-> 7,
           FUrel |-> 10,
           ROB |-> 2,
           RS |-> 2,
           FU |-> 1 ],
         [ ind |-> 3,
           addr |-> "0x3",
           COM |-> 10,
           IFacq |-> 2,
           IFrel |-> 3,
           IDacq |-> 3,
           IDrel |-> 4,
           FUacq |-> 4,
           FUrel |-> 7,
           ROB |-> 3,
           RS |-> 3,
           FU |-> 1 ],
         [ ind |-> 4,
           addr |-> "0x4",
           COM |-> 11,
           IFacq |-> 2,
           IFrel |-> 3,
           IDacq |-> 3,
           IDrel |-> 4,
           FUacq |-> 7,
           FUrel |-> 10,
           ROB |-> 3,
           RS |-> 3,
           FU |-> 2 ] >>,
  edges |-> {[type |-> "D", source |-> 3, dest |-> 4]} ]
/\ currCycle2 = 14
/\ _IF2 = << [ instr |->
         [ ind |-> 0,
           type |-> "No_OpClass",
           r0 |-> "",
           r1 |-> "",
           r2 |-> "",
           addr |-> "" ],
     baseLat |-> 1,
     currLat |-> 1 ],
   [ instr |->
         [ ind |-> 0,
           type |-> "No_OpClass",
           r0 |-> "",
           r1 |-> "",
           r2 |-> "",
           addr |-> "" ],
     baseLat |-> 1,
     currLat |-> 1 ] >>
/\ lastBound = 0
/\ graph2 = [ nodes |->
      << [ ind |-> 1,
           addr |-> "0x1",
           COM |-> 4,
           IFacq |-> 1,
           IFrel |-> 2,
           IDacq |-> 2,
           IDrel |-> 3,
           FUacq |-> 3,
           FUrel |-> 4,
           ROB |-> 2,
           RS |-> 2,
           FU |-> 2 ],
         [ ind |-> 2,
           addr |-> "0x2",
           COM |-> 7,
           IFacq |-> 1,
           IFrel |-> 2,
           IDacq |-> 2,
           IDrel |-> 3,
           FUacq |-> 4,
           FUrel |-> 7,
           ROB |-> 2,
           RS |-> 2,
           FU |-> 1 ],
         [ ind |-> 3,
           addr |-> "0x3",
           COM |-> 10,
           IFacq |-> 2,
           IFrel |-> 3,
           IDacq |-> 3,
           IDrel |-> 4,
           FUacq |-> 7,
           FUrel |-> 10,
           ROB |-> 3,
           RS |-> 3,
           FU |-> 1 ],
         [ ind |-> 4,
           addr |-> "0x4",
           COM |-> 13,
           IFacq |-> 2,
           IFrel |-> 3,
           IDacq |-> 3,
           IDrel |-> 4,
           FUacq |-> 10,
           FUrel |-> 13,
           ROB |-> 3,
           RS |-> 3,
           FU |-> 2 ] >>,
  edges |->
      { [type |-> "D", source |-> 1, dest |-> 2],
        [type |-> "D", source |-> 3, dest |-> 4] } ]
/\ pc2 = 4
/\ robHead = 5
/\ rob = << [ instr |->
         [ ind |-> 1,
           type |-> "MemRead",
           r0 |-> "ra",
           r1 |-> "",
           r2 |-> "",
           addr |-> "0x1" ],
     done |-> TRUE,
     executed |-> TRUE ],
   [ instr |->
         [ ind |-> 2,
           type |-> "IntAlu",
           r0 |-> "",
           r1 |-> "ra",
           r2 |-> "",
           addr |-> "0x2" ],
     done |-> TRUE,
     executed |-> TRUE ],
   [ instr |->
         [ ind |-> 3,
           type |-> "IntAlu",
           r0 |-> "rb",
           r1 |-> "",
           r2 |-> "",
           addr |-> "0x3" ],
     done |-> TRUE,
     executed |-> TRUE ],
   [ instr |->
         [ ind |-> 4,
           type |-> "MemWrite",
           r0 |-> "",
           r1 |-> "rb",
           r2 |-> "",
           addr |-> "0x4" ],
     done |-> TRUE,
     executed |-> TRUE ] >>
/\ _RS = <<{}, {}, {}, {}>>
/\ currCycle = 12
/\ exec_inst = 1
/\ robHead2 = 5
/\ pc = 4
/\ rob2 = << [ instr |->
         [ ind |-> 1,
           type |-> "MemRead",
           r0 |-> "ra",
           r1 |-> "",
           r2 |-> "",
           addr |-> "0x1" ],
     done |-> TRUE,
     executed |-> TRUE ],
   [ instr |->
         [ ind |-> 2,
           type |-> "IntAlu",
           r0 |-> "",
           r1 |-> "ra",
           r2 |-> "",
           addr |-> "0x2" ],
     done |-> TRUE,
     executed |-> TRUE ],
   [ instr |->
         [ ind |-> 3,
           type |-> "IntAlu",
           r0 |-> "rb",
           r1 |-> "",
           r2 |-> "",
           addr |-> "0x3" ],
     done |-> TRUE,
     executed |-> TRUE ],
   [ instr |->
         [ ind |-> 4,
           type |-> "MemWrite",
           r0 |-> "",
           r1 |-> "rb",
           r2 |-> "",
           addr |-> "0x4" ],
     done |-> TRUE,
     executed |-> TRUE ] >>
/\ _FU = << [ instr |->
         [ ind |-> 0,
           type |-> "No_OpClass",
           r0 |-> "",
           r1 |-> "",
           r2 |-> "",
           addr |-> "" ],
     baseLat |-> 1,
     currLat |-> 1 ],
   [ instr |->
         [ ind |-> 0,
           type |-> "No_OpClass",
           r0 |-> "",
           r1 |-> "",
           r2 |-> "",
           addr |-> "" ],
     baseLat |-> 1,
     currLat |-> 1 ],
   [ instr |->
         [ ind |-> 0,
           type |-> "No_OpClass",
           r0 |-> "",
           r1 |-> "",
           r2 |-> "",
           addr |-> "" ],
     baseLat |-> 1,
     currLat |-> 1 ],
   [ instr |->
         [ ind |-> 0,
           type |-> "No_OpClass",
           r0 |-> "",
           r1 |-> "",
           r2 |-> "",
           addr |-> "" ],
     baseLat |-> 1,
     currLat |-> 1 ] >>

@!@!@ENDMSG 2217 @!@!@
@!@!@STARTMSG 2201:0 @!@!@
The coverage statistics at 2025-03-12 17:02:58
@!@!@ENDMSG 2201 @!@!@
@!@!@STARTMSG 2773:0 @!@!@
<Init line 46, col 1 to line 46, col 4 of module pipeline_ooo>: 3:3
@!@!@ENDMSG 2773 @!@!@
@!@!@STARTMSG 2775:0 @!@!@
  line 14, col 18 to line 14, col 95 of module pipeline_exec_ooo: 3:6
@!@!@ENDMSG 2775 @!@!@
@!@!@STARTMSG 2221:0 @!@!@
  |line 14, col 27 to line 14, col 38 of module pipeline_exec_ooo: 3
@!@!@ENDMSG 2221 @!@!@
@!@!@STARTMSG 2775:0 @!@!@
  line 15, col 18 to line 15, col 51 of module pipeline_exec_ooo: 3:6
@!@!@ENDMSG 2775 @!@!@
@!@!@STARTMSG 2221:0 @!@!@
  |line 15, col 27 to line 15, col 38 of module pipeline_exec_ooo: 3
@!@!@ENDMSG 2221 @!@!@
@!@!@STARTMSG 2775:0 @!@!@
  line 16, col 18 to line 16, col 43 of module pipeline_exec_ooo: 3:12
@!@!@ENDMSG 2775 @!@!@
@!@!@STARTMSG 2221:0 @!@!@
  |line 16, col 27 to line 16, col 33 of module pipeline_exec_ooo: 3
@!@!@ENDMSG 2221 @!@!@
@!@!@STARTMSG 2775:0 @!@!@
  line 17, col 18 to line 17, col 90 of module pipeline_exec_ooo: 3:12
@!@!@ENDMSG 2775 @!@!@
@!@!@STARTMSG 2221:0 @!@!@
  |line 17, col 27 to line 17, col 33 of module pipeline_exec_ooo: 3
@!@!@ENDMSG 2221 @!@!@
@!@!@STARTMSG 2775:0 @!@!@
  line 18, col 19 to line 18, col 52 of module pipeline_exec_ooo: 3:6
@!@!@ENDMSG 2775 @!@!@
@!@!@STARTMSG 2221:0 @!@!@
  |line 18, col 28 to line 18, col 39 of module pipeline_exec_ooo: 3
@!@!@ENDMSG 2221 @!@!@
@!@!@STARTMSG 2221:0 @!@!@
  line 19, col 12 to line 19, col 21 of module pipeline_exec_ooo: 3
@!@!@ENDMSG 2221 @!@!@
@!@!@STARTMSG 2221:0 @!@!@
  line 21, col 12 to line 22, col 35 of module pipeline_exec_ooo: 3
@!@!@ENDMSG 2221 @!@!@
@!@!@STARTMSG 2775:0 @!@!@
  line 14, col 18 to line 14, col 95 of module pipeline_exec_ooo: 3:6
@!@!@ENDMSG 2775 @!@!@
@!@!@STARTMSG 2221:0 @!@!@
  |line 14, col 27 to line 14, col 38 of module pipeline_exec_ooo: 3
@!@!@ENDMSG 2221 @!@!@
@!@!@STARTMSG 2775:0 @!@!@
  line 15, col 18 to line 15, col 51 of module pipeline_exec_ooo: 3:6
@!@!@ENDMSG 2775 @!@!@
@!@!@STARTMSG 2221:0 @!@!@
  |line 15, col 27 to line 15, col 38 of module pipeline_exec_ooo: 3
@!@!@ENDMSG 2221 @!@!@
@!@!@STARTMSG 2775:0 @!@!@
  line 16, col 18 to line 16, col 43 of module pipeline_exec_ooo: 3:12
@!@!@ENDMSG 2775 @!@!@
@!@!@STARTMSG 2221:0 @!@!@
  |line 16, col 27 to line 16, col 33 of module pipeline_exec_ooo: 3
@!@!@ENDMSG 2221 @!@!@
@!@!@STARTMSG 2775:0 @!@!@
  line 17, col 18 to line 17, col 90 of module pipeline_exec_ooo: 3:12
@!@!@ENDMSG 2775 @!@!@
@!@!@STARTMSG 2221:0 @!@!@
  |line 17, col 27 to line 17, col 33 of module pipeline_exec_ooo: 3
@!@!@ENDMSG 2221 @!@!@
@!@!@STARTMSG 2775:0 @!@!@
  line 18, col 19 to line 18, col 52 of module pipeline_exec_ooo: 3:6
@!@!@ENDMSG 2775 @!@!@
@!@!@STARTMSG 2221:0 @!@!@
  |line 18, col 28 to line 18, col 39 of module pipeline_exec_ooo: 3
@!@!@ENDMSG 2221 @!@!@
@!@!@STARTMSG 2221:0 @!@!@
  line 19, col 12 to line 19, col 21 of module pipeline_exec_ooo: 3
@!@!@ENDMSG 2221 @!@!@
@!@!@STARTMSG 2221:0 @!@!@
  line 21, col 12 to line 22, col 35 of module pipeline_exec_ooo: 3
@!@!@ENDMSG 2221 @!@!@
@!@!@STARTMSG 2221:0 @!@!@
  line 50, col 12 to line 50, col 24 of module pipeline_ooo: 3
@!@!@ENDMSG 2221 @!@!@
@!@!@STARTMSG 2772:0 @!@!@
<Next line 52, col 1 to line 52, col 4 of module pipeline_ooo>: 26:56
@!@!@ENDMSG 2772 @!@!@
@!@!@STARTMSG 2221:0 @!@!@
  line 21, col 1 to line 21, col 35 of module pipeline_ooo: 3756
@!@!@ENDMSG 2221 @!@!@
@!@!@STARTMSG 2221:0 @!@!@
  line 21, col 1 to line 21, col 35 of module pipeline_ooo: 214
@!@!@ENDMSG 2221 @!@!@
@!@!@STARTMSG 2221:0 @!@!@
  line 21, col 1 to line 21, col 35 of module pipeline_ooo: 182
@!@!@ENDMSG 2221 @!@!@
@!@!@STARTMSG 2221:0 @!@!@
  line 21, col 1 to line 21, col 35 of module pipeline_ooo: 3
@!@!@ENDMSG 2221 @!@!@
@!@!@STARTMSG 2221:0 @!@!@
  line 21, col 1 to line 21, col 35 of module pipeline_ooo: 5391
@!@!@ENDMSG 2221 @!@!@
@!@!@STARTMSG 2221:0 @!@!@
  line 21, col 1 to line 21, col 35 of module pipeline_ooo: 3254
@!@!@ENDMSG 2221 @!@!@
@!@!@STARTMSG 2221:0 @!@!@
  line 21, col 1 to line 21, col 35 of module pipeline_ooo: 1638
@!@!@ENDMSG 2221 @!@!@
@!@!@STARTMSG 2221:0 @!@!@
  line 21, col 1 to line 21, col 35 of module pipeline_ooo: 6878
@!@!@ENDMSG 2221 @!@!@
@!@!@STARTMSG 2221:0 @!@!@
  line 21, col 1 to line 21, col 35 of module pipeline_ooo: 3
@!@!@ENDMSG 2221 @!@!@
@!@!@STARTMSG 2221:0 @!@!@
  line 21, col 1 to line 21, col 35 of module pipeline_ooo: 2315
@!@!@ENDMSG 2221 @!@!@
@!@!@STARTMSG 2221:0 @!@!@
  line 21, col 1 to line 21, col 35 of module pipeline_ooo: 316
@!@!@ENDMSG 2221 @!@!@
@!@!@STARTMSG 2221:0 @!@!@
  line 21, col 1 to line 21, col 35 of module pipeline_ooo: 9311
@!@!@ENDMSG 2221 @!@!@
@!@!@STARTMSG 2221:0 @!@!@
  line 21, col 1 to line 21, col 35 of module pipeline_ooo: 2915
@!@!@ENDMSG 2221 @!@!@
@!@!@STARTMSG 2221:0 @!@!@
  line 21, col 1 to line 21, col 35 of module pipeline_ooo: 7734
@!@!@ENDMSG 2221 @!@!@
@!@!@STARTMSG 2221:0 @!@!@
  line 21, col 1 to line 21, col 35 of module pipeline_ooo: 5170
@!@!@ENDMSG 2221 @!@!@
@!@!@STARTMSG 2221:0 @!@!@
  line 21, col 1 to line 21, col 35 of module pipeline_ooo: 104
@!@!@ENDMSG 2221 @!@!@
@!@!@STARTMSG 2221:0 @!@!@
  line 21, col 1 to line 21, col 35 of module pipeline_ooo: 939
@!@!@ENDMSG 2221 @!@!@
@!@!@STARTMSG 2221:0 @!@!@
  line 21, col 1 to line 21, col 35 of module pipeline_ooo: 30
@!@!@ENDMSG 2221 @!@!@
@!@!@STARTMSG 2221:0 @!@!@
  line 21, col 1 to line 21, col 35 of module pipeline_ooo: 2156
@!@!@ENDMSG 2221 @!@!@
@!@!@STARTMSG 2221:0 @!@!@
  line 21, col 1 to line 21, col 35 of module pipeline_ooo: 1521
@!@!@ENDMSG 2221 @!@!@
@!@!@STARTMSG 2221:0 @!@!@
  line 88, col 18 to line 88, col 42 of module pipeline_exec_ooo: 53
@!@!@ENDMSG 2221 @!@!@
@!@!@STARTMSG 2221:0 @!@!@
  |line 88, col 18 to line 88, col 27 of module pipeline_exec_ooo: 53
@!@!@ENDMSG 2221 @!@!@
@!@!@STARTMSG 2221:0 @!@!@
  ||line 88, col 19 to line 88, col 27 of module pipeline_exec_ooo: 53
@!@!@ENDMSG 2221 @!@!@
@!@!@STARTMSG 2221:0 @!@!@
  |||line 26, col 14 to line 26, col 67 of module pipeline_exec_ooo: 53
@!@!@ENDMSG 2221 @!@!@
@!@!@STARTMSG 2221:0 @!@!@
  ||||line 26, col 37 to line 26, col 67 of module pipeline_exec_ooo: 106
@!@!@ENDMSG 2221 @!@!@
@!@!@STARTMSG 2221:0 @!@!@
  ||||line 26, col 23 to line 26, col 34 of module pipeline_exec_ooo: 53
@!@!@ENDMSG 2221 @!@!@
@!@!@STARTMSG 2221:0 @!@!@
  |line 88, col 32 to line 88, col 42 of module pipeline_exec_ooo: 53
@!@!@ENDMSG 2221 @!@!@
@!@!@STARTMSG 2221:0 @!@!@
  ||line 88, col 33 to line 88, col 42 of module pipeline_exec_ooo: 53
@!@!@ENDMSG 2221 @!@!@
@!@!@STARTMSG 2221:0 @!@!@
  |||line 49, col 15 to line 50, col 24 of module pipeline_exec_ooo: 53
@!@!@ENDMSG 2221 @!@!@
@!@!@STARTMSG 2221:0 @!@!@
  ||||line 49, col 18 to line 49, col 44 of module pipeline_exec_ooo: 53
@!@!@ENDMSG 2221 @!@!@
@!@!@STARTMSG 2221:0 @!@!@
  |||||line 49, col 36 to line 49, col 44 of module pipeline_exec_ooo: 212
@!@!@ENDMSG 2221 @!@!@
@!@!@STARTMSG 2221:0 @!@!@
  |||||line 49, col 27 to line 49, col 33 of module pipeline_exec_ooo: 53
@!@!@ENDMSG 2221 @!@!@
@!@!@STARTMSG 2221:0 @!@!@
  ||||line 50, col 18 to line 50, col 24 of module pipeline_exec_ooo: 53
@!@!@ENDMSG 2221 @!@!@
@!@!@STARTMSG 2221:0 @!@!@
  line 91, col 21 to line 91, col 64 of module pipeline_exec_ooo: 52
@!@!@ENDMSG 2221 @!@!@
@!@!@STARTMSG 2775:0 @!@!@
  |line 91, col 28 to line 91, col 64 of module pipeline_exec_ooo: 53:106
@!@!@ENDMSG 2775 @!@!@
@!@!@STARTMSG 2221:0 @!@!@
  ||line 91, col 36 to line 91, col 47 of module pipeline_exec_ooo: 53
@!@!@ENDMSG 2221 @!@!@
@!@!@STARTMSG 2221:0 @!@!@
  line 93, col 48 to line 93, col 75 of module pipeline_exec_ooo: 104
@!@!@ENDMSG 2221 @!@!@
@!@!@STARTMSG 2221:0 @!@!@
  |line 93, col 48 to line 93, col 62 of module pipeline_exec_ooo: 104
@!@!@ENDMSG 2221 @!@!@
@!@!@STARTMSG 2221:0 @!@!@
  ||line 93, col 48 to line 93, col 58 of module pipeline_exec_ooo: 104
@!@!@ENDMSG 2221 @!@!@
@!@!@STARTMSG 2221:0 @!@!@
  |||line 15, col 14 to line 15, col 57 of module instructions_ooo: 104
@!@!@ENDMSG 2221 @!@!@
@!@!@STARTMSG 2221:0 @!@!@
  ||||line 15, col 17 to line 15, col 29 of module instructions_ooo: 104
@!@!@ENDMSG 2221 @!@!@
@!@!@STARTMSG 2221:0 @!@!@
  ||||line 15, col 36 to line 15, col 46 of module instructions_ooo: 12
@!@!@ENDMSG 2221 @!@!@
@!@!@STARTMSG 2221:0 @!@!@
  ||||line 15, col 53 to line 15, col 57 of module instructions_ooo: 92
@!@!@ENDMSG 2221 @!@!@
@!@!@STARTMSG 2221:0 @!@!@
  |||line 93, col 54 to line 93, col 57 of module pipeline_exec_ooo: 104
@!@!@ENDMSG 2221 @!@!@
@!@!@STARTMSG 2221:0 @!@!@
  |line 93, col 68 to line 93, col 75 of module pipeline_exec_ooo: 104
@!@!@ENDMSG 2221 @!@!@
@!@!@STARTMSG 2221:0 @!@!@
  line 93, col 33 to line 93, col 44 of module pipeline_exec_ooo: 52
@!@!@ENDMSG 2221 @!@!@
@!@!@STARTMSG 2221:0 @!@!@
  line 94, col 24 to line 94, col 73 of module pipeline_exec_ooo: 0
@!@!@ENDMSG 2221 @!@!@
@!@!@STARTMSG 2221:0 @!@!@
  line 96, col 21 to line 96, col 63 of module pipeline_exec_ooo: 53
@!@!@ENDMSG 2221 @!@!@
@!@!@STARTMSG 2221:0 @!@!@
  |line 96, col 44 to line 96, col 63 of module pipeline_exec_ooo: 100
@!@!@ENDMSG 2221 @!@!@
@!@!@STARTMSG 2221:0 @!@!@
  ||line 96, col 44 to line 96, col 54 of module pipeline_exec_ooo: 100
@!@!@ENDMSG 2221 @!@!@
@!@!@STARTMSG 2221:0 @!@!@
  |||line 15, col 14 to line 15, col 57 of module instructions_ooo: 100
@!@!@ENDMSG 2221 @!@!@
@!@!@STARTMSG 2221:0 @!@!@
  ||||line 15, col 17 to line 15, col 29 of module instructions_ooo: 100
@!@!@ENDMSG 2221 @!@!@
@!@!@STARTMSG 2221:0 @!@!@
  ||||line 15, col 36 to line 15, col 46 of module instructions_ooo: 6
@!@!@ENDMSG 2221 @!@!@
@!@!@STARTMSG 2221:0 @!@!@
  ||||line 15, col 53 to line 15, col 57 of module instructions_ooo: 94
@!@!@ENDMSG 2221 @!@!@
@!@!@STARTMSG 2221:0 @!@!@
  |||line 96, col 50 to line 96, col 53 of module pipeline_exec_ooo: 100
@!@!@ENDMSG 2221 @!@!@
@!@!@STARTMSG 2221:0 @!@!@
  ||line 96, col 59 to line 96, col 63 of module pipeline_exec_ooo: 100
@!@!@ENDMSG 2221 @!@!@
@!@!@STARTMSG 2221:0 @!@!@
  |line 96, col 30 to line 96, col 41 of module pipeline_exec_ooo: 53
@!@!@ENDMSG 2221 @!@!@
@!@!@STARTMSG 2221:0 @!@!@
  line 97, col 23 to line 97, col 40 of module pipeline_exec_ooo: 6
@!@!@ENDMSG 2221 @!@!@
@!@!@STARTMSG 2221:0 @!@!@
  line 98, col 23 to line 98, col 34 of module pipeline_exec_ooo: 46
@!@!@ENDMSG 2221 @!@!@
@!@!@STARTMSG 2221:0 @!@!@
  line 99, col 23 to line 99, col 87 of module pipeline_exec_ooo: 0
@!@!@ENDMSG 2221 @!@!@
@!@!@STARTMSG 2221:0 @!@!@
  line 100, col 23 to line 100, col 34 of module pipeline_exec_ooo: 0
@!@!@ENDMSG 2221 @!@!@
@!@!@STARTMSG 2221:0 @!@!@
  line 104, col 18 to line 104, col 28 of module pipeline_exec_ooo: 53
@!@!@ENDMSG 2221 @!@!@
@!@!@STARTMSG 2221:0 @!@!@
  |line 104, col 19 to line 104, col 28 of module pipeline_exec_ooo: 53
@!@!@ENDMSG 2221 @!@!@
@!@!@STARTMSG 2221:0 @!@!@
  ||line 49, col 15 to line 50, col 24 of module pipeline_exec_ooo: 53
@!@!@ENDMSG 2221 @!@!@
@!@!@STARTMSG 2221:0 @!@!@
  |||line 49, col 18 to line 49, col 44 of module pipeline_exec_ooo: 53
@!@!@ENDMSG 2221 @!@!@
@!@!@STARTMSG 2221:0 @!@!@
  ||||line 49, col 36 to line 49, col 44 of module pipeline_exec_ooo: 212
@!@!@ENDMSG 2221 @!@!@
@!@!@STARTMSG 2221:0 @!@!@
  ||||line 49, col 27 to line 49, col 33 of module pipeline_exec_ooo: 53
@!@!@ENDMSG 2221 @!@!@
@!@!@STARTMSG 2221:0 @!@!@
  |||line 50, col 18 to line 50, col 24 of module pipeline_exec_ooo: 53
@!@!@ENDMSG 2221 @!@!@
@!@!@STARTMSG 2221:0 @!@!@
  line 104, col 35 to line 104, col 76 of module pipeline_exec_ooo: 52
@!@!@ENDMSG 2221 @!@!@
@!@!@STARTMSG 2775:0 @!@!@
  |line 104, col 42 to line 104, col 76 of module pipeline_exec_ooo: 53:106
@!@!@ENDMSG 2775 @!@!@
@!@!@STARTMSG 2221:0 @!@!@
  ||line 104, col 51 to line 104, col 62 of module pipeline_exec_ooo: 53
@!@!@ENDMSG 2221 @!@!@
@!@!@STARTMSG 2221:0 @!@!@
  line 105, col 20 to line 105, col 32 of module pipeline_exec_ooo: 0
@!@!@ENDMSG 2221 @!@!@
@!@!@STARTMSG 2221:0 @!@!@
  line 108, col 18 to line 108, col 28 of module pipeline_exec_ooo: 53
@!@!@ENDMSG 2221 @!@!@
@!@!@STARTMSG 2221:0 @!@!@
  |line 108, col 19 to line 108, col 28 of module pipeline_exec_ooo: 53
@!@!@ENDMSG 2221 @!@!@
@!@!@STARTMSG 2221:0 @!@!@
  ||line 49, col 15 to line 50, col 24 of module pipeline_exec_ooo: 53
@!@!@ENDMSG 2221 @!@!@
@!@!@STARTMSG 2221:0 @!@!@
  |||line 49, col 18 to line 49, col 44 of module pipeline_exec_ooo: 53
@!@!@ENDMSG 2221 @!@!@
@!@!@STARTMSG 2221:0 @!@!@
  ||||line 49, col 36 to line 49, col 44 of module pipeline_exec_ooo: 212
@!@!@ENDMSG 2221 @!@!@
@!@!@STARTMSG 2221:0 @!@!@
  ||||line 49, col 27 to line 49, col 33 of module pipeline_exec_ooo: 53
@!@!@ENDMSG 2221 @!@!@
@!@!@STARTMSG 2221:0 @!@!@
  |||line 50, col 18 to line 50, col 24 of module pipeline_exec_ooo: 53
@!@!@ENDMSG 2221 @!@!@
@!@!@STARTMSG 2221:0 @!@!@
  line 109, col 20 to line 111, col 64 of module pipeline_exec_ooo: 52
@!@!@ENDMSG 2221 @!@!@
@!@!@STARTMSG 2775:0 @!@!@
  |line 109, col 27 to line 111, col 64 of module pipeline_exec_ooo: 53:212
@!@!@ENDMSG 2775 @!@!@
@!@!@STARTMSG 2221:0 @!@!@
  ||line 109, col 36 to line 109, col 42 of module pipeline_exec_ooo: 53
@!@!@ENDMSG 2221 @!@!@
@!@!@STARTMSG 2221:0 @!@!@
  line 112, col 20 to line 112, col 71 of module pipeline_exec_ooo: 0
@!@!@ENDMSG 2221 @!@!@
@!@!@STARTMSG 2221:0 @!@!@
  line 126, col 15 to line 126, col 56 of module pipeline_exec_ooo: 55
@!@!@ENDMSG 2221 @!@!@
@!@!@STARTMSG 2221:0 @!@!@
  |line 126, col 24 to line 126, col 56 of module pipeline_exec_ooo: 53
@!@!@ENDMSG 2221 @!@!@
@!@!@STARTMSG 2221:0 @!@!@
  ||line 9, col 24 to line 9, col 122 of module pipeline_exec_ooo: 212
@!@!@ENDMSG 2221 @!@!@
@!@!@STARTMSG 2221:0 @!@!@
  |||line 9, col 27 to line 9, col 31 of module pipeline_exec_ooo: 212
@!@!@ENDMSG 2221 @!@!@
@!@!@STARTMSG 2775:0 @!@!@
  |||line 9, col 38 to line 9, col 61 of module pipeline_exec_ooo: 53:165
@!@!@ENDMSG 2775 @!@!@
@!@!@STARTMSG 2221:0 @!@!@
  ||||line 9, col 40 to line 9, col 44 of module pipeline_exec_ooo: 53
@!@!@ENDMSG 2221 @!@!@
@!@!@STARTMSG 2221:0 @!@!@
  ||||line 9, col 54 to line 9, col 59 of module pipeline_exec_ooo: 53
@!@!@ENDMSG 2221 @!@!@
@!@!@STARTMSG 2221:0 @!@!@
  |||||line 126, col 44 to line 126, col 49 of module pipeline_exec_ooo: 212
@!@!@ENDMSG 2221 @!@!@
@!@!@STARTMSG 2221:0 @!@!@
  ||||||line 115, col 29 to line 125, col 68 of module pipeline_exec_ooo: 212
@!@!@ENDMSG 2221 @!@!@
@!@!@STARTMSG 2221:0 @!@!@
  |||||||line 115, col 32 to line 115, col 44 of module pipeline_exec_ooo: 212
@!@!@ENDMSG 2221 @!@!@
@!@!@STARTMSG 2221:0 @!@!@
  |||||||line 116, col 49 to line 117, col 135 of module pipeline_exec_ooo: 182
@!@!@ENDMSG 2221 @!@!@
@!@!@STARTMSG 2221:0 @!@!@
  ||||||||line 116, col 52 to line 116, col 67 of module pipeline_exec_ooo: 182
@!@!@ENDMSG 2221 @!@!@
@!@!@STARTMSG 2221:0 @!@!@
  |||||||||line 116, col 52 to line 116, col 59 of module pipeline_exec_ooo: 182
@!@!@ENDMSG 2221 @!@!@
@!@!@STARTMSG 2221:0 @!@!@
  ||||||||||line 53, col 13 to line 72, col 42 of module pipeline_exec_ooo: 182
@!@!@ENDMSG 2221 @!@!@
@!@!@STARTMSG 2221:0 @!@!@
  |||||||||||line 53, col 16 to line 53, col 27 of module pipeline_exec_ooo: 182
@!@!@ENDMSG 2221 @!@!@
@!@!@STARTMSG 2221:0 @!@!@
  |||||||||||line 59, col 35 to line 61, col 36 of module pipeline_exec_ooo: 182
@!@!@ENDMSG 2221 @!@!@
@!@!@STARTMSG 2221:0 @!@!@
  ||||||||||||line 8, col 11 to line 8, col 68 of module instructions_ooo: 182
@!@!@ENDMSG 2221 @!@!@
@!@!@STARTMSG 2221:0 @!@!@
  |||||||||||||line 8, col 14 to line 8, col 19 of module instructions_ooo: 182
@!@!@ENDMSG 2221 @!@!@
@!@!@STARTMSG 2221:0 @!@!@
  |||||||||||||line 8, col 33 to line 8, col 68 of module instructions_ooo: 9
@!@!@ENDMSG 2221 @!@!@
@!@!@STARTMSG 2775:0 @!@!@
  ||||||||||||line 59, col 39 to line 61, col 35 of module pipeline_exec_ooo: 182:27
@!@!@ENDMSG 2775 @!@!@
@!@!@STARTMSG 2221:0 @!@!@
  |||||||||||||line 59, col 41 to line 59, col 52 of module pipeline_exec_ooo: 9
@!@!@ENDMSG 2221 @!@!@
@!@!@STARTMSG 2221:0 @!@!@
  ||||||||||||||line 41, col 21 to line 41, col 73 of module pipeline_exec_ooo: 9
@!@!@ENDMSG 2221 @!@!@
@!@!@STARTMSG 2221:0 @!@!@
  |||||||||||||||line 41, col 54 to line 41, col 73 of module pipeline_exec_ooo: 24
@!@!@ENDMSG 2221 @!@!@
@!@!@STARTMSG 2221:0 @!@!@
  |||||||||||||||line 41, col 34 to line 41, col 50 of module pipeline_exec_ooo: 9
@!@!@ENDMSG 2221 @!@!@
@!@!@STARTMSG 2221:0 @!@!@
  ||||||||||||||line 59, col 51 to line 59, col 51 of module pipeline_exec_ooo: 9
@!@!@ENDMSG 2221 @!@!@
@!@!@STARTMSG 2775:0 @!@!@
  |||||||||||||line 60, col 37 to line 60, col 155 of module pipeline_exec_ooo: 182:191
@!@!@ENDMSG 2775 @!@!@
@!@!@STARTMSG 2221:0 @!@!@
  ||||||||||||||line 60, col 53 to line 60, col 153 of module pipeline_exec_ooo: 20
@!@!@ENDMSG 2221 @!@!@
@!@!@STARTMSG 2221:0 @!@!@
  |||||||||||||||line 60, col 91 to line 60, col 153 of module pipeline_exec_ooo: 37
@!@!@ENDMSG 2221 @!@!@
@!@!@STARTMSG 2221:0 @!@!@
  ||||||||||||||||line 60, col 91 to line 60, col 135 of module pipeline_exec_ooo: 37
@!@!@ENDMSG 2221 @!@!@
@!@!@STARTMSG 2221:0 @!@!@
  ||||||||||||||||line 60, col 140 to line 60, col 153 of module pipeline_exec_ooo: 19
@!@!@ENDMSG 2221 @!@!@
@!@!@STARTMSG 2221:0 @!@!@
  |||||||||||||||||line 60, col 140 to line 60, col 144 of module pipeline_exec_ooo: 19
@!@!@ENDMSG 2221 @!@!@
@!@!@STARTMSG 2221:0 @!@!@
  |||||||||||||||||line 60, col 150 to line 60, col 153 of module pipeline_exec_ooo: 19
@!@!@ENDMSG 2221 @!@!@
@!@!@STARTMSG 2221:0 @!@!@
  ||||||||||||||||||line 30, col 9 to line 31, col 102 of module pipeline_exec_ooo: 19
@!@!@ENDMSG 2221 @!@!@
@!@!@STARTMSG 2221:0 @!@!@
  |||||||||||||||||||line 30, col 36 to line 31, col 100 of module pipeline_exec_ooo: 61
@!@!@ENDMSG 2221 @!@!@
@!@!@STARTMSG 2221:0 @!@!@
  ||||||||||||||||||||line 30, col 39 to line 30, col 53 of module pipeline_exec_ooo: 61
@!@!@ENDMSG 2221 @!@!@
@!@!@STARTMSG 2221:0 @!@!@
  ||||||||||||||||||||line 31, col 39 to line 31, col 100 of module pipeline_exec_ooo: 53
@!@!@ENDMSG 2221 @!@!@
@!@!@STARTMSG 2221:0 @!@!@
  |||||||||||||||||||||line 31, col 57 to line 31, col 100 of module pipeline_exec_ooo: 180
@!@!@ENDMSG 2221 @!@!@
@!@!@STARTMSG 2221:0 @!@!@
  ||||||||||||||||||||||line 31, col 57 to line 31, col 83 of module pipeline_exec_ooo: 180
@!@!@ENDMSG 2221 @!@!@
@!@!@STARTMSG 2221:0 @!@!@
  ||||||||||||||||||||||line 31, col 88 to line 31, col 100 of module pipeline_exec_ooo: 22
@!@!@ENDMSG 2221 @!@!@
@!@!@STARTMSG 2221:0 @!@!@
  |||||||||||||||||||||line 31, col 48 to line 31, col 54 of module pipeline_exec_ooo: 53
@!@!@ENDMSG 2221 @!@!@
@!@!@STARTMSG 2221:0 @!@!@
  |||||||||||||||||||line 30, col 17 to line 30, col 33 of module pipeline_exec_ooo: 19
@!@!@ENDMSG 2221 @!@!@
@!@!@STARTMSG 2221:0 @!@!@
  |||||||||||||||line 60, col 66 to line 60, col 88 of module pipeline_exec_ooo: 20
@!@!@ENDMSG 2221 @!@!@
@!@!@STARTMSG 2221:0 @!@!@
  ||||||||||||||||line 60, col 66 to line 60, col 72 of module pipeline_exec_ooo: 20
@!@!@ENDMSG 2221 @!@!@
@!@!@STARTMSG 2221:0 @!@!@
  ||||||||||||||||line 60, col 75 to line 60, col 88 of module pipeline_exec_ooo: 20
@!@!@ENDMSG 2221 @!@!@
@!@!@STARTMSG 2221:0 @!@!@
  |||||||||||||||||line 60, col 75 to line 60, col 86 of module pipeline_exec_ooo: 20
@!@!@ENDMSG 2221 @!@!@
@!@!@STARTMSG 2221:0 @!@!@
  ||||||||||||||||||line 41, col 21 to line 41, col 73 of module pipeline_exec_ooo: 20
@!@!@ENDMSG 2221 @!@!@
@!@!@STARTMSG 2221:0 @!@!@
  |||||||||||||||||||line 41, col 54 to line 41, col 73 of module pipeline_exec_ooo: 57
@!@!@ENDMSG 2221 @!@!@
@!@!@STARTMSG 2221:0 @!@!@
  |||||||||||||||||||line 41, col 34 to line 41, col 50 of module pipeline_exec_ooo: 20
@!@!@ENDMSG 2221 @!@!@
@!@!@STARTMSG 2221:0 @!@!@
  ||||||||||||||||||line 60, col 85 to line 60, col 85 of module pipeline_exec_ooo: 20
@!@!@ENDMSG 2221 @!@!@
@!@!@STARTMSG 2221:0 @!@!@
  ||||||||||||||line 60, col 45 to line 60, col 50 of module pipeline_exec_ooo: 182
@!@!@ENDMSG 2221 @!@!@
@!@!@STARTMSG 2221:0 @!@!@
  |||||||||||line 62, col 17 to line 72, col 42 of module pipeline_exec_ooo: 182
@!@!@ENDMSG 2221 @!@!@
@!@!@STARTMSG 2221:0 @!@!@
  ||||||||||||line 62, col 20 to line 62, col 33 of module pipeline_exec_ooo: 182
@!@!@ENDMSG 2221 @!@!@
@!@!@STARTMSG 2221:0 @!@!@
  ||||||||||||line 63, col 22 to line 71, col 67 of module pipeline_exec_ooo: 173
@!@!@ENDMSG 2221 @!@!@
@!@!@STARTMSG 2221:0 @!@!@
  |||||||||||||line 63, col 25 to line 63, col 34 of module pipeline_exec_ooo: 173
@!@!@ENDMSG 2221 @!@!@
@!@!@STARTMSG 2221:0 @!@!@
  ||||||||||||||line 49, col 15 to line 50, col 24 of module pipeline_exec_ooo: 173
@!@!@ENDMSG 2221 @!@!@
@!@!@STARTMSG 2221:0 @!@!@
  |||||||||||||||line 49, col 18 to line 49, col 44 of module pipeline_exec_ooo: 173
@!@!@ENDMSG 2221 @!@!@
@!@!@STARTMSG 2221:0 @!@!@
  ||||||||||||||||line 49, col 36 to line 49, col 44 of module pipeline_exec_ooo: 692
@!@!@ENDMSG 2221 @!@!@
@!@!@STARTMSG 2221:0 @!@!@
  ||||||||||||||||line 49, col 27 to line 49, col 33 of module pipeline_exec_ooo: 173
@!@!@ENDMSG 2221 @!@!@
@!@!@STARTMSG 2221:0 @!@!@
  |||||||||||||||line 50, col 18 to line 50, col 24 of module pipeline_exec_ooo: 173
@!@!@ENDMSG 2221 @!@!@
@!@!@STARTMSG 2221:0 @!@!@
  |||||||||||||line 65, col 41 to line 70, col 46 of module pipeline_exec_ooo: 173
@!@!@ENDMSG 2221 @!@!@
@!@!@STARTMSG 2221:0 @!@!@
  ||||||||||||||line 8, col 11 to line 8, col 68 of module instructions_ooo: 173
@!@!@ENDMSG 2221 @!@!@
@!@!@STARTMSG 2221:0 @!@!@
  |||||||||||||||line 8, col 14 to line 8, col 19 of module instructions_ooo: 173
@!@!@ENDMSG 2221 @!@!@
@!@!@STARTMSG 2221:0 @!@!@
  |||||||||||||||line 8, col 33 to line 8, col 68 of module instructions_ooo: 6
@!@!@ENDMSG 2221 @!@!@
@!@!@STARTMSG 2775:0 @!@!@
  ||||||||||||||line 65, col 45 to line 70, col 45 of module pipeline_exec_ooo: 173:18
@!@!@ENDMSG 2775 @!@!@
@!@!@STARTMSG 2221:0 @!@!@
  |||||||||||||||line 66, col 47 to line 69, col 58 of module pipeline_exec_ooo: 346
@!@!@ENDMSG 2221 @!@!@
@!@!@STARTMSG 2221:0 @!@!@
  ||||||||||||||||line 66, col 47 to line 66, col 52 of module pipeline_exec_ooo: 346
@!@!@ENDMSG 2221 @!@!@
@!@!@STARTMSG 2221:0 @!@!@
  ||||||||||||||||line 66, col 58 to line 69, col 58 of module pipeline_exec_ooo: 346
@!@!@ENDMSG 2221 @!@!@
@!@!@STARTMSG 2221:0 @!@!@
  |||||||||||||||||line 67, col 61 to line 68, col 111 of module pipeline_exec_ooo: 20
@!@!@ENDMSG 2221 @!@!@
@!@!@STARTMSG 2221:0 @!@!@
  ||||||||||||||||||line 67, col 64 to line 67, col 158 of module pipeline_exec_ooo: 20
@!@!@ENDMSG 2221 @!@!@
@!@!@STARTMSG 2221:0 @!@!@
  |||||||||||||||||||line 67, col 96 to line 67, col 158 of module pipeline_exec_ooo: 16
@!@!@ENDMSG 2221 @!@!@
@!@!@STARTMSG 2221:0 @!@!@
  |||||||||||||||||||line 67, col 77 to line 67, col 93 of module pipeline_exec_ooo: 20
@!@!@ENDMSG 2221 @!@!@
@!@!@STARTMSG 2221:0 @!@!@
  ||||||||||||||||||line 68, col 64 to line 68, col 111 of module pipeline_exec_ooo: 20
@!@!@ENDMSG 2221 @!@!@
@!@!@STARTMSG 2221:0 @!@!@
  |||||||||||||||||||line 68, col 81 to line 68, col 111 of module pipeline_exec_ooo: 10
@!@!@ENDMSG 2221 @!@!@
@!@!@STARTMSG 2221:0 @!@!@
  |||||||||||||||||||line 68, col 73 to line 68, col 78 of module pipeline_exec_ooo: 20
@!@!@ENDMSG 2221 @!@!@
@!@!@STARTMSG 2221:0 @!@!@
  |||||||||||||||||line 66, col 66 to line 66, col 77 of module pipeline_exec_ooo: 346
@!@!@ENDMSG 2221 @!@!@
@!@!@STARTMSG 2775:0 @!@!@
  ||||||||||||||||||line 45, col 17 to line 45, col 97 of module pipeline_exec_ooo: 346:366
@!@!@ENDMSG 2775 @!@!@
@!@!@STARTMSG 2221:0 @!@!@
  |||||||||||||||||||line 45, col 19 to line 45, col 24 of module pipeline_exec_ooo: 20
@!@!@ENDMSG 2221 @!@!@
@!@!@STARTMSG 2775:0 @!@!@
  |||||||||||||||||||line 45, col 34 to line 45, col 95 of module pipeline_exec_ooo: 346:366
@!@!@ENDMSG 2775 @!@!@
@!@!@STARTMSG 2221:0 @!@!@
  ||||||||||||||||||||line 45, col 57 to line 45, col 93 of module pipeline_exec_ooo: 692
@!@!@ENDMSG 2221 @!@!@
@!@!@STARTMSG 2221:0 @!@!@
  |||||||||||||||||||||line 45, col 57 to line 45, col 72 of module pipeline_exec_ooo: 692
@!@!@ENDMSG 2221 @!@!@
@!@!@STARTMSG 2221:0 @!@!@
  |||||||||||||||||||||line 45, col 77 to line 45, col 93 of module pipeline_exec_ooo: 96
@!@!@ENDMSG 2221 @!@!@
@!@!@STARTMSG 2221:0 @!@!@
  ||||||||||||||||||||||line 45, col 77 to line 45, col 89 of module pipeline_exec_ooo: 96
@!@!@ENDMSG 2221 @!@!@
@!@!@STARTMSG 2221:0 @!@!@
  |||||||||||||||||||||||line 44, col 37 to line 44, col 337 of module pipeline_exec_ooo: 96
@!@!@ENDMSG 2221 @!@!@
@!@!@STARTMSG 2221:0 @!@!@
  ||||||||||||||||||||||||line 44, col 42 to line 44, col 67 of module pipeline_exec_ooo: 96
@!@!@ENDMSG 2221 @!@!@
@!@!@STARTMSG 2221:0 @!@!@
  ||||||||||||||||||||||||line 44, col 72 to line 44, col 147 of module pipeline_exec_ooo: 48
@!@!@ENDMSG 2221 @!@!@
@!@!@STARTMSG 2221:0 @!@!@
  |||||||||||||||||||||||line 45, col 83 to line 45, col 88 of module pipeline_exec_ooo: 96
@!@!@ENDMSG 2221 @!@!@
@!@!@STARTMSG 2221:0 @!@!@
  ||||||||||||||||||||||line 45, col 93 to line 45, col 93 of module pipeline_exec_ooo: 96
@!@!@ENDMSG 2221 @!@!@
@!@!@STARTMSG 2221:0 @!@!@
  ||||||||||||||||||||line 45, col 42 to line 45, col 53 of module pipeline_exec_ooo: 346
@!@!@ENDMSG 2221 @!@!@
@!@!@STARTMSG 2221:0 @!@!@
  ||||||||||||||||||line 66, col 76 to line 66, col 76 of module pipeline_exec_ooo: 48
@!@!@ENDMSG 2221 @!@!@
@!@!@STARTMSG 2221:0 @!@!@
  |||||||||||||||line 65, col 53 to line 65, col 64 of module pipeline_exec_ooo: 173
@!@!@ENDMSG 2221 @!@!@
@!@!@STARTMSG 2221:0 @!@!@
  |||||||||||||line 71, col 27 to line 71, col 67 of module pipeline_exec_ooo: 173
@!@!@ENDMSG 2221 @!@!@
@!@!@STARTMSG 2221:0 @!@!@
  ||||||||||||||line 71, col 30 to line 71, col 39 of module pipeline_exec_ooo: 173
@!@!@ENDMSG 2221 @!@!@
@!@!@STARTMSG 2221:0 @!@!@
  ||||||||||||||line 71, col 46 to line 71, col 50 of module pipeline_exec_ooo: 167
@!@!@ENDMSG 2221 @!@!@
@!@!@STARTMSG 2221:0 @!@!@
  ||||||||||||||line 71, col 57 to line 71, col 67 of module pipeline_exec_ooo: 6
@!@!@ENDMSG 2221 @!@!@
@!@!@STARTMSG 2221:0 @!@!@
  ||||||||||||line 72, col 22 to line 72, col 42 of module pipeline_exec_ooo: 9
@!@!@ENDMSG 2221 @!@!@
@!@!@STARTMSG 2221:0 @!@!@
  ||||||||||line 116, col 58 to line 116, col 58 of module pipeline_exec_ooo: 182
@!@!@ENDMSG 2221 @!@!@
@!@!@STARTMSG 2221:0 @!@!@
  |||||||||line 116, col 63 to line 116, col 67 of module pipeline_exec_ooo: 182
@!@!@ENDMSG 2221 @!@!@
@!@!@STARTMSG 2221:0 @!@!@
  ||||||||line 117, col 54 to line 117, col 135 of module pipeline_exec_ooo: 15
@!@!@ENDMSG 2221 @!@!@
@!@!@STARTMSG 2221:0 @!@!@
  |||||||||line 117, col 57 to line 117, col 84 of module pipeline_exec_ooo: 15
@!@!@ENDMSG 2221 @!@!@
@!@!@STARTMSG 2221:0 @!@!@
  ||||||||||line 117, col 57 to line 117, col 69 of module pipeline_exec_ooo: 15
@!@!@ENDMSG 2221 @!@!@
@!@!@STARTMSG 2221:0 @!@!@
  |||||||||||line 117, col 57 to line 117, col 64 of module pipeline_exec_ooo: 15
@!@!@ENDMSG 2221 @!@!@
@!@!@STARTMSG 2221:0 @!@!@
  ||||||||||||line 53, col 13 to line 72, col 42 of module pipeline_exec_ooo: 15
@!@!@ENDMSG 2221 @!@!@
@!@!@STARTMSG 2221:0 @!@!@
  |||||||||||||line 53, col 16 to line 53, col 27 of module pipeline_exec_ooo: 15
@!@!@ENDMSG 2221 @!@!@
@!@!@STARTMSG 2221:0 @!@!@
  |||||||||||||line 59, col 35 to line 61, col 36 of module pipeline_exec_ooo: 15
@!@!@ENDMSG 2221 @!@!@
@!@!@STARTMSG 2221:0 @!@!@
  ||||||||||||||line 8, col 11 to line 8, col 68 of module instructions_ooo: 15
@!@!@ENDMSG 2221 @!@!@
@!@!@STARTMSG 2221:0 @!@!@
  |||||||||||||||line 8, col 14 to line 8, col 19 of module instructions_ooo: 15
@!@!@ENDMSG 2221 @!@!@
@!@!@STARTMSG 2221:0 @!@!@
  |||||||||||||||line 8, col 33 to line 8, col 68 of module instructions_ooo: 9
@!@!@ENDMSG 2221 @!@!@
@!@!@STARTMSG 2775:0 @!@!@
  ||||||||||||||line 59, col 39 to line 61, col 35 of module pipeline_exec_ooo: 15:27
@!@!@ENDMSG 2775 @!@!@
@!@!@STARTMSG 2221:0 @!@!@
  |||||||||||||||line 59, col 41 to line 59, col 52 of module pipeline_exec_ooo: 9
@!@!@ENDMSG 2221 @!@!@
@!@!@STARTMSG 2221:0 @!@!@
  ||||||||||||||||line 41, col 21 to line 41, col 73 of module pipeline_exec_ooo: 9
@!@!@ENDMSG 2221 @!@!@
@!@!@STARTMSG 2221:0 @!@!@
  |||||||||||||||||line 41, col 54 to line 41, col 73 of module pipeline_exec_ooo: 24
@!@!@ENDMSG 2221 @!@!@
@!@!@STARTMSG 2221:0 @!@!@
  |||||||||||||||||line 41, col 34 to line 41, col 50 of module pipeline_exec_ooo: 9
@!@!@ENDMSG 2221 @!@!@
@!@!@STARTMSG 2221:0 @!@!@
  ||||||||||||||||line 59, col 51 to line 59, col 51 of module pipeline_exec_ooo: 9
@!@!@ENDMSG 2221 @!@!@
@!@!@STARTMSG 2775:0 @!@!@
  |||||||||||||||line 60, col 37 to line 60, col 155 of module pipeline_exec_ooo: 15:24
@!@!@ENDMSG 2775 @!@!@
@!@!@STARTMSG 2221:0 @!@!@
  ||||||||||||||||line 60, col 53 to line 60, col 153 of module pipeline_exec_ooo: 12
@!@!@ENDMSG 2221 @!@!@
@!@!@STARTMSG 2221:0 @!@!@
  |||||||||||||||||line 60, col 91 to line 60, col 153 of module pipeline_exec_ooo: 18
@!@!@ENDMSG 2221 @!@!@
@!@!@STARTMSG 2221:0 @!@!@
  ||||||||||||||||||line 60, col 91 to line 60, col 135 of module pipeline_exec_ooo: 18
@!@!@ENDMSG 2221 @!@!@
@!@!@STARTMSG 2221:0 @!@!@
  ||||||||||||||||||line 60, col 140 to line 60, col 153 of module pipeline_exec_ooo: 11
@!@!@ENDMSG 2221 @!@!@
@!@!@STARTMSG 2221:0 @!@!@
  |||||||||||||||||||line 60, col 140 to line 60, col 144 of module pipeline_exec_ooo: 11
@!@!@ENDMSG 2221 @!@!@
@!@!@STARTMSG 2221:0 @!@!@
  |||||||||||||||||||line 60, col 150 to line 60, col 153 of module pipeline_exec_ooo: 11
@!@!@ENDMSG 2221 @!@!@
@!@!@STARTMSG 2221:0 @!@!@
  ||||||||||||||||||||line 30, col 9 to line 31, col 102 of module pipeline_exec_ooo: 11
@!@!@ENDMSG 2221 @!@!@
@!@!@STARTMSG 2221:0 @!@!@
  |||||||||||||||||||||line 30, col 36 to line 31, col 100 of module pipeline_exec_ooo: 34
@!@!@ENDMSG 2221 @!@!@
@!@!@STARTMSG 2221:0 @!@!@
  ||||||||||||||||||||||line 30, col 39 to line 30, col 53 of module pipeline_exec_ooo: 34
@!@!@ENDMSG 2221 @!@!@
@!@!@STARTMSG 2221:0 @!@!@
  ||||||||||||||||||||||line 31, col 39 to line 31, col 100 of module pipeline_exec_ooo: 28
@!@!@ENDMSG 2221 @!@!@
@!@!@STARTMSG 2221:0 @!@!@
  |||||||||||||||||||||||line 31, col 57 to line 31, col 100 of module pipeline_exec_ooo: 89
@!@!@ENDMSG 2221 @!@!@
@!@!@STARTMSG 2221:0 @!@!@
  ||||||||||||||||||||||||line 31, col 57 to line 31, col 83 of module pipeline_exec_ooo: 89
@!@!@ENDMSG 2221 @!@!@
@!@!@STARTMSG 2221:0 @!@!@
  ||||||||||||||||||||||||line 31, col 88 to line 31, col 100 of module pipeline_exec_ooo: 11
@!@!@ENDMSG 2221 @!@!@
@!@!@STARTMSG 2221:0 @!@!@
  |||||||||||||||||||||||line 31, col 48 to line 31, col 54 of module pipeline_exec_ooo: 28
@!@!@ENDMSG 2221 @!@!@
@!@!@STARTMSG 2221:0 @!@!@
  |||||||||||||||||||||line 30, col 17 to line 30, col 33 of module pipeline_exec_ooo: 11
@!@!@ENDMSG 2221 @!@!@
@!@!@STARTMSG 2221:0 @!@!@
  |||||||||||||||||line 60, col 66 to line 60, col 88 of module pipeline_exec_ooo: 12
@!@!@ENDMSG 2221 @!@!@
@!@!@STARTMSG 2221:0 @!@!@
  ||||||||||||||||||line 60, col 66 to line 60, col 72 of module pipeline_exec_ooo: 12
@!@!@ENDMSG 2221 @!@!@
@!@!@STARTMSG 2221:0 @!@!@
  ||||||||||||||||||line 60, col 75 to line 60, col 88 of module pipeline_exec_ooo: 12
@!@!@ENDMSG 2221 @!@!@
@!@!@STARTMSG 2221:0 @!@!@
  |||||||||||||||||||line 60, col 75 to line 60, col 86 of module pipeline_exec_ooo: 12
@!@!@ENDMSG 2221 @!@!@
@!@!@STARTMSG 2221:0 @!@!@
  ||||||||||||||||||||line 41, col 21 to line 41, col 73 of module pipeline_exec_ooo: 12
@!@!@ENDMSG 2221 @!@!@
@!@!@STARTMSG 2221:0 @!@!@
  |||||||||||||||||||||line 41, col 54 to line 41, col 73 of module pipeline_exec_ooo: 30
@!@!@ENDMSG 2221 @!@!@
@!@!@STARTMSG 2221:0 @!@!@
  |||||||||||||||||||||line 41, col 34 to line 41, col 50 of module pipeline_exec_ooo: 12
@!@!@ENDMSG 2221 @!@!@
@!@!@STARTMSG 2221:0 @!@!@
  ||||||||||||||||||||line 60, col 85 to line 60, col 85 of module pipeline_exec_ooo: 12
@!@!@ENDMSG 2221 @!@!@
@!@!@STARTMSG 2221:0 @!@!@
  ||||||||||||||||line 60, col 45 to line 60, col 50 of module pipeline_exec_ooo: 15
@!@!@ENDMSG 2221 @!@!@
@!@!@STARTMSG 2221:0 @!@!@
  |||||||||||||line 62, col 17 to line 72, col 42 of module pipeline_exec_ooo: 15
@!@!@ENDMSG 2221 @!@!@
@!@!@STARTMSG 2221:0 @!@!@
  ||||||||||||||line 62, col 20 to line 62, col 33 of module pipeline_exec_ooo: 15
@!@!@ENDMSG 2221 @!@!@
@!@!@STARTMSG 2221:0 @!@!@
  ||||||||||||||line 63, col 22 to line 71, col 67 of module pipeline_exec_ooo: 6
@!@!@ENDMSG 2221 @!@!@
@!@!@STARTMSG 2221:0 @!@!@
  |||||||||||||||line 63, col 25 to line 63, col 34 of module pipeline_exec_ooo: 6
@!@!@ENDMSG 2221 @!@!@
@!@!@STARTMSG 2221:0 @!@!@
  ||||||||||||||||line 49, col 15 to line 50, col 24 of module pipeline_exec_ooo: 6
@!@!@ENDMSG 2221 @!@!@
@!@!@STARTMSG 2221:0 @!@!@
  |||||||||||||||||line 49, col 18 to line 49, col 44 of module pipeline_exec_ooo: 6
@!@!@ENDMSG 2221 @!@!@
@!@!@STARTMSG 2221:0 @!@!@
  ||||||||||||||||||line 49, col 36 to line 49, col 44 of module pipeline_exec_ooo: 24
@!@!@ENDMSG 2221 @!@!@
@!@!@STARTMSG 2221:0 @!@!@
  ||||||||||||||||||line 49, col 27 to line 49, col 33 of module pipeline_exec_ooo: 6
@!@!@ENDMSG 2221 @!@!@
@!@!@STARTMSG 2221:0 @!@!@
  |||||||||||||||||line 50, col 18 to line 50, col 24 of module pipeline_exec_ooo: 6
@!@!@ENDMSG 2221 @!@!@
@!@!@STARTMSG 2221:0 @!@!@
  |||||||||||||||line 65, col 41 to line 70, col 46 of module pipeline_exec_ooo: 6
@!@!@ENDMSG 2221 @!@!@
@!@!@STARTMSG 2221:0 @!@!@
  ||||||||||||||||line 8, col 11 to line 8, col 68 of module instructions_ooo: 6
@!@!@ENDMSG 2221 @!@!@
@!@!@STARTMSG 2775:0 @!@!@
  ||||||||||||||||line 65, col 45 to line 70, col 45 of module pipeline_exec_ooo: 6:18
@!@!@ENDMSG 2775 @!@!@
@!@!@STARTMSG 2221:0 @!@!@
  |||||||||||||||||line 66, col 47 to line 69, col 58 of module pipeline_exec_ooo: 12
@!@!@ENDMSG 2221 @!@!@
@!@!@STARTMSG 2221:0 @!@!@
  ||||||||||||||||||line 66, col 47 to line 66, col 52 of module pipeline_exec_ooo: 12
@!@!@ENDMSG 2221 @!@!@
@!@!@STARTMSG 2221:0 @!@!@
  ||||||||||||||||||line 66, col 58 to line 69, col 58 of module pipeline_exec_ooo: 12
@!@!@ENDMSG 2221 @!@!@
@!@!@STARTMSG 2221:0 @!@!@
  |||||||||||||||||||line 67, col 61 to line 68, col 111 of module pipeline_exec_ooo: 12
@!@!@ENDMSG 2221 @!@!@
@!@!@STARTMSG 2221:0 @!@!@
  ||||||||||||||||||||line 67, col 64 to line 67, col 158 of module pipeline_exec_ooo: 12
@!@!@ENDMSG 2221 @!@!@
@!@!@STARTMSG 2221:0 @!@!@
  ||||||||||||||||||||line 68, col 64 to line 68, col 111 of module pipeline_exec_ooo: 12
@!@!@ENDMSG 2221 @!@!@
@!@!@STARTMSG 2221:0 @!@!@
  |||||||||||||||||||||line 68, col 81 to line 68, col 111 of module pipeline_exec_ooo: 6
@!@!@ENDMSG 2221 @!@!@
@!@!@STARTMSG 2221:0 @!@!@
  |||||||||||||||||||||line 68, col 73 to line 68, col 78 of module pipeline_exec_ooo: 12
@!@!@ENDMSG 2221 @!@!@
@!@!@STARTMSG 2221:0 @!@!@
  |||||||||||||||||||line 66, col 66 to line 66, col 77 of module pipeline_exec_ooo: 12
@!@!@ENDMSG 2221 @!@!@
@!@!@STARTMSG 2775:0 @!@!@
  ||||||||||||||||||||line 45, col 17 to line 45, col 97 of module pipeline_exec_ooo: 12:24
@!@!@ENDMSG 2775 @!@!@
@!@!@STARTMSG 2221:0 @!@!@
  |||||||||||||||||||||line 45, col 19 to line 45, col 24 of module pipeline_exec_ooo: 12
@!@!@ENDMSG 2221 @!@!@
@!@!@STARTMSG 2775:0 @!@!@
  |||||||||||||||||||||line 45, col 34 to line 45, col 95 of module pipeline_exec_ooo: 12:24
@!@!@ENDMSG 2775 @!@!@
@!@!@STARTMSG 2221:0 @!@!@
  ||||||||||||||||||||||line 45, col 57 to line 45, col 93 of module pipeline_exec_ooo: 24
@!@!@ENDMSG 2221 @!@!@
@!@!@STARTMSG 2221:0 @!@!@
  |||||||||||||||||||||||line 45, col 57 to line 45, col 72 of module pipeline_exec_ooo: 24
@!@!@ENDMSG 2221 @!@!@
@!@!@STARTMSG 2221:0 @!@!@
  |||||||||||||||||||||||line 45, col 77 to line 45, col 93 of module pipeline_exec_ooo: 24
@!@!@ENDMSG 2221 @!@!@
@!@!@STARTMSG 2221:0 @!@!@
  ||||||||||||||||||||||||line 45, col 77 to line 45, col 89 of module pipeline_exec_ooo: 24
@!@!@ENDMSG 2221 @!@!@
@!@!@STARTMSG 2221:0 @!@!@
  |||||||||||||||||||||||||line 44, col 37 to line 44, col 337 of module pipeline_exec_ooo: 24
@!@!@ENDMSG 2221 @!@!@
@!@!@STARTMSG 2221:0 @!@!@
  ||||||||||||||||||||||||||line 44, col 42 to line 44, col 67 of module pipeline_exec_ooo: 24
@!@!@ENDMSG 2221 @!@!@
@!@!@STARTMSG 2221:0 @!@!@
  ||||||||||||||||||||||||||line 44, col 72 to line 44, col 147 of module pipeline_exec_ooo: 12
@!@!@ENDMSG 2221 @!@!@
@!@!@STARTMSG 2221:0 @!@!@
  |||||||||||||||||||||||||line 45, col 83 to line 45, col 88 of module pipeline_exec_ooo: 24
@!@!@ENDMSG 2221 @!@!@
@!@!@STARTMSG 2221:0 @!@!@
  ||||||||||||||||||||||||line 45, col 93 to line 45, col 93 of module pipeline_exec_ooo: 24
@!@!@ENDMSG 2221 @!@!@
@!@!@STARTMSG 2221:0 @!@!@
  ||||||||||||||||||||||line 45, col 42 to line 45, col 53 of module pipeline_exec_ooo: 12
@!@!@ENDMSG 2221 @!@!@
@!@!@STARTMSG 2221:0 @!@!@
  ||||||||||||||||||||line 66, col 76 to line 66, col 76 of module pipeline_exec_ooo: 12
@!@!@ENDMSG 2221 @!@!@
@!@!@STARTMSG 2221:0 @!@!@
  |||||||||||||||||line 65, col 53 to line 65, col 64 of module pipeline_exec_ooo: 6
@!@!@ENDMSG 2221 @!@!@
@!@!@STARTMSG 2221:0 @!@!@
  |||||||||||||||line 71, col 27 to line 71, col 67 of module pipeline_exec_ooo: 6
@!@!@ENDMSG 2221 @!@!@
@!@!@STARTMSG 2221:0 @!@!@
  ||||||||||||||line 72, col 22 to line 72, col 42 of module pipeline_exec_ooo: 9
@!@!@ENDMSG 2221 @!@!@
@!@!@STARTMSG 2221:0 @!@!@
  ||||||||||||line 117, col 63 to line 117, col 63 of module pipeline_exec_ooo: 15
@!@!@ENDMSG 2221 @!@!@
@!@!@STARTMSG 2221:0 @!@!@
  ||||||||||line 117, col 75 to line 117, col 84 of module pipeline_exec_ooo: 15
@!@!@ENDMSG 2221 @!@!@
@!@!@STARTMSG 2221:0 @!@!@
  |||||||||line 117, col 91 to line 117, col 108 of module pipeline_exec_ooo: 15
@!@!@ENDMSG 2221 @!@!@
@!@!@STARTMSG 2221:0 @!@!@
  ||||||||||line 117, col 91 to line 117, col 93 of module pipeline_exec_ooo: 15
@!@!@ENDMSG 2221 @!@!@
@!@!@STARTMSG 2221:0 @!@!@
  ||||||||||line 117, col 95 to line 117, col 107 of module pipeline_exec_ooo: 15
@!@!@ENDMSG 2221 @!@!@
@!@!@STARTMSG 2221:0 @!@!@
  |||||||||||line 117, col 95 to line 117, col 102 of module pipeline_exec_ooo: 15
@!@!@ENDMSG 2221 @!@!@
@!@!@STARTMSG 2221:0 @!@!@
  ||||||||||||line 53, col 13 to line 72, col 42 of module pipeline_exec_ooo: 15
@!@!@ENDMSG 2221 @!@!@
@!@!@STARTMSG 2221:0 @!@!@
  |||||||||||||line 53, col 16 to line 53, col 27 of module pipeline_exec_ooo: 15
@!@!@ENDMSG 2221 @!@!@
@!@!@STARTMSG 2221:0 @!@!@
  |||||||||||||line 59, col 35 to line 61, col 36 of module pipeline_exec_ooo: 15
@!@!@ENDMSG 2221 @!@!@
@!@!@STARTMSG 2221:0 @!@!@
  ||||||||||||||line 8, col 11 to line 8, col 68 of module instructions_ooo: 15
@!@!@ENDMSG 2221 @!@!@
@!@!@STARTMSG 2221:0 @!@!@
  |||||||||||||||line 8, col 14 to line 8, col 19 of module instructions_ooo: 15
@!@!@ENDMSG 2221 @!@!@
@!@!@STARTMSG 2221:0 @!@!@
  |||||||||||||||line 8, col 33 to line 8, col 68 of module instructions_ooo: 9
@!@!@ENDMSG 2221 @!@!@
@!@!@STARTMSG 2775:0 @!@!@
  ||||||||||||||line 59, col 39 to line 61, col 35 of module pipeline_exec_ooo: 15:27
@!@!@ENDMSG 2775 @!@!@
@!@!@STARTMSG 2221:0 @!@!@
  |||||||||||||||line 59, col 41 to line 59, col 52 of module pipeline_exec_ooo: 9
@!@!@ENDMSG 2221 @!@!@
@!@!@STARTMSG 2221:0 @!@!@
  ||||||||||||||||line 41, col 21 to line 41, col 73 of module pipeline_exec_ooo: 9
@!@!@ENDMSG 2221 @!@!@
@!@!@STARTMSG 2221:0 @!@!@
  |||||||||||||||||line 41, col 54 to line 41, col 73 of module pipeline_exec_ooo: 24
@!@!@ENDMSG 2221 @!@!@
@!@!@STARTMSG 2221:0 @!@!@
  |||||||||||||||||line 41, col 34 to line 41, col 50 of module pipeline_exec_ooo: 9
@!@!@ENDMSG 2221 @!@!@
@!@!@STARTMSG 2221:0 @!@!@
  ||||||||||||||||line 59, col 51 to line 59, col 51 of module pipeline_exec_ooo: 9
@!@!@ENDMSG 2221 @!@!@
@!@!@STARTMSG 2775:0 @!@!@
  |||||||||||||||line 60, col 37 to line 60, col 155 of module pipeline_exec_ooo: 15:24
@!@!@ENDMSG 2775 @!@!@
@!@!@STARTMSG 2221:0 @!@!@
  ||||||||||||||||line 60, col 53 to line 60, col 153 of module pipeline_exec_ooo: 12
@!@!@ENDMSG 2221 @!@!@
@!@!@STARTMSG 2221:0 @!@!@
  |||||||||||||||||line 60, col 91 to line 60, col 153 of module pipeline_exec_ooo: 18
@!@!@ENDMSG 2221 @!@!@
@!@!@STARTMSG 2221:0 @!@!@
  ||||||||||||||||||line 60, col 91 to line 60, col 135 of module pipeline_exec_ooo: 18
@!@!@ENDMSG 2221 @!@!@
@!@!@STARTMSG 2221:0 @!@!@
  ||||||||||||||||||line 60, col 140 to line 60, col 153 of module pipeline_exec_ooo: 11
@!@!@ENDMSG 2221 @!@!@
@!@!@STARTMSG 2221:0 @!@!@
  |||||||||||||||||||line 60, col 140 to line 60, col 144 of module pipeline_exec_ooo: 11
@!@!@ENDMSG 2221 @!@!@
@!@!@STARTMSG 2221:0 @!@!@
  |||||||||||||||||||line 60, col 150 to line 60, col 153 of module pipeline_exec_ooo: 11
@!@!@ENDMSG 2221 @!@!@
@!@!@STARTMSG 2221:0 @!@!@
  ||||||||||||||||||||line 30, col 9 to line 31, col 102 of module pipeline_exec_ooo: 11
@!@!@ENDMSG 2221 @!@!@
@!@!@STARTMSG 2221:0 @!@!@
  |||||||||||||||||||||line 30, col 36 to line 31, col 100 of module pipeline_exec_ooo: 34
@!@!@ENDMSG 2221 @!@!@
@!@!@STARTMSG 2221:0 @!@!@
  ||||||||||||||||||||||line 30, col 39 to line 30, col 53 of module pipeline_exec_ooo: 34
@!@!@ENDMSG 2221 @!@!@
@!@!@STARTMSG 2221:0 @!@!@
  ||||||||||||||||||||||line 31, col 39 to line 31, col 100 of module pipeline_exec_ooo: 28
@!@!@ENDMSG 2221 @!@!@
@!@!@STARTMSG 2221:0 @!@!@
  |||||||||||||||||||||||line 31, col 57 to line 31, col 100 of module pipeline_exec_ooo: 89
@!@!@ENDMSG 2221 @!@!@
@!@!@STARTMSG 2221:0 @!@!@
  ||||||||||||||||||||||||line 31, col 57 to line 31, col 83 of module pipeline_exec_ooo: 89
@!@!@ENDMSG 2221 @!@!@
@!@!@STARTMSG 2221:0 @!@!@
  ||||||||||||||||||||||||line 31, col 88 to line 31, col 100 of module pipeline_exec_ooo: 11
@!@!@ENDMSG 2221 @!@!@
@!@!@STARTMSG 2221:0 @!@!@
  |||||||||||||||||||||||line 31, col 48 to line 31, col 54 of module pipeline_exec_ooo: 28
@!@!@ENDMSG 2221 @!@!@
@!@!@STARTMSG 2221:0 @!@!@
  |||||||||||||||||||||line 30, col 17 to line 30, col 33 of module pipeline_exec_ooo: 11
@!@!@ENDMSG 2221 @!@!@
@!@!@STARTMSG 2221:0 @!@!@
  |||||||||||||||||line 60, col 66 to line 60, col 88 of module pipeline_exec_ooo: 12
@!@!@ENDMSG 2221 @!@!@
@!@!@STARTMSG 2221:0 @!@!@
  ||||||||||||||||||line 60, col 66 to line 60, col 72 of module pipeline_exec_ooo: 12
@!@!@ENDMSG 2221 @!@!@
@!@!@STARTMSG 2221:0 @!@!@
  ||||||||||||||||||line 60, col 75 to line 60, col 88 of module pipeline_exec_ooo: 12
@!@!@ENDMSG 2221 @!@!@
@!@!@STARTMSG 2221:0 @!@!@
  |||||||||||||||||||line 60, col 75 to line 60, col 86 of module pipeline_exec_ooo: 12
@!@!@ENDMSG 2221 @!@!@
@!@!@STARTMSG 2221:0 @!@!@
  ||||||||||||||||||||line 41, col 21 to line 41, col 73 of module pipeline_exec_ooo: 12
@!@!@ENDMSG 2221 @!@!@
@!@!@STARTMSG 2221:0 @!@!@
  |||||||||||||||||||||line 41, col 54 to line 41, col 73 of module pipeline_exec_ooo: 30
@!@!@ENDMSG 2221 @!@!@
@!@!@STARTMSG 2221:0 @!@!@
  |||||||||||||||||||||line 41, col 34 to line 41, col 50 of module pipeline_exec_ooo: 12
@!@!@ENDMSG 2221 @!@!@
@!@!@STARTMSG 2221:0 @!@!@
  ||||||||||||||||||||line 60, col 85 to line 60, col 85 of module pipeline_exec_ooo: 12
@!@!@ENDMSG 2221 @!@!@
@!@!@STARTMSG 2221:0 @!@!@
  ||||||||||||||||line 60, col 45 to line 60, col 50 of module pipeline_exec_ooo: 15
@!@!@ENDMSG 2221 @!@!@
@!@!@STARTMSG 2221:0 @!@!@
  |||||||||||||line 62, col 17 to line 72, col 42 of module pipeline_exec_ooo: 15
@!@!@ENDMSG 2221 @!@!@
@!@!@STARTMSG 2221:0 @!@!@
  ||||||||||||||line 62, col 20 to line 62, col 33 of module pipeline_exec_ooo: 15
@!@!@ENDMSG 2221 @!@!@
@!@!@STARTMSG 2221:0 @!@!@
  ||||||||||||||line 63, col 22 to line 71, col 67 of module pipeline_exec_ooo: 6
@!@!@ENDMSG 2221 @!@!@
@!@!@STARTMSG 2221:0 @!@!@
  |||||||||||||||line 63, col 25 to line 63, col 34 of module pipeline_exec_ooo: 6
@!@!@ENDMSG 2221 @!@!@
@!@!@STARTMSG 2221:0 @!@!@
  ||||||||||||||||line 49, col 15 to line 50, col 24 of module pipeline_exec_ooo: 6
@!@!@ENDMSG 2221 @!@!@
@!@!@STARTMSG 2221:0 @!@!@
  |||||||||||||||||line 49, col 18 to line 49, col 44 of module pipeline_exec_ooo: 6
@!@!@ENDMSG 2221 @!@!@
@!@!@STARTMSG 2221:0 @!@!@
  ||||||||||||||||||line 49, col 36 to line 49, col 44 of module pipeline_exec_ooo: 24
@!@!@ENDMSG 2221 @!@!@
@!@!@STARTMSG 2221:0 @!@!@
  ||||||||||||||||||line 49, col 27 to line 49, col 33 of module pipeline_exec_ooo: 6
@!@!@ENDMSG 2221 @!@!@
@!@!@STARTMSG 2221:0 @!@!@
  |||||||||||||||||line 50, col 18 to line 50, col 24 of module pipeline_exec_ooo: 6
@!@!@ENDMSG 2221 @!@!@
@!@!@STARTMSG 2221:0 @!@!@
  |||||||||||||||line 65, col 41 to line 70, col 46 of module pipeline_exec_ooo: 6
@!@!@ENDMSG 2221 @!@!@
@!@!@STARTMSG 2221:0 @!@!@
  ||||||||||||||||line 8, col 11 to line 8, col 68 of module instructions_ooo: 6
@!@!@ENDMSG 2221 @!@!@
@!@!@STARTMSG 2775:0 @!@!@
  ||||||||||||||||line 65, col 45 to line 70, col 45 of module pipeline_exec_ooo: 6:18
@!@!@ENDMSG 2775 @!@!@
@!@!@STARTMSG 2221:0 @!@!@
  |||||||||||||||||line 66, col 47 to line 69, col 58 of module pipeline_exec_ooo: 12
@!@!@ENDMSG 2221 @!@!@
@!@!@STARTMSG 2221:0 @!@!@
  ||||||||||||||||||line 66, col 47 to line 66, col 52 of module pipeline_exec_ooo: 12
@!@!@ENDMSG 2221 @!@!@
@!@!@STARTMSG 2221:0 @!@!@
  ||||||||||||||||||line 66, col 58 to line 69, col 58 of module pipeline_exec_ooo: 12
@!@!@ENDMSG 2221 @!@!@
@!@!@STARTMSG 2221:0 @!@!@
  |||||||||||||||||||line 67, col 61 to line 68, col 111 of module pipeline_exec_ooo: 12
@!@!@ENDMSG 2221 @!@!@
@!@!@STARTMSG 2221:0 @!@!@
  ||||||||||||||||||||line 67, col 64 to line 67, col 158 of module pipeline_exec_ooo: 12
@!@!@ENDMSG 2221 @!@!@
@!@!@STARTMSG 2221:0 @!@!@
  ||||||||||||||||||||line 68, col 64 to line 68, col 111 of module pipeline_exec_ooo: 12
@!@!@ENDMSG 2221 @!@!@
@!@!@STARTMSG 2221:0 @!@!@
  |||||||||||||||||||||line 68, col 81 to line 68, col 111 of module pipeline_exec_ooo: 6
@!@!@ENDMSG 2221 @!@!@
@!@!@STARTMSG 2221:0 @!@!@
  |||||||||||||||||||||line 68, col 73 to line 68, col 78 of module pipeline_exec_ooo: 12
@!@!@ENDMSG 2221 @!@!@
@!@!@STARTMSG 2221:0 @!@!@
  |||||||||||||||||||line 66, col 66 to line 66, col 77 of module pipeline_exec_ooo: 12
@!@!@ENDMSG 2221 @!@!@
@!@!@STARTMSG 2775:0 @!@!@
  ||||||||||||||||||||line 45, col 17 to line 45, col 97 of module pipeline_exec_ooo: 12:24
@!@!@ENDMSG 2775 @!@!@
@!@!@STARTMSG 2221:0 @!@!@
  |||||||||||||||||||||line 45, col 19 to line 45, col 24 of module pipeline_exec_ooo: 12
@!@!@ENDMSG 2221 @!@!@
@!@!@STARTMSG 2775:0 @!@!@
  |||||||||||||||||||||line 45, col 34 to line 45, col 95 of module pipeline_exec_ooo: 12:24
@!@!@ENDMSG 2775 @!@!@
@!@!@STARTMSG 2221:0 @!@!@
  ||||||||||||||||||||||line 45, col 57 to line 45, col 93 of module pipeline_exec_ooo: 24
@!@!@ENDMSG 2221 @!@!@
@!@!@STARTMSG 2221:0 @!@!@
  |||||||||||||||||||||||line 45, col 57 to line 45, col 72 of module pipeline_exec_ooo: 24
@!@!@ENDMSG 2221 @!@!@
@!@!@STARTMSG 2221:0 @!@!@
  |||||||||||||||||||||||line 45, col 77 to line 45, col 93 of module pipeline_exec_ooo: 24
@!@!@ENDMSG 2221 @!@!@
@!@!@STARTMSG 2221:0 @!@!@
  ||||||||||||||||||||||||line 45, col 77 to line 45, col 89 of module pipeline_exec_ooo: 24
@!@!@ENDMSG 2221 @!@!@
@!@!@STARTMSG 2221:0 @!@!@
  |||||||||||||||||||||||||line 44, col 37 to line 44, col 337 of module pipeline_exec_ooo: 24
@!@!@ENDMSG 2221 @!@!@
@!@!@STARTMSG 2221:0 @!@!@
  ||||||||||||||||||||||||||line 44, col 42 to line 44, col 67 of module pipeline_exec_ooo: 24
@!@!@ENDMSG 2221 @!@!@
@!@!@STARTMSG 2221:0 @!@!@
  ||||||||||||||||||||||||||line 44, col 72 to line 44, col 147 of module pipeline_exec_ooo: 12
@!@!@ENDMSG 2221 @!@!@
@!@!@STARTMSG 2221:0 @!@!@
  |||||||||||||||||||||||||line 45, col 83 to line 45, col 88 of module pipeline_exec_ooo: 24
@!@!@ENDMSG 2221 @!@!@
@!@!@STARTMSG 2221:0 @!@!@
  ||||||||||||||||||||||||line 45, col 93 to line 45, col 93 of module pipeline_exec_ooo: 24
@!@!@ENDMSG 2221 @!@!@
@!@!@STARTMSG 2221:0 @!@!@
  ||||||||||||||||||||||line 45, col 42 to line 45, col 53 of module pipeline_exec_ooo: 12
@!@!@ENDMSG 2221 @!@!@
@!@!@STARTMSG 2221:0 @!@!@
  ||||||||||||||||||||line 66, col 76 to line 66, col 76 of module pipeline_exec_ooo: 12
@!@!@ENDMSG 2221 @!@!@
@!@!@STARTMSG 2221:0 @!@!@
  |||||||||||||||||line 65, col 53 to line 65, col 64 of module pipeline_exec_ooo: 6
@!@!@ENDMSG 2221 @!@!@
@!@!@STARTMSG 2221:0 @!@!@
  |||||||||||||||line 71, col 27 to line 71, col 67 of module pipeline_exec_ooo: 6
@!@!@ENDMSG 2221 @!@!@
@!@!@STARTMSG 2221:0 @!@!@
  ||||||||||||||line 72, col 22 to line 72, col 42 of module pipeline_exec_ooo: 9
@!@!@ENDMSG 2221 @!@!@
@!@!@STARTMSG 2221:0 @!@!@
  ||||||||||||line 117, col 101 to line 117, col 101 of module pipeline_exec_ooo: 15
@!@!@ENDMSG 2221 @!@!@
@!@!@STARTMSG 2775:0 @!@!@
  |||||||line 118, col 34 to line 124, col 50 of module pipeline_exec_ooo: 182:1107
@!@!@ENDMSG 2775 @!@!@
@!@!@STARTMSG 2775:0 @!@!@
  ||||||||line 118, col 44 to line 118, col 53 of module pipeline_exec_ooo: 182:364
@!@!@ENDMSG 2775 @!@!@
@!@!@STARTMSG 2221:0 @!@!@
  |||||||||line 118, col 45 to line 118, col 52 of module pipeline_exec_ooo: 182
@!@!@ENDMSG 2221 @!@!@
@!@!@STARTMSG 2221:0 @!@!@
  ||||||||||line 53, col 13 to line 72, col 42 of module pipeline_exec_ooo: 182
@!@!@ENDMSG 2221 @!@!@
@!@!@STARTMSG 2221:0 @!@!@
  |||||||||||line 53, col 16 to line 53, col 27 of module pipeline_exec_ooo: 182
@!@!@ENDMSG 2221 @!@!@
@!@!@STARTMSG 2221:0 @!@!@
  |||||||||||line 59, col 35 to line 61, col 36 of module pipeline_exec_ooo: 182
@!@!@ENDMSG 2221 @!@!@
@!@!@STARTMSG 2221:0 @!@!@
  ||||||||||||line 8, col 11 to line 8, col 68 of module instructions_ooo: 182
@!@!@ENDMSG 2221 @!@!@
@!@!@STARTMSG 2221:0 @!@!@
  |||||||||||||line 8, col 14 to line 8, col 19 of module instructions_ooo: 182
@!@!@ENDMSG 2221 @!@!@
@!@!@STARTMSG 2221:0 @!@!@
  |||||||||||||line 8, col 33 to line 8, col 68 of module instructions_ooo: 9
@!@!@ENDMSG 2221 @!@!@
@!@!@STARTMSG 2775:0 @!@!@
  ||||||||||||line 59, col 39 to line 61, col 35 of module pipeline_exec_ooo: 182:27
@!@!@ENDMSG 2775 @!@!@
@!@!@STARTMSG 2221:0 @!@!@
  |||||||||||||line 59, col 41 to line 59, col 52 of module pipeline_exec_ooo: 9
@!@!@ENDMSG 2221 @!@!@
@!@!@STARTMSG 2221:0 @!@!@
  ||||||||||||||line 41, col 21 to line 41, col 73 of module pipeline_exec_ooo: 9
@!@!@ENDMSG 2221 @!@!@
@!@!@STARTMSG 2221:0 @!@!@
  |||||||||||||||line 41, col 54 to line 41, col 73 of module pipeline_exec_ooo: 24
@!@!@ENDMSG 2221 @!@!@
@!@!@STARTMSG 2221:0 @!@!@
  |||||||||||||||line 41, col 34 to line 41, col 50 of module pipeline_exec_ooo: 9
@!@!@ENDMSG 2221 @!@!@
@!@!@STARTMSG 2221:0 @!@!@
  ||||||||||||||line 59, col 51 to line 59, col 51 of module pipeline_exec_ooo: 9
@!@!@ENDMSG 2221 @!@!@
@!@!@STARTMSG 2775:0 @!@!@
  |||||||||||||line 60, col 37 to line 60, col 155 of module pipeline_exec_ooo: 182:191
@!@!@ENDMSG 2775 @!@!@
@!@!@STARTMSG 2221:0 @!@!@
  ||||||||||||||line 60, col 53 to line 60, col 153 of module pipeline_exec_ooo: 20
@!@!@ENDMSG 2221 @!@!@
@!@!@STARTMSG 2221:0 @!@!@
  |||||||||||||||line 60, col 91 to line 60, col 153 of module pipeline_exec_ooo: 37
@!@!@ENDMSG 2221 @!@!@
@!@!@STARTMSG 2221:0 @!@!@
  ||||||||||||||||line 60, col 91 to line 60, col 135 of module pipeline_exec_ooo: 37
@!@!@ENDMSG 2221 @!@!@
@!@!@STARTMSG 2221:0 @!@!@
  ||||||||||||||||line 60, col 140 to line 60, col 153 of module pipeline_exec_ooo: 19
@!@!@ENDMSG 2221 @!@!@
@!@!@STARTMSG 2221:0 @!@!@
  |||||||||||||||||line 60, col 140 to line 60, col 144 of module pipeline_exec_ooo: 19
@!@!@ENDMSG 2221 @!@!@
@!@!@STARTMSG 2221:0 @!@!@
  |||||||||||||||||line 60, col 150 to line 60, col 153 of module pipeline_exec_ooo: 19
@!@!@ENDMSG 2221 @!@!@
@!@!@STARTMSG 2221:0 @!@!@
  ||||||||||||||||||line 30, col 9 to line 31, col 102 of module pipeline_exec_ooo: 19
@!@!@ENDMSG 2221 @!@!@
@!@!@STARTMSG 2221:0 @!@!@
  |||||||||||||||||||line 30, col 36 to line 31, col 100 of module pipeline_exec_ooo: 61
@!@!@ENDMSG 2221 @!@!@
@!@!@STARTMSG 2221:0 @!@!@
  ||||||||||||||||||||line 30, col 39 to line 30, col 53 of module pipeline_exec_ooo: 61
@!@!@ENDMSG 2221 @!@!@
@!@!@STARTMSG 2221:0 @!@!@
  ||||||||||||||||||||line 31, col 39 to line 31, col 100 of module pipeline_exec_ooo: 53
@!@!@ENDMSG 2221 @!@!@
@!@!@STARTMSG 2221:0 @!@!@
  |||||||||||||||||||||line 31, col 57 to line 31, col 100 of module pipeline_exec_ooo: 180
@!@!@ENDMSG 2221 @!@!@
@!@!@STARTMSG 2221:0 @!@!@
  ||||||||||||||||||||||line 31, col 57 to line 31, col 83 of module pipeline_exec_ooo: 180
@!@!@ENDMSG 2221 @!@!@
@!@!@STARTMSG 2221:0 @!@!@
  ||||||||||||||||||||||line 31, col 88 to line 31, col 100 of module pipeline_exec_ooo: 22
@!@!@ENDMSG 2221 @!@!@
@!@!@STARTMSG 2221:0 @!@!@
  |||||||||||||||||||||line 31, col 48 to line 31, col 54 of module pipeline_exec_ooo: 53
@!@!@ENDMSG 2221 @!@!@
@!@!@STARTMSG 2221:0 @!@!@
  |||||||||||||||||||line 30, col 17 to line 30, col 33 of module pipeline_exec_ooo: 19
@!@!@ENDMSG 2221 @!@!@
@!@!@STARTMSG 2221:0 @!@!@
  |||||||||||||||line 60, col 66 to line 60, col 88 of module pipeline_exec_ooo: 20
@!@!@ENDMSG 2221 @!@!@
@!@!@STARTMSG 2221:0 @!@!@
  ||||||||||||||||line 60, col 66 to line 60, col 72 of module pipeline_exec_ooo: 20
@!@!@ENDMSG 2221 @!@!@
@!@!@STARTMSG 2221:0 @!@!@
  ||||||||||||||||line 60, col 75 to line 60, col 88 of module pipeline_exec_ooo: 20
@!@!@ENDMSG 2221 @!@!@
@!@!@STARTMSG 2221:0 @!@!@
  |||||||||||||||||line 60, col 75 to line 60, col 86 of module pipeline_exec_ooo: 20
@!@!@ENDMSG 2221 @!@!@
@!@!@STARTMSG 2221:0 @!@!@
  ||||||||||||||||||line 41, col 21 to line 41, col 73 of module pipeline_exec_ooo: 20
@!@!@ENDMSG 2221 @!@!@
@!@!@STARTMSG 2221:0 @!@!@
  |||||||||||||||||||line 41, col 54 to line 41, col 73 of module pipeline_exec_ooo: 57
@!@!@ENDMSG 2221 @!@!@
@!@!@STARTMSG 2221:0 @!@!@
  |||||||||||||||||||line 41, col 34 to line 41, col 50 of module pipeline_exec_ooo: 20
@!@!@ENDMSG 2221 @!@!@
@!@!@STARTMSG 2221:0 @!@!@
  ||||||||||||||||||line 60, col 85 to line 60, col 85 of module pipeline_exec_ooo: 20
@!@!@ENDMSG 2221 @!@!@
@!@!@STARTMSG 2221:0 @!@!@
  ||||||||||||||line 60, col 45 to line 60, col 50 of module pipeline_exec_ooo: 182
@!@!@ENDMSG 2221 @!@!@
@!@!@STARTMSG 2221:0 @!@!@
  |||||||||||line 62, col 17 to line 72, col 42 of module pipeline_exec_ooo: 182
@!@!@ENDMSG 2221 @!@!@
@!@!@STARTMSG 2221:0 @!@!@
  ||||||||||||line 62, col 20 to line 62, col 33 of module pipeline_exec_ooo: 182
@!@!@ENDMSG 2221 @!@!@
@!@!@STARTMSG 2221:0 @!@!@
  ||||||||||||line 63, col 22 to line 71, col 67 of module pipeline_exec_ooo: 173
@!@!@ENDMSG 2221 @!@!@
@!@!@STARTMSG 2221:0 @!@!@
  |||||||||||||line 63, col 25 to line 63, col 34 of module pipeline_exec_ooo: 173
@!@!@ENDMSG 2221 @!@!@
@!@!@STARTMSG 2221:0 @!@!@
  ||||||||||||||line 49, col 15 to line 50, col 24 of module pipeline_exec_ooo: 173
@!@!@ENDMSG 2221 @!@!@
@!@!@STARTMSG 2221:0 @!@!@
  |||||||||||||||line 49, col 18 to line 49, col 44 of module pipeline_exec_ooo: 173
@!@!@ENDMSG 2221 @!@!@
@!@!@STARTMSG 2221:0 @!@!@
  ||||||||||||||||line 49, col 36 to line 49, col 44 of module pipeline_exec_ooo: 692
@!@!@ENDMSG 2221 @!@!@
@!@!@STARTMSG 2221:0 @!@!@
  ||||||||||||||||line 49, col 27 to line 49, col 33 of module pipeline_exec_ooo: 173
@!@!@ENDMSG 2221 @!@!@
@!@!@STARTMSG 2221:0 @!@!@
  |||||||||||||||line 50, col 18 to line 50, col 24 of module pipeline_exec_ooo: 173
@!@!@ENDMSG 2221 @!@!@
@!@!@STARTMSG 2221:0 @!@!@
  |||||||||||||line 65, col 41 to line 70, col 46 of module pipeline_exec_ooo: 173
@!@!@ENDMSG 2221 @!@!@
@!@!@STARTMSG 2221:0 @!@!@
  ||||||||||||||line 8, col 11 to line 8, col 68 of module instructions_ooo: 173
@!@!@ENDMSG 2221 @!@!@
@!@!@STARTMSG 2221:0 @!@!@
  |||||||||||||||line 8, col 14 to line 8, col 19 of module instructions_ooo: 173
@!@!@ENDMSG 2221 @!@!@
@!@!@STARTMSG 2221:0 @!@!@
  |||||||||||||||line 8, col 33 to line 8, col 68 of module instructions_ooo: 6
@!@!@ENDMSG 2221 @!@!@
@!@!@STARTMSG 2775:0 @!@!@
  ||||||||||||||line 65, col 45 to line 70, col 45 of module pipeline_exec_ooo: 173:18
@!@!@ENDMSG 2775 @!@!@
@!@!@STARTMSG 2221:0 @!@!@
  |||||||||||||||line 66, col 47 to line 69, col 58 of module pipeline_exec_ooo: 346
@!@!@ENDMSG 2221 @!@!@
@!@!@STARTMSG 2221:0 @!@!@
  ||||||||||||||||line 66, col 47 to line 66, col 52 of module pipeline_exec_ooo: 346
@!@!@ENDMSG 2221 @!@!@
@!@!@STARTMSG 2221:0 @!@!@
  ||||||||||||||||line 66, col 58 to line 69, col 58 of module pipeline_exec_ooo: 346
@!@!@ENDMSG 2221 @!@!@
@!@!@STARTMSG 2221:0 @!@!@
  |||||||||||||||||line 67, col 61 to line 68, col 111 of module pipeline_exec_ooo: 20
@!@!@ENDMSG 2221 @!@!@
@!@!@STARTMSG 2221:0 @!@!@
  ||||||||||||||||||line 67, col 64 to line 67, col 158 of module pipeline_exec_ooo: 20
@!@!@ENDMSG 2221 @!@!@
@!@!@STARTMSG 2221:0 @!@!@
  |||||||||||||||||||line 67, col 96 to line 67, col 158 of module pipeline_exec_ooo: 16
@!@!@ENDMSG 2221 @!@!@
@!@!@STARTMSG 2221:0 @!@!@
  |||||||||||||||||||line 67, col 77 to line 67, col 93 of module pipeline_exec_ooo: 20
@!@!@ENDMSG 2221 @!@!@
@!@!@STARTMSG 2221:0 @!@!@
  ||||||||||||||||||line 68, col 64 to line 68, col 111 of module pipeline_exec_ooo: 20
@!@!@ENDMSG 2221 @!@!@
@!@!@STARTMSG 2221:0 @!@!@
  |||||||||||||||||||line 68, col 81 to line 68, col 111 of module pipeline_exec_ooo: 10
@!@!@ENDMSG 2221 @!@!@
@!@!@STARTMSG 2221:0 @!@!@
  |||||||||||||||||||line 68, col 73 to line 68, col 78 of module pipeline_exec_ooo: 20
@!@!@ENDMSG 2221 @!@!@
@!@!@STARTMSG 2221:0 @!@!@
  |||||||||||||||||line 66, col 66 to line 66, col 77 of module pipeline_exec_ooo: 346
@!@!@ENDMSG 2221 @!@!@
@!@!@STARTMSG 2775:0 @!@!@
  ||||||||||||||||||line 45, col 17 to line 45, col 97 of module pipeline_exec_ooo: 346:366
@!@!@ENDMSG 2775 @!@!@
@!@!@STARTMSG 2221:0 @!@!@
  |||||||||||||||||||line 45, col 19 to line 45, col 24 of module pipeline_exec_ooo: 20
@!@!@ENDMSG 2221 @!@!@
@!@!@STARTMSG 2775:0 @!@!@
  |||||||||||||||||||line 45, col 34 to line 45, col 95 of module pipeline_exec_ooo: 346:366
@!@!@ENDMSG 2775 @!@!@
@!@!@STARTMSG 2221:0 @!@!@
  ||||||||||||||||||||line 45, col 57 to line 45, col 93 of module pipeline_exec_ooo: 692
@!@!@ENDMSG 2221 @!@!@
@!@!@STARTMSG 2221:0 @!@!@
  |||||||||||||||||||||line 45, col 57 to line 45, col 72 of module pipeline_exec_ooo: 692
@!@!@ENDMSG 2221 @!@!@
@!@!@STARTMSG 2221:0 @!@!@
  |||||||||||||||||||||line 45, col 77 to line 45, col 93 of module pipeline_exec_ooo: 96
@!@!@ENDMSG 2221 @!@!@
@!@!@STARTMSG 2221:0 @!@!@
  ||||||||||||||||||||||line 45, col 77 to line 45, col 89 of module pipeline_exec_ooo: 96
@!@!@ENDMSG 2221 @!@!@
@!@!@STARTMSG 2221:0 @!@!@
  |||||||||||||||||||||||line 44, col 37 to line 44, col 337 of module pipeline_exec_ooo: 96
@!@!@ENDMSG 2221 @!@!@
@!@!@STARTMSG 2221:0 @!@!@
  ||||||||||||||||||||||||line 44, col 42 to line 44, col 67 of module pipeline_exec_ooo: 96
@!@!@ENDMSG 2221 @!@!@
@!@!@STARTMSG 2221:0 @!@!@
  ||||||||||||||||||||||||line 44, col 72 to line 44, col 147 of module pipeline_exec_ooo: 48
@!@!@ENDMSG 2221 @!@!@
@!@!@STARTMSG 2221:0 @!@!@
  |||||||||||||||||||||||line 45, col 83 to line 45, col 88 of module pipeline_exec_ooo: 96
@!@!@ENDMSG 2221 @!@!@
@!@!@STARTMSG 2221:0 @!@!@
  ||||||||||||||||||||||line 45, col 93 to line 45, col 93 of module pipeline_exec_ooo: 96
@!@!@ENDMSG 2221 @!@!@
@!@!@STARTMSG 2221:0 @!@!@
  ||||||||||||||||||||line 45, col 42 to line 45, col 53 of module pipeline_exec_ooo: 346
@!@!@ENDMSG 2221 @!@!@
@!@!@STARTMSG 2221:0 @!@!@
  ||||||||||||||||||line 66, col 76 to line 66, col 76 of module pipeline_exec_ooo: 48
@!@!@ENDMSG 2221 @!@!@
@!@!@STARTMSG 2221:0 @!@!@
  |||||||||||||||line 65, col 53 to line 65, col 64 of module pipeline_exec_ooo: 173
@!@!@ENDMSG 2221 @!@!@
@!@!@STARTMSG 2221:0 @!@!@
  |||||||||||||line 71, col 27 to line 71, col 67 of module pipeline_exec_ooo: 173
@!@!@ENDMSG 2221 @!@!@
@!@!@STARTMSG 2221:0 @!@!@
  ||||||||||||||line 71, col 30 to line 71, col 39 of module pipeline_exec_ooo: 173
@!@!@ENDMSG 2221 @!@!@
@!@!@STARTMSG 2221:0 @!@!@
  ||||||||||||||line 71, col 46 to line 71, col 50 of module pipeline_exec_ooo: 167
@!@!@ENDMSG 2221 @!@!@
@!@!@STARTMSG 2221:0 @!@!@
  ||||||||||||||line 71, col 57 to line 71, col 67 of module pipeline_exec_ooo: 6
@!@!@ENDMSG 2221 @!@!@
@!@!@STARTMSG 2221:0 @!@!@
  ||||||||||||line 72, col 22 to line 72, col 42 of module pipeline_exec_ooo: 9
@!@!@ENDMSG 2221 @!@!@
@!@!@STARTMSG 2221:0 @!@!@
  ||||||||||line 118, col 51 to line 118, col 51 of module pipeline_exec_ooo: 182
@!@!@ENDMSG 2221 @!@!@
@!@!@STARTMSG 2221:0 @!@!@
  ||||||||line 119, col 46 to line 123, col 59 of module pipeline_exec_ooo: 182
@!@!@ENDMSG 2221 @!@!@
@!@!@STARTMSG 2221:0 @!@!@
  |||||||||line 119, col 49 to line 120, col 97 of module pipeline_exec_ooo: 182
@!@!@ENDMSG 2221 @!@!@
@!@!@STARTMSG 2221:0 @!@!@
  ||||||||||line 119, col 52 to line 119, col 76 of module pipeline_exec_ooo: 182
@!@!@ENDMSG 2221 @!@!@
@!@!@STARTMSG 2221:0 @!@!@
  |||||||||||line 119, col 52 to line 119, col 63 of module pipeline_exec_ooo: 182
@!@!@ENDMSG 2221 @!@!@
@!@!@STARTMSG 2221:0 @!@!@
  ||||||||||||line 119, col 52 to line 119, col 59 of module pipeline_exec_ooo: 182
@!@!@ENDMSG 2221 @!@!@
@!@!@STARTMSG 2221:0 @!@!@
  |||||||||||||line 53, col 13 to line 72, col 42 of module pipeline_exec_ooo: 182
@!@!@ENDMSG 2221 @!@!@
@!@!@STARTMSG 2221:0 @!@!@
  ||||||||||||||line 53, col 16 to line 53, col 27 of module pipeline_exec_ooo: 182
@!@!@ENDMSG 2221 @!@!@
@!@!@STARTMSG 2221:0 @!@!@
  ||||||||||||||line 59, col 35 to line 61, col 36 of module pipeline_exec_ooo: 182
@!@!@ENDMSG 2221 @!@!@
@!@!@STARTMSG 2221:0 @!@!@
  |||||||||||||||line 8, col 11 to line 8, col 68 of module instructions_ooo: 182
@!@!@ENDMSG 2221 @!@!@
@!@!@STARTMSG 2221:0 @!@!@
  ||||||||||||||||line 8, col 14 to line 8, col 19 of module instructions_ooo: 182
@!@!@ENDMSG 2221 @!@!@
@!@!@STARTMSG 2221:0 @!@!@
  ||||||||||||||||line 8, col 33 to line 8, col 68 of module instructions_ooo: 9
@!@!@ENDMSG 2221 @!@!@
@!@!@STARTMSG 2775:0 @!@!@
  |||||||||||||||line 59, col 39 to line 61, col 35 of module pipeline_exec_ooo: 182:27
@!@!@ENDMSG 2775 @!@!@
@!@!@STARTMSG 2221:0 @!@!@
  ||||||||||||||||line 59, col 41 to line 59, col 52 of module pipeline_exec_ooo: 9
@!@!@ENDMSG 2221 @!@!@
@!@!@STARTMSG 2221:0 @!@!@
  |||||||||||||||||line 41, col 21 to line 41, col 73 of module pipeline_exec_ooo: 9
@!@!@ENDMSG 2221 @!@!@
@!@!@STARTMSG 2221:0 @!@!@
  ||||||||||||||||||line 41, col 54 to line 41, col 73 of module pipeline_exec_ooo: 24
@!@!@ENDMSG 2221 @!@!@
@!@!@STARTMSG 2221:0 @!@!@
  ||||||||||||||||||line 41, col 34 to line 41, col 50 of module pipeline_exec_ooo: 9
@!@!@ENDMSG 2221 @!@!@
@!@!@STARTMSG 2221:0 @!@!@
  |||||||||||||||||line 59, col 51 to line 59, col 51 of module pipeline_exec_ooo: 9
@!@!@ENDMSG 2221 @!@!@
@!@!@STARTMSG 2775:0 @!@!@
  ||||||||||||||||line 60, col 37 to line 60, col 155 of module pipeline_exec_ooo: 182:191
@!@!@ENDMSG 2775 @!@!@
@!@!@STARTMSG 2221:0 @!@!@
  |||||||||||||||||line 60, col 53 to line 60, col 153 of module pipeline_exec_ooo: 20
@!@!@ENDMSG 2221 @!@!@
@!@!@STARTMSG 2221:0 @!@!@
  ||||||||||||||||||line 60, col 91 to line 60, col 153 of module pipeline_exec_ooo: 37
@!@!@ENDMSG 2221 @!@!@
@!@!@STARTMSG 2221:0 @!@!@
  |||||||||||||||||||line 60, col 91 to line 60, col 135 of module pipeline_exec_ooo: 37
@!@!@ENDMSG 2221 @!@!@
@!@!@STARTMSG 2221:0 @!@!@
  |||||||||||||||||||line 60, col 140 to line 60, col 153 of module pipeline_exec_ooo: 19
@!@!@ENDMSG 2221 @!@!@
@!@!@STARTMSG 2221:0 @!@!@
  ||||||||||||||||||||line 60, col 140 to line 60, col 144 of module pipeline_exec_ooo: 19
@!@!@ENDMSG 2221 @!@!@
@!@!@STARTMSG 2221:0 @!@!@
  ||||||||||||||||||||line 60, col 150 to line 60, col 153 of module pipeline_exec_ooo: 19
@!@!@ENDMSG 2221 @!@!@
@!@!@STARTMSG 2221:0 @!@!@
  |||||||||||||||||||||line 30, col 9 to line 31, col 102 of module pipeline_exec_ooo: 19
@!@!@ENDMSG 2221 @!@!@
@!@!@STARTMSG 2221:0 @!@!@
  ||||||||||||||||||||||line 30, col 36 to line 31, col 100 of module pipeline_exec_ooo: 61
@!@!@ENDMSG 2221 @!@!@
@!@!@STARTMSG 2221:0 @!@!@
  |||||||||||||||||||||||line 30, col 39 to line 30, col 53 of module pipeline_exec_ooo: 61
@!@!@ENDMSG 2221 @!@!@
@!@!@STARTMSG 2221:0 @!@!@
  |||||||||||||||||||||||line 31, col 39 to line 31, col 100 of module pipeline_exec_ooo: 53
@!@!@ENDMSG 2221 @!@!@
@!@!@STARTMSG 2221:0 @!@!@
  ||||||||||||||||||||||||line 31, col 57 to line 31, col 100 of module pipeline_exec_ooo: 180
@!@!@ENDMSG 2221 @!@!@
@!@!@STARTMSG 2221:0 @!@!@
  |||||||||||||||||||||||||line 31, col 57 to line 31, col 83 of module pipeline_exec_ooo: 180
@!@!@ENDMSG 2221 @!@!@
@!@!@STARTMSG 2221:0 @!@!@
  |||||||||||||||||||||||||line 31, col 88 to line 31, col 100 of module pipeline_exec_ooo: 22
@!@!@ENDMSG 2221 @!@!@
@!@!@STARTMSG 2221:0 @!@!@
  ||||||||||||||||||||||||line 31, col 48 to line 31, col 54 of module pipeline_exec_ooo: 53
@!@!@ENDMSG 2221 @!@!@
@!@!@STARTMSG 2221:0 @!@!@
  ||||||||||||||||||||||line 30, col 17 to line 30, col 33 of module pipeline_exec_ooo: 19
@!@!@ENDMSG 2221 @!@!@
@!@!@STARTMSG 2221:0 @!@!@
  ||||||||||||||||||line 60, col 66 to line 60, col 88 of module pipeline_exec_ooo: 20
@!@!@ENDMSG 2221 @!@!@
@!@!@STARTMSG 2221:0 @!@!@
  |||||||||||||||||||line 60, col 66 to line 60, col 72 of module pipeline_exec_ooo: 20
@!@!@ENDMSG 2221 @!@!@
@!@!@STARTMSG 2221:0 @!@!@
  |||||||||||||||||||line 60, col 75 to line 60, col 88 of module pipeline_exec_ooo: 20
@!@!@ENDMSG 2221 @!@!@
@!@!@STARTMSG 2221:0 @!@!@
  ||||||||||||||||||||line 60, col 75 to line 60, col 86 of module pipeline_exec_ooo: 20
@!@!@ENDMSG 2221 @!@!@
@!@!@STARTMSG 2221:0 @!@!@
  |||||||||||||||||||||line 41, col 21 to line 41, col 73 of module pipeline_exec_ooo: 20
@!@!@ENDMSG 2221 @!@!@
@!@!@STARTMSG 2221:0 @!@!@
  ||||||||||||||||||||||line 41, col 54 to line 41, col 73 of module pipeline_exec_ooo: 57
@!@!@ENDMSG 2221 @!@!@
@!@!@STARTMSG 2221:0 @!@!@
  ||||||||||||||||||||||line 41, col 34 to line 41, col 50 of module pipeline_exec_ooo: 20
@!@!@ENDMSG 2221 @!@!@
@!@!@STARTMSG 2221:0 @!@!@
  |||||||||||||||||||||line 60, col 85 to line 60, col 85 of module pipeline_exec_ooo: 20
@!@!@ENDMSG 2221 @!@!@
@!@!@STARTMSG 2221:0 @!@!@
  |||||||||||||||||line 60, col 45 to line 60, col 50 of module pipeline_exec_ooo: 182
@!@!@ENDMSG 2221 @!@!@
@!@!@STARTMSG 2221:0 @!@!@
  ||||||||||||||line 62, col 17 to line 72, col 42 of module pipeline_exec_ooo: 182
@!@!@ENDMSG 2221 @!@!@
@!@!@STARTMSG 2221:0 @!@!@
  |||||||||||||||line 62, col 20 to line 62, col 33 of module pipeline_exec_ooo: 182
@!@!@ENDMSG 2221 @!@!@
@!@!@STARTMSG 2221:0 @!@!@
  |||||||||||||||line 63, col 22 to line 71, col 67 of module pipeline_exec_ooo: 173
@!@!@ENDMSG 2221 @!@!@
@!@!@STARTMSG 2221:0 @!@!@
  ||||||||||||||||line 63, col 25 to line 63, col 34 of module pipeline_exec_ooo: 173
@!@!@ENDMSG 2221 @!@!@
@!@!@STARTMSG 2221:0 @!@!@
  |||||||||||||||||line 49, col 15 to line 50, col 24 of module pipeline_exec_ooo: 173
@!@!@ENDMSG 2221 @!@!@
@!@!@STARTMSG 2221:0 @!@!@
  ||||||||||||||||||line 49, col 18 to line 49, col 44 of module pipeline_exec_ooo: 173
@!@!@ENDMSG 2221 @!@!@
@!@!@STARTMSG 2221:0 @!@!@
  |||||||||||||||||||line 49, col 36 to line 49, col 44 of module pipeline_exec_ooo: 692
@!@!@ENDMSG 2221 @!@!@
@!@!@STARTMSG 2221:0 @!@!@
  |||||||||||||||||||line 49, col 27 to line 49, col 33 of module pipeline_exec_ooo: 173
@!@!@ENDMSG 2221 @!@!@
@!@!@STARTMSG 2221:0 @!@!@
  ||||||||||||||||||line 50, col 18 to line 50, col 24 of module pipeline_exec_ooo: 173
@!@!@ENDMSG 2221 @!@!@
@!@!@STARTMSG 2221:0 @!@!@
  ||||||||||||||||line 65, col 41 to line 70, col 46 of module pipeline_exec_ooo: 173
@!@!@ENDMSG 2221 @!@!@
@!@!@STARTMSG 2221:0 @!@!@
  |||||||||||||||||line 8, col 11 to line 8, col 68 of module instructions_ooo: 173
@!@!@ENDMSG 2221 @!@!@
@!@!@STARTMSG 2221:0 @!@!@
  ||||||||||||||||||line 8, col 14 to line 8, col 19 of module instructions_ooo: 173
@!@!@ENDMSG 2221 @!@!@
@!@!@STARTMSG 2221:0 @!@!@
  ||||||||||||||||||line 8, col 33 to line 8, col 68 of module instructions_ooo: 6
@!@!@ENDMSG 2221 @!@!@
@!@!@STARTMSG 2775:0 @!@!@
  |||||||||||||||||line 65, col 45 to line 70, col 45 of module pipeline_exec_ooo: 173:18
@!@!@ENDMSG 2775 @!@!@
@!@!@STARTMSG 2221:0 @!@!@
  ||||||||||||||||||line 66, col 47 to line 69, col 58 of module pipeline_exec_ooo: 346
@!@!@ENDMSG 2221 @!@!@
@!@!@STARTMSG 2221:0 @!@!@
  |||||||||||||||||||line 66, col 47 to line 66, col 52 of module pipeline_exec_ooo: 346
@!@!@ENDMSG 2221 @!@!@
@!@!@STARTMSG 2221:0 @!@!@
  |||||||||||||||||||line 66, col 58 to line 69, col 58 of module pipeline_exec_ooo: 346
@!@!@ENDMSG 2221 @!@!@
@!@!@STARTMSG 2221:0 @!@!@
  ||||||||||||||||||||line 67, col 61 to line 68, col 111 of module pipeline_exec_ooo: 20
@!@!@ENDMSG 2221 @!@!@
@!@!@STARTMSG 2221:0 @!@!@
  |||||||||||||||||||||line 67, col 64 to line 67, col 158 of module pipeline_exec_ooo: 20
@!@!@ENDMSG 2221 @!@!@
@!@!@STARTMSG 2221:0 @!@!@
  ||||||||||||||||||||||line 67, col 96 to line 67, col 158 of module pipeline_exec_ooo: 16
@!@!@ENDMSG 2221 @!@!@
@!@!@STARTMSG 2221:0 @!@!@
  ||||||||||||||||||||||line 67, col 77 to line 67, col 93 of module pipeline_exec_ooo: 20
@!@!@ENDMSG 2221 @!@!@
@!@!@STARTMSG 2221:0 @!@!@
  |||||||||||||||||||||line 68, col 64 to line 68, col 111 of module pipeline_exec_ooo: 20
@!@!@ENDMSG 2221 @!@!@
@!@!@STARTMSG 2221:0 @!@!@
  ||||||||||||||||||||||line 68, col 81 to line 68, col 111 of module pipeline_exec_ooo: 10
@!@!@ENDMSG 2221 @!@!@
@!@!@STARTMSG 2221:0 @!@!@
  ||||||||||||||||||||||line 68, col 73 to line 68, col 78 of module pipeline_exec_ooo: 20
@!@!@ENDMSG 2221 @!@!@
@!@!@STARTMSG 2221:0 @!@!@
  ||||||||||||||||||||line 66, col 66 to line 66, col 77 of module pipeline_exec_ooo: 346
@!@!@ENDMSG 2221 @!@!@
@!@!@STARTMSG 2775:0 @!@!@
  |||||||||||||||||||||line 45, col 17 to line 45, col 97 of module pipeline_exec_ooo: 346:366
@!@!@ENDMSG 2775 @!@!@
@!@!@STARTMSG 2221:0 @!@!@
  ||||||||||||||||||||||line 45, col 19 to line 45, col 24 of module pipeline_exec_ooo: 20
@!@!@ENDMSG 2221 @!@!@
@!@!@STARTMSG 2775:0 @!@!@
  ||||||||||||||||||||||line 45, col 34 to line 45, col 95 of module pipeline_exec_ooo: 346:366
@!@!@ENDMSG 2775 @!@!@
@!@!@STARTMSG 2221:0 @!@!@
  |||||||||||||||||||||||line 45, col 57 to line 45, col 93 of module pipeline_exec_ooo: 692
@!@!@ENDMSG 2221 @!@!@
@!@!@STARTMSG 2221:0 @!@!@
  ||||||||||||||||||||||||line 45, col 57 to line 45, col 72 of module pipeline_exec_ooo: 692
@!@!@ENDMSG 2221 @!@!@
@!@!@STARTMSG 2221:0 @!@!@
  ||||||||||||||||||||||||line 45, col 77 to line 45, col 93 of module pipeline_exec_ooo: 96
@!@!@ENDMSG 2221 @!@!@
@!@!@STARTMSG 2221:0 @!@!@
  |||||||||||||||||||||||||line 45, col 77 to line 45, col 89 of module pipeline_exec_ooo: 96
@!@!@ENDMSG 2221 @!@!@
@!@!@STARTMSG 2221:0 @!@!@
  ||||||||||||||||||||||||||line 44, col 37 to line 44, col 337 of module pipeline_exec_ooo: 96
@!@!@ENDMSG 2221 @!@!@
@!@!@STARTMSG 2221:0 @!@!@
  |||||||||||||||||||||||||||line 44, col 42 to line 44, col 67 of module pipeline_exec_ooo: 96
@!@!@ENDMSG 2221 @!@!@
@!@!@STARTMSG 2221:0 @!@!@
  |||||||||||||||||||||||||||line 44, col 72 to line 44, col 147 of module pipeline_exec_ooo: 48
@!@!@ENDMSG 2221 @!@!@
@!@!@STARTMSG 2221:0 @!@!@
  ||||||||||||||||||||||||||line 45, col 83 to line 45, col 88 of module pipeline_exec_ooo: 96
@!@!@ENDMSG 2221 @!@!@
@!@!@STARTMSG 2221:0 @!@!@
  |||||||||||||||||||||||||line 45, col 93 to line 45, col 93 of module pipeline_exec_ooo: 96
@!@!@ENDMSG 2221 @!@!@
@!@!@STARTMSG 2221:0 @!@!@
  |||||||||||||||||||||||line 45, col 42 to line 45, col 53 of module pipeline_exec_ooo: 346
@!@!@ENDMSG 2221 @!@!@
@!@!@STARTMSG 2221:0 @!@!@
  |||||||||||||||||||||line 66, col 76 to line 66, col 76 of module pipeline_exec_ooo: 48
@!@!@ENDMSG 2221 @!@!@
@!@!@STARTMSG 2221:0 @!@!@
  ||||||||||||||||||line 65, col 53 to line 65, col 64 of module pipeline_exec_ooo: 173
@!@!@ENDMSG 2221 @!@!@
@!@!@STARTMSG 2221:0 @!@!@
  ||||||||||||||||line 71, col 27 to line 71, col 67 of module pipeline_exec_ooo: 173
@!@!@ENDMSG 2221 @!@!@
@!@!@STARTMSG 2221:0 @!@!@
  |||||||||||||||||line 71, col 30 to line 71, col 39 of module pipeline_exec_ooo: 173
@!@!@ENDMSG 2221 @!@!@
@!@!@STARTMSG 2221:0 @!@!@
  |||||||||||||||||line 71, col 46 to line 71, col 50 of module pipeline_exec_ooo: 167
@!@!@ENDMSG 2221 @!@!@
@!@!@STARTMSG 2221:0 @!@!@
  |||||||||||||||||line 71, col 57 to line 71, col 67 of module pipeline_exec_ooo: 6
@!@!@ENDMSG 2221 @!@!@
@!@!@STARTMSG 2221:0 @!@!@
  |||||||||||||||line 72, col 22 to line 72, col 42 of module pipeline_exec_ooo: 9
@!@!@ENDMSG 2221 @!@!@
@!@!@STARTMSG 2221:0 @!@!@
  |||||||||||||line 119, col 58 to line 119, col 58 of module pipeline_exec_ooo: 182
@!@!@ENDMSG 2221 @!@!@
@!@!@STARTMSG 2221:0 @!@!@
  |||||||||||line 119, col 69 to line 119, col 76 of module pipeline_exec_ooo: 182
@!@!@ENDMSG 2221 @!@!@
@!@!@STARTMSG 2221:0 @!@!@
  ||||||||||line 120, col 52 to line 120, col 97 of module pipeline_exec_ooo: 3
@!@!@ENDMSG 2221 @!@!@
@!@!@STARTMSG 2775:0 @!@!@
  |||||||||line 122, col 51 to line 122, col 68 of module pipeline_exec_ooo: 3:12
@!@!@ENDMSG 2775 @!@!@
@!@!@STARTMSG 2221:0 @!@!@
  ||||||||||line 122, col 52 to line 122, col 58 of module pipeline_exec_ooo: 3
@!@!@ENDMSG 2221 @!@!@
@!@!@STARTMSG 2221:0 @!@!@
  ||||||||||line 122, col 61 to line 122, col 67 of module pipeline_exec_ooo: 3
@!@!@ENDMSG 2221 @!@!@
@!@!@STARTMSG 2775:0 @!@!@
  |||||||||line 123, col 51 to line 123, col 59 of module pipeline_exec_ooo: 179:537
@!@!@ENDMSG 2775 @!@!@
@!@!@STARTMSG 2221:0 @!@!@
  ||||||||||line 123, col 52 to line 123, col 58 of module pipeline_exec_ooo: 179
@!@!@ENDMSG 2221 @!@!@
@!@!@STARTMSG 2775:0 @!@!@
  ||||||||line 124, col 36 to line 124, col 48 of module pipeline_exec_ooo: 182:552
@!@!@ENDMSG 2775 @!@!@
@!@!@STARTMSG 2775:0 @!@!@
  |||||||line 125, col 34 to line 125, col 68 of module pipeline_exec_ooo: 30:60
@!@!@ENDMSG 2775 @!@!@
@!@!@STARTMSG 2221:0 @!@!@
  ||||||||line 125, col 35 to line 125, col 67 of module pipeline_exec_ooo: 30
@!@!@ENDMSG 2221 @!@!@
@!@!@STARTMSG 2221:0 @!@!@
  ||||||line 126, col 48 to line 126, col 48 of module pipeline_exec_ooo: 212
@!@!@ENDMSG 2221 @!@!@
@!@!@STARTMSG 2775:0 @!@!@
  |||line 9, col 68 to line 9, col 122 of module pipeline_exec_ooo: 159:432
@!@!@ENDMSG 2775 @!@!@
@!@!@STARTMSG 2221:0 @!@!@
  ||||line 9, col 70 to line 9, col 79 of module pipeline_exec_ooo: 168
@!@!@ENDMSG 2221 @!@!@
@!@!@STARTMSG 2221:0 @!@!@
  ||||line 9, col 89 to line 9, col 106 of module pipeline_exec_ooo: 159
@!@!@ENDMSG 2221 @!@!@
@!@!@STARTMSG 2221:0 @!@!@
  ||||line 9, col 115 to line 9, col 120 of module pipeline_exec_ooo: 159
@!@!@ENDMSG 2221 @!@!@
@!@!@STARTMSG 2221:0 @!@!@
  |||||line 9, col 119 to line 9, col 119 of module pipeline_exec_ooo: 159
@!@!@ENDMSG 2221 @!@!@
@!@!@STARTMSG 2221:0 @!@!@
  |||||line 126, col 44 to line 126, col 49 of module pipeline_exec_ooo: 212
@!@!@ENDMSG 2221 @!@!@
@!@!@STARTMSG 2221:0 @!@!@
  ||||||line 115, col 29 to line 125, col 68 of module pipeline_exec_ooo: 212
@!@!@ENDMSG 2221 @!@!@
@!@!@STARTMSG 2221:0 @!@!@
  |||||||line 115, col 32 to line 115, col 44 of module pipeline_exec_ooo: 212
@!@!@ENDMSG 2221 @!@!@
@!@!@STARTMSG 2221:0 @!@!@
  |||||||line 116, col 49 to line 117, col 135 of module pipeline_exec_ooo: 182
@!@!@ENDMSG 2221 @!@!@
@!@!@STARTMSG 2221:0 @!@!@
  ||||||||line 116, col 52 to line 116, col 67 of module pipeline_exec_ooo: 182
@!@!@ENDMSG 2221 @!@!@
@!@!@STARTMSG 2221:0 @!@!@
  |||||||||line 116, col 52 to line 116, col 59 of module pipeline_exec_ooo: 182
@!@!@ENDMSG 2221 @!@!@
@!@!@STARTMSG 2221:0 @!@!@
  ||||||||||line 53, col 13 to line 72, col 42 of module pipeline_exec_ooo: 182
@!@!@ENDMSG 2221 @!@!@
@!@!@STARTMSG 2221:0 @!@!@
  |||||||||||line 53, col 16 to line 53, col 27 of module pipeline_exec_ooo: 182
@!@!@ENDMSG 2221 @!@!@
@!@!@STARTMSG 2221:0 @!@!@
  |||||||||||line 59, col 35 to line 61, col 36 of module pipeline_exec_ooo: 182
@!@!@ENDMSG 2221 @!@!@
@!@!@STARTMSG 2221:0 @!@!@
  ||||||||||||line 8, col 11 to line 8, col 68 of module instructions_ooo: 182
@!@!@ENDMSG 2221 @!@!@
@!@!@STARTMSG 2221:0 @!@!@
  |||||||||||||line 8, col 14 to line 8, col 19 of module instructions_ooo: 182
@!@!@ENDMSG 2221 @!@!@
@!@!@STARTMSG 2221:0 @!@!@
  |||||||||||||line 8, col 33 to line 8, col 68 of module instructions_ooo: 9
@!@!@ENDMSG 2221 @!@!@
@!@!@STARTMSG 2775:0 @!@!@
  ||||||||||||line 59, col 39 to line 61, col 35 of module pipeline_exec_ooo: 182:27
@!@!@ENDMSG 2775 @!@!@
@!@!@STARTMSG 2221:0 @!@!@
  |||||||||||||line 59, col 41 to line 59, col 52 of module pipeline_exec_ooo: 9
@!@!@ENDMSG 2221 @!@!@
@!@!@STARTMSG 2221:0 @!@!@
  ||||||||||||||line 41, col 21 to line 41, col 73 of module pipeline_exec_ooo: 9
@!@!@ENDMSG 2221 @!@!@
@!@!@STARTMSG 2221:0 @!@!@
  |||||||||||||||line 41, col 54 to line 41, col 73 of module pipeline_exec_ooo: 24
@!@!@ENDMSG 2221 @!@!@
@!@!@STARTMSG 2221:0 @!@!@
  |||||||||||||||line 41, col 34 to line 41, col 50 of module pipeline_exec_ooo: 9
@!@!@ENDMSG 2221 @!@!@
@!@!@STARTMSG 2221:0 @!@!@
  ||||||||||||||line 59, col 51 to line 59, col 51 of module pipeline_exec_ooo: 9
@!@!@ENDMSG 2221 @!@!@
@!@!@STARTMSG 2775:0 @!@!@
  |||||||||||||line 60, col 37 to line 60, col 155 of module pipeline_exec_ooo: 182:191
@!@!@ENDMSG 2775 @!@!@
@!@!@STARTMSG 2221:0 @!@!@
  ||||||||||||||line 60, col 53 to line 60, col 153 of module pipeline_exec_ooo: 20
@!@!@ENDMSG 2221 @!@!@
@!@!@STARTMSG 2221:0 @!@!@
  |||||||||||||||line 60, col 91 to line 60, col 153 of module pipeline_exec_ooo: 37
@!@!@ENDMSG 2221 @!@!@
@!@!@STARTMSG 2221:0 @!@!@
  ||||||||||||||||line 60, col 91 to line 60, col 135 of module pipeline_exec_ooo: 37
@!@!@ENDMSG 2221 @!@!@
@!@!@STARTMSG 2221:0 @!@!@
  ||||||||||||||||line 60, col 140 to line 60, col 153 of module pipeline_exec_ooo: 19
@!@!@ENDMSG 2221 @!@!@
@!@!@STARTMSG 2221:0 @!@!@
  |||||||||||||||||line 60, col 140 to line 60, col 144 of module pipeline_exec_ooo: 19
@!@!@ENDMSG 2221 @!@!@
@!@!@STARTMSG 2221:0 @!@!@
  |||||||||||||||||line 60, col 150 to line 60, col 153 of module pipeline_exec_ooo: 19
@!@!@ENDMSG 2221 @!@!@
@!@!@STARTMSG 2221:0 @!@!@
  ||||||||||||||||||line 30, col 9 to line 31, col 102 of module pipeline_exec_ooo: 19
@!@!@ENDMSG 2221 @!@!@
@!@!@STARTMSG 2221:0 @!@!@
  |||||||||||||||||||line 30, col 36 to line 31, col 100 of module pipeline_exec_ooo: 61
@!@!@ENDMSG 2221 @!@!@
@!@!@STARTMSG 2221:0 @!@!@
  ||||||||||||||||||||line 30, col 39 to line 30, col 53 of module pipeline_exec_ooo: 61
@!@!@ENDMSG 2221 @!@!@
@!@!@STARTMSG 2221:0 @!@!@
  ||||||||||||||||||||line 31, col 39 to line 31, col 100 of module pipeline_exec_ooo: 53
@!@!@ENDMSG 2221 @!@!@
@!@!@STARTMSG 2221:0 @!@!@
  |||||||||||||||||||||line 31, col 57 to line 31, col 100 of module pipeline_exec_ooo: 180
@!@!@ENDMSG 2221 @!@!@
@!@!@STARTMSG 2221:0 @!@!@
  ||||||||||||||||||||||line 31, col 57 to line 31, col 83 of module pipeline_exec_ooo: 180
@!@!@ENDMSG 2221 @!@!@
@!@!@STARTMSG 2221:0 @!@!@
  ||||||||||||||||||||||line 31, col 88 to line 31, col 100 of module pipeline_exec_ooo: 22
@!@!@ENDMSG 2221 @!@!@
@!@!@STARTMSG 2221:0 @!@!@
  |||||||||||||||||||||line 31, col 48 to line 31, col 54 of module pipeline_exec_ooo: 53
@!@!@ENDMSG 2221 @!@!@
@!@!@STARTMSG 2221:0 @!@!@
  |||||||||||||||||||line 30, col 17 to line 30, col 33 of module pipeline_exec_ooo: 19
@!@!@ENDMSG 2221 @!@!@
@!@!@STARTMSG 2221:0 @!@!@
  |||||||||||||||line 60, col 66 to line 60, col 88 of module pipeline_exec_ooo: 20
@!@!@ENDMSG 2221 @!@!@
@!@!@STARTMSG 2221:0 @!@!@
  ||||||||||||||||line 60, col 66 to line 60, col 72 of module pipeline_exec_ooo: 20
@!@!@ENDMSG 2221 @!@!@
@!@!@STARTMSG 2221:0 @!@!@
  ||||||||||||||||line 60, col 75 to line 60, col 88 of module pipeline_exec_ooo: 20
@!@!@ENDMSG 2221 @!@!@
@!@!@STARTMSG 2221:0 @!@!@
  |||||||||||||||||line 60, col 75 to line 60, col 86 of module pipeline_exec_ooo: 20
@!@!@ENDMSG 2221 @!@!@
@!@!@STARTMSG 2221:0 @!@!@
  ||||||||||||||||||line 41, col 21 to line 41, col 73 of module pipeline_exec_ooo: 20
@!@!@ENDMSG 2221 @!@!@
@!@!@STARTMSG 2221:0 @!@!@
  |||||||||||||||||||line 41, col 54 to line 41, col 73 of module pipeline_exec_ooo: 57
@!@!@ENDMSG 2221 @!@!@
@!@!@STARTMSG 2221:0 @!@!@
  |||||||||||||||||||line 41, col 34 to line 41, col 50 of module pipeline_exec_ooo: 20
@!@!@ENDMSG 2221 @!@!@
@!@!@STARTMSG 2221:0 @!@!@
  ||||||||||||||||||line 60, col 85 to line 60, col 85 of module pipeline_exec_ooo: 20
@!@!@ENDMSG 2221 @!@!@
@!@!@STARTMSG 2221:0 @!@!@
  ||||||||||||||line 60, col 45 to line 60, col 50 of module pipeline_exec_ooo: 182
@!@!@ENDMSG 2221 @!@!@
@!@!@STARTMSG 2221:0 @!@!@
  |||||||||||line 62, col 17 to line 72, col 42 of module pipeline_exec_ooo: 182
@!@!@ENDMSG 2221 @!@!@
@!@!@STARTMSG 2221:0 @!@!@
  ||||||||||||line 62, col 20 to line 62, col 33 of module pipeline_exec_ooo: 182
@!@!@ENDMSG 2221 @!@!@
@!@!@STARTMSG 2221:0 @!@!@
  ||||||||||||line 63, col 22 to line 71, col 67 of module pipeline_exec_ooo: 173
@!@!@ENDMSG 2221 @!@!@
@!@!@STARTMSG 2221:0 @!@!@
  |||||||||||||line 63, col 25 to line 63, col 34 of module pipeline_exec_ooo: 173
@!@!@ENDMSG 2221 @!@!@
@!@!@STARTMSG 2221:0 @!@!@
  ||||||||||||||line 49, col 15 to line 50, col 24 of module pipeline_exec_ooo: 173
@!@!@ENDMSG 2221 @!@!@
@!@!@STARTMSG 2221:0 @!@!@
  |||||||||||||||line 49, col 18 to line 49, col 44 of module pipeline_exec_ooo: 173
@!@!@ENDMSG 2221 @!@!@
@!@!@STARTMSG 2221:0 @!@!@
  ||||||||||||||||line 49, col 36 to line 49, col 44 of module pipeline_exec_ooo: 692
@!@!@ENDMSG 2221 @!@!@
@!@!@STARTMSG 2221:0 @!@!@
  ||||||||||||||||line 49, col 27 to line 49, col 33 of module pipeline_exec_ooo: 173
@!@!@ENDMSG 2221 @!@!@
@!@!@STARTMSG 2221:0 @!@!@
  |||||||||||||||line 50, col 18 to line 50, col 24 of module pipeline_exec_ooo: 173
@!@!@ENDMSG 2221 @!@!@
@!@!@STARTMSG 2221:0 @!@!@
  |||||||||||||line 65, col 41 to line 70, col 46 of module pipeline_exec_ooo: 173
@!@!@ENDMSG 2221 @!@!@
@!@!@STARTMSG 2221:0 @!@!@
  ||||||||||||||line 8, col 11 to line 8, col 68 of module instructions_ooo: 173
@!@!@ENDMSG 2221 @!@!@
@!@!@STARTMSG 2221:0 @!@!@
  |||||||||||||||line 8, col 14 to line 8, col 19 of module instructions_ooo: 173
@!@!@ENDMSG 2221 @!@!@
@!@!@STARTMSG 2221:0 @!@!@
  |||||||||||||||line 8, col 33 to line 8, col 68 of module instructions_ooo: 6
@!@!@ENDMSG 2221 @!@!@
@!@!@STARTMSG 2775:0 @!@!@
  ||||||||||||||line 65, col 45 to line 70, col 45 of module pipeline_exec_ooo: 173:18
@!@!@ENDMSG 2775 @!@!@
@!@!@STARTMSG 2221:0 @!@!@
  |||||||||||||||line 66, col 47 to line 69, col 58 of module pipeline_exec_ooo: 346
@!@!@ENDMSG 2221 @!@!@
@!@!@STARTMSG 2221:0 @!@!@
  ||||||||||||||||line 66, col 47 to line 66, col 52 of module pipeline_exec_ooo: 346
@!@!@ENDMSG 2221 @!@!@
@!@!@STARTMSG 2221:0 @!@!@
  ||||||||||||||||line 66, col 58 to line 69, col 58 of module pipeline_exec_ooo: 346
@!@!@ENDMSG 2221 @!@!@
@!@!@STARTMSG 2221:0 @!@!@
  |||||||||||||||||line 67, col 61 to line 68, col 111 of module pipeline_exec_ooo: 20
@!@!@ENDMSG 2221 @!@!@
@!@!@STARTMSG 2221:0 @!@!@
  ||||||||||||||||||line 67, col 64 to line 67, col 158 of module pipeline_exec_ooo: 20
@!@!@ENDMSG 2221 @!@!@
@!@!@STARTMSG 2221:0 @!@!@
  |||||||||||||||||||line 67, col 96 to line 67, col 158 of module pipeline_exec_ooo: 16
@!@!@ENDMSG 2221 @!@!@
@!@!@STARTMSG 2221:0 @!@!@
  |||||||||||||||||||line 67, col 77 to line 67, col 93 of module pipeline_exec_ooo: 20
@!@!@ENDMSG 2221 @!@!@
@!@!@STARTMSG 2221:0 @!@!@
  ||||||||||||||||||line 68, col 64 to line 68, col 111 of module pipeline_exec_ooo: 20
@!@!@ENDMSG 2221 @!@!@
@!@!@STARTMSG 2221:0 @!@!@
  |||||||||||||||||||line 68, col 81 to line 68, col 111 of module pipeline_exec_ooo: 10
@!@!@ENDMSG 2221 @!@!@
@!@!@STARTMSG 2221:0 @!@!@
  |||||||||||||||||||line 68, col 73 to line 68, col 78 of module pipeline_exec_ooo: 20
@!@!@ENDMSG 2221 @!@!@
@!@!@STARTMSG 2221:0 @!@!@
  |||||||||||||||||line 66, col 66 to line 66, col 77 of module pipeline_exec_ooo: 346
@!@!@ENDMSG 2221 @!@!@
@!@!@STARTMSG 2775:0 @!@!@
  ||||||||||||||||||line 45, col 17 to line 45, col 97 of module pipeline_exec_ooo: 346:366
@!@!@ENDMSG 2775 @!@!@
@!@!@STARTMSG 2221:0 @!@!@
  |||||||||||||||||||line 45, col 19 to line 45, col 24 of module pipeline_exec_ooo: 20
@!@!@ENDMSG 2221 @!@!@
@!@!@STARTMSG 2775:0 @!@!@
  |||||||||||||||||||line 45, col 34 to line 45, col 95 of module pipeline_exec_ooo: 346:366
@!@!@ENDMSG 2775 @!@!@
@!@!@STARTMSG 2221:0 @!@!@
  ||||||||||||||||||||line 45, col 57 to line 45, col 93 of module pipeline_exec_ooo: 692
@!@!@ENDMSG 2221 @!@!@
@!@!@STARTMSG 2221:0 @!@!@
  |||||||||||||||||||||line 45, col 57 to line 45, col 72 of module pipeline_exec_ooo: 692
@!@!@ENDMSG 2221 @!@!@
@!@!@STARTMSG 2221:0 @!@!@
  |||||||||||||||||||||line 45, col 77 to line 45, col 93 of module pipeline_exec_ooo: 96
@!@!@ENDMSG 2221 @!@!@
@!@!@STARTMSG 2221:0 @!@!@
  ||||||||||||||||||||||line 45, col 77 to line 45, col 89 of module pipeline_exec_ooo: 96
@!@!@ENDMSG 2221 @!@!@
@!@!@STARTMSG 2221:0 @!@!@
  |||||||||||||||||||||||line 44, col 37 to line 44, col 337 of module pipeline_exec_ooo: 96
@!@!@ENDMSG 2221 @!@!@
@!@!@STARTMSG 2221:0 @!@!@
  ||||||||||||||||||||||||line 44, col 42 to line 44, col 67 of module pipeline_exec_ooo: 96
@!@!@ENDMSG 2221 @!@!@
@!@!@STARTMSG 2221:0 @!@!@
  ||||||||||||||||||||||||line 44, col 72 to line 44, col 147 of module pipeline_exec_ooo: 48
@!@!@ENDMSG 2221 @!@!@
@!@!@STARTMSG 2221:0 @!@!@
  |||||||||||||||||||||||line 45, col 83 to line 45, col 88 of module pipeline_exec_ooo: 96
@!@!@ENDMSG 2221 @!@!@
@!@!@STARTMSG 2221:0 @!@!@
  ||||||||||||||||||||||line 45, col 93 to line 45, col 93 of module pipeline_exec_ooo: 96
@!@!@ENDMSG 2221 @!@!@
@!@!@STARTMSG 2221:0 @!@!@
  ||||||||||||||||||||line 45, col 42 to line 45, col 53 of module pipeline_exec_ooo: 346
@!@!@ENDMSG 2221 @!@!@
@!@!@STARTMSG 2221:0 @!@!@
  ||||||||||||||||||line 66, col 76 to line 66, col 76 of module pipeline_exec_ooo: 48
@!@!@ENDMSG 2221 @!@!@
@!@!@STARTMSG 2221:0 @!@!@
  |||||||||||||||line 65, col 53 to line 65, col 64 of module pipeline_exec_ooo: 173
@!@!@ENDMSG 2221 @!@!@
@!@!@STARTMSG 2221:0 @!@!@
  |||||||||||||line 71, col 27 to line 71, col 67 of module pipeline_exec_ooo: 173
@!@!@ENDMSG 2221 @!@!@
@!@!@STARTMSG 2221:0 @!@!@
  ||||||||||||||line 71, col 30 to line 71, col 39 of module pipeline_exec_ooo: 173
@!@!@ENDMSG 2221 @!@!@
@!@!@STARTMSG 2221:0 @!@!@
  ||||||||||||||line 71, col 46 to line 71, col 50 of module pipeline_exec_ooo: 167
@!@!@ENDMSG 2221 @!@!@
@!@!@STARTMSG 2221:0 @!@!@
  ||||||||||||||line 71, col 57 to line 71, col 67 of module pipeline_exec_ooo: 6
@!@!@ENDMSG 2221 @!@!@
@!@!@STARTMSG 2221:0 @!@!@
  ||||||||||||line 72, col 22 to line 72, col 42 of module pipeline_exec_ooo: 9
@!@!@ENDMSG 2221 @!@!@
@!@!@STARTMSG 2221:0 @!@!@
  ||||||||||line 116, col 58 to line 116, col 58 of module pipeline_exec_ooo: 182
@!@!@ENDMSG 2221 @!@!@
@!@!@STARTMSG 2221:0 @!@!@
  |||||||||line 116, col 63 to line 116, col 67 of module pipeline_exec_ooo: 182
@!@!@ENDMSG 2221 @!@!@
@!@!@STARTMSG 2221:0 @!@!@
  ||||||||line 117, col 54 to line 117, col 135 of module pipeline_exec_ooo: 15
@!@!@ENDMSG 2221 @!@!@
@!@!@STARTMSG 2221:0 @!@!@
  |||||||||line 117, col 57 to line 117, col 84 of module pipeline_exec_ooo: 15
@!@!@ENDMSG 2221 @!@!@
@!@!@STARTMSG 2221:0 @!@!@
  ||||||||||line 117, col 57 to line 117, col 69 of module pipeline_exec_ooo: 15
@!@!@ENDMSG 2221 @!@!@
@!@!@STARTMSG 2221:0 @!@!@
  |||||||||||line 117, col 57 to line 117, col 64 of module pipeline_exec_ooo: 15
@!@!@ENDMSG 2221 @!@!@
@!@!@STARTMSG 2221:0 @!@!@
  ||||||||||||line 53, col 13 to line 72, col 42 of module pipeline_exec_ooo: 15
@!@!@ENDMSG 2221 @!@!@
@!@!@STARTMSG 2221:0 @!@!@
  |||||||||||||line 53, col 16 to line 53, col 27 of module pipeline_exec_ooo: 15
@!@!@ENDMSG 2221 @!@!@
@!@!@STARTMSG 2221:0 @!@!@
  |||||||||||||line 59, col 35 to line 61, col 36 of module pipeline_exec_ooo: 15
@!@!@ENDMSG 2221 @!@!@
@!@!@STARTMSG 2221:0 @!@!@
  ||||||||||||||line 8, col 11 to line 8, col 68 of module instructions_ooo: 15
@!@!@ENDMSG 2221 @!@!@
@!@!@STARTMSG 2221:0 @!@!@
  |||||||||||||||line 8, col 14 to line 8, col 19 of module instructions_ooo: 15
@!@!@ENDMSG 2221 @!@!@
@!@!@STARTMSG 2221:0 @!@!@
  |||||||||||||||line 8, col 33 to line 8, col 68 of module instructions_ooo: 9
@!@!@ENDMSG 2221 @!@!@
@!@!@STARTMSG 2775:0 @!@!@
  ||||||||||||||line 59, col 39 to line 61, col 35 of module pipeline_exec_ooo: 15:27
@!@!@ENDMSG 2775 @!@!@
@!@!@STARTMSG 2221:0 @!@!@
  |||||||||||||||line 59, col 41 to line 59, col 52 of module pipeline_exec_ooo: 9
@!@!@ENDMSG 2221 @!@!@
@!@!@STARTMSG 2221:0 @!@!@
  ||||||||||||||||line 41, col 21 to line 41, col 73 of module pipeline_exec_ooo: 9
@!@!@ENDMSG 2221 @!@!@
@!@!@STARTMSG 2221:0 @!@!@
  |||||||||||||||||line 41, col 54 to line 41, col 73 of module pipeline_exec_ooo: 24
@!@!@ENDMSG 2221 @!@!@
@!@!@STARTMSG 2221:0 @!@!@
  |||||||||||||||||line 41, col 34 to line 41, col 50 of module pipeline_exec_ooo: 9
@!@!@ENDMSG 2221 @!@!@
@!@!@STARTMSG 2221:0 @!@!@
  ||||||||||||||||line 59, col 51 to line 59, col 51 of module pipeline_exec_ooo: 9
@!@!@ENDMSG 2221 @!@!@
@!@!@STARTMSG 2775:0 @!@!@
  |||||||||||||||line 60, col 37 to line 60, col 155 of module pipeline_exec_ooo: 15:24
@!@!@ENDMSG 2775 @!@!@
@!@!@STARTMSG 2221:0 @!@!@
  ||||||||||||||||line 60, col 53 to line 60, col 153 of module pipeline_exec_ooo: 12
@!@!@ENDMSG 2221 @!@!@
@!@!@STARTMSG 2221:0 @!@!@
  |||||||||||||||||line 60, col 91 to line 60, col 153 of module pipeline_exec_ooo: 18
@!@!@ENDMSG 2221 @!@!@
@!@!@STARTMSG 2221:0 @!@!@
  ||||||||||||||||||line 60, col 91 to line 60, col 135 of module pipeline_exec_ooo: 18
@!@!@ENDMSG 2221 @!@!@
@!@!@STARTMSG 2221:0 @!@!@
  ||||||||||||||||||line 60, col 140 to line 60, col 153 of module pipeline_exec_ooo: 11
@!@!@ENDMSG 2221 @!@!@
@!@!@STARTMSG 2221:0 @!@!@
  |||||||||||||||||||line 60, col 140 to line 60, col 144 of module pipeline_exec_ooo: 11
@!@!@ENDMSG 2221 @!@!@
@!@!@STARTMSG 2221:0 @!@!@
  |||||||||||||||||||line 60, col 150 to line 60, col 153 of module pipeline_exec_ooo: 11
@!@!@ENDMSG 2221 @!@!@
@!@!@STARTMSG 2221:0 @!@!@
  ||||||||||||||||||||line 30, col 9 to line 31, col 102 of module pipeline_exec_ooo: 11
@!@!@ENDMSG 2221 @!@!@
@!@!@STARTMSG 2221:0 @!@!@
  |||||||||||||||||||||line 30, col 36 to line 31, col 100 of module pipeline_exec_ooo: 34
@!@!@ENDMSG 2221 @!@!@
@!@!@STARTMSG 2221:0 @!@!@
  ||||||||||||||||||||||line 30, col 39 to line 30, col 53 of module pipeline_exec_ooo: 34
@!@!@ENDMSG 2221 @!@!@
@!@!@STARTMSG 2221:0 @!@!@
  ||||||||||||||||||||||line 31, col 39 to line 31, col 100 of module pipeline_exec_ooo: 28
@!@!@ENDMSG 2221 @!@!@
@!@!@STARTMSG 2221:0 @!@!@
  |||||||||||||||||||||||line 31, col 57 to line 31, col 100 of module pipeline_exec_ooo: 89
@!@!@ENDMSG 2221 @!@!@
@!@!@STARTMSG 2221:0 @!@!@
  ||||||||||||||||||||||||line 31, col 57 to line 31, col 83 of module pipeline_exec_ooo: 89
@!@!@ENDMSG 2221 @!@!@
@!@!@STARTMSG 2221:0 @!@!@
  ||||||||||||||||||||||||line 31, col 88 to line 31, col 100 of module pipeline_exec_ooo: 11
@!@!@ENDMSG 2221 @!@!@
@!@!@STARTMSG 2221:0 @!@!@
  |||||||||||||||||||||||line 31, col 48 to line 31, col 54 of module pipeline_exec_ooo: 28
@!@!@ENDMSG 2221 @!@!@
@!@!@STARTMSG 2221:0 @!@!@
  |||||||||||||||||||||line 30, col 17 to line 30, col 33 of module pipeline_exec_ooo: 11
@!@!@ENDMSG 2221 @!@!@
@!@!@STARTMSG 2221:0 @!@!@
  |||||||||||||||||line 60, col 66 to line 60, col 88 of module pipeline_exec_ooo: 12
@!@!@ENDMSG 2221 @!@!@
@!@!@STARTMSG 2221:0 @!@!@
  ||||||||||||||||||line 60, col 66 to line 60, col 72 of module pipeline_exec_ooo: 12
@!@!@ENDMSG 2221 @!@!@
@!@!@STARTMSG 2221:0 @!@!@
  ||||||||||||||||||line 60, col 75 to line 60, col 88 of module pipeline_exec_ooo: 12
@!@!@ENDMSG 2221 @!@!@
@!@!@STARTMSG 2221:0 @!@!@
  |||||||||||||||||||line 60, col 75 to line 60, col 86 of module pipeline_exec_ooo: 12
@!@!@ENDMSG 2221 @!@!@
@!@!@STARTMSG 2221:0 @!@!@
  ||||||||||||||||||||line 41, col 21 to line 41, col 73 of module pipeline_exec_ooo: 12
@!@!@ENDMSG 2221 @!@!@
@!@!@STARTMSG 2221:0 @!@!@
  |||||||||||||||||||||line 41, col 54 to line 41, col 73 of module pipeline_exec_ooo: 30
@!@!@ENDMSG 2221 @!@!@
@!@!@STARTMSG 2221:0 @!@!@
  |||||||||||||||||||||line 41, col 34 to line 41, col 50 of module pipeline_exec_ooo: 12
@!@!@ENDMSG 2221 @!@!@
@!@!@STARTMSG 2221:0 @!@!@
  ||||||||||||||||||||line 60, col 85 to line 60, col 85 of module pipeline_exec_ooo: 12
@!@!@ENDMSG 2221 @!@!@
@!@!@STARTMSG 2221:0 @!@!@
  ||||||||||||||||line 60, col 45 to line 60, col 50 of module pipeline_exec_ooo: 15
@!@!@ENDMSG 2221 @!@!@
@!@!@STARTMSG 2221:0 @!@!@
  |||||||||||||line 62, col 17 to line 72, col 42 of module pipeline_exec_ooo: 15
@!@!@ENDMSG 2221 @!@!@
@!@!@STARTMSG 2221:0 @!@!@
  ||||||||||||||line 62, col 20 to line 62, col 33 of module pipeline_exec_ooo: 15
@!@!@ENDMSG 2221 @!@!@
@!@!@STARTMSG 2221:0 @!@!@
  ||||||||||||||line 63, col 22 to line 71, col 67 of module pipeline_exec_ooo: 6
@!@!@ENDMSG 2221 @!@!@
@!@!@STARTMSG 2221:0 @!@!@
  |||||||||||||||line 63, col 25 to line 63, col 34 of module pipeline_exec_ooo: 6
@!@!@ENDMSG 2221 @!@!@
@!@!@STARTMSG 2221:0 @!@!@
  ||||||||||||||||line 49, col 15 to line 50, col 24 of module pipeline_exec_ooo: 6
@!@!@ENDMSG 2221 @!@!@
@!@!@STARTMSG 2221:0 @!@!@
  |||||||||||||||||line 49, col 18 to line 49, col 44 of module pipeline_exec_ooo: 6
@!@!@ENDMSG 2221 @!@!@
@!@!@STARTMSG 2221:0 @!@!@
  ||||||||||||||||||line 49, col 36 to line 49, col 44 of module pipeline_exec_ooo: 24
@!@!@ENDMSG 2221 @!@!@
@!@!@STARTMSG 2221:0 @!@!@
  ||||||||||||||||||line 49, col 27 to line 49, col 33 of module pipeline_exec_ooo: 6
@!@!@ENDMSG 2221 @!@!@
@!@!@STARTMSG 2221:0 @!@!@
  |||||||||||||||||line 50, col 18 to line 50, col 24 of module pipeline_exec_ooo: 6
@!@!@ENDMSG 2221 @!@!@
@!@!@STARTMSG 2221:0 @!@!@
  |||||||||||||||line 65, col 41 to line 70, col 46 of module pipeline_exec_ooo: 6
@!@!@ENDMSG 2221 @!@!@
@!@!@STARTMSG 2221:0 @!@!@
  ||||||||||||||||line 8, col 11 to line 8, col 68 of module instructions_ooo: 6
@!@!@ENDMSG 2221 @!@!@
@!@!@STARTMSG 2775:0 @!@!@
  ||||||||||||||||line 65, col 45 to line 70, col 45 of module pipeline_exec_ooo: 6:18
@!@!@ENDMSG 2775 @!@!@
@!@!@STARTMSG 2221:0 @!@!@
  |||||||||||||||||line 66, col 47 to line 69, col 58 of module pipeline_exec_ooo: 12
@!@!@ENDMSG 2221 @!@!@
@!@!@STARTMSG 2221:0 @!@!@
  ||||||||||||||||||line 66, col 47 to line 66, col 52 of module pipeline_exec_ooo: 12
@!@!@ENDMSG 2221 @!@!@
@!@!@STARTMSG 2221:0 @!@!@
  ||||||||||||||||||line 66, col 58 to line 69, col 58 of module pipeline_exec_ooo: 12
@!@!@ENDMSG 2221 @!@!@
@!@!@STARTMSG 2221:0 @!@!@
  |||||||||||||||||||line 67, col 61 to line 68, col 111 of module pipeline_exec_ooo: 12
@!@!@ENDMSG 2221 @!@!@
@!@!@STARTMSG 2221:0 @!@!@
  ||||||||||||||||||||line 67, col 64 to line 67, col 158 of module pipeline_exec_ooo: 12
@!@!@ENDMSG 2221 @!@!@
@!@!@STARTMSG 2221:0 @!@!@
  ||||||||||||||||||||line 68, col 64 to line 68, col 111 of module pipeline_exec_ooo: 12
@!@!@ENDMSG 2221 @!@!@
@!@!@STARTMSG 2221:0 @!@!@
  |||||||||||||||||||||line 68, col 81 to line 68, col 111 of module pipeline_exec_ooo: 6
@!@!@ENDMSG 2221 @!@!@
@!@!@STARTMSG 2221:0 @!@!@
  |||||||||||||||||||||line 68, col 73 to line 68, col 78 of module pipeline_exec_ooo: 12
@!@!@ENDMSG 2221 @!@!@
@!@!@STARTMSG 2221:0 @!@!@
  |||||||||||||||||||line 66, col 66 to line 66, col 77 of module pipeline_exec_ooo: 12
@!@!@ENDMSG 2221 @!@!@
@!@!@STARTMSG 2775:0 @!@!@
  ||||||||||||||||||||line 45, col 17 to line 45, col 97 of module pipeline_exec_ooo: 12:24
@!@!@ENDMSG 2775 @!@!@
@!@!@STARTMSG 2221:0 @!@!@
  |||||||||||||||||||||line 45, col 19 to line 45, col 24 of module pipeline_exec_ooo: 12
@!@!@ENDMSG 2221 @!@!@
@!@!@STARTMSG 2775:0 @!@!@
  |||||||||||||||||||||line 45, col 34 to line 45, col 95 of module pipeline_exec_ooo: 12:24
@!@!@ENDMSG 2775 @!@!@
@!@!@STARTMSG 2221:0 @!@!@
  ||||||||||||||||||||||line 45, col 57 to line 45, col 93 of module pipeline_exec_ooo: 24
@!@!@ENDMSG 2221 @!@!@
@!@!@STARTMSG 2221:0 @!@!@
  |||||||||||||||||||||||line 45, col 57 to line 45, col 72 of module pipeline_exec_ooo: 24
@!@!@ENDMSG 2221 @!@!@
@!@!@STARTMSG 2221:0 @!@!@
  |||||||||||||||||||||||line 45, col 77 to line 45, col 93 of module pipeline_exec_ooo: 24
@!@!@ENDMSG 2221 @!@!@
@!@!@STARTMSG 2221:0 @!@!@
  ||||||||||||||||||||||||line 45, col 77 to line 45, col 89 of module pipeline_exec_ooo: 24
@!@!@ENDMSG 2221 @!@!@
@!@!@STARTMSG 2221:0 @!@!@
  |||||||||||||||||||||||||line 44, col 37 to line 44, col 337 of module pipeline_exec_ooo: 24
@!@!@ENDMSG 2221 @!@!@
@!@!@STARTMSG 2221:0 @!@!@
  ||||||||||||||||||||||||||line 44, col 42 to line 44, col 67 of module pipeline_exec_ooo: 24
@!@!@ENDMSG 2221 @!@!@
@!@!@STARTMSG 2221:0 @!@!@
  ||||||||||||||||||||||||||line 44, col 72 to line 44, col 147 of module pipeline_exec_ooo: 12
@!@!@ENDMSG 2221 @!@!@
@!@!@STARTMSG 2221:0 @!@!@
  |||||||||||||||||||||||||line 45, col 83 to line 45, col 88 of module pipeline_exec_ooo: 24
@!@!@ENDMSG 2221 @!@!@
@!@!@STARTMSG 2221:0 @!@!@
  ||||||||||||||||||||||||line 45, col 93 to line 45, col 93 of module pipeline_exec_ooo: 24
@!@!@ENDMSG 2221 @!@!@
@!@!@STARTMSG 2221:0 @!@!@
  ||||||||||||||||||||||line 45, col 42 to line 45, col 53 of module pipeline_exec_ooo: 12
@!@!@ENDMSG 2221 @!@!@
@!@!@STARTMSG 2221:0 @!@!@
  ||||||||||||||||||||line 66, col 76 to line 66, col 76 of module pipeline_exec_ooo: 12
@!@!@ENDMSG 2221 @!@!@
@!@!@STARTMSG 2221:0 @!@!@
  |||||||||||||||||line 65, col 53 to line 65, col 64 of module pipeline_exec_ooo: 6
@!@!@ENDMSG 2221 @!@!@
@!@!@STARTMSG 2221:0 @!@!@
  |||||||||||||||line 71, col 27 to line 71, col 67 of module pipeline_exec_ooo: 6
@!@!@ENDMSG 2221 @!@!@
@!@!@STARTMSG 2221:0 @!@!@
  ||||||||||||||line 72, col 22 to line 72, col 42 of module pipeline_exec_ooo: 9
@!@!@ENDMSG 2221 @!@!@
@!@!@STARTMSG 2221:0 @!@!@
  ||||||||||||line 117, col 63 to line 117, col 63 of module pipeline_exec_ooo: 15
@!@!@ENDMSG 2221 @!@!@
@!@!@STARTMSG 2221:0 @!@!@
  ||||||||||line 117, col 75 to line 117, col 84 of module pipeline_exec_ooo: 15
@!@!@ENDMSG 2221 @!@!@
@!@!@STARTMSG 2221:0 @!@!@
  |||||||||line 117, col 91 to line 117, col 108 of module pipeline_exec_ooo: 15
@!@!@ENDMSG 2221 @!@!@
@!@!@STARTMSG 2221:0 @!@!@
  ||||||||||line 117, col 91 to line 117, col 93 of module pipeline_exec_ooo: 15
@!@!@ENDMSG 2221 @!@!@
@!@!@STARTMSG 2221:0 @!@!@
  ||||||||||line 117, col 95 to line 117, col 107 of module pipeline_exec_ooo: 15
@!@!@ENDMSG 2221 @!@!@
@!@!@STARTMSG 2221:0 @!@!@
  |||||||||||line 117, col 95 to line 117, col 102 of module pipeline_exec_ooo: 15
@!@!@ENDMSG 2221 @!@!@
@!@!@STARTMSG 2221:0 @!@!@
  ||||||||||||line 53, col 13 to line 72, col 42 of module pipeline_exec_ooo: 15
@!@!@ENDMSG 2221 @!@!@
@!@!@STARTMSG 2221:0 @!@!@
  |||||||||||||line 53, col 16 to line 53, col 27 of module pipeline_exec_ooo: 15
@!@!@ENDMSG 2221 @!@!@
@!@!@STARTMSG 2221:0 @!@!@
  |||||||||||||line 59, col 35 to line 61, col 36 of module pipeline_exec_ooo: 15
@!@!@ENDMSG 2221 @!@!@
@!@!@STARTMSG 2221:0 @!@!@
  ||||||||||||||line 8, col 11 to line 8, col 68 of module instructions_ooo: 15
@!@!@ENDMSG 2221 @!@!@
@!@!@STARTMSG 2221:0 @!@!@
  |||||||||||||||line 8, col 14 to line 8, col 19 of module instructions_ooo: 15
@!@!@ENDMSG 2221 @!@!@
@!@!@STARTMSG 2221:0 @!@!@
  |||||||||||||||line 8, col 33 to line 8, col 68 of module instructions_ooo: 9
@!@!@ENDMSG 2221 @!@!@
@!@!@STARTMSG 2775:0 @!@!@
  ||||||||||||||line 59, col 39 to line 61, col 35 of module pipeline_exec_ooo: 15:27
@!@!@ENDMSG 2775 @!@!@
@!@!@STARTMSG 2221:0 @!@!@
  |||||||||||||||line 59, col 41 to line 59, col 52 of module pipeline_exec_ooo: 9
@!@!@ENDMSG 2221 @!@!@
@!@!@STARTMSG 2221:0 @!@!@
  ||||||||||||||||line 41, col 21 to line 41, col 73 of module pipeline_exec_ooo: 9
@!@!@ENDMSG 2221 @!@!@
@!@!@STARTMSG 2221:0 @!@!@
  |||||||||||||||||line 41, col 54 to line 41, col 73 of module pipeline_exec_ooo: 24
@!@!@ENDMSG 2221 @!@!@
@!@!@STARTMSG 2221:0 @!@!@
  |||||||||||||||||line 41, col 34 to line 41, col 50 of module pipeline_exec_ooo: 9
@!@!@ENDMSG 2221 @!@!@
@!@!@STARTMSG 2221:0 @!@!@
  ||||||||||||||||line 59, col 51 to line 59, col 51 of module pipeline_exec_ooo: 9
@!@!@ENDMSG 2221 @!@!@
@!@!@STARTMSG 2775:0 @!@!@
  |||||||||||||||line 60, col 37 to line 60, col 155 of module pipeline_exec_ooo: 15:24
@!@!@ENDMSG 2775 @!@!@
@!@!@STARTMSG 2221:0 @!@!@
  ||||||||||||||||line 60, col 53 to line 60, col 153 of module pipeline_exec_ooo: 12
@!@!@ENDMSG 2221 @!@!@
@!@!@STARTMSG 2221:0 @!@!@
  |||||||||||||||||line 60, col 91 to line 60, col 153 of module pipeline_exec_ooo: 18
@!@!@ENDMSG 2221 @!@!@
@!@!@STARTMSG 2221:0 @!@!@
  ||||||||||||||||||line 60, col 91 to line 60, col 135 of module pipeline_exec_ooo: 18
@!@!@ENDMSG 2221 @!@!@
@!@!@STARTMSG 2221:0 @!@!@
  ||||||||||||||||||line 60, col 140 to line 60, col 153 of module pipeline_exec_ooo: 11
@!@!@ENDMSG 2221 @!@!@
@!@!@STARTMSG 2221:0 @!@!@
  |||||||||||||||||||line 60, col 140 to line 60, col 144 of module pipeline_exec_ooo: 11
@!@!@ENDMSG 2221 @!@!@
@!@!@STARTMSG 2221:0 @!@!@
  |||||||||||||||||||line 60, col 150 to line 60, col 153 of module pipeline_exec_ooo: 11
@!@!@ENDMSG 2221 @!@!@
@!@!@STARTMSG 2221:0 @!@!@
  ||||||||||||||||||||line 30, col 9 to line 31, col 102 of module pipeline_exec_ooo: 11
@!@!@ENDMSG 2221 @!@!@
@!@!@STARTMSG 2221:0 @!@!@
  |||||||||||||||||||||line 30, col 36 to line 31, col 100 of module pipeline_exec_ooo: 34
@!@!@ENDMSG 2221 @!@!@
@!@!@STARTMSG 2221:0 @!@!@
  ||||||||||||||||||||||line 30, col 39 to line 30, col 53 of module pipeline_exec_ooo: 34
@!@!@ENDMSG 2221 @!@!@
@!@!@STARTMSG 2221:0 @!@!@
  ||||||||||||||||||||||line 31, col 39 to line 31, col 100 of module pipeline_exec_ooo: 28
@!@!@ENDMSG 2221 @!@!@
@!@!@STARTMSG 2221:0 @!@!@
  |||||||||||||||||||||||line 31, col 57 to line 31, col 100 of module pipeline_exec_ooo: 89
@!@!@ENDMSG 2221 @!@!@
@!@!@STARTMSG 2221:0 @!@!@
  ||||||||||||||||||||||||line 31, col 57 to line 31, col 83 of module pipeline_exec_ooo: 89
@!@!@ENDMSG 2221 @!@!@
@!@!@STARTMSG 2221:0 @!@!@
  ||||||||||||||||||||||||line 31, col 88 to line 31, col 100 of module pipeline_exec_ooo: 11
@!@!@ENDMSG 2221 @!@!@
@!@!@STARTMSG 2221:0 @!@!@
  |||||||||||||||||||||||line 31, col 48 to line 31, col 54 of module pipeline_exec_ooo: 28
@!@!@ENDMSG 2221 @!@!@
@!@!@STARTMSG 2221:0 @!@!@
  |||||||||||||||||||||line 30, col 17 to line 30, col 33 of module pipeline_exec_ooo: 11
@!@!@ENDMSG 2221 @!@!@
@!@!@STARTMSG 2221:0 @!@!@
  |||||||||||||||||line 60, col 66 to line 60, col 88 of module pipeline_exec_ooo: 12
@!@!@ENDMSG 2221 @!@!@
@!@!@STARTMSG 2221:0 @!@!@
  ||||||||||||||||||line 60, col 66 to line 60, col 72 of module pipeline_exec_ooo: 12
@!@!@ENDMSG 2221 @!@!@
@!@!@STARTMSG 2221:0 @!@!@
  ||||||||||||||||||line 60, col 75 to line 60, col 88 of module pipeline_exec_ooo: 12
@!@!@ENDMSG 2221 @!@!@
@!@!@STARTMSG 2221:0 @!@!@
  |||||||||||||||||||line 60, col 75 to line 60, col 86 of module pipeline_exec_ooo: 12
@!@!@ENDMSG 2221 @!@!@
@!@!@STARTMSG 2221:0 @!@!@
  ||||||||||||||||||||line 41, col 21 to line 41, col 73 of module pipeline_exec_ooo: 12
@!@!@ENDMSG 2221 @!@!@
@!@!@STARTMSG 2221:0 @!@!@
  |||||||||||||||||||||line 41, col 54 to line 41, col 73 of module pipeline_exec_ooo: 30
@!@!@ENDMSG 2221 @!@!@
@!@!@STARTMSG 2221:0 @!@!@
  |||||||||||||||||||||line 41, col 34 to line 41, col 50 of module pipeline_exec_ooo: 12
@!@!@ENDMSG 2221 @!@!@
@!@!@STARTMSG 2221:0 @!@!@
  ||||||||||||||||||||line 60, col 85 to line 60, col 85 of module pipeline_exec_ooo: 12
@!@!@ENDMSG 2221 @!@!@
@!@!@STARTMSG 2221:0 @!@!@
  ||||||||||||||||line 60, col 45 to line 60, col 50 of module pipeline_exec_ooo: 15
@!@!@ENDMSG 2221 @!@!@
@!@!@STARTMSG 2221:0 @!@!@
  |||||||||||||line 62, col 17 to line 72, col 42 of module pipeline_exec_ooo: 15
@!@!@ENDMSG 2221 @!@!@
@!@!@STARTMSG 2221:0 @!@!@
  ||||||||||||||line 62, col 20 to line 62, col 33 of module pipeline_exec_ooo: 15
@!@!@ENDMSG 2221 @!@!@
@!@!@STARTMSG 2221:0 @!@!@
  ||||||||||||||line 63, col 22 to line 71, col 67 of module pipeline_exec_ooo: 6
@!@!@ENDMSG 2221 @!@!@
@!@!@STARTMSG 2221:0 @!@!@
  |||||||||||||||line 63, col 25 to line 63, col 34 of module pipeline_exec_ooo: 6
@!@!@ENDMSG 2221 @!@!@
@!@!@STARTMSG 2221:0 @!@!@
  ||||||||||||||||line 49, col 15 to line 50, col 24 of module pipeline_exec_ooo: 6
@!@!@ENDMSG 2221 @!@!@
@!@!@STARTMSG 2221:0 @!@!@
  |||||||||||||||||line 49, col 18 to line 49, col 44 of module pipeline_exec_ooo: 6
@!@!@ENDMSG 2221 @!@!@
@!@!@STARTMSG 2221:0 @!@!@
  ||||||||||||||||||line 49, col 36 to line 49, col 44 of module pipeline_exec_ooo: 24
@!@!@ENDMSG 2221 @!@!@
@!@!@STARTMSG 2221:0 @!@!@
  ||||||||||||||||||line 49, col 27 to line 49, col 33 of module pipeline_exec_ooo: 6
@!@!@ENDMSG 2221 @!@!@
@!@!@STARTMSG 2221:0 @!@!@
  |||||||||||||||||line 50, col 18 to line 50, col 24 of module pipeline_exec_ooo: 6
@!@!@ENDMSG 2221 @!@!@
@!@!@STARTMSG 2221:0 @!@!@
  |||||||||||||||line 65, col 41 to line 70, col 46 of module pipeline_exec_ooo: 6
@!@!@ENDMSG 2221 @!@!@
@!@!@STARTMSG 2221:0 @!@!@
  ||||||||||||||||line 8, col 11 to line 8, col 68 of module instructions_ooo: 6
@!@!@ENDMSG 2221 @!@!@
@!@!@STARTMSG 2775:0 @!@!@
  ||||||||||||||||line 65, col 45 to line 70, col 45 of module pipeline_exec_ooo: 6:18
@!@!@ENDMSG 2775 @!@!@
@!@!@STARTMSG 2221:0 @!@!@
  |||||||||||||||||line 66, col 47 to line 69, col 58 of module pipeline_exec_ooo: 12
@!@!@ENDMSG 2221 @!@!@
@!@!@STARTMSG 2221:0 @!@!@
  ||||||||||||||||||line 66, col 47 to line 66, col 52 of module pipeline_exec_ooo: 12
@!@!@ENDMSG 2221 @!@!@
@!@!@STARTMSG 2221:0 @!@!@
  ||||||||||||||||||line 66, col 58 to line 69, col 58 of module pipeline_exec_ooo: 12
@!@!@ENDMSG 2221 @!@!@
@!@!@STARTMSG 2221:0 @!@!@
  |||||||||||||||||||line 67, col 61 to line 68, col 111 of module pipeline_exec_ooo: 12
@!@!@ENDMSG 2221 @!@!@
@!@!@STARTMSG 2221:0 @!@!@
  ||||||||||||||||||||line 67, col 64 to line 67, col 158 of module pipeline_exec_ooo: 12
@!@!@ENDMSG 2221 @!@!@
@!@!@STARTMSG 2221:0 @!@!@
  ||||||||||||||||||||line 68, col 64 to line 68, col 111 of module pipeline_exec_ooo: 12
@!@!@ENDMSG 2221 @!@!@
@!@!@STARTMSG 2221:0 @!@!@
  |||||||||||||||||||||line 68, col 81 to line 68, col 111 of module pipeline_exec_ooo: 6
@!@!@ENDMSG 2221 @!@!@
@!@!@STARTMSG 2221:0 @!@!@
  |||||||||||||||||||||line 68, col 73 to line 68, col 78 of module pipeline_exec_ooo: 12
@!@!@ENDMSG 2221 @!@!@
@!@!@STARTMSG 2221:0 @!@!@
  |||||||||||||||||||line 66, col 66 to line 66, col 77 of module pipeline_exec_ooo: 12
@!@!@ENDMSG 2221 @!@!@
@!@!@STARTMSG 2775:0 @!@!@
  ||||||||||||||||||||line 45, col 17 to line 45, col 97 of module pipeline_exec_ooo: 12:24
@!@!@ENDMSG 2775 @!@!@
@!@!@STARTMSG 2221:0 @!@!@
  |||||||||||||||||||||line 45, col 19 to line 45, col 24 of module pipeline_exec_ooo: 12
@!@!@ENDMSG 2221 @!@!@
@!@!@STARTMSG 2775:0 @!@!@
  |||||||||||||||||||||line 45, col 34 to line 45, col 95 of module pipeline_exec_ooo: 12:24
@!@!@ENDMSG 2775 @!@!@
@!@!@STARTMSG 2221:0 @!@!@
  ||||||||||||||||||||||line 45, col 57 to line 45, col 93 of module pipeline_exec_ooo: 24
@!@!@ENDMSG 2221 @!@!@
@!@!@STARTMSG 2221:0 @!@!@
  |||||||||||||||||||||||line 45, col 57 to line 45, col 72 of module pipeline_exec_ooo: 24
@!@!@ENDMSG 2221 @!@!@
@!@!@STARTMSG 2221:0 @!@!@
  |||||||||||||||||||||||line 45, col 77 to line 45, col 93 of module pipeline_exec_ooo: 24
@!@!@ENDMSG 2221 @!@!@
@!@!@STARTMSG 2221:0 @!@!@
  ||||||||||||||||||||||||line 45, col 77 to line 45, col 89 of module pipeline_exec_ooo: 24
@!@!@ENDMSG 2221 @!@!@
@!@!@STARTMSG 2221:0 @!@!@
  |||||||||||||||||||||||||line 44, col 37 to line 44, col 337 of module pipeline_exec_ooo: 24
@!@!@ENDMSG 2221 @!@!@
@!@!@STARTMSG 2221:0 @!@!@
  ||||||||||||||||||||||||||line 44, col 42 to line 44, col 67 of module pipeline_exec_ooo: 24
@!@!@ENDMSG 2221 @!@!@
@!@!@STARTMSG 2221:0 @!@!@
  ||||||||||||||||||||||||||line 44, col 72 to line 44, col 147 of module pipeline_exec_ooo: 12
@!@!@ENDMSG 2221 @!@!@
@!@!@STARTMSG 2221:0 @!@!@
  |||||||||||||||||||||||||line 45, col 83 to line 45, col 88 of module pipeline_exec_ooo: 24
@!@!@ENDMSG 2221 @!@!@
@!@!@STARTMSG 2221:0 @!@!@
  ||||||||||||||||||||||||line 45, col 93 to line 45, col 93 of module pipeline_exec_ooo: 24
@!@!@ENDMSG 2221 @!@!@
@!@!@STARTMSG 2221:0 @!@!@
  ||||||||||||||||||||||line 45, col 42 to line 45, col 53 of module pipeline_exec_ooo: 12
@!@!@ENDMSG 2221 @!@!@
@!@!@STARTMSG 2221:0 @!@!@
  ||||||||||||||||||||line 66, col 76 to line 66, col 76 of module pipeline_exec_ooo: 12
@!@!@ENDMSG 2221 @!@!@
@!@!@STARTMSG 2221:0 @!@!@
  |||||||||||||||||line 65, col 53 to line 65, col 64 of module pipeline_exec_ooo: 6
@!@!@ENDMSG 2221 @!@!@
@!@!@STARTMSG 2221:0 @!@!@
  |||||||||||||||line 71, col 27 to line 71, col 67 of module pipeline_exec_ooo: 6
@!@!@ENDMSG 2221 @!@!@
@!@!@STARTMSG 2221:0 @!@!@
  ||||||||||||||line 72, col 22 to line 72, col 42 of module pipeline_exec_ooo: 9
@!@!@ENDMSG 2221 @!@!@
@!@!@STARTMSG 2221:0 @!@!@
  ||||||||||||line 117, col 101 to line 117, col 101 of module pipeline_exec_ooo: 15
@!@!@ENDMSG 2221 @!@!@
@!@!@STARTMSG 2775:0 @!@!@
  |||||||line 118, col 34 to line 124, col 50 of module pipeline_exec_ooo: 182:1107
@!@!@ENDMSG 2775 @!@!@
@!@!@STARTMSG 2775:0 @!@!@
  ||||||||line 118, col 44 to line 118, col 53 of module pipeline_exec_ooo: 182:364
@!@!@ENDMSG 2775 @!@!@
@!@!@STARTMSG 2221:0 @!@!@
  |||||||||line 118, col 45 to line 118, col 52 of module pipeline_exec_ooo: 182
@!@!@ENDMSG 2221 @!@!@
@!@!@STARTMSG 2221:0 @!@!@
  ||||||||||line 53, col 13 to line 72, col 42 of module pipeline_exec_ooo: 182
@!@!@ENDMSG 2221 @!@!@
@!@!@STARTMSG 2221:0 @!@!@
  |||||||||||line 53, col 16 to line 53, col 27 of module pipeline_exec_ooo: 182
@!@!@ENDMSG 2221 @!@!@
@!@!@STARTMSG 2221:0 @!@!@
  |||||||||||line 59, col 35 to line 61, col 36 of module pipeline_exec_ooo: 182
@!@!@ENDMSG 2221 @!@!@
@!@!@STARTMSG 2221:0 @!@!@
  ||||||||||||line 8, col 11 to line 8, col 68 of module instructions_ooo: 182
@!@!@ENDMSG 2221 @!@!@
@!@!@STARTMSG 2221:0 @!@!@
  |||||||||||||line 8, col 14 to line 8, col 19 of module instructions_ooo: 182
@!@!@ENDMSG 2221 @!@!@
@!@!@STARTMSG 2221:0 @!@!@
  |||||||||||||line 8, col 33 to line 8, col 68 of module instructions_ooo: 9
@!@!@ENDMSG 2221 @!@!@
@!@!@STARTMSG 2775:0 @!@!@
  ||||||||||||line 59, col 39 to line 61, col 35 of module pipeline_exec_ooo: 182:27
@!@!@ENDMSG 2775 @!@!@
@!@!@STARTMSG 2221:0 @!@!@
  |||||||||||||line 59, col 41 to line 59, col 52 of module pipeline_exec_ooo: 9
@!@!@ENDMSG 2221 @!@!@
@!@!@STARTMSG 2221:0 @!@!@
  ||||||||||||||line 41, col 21 to line 41, col 73 of module pipeline_exec_ooo: 9
@!@!@ENDMSG 2221 @!@!@
@!@!@STARTMSG 2221:0 @!@!@
  |||||||||||||||line 41, col 54 to line 41, col 73 of module pipeline_exec_ooo: 24
@!@!@ENDMSG 2221 @!@!@
@!@!@STARTMSG 2221:0 @!@!@
  |||||||||||||||line 41, col 34 to line 41, col 50 of module pipeline_exec_ooo: 9
@!@!@ENDMSG 2221 @!@!@
@!@!@STARTMSG 2221:0 @!@!@
  ||||||||||||||line 59, col 51 to line 59, col 51 of module pipeline_exec_ooo: 9
@!@!@ENDMSG 2221 @!@!@
@!@!@STARTMSG 2775:0 @!@!@
  |||||||||||||line 60, col 37 to line 60, col 155 of module pipeline_exec_ooo: 182:191
@!@!@ENDMSG 2775 @!@!@
@!@!@STARTMSG 2221:0 @!@!@
  ||||||||||||||line 60, col 53 to line 60, col 153 of module pipeline_exec_ooo: 20
@!@!@ENDMSG 2221 @!@!@
@!@!@STARTMSG 2221:0 @!@!@
  |||||||||||||||line 60, col 91 to line 60, col 153 of module pipeline_exec_ooo: 37
@!@!@ENDMSG 2221 @!@!@
@!@!@STARTMSG 2221:0 @!@!@
  ||||||||||||||||line 60, col 91 to line 60, col 135 of module pipeline_exec_ooo: 37
@!@!@ENDMSG 2221 @!@!@
@!@!@STARTMSG 2221:0 @!@!@
  ||||||||||||||||line 60, col 140 to line 60, col 153 of module pipeline_exec_ooo: 19
@!@!@ENDMSG 2221 @!@!@
@!@!@STARTMSG 2221:0 @!@!@
  |||||||||||||||||line 60, col 140 to line 60, col 144 of module pipeline_exec_ooo: 19
@!@!@ENDMSG 2221 @!@!@
@!@!@STARTMSG 2221:0 @!@!@
  |||||||||||||||||line 60, col 150 to line 60, col 153 of module pipeline_exec_ooo: 19
@!@!@ENDMSG 2221 @!@!@
@!@!@STARTMSG 2221:0 @!@!@
  ||||||||||||||||||line 30, col 9 to line 31, col 102 of module pipeline_exec_ooo: 19
@!@!@ENDMSG 2221 @!@!@
@!@!@STARTMSG 2221:0 @!@!@
  |||||||||||||||||||line 30, col 36 to line 31, col 100 of module pipeline_exec_ooo: 61
@!@!@ENDMSG 2221 @!@!@
@!@!@STARTMSG 2221:0 @!@!@
  ||||||||||||||||||||line 30, col 39 to line 30, col 53 of module pipeline_exec_ooo: 61
@!@!@ENDMSG 2221 @!@!@
@!@!@STARTMSG 2221:0 @!@!@
  ||||||||||||||||||||line 31, col 39 to line 31, col 100 of module pipeline_exec_ooo: 53
@!@!@ENDMSG 2221 @!@!@
@!@!@STARTMSG 2221:0 @!@!@
  |||||||||||||||||||||line 31, col 57 to line 31, col 100 of module pipeline_exec_ooo: 180
@!@!@ENDMSG 2221 @!@!@
@!@!@STARTMSG 2221:0 @!@!@
  ||||||||||||||||||||||line 31, col 57 to line 31, col 83 of module pipeline_exec_ooo: 180
@!@!@ENDMSG 2221 @!@!@
@!@!@STARTMSG 2221:0 @!@!@
  ||||||||||||||||||||||line 31, col 88 to line 31, col 100 of module pipeline_exec_ooo: 22
@!@!@ENDMSG 2221 @!@!@
@!@!@STARTMSG 2221:0 @!@!@
  |||||||||||||||||||||line 31, col 48 to line 31, col 54 of module pipeline_exec_ooo: 53
@!@!@ENDMSG 2221 @!@!@
@!@!@STARTMSG 2221:0 @!@!@
  |||||||||||||||||||line 30, col 17 to line 30, col 33 of module pipeline_exec_ooo: 19
@!@!@ENDMSG 2221 @!@!@
@!@!@STARTMSG 2221:0 @!@!@
  |||||||||||||||line 60, col 66 to line 60, col 88 of module pipeline_exec_ooo: 20
@!@!@ENDMSG 2221 @!@!@
@!@!@STARTMSG 2221:0 @!@!@
  ||||||||||||||||line 60, col 66 to line 60, col 72 of module pipeline_exec_ooo: 20
@!@!@ENDMSG 2221 @!@!@
@!@!@STARTMSG 2221:0 @!@!@
  ||||||||||||||||line 60, col 75 to line 60, col 88 of module pipeline_exec_ooo: 20
@!@!@ENDMSG 2221 @!@!@
@!@!@STARTMSG 2221:0 @!@!@
  |||||||||||||||||line 60, col 75 to line 60, col 86 of module pipeline_exec_ooo: 20
@!@!@ENDMSG 2221 @!@!@
@!@!@STARTMSG 2221:0 @!@!@
  ||||||||||||||||||line 41, col 21 to line 41, col 73 of module pipeline_exec_ooo: 20
@!@!@ENDMSG 2221 @!@!@
@!@!@STARTMSG 2221:0 @!@!@
  |||||||||||||||||||line 41, col 54 to line 41, col 73 of module pipeline_exec_ooo: 57
@!@!@ENDMSG 2221 @!@!@
@!@!@STARTMSG 2221:0 @!@!@
  |||||||||||||||||||line 41, col 34 to line 41, col 50 of module pipeline_exec_ooo: 20
@!@!@ENDMSG 2221 @!@!@
@!@!@STARTMSG 2221:0 @!@!@
  ||||||||||||||||||line 60, col 85 to line 60, col 85 of module pipeline_exec_ooo: 20
@!@!@ENDMSG 2221 @!@!@
@!@!@STARTMSG 2221:0 @!@!@
  ||||||||||||||line 60, col 45 to line 60, col 50 of module pipeline_exec_ooo: 182
@!@!@ENDMSG 2221 @!@!@
@!@!@STARTMSG 2221:0 @!@!@
  |||||||||||line 62, col 17 to line 72, col 42 of module pipeline_exec_ooo: 182
@!@!@ENDMSG 2221 @!@!@
@!@!@STARTMSG 2221:0 @!@!@
  ||||||||||||line 62, col 20 to line 62, col 33 of module pipeline_exec_ooo: 182
@!@!@ENDMSG 2221 @!@!@
@!@!@STARTMSG 2221:0 @!@!@
  ||||||||||||line 63, col 22 to line 71, col 67 of module pipeline_exec_ooo: 173
@!@!@ENDMSG 2221 @!@!@
@!@!@STARTMSG 2221:0 @!@!@
  |||||||||||||line 63, col 25 to line 63, col 34 of module pipeline_exec_ooo: 173
@!@!@ENDMSG 2221 @!@!@
@!@!@STARTMSG 2221:0 @!@!@
  ||||||||||||||line 49, col 15 to line 50, col 24 of module pipeline_exec_ooo: 173
@!@!@ENDMSG 2221 @!@!@
@!@!@STARTMSG 2221:0 @!@!@
  |||||||||||||||line 49, col 18 to line 49, col 44 of module pipeline_exec_ooo: 173
@!@!@ENDMSG 2221 @!@!@
@!@!@STARTMSG 2221:0 @!@!@
  ||||||||||||||||line 49, col 36 to line 49, col 44 of module pipeline_exec_ooo: 692
@!@!@ENDMSG 2221 @!@!@
@!@!@STARTMSG 2221:0 @!@!@
  ||||||||||||||||line 49, col 27 to line 49, col 33 of module pipeline_exec_ooo: 173
@!@!@ENDMSG 2221 @!@!@
@!@!@STARTMSG 2221:0 @!@!@
  |||||||||||||||line 50, col 18 to line 50, col 24 of module pipeline_exec_ooo: 173
@!@!@ENDMSG 2221 @!@!@
@!@!@STARTMSG 2221:0 @!@!@
  |||||||||||||line 65, col 41 to line 70, col 46 of module pipeline_exec_ooo: 173
@!@!@ENDMSG 2221 @!@!@
@!@!@STARTMSG 2221:0 @!@!@
  ||||||||||||||line 8, col 11 to line 8, col 68 of module instructions_ooo: 173
@!@!@ENDMSG 2221 @!@!@
@!@!@STARTMSG 2221:0 @!@!@
  |||||||||||||||line 8, col 14 to line 8, col 19 of module instructions_ooo: 173
@!@!@ENDMSG 2221 @!@!@
@!@!@STARTMSG 2221:0 @!@!@
  |||||||||||||||line 8, col 33 to line 8, col 68 of module instructions_ooo: 6
@!@!@ENDMSG 2221 @!@!@
@!@!@STARTMSG 2775:0 @!@!@
  ||||||||||||||line 65, col 45 to line 70, col 45 of module pipeline_exec_ooo: 173:18
@!@!@ENDMSG 2775 @!@!@
@!@!@STARTMSG 2221:0 @!@!@
  |||||||||||||||line 66, col 47 to line 69, col 58 of module pipeline_exec_ooo: 346
@!@!@ENDMSG 2221 @!@!@
@!@!@STARTMSG 2221:0 @!@!@
  ||||||||||||||||line 66, col 47 to line 66, col 52 of module pipeline_exec_ooo: 346
@!@!@ENDMSG 2221 @!@!@
@!@!@STARTMSG 2221:0 @!@!@
  ||||||||||||||||line 66, col 58 to line 69, col 58 of module pipeline_exec_ooo: 346
@!@!@ENDMSG 2221 @!@!@
@!@!@STARTMSG 2221:0 @!@!@
  |||||||||||||||||line 67, col 61 to line 68, col 111 of module pipeline_exec_ooo: 20
@!@!@ENDMSG 2221 @!@!@
@!@!@STARTMSG 2221:0 @!@!@
  ||||||||||||||||||line 67, col 64 to line 67, col 158 of module pipeline_exec_ooo: 20
@!@!@ENDMSG 2221 @!@!@
@!@!@STARTMSG 2221:0 @!@!@
  |||||||||||||||||||line 67, col 96 to line 67, col 158 of module pipeline_exec_ooo: 16
@!@!@ENDMSG 2221 @!@!@
@!@!@STARTMSG 2221:0 @!@!@
  |||||||||||||||||||line 67, col 77 to line 67, col 93 of module pipeline_exec_ooo: 20
@!@!@ENDMSG 2221 @!@!@
@!@!@STARTMSG 2221:0 @!@!@
  ||||||||||||||||||line 68, col 64 to line 68, col 111 of module pipeline_exec_ooo: 20
@!@!@ENDMSG 2221 @!@!@
@!@!@STARTMSG 2221:0 @!@!@
  |||||||||||||||||||line 68, col 81 to line 68, col 111 of module pipeline_exec_ooo: 10
@!@!@ENDMSG 2221 @!@!@
@!@!@STARTMSG 2221:0 @!@!@
  |||||||||||||||||||line 68, col 73 to line 68, col 78 of module pipeline_exec_ooo: 20
@!@!@ENDMSG 2221 @!@!@
@!@!@STARTMSG 2221:0 @!@!@
  |||||||||||||||||line 66, col 66 to line 66, col 77 of module pipeline_exec_ooo: 346
@!@!@ENDMSG 2221 @!@!@
@!@!@STARTMSG 2775:0 @!@!@
  ||||||||||||||||||line 45, col 17 to line 45, col 97 of module pipeline_exec_ooo: 346:366
@!@!@ENDMSG 2775 @!@!@
@!@!@STARTMSG 2221:0 @!@!@
  |||||||||||||||||||line 45, col 19 to line 45, col 24 of module pipeline_exec_ooo: 20
@!@!@ENDMSG 2221 @!@!@
@!@!@STARTMSG 2775:0 @!@!@
  |||||||||||||||||||line 45, col 34 to line 45, col 95 of module pipeline_exec_ooo: 346:366
@!@!@ENDMSG 2775 @!@!@
@!@!@STARTMSG 2221:0 @!@!@
  ||||||||||||||||||||line 45, col 57 to line 45, col 93 of module pipeline_exec_ooo: 692
@!@!@ENDMSG 2221 @!@!@
@!@!@STARTMSG 2221:0 @!@!@
  |||||||||||||||||||||line 45, col 57 to line 45, col 72 of module pipeline_exec_ooo: 692
@!@!@ENDMSG 2221 @!@!@
@!@!@STARTMSG 2221:0 @!@!@
  |||||||||||||||||||||line 45, col 77 to line 45, col 93 of module pipeline_exec_ooo: 96
@!@!@ENDMSG 2221 @!@!@
@!@!@STARTMSG 2221:0 @!@!@
  ||||||||||||||||||||||line 45, col 77 to line 45, col 89 of module pipeline_exec_ooo: 96
@!@!@ENDMSG 2221 @!@!@
@!@!@STARTMSG 2221:0 @!@!@
  |||||||||||||||||||||||line 44, col 37 to line 44, col 337 of module pipeline_exec_ooo: 96
@!@!@ENDMSG 2221 @!@!@
@!@!@STARTMSG 2221:0 @!@!@
  ||||||||||||||||||||||||line 44, col 42 to line 44, col 67 of module pipeline_exec_ooo: 96
@!@!@ENDMSG 2221 @!@!@
@!@!@STARTMSG 2221:0 @!@!@
  ||||||||||||||||||||||||line 44, col 72 to line 44, col 147 of module pipeline_exec_ooo: 48
@!@!@ENDMSG 2221 @!@!@
@!@!@STARTMSG 2221:0 @!@!@
  |||||||||||||||||||||||line 45, col 83 to line 45, col 88 of module pipeline_exec_ooo: 96
@!@!@ENDMSG 2221 @!@!@
@!@!@STARTMSG 2221:0 @!@!@
  ||||||||||||||||||||||line 45, col 93 to line 45, col 93 of module pipeline_exec_ooo: 96
@!@!@ENDMSG 2221 @!@!@
@!@!@STARTMSG 2221:0 @!@!@
  ||||||||||||||||||||line 45, col 42 to line 45, col 53 of module pipeline_exec_ooo: 346
@!@!@ENDMSG 2221 @!@!@
@!@!@STARTMSG 2221:0 @!@!@
  ||||||||||||||||||line 66, col 76 to line 66, col 76 of module pipeline_exec_ooo: 48
@!@!@ENDMSG 2221 @!@!@
@!@!@STARTMSG 2221:0 @!@!@
  |||||||||||||||line 65, col 53 to line 65, col 64 of module pipeline_exec_ooo: 173
@!@!@ENDMSG 2221 @!@!@
@!@!@STARTMSG 2221:0 @!@!@
  |||||||||||||line 71, col 27 to line 71, col 67 of module pipeline_exec_ooo: 173
@!@!@ENDMSG 2221 @!@!@
@!@!@STARTMSG 2221:0 @!@!@
  ||||||||||||||line 71, col 30 to line 71, col 39 of module pipeline_exec_ooo: 173
@!@!@ENDMSG 2221 @!@!@
@!@!@STARTMSG 2221:0 @!@!@
  ||||||||||||||line 71, col 46 to line 71, col 50 of module pipeline_exec_ooo: 167
@!@!@ENDMSG 2221 @!@!@
@!@!@STARTMSG 2221:0 @!@!@
  ||||||||||||||line 71, col 57 to line 71, col 67 of module pipeline_exec_ooo: 6
@!@!@ENDMSG 2221 @!@!@
@!@!@STARTMSG 2221:0 @!@!@
  ||||||||||||line 72, col 22 to line 72, col 42 of module pipeline_exec_ooo: 9
@!@!@ENDMSG 2221 @!@!@
@!@!@STARTMSG 2221:0 @!@!@
  ||||||||||line 118, col 51 to line 118, col 51 of module pipeline_exec_ooo: 182
@!@!@ENDMSG 2221 @!@!@
@!@!@STARTMSG 2221:0 @!@!@
  ||||||||line 119, col 46 to line 123, col 59 of module pipeline_exec_ooo: 182
@!@!@ENDMSG 2221 @!@!@
@!@!@STARTMSG 2221:0 @!@!@
  |||||||||line 119, col 49 to line 120, col 97 of module pipeline_exec_ooo: 182
@!@!@ENDMSG 2221 @!@!@
@!@!@STARTMSG 2221:0 @!@!@
  ||||||||||line 119, col 52 to line 119, col 76 of module pipeline_exec_ooo: 182
@!@!@ENDMSG 2221 @!@!@
@!@!@STARTMSG 2221:0 @!@!@
  |||||||||||line 119, col 52 to line 119, col 63 of module pipeline_exec_ooo: 182
@!@!@ENDMSG 2221 @!@!@
@!@!@STARTMSG 2221:0 @!@!@
  ||||||||||||line 119, col 52 to line 119, col 59 of module pipeline_exec_ooo: 182
@!@!@ENDMSG 2221 @!@!@
@!@!@STARTMSG 2221:0 @!@!@
  |||||||||||||line 53, col 13 to line 72, col 42 of module pipeline_exec_ooo: 182
@!@!@ENDMSG 2221 @!@!@
@!@!@STARTMSG 2221:0 @!@!@
  ||||||||||||||line 53, col 16 to line 53, col 27 of module pipeline_exec_ooo: 182
@!@!@ENDMSG 2221 @!@!@
@!@!@STARTMSG 2221:0 @!@!@
  ||||||||||||||line 59, col 35 to line 61, col 36 of module pipeline_exec_ooo: 182
@!@!@ENDMSG 2221 @!@!@
@!@!@STARTMSG 2221:0 @!@!@
  |||||||||||||||line 8, col 11 to line 8, col 68 of module instructions_ooo: 182
@!@!@ENDMSG 2221 @!@!@
@!@!@STARTMSG 2221:0 @!@!@
  ||||||||||||||||line 8, col 14 to line 8, col 19 of module instructions_ooo: 182
@!@!@ENDMSG 2221 @!@!@
@!@!@STARTMSG 2221:0 @!@!@
  ||||||||||||||||line 8, col 33 to line 8, col 68 of module instructions_ooo: 9
@!@!@ENDMSG 2221 @!@!@
@!@!@STARTMSG 2775:0 @!@!@
  |||||||||||||||line 59, col 39 to line 61, col 35 of module pipeline_exec_ooo: 182:27
@!@!@ENDMSG 2775 @!@!@
@!@!@STARTMSG 2221:0 @!@!@
  ||||||||||||||||line 59, col 41 to line 59, col 52 of module pipeline_exec_ooo: 9
@!@!@ENDMSG 2221 @!@!@
@!@!@STARTMSG 2221:0 @!@!@
  |||||||||||||||||line 41, col 21 to line 41, col 73 of module pipeline_exec_ooo: 9
@!@!@ENDMSG 2221 @!@!@
@!@!@STARTMSG 2221:0 @!@!@
  ||||||||||||||||||line 41, col 54 to line 41, col 73 of module pipeline_exec_ooo: 24
@!@!@ENDMSG 2221 @!@!@
@!@!@STARTMSG 2221:0 @!@!@
  ||||||||||||||||||line 41, col 34 to line 41, col 50 of module pipeline_exec_ooo: 9
@!@!@ENDMSG 2221 @!@!@
@!@!@STARTMSG 2221:0 @!@!@
  |||||||||||||||||line 59, col 51 to line 59, col 51 of module pipeline_exec_ooo: 9
@!@!@ENDMSG 2221 @!@!@
@!@!@STARTMSG 2775:0 @!@!@
  ||||||||||||||||line 60, col 37 to line 60, col 155 of module pipeline_exec_ooo: 182:191
@!@!@ENDMSG 2775 @!@!@
@!@!@STARTMSG 2221:0 @!@!@
  |||||||||||||||||line 60, col 53 to line 60, col 153 of module pipeline_exec_ooo: 20
@!@!@ENDMSG 2221 @!@!@
@!@!@STARTMSG 2221:0 @!@!@
  ||||||||||||||||||line 60, col 91 to line 60, col 153 of module pipeline_exec_ooo: 37
@!@!@ENDMSG 2221 @!@!@
@!@!@STARTMSG 2221:0 @!@!@
  |||||||||||||||||||line 60, col 91 to line 60, col 135 of module pipeline_exec_ooo: 37
@!@!@ENDMSG 2221 @!@!@
@!@!@STARTMSG 2221:0 @!@!@
  |||||||||||||||||||line 60, col 140 to line 60, col 153 of module pipeline_exec_ooo: 19
@!@!@ENDMSG 2221 @!@!@
@!@!@STARTMSG 2221:0 @!@!@
  ||||||||||||||||||||line 60, col 140 to line 60, col 144 of module pipeline_exec_ooo: 19
@!@!@ENDMSG 2221 @!@!@
@!@!@STARTMSG 2221:0 @!@!@
  ||||||||||||||||||||line 60, col 150 to line 60, col 153 of module pipeline_exec_ooo: 19
@!@!@ENDMSG 2221 @!@!@
@!@!@STARTMSG 2221:0 @!@!@
  |||||||||||||||||||||line 30, col 9 to line 31, col 102 of module pipeline_exec_ooo: 19
@!@!@ENDMSG 2221 @!@!@
@!@!@STARTMSG 2221:0 @!@!@
  ||||||||||||||||||||||line 30, col 36 to line 31, col 100 of module pipeline_exec_ooo: 61
@!@!@ENDMSG 2221 @!@!@
@!@!@STARTMSG 2221:0 @!@!@
  |||||||||||||||||||||||line 30, col 39 to line 30, col 53 of module pipeline_exec_ooo: 61
@!@!@ENDMSG 2221 @!@!@
@!@!@STARTMSG 2221:0 @!@!@
  |||||||||||||||||||||||line 31, col 39 to line 31, col 100 of module pipeline_exec_ooo: 53
@!@!@ENDMSG 2221 @!@!@
@!@!@STARTMSG 2221:0 @!@!@
  ||||||||||||||||||||||||line 31, col 57 to line 31, col 100 of module pipeline_exec_ooo: 180
@!@!@ENDMSG 2221 @!@!@
@!@!@STARTMSG 2221:0 @!@!@
  |||||||||||||||||||||||||line 31, col 57 to line 31, col 83 of module pipeline_exec_ooo: 180
@!@!@ENDMSG 2221 @!@!@
@!@!@STARTMSG 2221:0 @!@!@
  |||||||||||||||||||||||||line 31, col 88 to line 31, col 100 of module pipeline_exec_ooo: 22
@!@!@ENDMSG 2221 @!@!@
@!@!@STARTMSG 2221:0 @!@!@
  ||||||||||||||||||||||||line 31, col 48 to line 31, col 54 of module pipeline_exec_ooo: 53
@!@!@ENDMSG 2221 @!@!@
@!@!@STARTMSG 2221:0 @!@!@
  ||||||||||||||||||||||line 30, col 17 to line 30, col 33 of module pipeline_exec_ooo: 19
@!@!@ENDMSG 2221 @!@!@
@!@!@STARTMSG 2221:0 @!@!@
  ||||||||||||||||||line 60, col 66 to line 60, col 88 of module pipeline_exec_ooo: 20
@!@!@ENDMSG 2221 @!@!@
@!@!@STARTMSG 2221:0 @!@!@
  |||||||||||||||||||line 60, col 66 to line 60, col 72 of module pipeline_exec_ooo: 20
@!@!@ENDMSG 2221 @!@!@
@!@!@STARTMSG 2221:0 @!@!@
  |||||||||||||||||||line 60, col 75 to line 60, col 88 of module pipeline_exec_ooo: 20
@!@!@ENDMSG 2221 @!@!@
@!@!@STARTMSG 2221:0 @!@!@
  ||||||||||||||||||||line 60, col 75 to line 60, col 86 of module pipeline_exec_ooo: 20
@!@!@ENDMSG 2221 @!@!@
@!@!@STARTMSG 2221:0 @!@!@
  |||||||||||||||||||||line 41, col 21 to line 41, col 73 of module pipeline_exec_ooo: 20
@!@!@ENDMSG 2221 @!@!@
@!@!@STARTMSG 2221:0 @!@!@
  ||||||||||||||||||||||line 41, col 54 to line 41, col 73 of module pipeline_exec_ooo: 57
@!@!@ENDMSG 2221 @!@!@
@!@!@STARTMSG 2221:0 @!@!@
  ||||||||||||||||||||||line 41, col 34 to line 41, col 50 of module pipeline_exec_ooo: 20
@!@!@ENDMSG 2221 @!@!@
@!@!@STARTMSG 2221:0 @!@!@
  |||||||||||||||||||||line 60, col 85 to line 60, col 85 of module pipeline_exec_ooo: 20
@!@!@ENDMSG 2221 @!@!@
@!@!@STARTMSG 2221:0 @!@!@
  |||||||||||||||||line 60, col 45 to line 60, col 50 of module pipeline_exec_ooo: 182
@!@!@ENDMSG 2221 @!@!@
@!@!@STARTMSG 2221:0 @!@!@
  ||||||||||||||line 62, col 17 to line 72, col 42 of module pipeline_exec_ooo: 182
@!@!@ENDMSG 2221 @!@!@
@!@!@STARTMSG 2221:0 @!@!@
  |||||||||||||||line 62, col 20 to line 62, col 33 of module pipeline_exec_ooo: 182
@!@!@ENDMSG 2221 @!@!@
@!@!@STARTMSG 2221:0 @!@!@
  |||||||||||||||line 63, col 22 to line 71, col 67 of module pipeline_exec_ooo: 173
@!@!@ENDMSG 2221 @!@!@
@!@!@STARTMSG 2221:0 @!@!@
  ||||||||||||||||line 63, col 25 to line 63, col 34 of module pipeline_exec_ooo: 173
@!@!@ENDMSG 2221 @!@!@
@!@!@STARTMSG 2221:0 @!@!@
  |||||||||||||||||line 49, col 15 to line 50, col 24 of module pipeline_exec_ooo: 173
@!@!@ENDMSG 2221 @!@!@
@!@!@STARTMSG 2221:0 @!@!@
  ||||||||||||||||||line 49, col 18 to line 49, col 44 of module pipeline_exec_ooo: 173
@!@!@ENDMSG 2221 @!@!@
@!@!@STARTMSG 2221:0 @!@!@
  |||||||||||||||||||line 49, col 36 to line 49, col 44 of module pipeline_exec_ooo: 692
@!@!@ENDMSG 2221 @!@!@
@!@!@STARTMSG 2221:0 @!@!@
  |||||||||||||||||||line 49, col 27 to line 49, col 33 of module pipeline_exec_ooo: 173
@!@!@ENDMSG 2221 @!@!@
@!@!@STARTMSG 2221:0 @!@!@
  ||||||||||||||||||line 50, col 18 to line 50, col 24 of module pipeline_exec_ooo: 173
@!@!@ENDMSG 2221 @!@!@
@!@!@STARTMSG 2221:0 @!@!@
  ||||||||||||||||line 65, col 41 to line 70, col 46 of module pipeline_exec_ooo: 173
@!@!@ENDMSG 2221 @!@!@
@!@!@STARTMSG 2221:0 @!@!@
  |||||||||||||||||line 8, col 11 to line 8, col 68 of module instructions_ooo: 173
@!@!@ENDMSG 2221 @!@!@
@!@!@STARTMSG 2221:0 @!@!@
  ||||||||||||||||||line 8, col 14 to line 8, col 19 of module instructions_ooo: 173
@!@!@ENDMSG 2221 @!@!@
@!@!@STARTMSG 2221:0 @!@!@
  ||||||||||||||||||line 8, col 33 to line 8, col 68 of module instructions_ooo: 6
@!@!@ENDMSG 2221 @!@!@
@!@!@STARTMSG 2775:0 @!@!@
  |||||||||||||||||line 65, col 45 to line 70, col 45 of module pipeline_exec_ooo: 173:18
@!@!@ENDMSG 2775 @!@!@
@!@!@STARTMSG 2221:0 @!@!@
  ||||||||||||||||||line 66, col 47 to line 69, col 58 of module pipeline_exec_ooo: 346
@!@!@ENDMSG 2221 @!@!@
@!@!@STARTMSG 2221:0 @!@!@
  |||||||||||||||||||line 66, col 47 to line 66, col 52 of module pipeline_exec_ooo: 346
@!@!@ENDMSG 2221 @!@!@
@!@!@STARTMSG 2221:0 @!@!@
  |||||||||||||||||||line 66, col 58 to line 69, col 58 of module pipeline_exec_ooo: 346
@!@!@ENDMSG 2221 @!@!@
@!@!@STARTMSG 2221:0 @!@!@
  ||||||||||||||||||||line 67, col 61 to line 68, col 111 of module pipeline_exec_ooo: 20
@!@!@ENDMSG 2221 @!@!@
@!@!@STARTMSG 2221:0 @!@!@
  |||||||||||||||||||||line 67, col 64 to line 67, col 158 of module pipeline_exec_ooo: 20
@!@!@ENDMSG 2221 @!@!@
@!@!@STARTMSG 2221:0 @!@!@
  ||||||||||||||||||||||line 67, col 96 to line 67, col 158 of module pipeline_exec_ooo: 16
@!@!@ENDMSG 2221 @!@!@
@!@!@STARTMSG 2221:0 @!@!@
  ||||||||||||||||||||||line 67, col 77 to line 67, col 93 of module pipeline_exec_ooo: 20
@!@!@ENDMSG 2221 @!@!@
@!@!@STARTMSG 2221:0 @!@!@
  |||||||||||||||||||||line 68, col 64 to line 68, col 111 of module pipeline_exec_ooo: 20
@!@!@ENDMSG 2221 @!@!@
@!@!@STARTMSG 2221:0 @!@!@
  ||||||||||||||||||||||line 68, col 81 to line 68, col 111 of module pipeline_exec_ooo: 10
@!@!@ENDMSG 2221 @!@!@
@!@!@STARTMSG 2221:0 @!@!@
  ||||||||||||||||||||||line 68, col 73 to line 68, col 78 of module pipeline_exec_ooo: 20
@!@!@ENDMSG 2221 @!@!@
@!@!@STARTMSG 2221:0 @!@!@
  ||||||||||||||||||||line 66, col 66 to line 66, col 77 of module pipeline_exec_ooo: 346
@!@!@ENDMSG 2221 @!@!@
@!@!@STARTMSG 2775:0 @!@!@
  |||||||||||||||||||||line 45, col 17 to line 45, col 97 of module pipeline_exec_ooo: 346:366
@!@!@ENDMSG 2775 @!@!@
@!@!@STARTMSG 2221:0 @!@!@
  ||||||||||||||||||||||line 45, col 19 to line 45, col 24 of module pipeline_exec_ooo: 20
@!@!@ENDMSG 2221 @!@!@
@!@!@STARTMSG 2775:0 @!@!@
  ||||||||||||||||||||||line 45, col 34 to line 45, col 95 of module pipeline_exec_ooo: 346:366
@!@!@ENDMSG 2775 @!@!@
@!@!@STARTMSG 2221:0 @!@!@
  |||||||||||||||||||||||line 45, col 57 to line 45, col 93 of module pipeline_exec_ooo: 692
@!@!@ENDMSG 2221 @!@!@
@!@!@STARTMSG 2221:0 @!@!@
  ||||||||||||||||||||||||line 45, col 57 to line 45, col 72 of module pipeline_exec_ooo: 692
@!@!@ENDMSG 2221 @!@!@
@!@!@STARTMSG 2221:0 @!@!@
  ||||||||||||||||||||||||line 45, col 77 to line 45, col 93 of module pipeline_exec_ooo: 96
@!@!@ENDMSG 2221 @!@!@
@!@!@STARTMSG 2221:0 @!@!@
  |||||||||||||||||||||||||line 45, col 77 to line 45, col 89 of module pipeline_exec_ooo: 96
@!@!@ENDMSG 2221 @!@!@
@!@!@STARTMSG 2221:0 @!@!@
  ||||||||||||||||||||||||||line 44, col 37 to line 44, col 337 of module pipeline_exec_ooo: 96
@!@!@ENDMSG 2221 @!@!@
@!@!@STARTMSG 2221:0 @!@!@
  |||||||||||||||||||||||||||line 44, col 42 to line 44, col 67 of module pipeline_exec_ooo: 96
@!@!@ENDMSG 2221 @!@!@
@!@!@STARTMSG 2221:0 @!@!@
  |||||||||||||||||||||||||||line 44, col 72 to line 44, col 147 of module pipeline_exec_ooo: 48
@!@!@ENDMSG 2221 @!@!@
@!@!@STARTMSG 2221:0 @!@!@
  ||||||||||||||||||||||||||line 45, col 83 to line 45, col 88 of module pipeline_exec_ooo: 96
@!@!@ENDMSG 2221 @!@!@
@!@!@STARTMSG 2221:0 @!@!@
  |||||||||||||||||||||||||line 45, col 93 to line 45, col 93 of module pipeline_exec_ooo: 96
@!@!@ENDMSG 2221 @!@!@
@!@!@STARTMSG 2221:0 @!@!@
  |||||||||||||||||||||||line 45, col 42 to line 45, col 53 of module pipeline_exec_ooo: 346
@!@!@ENDMSG 2221 @!@!@
@!@!@STARTMSG 2221:0 @!@!@
  |||||||||||||||||||||line 66, col 76 to line 66, col 76 of module pipeline_exec_ooo: 48
@!@!@ENDMSG 2221 @!@!@
@!@!@STARTMSG 2221:0 @!@!@
  ||||||||||||||||||line 65, col 53 to line 65, col 64 of module pipeline_exec_ooo: 173
@!@!@ENDMSG 2221 @!@!@
@!@!@STARTMSG 2221:0 @!@!@
  ||||||||||||||||line 71, col 27 to line 71, col 67 of module pipeline_exec_ooo: 173
@!@!@ENDMSG 2221 @!@!@
@!@!@STARTMSG 2221:0 @!@!@
  |||||||||||||||||line 71, col 30 to line 71, col 39 of module pipeline_exec_ooo: 173
@!@!@ENDMSG 2221 @!@!@
@!@!@STARTMSG 2221:0 @!@!@
  |||||||||||||||||line 71, col 46 to line 71, col 50 of module pipeline_exec_ooo: 167
@!@!@ENDMSG 2221 @!@!@
@!@!@STARTMSG 2221:0 @!@!@
  |||||||||||||||||line 71, col 57 to line 71, col 67 of module pipeline_exec_ooo: 6
@!@!@ENDMSG 2221 @!@!@
@!@!@STARTMSG 2221:0 @!@!@
  |||||||||||||||line 72, col 22 to line 72, col 42 of module pipeline_exec_ooo: 9
@!@!@ENDMSG 2221 @!@!@
@!@!@STARTMSG 2221:0 @!@!@
  |||||||||||||line 119, col 58 to line 119, col 58 of module pipeline_exec_ooo: 182
@!@!@ENDMSG 2221 @!@!@
@!@!@STARTMSG 2221:0 @!@!@
  |||||||||||line 119, col 69 to line 119, col 76 of module pipeline_exec_ooo: 182
@!@!@ENDMSG 2221 @!@!@
@!@!@STARTMSG 2221:0 @!@!@
  ||||||||||line 120, col 52 to line 120, col 97 of module pipeline_exec_ooo: 3
@!@!@ENDMSG 2221 @!@!@
@!@!@STARTMSG 2775:0 @!@!@
  |||||||||line 122, col 51 to line 122, col 68 of module pipeline_exec_ooo: 3:12
@!@!@ENDMSG 2775 @!@!@
@!@!@STARTMSG 2221:0 @!@!@
  ||||||||||line 122, col 52 to line 122, col 58 of module pipeline_exec_ooo: 3
@!@!@ENDMSG 2221 @!@!@
@!@!@STARTMSG 2221:0 @!@!@
  ||||||||||line 122, col 61 to line 122, col 67 of module pipeline_exec_ooo: 3
@!@!@ENDMSG 2221 @!@!@
@!@!@STARTMSG 2775:0 @!@!@
  |||||||||line 123, col 51 to line 123, col 59 of module pipeline_exec_ooo: 179:537
@!@!@ENDMSG 2775 @!@!@
@!@!@STARTMSG 2221:0 @!@!@
  ||||||||||line 123, col 52 to line 123, col 58 of module pipeline_exec_ooo: 179
@!@!@ENDMSG 2221 @!@!@
@!@!@STARTMSG 2775:0 @!@!@
  ||||||||line 124, col 36 to line 124, col 48 of module pipeline_exec_ooo: 182:552
@!@!@ENDMSG 2775 @!@!@
@!@!@STARTMSG 2775:0 @!@!@
  |||||||line 125, col 34 to line 125, col 68 of module pipeline_exec_ooo: 30:60
@!@!@ENDMSG 2775 @!@!@
@!@!@STARTMSG 2221:0 @!@!@
  ||||||||line 125, col 35 to line 125, col 67 of module pipeline_exec_ooo: 30
@!@!@ENDMSG 2221 @!@!@
@!@!@STARTMSG 2221:0 @!@!@
  ||||||line 126, col 48 to line 126, col 48 of module pipeline_exec_ooo: 212
@!@!@ENDMSG 2221 @!@!@
@!@!@STARTMSG 2221:0 @!@!@
  ||line 126, col 52 to line 126, col 55 of module pipeline_exec_ooo: 53
@!@!@ENDMSG 2221 @!@!@
@!@!@STARTMSG 2221:0 @!@!@
  line 140, col 16 to line 140, col 110 of module pipeline_exec_ooo: 55
@!@!@ENDMSG 2221 @!@!@
@!@!@STARTMSG 2775:0 @!@!@
  |line 140, col 24 to line 140, col 110 of module pipeline_exec_ooo: 56:112
@!@!@ENDMSG 2775 @!@!@
@!@!@STARTMSG 2221:0 @!@!@
  ||line 140, col 32 to line 140, col 43 of module pipeline_exec_ooo: 56
@!@!@ENDMSG 2221 @!@!@
@!@!@STARTMSG 2221:0 @!@!@
  line 153, col 19 to line 155, col 70 of module pipeline_exec_ooo: 55
@!@!@ENDMSG 2221 @!@!@
@!@!@STARTMSG 2221:0 @!@!@
  |line 153, col 26 to line 155, col 70 of module pipeline_exec_ooo: 56
@!@!@ENDMSG 2221 @!@!@
@!@!@STARTMSG 2221:0 @!@!@
  ||line 153, col 26 to line 154, col 159 of module pipeline_exec_ooo: 56
@!@!@ENDMSG 2221 @!@!@
@!@!@STARTMSG 2775:0 @!@!@
  |||line 153, col 26 to line 153, col 58 of module pipeline_exec_ooo: 56:63
@!@!@ENDMSG 2775 @!@!@
@!@!@STARTMSG 2221:0 @!@!@
  ||||line 153, col 34 to line 153, col 45 of module pipeline_exec_ooo: 56
@!@!@ENDMSG 2221 @!@!@
@!@!@STARTMSG 2775:0 @!@!@
  |||line 154, col 29 to line 154, col 159 of module pipeline_exec_ooo: 56:105
@!@!@ENDMSG 2775 @!@!@
@!@!@STARTMSG 2221:0 @!@!@
  ||||line 154, col 37 to line 154, col 57 of module pipeline_exec_ooo: 56
@!@!@ENDMSG 2221 @!@!@
@!@!@STARTMSG 2221:0 @!@!@
  ||line 155, col 29 to line 155, col 70 of module pipeline_exec_ooo: 56
@!@!@ENDMSG 2221 @!@!@
@!@!@STARTMSG 2221:0 @!@!@
  |||line 155, col 32 to line 155, col 42 of module pipeline_exec_ooo: 56
@!@!@ENDMSG 2221 @!@!@
@!@!@STARTMSG 2221:0 @!@!@
  ||||line 155, col 33 to line 155, col 42 of module pipeline_exec_ooo: 56
@!@!@ENDMSG 2221 @!@!@
@!@!@STARTMSG 2221:0 @!@!@
  |||||line 49, col 15 to line 50, col 24 of module pipeline_exec_ooo: 56
@!@!@ENDMSG 2221 @!@!@
@!@!@STARTMSG 2221:0 @!@!@
  ||||||line 49, col 18 to line 49, col 44 of module pipeline_exec_ooo: 56
@!@!@ENDMSG 2221 @!@!@
@!@!@STARTMSG 2221:0 @!@!@
  |||||||line 49, col 36 to line 49, col 44 of module pipeline_exec_ooo: 224
@!@!@ENDMSG 2221 @!@!@
@!@!@STARTMSG 2221:0 @!@!@
  |||||||line 49, col 27 to line 49, col 33 of module pipeline_exec_ooo: 56
@!@!@ENDMSG 2221 @!@!@
@!@!@STARTMSG 2221:0 @!@!@
  ||||||line 50, col 18 to line 50, col 24 of module pipeline_exec_ooo: 56
@!@!@ENDMSG 2221 @!@!@
@!@!@STARTMSG 2221:0 @!@!@
  |||line 155, col 49 to line 155, col 60 of module pipeline_exec_ooo: 56
@!@!@ENDMSG 2221 @!@!@
@!@!@STARTMSG 2221:0 @!@!@
  ||||line 145, col 30 to line 145, col 35 of module pipeline_exec_ooo: 112
@!@!@ENDMSG 2221 @!@!@
@!@!@STARTMSG 2221:0 @!@!@
  ||||line 146, col 30 to line 148, col 95 of module pipeline_exec_ooo: 112
@!@!@ENDMSG 2221 @!@!@
@!@!@STARTMSG 2221:0 @!@!@
  |||||line 146, col 33 to line 146, col 57 of module pipeline_exec_ooo: 112
@!@!@ENDMSG 2221 @!@!@
@!@!@STARTMSG 2221:0 @!@!@
  |||||line 147, col 35 to line 147, col 38 of module pipeline_exec_ooo: 92
@!@!@ENDMSG 2221 @!@!@
@!@!@STARTMSG 2221:0 @!@!@
  |||||line 148, col 35 to line 148, col 95 of module pipeline_exec_ooo: 20
@!@!@ENDMSG 2221 @!@!@
@!@!@STARTMSG 2221:0 @!@!@
  ||||line 149, col 17 to line 151, col 44 of module pipeline_exec_ooo: 112
@!@!@ENDMSG 2221 @!@!@
@!@!@STARTMSG 2221:0 @!@!@
  |||||line 149, col 20 to line 149, col 32 of module pipeline_exec_ooo: 112
@!@!@ENDMSG 2221 @!@!@
@!@!@STARTMSG 2221:0 @!@!@
  |||||line 150, col 22 to line 150, col 26 of module pipeline_exec_ooo: 56
@!@!@ENDMSG 2221 @!@!@
@!@!@STARTMSG 2221:0 @!@!@
  |||||line 151, col 22 to line 151, col 44 of module pipeline_exec_ooo: 56
@!@!@ENDMSG 2221 @!@!@
@!@!@STARTMSG 2221:0 @!@!@
  line 157, col 22 to line 157, col 29 of module pipeline_exec_ooo: 56
@!@!@ENDMSG 2221 @!@!@
@!@!@STARTMSG 2221:0 @!@!@
  |line 157, col 22 to line 157, col 24 of module pipeline_exec_ooo: 56
@!@!@ENDMSG 2221 @!@!@
@!@!@STARTMSG 2221:0 @!@!@
  ||line 156, col 30 to line 156, col 75 of module pipeline_exec_ooo: 56
@!@!@ENDMSG 2221 @!@!@
@!@!@STARTMSG 2221:0 @!@!@
  |||line 9, col 11 to line 9, col 68 of module instructions_ooo: 56
@!@!@ENDMSG 2221 @!@!@
@!@!@STARTMSG 2221:0 @!@!@
  ||||line 9, col 14 to line 9, col 19 of module instructions_ooo: 56
@!@!@ENDMSG 2221 @!@!@
@!@!@STARTMSG 2221:0 @!@!@
  ||||line 9, col 33 to line 9, col 68 of module instructions_ooo: 13
@!@!@ENDMSG 2221 @!@!@
@!@!@STARTMSG 2221:0 @!@!@
  |||||line 9, col 50 to line 9, col 68 of module instructions_ooo: 16
@!@!@ENDMSG 2221 @!@!@
@!@!@STARTMSG 2221:0 @!@!@
  ||||||line 9, col 63 to line 9, col 68 of module instructions_ooo: 22
@!@!@ENDMSG 2221 @!@!@
@!@!@STARTMSG 2221:0 @!@!@
  ||||||line 9, col 59 to line 9, col 59 of module instructions_ooo: 16
@!@!@ENDMSG 2221 @!@!@
@!@!@STARTMSG 2221:0 @!@!@
  |||||line 9, col 46 to line 9, col 46 of module instructions_ooo: 13
@!@!@ENDMSG 2221 @!@!@
@!@!@STARTMSG 2775:0 @!@!@
  |||line 156, col 34 to line 156, col 74 of module pipeline_exec_ooo: 56:54
@!@!@ENDMSG 2775 @!@!@
@!@!@STARTMSG 2221:0 @!@!@
  ||||line 156, col 57 to line 156, col 72 of module pipeline_exec_ooo: 112
@!@!@ENDMSG 2221 @!@!@
@!@!@STARTMSG 2221:0 @!@!@
  ||||line 156, col 42 to line 156, col 53 of module pipeline_exec_ooo: 56
@!@!@ENDMSG 2221 @!@!@
@!@!@STARTMSG 2221:0 @!@!@
  line 158, col 24 to line 158, col 56 of module pipeline_exec_ooo: 13
@!@!@ENDMSG 2221 @!@!@
@!@!@STARTMSG 2221:0 @!@!@
  |line 158, col 35 to line 158, col 56 of module pipeline_exec_ooo: 13
@!@!@ENDMSG 2221 @!@!@
@!@!@STARTMSG 2221:0 @!@!@
  ||line 158, col 35 to line 158, col 54 of module pipeline_exec_ooo: 13
@!@!@ENDMSG 2221 @!@!@
@!@!@STARTMSG 2221:0 @!@!@
  |||line 41, col 21 to line 41, col 73 of module pipeline_exec_ooo: 13
@!@!@ENDMSG 2221 @!@!@
@!@!@STARTMSG 2221:0 @!@!@
  ||||line 41, col 54 to line 41, col 73 of module pipeline_exec_ooo: 16
@!@!@ENDMSG 2221 @!@!@
@!@!@STARTMSG 2221:0 @!@!@
  ||||line 41, col 34 to line 41, col 50 of module pipeline_exec_ooo: 13
@!@!@ENDMSG 2221 @!@!@
@!@!@STARTMSG 2221:0 @!@!@
  |||line 158, col 45 to line 158, col 53 of module pipeline_exec_ooo: 13
@!@!@ENDMSG 2221 @!@!@
@!@!@STARTMSG 2221:0 @!@!@
  ||||line 158, col 45 to line 158, col 48 of module pipeline_exec_ooo: 13
@!@!@ENDMSG 2221 @!@!@
@!@!@STARTMSG 2221:0 @!@!@
  ||||line 158, col 50 to line 158, col 52 of module pipeline_exec_ooo: 13
@!@!@ENDMSG 2221 @!@!@
@!@!@STARTMSG 2221:0 @!@!@
  |||||line 156, col 30 to line 156, col 75 of module pipeline_exec_ooo: 13
@!@!@ENDMSG 2221 @!@!@
@!@!@STARTMSG 2221:0 @!@!@
  ||||||line 9, col 11 to line 9, col 68 of module instructions_ooo: 13
@!@!@ENDMSG 2221 @!@!@
@!@!@STARTMSG 2221:0 @!@!@
  |||||||line 9, col 14 to line 9, col 19 of module instructions_ooo: 13
@!@!@ENDMSG 2221 @!@!@
@!@!@STARTMSG 2221:0 @!@!@
  |||||||line 9, col 33 to line 9, col 68 of module instructions_ooo: 13
@!@!@ENDMSG 2221 @!@!@
@!@!@STARTMSG 2221:0 @!@!@
  ||||||||line 9, col 50 to line 9, col 68 of module instructions_ooo: 16
@!@!@ENDMSG 2221 @!@!@
@!@!@STARTMSG 2221:0 @!@!@
  |||||||||line 9, col 63 to line 9, col 68 of module instructions_ooo: 22
@!@!@ENDMSG 2221 @!@!@
@!@!@STARTMSG 2221:0 @!@!@
  |||||||||line 9, col 59 to line 9, col 59 of module instructions_ooo: 16
@!@!@ENDMSG 2221 @!@!@
@!@!@STARTMSG 2221:0 @!@!@
  ||||||||line 9, col 46 to line 9, col 46 of module instructions_ooo: 13
@!@!@ENDMSG 2221 @!@!@
@!@!@STARTMSG 2775:0 @!@!@
  ||||||line 156, col 34 to line 156, col 74 of module pipeline_exec_ooo: 13:54
@!@!@ENDMSG 2775 @!@!@
@!@!@STARTMSG 2221:0 @!@!@
  |||||||line 156, col 57 to line 156, col 72 of module pipeline_exec_ooo: 26
@!@!@ENDMSG 2221 @!@!@
@!@!@STARTMSG 2221:0 @!@!@
  |||||||line 156, col 42 to line 156, col 53 of module pipeline_exec_ooo: 13
@!@!@ENDMSG 2221 @!@!@
@!@!@STARTMSG 2221:0 @!@!@
  line 159, col 24 to line 159, col 40 of module pipeline_exec_ooo: 42
@!@!@ENDMSG 2221 @!@!@
@!@!@STARTMSG 2221:0 @!@!@
  line 173, col 18 to line 206, col 27 of module pipeline_exec_ooo: 55
@!@!@ENDMSG 2221 @!@!@
@!@!@STARTMSG 2221:0 @!@!@
  |line 173, col 27 to line 206, col 27 of module pipeline_exec_ooo: 56
@!@!@ENDMSG 2221 @!@!@
@!@!@STARTMSG 2221:0 @!@!@
  ||line 173, col 29 to line 173, col 33 of module pipeline_exec_ooo: 56
@!@!@ENDMSG 2221 @!@!@
@!@!@STARTMSG 2221:0 @!@!@
  ||line 174, col 39 to line 189, col 61 of module pipeline_exec_ooo: 56
@!@!@ENDMSG 2221 @!@!@
@!@!@STARTMSG 2221:0 @!@!@
  |||line 174, col 39 to line 188, col 78 of module pipeline_exec_ooo: 56
@!@!@ENDMSG 2221 @!@!@
@!@!@STARTMSG 2775:0 @!@!@
  ||||line 174, col 39 to line 174, col 79 of module pipeline_exec_ooo: 56:63
@!@!@ENDMSG 2775 @!@!@
@!@!@STARTMSG 2221:0 @!@!@
  |||||line 174, col 47 to line 174, col 58 of module pipeline_exec_ooo: 56
@!@!@ENDMSG 2221 @!@!@
@!@!@STARTMSG 2775:0 @!@!@
  ||||line 175, col 42 to line 188, col 78 of module pipeline_exec_ooo: 56:125
@!@!@ENDMSG 2775 @!@!@
@!@!@STARTMSG 2221:0 @!@!@
  |||||line 175, col 50 to line 175, col 78 of module pipeline_exec_ooo: 56
@!@!@ENDMSG 2221 @!@!@
@!@!@STARTMSG 2221:0 @!@!@
  |||line 189, col 42 to line 189, col 61 of module pipeline_exec_ooo: 56
@!@!@ENDMSG 2221 @!@!@
@!@!@STARTMSG 2221:0 @!@!@
  ||||line 163, col 28 to line 170, col 36 of module pipeline_exec_ooo: 112
@!@!@ENDMSG 2221 @!@!@
@!@!@STARTMSG 2221:0 @!@!@
  |||||line 163, col 31 to line 163, col 73 of module pipeline_exec_ooo: 112
@!@!@ENDMSG 2221 @!@!@
@!@!@STARTMSG 2221:0 @!@!@
  ||||||line 163, col 31 to line 163, col 51 of module pipeline_exec_ooo: 112
@!@!@ENDMSG 2221 @!@!@
@!@!@STARTMSG 2221:0 @!@!@
  ||||||line 163, col 56 to line 163, col 73 of module pipeline_exec_ooo: 18
@!@!@ENDMSG 2221 @!@!@
@!@!@STARTMSG 2221:0 @!@!@
  |||||line 164, col 33 to line 169, col 60 of module pipeline_exec_ooo: 18
@!@!@ENDMSG 2221 @!@!@
@!@!@STARTMSG 2775:0 @!@!@
  ||||||line 164, col 36 to line 169, col 57 of module pipeline_exec_ooo: 18:216
@!@!@ENDMSG 2775 @!@!@
@!@!@STARTMSG 2775:0 @!@!@
  |||||||line 164, col 44 to line 164, col 138 of module pipeline_exec_ooo: 18:234
@!@!@ENDMSG 2775 @!@!@
@!@!@STARTMSG 2221:0 @!@!@
  |||||line 170, col 33 to line 170, col 36 of module pipeline_exec_ooo: 94
@!@!@ENDMSG 2221 @!@!@
@!@!@STARTMSG 2221:0 @!@!@
  ||||line 171, col 17 to line 171, col 60 of module pipeline_exec_ooo: 112
@!@!@ENDMSG 2221 @!@!@
@!@!@STARTMSG 2221:0 @!@!@
  |||||line 171, col 20 to line 171, col 24 of module pipeline_exec_ooo: 112
@!@!@ENDMSG 2221 @!@!@
@!@!@STARTMSG 2221:0 @!@!@
  |||||line 171, col 31 to line 171, col 33 of module pipeline_exec_ooo: 56
@!@!@ENDMSG 2221 @!@!@
@!@!@STARTMSG 2221:0 @!@!@
  |||||line 171, col 40 to line 171, col 60 of module pipeline_exec_ooo: 56
@!@!@ENDMSG 2221 @!@!@
@!@!@STARTMSG 2221:0 @!@!@
  ||||line 189, col 52 to line 189, col 60 of module pipeline_exec_ooo: 56
@!@!@ENDMSG 2221 @!@!@
@!@!@STARTMSG 2221:0 @!@!@
  ||line 191, col 39 to line 194, col 132 of module pipeline_exec_ooo: 56
@!@!@ENDMSG 2221 @!@!@
@!@!@STARTMSG 2221:0 @!@!@
  |||line 193, col 48 to line 194, col 132 of module pipeline_exec_ooo: 56
@!@!@ENDMSG 2221 @!@!@
@!@!@STARTMSG 2775:0 @!@!@
  ||||line 193, col 54 to line 194, col 131 of module pipeline_exec_ooo: 56:28
@!@!@ENDMSG 2775 @!@!@
@!@!@STARTMSG 2221:0 @!@!@
  |||||line 193, col 56 to line 193, col 157 of module pipeline_exec_ooo: 16
@!@!@ENDMSG 2221 @!@!@
@!@!@STARTMSG 2221:0 @!@!@
  ||||||line 193, col 58 to line 193, col 129 of module pipeline_exec_ooo: 5
@!@!@ENDMSG 2221 @!@!@
@!@!@STARTMSG 2221:0 @!@!@
  ||||||line 193, col 139 to line 193, col 155 of module pipeline_exec_ooo: 16
@!@!@ENDMSG 2221 @!@!@
@!@!@STARTMSG 2775:0 @!@!@
  |||||||line 190, col 53 to line 190, col 137 of module pipeline_exec_ooo: 16:21
@!@!@ENDMSG 2775 @!@!@
@!@!@STARTMSG 2221:0 @!@!@
  ||||||||line 190, col 91 to line 190, col 135 of module pipeline_exec_ooo: 15
@!@!@ENDMSG 2221 @!@!@
@!@!@STARTMSG 2221:0 @!@!@
  ||||||||line 190, col 65 to line 190, col 87 of module pipeline_exec_ooo: 16
@!@!@ENDMSG 2221 @!@!@
@!@!@STARTMSG 2221:0 @!@!@
  |||||||||line 190, col 65 to line 190, col 71 of module pipeline_exec_ooo: 16
@!@!@ENDMSG 2221 @!@!@
@!@!@STARTMSG 2221:0 @!@!@
  |||||||||line 190, col 74 to line 190, col 87 of module pipeline_exec_ooo: 16
@!@!@ENDMSG 2221 @!@!@
@!@!@STARTMSG 2221:0 @!@!@
  ||||||||||line 190, col 74 to line 190, col 85 of module pipeline_exec_ooo: 16
@!@!@ENDMSG 2221 @!@!@
@!@!@STARTMSG 2221:0 @!@!@
  |||||||||||line 41, col 21 to line 41, col 73 of module pipeline_exec_ooo: 16
@!@!@ENDMSG 2221 @!@!@
@!@!@STARTMSG 2221:0 @!@!@
  ||||||||||||line 41, col 54 to line 41, col 73 of module pipeline_exec_ooo: 31
@!@!@ENDMSG 2221 @!@!@
@!@!@STARTMSG 2221:0 @!@!@
  ||||||||||||line 41, col 34 to line 41, col 50 of module pipeline_exec_ooo: 16
@!@!@ENDMSG 2221 @!@!@
@!@!@STARTMSG 2221:0 @!@!@
  |||||||||||line 190, col 84 to line 190, col 84 of module pipeline_exec_ooo: 16
@!@!@ENDMSG 2221 @!@!@
@!@!@STARTMSG 2221:0 @!@!@
  |||||||line 193, col 143 to line 193, col 154 of module pipeline_exec_ooo: 16
@!@!@ENDMSG 2221 @!@!@
@!@!@STARTMSG 2775:0 @!@!@
  |||||line 194, col 67 to line 194, col 129 of module pipeline_exec_ooo: 56:72
@!@!@ENDMSG 2775 @!@!@
@!@!@STARTMSG 2221:0 @!@!@
  ||||||line 194, col 84 to line 194, col 127 of module pipeline_exec_ooo: 224
@!@!@ENDMSG 2221 @!@!@
@!@!@STARTMSG 2221:0 @!@!@
  |||||||line 194, col 84 to line 194, col 105 of module pipeline_exec_ooo: 224
@!@!@ENDMSG 2221 @!@!@
@!@!@STARTMSG 2221:0 @!@!@
  |||||||line 194, col 110 to line 194, col 127 of module pipeline_exec_ooo: 46
@!@!@ENDMSG 2221 @!@!@
@!@!@STARTMSG 2221:0 @!@!@
  ||||||line 194, col 75 to line 194, col 81 of module pipeline_exec_ooo: 56
@!@!@ENDMSG 2221 @!@!@
@!@!@STARTMSG 2221:0 @!@!@
  line 210, col 20 to line 211, col 50 of module pipeline_exec_ooo: 56
@!@!@ENDMSG 2221 @!@!@
@!@!@STARTMSG 2221:0 @!@!@
  |line 211, col 26 to line 211, col 39 of module pipeline_exec_ooo: 388
@!@!@ENDMSG 2221 @!@!@
@!@!@STARTMSG 2221:0 @!@!@
  |line 211, col 44 to line 211, col 50 of module pipeline_exec_ooo: 194
@!@!@ENDMSG 2221 @!@!@
@!@!@STARTMSG 2221:0 @!@!@
  |line 210, col 29 to line 210, col 49 of module pipeline_exec_ooo: 56
@!@!@ENDMSG 2221 @!@!@
@!@!@STARTMSG 2221:0 @!@!@
  line 212, col 22 to line 212, col 47 of module pipeline_exec_ooo: 50
@!@!@ENDMSG 2221 @!@!@
@!@!@STARTMSG 2221:0 @!@!@
  line 213, col 22 to line 213, col 46 of module pipeline_exec_ooo: 5
@!@!@ENDMSG 2221 @!@!@
@!@!@STARTMSG 2221:0 @!@!@
  line 215, col 37 to line 215, col 55 of module pipeline_exec_ooo: 55
@!@!@ENDMSG 2221 @!@!@
@!@!@STARTMSG 2221:0 @!@!@
  line 23, col 1 to line 34, col 37 of module pipeline_ooo: 4056
@!@!@ENDMSG 2221 @!@!@
@!@!@STARTMSG 2221:0 @!@!@
  line 24, col 28 to line 24, col 37 of module pipeline_ooo: 220
@!@!@ENDMSG 2221 @!@!@
@!@!@STARTMSG 2221:0 @!@!@
  line 23, col 1 to line 34, col 37 of module pipeline_ooo: 206
@!@!@ENDMSG 2221 @!@!@
@!@!@STARTMSG 2775:0 @!@!@
  |line 11, col 1 to line 11, col 3 of module MC: 206:18
@!@!@ENDMSG 2775 @!@!@
@!@!@STARTMSG 2221:0 @!@!@
  line 23, col 1 to line 34, col 37 of module pipeline_ooo: 5514
@!@!@ENDMSG 2221 @!@!@
@!@!@STARTMSG 2221:0 @!@!@
  line 32, col 26 to line 32, col 33 of module pipeline_ooo: 3422
@!@!@ENDMSG 2221 @!@!@
@!@!@STARTMSG 2221:0 @!@!@
  line 26, col 22 to line 26, col 25 of module pipeline_ooo: 1626
@!@!@ENDMSG 2221 @!@!@
@!@!@STARTMSG 2221:0 @!@!@
  line 27, col 22 to line 27, col 25 of module pipeline_ooo: 7532
@!@!@ENDMSG 2221 @!@!@
@!@!@STARTMSG 2221:0 @!@!@
  line 34, col 28 to line 34, col 37 of module pipeline_ooo: 6
@!@!@ENDMSG 2221 @!@!@
@!@!@STARTMSG 2221:0 @!@!@
  line 23, col 1 to line 34, col 37 of module pipeline_ooo: 2360
@!@!@ENDMSG 2221 @!@!@
@!@!@STARTMSG 2221:0 @!@!@
  line 25, col 21 to line 25, col 23 of module pipeline_ooo: 334
@!@!@ENDMSG 2221 @!@!@
@!@!@STARTMSG 2221:0 @!@!@
  line 31, col 22 to line 31, col 25 of module pipeline_ooo: 9158
@!@!@ENDMSG 2221 @!@!@
@!@!@STARTMSG 2221:0 @!@!@
  line 23, col 1 to line 34, col 37 of module pipeline_ooo: 2690
@!@!@ENDMSG 2221 @!@!@
@!@!@STARTMSG 2221:0 @!@!@
  line 29, col 22 to line 29, col 25 of module pipeline_ooo: 7680
@!@!@ENDMSG 2221 @!@!@
@!@!@STARTMSG 2221:0 @!@!@
  line 28, col 22 to line 28, col 25 of module pipeline_ooo: 5530
@!@!@ENDMSG 2221 @!@!@
@!@!@STARTMSG 2221:0 @!@!@
  line 23, col 1 to line 34, col 37 of module pipeline_ooo: 110
@!@!@ENDMSG 2221 @!@!@
@!@!@STARTMSG 2221:0 @!@!@
  line 23, col 1 to line 34, col 37 of module pipeline_ooo: 1014
@!@!@ENDMSG 2221 @!@!@
@!@!@STARTMSG 2221:0 @!@!@
  line 23, col 1 to line 34, col 37 of module pipeline_ooo: 36
@!@!@ENDMSG 2221 @!@!@
@!@!@STARTMSG 2221:0 @!@!@
  line 30, col 23 to line 30, col 27 of module pipeline_ooo: 1832
@!@!@ENDMSG 2221 @!@!@
@!@!@STARTMSG 2221:0 @!@!@
  line 33, col 24 to line 33, col 29 of module pipeline_ooo: 1428
@!@!@ENDMSG 2221 @!@!@
@!@!@STARTMSG 2221:0 @!@!@
  line 88, col 18 to line 88, col 42 of module pipeline_exec_ooo: 56
@!@!@ENDMSG 2221 @!@!@
@!@!@STARTMSG 2221:0 @!@!@
  |line 88, col 18 to line 88, col 27 of module pipeline_exec_ooo: 56
@!@!@ENDMSG 2221 @!@!@
@!@!@STARTMSG 2221:0 @!@!@
  ||line 88, col 19 to line 88, col 27 of module pipeline_exec_ooo: 56
@!@!@ENDMSG 2221 @!@!@
@!@!@STARTMSG 2221:0 @!@!@
  |||line 26, col 14 to line 26, col 67 of module pipeline_exec_ooo: 56
@!@!@ENDMSG 2221 @!@!@
@!@!@STARTMSG 2221:0 @!@!@
  ||||line 26, col 37 to line 26, col 67 of module pipeline_exec_ooo: 112
@!@!@ENDMSG 2221 @!@!@
@!@!@STARTMSG 2221:0 @!@!@
  ||||line 26, col 23 to line 26, col 34 of module pipeline_exec_ooo: 56
@!@!@ENDMSG 2221 @!@!@
@!@!@STARTMSG 2221:0 @!@!@
  |line 88, col 32 to line 88, col 42 of module pipeline_exec_ooo: 56
@!@!@ENDMSG 2221 @!@!@
@!@!@STARTMSG 2221:0 @!@!@
  ||line 88, col 33 to line 88, col 42 of module pipeline_exec_ooo: 56
@!@!@ENDMSG 2221 @!@!@
@!@!@STARTMSG 2221:0 @!@!@
  |||line 49, col 15 to line 50, col 24 of module pipeline_exec_ooo: 56
@!@!@ENDMSG 2221 @!@!@
@!@!@STARTMSG 2221:0 @!@!@
  ||||line 49, col 18 to line 49, col 44 of module pipeline_exec_ooo: 56
@!@!@ENDMSG 2221 @!@!@
@!@!@STARTMSG 2221:0 @!@!@
  |||||line 49, col 36 to line 49, col 44 of module pipeline_exec_ooo: 224
@!@!@ENDMSG 2221 @!@!@
@!@!@STARTMSG 2221:0 @!@!@
  |||||line 49, col 27 to line 49, col 33 of module pipeline_exec_ooo: 56
@!@!@ENDMSG 2221 @!@!@
@!@!@STARTMSG 2221:0 @!@!@
  ||||line 50, col 18 to line 50, col 24 of module pipeline_exec_ooo: 56
@!@!@ENDMSG 2221 @!@!@
@!@!@STARTMSG 2221:0 @!@!@
  line 91, col 21 to line 91, col 64 of module pipeline_exec_ooo: 55
@!@!@ENDMSG 2221 @!@!@
@!@!@STARTMSG 2775:0 @!@!@
  |line 91, col 28 to line 91, col 64 of module pipeline_exec_ooo: 56:112
@!@!@ENDMSG 2775 @!@!@
@!@!@STARTMSG 2221:0 @!@!@
  ||line 91, col 36 to line 91, col 47 of module pipeline_exec_ooo: 56
@!@!@ENDMSG 2221 @!@!@
@!@!@STARTMSG 2221:0 @!@!@
  line 93, col 48 to line 93, col 75 of module pipeline_exec_ooo: 110
@!@!@ENDMSG 2221 @!@!@
@!@!@STARTMSG 2221:0 @!@!@
  |line 93, col 48 to line 93, col 62 of module pipeline_exec_ooo: 110
@!@!@ENDMSG 2221 @!@!@
@!@!@STARTMSG 2221:0 @!@!@
  ||line 93, col 48 to line 93, col 58 of module pipeline_exec_ooo: 110
@!@!@ENDMSG 2221 @!@!@
@!@!@STARTMSG 2221:0 @!@!@
  |||line 15, col 14 to line 15, col 57 of module instructions_ooo: 110
@!@!@ENDMSG 2221 @!@!@
@!@!@STARTMSG 2221:0 @!@!@
  ||||line 15, col 17 to line 15, col 29 of module instructions_ooo: 110
@!@!@ENDMSG 2221 @!@!@
@!@!@STARTMSG 2221:0 @!@!@
  ||||line 15, col 36 to line 15, col 46 of module instructions_ooo: 12
@!@!@ENDMSG 2221 @!@!@
@!@!@STARTMSG 2221:0 @!@!@
  ||||line 15, col 53 to line 15, col 57 of module instructions_ooo: 98
@!@!@ENDMSG 2221 @!@!@
@!@!@STARTMSG 2221:0 @!@!@
  |||line 93, col 54 to line 93, col 57 of module pipeline_exec_ooo: 110
@!@!@ENDMSG 2221 @!@!@
@!@!@STARTMSG 2221:0 @!@!@
  |line 93, col 68 to line 93, col 75 of module pipeline_exec_ooo: 110
@!@!@ENDMSG 2221 @!@!@
@!@!@STARTMSG 2221:0 @!@!@
  line 93, col 33 to line 93, col 44 of module pipeline_exec_ooo: 55
@!@!@ENDMSG 2221 @!@!@
@!@!@STARTMSG 2221:0 @!@!@
  line 94, col 24 to line 94, col 73 of module pipeline_exec_ooo: 0
@!@!@ENDMSG 2221 @!@!@
@!@!@STARTMSG 2221:0 @!@!@
  line 96, col 21 to line 96, col 63 of module pipeline_exec_ooo: 56
@!@!@ENDMSG 2221 @!@!@
@!@!@STARTMSG 2221:0 @!@!@
  |line 96, col 44 to line 96, col 63 of module pipeline_exec_ooo: 106
@!@!@ENDMSG 2221 @!@!@
@!@!@STARTMSG 2221:0 @!@!@
  ||line 96, col 44 to line 96, col 54 of module pipeline_exec_ooo: 106
@!@!@ENDMSG 2221 @!@!@
@!@!@STARTMSG 2221:0 @!@!@
  |||line 15, col 14 to line 15, col 57 of module instructions_ooo: 106
@!@!@ENDMSG 2221 @!@!@
@!@!@STARTMSG 2221:0 @!@!@
  ||||line 15, col 17 to line 15, col 29 of module instructions_ooo: 106
@!@!@ENDMSG 2221 @!@!@
@!@!@STARTMSG 2221:0 @!@!@
  ||||line 15, col 36 to line 15, col 46 of module instructions_ooo: 6
@!@!@ENDMSG 2221 @!@!@
@!@!@STARTMSG 2221:0 @!@!@
  ||||line 15, col 53 to line 15, col 57 of module instructions_ooo: 100
@!@!@ENDMSG 2221 @!@!@
@!@!@STARTMSG 2221:0 @!@!@
  |||line 96, col 50 to line 96, col 53 of module pipeline_exec_ooo: 106
@!@!@ENDMSG 2221 @!@!@
@!@!@STARTMSG 2221:0 @!@!@
  ||line 96, col 59 to line 96, col 63 of module pipeline_exec_ooo: 106
@!@!@ENDMSG 2221 @!@!@
@!@!@STARTMSG 2221:0 @!@!@
  |line 96, col 30 to line 96, col 41 of module pipeline_exec_ooo: 56
@!@!@ENDMSG 2221 @!@!@
@!@!@STARTMSG 2221:0 @!@!@
  line 97, col 23 to line 97, col 40 of module pipeline_exec_ooo: 6
@!@!@ENDMSG 2221 @!@!@
@!@!@STARTMSG 2221:0 @!@!@
  line 98, col 23 to line 98, col 34 of module pipeline_exec_ooo: 49
@!@!@ENDMSG 2221 @!@!@
@!@!@STARTMSG 2221:0 @!@!@
  line 99, col 23 to line 99, col 87 of module pipeline_exec_ooo: 0
@!@!@ENDMSG 2221 @!@!@
@!@!@STARTMSG 2221:0 @!@!@
  line 100, col 23 to line 100, col 34 of module pipeline_exec_ooo: 0
@!@!@ENDMSG 2221 @!@!@
@!@!@STARTMSG 2221:0 @!@!@
  line 104, col 18 to line 104, col 28 of module pipeline_exec_ooo: 56
@!@!@ENDMSG 2221 @!@!@
@!@!@STARTMSG 2221:0 @!@!@
  |line 104, col 19 to line 104, col 28 of module pipeline_exec_ooo: 56
@!@!@ENDMSG 2221 @!@!@
@!@!@STARTMSG 2221:0 @!@!@
  ||line 49, col 15 to line 50, col 24 of module pipeline_exec_ooo: 56
@!@!@ENDMSG 2221 @!@!@
@!@!@STARTMSG 2221:0 @!@!@
  |||line 49, col 18 to line 49, col 44 of module pipeline_exec_ooo: 56
@!@!@ENDMSG 2221 @!@!@
@!@!@STARTMSG 2221:0 @!@!@
  ||||line 49, col 36 to line 49, col 44 of module pipeline_exec_ooo: 224
@!@!@ENDMSG 2221 @!@!@
@!@!@STARTMSG 2221:0 @!@!@
  ||||line 49, col 27 to line 49, col 33 of module pipeline_exec_ooo: 56
@!@!@ENDMSG 2221 @!@!@
@!@!@STARTMSG 2221:0 @!@!@
  |||line 50, col 18 to line 50, col 24 of module pipeline_exec_ooo: 56
@!@!@ENDMSG 2221 @!@!@
@!@!@STARTMSG 2221:0 @!@!@
  line 104, col 35 to line 104, col 76 of module pipeline_exec_ooo: 55
@!@!@ENDMSG 2221 @!@!@
@!@!@STARTMSG 2775:0 @!@!@
  |line 104, col 42 to line 104, col 76 of module pipeline_exec_ooo: 56:112
@!@!@ENDMSG 2775 @!@!@
@!@!@STARTMSG 2221:0 @!@!@
  ||line 104, col 51 to line 104, col 62 of module pipeline_exec_ooo: 56
@!@!@ENDMSG 2221 @!@!@
@!@!@STARTMSG 2221:0 @!@!@
  line 105, col 20 to line 105, col 32 of module pipeline_exec_ooo: 0
@!@!@ENDMSG 2221 @!@!@
@!@!@STARTMSG 2221:0 @!@!@
  line 108, col 18 to line 108, col 28 of module pipeline_exec_ooo: 56
@!@!@ENDMSG 2221 @!@!@
@!@!@STARTMSG 2221:0 @!@!@
  |line 108, col 19 to line 108, col 28 of module pipeline_exec_ooo: 56
@!@!@ENDMSG 2221 @!@!@
@!@!@STARTMSG 2221:0 @!@!@
  ||line 49, col 15 to line 50, col 24 of module pipeline_exec_ooo: 56
@!@!@ENDMSG 2221 @!@!@
@!@!@STARTMSG 2221:0 @!@!@
  |||line 49, col 18 to line 49, col 44 of module pipeline_exec_ooo: 56
@!@!@ENDMSG 2221 @!@!@
@!@!@STARTMSG 2221:0 @!@!@
  ||||line 49, col 36 to line 49, col 44 of module pipeline_exec_ooo: 224
@!@!@ENDMSG 2221 @!@!@
@!@!@STARTMSG 2221:0 @!@!@
  ||||line 49, col 27 to line 49, col 33 of module pipeline_exec_ooo: 56
@!@!@ENDMSG 2221 @!@!@
@!@!@STARTMSG 2221:0 @!@!@
  |||line 50, col 18 to line 50, col 24 of module pipeline_exec_ooo: 56
@!@!@ENDMSG 2221 @!@!@
@!@!@STARTMSG 2221:0 @!@!@
  line 109, col 20 to line 111, col 64 of module pipeline_exec_ooo: 55
@!@!@ENDMSG 2221 @!@!@
@!@!@STARTMSG 2775:0 @!@!@
  |line 109, col 27 to line 111, col 64 of module pipeline_exec_ooo: 56:224
@!@!@ENDMSG 2775 @!@!@
@!@!@STARTMSG 2221:0 @!@!@
  ||line 109, col 36 to line 109, col 42 of module pipeline_exec_ooo: 56
@!@!@ENDMSG 2221 @!@!@
@!@!@STARTMSG 2221:0 @!@!@
  line 112, col 20 to line 112, col 71 of module pipeline_exec_ooo: 0
@!@!@ENDMSG 2221 @!@!@
@!@!@STARTMSG 2221:0 @!@!@
  line 126, col 15 to line 126, col 56 of module pipeline_exec_ooo: 55
@!@!@ENDMSG 2221 @!@!@
@!@!@STARTMSG 2221:0 @!@!@
  |line 126, col 24 to line 126, col 56 of module pipeline_exec_ooo: 56
@!@!@ENDMSG 2221 @!@!@
@!@!@STARTMSG 2221:0 @!@!@
  ||line 9, col 24 to line 9, col 122 of module pipeline_exec_ooo: 224
@!@!@ENDMSG 2221 @!@!@
@!@!@STARTMSG 2221:0 @!@!@
  |||line 9, col 27 to line 9, col 31 of module pipeline_exec_ooo: 224
@!@!@ENDMSG 2221 @!@!@
@!@!@STARTMSG 2775:0 @!@!@
  |||line 9, col 38 to line 9, col 61 of module pipeline_exec_ooo: 56:168
@!@!@ENDMSG 2775 @!@!@
@!@!@STARTMSG 2221:0 @!@!@
  ||||line 9, col 40 to line 9, col 44 of module pipeline_exec_ooo: 56
@!@!@ENDMSG 2221 @!@!@
@!@!@STARTMSG 2775:0 @!@!@
  ||||line 9, col 54 to line 9, col 59 of module pipeline_exec_ooo: 22148:1344
@!@!@ENDMSG 2775 @!@!@
@!@!@STARTMSG 2775:0 @!@!@
  |||line 9, col 68 to line 9, col 122 of module pipeline_exec_ooo: 168:447
@!@!@ENDMSG 2775 @!@!@
@!@!@STARTMSG 2221:0 @!@!@
  ||||line 9, col 70 to line 9, col 79 of module pipeline_exec_ooo: 168
@!@!@ENDMSG 2221 @!@!@
@!@!@STARTMSG 2221:0 @!@!@
  ||||line 9, col 89 to line 9, col 106 of module pipeline_exec_ooo: 168
@!@!@ENDMSG 2221 @!@!@
@!@!@STARTMSG 2775:0 @!@!@
  ||||line 9, col 115 to line 9, col 120 of module pipeline_exec_ooo: 96150:5086
@!@!@ENDMSG 2775 @!@!@
@!@!@STARTMSG 2221:0 @!@!@
  |||||line 9, col 119 to line 9, col 119 of module pipeline_exec_ooo: 168
@!@!@ENDMSG 2221 @!@!@
@!@!@STARTMSG 2221:0 @!@!@
  ||line 126, col 44 to line 126, col 49 of module pipeline_exec_ooo: 212
@!@!@ENDMSG 2221 @!@!@
@!@!@STARTMSG 2221:0 @!@!@
  |||line 115, col 29 to line 125, col 68 of module pipeline_exec_ooo: 212
@!@!@ENDMSG 2221 @!@!@
@!@!@STARTMSG 2221:0 @!@!@
  ||||line 115, col 32 to line 115, col 44 of module pipeline_exec_ooo: 212
@!@!@ENDMSG 2221 @!@!@
@!@!@STARTMSG 2221:0 @!@!@
  ||||line 116, col 49 to line 117, col 135 of module pipeline_exec_ooo: 182
@!@!@ENDMSG 2221 @!@!@
@!@!@STARTMSG 2221:0 @!@!@
  |||||line 116, col 52 to line 116, col 67 of module pipeline_exec_ooo: 182
@!@!@ENDMSG 2221 @!@!@
@!@!@STARTMSG 2221:0 @!@!@
  ||||||line 116, col 52 to line 116, col 59 of module pipeline_exec_ooo: 182
@!@!@ENDMSG 2221 @!@!@
@!@!@STARTMSG 2221:0 @!@!@
  |||||||line 53, col 13 to line 72, col 42 of module pipeline_exec_ooo: 182
@!@!@ENDMSG 2221 @!@!@
@!@!@STARTMSG 2221:0 @!@!@
  ||||||||line 53, col 16 to line 53, col 27 of module pipeline_exec_ooo: 182
@!@!@ENDMSG 2221 @!@!@
@!@!@STARTMSG 2221:0 @!@!@
  ||||||||line 59, col 35 to line 61, col 36 of module pipeline_exec_ooo: 182
@!@!@ENDMSG 2221 @!@!@
@!@!@STARTMSG 2221:0 @!@!@
  |||||||||line 8, col 11 to line 8, col 68 of module instructions_ooo: 182
@!@!@ENDMSG 2221 @!@!@
@!@!@STARTMSG 2221:0 @!@!@
  ||||||||||line 8, col 14 to line 8, col 19 of module instructions_ooo: 182
@!@!@ENDMSG 2221 @!@!@
@!@!@STARTMSG 2221:0 @!@!@
  ||||||||||line 8, col 33 to line 8, col 68 of module instructions_ooo: 9
@!@!@ENDMSG 2221 @!@!@
@!@!@STARTMSG 2775:0 @!@!@
  |||||||||line 59, col 39 to line 61, col 35 of module pipeline_exec_ooo: 182:27
@!@!@ENDMSG 2775 @!@!@
@!@!@STARTMSG 2221:0 @!@!@
  ||||||||||line 59, col 41 to line 59, col 52 of module pipeline_exec_ooo: 9
@!@!@ENDMSG 2221 @!@!@
@!@!@STARTMSG 2221:0 @!@!@
  |||||||||||line 41, col 21 to line 41, col 73 of module pipeline_exec_ooo: 9
@!@!@ENDMSG 2221 @!@!@
@!@!@STARTMSG 2221:0 @!@!@
  ||||||||||||line 41, col 54 to line 41, col 73 of module pipeline_exec_ooo: 24
@!@!@ENDMSG 2221 @!@!@
@!@!@STARTMSG 2221:0 @!@!@
  ||||||||||||line 41, col 34 to line 41, col 50 of module pipeline_exec_ooo: 9
@!@!@ENDMSG 2221 @!@!@
@!@!@STARTMSG 2221:0 @!@!@
  |||||||||||line 59, col 51 to line 59, col 51 of module pipeline_exec_ooo: 9
@!@!@ENDMSG 2221 @!@!@
@!@!@STARTMSG 2775:0 @!@!@
  ||||||||||line 60, col 37 to line 60, col 155 of module pipeline_exec_ooo: 182:191
@!@!@ENDMSG 2775 @!@!@
@!@!@STARTMSG 2221:0 @!@!@
  |||||||||||line 60, col 53 to line 60, col 153 of module pipeline_exec_ooo: 20
@!@!@ENDMSG 2221 @!@!@
@!@!@STARTMSG 2221:0 @!@!@
  ||||||||||||line 60, col 91 to line 60, col 153 of module pipeline_exec_ooo: 37
@!@!@ENDMSG 2221 @!@!@
@!@!@STARTMSG 2221:0 @!@!@
  |||||||||||||line 60, col 91 to line 60, col 135 of module pipeline_exec_ooo: 37
@!@!@ENDMSG 2221 @!@!@
@!@!@STARTMSG 2221:0 @!@!@
  |||||||||||||line 60, col 140 to line 60, col 153 of module pipeline_exec_ooo: 19
@!@!@ENDMSG 2221 @!@!@
@!@!@STARTMSG 2221:0 @!@!@
  ||||||||||||||line 60, col 140 to line 60, col 144 of module pipeline_exec_ooo: 19
@!@!@ENDMSG 2221 @!@!@
@!@!@STARTMSG 2221:0 @!@!@
  ||||||||||||||line 60, col 150 to line 60, col 153 of module pipeline_exec_ooo: 19
@!@!@ENDMSG 2221 @!@!@
@!@!@STARTMSG 2221:0 @!@!@
  |||||||||||||||line 30, col 9 to line 31, col 102 of module pipeline_exec_ooo: 19
@!@!@ENDMSG 2221 @!@!@
@!@!@STARTMSG 2221:0 @!@!@
  ||||||||||||||||line 30, col 36 to line 31, col 100 of module pipeline_exec_ooo: 61
@!@!@ENDMSG 2221 @!@!@
@!@!@STARTMSG 2221:0 @!@!@
  |||||||||||||||||line 30, col 39 to line 30, col 53 of module pipeline_exec_ooo: 61
@!@!@ENDMSG 2221 @!@!@
@!@!@STARTMSG 2221:0 @!@!@
  |||||||||||||||||line 31, col 39 to line 31, col 100 of module pipeline_exec_ooo: 53
@!@!@ENDMSG 2221 @!@!@
@!@!@STARTMSG 2221:0 @!@!@
  ||||||||||||||||||line 31, col 57 to line 31, col 100 of module pipeline_exec_ooo: 180
@!@!@ENDMSG 2221 @!@!@
@!@!@STARTMSG 2221:0 @!@!@
  |||||||||||||||||||line 31, col 57 to line 31, col 83 of module pipeline_exec_ooo: 180
@!@!@ENDMSG 2221 @!@!@
@!@!@STARTMSG 2221:0 @!@!@
  |||||||||||||||||||line 31, col 88 to line 31, col 100 of module pipeline_exec_ooo: 22
@!@!@ENDMSG 2221 @!@!@
@!@!@STARTMSG 2221:0 @!@!@
  ||||||||||||||||||line 31, col 48 to line 31, col 54 of module pipeline_exec_ooo: 53
@!@!@ENDMSG 2221 @!@!@
@!@!@STARTMSG 2221:0 @!@!@
  ||||||||||||||||line 30, col 17 to line 30, col 33 of module pipeline_exec_ooo: 19
@!@!@ENDMSG 2221 @!@!@
@!@!@STARTMSG 2221:0 @!@!@
  ||||||||||||line 60, col 66 to line 60, col 88 of module pipeline_exec_ooo: 20
@!@!@ENDMSG 2221 @!@!@
@!@!@STARTMSG 2221:0 @!@!@
  |||||||||||||line 60, col 66 to line 60, col 72 of module pipeline_exec_ooo: 20
@!@!@ENDMSG 2221 @!@!@
@!@!@STARTMSG 2221:0 @!@!@
  |||||||||||||line 60, col 75 to line 60, col 88 of module pipeline_exec_ooo: 20
@!@!@ENDMSG 2221 @!@!@
@!@!@STARTMSG 2221:0 @!@!@
  ||||||||||||||line 60, col 75 to line 60, col 86 of module pipeline_exec_ooo: 20
@!@!@ENDMSG 2221 @!@!@
@!@!@STARTMSG 2221:0 @!@!@
  |||||||||||||||line 41, col 21 to line 41, col 73 of module pipeline_exec_ooo: 20
@!@!@ENDMSG 2221 @!@!@
@!@!@STARTMSG 2221:0 @!@!@
  ||||||||||||||||line 41, col 54 to line 41, col 73 of module pipeline_exec_ooo: 57
@!@!@ENDMSG 2221 @!@!@
@!@!@STARTMSG 2221:0 @!@!@
  ||||||||||||||||line 41, col 34 to line 41, col 50 of module pipeline_exec_ooo: 20
@!@!@ENDMSG 2221 @!@!@
@!@!@STARTMSG 2221:0 @!@!@
  |||||||||||||||line 60, col 85 to line 60, col 85 of module pipeline_exec_ooo: 20
@!@!@ENDMSG 2221 @!@!@
@!@!@STARTMSG 2221:0 @!@!@
  |||||||||||line 60, col 45 to line 60, col 50 of module pipeline_exec_ooo: 182
@!@!@ENDMSG 2221 @!@!@
@!@!@STARTMSG 2221:0 @!@!@
  ||||||||line 62, col 17 to line 72, col 42 of module pipeline_exec_ooo: 182
@!@!@ENDMSG 2221 @!@!@
@!@!@STARTMSG 2221:0 @!@!@
  |||||||||line 62, col 20 to line 62, col 33 of module pipeline_exec_ooo: 182
@!@!@ENDMSG 2221 @!@!@
@!@!@STARTMSG 2221:0 @!@!@
  |||||||||line 63, col 22 to line 71, col 67 of module pipeline_exec_ooo: 173
@!@!@ENDMSG 2221 @!@!@
@!@!@STARTMSG 2221:0 @!@!@
  ||||||||||line 63, col 25 to line 63, col 34 of module pipeline_exec_ooo: 173
@!@!@ENDMSG 2221 @!@!@
@!@!@STARTMSG 2221:0 @!@!@
  |||||||||||line 49, col 15 to line 50, col 24 of module pipeline_exec_ooo: 173
@!@!@ENDMSG 2221 @!@!@
@!@!@STARTMSG 2221:0 @!@!@
  ||||||||||||line 49, col 18 to line 49, col 44 of module pipeline_exec_ooo: 173
@!@!@ENDMSG 2221 @!@!@
@!@!@STARTMSG 2221:0 @!@!@
  |||||||||||||line 49, col 36 to line 49, col 44 of module pipeline_exec_ooo: 692
@!@!@ENDMSG 2221 @!@!@
@!@!@STARTMSG 2221:0 @!@!@
  |||||||||||||line 49, col 27 to line 49, col 33 of module pipeline_exec_ooo: 173
@!@!@ENDMSG 2221 @!@!@
@!@!@STARTMSG 2221:0 @!@!@
  ||||||||||||line 50, col 18 to line 50, col 24 of module pipeline_exec_ooo: 173
@!@!@ENDMSG 2221 @!@!@
@!@!@STARTMSG 2221:0 @!@!@
  ||||||||||line 65, col 41 to line 70, col 46 of module pipeline_exec_ooo: 173
@!@!@ENDMSG 2221 @!@!@
@!@!@STARTMSG 2221:0 @!@!@
  |||||||||||line 8, col 11 to line 8, col 68 of module instructions_ooo: 173
@!@!@ENDMSG 2221 @!@!@
@!@!@STARTMSG 2221:0 @!@!@
  ||||||||||||line 8, col 14 to line 8, col 19 of module instructions_ooo: 173
@!@!@ENDMSG 2221 @!@!@
@!@!@STARTMSG 2221:0 @!@!@
  ||||||||||||line 8, col 33 to line 8, col 68 of module instructions_ooo: 6
@!@!@ENDMSG 2221 @!@!@
@!@!@STARTMSG 2775:0 @!@!@
  |||||||||||line 65, col 45 to line 70, col 45 of module pipeline_exec_ooo: 173:18
@!@!@ENDMSG 2775 @!@!@
@!@!@STARTMSG 2221:0 @!@!@
  ||||||||||||line 66, col 47 to line 69, col 58 of module pipeline_exec_ooo: 346
@!@!@ENDMSG 2221 @!@!@
@!@!@STARTMSG 2221:0 @!@!@
  |||||||||||||line 66, col 47 to line 66, col 52 of module pipeline_exec_ooo: 346
@!@!@ENDMSG 2221 @!@!@
@!@!@STARTMSG 2221:0 @!@!@
  |||||||||||||line 66, col 58 to line 69, col 58 of module pipeline_exec_ooo: 346
@!@!@ENDMSG 2221 @!@!@
@!@!@STARTMSG 2221:0 @!@!@
  ||||||||||||||line 67, col 61 to line 68, col 111 of module pipeline_exec_ooo: 20
@!@!@ENDMSG 2221 @!@!@
@!@!@STARTMSG 2221:0 @!@!@
  |||||||||||||||line 67, col 64 to line 67, col 158 of module pipeline_exec_ooo: 20
@!@!@ENDMSG 2221 @!@!@
@!@!@STARTMSG 2221:0 @!@!@
  ||||||||||||||||line 67, col 96 to line 67, col 158 of module pipeline_exec_ooo: 16
@!@!@ENDMSG 2221 @!@!@
@!@!@STARTMSG 2221:0 @!@!@
  ||||||||||||||||line 67, col 77 to line 67, col 93 of module pipeline_exec_ooo: 20
@!@!@ENDMSG 2221 @!@!@
@!@!@STARTMSG 2221:0 @!@!@
  |||||||||||||||line 68, col 64 to line 68, col 111 of module pipeline_exec_ooo: 20
@!@!@ENDMSG 2221 @!@!@
@!@!@STARTMSG 2221:0 @!@!@
  ||||||||||||||||line 68, col 81 to line 68, col 111 of module pipeline_exec_ooo: 10
@!@!@ENDMSG 2221 @!@!@
@!@!@STARTMSG 2221:0 @!@!@
  ||||||||||||||||line 68, col 73 to line 68, col 78 of module pipeline_exec_ooo: 20
@!@!@ENDMSG 2221 @!@!@
@!@!@STARTMSG 2221:0 @!@!@
  ||||||||||||||line 66, col 66 to line 66, col 77 of module pipeline_exec_ooo: 346
@!@!@ENDMSG 2221 @!@!@
@!@!@STARTMSG 2775:0 @!@!@
  |||||||||||||||line 45, col 17 to line 45, col 97 of module pipeline_exec_ooo: 346:366
@!@!@ENDMSG 2775 @!@!@
@!@!@STARTMSG 2221:0 @!@!@
  ||||||||||||||||line 45, col 19 to line 45, col 24 of module pipeline_exec_ooo: 20
@!@!@ENDMSG 2221 @!@!@
@!@!@STARTMSG 2775:0 @!@!@
  ||||||||||||||||line 45, col 34 to line 45, col 95 of module pipeline_exec_ooo: 346:366
@!@!@ENDMSG 2775 @!@!@
@!@!@STARTMSG 2221:0 @!@!@
  |||||||||||||||||line 45, col 57 to line 45, col 93 of module pipeline_exec_ooo: 692
@!@!@ENDMSG 2221 @!@!@
@!@!@STARTMSG 2221:0 @!@!@
  ||||||||||||||||||line 45, col 57 to line 45, col 72 of module pipeline_exec_ooo: 692
@!@!@ENDMSG 2221 @!@!@
@!@!@STARTMSG 2221:0 @!@!@
  ||||||||||||||||||line 45, col 77 to line 45, col 93 of module pipeline_exec_ooo: 96
@!@!@ENDMSG 2221 @!@!@
@!@!@STARTMSG 2221:0 @!@!@
  |||||||||||||||||||line 45, col 77 to line 45, col 89 of module pipeline_exec_ooo: 96
@!@!@ENDMSG 2221 @!@!@
@!@!@STARTMSG 2221:0 @!@!@
  ||||||||||||||||||||line 44, col 37 to line 44, col 337 of module pipeline_exec_ooo: 96
@!@!@ENDMSG 2221 @!@!@
@!@!@STARTMSG 2221:0 @!@!@
  |||||||||||||||||||||line 44, col 42 to line 44, col 67 of module pipeline_exec_ooo: 96
@!@!@ENDMSG 2221 @!@!@
@!@!@STARTMSG 2221:0 @!@!@
  |||||||||||||||||||||line 44, col 72 to line 44, col 147 of module pipeline_exec_ooo: 48
@!@!@ENDMSG 2221 @!@!@
@!@!@STARTMSG 2221:0 @!@!@
  ||||||||||||||||||||line 45, col 83 to line 45, col 88 of module pipeline_exec_ooo: 96
@!@!@ENDMSG 2221 @!@!@
@!@!@STARTMSG 2221:0 @!@!@
  |||||||||||||||||||line 45, col 93 to line 45, col 93 of module pipeline_exec_ooo: 96
@!@!@ENDMSG 2221 @!@!@
@!@!@STARTMSG 2221:0 @!@!@
  |||||||||||||||||line 45, col 42 to line 45, col 53 of module pipeline_exec_ooo: 346
@!@!@ENDMSG 2221 @!@!@
@!@!@STARTMSG 2221:0 @!@!@
  |||||||||||||||line 66, col 76 to line 66, col 76 of module pipeline_exec_ooo: 48
@!@!@ENDMSG 2221 @!@!@
@!@!@STARTMSG 2221:0 @!@!@
  ||||||||||||line 65, col 53 to line 65, col 64 of module pipeline_exec_ooo: 173
@!@!@ENDMSG 2221 @!@!@
@!@!@STARTMSG 2221:0 @!@!@
  ||||||||||line 71, col 27 to line 71, col 67 of module pipeline_exec_ooo: 173
@!@!@ENDMSG 2221 @!@!@
@!@!@STARTMSG 2221:0 @!@!@
  |||||||||||line 71, col 30 to line 71, col 39 of module pipeline_exec_ooo: 173
@!@!@ENDMSG 2221 @!@!@
@!@!@STARTMSG 2221:0 @!@!@
  |||||||||||line 71, col 46 to line 71, col 50 of module pipeline_exec_ooo: 167
@!@!@ENDMSG 2221 @!@!@
@!@!@STARTMSG 2221:0 @!@!@
  |||||||||||line 71, col 57 to line 71, col 67 of module pipeline_exec_ooo: 6
@!@!@ENDMSG 2221 @!@!@
@!@!@STARTMSG 2221:0 @!@!@
  |||||||||line 72, col 22 to line 72, col 42 of module pipeline_exec_ooo: 9
@!@!@ENDMSG 2221 @!@!@
@!@!@STARTMSG 2221:0 @!@!@
  |||||||line 116, col 58 to line 116, col 58 of module pipeline_exec_ooo: 182
@!@!@ENDMSG 2221 @!@!@
@!@!@STARTMSG 2221:0 @!@!@
  ||||||line 116, col 63 to line 116, col 67 of module pipeline_exec_ooo: 182
@!@!@ENDMSG 2221 @!@!@
@!@!@STARTMSG 2221:0 @!@!@
  |||||line 117, col 54 to line 117, col 135 of module pipeline_exec_ooo: 15
@!@!@ENDMSG 2221 @!@!@
@!@!@STARTMSG 2221:0 @!@!@
  ||||||line 117, col 57 to line 117, col 84 of module pipeline_exec_ooo: 15
@!@!@ENDMSG 2221 @!@!@
@!@!@STARTMSG 2221:0 @!@!@
  |||||||line 117, col 57 to line 117, col 69 of module pipeline_exec_ooo: 15
@!@!@ENDMSG 2221 @!@!@
@!@!@STARTMSG 2221:0 @!@!@
  ||||||||line 117, col 57 to line 117, col 64 of module pipeline_exec_ooo: 15
@!@!@ENDMSG 2221 @!@!@
@!@!@STARTMSG 2221:0 @!@!@
  |||||||||line 53, col 13 to line 72, col 42 of module pipeline_exec_ooo: 15
@!@!@ENDMSG 2221 @!@!@
@!@!@STARTMSG 2221:0 @!@!@
  ||||||||||line 53, col 16 to line 53, col 27 of module pipeline_exec_ooo: 15
@!@!@ENDMSG 2221 @!@!@
@!@!@STARTMSG 2221:0 @!@!@
  ||||||||||line 59, col 35 to line 61, col 36 of module pipeline_exec_ooo: 15
@!@!@ENDMSG 2221 @!@!@
@!@!@STARTMSG 2221:0 @!@!@
  |||||||||||line 8, col 11 to line 8, col 68 of module instructions_ooo: 15
@!@!@ENDMSG 2221 @!@!@
@!@!@STARTMSG 2221:0 @!@!@
  ||||||||||||line 8, col 14 to line 8, col 19 of module instructions_ooo: 15
@!@!@ENDMSG 2221 @!@!@
@!@!@STARTMSG 2221:0 @!@!@
  ||||||||||||line 8, col 33 to line 8, col 68 of module instructions_ooo: 9
@!@!@ENDMSG 2221 @!@!@
@!@!@STARTMSG 2775:0 @!@!@
  |||||||||||line 59, col 39 to line 61, col 35 of module pipeline_exec_ooo: 15:27
@!@!@ENDMSG 2775 @!@!@
@!@!@STARTMSG 2221:0 @!@!@
  ||||||||||||line 59, col 41 to line 59, col 52 of module pipeline_exec_ooo: 9
@!@!@ENDMSG 2221 @!@!@
@!@!@STARTMSG 2221:0 @!@!@
  |||||||||||||line 41, col 21 to line 41, col 73 of module pipeline_exec_ooo: 9
@!@!@ENDMSG 2221 @!@!@
@!@!@STARTMSG 2221:0 @!@!@
  ||||||||||||||line 41, col 54 to line 41, col 73 of module pipeline_exec_ooo: 24
@!@!@ENDMSG 2221 @!@!@
@!@!@STARTMSG 2221:0 @!@!@
  ||||||||||||||line 41, col 34 to line 41, col 50 of module pipeline_exec_ooo: 9
@!@!@ENDMSG 2221 @!@!@
@!@!@STARTMSG 2221:0 @!@!@
  |||||||||||||line 59, col 51 to line 59, col 51 of module pipeline_exec_ooo: 9
@!@!@ENDMSG 2221 @!@!@
@!@!@STARTMSG 2775:0 @!@!@
  ||||||||||||line 60, col 37 to line 60, col 155 of module pipeline_exec_ooo: 15:24
@!@!@ENDMSG 2775 @!@!@
@!@!@STARTMSG 2221:0 @!@!@
  |||||||||||||line 60, col 53 to line 60, col 153 of module pipeline_exec_ooo: 12
@!@!@ENDMSG 2221 @!@!@
@!@!@STARTMSG 2221:0 @!@!@
  ||||||||||||||line 60, col 91 to line 60, col 153 of module pipeline_exec_ooo: 18
@!@!@ENDMSG 2221 @!@!@
@!@!@STARTMSG 2221:0 @!@!@
  |||||||||||||||line 60, col 91 to line 60, col 135 of module pipeline_exec_ooo: 18
@!@!@ENDMSG 2221 @!@!@
@!@!@STARTMSG 2221:0 @!@!@
  |||||||||||||||line 60, col 140 to line 60, col 153 of module pipeline_exec_ooo: 11
@!@!@ENDMSG 2221 @!@!@
@!@!@STARTMSG 2221:0 @!@!@
  ||||||||||||||||line 60, col 140 to line 60, col 144 of module pipeline_exec_ooo: 11
@!@!@ENDMSG 2221 @!@!@
@!@!@STARTMSG 2221:0 @!@!@
  ||||||||||||||||line 60, col 150 to line 60, col 153 of module pipeline_exec_ooo: 11
@!@!@ENDMSG 2221 @!@!@
@!@!@STARTMSG 2221:0 @!@!@
  |||||||||||||||||line 30, col 9 to line 31, col 102 of module pipeline_exec_ooo: 11
@!@!@ENDMSG 2221 @!@!@
@!@!@STARTMSG 2221:0 @!@!@
  ||||||||||||||||||line 30, col 36 to line 31, col 100 of module pipeline_exec_ooo: 34
@!@!@ENDMSG 2221 @!@!@
@!@!@STARTMSG 2221:0 @!@!@
  |||||||||||||||||||line 30, col 39 to line 30, col 53 of module pipeline_exec_ooo: 34
@!@!@ENDMSG 2221 @!@!@
@!@!@STARTMSG 2221:0 @!@!@
  |||||||||||||||||||line 31, col 39 to line 31, col 100 of module pipeline_exec_ooo: 28
@!@!@ENDMSG 2221 @!@!@
@!@!@STARTMSG 2221:0 @!@!@
  ||||||||||||||||||||line 31, col 57 to line 31, col 100 of module pipeline_exec_ooo: 89
@!@!@ENDMSG 2221 @!@!@
@!@!@STARTMSG 2221:0 @!@!@
  |||||||||||||||||||||line 31, col 57 to line 31, col 83 of module pipeline_exec_ooo: 89
@!@!@ENDMSG 2221 @!@!@
@!@!@STARTMSG 2221:0 @!@!@
  |||||||||||||||||||||line 31, col 88 to line 31, col 100 of module pipeline_exec_ooo: 11
@!@!@ENDMSG 2221 @!@!@
@!@!@STARTMSG 2221:0 @!@!@
  ||||||||||||||||||||line 31, col 48 to line 31, col 54 of module pipeline_exec_ooo: 28
@!@!@ENDMSG 2221 @!@!@
@!@!@STARTMSG 2221:0 @!@!@
  ||||||||||||||||||line 30, col 17 to line 30, col 33 of module pipeline_exec_ooo: 11
@!@!@ENDMSG 2221 @!@!@
@!@!@STARTMSG 2221:0 @!@!@
  ||||||||||||||line 60, col 66 to line 60, col 88 of module pipeline_exec_ooo: 12
@!@!@ENDMSG 2221 @!@!@
@!@!@STARTMSG 2221:0 @!@!@
  |||||||||||||||line 60, col 66 to line 60, col 72 of module pipeline_exec_ooo: 12
@!@!@ENDMSG 2221 @!@!@
@!@!@STARTMSG 2221:0 @!@!@
  |||||||||||||||line 60, col 75 to line 60, col 88 of module pipeline_exec_ooo: 12
@!@!@ENDMSG 2221 @!@!@
@!@!@STARTMSG 2221:0 @!@!@
  ||||||||||||||||line 60, col 75 to line 60, col 86 of module pipeline_exec_ooo: 12
@!@!@ENDMSG 2221 @!@!@
@!@!@STARTMSG 2221:0 @!@!@
  |||||||||||||||||line 41, col 21 to line 41, col 73 of module pipeline_exec_ooo: 12
@!@!@ENDMSG 2221 @!@!@
@!@!@STARTMSG 2221:0 @!@!@
  ||||||||||||||||||line 41, col 54 to line 41, col 73 of module pipeline_exec_ooo: 30
@!@!@ENDMSG 2221 @!@!@
@!@!@STARTMSG 2221:0 @!@!@
  ||||||||||||||||||line 41, col 34 to line 41, col 50 of module pipeline_exec_ooo: 12
@!@!@ENDMSG 2221 @!@!@
@!@!@STARTMSG 2221:0 @!@!@
  |||||||||||||||||line 60, col 85 to line 60, col 85 of module pipeline_exec_ooo: 12
@!@!@ENDMSG 2221 @!@!@
@!@!@STARTMSG 2221:0 @!@!@
  |||||||||||||line 60, col 45 to line 60, col 50 of module pipeline_exec_ooo: 15
@!@!@ENDMSG 2221 @!@!@
@!@!@STARTMSG 2221:0 @!@!@
  ||||||||||line 62, col 17 to line 72, col 42 of module pipeline_exec_ooo: 15
@!@!@ENDMSG 2221 @!@!@
@!@!@STARTMSG 2221:0 @!@!@
  |||||||||||line 62, col 20 to line 62, col 33 of module pipeline_exec_ooo: 15
@!@!@ENDMSG 2221 @!@!@
@!@!@STARTMSG 2221:0 @!@!@
  |||||||||||line 63, col 22 to line 71, col 67 of module pipeline_exec_ooo: 6
@!@!@ENDMSG 2221 @!@!@
@!@!@STARTMSG 2221:0 @!@!@
  ||||||||||||line 63, col 25 to line 63, col 34 of module pipeline_exec_ooo: 6
@!@!@ENDMSG 2221 @!@!@
@!@!@STARTMSG 2221:0 @!@!@
  |||||||||||||line 49, col 15 to line 50, col 24 of module pipeline_exec_ooo: 6
@!@!@ENDMSG 2221 @!@!@
@!@!@STARTMSG 2221:0 @!@!@
  ||||||||||||||line 49, col 18 to line 49, col 44 of module pipeline_exec_ooo: 6
@!@!@ENDMSG 2221 @!@!@
@!@!@STARTMSG 2221:0 @!@!@
  |||||||||||||||line 49, col 36 to line 49, col 44 of module pipeline_exec_ooo: 24
@!@!@ENDMSG 2221 @!@!@
@!@!@STARTMSG 2221:0 @!@!@
  |||||||||||||||line 49, col 27 to line 49, col 33 of module pipeline_exec_ooo: 6
@!@!@ENDMSG 2221 @!@!@
@!@!@STARTMSG 2221:0 @!@!@
  ||||||||||||||line 50, col 18 to line 50, col 24 of module pipeline_exec_ooo: 6
@!@!@ENDMSG 2221 @!@!@
@!@!@STARTMSG 2221:0 @!@!@
  ||||||||||||line 65, col 41 to line 70, col 46 of module pipeline_exec_ooo: 6
@!@!@ENDMSG 2221 @!@!@
@!@!@STARTMSG 2221:0 @!@!@
  |||||||||||||line 8, col 11 to line 8, col 68 of module instructions_ooo: 6
@!@!@ENDMSG 2221 @!@!@
@!@!@STARTMSG 2775:0 @!@!@
  |||||||||||||line 65, col 45 to line 70, col 45 of module pipeline_exec_ooo: 6:18
@!@!@ENDMSG 2775 @!@!@
@!@!@STARTMSG 2221:0 @!@!@
  ||||||||||||||line 66, col 47 to line 69, col 58 of module pipeline_exec_ooo: 12
@!@!@ENDMSG 2221 @!@!@
@!@!@STARTMSG 2221:0 @!@!@
  |||||||||||||||line 66, col 47 to line 66, col 52 of module pipeline_exec_ooo: 12
@!@!@ENDMSG 2221 @!@!@
@!@!@STARTMSG 2221:0 @!@!@
  |||||||||||||||line 66, col 58 to line 69, col 58 of module pipeline_exec_ooo: 12
@!@!@ENDMSG 2221 @!@!@
@!@!@STARTMSG 2221:0 @!@!@
  ||||||||||||||||line 67, col 61 to line 68, col 111 of module pipeline_exec_ooo: 12
@!@!@ENDMSG 2221 @!@!@
@!@!@STARTMSG 2221:0 @!@!@
  |||||||||||||||||line 67, col 64 to line 67, col 158 of module pipeline_exec_ooo: 12
@!@!@ENDMSG 2221 @!@!@
@!@!@STARTMSG 2221:0 @!@!@
  |||||||||||||||||line 68, col 64 to line 68, col 111 of module pipeline_exec_ooo: 12
@!@!@ENDMSG 2221 @!@!@
@!@!@STARTMSG 2221:0 @!@!@
  ||||||||||||||||||line 68, col 81 to line 68, col 111 of module pipeline_exec_ooo: 6
@!@!@ENDMSG 2221 @!@!@
@!@!@STARTMSG 2221:0 @!@!@
  ||||||||||||||||||line 68, col 73 to line 68, col 78 of module pipeline_exec_ooo: 12
@!@!@ENDMSG 2221 @!@!@
@!@!@STARTMSG 2221:0 @!@!@
  ||||||||||||||||line 66, col 66 to line 66, col 77 of module pipeline_exec_ooo: 12
@!@!@ENDMSG 2221 @!@!@
@!@!@STARTMSG 2775:0 @!@!@
  |||||||||||||||||line 45, col 17 to line 45, col 97 of module pipeline_exec_ooo: 12:24
@!@!@ENDMSG 2775 @!@!@
@!@!@STARTMSG 2221:0 @!@!@
  ||||||||||||||||||line 45, col 19 to line 45, col 24 of module pipeline_exec_ooo: 12
@!@!@ENDMSG 2221 @!@!@
@!@!@STARTMSG 2775:0 @!@!@
  ||||||||||||||||||line 45, col 34 to line 45, col 95 of module pipeline_exec_ooo: 12:24
@!@!@ENDMSG 2775 @!@!@
@!@!@STARTMSG 2221:0 @!@!@
  |||||||||||||||||||line 45, col 57 to line 45, col 93 of module pipeline_exec_ooo: 24
@!@!@ENDMSG 2221 @!@!@
@!@!@STARTMSG 2221:0 @!@!@
  ||||||||||||||||||||line 45, col 57 to line 45, col 72 of module pipeline_exec_ooo: 24
@!@!@ENDMSG 2221 @!@!@
@!@!@STARTMSG 2221:0 @!@!@
  ||||||||||||||||||||line 45, col 77 to line 45, col 93 of module pipeline_exec_ooo: 24
@!@!@ENDMSG 2221 @!@!@
@!@!@STARTMSG 2221:0 @!@!@
  |||||||||||||||||||||line 45, col 77 to line 45, col 89 of module pipeline_exec_ooo: 24
@!@!@ENDMSG 2221 @!@!@
@!@!@STARTMSG 2221:0 @!@!@
  ||||||||||||||||||||||line 44, col 37 to line 44, col 337 of module pipeline_exec_ooo: 24
@!@!@ENDMSG 2221 @!@!@
@!@!@STARTMSG 2221:0 @!@!@
  |||||||||||||||||||||||line 44, col 42 to line 44, col 67 of module pipeline_exec_ooo: 24
@!@!@ENDMSG 2221 @!@!@
@!@!@STARTMSG 2221:0 @!@!@
  |||||||||||||||||||||||line 44, col 72 to line 44, col 147 of module pipeline_exec_ooo: 12
@!@!@ENDMSG 2221 @!@!@
@!@!@STARTMSG 2221:0 @!@!@
  ||||||||||||||||||||||line 45, col 83 to line 45, col 88 of module pipeline_exec_ooo: 24
@!@!@ENDMSG 2221 @!@!@
@!@!@STARTMSG 2221:0 @!@!@
  |||||||||||||||||||||line 45, col 93 to line 45, col 93 of module pipeline_exec_ooo: 24
@!@!@ENDMSG 2221 @!@!@
@!@!@STARTMSG 2221:0 @!@!@
  |||||||||||||||||||line 45, col 42 to line 45, col 53 of module pipeline_exec_ooo: 12
@!@!@ENDMSG 2221 @!@!@
@!@!@STARTMSG 2221:0 @!@!@
  |||||||||||||||||line 66, col 76 to line 66, col 76 of module pipeline_exec_ooo: 12
@!@!@ENDMSG 2221 @!@!@
@!@!@STARTMSG 2221:0 @!@!@
  ||||||||||||||line 65, col 53 to line 65, col 64 of module pipeline_exec_ooo: 6
@!@!@ENDMSG 2221 @!@!@
@!@!@STARTMSG 2221:0 @!@!@
  ||||||||||||line 71, col 27 to line 71, col 67 of module pipeline_exec_ooo: 6
@!@!@ENDMSG 2221 @!@!@
@!@!@STARTMSG 2221:0 @!@!@
  |||||||||||line 72, col 22 to line 72, col 42 of module pipeline_exec_ooo: 9
@!@!@ENDMSG 2221 @!@!@
@!@!@STARTMSG 2221:0 @!@!@
  |||||||||line 117, col 63 to line 117, col 63 of module pipeline_exec_ooo: 15
@!@!@ENDMSG 2221 @!@!@
@!@!@STARTMSG 2221:0 @!@!@
  |||||||line 117, col 75 to line 117, col 84 of module pipeline_exec_ooo: 15
@!@!@ENDMSG 2221 @!@!@
@!@!@STARTMSG 2221:0 @!@!@
  ||||||line 117, col 91 to line 117, col 108 of module pipeline_exec_ooo: 15
@!@!@ENDMSG 2221 @!@!@
@!@!@STARTMSG 2221:0 @!@!@
  |||||||line 117, col 91 to line 117, col 93 of module pipeline_exec_ooo: 15
@!@!@ENDMSG 2221 @!@!@
@!@!@STARTMSG 2221:0 @!@!@
  |||||||line 117, col 95 to line 117, col 107 of module pipeline_exec_ooo: 15
@!@!@ENDMSG 2221 @!@!@
@!@!@STARTMSG 2221:0 @!@!@
  ||||||||line 117, col 95 to line 117, col 102 of module pipeline_exec_ooo: 15
@!@!@ENDMSG 2221 @!@!@
@!@!@STARTMSG 2221:0 @!@!@
  |||||||||line 53, col 13 to line 72, col 42 of module pipeline_exec_ooo: 15
@!@!@ENDMSG 2221 @!@!@
@!@!@STARTMSG 2221:0 @!@!@
  ||||||||||line 53, col 16 to line 53, col 27 of module pipeline_exec_ooo: 15
@!@!@ENDMSG 2221 @!@!@
@!@!@STARTMSG 2221:0 @!@!@
  ||||||||||line 59, col 35 to line 61, col 36 of module pipeline_exec_ooo: 15
@!@!@ENDMSG 2221 @!@!@
@!@!@STARTMSG 2221:0 @!@!@
  |||||||||||line 8, col 11 to line 8, col 68 of module instructions_ooo: 15
@!@!@ENDMSG 2221 @!@!@
@!@!@STARTMSG 2221:0 @!@!@
  ||||||||||||line 8, col 14 to line 8, col 19 of module instructions_ooo: 15
@!@!@ENDMSG 2221 @!@!@
@!@!@STARTMSG 2221:0 @!@!@
  ||||||||||||line 8, col 33 to line 8, col 68 of module instructions_ooo: 9
@!@!@ENDMSG 2221 @!@!@
@!@!@STARTMSG 2775:0 @!@!@
  |||||||||||line 59, col 39 to line 61, col 35 of module pipeline_exec_ooo: 15:27
@!@!@ENDMSG 2775 @!@!@
@!@!@STARTMSG 2221:0 @!@!@
  ||||||||||||line 59, col 41 to line 59, col 52 of module pipeline_exec_ooo: 9
@!@!@ENDMSG 2221 @!@!@
@!@!@STARTMSG 2221:0 @!@!@
  |||||||||||||line 41, col 21 to line 41, col 73 of module pipeline_exec_ooo: 9
@!@!@ENDMSG 2221 @!@!@
@!@!@STARTMSG 2221:0 @!@!@
  ||||||||||||||line 41, col 54 to line 41, col 73 of module pipeline_exec_ooo: 24
@!@!@ENDMSG 2221 @!@!@
@!@!@STARTMSG 2221:0 @!@!@
  ||||||||||||||line 41, col 34 to line 41, col 50 of module pipeline_exec_ooo: 9
@!@!@ENDMSG 2221 @!@!@
@!@!@STARTMSG 2221:0 @!@!@
  |||||||||||||line 59, col 51 to line 59, col 51 of module pipeline_exec_ooo: 9
@!@!@ENDMSG 2221 @!@!@
@!@!@STARTMSG 2775:0 @!@!@
  ||||||||||||line 60, col 37 to line 60, col 155 of module pipeline_exec_ooo: 15:24
@!@!@ENDMSG 2775 @!@!@
@!@!@STARTMSG 2221:0 @!@!@
  |||||||||||||line 60, col 53 to line 60, col 153 of module pipeline_exec_ooo: 12
@!@!@ENDMSG 2221 @!@!@
@!@!@STARTMSG 2221:0 @!@!@
  ||||||||||||||line 60, col 91 to line 60, col 153 of module pipeline_exec_ooo: 18
@!@!@ENDMSG 2221 @!@!@
@!@!@STARTMSG 2221:0 @!@!@
  |||||||||||||||line 60, col 91 to line 60, col 135 of module pipeline_exec_ooo: 18
@!@!@ENDMSG 2221 @!@!@
@!@!@STARTMSG 2221:0 @!@!@
  |||||||||||||||line 60, col 140 to line 60, col 153 of module pipeline_exec_ooo: 11
@!@!@ENDMSG 2221 @!@!@
@!@!@STARTMSG 2221:0 @!@!@
  ||||||||||||||||line 60, col 140 to line 60, col 144 of module pipeline_exec_ooo: 11
@!@!@ENDMSG 2221 @!@!@
@!@!@STARTMSG 2221:0 @!@!@
  ||||||||||||||||line 60, col 150 to line 60, col 153 of module pipeline_exec_ooo: 11
@!@!@ENDMSG 2221 @!@!@
@!@!@STARTMSG 2221:0 @!@!@
  |||||||||||||||||line 30, col 9 to line 31, col 102 of module pipeline_exec_ooo: 11
@!@!@ENDMSG 2221 @!@!@
@!@!@STARTMSG 2221:0 @!@!@
  ||||||||||||||||||line 30, col 36 to line 31, col 100 of module pipeline_exec_ooo: 34
@!@!@ENDMSG 2221 @!@!@
@!@!@STARTMSG 2221:0 @!@!@
  |||||||||||||||||||line 30, col 39 to line 30, col 53 of module pipeline_exec_ooo: 34
@!@!@ENDMSG 2221 @!@!@
@!@!@STARTMSG 2221:0 @!@!@
  |||||||||||||||||||line 31, col 39 to line 31, col 100 of module pipeline_exec_ooo: 28
@!@!@ENDMSG 2221 @!@!@
@!@!@STARTMSG 2221:0 @!@!@
  ||||||||||||||||||||line 31, col 57 to line 31, col 100 of module pipeline_exec_ooo: 89
@!@!@ENDMSG 2221 @!@!@
@!@!@STARTMSG 2221:0 @!@!@
  |||||||||||||||||||||line 31, col 57 to line 31, col 83 of module pipeline_exec_ooo: 89
@!@!@ENDMSG 2221 @!@!@
@!@!@STARTMSG 2221:0 @!@!@
  |||||||||||||||||||||line 31, col 88 to line 31, col 100 of module pipeline_exec_ooo: 11
@!@!@ENDMSG 2221 @!@!@
@!@!@STARTMSG 2221:0 @!@!@
  ||||||||||||||||||||line 31, col 48 to line 31, col 54 of module pipeline_exec_ooo: 28
@!@!@ENDMSG 2221 @!@!@
@!@!@STARTMSG 2221:0 @!@!@
  ||||||||||||||||||line 30, col 17 to line 30, col 33 of module pipeline_exec_ooo: 11
@!@!@ENDMSG 2221 @!@!@
@!@!@STARTMSG 2221:0 @!@!@
  ||||||||||||||line 60, col 66 to line 60, col 88 of module pipeline_exec_ooo: 12
@!@!@ENDMSG 2221 @!@!@
@!@!@STARTMSG 2221:0 @!@!@
  |||||||||||||||line 60, col 66 to line 60, col 72 of module pipeline_exec_ooo: 12
@!@!@ENDMSG 2221 @!@!@
@!@!@STARTMSG 2221:0 @!@!@
  |||||||||||||||line 60, col 75 to line 60, col 88 of module pipeline_exec_ooo: 12
@!@!@ENDMSG 2221 @!@!@
@!@!@STARTMSG 2221:0 @!@!@
  ||||||||||||||||line 60, col 75 to line 60, col 86 of module pipeline_exec_ooo: 12
@!@!@ENDMSG 2221 @!@!@
@!@!@STARTMSG 2221:0 @!@!@
  |||||||||||||||||line 41, col 21 to line 41, col 73 of module pipeline_exec_ooo: 12
@!@!@ENDMSG 2221 @!@!@
@!@!@STARTMSG 2221:0 @!@!@
  ||||||||||||||||||line 41, col 54 to line 41, col 73 of module pipeline_exec_ooo: 30
@!@!@ENDMSG 2221 @!@!@
@!@!@STARTMSG 2221:0 @!@!@
  ||||||||||||||||||line 41, col 34 to line 41, col 50 of module pipeline_exec_ooo: 12
@!@!@ENDMSG 2221 @!@!@
@!@!@STARTMSG 2221:0 @!@!@
  |||||||||||||||||line 60, col 85 to line 60, col 85 of module pipeline_exec_ooo: 12
@!@!@ENDMSG 2221 @!@!@
@!@!@STARTMSG 2221:0 @!@!@
  |||||||||||||line 60, col 45 to line 60, col 50 of module pipeline_exec_ooo: 15
@!@!@ENDMSG 2221 @!@!@
@!@!@STARTMSG 2221:0 @!@!@
  ||||||||||line 62, col 17 to line 72, col 42 of module pipeline_exec_ooo: 15
@!@!@ENDMSG 2221 @!@!@
@!@!@STARTMSG 2221:0 @!@!@
  |||||||||||line 62, col 20 to line 62, col 33 of module pipeline_exec_ooo: 15
@!@!@ENDMSG 2221 @!@!@
@!@!@STARTMSG 2221:0 @!@!@
  |||||||||||line 63, col 22 to line 71, col 67 of module pipeline_exec_ooo: 6
@!@!@ENDMSG 2221 @!@!@
@!@!@STARTMSG 2221:0 @!@!@
  ||||||||||||line 63, col 25 to line 63, col 34 of module pipeline_exec_ooo: 6
@!@!@ENDMSG 2221 @!@!@
@!@!@STARTMSG 2221:0 @!@!@
  |||||||||||||line 49, col 15 to line 50, col 24 of module pipeline_exec_ooo: 6
@!@!@ENDMSG 2221 @!@!@
@!@!@STARTMSG 2221:0 @!@!@
  ||||||||||||||line 49, col 18 to line 49, col 44 of module pipeline_exec_ooo: 6
@!@!@ENDMSG 2221 @!@!@
@!@!@STARTMSG 2221:0 @!@!@
  |||||||||||||||line 49, col 36 to line 49, col 44 of module pipeline_exec_ooo: 24
@!@!@ENDMSG 2221 @!@!@
@!@!@STARTMSG 2221:0 @!@!@
  |||||||||||||||line 49, col 27 to line 49, col 33 of module pipeline_exec_ooo: 6
@!@!@ENDMSG 2221 @!@!@
@!@!@STARTMSG 2221:0 @!@!@
  ||||||||||||||line 50, col 18 to line 50, col 24 of module pipeline_exec_ooo: 6
@!@!@ENDMSG 2221 @!@!@
@!@!@STARTMSG 2221:0 @!@!@
  ||||||||||||line 65, col 41 to line 70, col 46 of module pipeline_exec_ooo: 6
@!@!@ENDMSG 2221 @!@!@
@!@!@STARTMSG 2221:0 @!@!@
  |||||||||||||line 8, col 11 to line 8, col 68 of module instructions_ooo: 6
@!@!@ENDMSG 2221 @!@!@
@!@!@STARTMSG 2775:0 @!@!@
  |||||||||||||line 65, col 45 to line 70, col 45 of module pipeline_exec_ooo: 6:18
@!@!@ENDMSG 2775 @!@!@
@!@!@STARTMSG 2221:0 @!@!@
  ||||||||||||||line 66, col 47 to line 69, col 58 of module pipeline_exec_ooo: 12
@!@!@ENDMSG 2221 @!@!@
@!@!@STARTMSG 2221:0 @!@!@
  |||||||||||||||line 66, col 47 to line 66, col 52 of module pipeline_exec_ooo: 12
@!@!@ENDMSG 2221 @!@!@
@!@!@STARTMSG 2221:0 @!@!@
  |||||||||||||||line 66, col 58 to line 69, col 58 of module pipeline_exec_ooo: 12
@!@!@ENDMSG 2221 @!@!@
@!@!@STARTMSG 2221:0 @!@!@
  ||||||||||||||||line 67, col 61 to line 68, col 111 of module pipeline_exec_ooo: 12
@!@!@ENDMSG 2221 @!@!@
@!@!@STARTMSG 2221:0 @!@!@
  |||||||||||||||||line 67, col 64 to line 67, col 158 of module pipeline_exec_ooo: 12
@!@!@ENDMSG 2221 @!@!@
@!@!@STARTMSG 2221:0 @!@!@
  |||||||||||||||||line 68, col 64 to line 68, col 111 of module pipeline_exec_ooo: 12
@!@!@ENDMSG 2221 @!@!@
@!@!@STARTMSG 2221:0 @!@!@
  ||||||||||||||||||line 68, col 81 to line 68, col 111 of module pipeline_exec_ooo: 6
@!@!@ENDMSG 2221 @!@!@
@!@!@STARTMSG 2221:0 @!@!@
  ||||||||||||||||||line 68, col 73 to line 68, col 78 of module pipeline_exec_ooo: 12
@!@!@ENDMSG 2221 @!@!@
@!@!@STARTMSG 2221:0 @!@!@
  ||||||||||||||||line 66, col 66 to line 66, col 77 of module pipeline_exec_ooo: 12
@!@!@ENDMSG 2221 @!@!@
@!@!@STARTMSG 2775:0 @!@!@
  |||||||||||||||||line 45, col 17 to line 45, col 97 of module pipeline_exec_ooo: 12:24
@!@!@ENDMSG 2775 @!@!@
@!@!@STARTMSG 2221:0 @!@!@
  ||||||||||||||||||line 45, col 19 to line 45, col 24 of module pipeline_exec_ooo: 12
@!@!@ENDMSG 2221 @!@!@
@!@!@STARTMSG 2775:0 @!@!@
  ||||||||||||||||||line 45, col 34 to line 45, col 95 of module pipeline_exec_ooo: 12:24
@!@!@ENDMSG 2775 @!@!@
@!@!@STARTMSG 2221:0 @!@!@
  |||||||||||||||||||line 45, col 57 to line 45, col 93 of module pipeline_exec_ooo: 24
@!@!@ENDMSG 2221 @!@!@
@!@!@STARTMSG 2221:0 @!@!@
  ||||||||||||||||||||line 45, col 57 to line 45, col 72 of module pipeline_exec_ooo: 24
@!@!@ENDMSG 2221 @!@!@
@!@!@STARTMSG 2221:0 @!@!@
  ||||||||||||||||||||line 45, col 77 to line 45, col 93 of module pipeline_exec_ooo: 24
@!@!@ENDMSG 2221 @!@!@
@!@!@STARTMSG 2221:0 @!@!@
  |||||||||||||||||||||line 45, col 77 to line 45, col 89 of module pipeline_exec_ooo: 24
@!@!@ENDMSG 2221 @!@!@
@!@!@STARTMSG 2221:0 @!@!@
  ||||||||||||||||||||||line 44, col 37 to line 44, col 337 of module pipeline_exec_ooo: 24
@!@!@ENDMSG 2221 @!@!@
@!@!@STARTMSG 2221:0 @!@!@
  |||||||||||||||||||||||line 44, col 42 to line 44, col 67 of module pipeline_exec_ooo: 24
@!@!@ENDMSG 2221 @!@!@
@!@!@STARTMSG 2221:0 @!@!@
  |||||||||||||||||||||||line 44, col 72 to line 44, col 147 of module pipeline_exec_ooo: 12
@!@!@ENDMSG 2221 @!@!@
@!@!@STARTMSG 2221:0 @!@!@
  ||||||||||||||||||||||line 45, col 83 to line 45, col 88 of module pipeline_exec_ooo: 24
@!@!@ENDMSG 2221 @!@!@
@!@!@STARTMSG 2221:0 @!@!@
  |||||||||||||||||||||line 45, col 93 to line 45, col 93 of module pipeline_exec_ooo: 24
@!@!@ENDMSG 2221 @!@!@
@!@!@STARTMSG 2221:0 @!@!@
  |||||||||||||||||||line 45, col 42 to line 45, col 53 of module pipeline_exec_ooo: 12
@!@!@ENDMSG 2221 @!@!@
@!@!@STARTMSG 2221:0 @!@!@
  |||||||||||||||||line 66, col 76 to line 66, col 76 of module pipeline_exec_ooo: 12
@!@!@ENDMSG 2221 @!@!@
@!@!@STARTMSG 2221:0 @!@!@
  ||||||||||||||line 65, col 53 to line 65, col 64 of module pipeline_exec_ooo: 6
@!@!@ENDMSG 2221 @!@!@
@!@!@STARTMSG 2221:0 @!@!@
  ||||||||||||line 71, col 27 to line 71, col 67 of module pipeline_exec_ooo: 6
@!@!@ENDMSG 2221 @!@!@
@!@!@STARTMSG 2221:0 @!@!@
  |||||||||||line 72, col 22 to line 72, col 42 of module pipeline_exec_ooo: 9
@!@!@ENDMSG 2221 @!@!@
@!@!@STARTMSG 2221:0 @!@!@
  |||||||||line 117, col 101 to line 117, col 101 of module pipeline_exec_ooo: 15
@!@!@ENDMSG 2221 @!@!@
@!@!@STARTMSG 2775:0 @!@!@
  ||||line 118, col 34 to line 124, col 50 of module pipeline_exec_ooo: 182:1107
@!@!@ENDMSG 2775 @!@!@
@!@!@STARTMSG 2775:0 @!@!@
  |||||line 118, col 44 to line 118, col 53 of module pipeline_exec_ooo: 182:364
@!@!@ENDMSG 2775 @!@!@
@!@!@STARTMSG 2221:0 @!@!@
  ||||||line 118, col 45 to line 118, col 52 of module pipeline_exec_ooo: 182
@!@!@ENDMSG 2221 @!@!@
@!@!@STARTMSG 2221:0 @!@!@
  |||||||line 53, col 13 to line 72, col 42 of module pipeline_exec_ooo: 182
@!@!@ENDMSG 2221 @!@!@
@!@!@STARTMSG 2221:0 @!@!@
  ||||||||line 53, col 16 to line 53, col 27 of module pipeline_exec_ooo: 182
@!@!@ENDMSG 2221 @!@!@
@!@!@STARTMSG 2221:0 @!@!@
  ||||||||line 59, col 35 to line 61, col 36 of module pipeline_exec_ooo: 182
@!@!@ENDMSG 2221 @!@!@
@!@!@STARTMSG 2221:0 @!@!@
  |||||||||line 8, col 11 to line 8, col 68 of module instructions_ooo: 182
@!@!@ENDMSG 2221 @!@!@
@!@!@STARTMSG 2221:0 @!@!@
  ||||||||||line 8, col 14 to line 8, col 19 of module instructions_ooo: 182
@!@!@ENDMSG 2221 @!@!@
@!@!@STARTMSG 2221:0 @!@!@
  ||||||||||line 8, col 33 to line 8, col 68 of module instructions_ooo: 9
@!@!@ENDMSG 2221 @!@!@
@!@!@STARTMSG 2775:0 @!@!@
  |||||||||line 59, col 39 to line 61, col 35 of module pipeline_exec_ooo: 182:27
@!@!@ENDMSG 2775 @!@!@
@!@!@STARTMSG 2221:0 @!@!@
  ||||||||||line 59, col 41 to line 59, col 52 of module pipeline_exec_ooo: 9
@!@!@ENDMSG 2221 @!@!@
@!@!@STARTMSG 2221:0 @!@!@
  |||||||||||line 41, col 21 to line 41, col 73 of module pipeline_exec_ooo: 9
@!@!@ENDMSG 2221 @!@!@
@!@!@STARTMSG 2221:0 @!@!@
  ||||||||||||line 41, col 54 to line 41, col 73 of module pipeline_exec_ooo: 24
@!@!@ENDMSG 2221 @!@!@
@!@!@STARTMSG 2221:0 @!@!@
  ||||||||||||line 41, col 34 to line 41, col 50 of module pipeline_exec_ooo: 9
@!@!@ENDMSG 2221 @!@!@
@!@!@STARTMSG 2221:0 @!@!@
  |||||||||||line 59, col 51 to line 59, col 51 of module pipeline_exec_ooo: 9
@!@!@ENDMSG 2221 @!@!@
@!@!@STARTMSG 2775:0 @!@!@
  ||||||||||line 60, col 37 to line 60, col 155 of module pipeline_exec_ooo: 182:191
@!@!@ENDMSG 2775 @!@!@
@!@!@STARTMSG 2221:0 @!@!@
  |||||||||||line 60, col 53 to line 60, col 153 of module pipeline_exec_ooo: 20
@!@!@ENDMSG 2221 @!@!@
@!@!@STARTMSG 2221:0 @!@!@
  ||||||||||||line 60, col 91 to line 60, col 153 of module pipeline_exec_ooo: 37
@!@!@ENDMSG 2221 @!@!@
@!@!@STARTMSG 2221:0 @!@!@
  |||||||||||||line 60, col 91 to line 60, col 135 of module pipeline_exec_ooo: 37
@!@!@ENDMSG 2221 @!@!@
@!@!@STARTMSG 2221:0 @!@!@
  |||||||||||||line 60, col 140 to line 60, col 153 of module pipeline_exec_ooo: 19
@!@!@ENDMSG 2221 @!@!@
@!@!@STARTMSG 2221:0 @!@!@
  ||||||||||||||line 60, col 140 to line 60, col 144 of module pipeline_exec_ooo: 19
@!@!@ENDMSG 2221 @!@!@
@!@!@STARTMSG 2221:0 @!@!@
  ||||||||||||||line 60, col 150 to line 60, col 153 of module pipeline_exec_ooo: 19
@!@!@ENDMSG 2221 @!@!@
@!@!@STARTMSG 2221:0 @!@!@
  |||||||||||||||line 30, col 9 to line 31, col 102 of module pipeline_exec_ooo: 19
@!@!@ENDMSG 2221 @!@!@
@!@!@STARTMSG 2221:0 @!@!@
  ||||||||||||||||line 30, col 36 to line 31, col 100 of module pipeline_exec_ooo: 61
@!@!@ENDMSG 2221 @!@!@
@!@!@STARTMSG 2221:0 @!@!@
  |||||||||||||||||line 30, col 39 to line 30, col 53 of module pipeline_exec_ooo: 61
@!@!@ENDMSG 2221 @!@!@
@!@!@STARTMSG 2221:0 @!@!@
  |||||||||||||||||line 31, col 39 to line 31, col 100 of module pipeline_exec_ooo: 53
@!@!@ENDMSG 2221 @!@!@
@!@!@STARTMSG 2221:0 @!@!@
  ||||||||||||||||||line 31, col 57 to line 31, col 100 of module pipeline_exec_ooo: 180
@!@!@ENDMSG 2221 @!@!@
@!@!@STARTMSG 2221:0 @!@!@
  |||||||||||||||||||line 31, col 57 to line 31, col 83 of module pipeline_exec_ooo: 180
@!@!@ENDMSG 2221 @!@!@
@!@!@STARTMSG 2221:0 @!@!@
  |||||||||||||||||||line 31, col 88 to line 31, col 100 of module pipeline_exec_ooo: 22
@!@!@ENDMSG 2221 @!@!@
@!@!@STARTMSG 2221:0 @!@!@
  ||||||||||||||||||line 31, col 48 to line 31, col 54 of module pipeline_exec_ooo: 53
@!@!@ENDMSG 2221 @!@!@
@!@!@STARTMSG 2221:0 @!@!@
  ||||||||||||||||line 30, col 17 to line 30, col 33 of module pipeline_exec_ooo: 19
@!@!@ENDMSG 2221 @!@!@
@!@!@STARTMSG 2221:0 @!@!@
  ||||||||||||line 60, col 66 to line 60, col 88 of module pipeline_exec_ooo: 20
@!@!@ENDMSG 2221 @!@!@
@!@!@STARTMSG 2221:0 @!@!@
  |||||||||||||line 60, col 66 to line 60, col 72 of module pipeline_exec_ooo: 20
@!@!@ENDMSG 2221 @!@!@
@!@!@STARTMSG 2221:0 @!@!@
  |||||||||||||line 60, col 75 to line 60, col 88 of module pipeline_exec_ooo: 20
@!@!@ENDMSG 2221 @!@!@
@!@!@STARTMSG 2221:0 @!@!@
  ||||||||||||||line 60, col 75 to line 60, col 86 of module pipeline_exec_ooo: 20
@!@!@ENDMSG 2221 @!@!@
@!@!@STARTMSG 2221:0 @!@!@
  |||||||||||||||line 41, col 21 to line 41, col 73 of module pipeline_exec_ooo: 20
@!@!@ENDMSG 2221 @!@!@
@!@!@STARTMSG 2221:0 @!@!@
  ||||||||||||||||line 41, col 54 to line 41, col 73 of module pipeline_exec_ooo: 57
@!@!@ENDMSG 2221 @!@!@
@!@!@STARTMSG 2221:0 @!@!@
  ||||||||||||||||line 41, col 34 to line 41, col 50 of module pipeline_exec_ooo: 20
@!@!@ENDMSG 2221 @!@!@
@!@!@STARTMSG 2221:0 @!@!@
  |||||||||||||||line 60, col 85 to line 60, col 85 of module pipeline_exec_ooo: 20
@!@!@ENDMSG 2221 @!@!@
@!@!@STARTMSG 2221:0 @!@!@
  |||||||||||line 60, col 45 to line 60, col 50 of module pipeline_exec_ooo: 182
@!@!@ENDMSG 2221 @!@!@
@!@!@STARTMSG 2221:0 @!@!@
  ||||||||line 62, col 17 to line 72, col 42 of module pipeline_exec_ooo: 182
@!@!@ENDMSG 2221 @!@!@
@!@!@STARTMSG 2221:0 @!@!@
  |||||||||line 62, col 20 to line 62, col 33 of module pipeline_exec_ooo: 182
@!@!@ENDMSG 2221 @!@!@
@!@!@STARTMSG 2221:0 @!@!@
  |||||||||line 63, col 22 to line 71, col 67 of module pipeline_exec_ooo: 173
@!@!@ENDMSG 2221 @!@!@
@!@!@STARTMSG 2221:0 @!@!@
  ||||||||||line 63, col 25 to line 63, col 34 of module pipeline_exec_ooo: 173
@!@!@ENDMSG 2221 @!@!@
@!@!@STARTMSG 2221:0 @!@!@
  |||||||||||line 49, col 15 to line 50, col 24 of module pipeline_exec_ooo: 173
@!@!@ENDMSG 2221 @!@!@
@!@!@STARTMSG 2221:0 @!@!@
  ||||||||||||line 49, col 18 to line 49, col 44 of module pipeline_exec_ooo: 173
@!@!@ENDMSG 2221 @!@!@
@!@!@STARTMSG 2221:0 @!@!@
  |||||||||||||line 49, col 36 to line 49, col 44 of module pipeline_exec_ooo: 692
@!@!@ENDMSG 2221 @!@!@
@!@!@STARTMSG 2221:0 @!@!@
  |||||||||||||line 49, col 27 to line 49, col 33 of module pipeline_exec_ooo: 173
@!@!@ENDMSG 2221 @!@!@
@!@!@STARTMSG 2221:0 @!@!@
  ||||||||||||line 50, col 18 to line 50, col 24 of module pipeline_exec_ooo: 173
@!@!@ENDMSG 2221 @!@!@
@!@!@STARTMSG 2221:0 @!@!@
  ||||||||||line 65, col 41 to line 70, col 46 of module pipeline_exec_ooo: 173
@!@!@ENDMSG 2221 @!@!@
@!@!@STARTMSG 2221:0 @!@!@
  |||||||||||line 8, col 11 to line 8, col 68 of module instructions_ooo: 173
@!@!@ENDMSG 2221 @!@!@
@!@!@STARTMSG 2221:0 @!@!@
  ||||||||||||line 8, col 14 to line 8, col 19 of module instructions_ooo: 173
@!@!@ENDMSG 2221 @!@!@
@!@!@STARTMSG 2221:0 @!@!@
  ||||||||||||line 8, col 33 to line 8, col 68 of module instructions_ooo: 6
@!@!@ENDMSG 2221 @!@!@
@!@!@STARTMSG 2775:0 @!@!@
  |||||||||||line 65, col 45 to line 70, col 45 of module pipeline_exec_ooo: 173:18
@!@!@ENDMSG 2775 @!@!@
@!@!@STARTMSG 2221:0 @!@!@
  ||||||||||||line 66, col 47 to line 69, col 58 of module pipeline_exec_ooo: 346
@!@!@ENDMSG 2221 @!@!@
@!@!@STARTMSG 2221:0 @!@!@
  |||||||||||||line 66, col 47 to line 66, col 52 of module pipeline_exec_ooo: 346
@!@!@ENDMSG 2221 @!@!@
@!@!@STARTMSG 2221:0 @!@!@
  |||||||||||||line 66, col 58 to line 69, col 58 of module pipeline_exec_ooo: 346
@!@!@ENDMSG 2221 @!@!@
@!@!@STARTMSG 2221:0 @!@!@
  ||||||||||||||line 67, col 61 to line 68, col 111 of module pipeline_exec_ooo: 20
@!@!@ENDMSG 2221 @!@!@
@!@!@STARTMSG 2221:0 @!@!@
  |||||||||||||||line 67, col 64 to line 67, col 158 of module pipeline_exec_ooo: 20
@!@!@ENDMSG 2221 @!@!@
@!@!@STARTMSG 2221:0 @!@!@
  ||||||||||||||||line 67, col 96 to line 67, col 158 of module pipeline_exec_ooo: 16
@!@!@ENDMSG 2221 @!@!@
@!@!@STARTMSG 2221:0 @!@!@
  ||||||||||||||||line 67, col 77 to line 67, col 93 of module pipeline_exec_ooo: 20
@!@!@ENDMSG 2221 @!@!@
@!@!@STARTMSG 2221:0 @!@!@
  |||||||||||||||line 68, col 64 to line 68, col 111 of module pipeline_exec_ooo: 20
@!@!@ENDMSG 2221 @!@!@
@!@!@STARTMSG 2221:0 @!@!@
  ||||||||||||||||line 68, col 81 to line 68, col 111 of module pipeline_exec_ooo: 10
@!@!@ENDMSG 2221 @!@!@
@!@!@STARTMSG 2221:0 @!@!@
  ||||||||||||||||line 68, col 73 to line 68, col 78 of module pipeline_exec_ooo: 20
@!@!@ENDMSG 2221 @!@!@
@!@!@STARTMSG 2221:0 @!@!@
  ||||||||||||||line 66, col 66 to line 66, col 77 of module pipeline_exec_ooo: 346
@!@!@ENDMSG 2221 @!@!@
@!@!@STARTMSG 2775:0 @!@!@
  |||||||||||||||line 45, col 17 to line 45, col 97 of module pipeline_exec_ooo: 346:366
@!@!@ENDMSG 2775 @!@!@
@!@!@STARTMSG 2221:0 @!@!@
  ||||||||||||||||line 45, col 19 to line 45, col 24 of module pipeline_exec_ooo: 20
@!@!@ENDMSG 2221 @!@!@
@!@!@STARTMSG 2775:0 @!@!@
  ||||||||||||||||line 45, col 34 to line 45, col 95 of module pipeline_exec_ooo: 346:366
@!@!@ENDMSG 2775 @!@!@
@!@!@STARTMSG 2221:0 @!@!@
  |||||||||||||||||line 45, col 57 to line 45, col 93 of module pipeline_exec_ooo: 692
@!@!@ENDMSG 2221 @!@!@
@!@!@STARTMSG 2221:0 @!@!@
  ||||||||||||||||||line 45, col 57 to line 45, col 72 of module pipeline_exec_ooo: 692
@!@!@ENDMSG 2221 @!@!@
@!@!@STARTMSG 2221:0 @!@!@
  ||||||||||||||||||line 45, col 77 to line 45, col 93 of module pipeline_exec_ooo: 96
@!@!@ENDMSG 2221 @!@!@
@!@!@STARTMSG 2221:0 @!@!@
  |||||||||||||||||||line 45, col 77 to line 45, col 89 of module pipeline_exec_ooo: 96
@!@!@ENDMSG 2221 @!@!@
@!@!@STARTMSG 2221:0 @!@!@
  ||||||||||||||||||||line 44, col 37 to line 44, col 337 of module pipeline_exec_ooo: 96
@!@!@ENDMSG 2221 @!@!@
@!@!@STARTMSG 2221:0 @!@!@
  |||||||||||||||||||||line 44, col 42 to line 44, col 67 of module pipeline_exec_ooo: 96
@!@!@ENDMSG 2221 @!@!@
@!@!@STARTMSG 2221:0 @!@!@
  |||||||||||||||||||||line 44, col 72 to line 44, col 147 of module pipeline_exec_ooo: 48
@!@!@ENDMSG 2221 @!@!@
@!@!@STARTMSG 2221:0 @!@!@
  ||||||||||||||||||||line 45, col 83 to line 45, col 88 of module pipeline_exec_ooo: 96
@!@!@ENDMSG 2221 @!@!@
@!@!@STARTMSG 2221:0 @!@!@
  |||||||||||||||||||line 45, col 93 to line 45, col 93 of module pipeline_exec_ooo: 96
@!@!@ENDMSG 2221 @!@!@
@!@!@STARTMSG 2221:0 @!@!@
  |||||||||||||||||line 45, col 42 to line 45, col 53 of module pipeline_exec_ooo: 346
@!@!@ENDMSG 2221 @!@!@
@!@!@STARTMSG 2221:0 @!@!@
  |||||||||||||||line 66, col 76 to line 66, col 76 of module pipeline_exec_ooo: 48
@!@!@ENDMSG 2221 @!@!@
@!@!@STARTMSG 2221:0 @!@!@
  ||||||||||||line 65, col 53 to line 65, col 64 of module pipeline_exec_ooo: 173
@!@!@ENDMSG 2221 @!@!@
@!@!@STARTMSG 2221:0 @!@!@
  ||||||||||line 71, col 27 to line 71, col 67 of module pipeline_exec_ooo: 173
@!@!@ENDMSG 2221 @!@!@
@!@!@STARTMSG 2221:0 @!@!@
  |||||||||||line 71, col 30 to line 71, col 39 of module pipeline_exec_ooo: 173
@!@!@ENDMSG 2221 @!@!@
@!@!@STARTMSG 2221:0 @!@!@
  |||||||||||line 71, col 46 to line 71, col 50 of module pipeline_exec_ooo: 167
@!@!@ENDMSG 2221 @!@!@
@!@!@STARTMSG 2221:0 @!@!@
  |||||||||||line 71, col 57 to line 71, col 67 of module pipeline_exec_ooo: 6
@!@!@ENDMSG 2221 @!@!@
@!@!@STARTMSG 2221:0 @!@!@
  |||||||||line 72, col 22 to line 72, col 42 of module pipeline_exec_ooo: 9
@!@!@ENDMSG 2221 @!@!@
@!@!@STARTMSG 2221:0 @!@!@
  |||||||line 118, col 51 to line 118, col 51 of module pipeline_exec_ooo: 182
@!@!@ENDMSG 2221 @!@!@
@!@!@STARTMSG 2221:0 @!@!@
  |||||line 119, col 46 to line 123, col 59 of module pipeline_exec_ooo: 182
@!@!@ENDMSG 2221 @!@!@
@!@!@STARTMSG 2221:0 @!@!@
  ||||||line 119, col 49 to line 120, col 97 of module pipeline_exec_ooo: 182
@!@!@ENDMSG 2221 @!@!@
@!@!@STARTMSG 2221:0 @!@!@
  |||||||line 119, col 52 to line 119, col 76 of module pipeline_exec_ooo: 182
@!@!@ENDMSG 2221 @!@!@
@!@!@STARTMSG 2221:0 @!@!@
  ||||||||line 119, col 52 to line 119, col 63 of module pipeline_exec_ooo: 182
@!@!@ENDMSG 2221 @!@!@
@!@!@STARTMSG 2221:0 @!@!@
  |||||||||line 119, col 52 to line 119, col 59 of module pipeline_exec_ooo: 182
@!@!@ENDMSG 2221 @!@!@
@!@!@STARTMSG 2221:0 @!@!@
  ||||||||||line 53, col 13 to line 72, col 42 of module pipeline_exec_ooo: 182
@!@!@ENDMSG 2221 @!@!@
@!@!@STARTMSG 2221:0 @!@!@
  |||||||||||line 53, col 16 to line 53, col 27 of module pipeline_exec_ooo: 182
@!@!@ENDMSG 2221 @!@!@
@!@!@STARTMSG 2221:0 @!@!@
  |||||||||||line 59, col 35 to line 61, col 36 of module pipeline_exec_ooo: 182
@!@!@ENDMSG 2221 @!@!@
@!@!@STARTMSG 2221:0 @!@!@
  ||||||||||||line 8, col 11 to line 8, col 68 of module instructions_ooo: 182
@!@!@ENDMSG 2221 @!@!@
@!@!@STARTMSG 2221:0 @!@!@
  |||||||||||||line 8, col 14 to line 8, col 19 of module instructions_ooo: 182
@!@!@ENDMSG 2221 @!@!@
@!@!@STARTMSG 2221:0 @!@!@
  |||||||||||||line 8, col 33 to line 8, col 68 of module instructions_ooo: 9
@!@!@ENDMSG 2221 @!@!@
@!@!@STARTMSG 2775:0 @!@!@
  ||||||||||||line 59, col 39 to line 61, col 35 of module pipeline_exec_ooo: 182:27
@!@!@ENDMSG 2775 @!@!@
@!@!@STARTMSG 2221:0 @!@!@
  |||||||||||||line 59, col 41 to line 59, col 52 of module pipeline_exec_ooo: 9
@!@!@ENDMSG 2221 @!@!@
@!@!@STARTMSG 2221:0 @!@!@
  ||||||||||||||line 41, col 21 to line 41, col 73 of module pipeline_exec_ooo: 9
@!@!@ENDMSG 2221 @!@!@
@!@!@STARTMSG 2221:0 @!@!@
  |||||||||||||||line 41, col 54 to line 41, col 73 of module pipeline_exec_ooo: 24
@!@!@ENDMSG 2221 @!@!@
@!@!@STARTMSG 2221:0 @!@!@
  |||||||||||||||line 41, col 34 to line 41, col 50 of module pipeline_exec_ooo: 9
@!@!@ENDMSG 2221 @!@!@
@!@!@STARTMSG 2221:0 @!@!@
  ||||||||||||||line 59, col 51 to line 59, col 51 of module pipeline_exec_ooo: 9
@!@!@ENDMSG 2221 @!@!@
@!@!@STARTMSG 2775:0 @!@!@
  |||||||||||||line 60, col 37 to line 60, col 155 of module pipeline_exec_ooo: 182:191
@!@!@ENDMSG 2775 @!@!@
@!@!@STARTMSG 2221:0 @!@!@
  ||||||||||||||line 60, col 53 to line 60, col 153 of module pipeline_exec_ooo: 20
@!@!@ENDMSG 2221 @!@!@
@!@!@STARTMSG 2221:0 @!@!@
  |||||||||||||||line 60, col 91 to line 60, col 153 of module pipeline_exec_ooo: 37
@!@!@ENDMSG 2221 @!@!@
@!@!@STARTMSG 2221:0 @!@!@
  ||||||||||||||||line 60, col 91 to line 60, col 135 of module pipeline_exec_ooo: 37
@!@!@ENDMSG 2221 @!@!@
@!@!@STARTMSG 2221:0 @!@!@
  ||||||||||||||||line 60, col 140 to line 60, col 153 of module pipeline_exec_ooo: 19
@!@!@ENDMSG 2221 @!@!@
@!@!@STARTMSG 2221:0 @!@!@
  |||||||||||||||||line 60, col 140 to line 60, col 144 of module pipeline_exec_ooo: 19
@!@!@ENDMSG 2221 @!@!@
@!@!@STARTMSG 2221:0 @!@!@
  |||||||||||||||||line 60, col 150 to line 60, col 153 of module pipeline_exec_ooo: 19
@!@!@ENDMSG 2221 @!@!@
@!@!@STARTMSG 2221:0 @!@!@
  ||||||||||||||||||line 30, col 9 to line 31, col 102 of module pipeline_exec_ooo: 19
@!@!@ENDMSG 2221 @!@!@
@!@!@STARTMSG 2221:0 @!@!@
  |||||||||||||||||||line 30, col 36 to line 31, col 100 of module pipeline_exec_ooo: 61
@!@!@ENDMSG 2221 @!@!@
@!@!@STARTMSG 2221:0 @!@!@
  ||||||||||||||||||||line 30, col 39 to line 30, col 53 of module pipeline_exec_ooo: 61
@!@!@ENDMSG 2221 @!@!@
@!@!@STARTMSG 2221:0 @!@!@
  ||||||||||||||||||||line 31, col 39 to line 31, col 100 of module pipeline_exec_ooo: 53
@!@!@ENDMSG 2221 @!@!@
@!@!@STARTMSG 2221:0 @!@!@
  |||||||||||||||||||||line 31, col 57 to line 31, col 100 of module pipeline_exec_ooo: 180
@!@!@ENDMSG 2221 @!@!@
@!@!@STARTMSG 2221:0 @!@!@
  ||||||||||||||||||||||line 31, col 57 to line 31, col 83 of module pipeline_exec_ooo: 180
@!@!@ENDMSG 2221 @!@!@
@!@!@STARTMSG 2221:0 @!@!@
  ||||||||||||||||||||||line 31, col 88 to line 31, col 100 of module pipeline_exec_ooo: 22
@!@!@ENDMSG 2221 @!@!@
@!@!@STARTMSG 2221:0 @!@!@
  |||||||||||||||||||||line 31, col 48 to line 31, col 54 of module pipeline_exec_ooo: 53
@!@!@ENDMSG 2221 @!@!@
@!@!@STARTMSG 2221:0 @!@!@
  |||||||||||||||||||line 30, col 17 to line 30, col 33 of module pipeline_exec_ooo: 19
@!@!@ENDMSG 2221 @!@!@
@!@!@STARTMSG 2221:0 @!@!@
  |||||||||||||||line 60, col 66 to line 60, col 88 of module pipeline_exec_ooo: 20
@!@!@ENDMSG 2221 @!@!@
@!@!@STARTMSG 2221:0 @!@!@
  ||||||||||||||||line 60, col 66 to line 60, col 72 of module pipeline_exec_ooo: 20
@!@!@ENDMSG 2221 @!@!@
@!@!@STARTMSG 2221:0 @!@!@
  ||||||||||||||||line 60, col 75 to line 60, col 88 of module pipeline_exec_ooo: 20
@!@!@ENDMSG 2221 @!@!@
@!@!@STARTMSG 2221:0 @!@!@
  |||||||||||||||||line 60, col 75 to line 60, col 86 of module pipeline_exec_ooo: 20
@!@!@ENDMSG 2221 @!@!@
@!@!@STARTMSG 2221:0 @!@!@
  ||||||||||||||||||line 41, col 21 to line 41, col 73 of module pipeline_exec_ooo: 20
@!@!@ENDMSG 2221 @!@!@
@!@!@STARTMSG 2221:0 @!@!@
  |||||||||||||||||||line 41, col 54 to line 41, col 73 of module pipeline_exec_ooo: 57
@!@!@ENDMSG 2221 @!@!@
@!@!@STARTMSG 2221:0 @!@!@
  |||||||||||||||||||line 41, col 34 to line 41, col 50 of module pipeline_exec_ooo: 20
@!@!@ENDMSG 2221 @!@!@
@!@!@STARTMSG 2221:0 @!@!@
  ||||||||||||||||||line 60, col 85 to line 60, col 85 of module pipeline_exec_ooo: 20
@!@!@ENDMSG 2221 @!@!@
@!@!@STARTMSG 2221:0 @!@!@
  ||||||||||||||line 60, col 45 to line 60, col 50 of module pipeline_exec_ooo: 182
@!@!@ENDMSG 2221 @!@!@
@!@!@STARTMSG 2221:0 @!@!@
  |||||||||||line 62, col 17 to line 72, col 42 of module pipeline_exec_ooo: 182
@!@!@ENDMSG 2221 @!@!@
@!@!@STARTMSG 2221:0 @!@!@
  ||||||||||||line 62, col 20 to line 62, col 33 of module pipeline_exec_ooo: 182
@!@!@ENDMSG 2221 @!@!@
@!@!@STARTMSG 2221:0 @!@!@
  ||||||||||||line 63, col 22 to line 71, col 67 of module pipeline_exec_ooo: 173
@!@!@ENDMSG 2221 @!@!@
@!@!@STARTMSG 2221:0 @!@!@
  |||||||||||||line 63, col 25 to line 63, col 34 of module pipeline_exec_ooo: 173
@!@!@ENDMSG 2221 @!@!@
@!@!@STARTMSG 2221:0 @!@!@
  ||||||||||||||line 49, col 15 to line 50, col 24 of module pipeline_exec_ooo: 173
@!@!@ENDMSG 2221 @!@!@
@!@!@STARTMSG 2221:0 @!@!@
  |||||||||||||||line 49, col 18 to line 49, col 44 of module pipeline_exec_ooo: 173
@!@!@ENDMSG 2221 @!@!@
@!@!@STARTMSG 2221:0 @!@!@
  ||||||||||||||||line 49, col 36 to line 49, col 44 of module pipeline_exec_ooo: 692
@!@!@ENDMSG 2221 @!@!@
@!@!@STARTMSG 2221:0 @!@!@
  ||||||||||||||||line 49, col 27 to line 49, col 33 of module pipeline_exec_ooo: 173
@!@!@ENDMSG 2221 @!@!@
@!@!@STARTMSG 2221:0 @!@!@
  |||||||||||||||line 50, col 18 to line 50, col 24 of module pipeline_exec_ooo: 173
@!@!@ENDMSG 2221 @!@!@
@!@!@STARTMSG 2221:0 @!@!@
  |||||||||||||line 65, col 41 to line 70, col 46 of module pipeline_exec_ooo: 173
@!@!@ENDMSG 2221 @!@!@
@!@!@STARTMSG 2221:0 @!@!@
  ||||||||||||||line 8, col 11 to line 8, col 68 of module instructions_ooo: 173
@!@!@ENDMSG 2221 @!@!@
@!@!@STARTMSG 2221:0 @!@!@
  |||||||||||||||line 8, col 14 to line 8, col 19 of module instructions_ooo: 173
@!@!@ENDMSG 2221 @!@!@
@!@!@STARTMSG 2221:0 @!@!@
  |||||||||||||||line 8, col 33 to line 8, col 68 of module instructions_ooo: 6
@!@!@ENDMSG 2221 @!@!@
@!@!@STARTMSG 2775:0 @!@!@
  ||||||||||||||line 65, col 45 to line 70, col 45 of module pipeline_exec_ooo: 173:18
@!@!@ENDMSG 2775 @!@!@
@!@!@STARTMSG 2221:0 @!@!@
  |||||||||||||||line 66, col 47 to line 69, col 58 of module pipeline_exec_ooo: 346
@!@!@ENDMSG 2221 @!@!@
@!@!@STARTMSG 2221:0 @!@!@
  ||||||||||||||||line 66, col 47 to line 66, col 52 of module pipeline_exec_ooo: 346
@!@!@ENDMSG 2221 @!@!@
@!@!@STARTMSG 2221:0 @!@!@
  ||||||||||||||||line 66, col 58 to line 69, col 58 of module pipeline_exec_ooo: 346
@!@!@ENDMSG 2221 @!@!@
@!@!@STARTMSG 2221:0 @!@!@
  |||||||||||||||||line 67, col 61 to line 68, col 111 of module pipeline_exec_ooo: 20
@!@!@ENDMSG 2221 @!@!@
@!@!@STARTMSG 2221:0 @!@!@
  ||||||||||||||||||line 67, col 64 to line 67, col 158 of module pipeline_exec_ooo: 20
@!@!@ENDMSG 2221 @!@!@
@!@!@STARTMSG 2221:0 @!@!@
  |||||||||||||||||||line 67, col 96 to line 67, col 158 of module pipeline_exec_ooo: 16
@!@!@ENDMSG 2221 @!@!@
@!@!@STARTMSG 2221:0 @!@!@
  |||||||||||||||||||line 67, col 77 to line 67, col 93 of module pipeline_exec_ooo: 20
@!@!@ENDMSG 2221 @!@!@
@!@!@STARTMSG 2221:0 @!@!@
  ||||||||||||||||||line 68, col 64 to line 68, col 111 of module pipeline_exec_ooo: 20
@!@!@ENDMSG 2221 @!@!@
@!@!@STARTMSG 2221:0 @!@!@
  |||||||||||||||||||line 68, col 81 to line 68, col 111 of module pipeline_exec_ooo: 10
@!@!@ENDMSG 2221 @!@!@
@!@!@STARTMSG 2221:0 @!@!@
  |||||||||||||||||||line 68, col 73 to line 68, col 78 of module pipeline_exec_ooo: 20
@!@!@ENDMSG 2221 @!@!@
@!@!@STARTMSG 2221:0 @!@!@
  |||||||||||||||||line 66, col 66 to line 66, col 77 of module pipeline_exec_ooo: 346
@!@!@ENDMSG 2221 @!@!@
@!@!@STARTMSG 2775:0 @!@!@
  ||||||||||||||||||line 45, col 17 to line 45, col 97 of module pipeline_exec_ooo: 346:366
@!@!@ENDMSG 2775 @!@!@
@!@!@STARTMSG 2221:0 @!@!@
  |||||||||||||||||||line 45, col 19 to line 45, col 24 of module pipeline_exec_ooo: 20
@!@!@ENDMSG 2221 @!@!@
@!@!@STARTMSG 2775:0 @!@!@
  |||||||||||||||||||line 45, col 34 to line 45, col 95 of module pipeline_exec_ooo: 346:366
@!@!@ENDMSG 2775 @!@!@
@!@!@STARTMSG 2221:0 @!@!@
  ||||||||||||||||||||line 45, col 57 to line 45, col 93 of module pipeline_exec_ooo: 692
@!@!@ENDMSG 2221 @!@!@
@!@!@STARTMSG 2221:0 @!@!@
  |||||||||||||||||||||line 45, col 57 to line 45, col 72 of module pipeline_exec_ooo: 692
@!@!@ENDMSG 2221 @!@!@
@!@!@STARTMSG 2221:0 @!@!@
  |||||||||||||||||||||line 45, col 77 to line 45, col 93 of module pipeline_exec_ooo: 96
@!@!@ENDMSG 2221 @!@!@
@!@!@STARTMSG 2221:0 @!@!@
  ||||||||||||||||||||||line 45, col 77 to line 45, col 89 of module pipeline_exec_ooo: 96
@!@!@ENDMSG 2221 @!@!@
@!@!@STARTMSG 2221:0 @!@!@
  |||||||||||||||||||||||line 44, col 37 to line 44, col 337 of module pipeline_exec_ooo: 96
@!@!@ENDMSG 2221 @!@!@
@!@!@STARTMSG 2221:0 @!@!@
  ||||||||||||||||||||||||line 44, col 42 to line 44, col 67 of module pipeline_exec_ooo: 96
@!@!@ENDMSG 2221 @!@!@
@!@!@STARTMSG 2221:0 @!@!@
  ||||||||||||||||||||||||line 44, col 72 to line 44, col 147 of module pipeline_exec_ooo: 48
@!@!@ENDMSG 2221 @!@!@
@!@!@STARTMSG 2221:0 @!@!@
  |||||||||||||||||||||||line 45, col 83 to line 45, col 88 of module pipeline_exec_ooo: 96
@!@!@ENDMSG 2221 @!@!@
@!@!@STARTMSG 2221:0 @!@!@
  ||||||||||||||||||||||line 45, col 93 to line 45, col 93 of module pipeline_exec_ooo: 96
@!@!@ENDMSG 2221 @!@!@
@!@!@STARTMSG 2221:0 @!@!@
  ||||||||||||||||||||line 45, col 42 to line 45, col 53 of module pipeline_exec_ooo: 346
@!@!@ENDMSG 2221 @!@!@
@!@!@STARTMSG 2221:0 @!@!@
  ||||||||||||||||||line 66, col 76 to line 66, col 76 of module pipeline_exec_ooo: 48
@!@!@ENDMSG 2221 @!@!@
@!@!@STARTMSG 2221:0 @!@!@
  |||||||||||||||line 65, col 53 to line 65, col 64 of module pipeline_exec_ooo: 173
@!@!@ENDMSG 2221 @!@!@
@!@!@STARTMSG 2221:0 @!@!@
  |||||||||||||line 71, col 27 to line 71, col 67 of module pipeline_exec_ooo: 173
@!@!@ENDMSG 2221 @!@!@
@!@!@STARTMSG 2221:0 @!@!@
  ||||||||||||||line 71, col 30 to line 71, col 39 of module pipeline_exec_ooo: 173
@!@!@ENDMSG 2221 @!@!@
@!@!@STARTMSG 2221:0 @!@!@
  ||||||||||||||line 71, col 46 to line 71, col 50 of module pipeline_exec_ooo: 167
@!@!@ENDMSG 2221 @!@!@
@!@!@STARTMSG 2221:0 @!@!@
  ||||||||||||||line 71, col 57 to line 71, col 67 of module pipeline_exec_ooo: 6
@!@!@ENDMSG 2221 @!@!@
@!@!@STARTMSG 2221:0 @!@!@
  ||||||||||||line 72, col 22 to line 72, col 42 of module pipeline_exec_ooo: 9
@!@!@ENDMSG 2221 @!@!@
@!@!@STARTMSG 2221:0 @!@!@
  ||||||||||line 119, col 58 to line 119, col 58 of module pipeline_exec_ooo: 182
@!@!@ENDMSG 2221 @!@!@
@!@!@STARTMSG 2221:0 @!@!@
  ||||||||line 119, col 69 to line 119, col 76 of module pipeline_exec_ooo: 182
@!@!@ENDMSG 2221 @!@!@
@!@!@STARTMSG 2221:0 @!@!@
  |||||||line 120, col 52 to line 120, col 97 of module pipeline_exec_ooo: 3
@!@!@ENDMSG 2221 @!@!@
@!@!@STARTMSG 2775:0 @!@!@
  ||||||line 122, col 51 to line 122, col 68 of module pipeline_exec_ooo: 3:12
@!@!@ENDMSG 2775 @!@!@
@!@!@STARTMSG 2221:0 @!@!@
  |||||||line 122, col 52 to line 122, col 58 of module pipeline_exec_ooo: 3
@!@!@ENDMSG 2221 @!@!@
@!@!@STARTMSG 2221:0 @!@!@
  |||||||line 122, col 61 to line 122, col 67 of module pipeline_exec_ooo: 3
@!@!@ENDMSG 2221 @!@!@
@!@!@STARTMSG 2775:0 @!@!@
  ||||||line 123, col 51 to line 123, col 59 of module pipeline_exec_ooo: 179:537
@!@!@ENDMSG 2775 @!@!@
@!@!@STARTMSG 2221:0 @!@!@
  |||||||line 123, col 52 to line 123, col 58 of module pipeline_exec_ooo: 179
@!@!@ENDMSG 2221 @!@!@
@!@!@STARTMSG 2775:0 @!@!@
  |||||line 124, col 36 to line 124, col 48 of module pipeline_exec_ooo: 182:552
@!@!@ENDMSG 2775 @!@!@
@!@!@STARTMSG 2775:0 @!@!@
  ||||line 125, col 34 to line 125, col 68 of module pipeline_exec_ooo: 30:60
@!@!@ENDMSG 2775 @!@!@
@!@!@STARTMSG 2221:0 @!@!@
  |||||line 125, col 35 to line 125, col 67 of module pipeline_exec_ooo: 30
@!@!@ENDMSG 2221 @!@!@
@!@!@STARTMSG 2221:0 @!@!@
  |||line 126, col 48 to line 126, col 48 of module pipeline_exec_ooo: 212
@!@!@ENDMSG 2221 @!@!@
@!@!@STARTMSG 2221:0 @!@!@
  ||line 126, col 52 to line 126, col 55 of module pipeline_exec_ooo: 56
@!@!@ENDMSG 2221 @!@!@
@!@!@STARTMSG 2221:0 @!@!@
  line 140, col 16 to line 140, col 110 of module pipeline_exec_ooo: 55
@!@!@ENDMSG 2221 @!@!@
@!@!@STARTMSG 2775:0 @!@!@
  |line 140, col 24 to line 140, col 110 of module pipeline_exec_ooo: 56:112
@!@!@ENDMSG 2775 @!@!@
@!@!@STARTMSG 2221:0 @!@!@
  ||line 140, col 32 to line 140, col 43 of module pipeline_exec_ooo: 56
@!@!@ENDMSG 2221 @!@!@
@!@!@STARTMSG 2221:0 @!@!@
  line 153, col 19 to line 155, col 70 of module pipeline_exec_ooo: 55
@!@!@ENDMSG 2221 @!@!@
@!@!@STARTMSG 2221:0 @!@!@
  |line 153, col 26 to line 155, col 70 of module pipeline_exec_ooo: 56
@!@!@ENDMSG 2221 @!@!@
@!@!@STARTMSG 2221:0 @!@!@
  ||line 153, col 26 to line 154, col 159 of module pipeline_exec_ooo: 56
@!@!@ENDMSG 2221 @!@!@
@!@!@STARTMSG 2775:0 @!@!@
  |||line 153, col 26 to line 153, col 58 of module pipeline_exec_ooo: 56:72
@!@!@ENDMSG 2775 @!@!@
@!@!@STARTMSG 2221:0 @!@!@
  ||||line 153, col 34 to line 153, col 45 of module pipeline_exec_ooo: 56
@!@!@ENDMSG 2221 @!@!@
@!@!@STARTMSG 2775:0 @!@!@
  |||line 154, col 29 to line 154, col 159 of module pipeline_exec_ooo: 56:96
@!@!@ENDMSG 2775 @!@!@
@!@!@STARTMSG 2221:0 @!@!@
  ||||line 154, col 37 to line 154, col 57 of module pipeline_exec_ooo: 56
@!@!@ENDMSG 2221 @!@!@
@!@!@STARTMSG 2221:0 @!@!@
  ||line 155, col 29 to line 155, col 70 of module pipeline_exec_ooo: 56
@!@!@ENDMSG 2221 @!@!@
@!@!@STARTMSG 2221:0 @!@!@
  |||line 155, col 32 to line 155, col 42 of module pipeline_exec_ooo: 56
@!@!@ENDMSG 2221 @!@!@
@!@!@STARTMSG 2221:0 @!@!@
  ||||line 155, col 33 to line 155, col 42 of module pipeline_exec_ooo: 56
@!@!@ENDMSG 2221 @!@!@
@!@!@STARTMSG 2221:0 @!@!@
  |||||line 49, col 15 to line 50, col 24 of module pipeline_exec_ooo: 56
@!@!@ENDMSG 2221 @!@!@
@!@!@STARTMSG 2221:0 @!@!@
  ||||||line 49, col 18 to line 49, col 44 of module pipeline_exec_ooo: 56
@!@!@ENDMSG 2221 @!@!@
@!@!@STARTMSG 2221:0 @!@!@
  |||||||line 49, col 36 to line 49, col 44 of module pipeline_exec_ooo: 224
@!@!@ENDMSG 2221 @!@!@
@!@!@STARTMSG 2221:0 @!@!@
  |||||||line 49, col 27 to line 49, col 33 of module pipeline_exec_ooo: 56
@!@!@ENDMSG 2221 @!@!@
@!@!@STARTMSG 2221:0 @!@!@
  ||||||line 50, col 18 to line 50, col 24 of module pipeline_exec_ooo: 56
@!@!@ENDMSG 2221 @!@!@
@!@!@STARTMSG 2221:0 @!@!@
  |||line 155, col 49 to line 155, col 60 of module pipeline_exec_ooo: 56
@!@!@ENDMSG 2221 @!@!@
@!@!@STARTMSG 2221:0 @!@!@
  ||||line 145, col 30 to line 145, col 35 of module pipeline_exec_ooo: 112
@!@!@ENDMSG 2221 @!@!@
@!@!@STARTMSG 2221:0 @!@!@
  ||||line 146, col 30 to line 148, col 95 of module pipeline_exec_ooo: 112
@!@!@ENDMSG 2221 @!@!@
@!@!@STARTMSG 2221:0 @!@!@
  |||||line 146, col 33 to line 146, col 57 of module pipeline_exec_ooo: 112
@!@!@ENDMSG 2221 @!@!@
@!@!@STARTMSG 2221:0 @!@!@
  |||||line 147, col 35 to line 147, col 38 of module pipeline_exec_ooo: 92
@!@!@ENDMSG 2221 @!@!@
@!@!@STARTMSG 2221:0 @!@!@
  |||||line 148, col 35 to line 148, col 95 of module pipeline_exec_ooo: 20
@!@!@ENDMSG 2221 @!@!@
@!@!@STARTMSG 2221:0 @!@!@
  ||||line 149, col 17 to line 151, col 44 of module pipeline_exec_ooo: 112
@!@!@ENDMSG 2221 @!@!@
@!@!@STARTMSG 2221:0 @!@!@
  |||||line 149, col 20 to line 149, col 32 of module pipeline_exec_ooo: 112
@!@!@ENDMSG 2221 @!@!@
@!@!@STARTMSG 2221:0 @!@!@
  |||||line 150, col 22 to line 150, col 26 of module pipeline_exec_ooo: 56
@!@!@ENDMSG 2221 @!@!@
@!@!@STARTMSG 2221:0 @!@!@
  |||||line 151, col 22 to line 151, col 44 of module pipeline_exec_ooo: 56
@!@!@ENDMSG 2221 @!@!@
@!@!@STARTMSG 2221:0 @!@!@
  line 157, col 22 to line 157, col 29 of module pipeline_exec_ooo: 56
@!@!@ENDMSG 2221 @!@!@
@!@!@STARTMSG 2221:0 @!@!@
  |line 157, col 22 to line 157, col 24 of module pipeline_exec_ooo: 56
@!@!@ENDMSG 2221 @!@!@
@!@!@STARTMSG 2221:0 @!@!@
  ||line 156, col 30 to line 156, col 75 of module pipeline_exec_ooo: 56
@!@!@ENDMSG 2221 @!@!@
@!@!@STARTMSG 2221:0 @!@!@
  |||line 9, col 11 to line 9, col 68 of module instructions_ooo: 56
@!@!@ENDMSG 2221 @!@!@
@!@!@STARTMSG 2221:0 @!@!@
  ||||line 9, col 14 to line 9, col 19 of module instructions_ooo: 56
@!@!@ENDMSG 2221 @!@!@
@!@!@STARTMSG 2221:0 @!@!@
  ||||line 9, col 33 to line 9, col 68 of module instructions_ooo: 16
@!@!@ENDMSG 2221 @!@!@
@!@!@STARTMSG 2775:0 @!@!@
  |||line 156, col 34 to line 156, col 74 of module pipeline_exec_ooo: 56:48
@!@!@ENDMSG 2775 @!@!@
@!@!@STARTMSG 2221:0 @!@!@
  ||||line 156, col 57 to line 156, col 72 of module pipeline_exec_ooo: 112
@!@!@ENDMSG 2221 @!@!@
@!@!@STARTMSG 2221:0 @!@!@
  ||||line 156, col 42 to line 156, col 53 of module pipeline_exec_ooo: 56
@!@!@ENDMSG 2221 @!@!@
@!@!@STARTMSG 2221:0 @!@!@
  line 158, col 24 to line 158, col 56 of module pipeline_exec_ooo: 15
@!@!@ENDMSG 2221 @!@!@
@!@!@STARTMSG 2221:0 @!@!@
  |line 158, col 35 to line 158, col 56 of module pipeline_exec_ooo: 16
@!@!@ENDMSG 2221 @!@!@
@!@!@STARTMSG 2221:0 @!@!@
  ||line 158, col 35 to line 158, col 54 of module pipeline_exec_ooo: 16
@!@!@ENDMSG 2221 @!@!@
@!@!@STARTMSG 2221:0 @!@!@
  |||line 41, col 21 to line 41, col 73 of module pipeline_exec_ooo: 16
@!@!@ENDMSG 2221 @!@!@
@!@!@STARTMSG 2221:0 @!@!@
  |||line 158, col 45 to line 158, col 53 of module pipeline_exec_ooo: 16
@!@!@ENDMSG 2221 @!@!@
@!@!@STARTMSG 2221:0 @!@!@
  ||||line 158, col 45 to line 158, col 48 of module pipeline_exec_ooo: 16
@!@!@ENDMSG 2221 @!@!@
@!@!@STARTMSG 2221:0 @!@!@
  ||||line 158, col 50 to line 158, col 52 of module pipeline_exec_ooo: 16
@!@!@ENDMSG 2221 @!@!@
@!@!@STARTMSG 2221:0 @!@!@
  |||||line 156, col 30 to line 156, col 75 of module pipeline_exec_ooo: 16
@!@!@ENDMSG 2221 @!@!@
@!@!@STARTMSG 2221:0 @!@!@
  ||||||line 9, col 11 to line 9, col 68 of module instructions_ooo: 16
@!@!@ENDMSG 2221 @!@!@
@!@!@STARTMSG 2775:0 @!@!@
  ||||||line 156, col 34 to line 156, col 74 of module pipeline_exec_ooo: 16:48
@!@!@ENDMSG 2775 @!@!@
@!@!@STARTMSG 2221:0 @!@!@
  |||||||line 156, col 57 to line 156, col 72 of module pipeline_exec_ooo: 32
@!@!@ENDMSG 2221 @!@!@
@!@!@STARTMSG 2221:0 @!@!@
  |||||||line 156, col 42 to line 156, col 53 of module pipeline_exec_ooo: 16
@!@!@ENDMSG 2221 @!@!@
@!@!@STARTMSG 2221:0 @!@!@
  line 159, col 24 to line 159, col 40 of module pipeline_exec_ooo: 40
@!@!@ENDMSG 2221 @!@!@
@!@!@STARTMSG 2221:0 @!@!@
  line 173, col 18 to line 206, col 27 of module pipeline_exec_ooo: 55
@!@!@ENDMSG 2221 @!@!@
@!@!@STARTMSG 2221:0 @!@!@
  |line 173, col 27 to line 206, col 27 of module pipeline_exec_ooo: 56
@!@!@ENDMSG 2221 @!@!@
@!@!@STARTMSG 2221:0 @!@!@
  ||line 173, col 29 to line 173, col 33 of module pipeline_exec_ooo: 56
@!@!@ENDMSG 2221 @!@!@
@!@!@STARTMSG 2221:0 @!@!@
  ||line 174, col 39 to line 189, col 61 of module pipeline_exec_ooo: 56
@!@!@ENDMSG 2221 @!@!@
@!@!@STARTMSG 2221:0 @!@!@
  |||line 174, col 39 to line 188, col 78 of module pipeline_exec_ooo: 56
@!@!@ENDMSG 2221 @!@!@
@!@!@STARTMSG 2775:0 @!@!@
  ||||line 174, col 39 to line 174, col 79 of module pipeline_exec_ooo: 56:72
@!@!@ENDMSG 2775 @!@!@
@!@!@STARTMSG 2221:0 @!@!@
  |||||line 174, col 47 to line 174, col 58 of module pipeline_exec_ooo: 56
@!@!@ENDMSG 2221 @!@!@
@!@!@STARTMSG 2775:0 @!@!@
  ||||line 175, col 42 to line 188, col 78 of module pipeline_exec_ooo: 56:116
@!@!@ENDMSG 2775 @!@!@
@!@!@STARTMSG 2221:0 @!@!@
  |||||line 175, col 50 to line 175, col 78 of module pipeline_exec_ooo: 56
@!@!@ENDMSG 2221 @!@!@
@!@!@STARTMSG 2221:0 @!@!@
  |||line 189, col 42 to line 189, col 61 of module pipeline_exec_ooo: 56
@!@!@ENDMSG 2221 @!@!@
@!@!@STARTMSG 2221:0 @!@!@
  ||||line 163, col 28 to line 170, col 36 of module pipeline_exec_ooo: 112
@!@!@ENDMSG 2221 @!@!@
@!@!@STARTMSG 2221:0 @!@!@
  |||||line 163, col 31 to line 163, col 73 of module pipeline_exec_ooo: 112
@!@!@ENDMSG 2221 @!@!@
@!@!@STARTMSG 2221:0 @!@!@
  ||||||line 163, col 31 to line 163, col 51 of module pipeline_exec_ooo: 112
@!@!@ENDMSG 2221 @!@!@
@!@!@STARTMSG 2221:0 @!@!@
  ||||||line 163, col 56 to line 163, col 73 of module pipeline_exec_ooo: 18
@!@!@ENDMSG 2221 @!@!@
@!@!@STARTMSG 2221:0 @!@!@
  |||||line 164, col 33 to line 169, col 60 of module pipeline_exec_ooo: 18
@!@!@ENDMSG 2221 @!@!@
@!@!@STARTMSG 2775:0 @!@!@
  ||||||line 164, col 36 to line 169, col 57 of module pipeline_exec_ooo: 18:216
@!@!@ENDMSG 2775 @!@!@
@!@!@STARTMSG 2775:0 @!@!@
  |||||||line 164, col 44 to line 164, col 138 of module pipeline_exec_ooo: 18:234
@!@!@ENDMSG 2775 @!@!@
@!@!@STARTMSG 2221:0 @!@!@
  |||||line 170, col 33 to line 170, col 36 of module pipeline_exec_ooo: 94
@!@!@ENDMSG 2221 @!@!@
@!@!@STARTMSG 2221:0 @!@!@
  ||||line 171, col 17 to line 171, col 60 of module pipeline_exec_ooo: 112
@!@!@ENDMSG 2221 @!@!@
@!@!@STARTMSG 2221:0 @!@!@
  |||||line 171, col 20 to line 171, col 24 of module pipeline_exec_ooo: 112
@!@!@ENDMSG 2221 @!@!@
@!@!@STARTMSG 2221:0 @!@!@
  |||||line 171, col 31 to line 171, col 33 of module pipeline_exec_ooo: 56
@!@!@ENDMSG 2221 @!@!@
@!@!@STARTMSG 2221:0 @!@!@
  |||||line 171, col 40 to line 171, col 60 of module pipeline_exec_ooo: 56
@!@!@ENDMSG 2221 @!@!@
@!@!@STARTMSG 2221:0 @!@!@
  ||||line 189, col 52 to line 189, col 60 of module pipeline_exec_ooo: 56
@!@!@ENDMSG 2221 @!@!@
@!@!@STARTMSG 2221:0 @!@!@
  ||line 191, col 39 to line 194, col 132 of module pipeline_exec_ooo: 56
@!@!@ENDMSG 2221 @!@!@
@!@!@STARTMSG 2221:0 @!@!@
  |||line 193, col 48 to line 194, col 132 of module pipeline_exec_ooo: 56
@!@!@ENDMSG 2221 @!@!@
@!@!@STARTMSG 2775:0 @!@!@
  ||||line 193, col 54 to line 194, col 131 of module pipeline_exec_ooo: 56:40
@!@!@ENDMSG 2775 @!@!@
@!@!@STARTMSG 2221:0 @!@!@
  |||||line 193, col 56 to line 193, col 157 of module pipeline_exec_ooo: 16
@!@!@ENDMSG 2221 @!@!@
@!@!@STARTMSG 2221:0 @!@!@
  ||||||line 193, col 58 to line 193, col 129 of module pipeline_exec_ooo: 8
@!@!@ENDMSG 2221 @!@!@
@!@!@STARTMSG 2221:0 @!@!@
  ||||||line 193, col 139 to line 193, col 155 of module pipeline_exec_ooo: 16
@!@!@ENDMSG 2221 @!@!@
@!@!@STARTMSG 2775:0 @!@!@
  |||||||line 190, col 53 to line 190, col 137 of module pipeline_exec_ooo: 16:24
@!@!@ENDMSG 2775 @!@!@
@!@!@STARTMSG 2221:0 @!@!@
  ||||||||line 190, col 91 to line 190, col 135 of module pipeline_exec_ooo: 12
@!@!@ENDMSG 2221 @!@!@
@!@!@STARTMSG 2221:0 @!@!@
  ||||||||line 190, col 65 to line 190, col 87 of module pipeline_exec_ooo: 16
@!@!@ENDMSG 2221 @!@!@
@!@!@STARTMSG 2221:0 @!@!@
  |||||||||line 190, col 65 to line 190, col 71 of module pipeline_exec_ooo: 16
@!@!@ENDMSG 2221 @!@!@
@!@!@STARTMSG 2221:0 @!@!@
  |||||||||line 190, col 74 to line 190, col 87 of module pipeline_exec_ooo: 16
@!@!@ENDMSG 2221 @!@!@
@!@!@STARTMSG 2221:0 @!@!@
  ||||||||||line 190, col 74 to line 190, col 85 of module pipeline_exec_ooo: 16
@!@!@ENDMSG 2221 @!@!@
@!@!@STARTMSG 2221:0 @!@!@
  |||||||||||line 41, col 21 to line 41, col 73 of module pipeline_exec_ooo: 16
@!@!@ENDMSG 2221 @!@!@
@!@!@STARTMSG 2221:0 @!@!@
  ||||||||||||line 41, col 54 to line 41, col 73 of module pipeline_exec_ooo: 28
@!@!@ENDMSG 2221 @!@!@
@!@!@STARTMSG 2221:0 @!@!@
  ||||||||||||line 41, col 34 to line 41, col 50 of module pipeline_exec_ooo: 16
@!@!@ENDMSG 2221 @!@!@
@!@!@STARTMSG 2221:0 @!@!@
  |||||||||||line 190, col 84 to line 190, col 84 of module pipeline_exec_ooo: 16
@!@!@ENDMSG 2221 @!@!@
@!@!@STARTMSG 2221:0 @!@!@
  |||||||line 193, col 143 to line 193, col 154 of module pipeline_exec_ooo: 16
@!@!@ENDMSG 2221 @!@!@
@!@!@STARTMSG 2775:0 @!@!@
  |||||line 194, col 67 to line 194, col 129 of module pipeline_exec_ooo: 56:72
@!@!@ENDMSG 2775 @!@!@
@!@!@STARTMSG 2221:0 @!@!@
  ||||||line 194, col 84 to line 194, col 127 of module pipeline_exec_ooo: 224
@!@!@ENDMSG 2221 @!@!@
@!@!@STARTMSG 2221:0 @!@!@
  |||||||line 194, col 84 to line 194, col 105 of module pipeline_exec_ooo: 224
@!@!@ENDMSG 2221 @!@!@
@!@!@STARTMSG 2221:0 @!@!@
  |||||||line 194, col 110 to line 194, col 127 of module pipeline_exec_ooo: 40
@!@!@ENDMSG 2221 @!@!@
@!@!@STARTMSG 2221:0 @!@!@
  ||||||line 194, col 75 to line 194, col 81 of module pipeline_exec_ooo: 56
@!@!@ENDMSG 2221 @!@!@
@!@!@STARTMSG 2221:0 @!@!@
  line 210, col 20 to line 211, col 50 of module pipeline_exec_ooo: 56
@!@!@ENDMSG 2221 @!@!@
@!@!@STARTMSG 2221:0 @!@!@
  |line 211, col 26 to line 211, col 39 of module pipeline_exec_ooo: 352
@!@!@ENDMSG 2221 @!@!@
@!@!@STARTMSG 2221:0 @!@!@
  |line 211, col 44 to line 211, col 50 of module pipeline_exec_ooo: 176
@!@!@ENDMSG 2221 @!@!@
@!@!@STARTMSG 2221:0 @!@!@
  |line 210, col 29 to line 210, col 49 of module pipeline_exec_ooo: 56
@!@!@ENDMSG 2221 @!@!@
@!@!@STARTMSG 2221:0 @!@!@
  line 212, col 22 to line 212, col 47 of module pipeline_exec_ooo: 55
@!@!@ENDMSG 2221 @!@!@
@!@!@STARTMSG 2221:0 @!@!@
  |line 212, col 35 to line 212, col 47 of module pipeline_exec_ooo: 56
@!@!@ENDMSG 2221 @!@!@
@!@!@STARTMSG 2221:0 @!@!@
  line 213, col 22 to line 213, col 46 of module pipeline_exec_ooo: 0
@!@!@ENDMSG 2221 @!@!@
@!@!@STARTMSG 2221:0 @!@!@
  line 215, col 37 to line 215, col 55 of module pipeline_exec_ooo: 55
@!@!@ENDMSG 2221 @!@!@
@!@!@STARTMSG 2221:0 @!@!@
  line 54, col 15 to line 55, col 49 of module pipeline_ooo: 56
@!@!@ENDMSG 2221 @!@!@
@!@!@STARTMSG 2221:0 @!@!@
  |line 54, col 18 to line 54, col 24 of module pipeline_ooo: 56
@!@!@ENDMSG 2221 @!@!@
@!@!@STARTMSG 2221:0 @!@!@
  ||line 36, col 12 to line 41, col 57 of module pipeline_ooo: 56
@!@!@ENDMSG 2221 @!@!@
@!@!@STARTMSG 2221:0 @!@!@
  |||line 36, col 15 to line 36, col 44 of module pipeline_ooo: 56
@!@!@ENDMSG 2221 @!@!@
@!@!@STARTMSG 2221:0 @!@!@
  ||||line 36, col 15 to line 36, col 34 of module pipeline_ooo: 56
@!@!@ENDMSG 2221 @!@!@
@!@!@STARTMSG 2221:0 @!@!@
  |||||line 36, col 15 to line 36, col 24 of module pipeline_ooo: 56
@!@!@ENDMSG 2221 @!@!@
@!@!@STARTMSG 2221:0 @!@!@
  ||||||line 17, col 15 to line 17, col 42 of module pipeline_ooo: 56
@!@!@ENDMSG 2221 @!@!@
@!@!@STARTMSG 2221:0 @!@!@
  |||||||line 17, col 15 to line 17, col 38 of module pipeline_ooo: 56
@!@!@ENDMSG 2221 @!@!@
@!@!@STARTMSG 2221:0 @!@!@
  ||||||||line 8, col 11 to line 8, col 68 of module instructions_ooo: 56
@!@!@ENDMSG 2221 @!@!@
@!@!@STARTMSG 2221:0 @!@!@
  |||||||||line 8, col 14 to line 8, col 19 of module instructions_ooo: 56
@!@!@ENDMSG 2221 @!@!@
@!@!@STARTMSG 2221:0 @!@!@
  |||||||||line 8, col 33 to line 8, col 68 of module instructions_ooo: 56
@!@!@ENDMSG 2221 @!@!@
@!@!@STARTMSG 2221:0 @!@!@
  ||||||||||line 8, col 50 to line 8, col 68 of module instructions_ooo: 56
@!@!@ENDMSG 2221 @!@!@
@!@!@STARTMSG 2221:0 @!@!@
  |||||||||||line 8, col 63 to line 8, col 68 of module instructions_ooo: 77
@!@!@ENDMSG 2221 @!@!@
@!@!@STARTMSG 2221:0 @!@!@
  |||||||||||line 8, col 59 to line 8, col 59 of module instructions_ooo: 56
@!@!@ENDMSG 2221 @!@!@
@!@!@STARTMSG 2221:0 @!@!@
  ||||||||||line 8, col 46 to line 8, col 46 of module instructions_ooo: 56
@!@!@ENDMSG 2221 @!@!@
@!@!@STARTMSG 2775:0 @!@!@
  ||||||||line 17, col 19 to line 17, col 37 of module pipeline_ooo: 56:189
@!@!@ENDMSG 2775 @!@!@
@!@!@STARTMSG 2221:0 @!@!@
  |||||||||line 17, col 20 to line 17, col 26 of module pipeline_ooo: 56
@!@!@ENDMSG 2221 @!@!@
@!@!@STARTMSG 2221:0 @!@!@
  |||||||||line 17, col 29 to line 17, col 36 of module pipeline_ooo: 56
@!@!@ENDMSG 2221 @!@!@
@!@!@STARTMSG 2221:0 @!@!@
  |||||line 36, col 26 to line 36, col 34 of module pipeline_ooo: 56
@!@!@ENDMSG 2221 @!@!@
@!@!@STARTMSG 2221:0 @!@!@
  ||||line 36, col 38 to line 36, col 44 of module pipeline_ooo: 56
@!@!@ENDMSG 2221 @!@!@
@!@!@STARTMSG 2221:0 @!@!@
  |||line 37, col 15 to line 41, col 57 of module pipeline_ooo: 56
@!@!@ENDMSG 2221 @!@!@
@!@!@STARTMSG 2221:0 @!@!@
  ||||line 37, col 18 to line 37, col 46 of module pipeline_ooo: 56
@!@!@ENDMSG 2221 @!@!@
@!@!@STARTMSG 2221:0 @!@!@
  |||||line 37, col 18 to line 37, col 29 of module pipeline_ooo: 56
@!@!@ENDMSG 2221 @!@!@
@!@!@STARTMSG 2221:0 @!@!@
  |||||line 37, col 34 to line 37, col 46 of module pipeline_ooo: 44
@!@!@ENDMSG 2221 @!@!@
@!@!@STARTMSG 2221:0 @!@!@
  ||||line 38, col 18 to line 38, col 82 of module pipeline_ooo: 44
@!@!@ENDMSG 2221 @!@!@
@!@!@STARTMSG 2221:0 @!@!@
  |||||line 38, col 18 to line 38, col 60 of module pipeline_ooo: 44
@!@!@ENDMSG 2221 @!@!@
@!@!@STARTMSG 2221:0 @!@!@
  |||||line 38, col 65 to line 38, col 82 of module pipeline_ooo: 40
@!@!@ENDMSG 2221 @!@!@
@!@!@STARTMSG 2221:0 @!@!@
  ||||line 39, col 18 to line 39, col 86 of module pipeline_ooo: 6
@!@!@ENDMSG 2221 @!@!@
@!@!@STARTMSG 2221:0 @!@!@
  line 56, col 17 to line 56, col 39 of module pipeline_ooo: 0
@!@!@ENDMSG 2221 @!@!@
@!@!@STARTMSG 2221:0 @!@!@
  line 56, col 46 to line 56, col 64 of module pipeline_ooo: 55
@!@!@ENDMSG 2221 @!@!@
@!@!@STARTMSG 2774:0 @!@!@
<inv_167415153230837000 line 69, col 1 to line 69, col 22 of module MC>
@!@!@ENDMSG 2774 @!@!@
@!@!@STARTMSG 2221:0 @!@!@
  line 70, col 1 to line 70, col 10 of module MC: 27
@!@!@ENDMSG 2221 @!@!@
@!@!@STARTMSG 2221:0 @!@!@
  |line 43, col 18 to line 43, col 69 of module pipeline_ooo: 27
@!@!@ENDMSG 2221 @!@!@
@!@!@STARTMSG 2221:0 @!@!@
  ||line 43, col 18 to line 43, col 24 of module pipeline_ooo: 27
@!@!@ENDMSG 2221 @!@!@
@!@!@STARTMSG 2221:0 @!@!@
  |||line 36, col 12 to line 41, col 57 of module pipeline_ooo: 27
@!@!@ENDMSG 2221 @!@!@
@!@!@STARTMSG 2221:0 @!@!@
  ||||line 36, col 15 to line 36, col 44 of module pipeline_ooo: 27
@!@!@ENDMSG 2221 @!@!@
@!@!@STARTMSG 2221:0 @!@!@
  |||||line 36, col 15 to line 36, col 34 of module pipeline_ooo: 27
@!@!@ENDMSG 2221 @!@!@
@!@!@STARTMSG 2221:0 @!@!@
  ||||||line 36, col 15 to line 36, col 24 of module pipeline_ooo: 27
@!@!@ENDMSG 2221 @!@!@
@!@!@STARTMSG 2221:0 @!@!@
  |||||||line 17, col 15 to line 17, col 42 of module pipeline_ooo: 27
@!@!@ENDMSG 2221 @!@!@
@!@!@STARTMSG 2221:0 @!@!@
  ||||||||line 17, col 15 to line 17, col 38 of module pipeline_ooo: 27
@!@!@ENDMSG 2221 @!@!@
@!@!@STARTMSG 2221:0 @!@!@
  |||||||||line 8, col 11 to line 8, col 68 of module instructions_ooo: 27
@!@!@ENDMSG 2221 @!@!@
@!@!@STARTMSG 2221:0 @!@!@
  ||||||||||line 8, col 14 to line 8, col 19 of module instructions_ooo: 27
@!@!@ENDMSG 2221 @!@!@
@!@!@STARTMSG 2221:0 @!@!@
  ||||||||||line 8, col 33 to line 8, col 68 of module instructions_ooo: 27
@!@!@ENDMSG 2221 @!@!@
@!@!@STARTMSG 2221:0 @!@!@
  |||||||||||line 8, col 50 to line 8, col 68 of module instructions_ooo: 27
@!@!@ENDMSG 2221 @!@!@
@!@!@STARTMSG 2221:0 @!@!@
  ||||||||||||line 8, col 63 to line 8, col 68 of module instructions_ooo: 34
@!@!@ENDMSG 2221 @!@!@
@!@!@STARTMSG 2221:0 @!@!@
  ||||||||||||line 8, col 59 to line 8, col 59 of module instructions_ooo: 27
@!@!@ENDMSG 2221 @!@!@
@!@!@STARTMSG 2221:0 @!@!@
  |||||||||||line 8, col 46 to line 8, col 46 of module instructions_ooo: 27
@!@!@ENDMSG 2221 @!@!@
@!@!@STARTMSG 2775:0 @!@!@
  |||||||||line 17, col 19 to line 17, col 37 of module pipeline_ooo: 27:88
@!@!@ENDMSG 2775 @!@!@
@!@!@STARTMSG 2221:0 @!@!@
  ||||||||||line 17, col 20 to line 17, col 26 of module pipeline_ooo: 27
@!@!@ENDMSG 2221 @!@!@
@!@!@STARTMSG 2221:0 @!@!@
  ||||||||||line 17, col 29 to line 17, col 36 of module pipeline_ooo: 27
@!@!@ENDMSG 2221 @!@!@
@!@!@STARTMSG 2221:0 @!@!@
  ||||||line 36, col 26 to line 36, col 34 of module pipeline_ooo: 27
@!@!@ENDMSG 2221 @!@!@
@!@!@STARTMSG 2221:0 @!@!@
  |||||line 36, col 38 to line 36, col 44 of module pipeline_ooo: 27
@!@!@ENDMSG 2221 @!@!@
@!@!@STARTMSG 2221:0 @!@!@
  ||||line 37, col 15 to line 41, col 57 of module pipeline_ooo: 27
@!@!@ENDMSG 2221 @!@!@
@!@!@STARTMSG 2221:0 @!@!@
  |||||line 37, col 18 to line 37, col 46 of module pipeline_ooo: 27
@!@!@ENDMSG 2221 @!@!@
@!@!@STARTMSG 2221:0 @!@!@
  ||||||line 37, col 18 to line 37, col 29 of module pipeline_ooo: 27
@!@!@ENDMSG 2221 @!@!@
@!@!@STARTMSG 2221:0 @!@!@
  ||||||line 37, col 34 to line 37, col 46 of module pipeline_ooo: 24
@!@!@ENDMSG 2221 @!@!@
@!@!@STARTMSG 2221:0 @!@!@
  |||||line 38, col 18 to line 38, col 82 of module pipeline_ooo: 24
@!@!@ENDMSG 2221 @!@!@
@!@!@STARTMSG 2221:0 @!@!@
  ||||||line 38, col 18 to line 38, col 60 of module pipeline_ooo: 24
@!@!@ENDMSG 2221 @!@!@
@!@!@STARTMSG 2221:0 @!@!@
  ||||||line 38, col 65 to line 38, col 82 of module pipeline_ooo: 22
@!@!@ENDMSG 2221 @!@!@
@!@!@STARTMSG 2221:0 @!@!@
  |||||line 39, col 18 to line 39, col 86 of module pipeline_ooo: 4
@!@!@ENDMSG 2221 @!@!@
@!@!@STARTMSG 2221:0 @!@!@
  |||||line 40, col 18 to line 40, col 55 of module pipeline_ooo: 2
@!@!@ENDMSG 2221 @!@!@
@!@!@STARTMSG 2221:0 @!@!@
  |||||line 41, col 18 to line 41, col 57 of module pipeline_ooo: 2
@!@!@ENDMSG 2221 @!@!@
@!@!@STARTMSG 2221:0 @!@!@
  ||line 43, col 29 to line 43, col 69 of module pipeline_ooo: 2
@!@!@ENDMSG 2221 @!@!@
@!@!@STARTMSG 2221:0 @!@!@
  |line 70, col 6 to line 70, col 9 of module MC: 2
@!@!@ENDMSG 2221 @!@!@
@!@!@STARTMSG 2202:0 @!@!@
End of statistics.
@!@!@ENDMSG 2202 @!@!@
@!@!@STARTMSG 2200:0 @!@!@
Progress(15) at 2025-03-12 17:02:58: 27 states generated (1,126 s/min), 27 distinct states found (1,126 ds/min), 1 states left on queue.
@!@!@ENDMSG 2200 @!@!@
@!@!@STARTMSG 2199:0 @!@!@
27 states generated, 27 distinct states found, 1 states left on queue.
@!@!@ENDMSG 2199 @!@!@
@!@!@STARTMSG 2194:0 @!@!@
The depth of the complete state graph search is 15.
@!@!@ENDMSG 2194 @!@!@
@!@!@STARTMSG 2186:0 @!@!@
Finished in 1443ms at (2025-03-12 17:02:58)
@!@!@ENDMSG 2186 @!@!@
