@!@!@STARTMSG 2262:0 @!@!@
TLC2 Version 2.16 of 31 December 2020 (rev: cdddf55)
@!@!@ENDMSG 2262 @!@!@
@!@!@STARTMSG 2187:0 @!@!@
Running breadth-first search Model-Checking with fp 8 and seed 31171930914166083 with 2 workers on 4 cores with 1161MB heap and 2609MB offheap memory [pid: 5409] (Linux 5.4.0-74-generic amd64, AdoptOpenJDK 14.0.1 x86_64, OffHeapDiskFPSet, DiskStateQueue).
@!@!@ENDMSG 2187 @!@!@
@!@!@STARTMSG 2220:0 @!@!@
Starting SANY...
@!@!@ENDMSG 2220 @!@!@
Parsing file /home/benjaminbinder/Documents/timing-anomalies/tla/OoO/pipeline_ooo.toolbox/double_var/MC.tla
Parsing file /home/benjaminbinder/Documents/timing-anomalies/tla/OoO/pipeline_ooo.toolbox/double_var/pipeline_ooo.tla
Parsing file /usr/tla_toolbox/plugins/org.lamport.tlatools_1.0.0.202012311918/tla2sany/StandardModules/TLC.tla
Parsing file /usr/tla_toolbox/plugins/org.lamport.tlatools_1.0.0.202012311918/tla2sany/StandardModules/Sequences.tla
Parsing file /home/benjaminbinder/Documents/timing-anomalies/tla/OoO/pipeline_ooo.toolbox/double_var/instructions_ooo.tla
Parsing file /usr/tla_toolbox/plugins/org.lamport.tlatools_1.0.0.202012311918/tla2sany/StandardModules/Integers.tla
Parsing file /usr/tla_toolbox/plugins/org.lamport.tlatools_1.0.0.202012311918/tla2sany/StandardModules/FiniteSets.tla
Parsing file /usr/tla_toolbox/plugins/org.lamport.tlatools_1.0.0.202012311918/tla2sany/StandardModules/Naturals.tla
Parsing file /home/benjaminbinder/Documents/timing-anomalies/tla/OoO/pipeline_ooo.toolbox/double_var/pipeline_exec_ooo.tla
Semantic processing of module Naturals
Semantic processing of module Sequences
Semantic processing of module Integers
Semantic processing of module instructions_ooo
Semantic processing of module FiniteSets
Semantic processing of module TLC
Semantic processing of module pipeline_exec_ooo
Semantic processing of module pipeline_ooo
Semantic processing of module MC
@!@!@STARTMSG 2219:0 @!@!@
SANY finished.
@!@!@ENDMSG 2219 @!@!@
@!@!@STARTMSG 2185:0 @!@!@
Starting... (2021-06-30 20:25:14)
@!@!@ENDMSG 2185 @!@!@
@!@!@STARTMSG 2189:0 @!@!@
Computing initial states...
@!@!@ENDMSG 2189 @!@!@
@!@!@STARTMSG 2776:0 @!@!@
CostModel lookup failed for expression <line 31, col 12 to line 35, col 25 of module pipeline_ooo>. Reporting costs into <line 42, col 38 to line 42, col 43 of module pipeline_ooo> instead (Safety and Liveness checking is unaffected. Please report a bug.)
@!@!@ENDMSG 2776 @!@!@
@!@!@STARTMSG 2776:0 @!@!@
CostModel lookup failed for expression <line 31, col 15 to line 31, col 19 of module pipeline_ooo>. Reporting costs into <line 42, col 38 to line 42, col 43 of module pipeline_ooo> instead (Safety and Liveness checking is unaffected. Please report a bug.)
@!@!@ENDMSG 2776 @!@!@
@!@!@STARTMSG 2776:0 @!@!@
CostModel lookup failed for expression <line 6, col 1 to line 6, col 4 of module MC>. Reporting costs into <line 42, col 38 to line 42, col 43 of module pipeline_ooo> instead (Safety and Liveness checking is unaffected. Please report a bug.)
@!@!@ENDMSG 2776 @!@!@
@!@!@STARTMSG 2776:0 @!@!@
CostModel lookup failed for expression <line 32, col 17 to line 34, col 37 of module pipeline_ooo>. Reporting costs into <line 42, col 38 to line 42, col 43 of module pipeline_ooo> instead (Safety and Liveness checking is unaffected. Please report a bug.)
@!@!@ENDMSG 2776 @!@!@
@!@!@STARTMSG 2776:0 @!@!@
CostModel lookup failed for expression <line 32, col 20 to line 32, col 30 of module pipeline_ooo>. Reporting costs into <line 42, col 38 to line 42, col 43 of module pipeline_ooo> instead (Safety and Liveness checking is unaffected. Please report a bug.)
@!@!@ENDMSG 2776 @!@!@
@!@!@STARTMSG 2776:0 @!@!@
CostModel lookup failed for expression <line 32, col 20 to line 32, col 26 of module pipeline_ooo>. Reporting costs into <line 42, col 38 to line 42, col 43 of module pipeline_ooo> instead (Safety and Liveness checking is unaffected. Please report a bug.)
@!@!@ENDMSG 2776 @!@!@
@!@!@STARTMSG 2776:0 @!@!@
CostModel lookup failed for expression <line 45, col 1 to line 45, col 2 of module MC>. Reporting costs into <line 42, col 38 to line 42, col 43 of module pipeline_ooo> instead (Safety and Liveness checking is unaffected. Please report a bug.)
@!@!@ENDMSG 2776 @!@!@
@!@!@STARTMSG 2776:0 @!@!@
CostModel lookup failed for expression <line 34, col 22 to line 34, col 37 of module pipeline_ooo>. Reporting costs into <line 42, col 38 to line 42, col 43 of module pipeline_ooo> instead (Safety and Liveness checking is unaffected. Please report a bug.)
@!@!@ENDMSG 2776 @!@!@
@!@!@STARTMSG 2776:0 @!@!@
CostModel lookup failed for expression <line 34, col 22 to line 34, col 31 of module pipeline_ooo>. Reporting costs into <line 42, col 38 to line 42, col 43 of module pipeline_ooo> instead (Safety and Liveness checking is unaffected. Please report a bug.)
@!@!@ENDMSG 2776 @!@!@
@!@!@STARTMSG 2776:0 @!@!@
CostModel lookup failed for expression <line 34, col 22 to line 34, col 28 of module pipeline_ooo>. Reporting costs into <line 42, col 38 to line 42, col 43 of module pipeline_ooo> instead (Safety and Liveness checking is unaffected. Please report a bug.)
@!@!@ENDMSG 2776 @!@!@
@!@!@STARTMSG 2776:0 @!@!@
CostModel lookup failed for expression <line 11, col 1 to line 15, col 6 of module MC>. Reporting costs into <line 42, col 38 to line 42, col 43 of module pipeline_ooo> instead (Safety and Liveness checking is unaffected. Please report a bug.)
@!@!@ENDMSG 2776 @!@!@
@!@!@STARTMSG 2776:0 @!@!@
CostModel lookup failed for expression <line 11, col 4 to line 11, col 73 of module MC>. Reporting costs into <line 42, col 38 to line 42, col 43 of module pipeline_ooo> instead (Safety and Liveness checking is unaffected. Please report a bug.)
@!@!@ENDMSG 2776 @!@!@
@!@!@STARTMSG 2776:0 @!@!@
CostModel lookup failed for expression <line 11, col 6 to line 11, col 13 of module MC>. Reporting costs into <line 42, col 38 to line 42, col 43 of module pipeline_ooo> instead (Safety and Liveness checking is unaffected. Please report a bug.)
@!@!@ENDMSG 2776 @!@!@
@!@!@STARTMSG 2776:0 @!@!@
CostModel lookup failed for expression <line 11, col 16 to line 11, col 27 of module MC>. Reporting costs into <line 42, col 38 to line 42, col 43 of module pipeline_ooo> instead (Safety and Liveness checking is unaffected. Please report a bug.)
@!@!@ENDMSG 2776 @!@!@
@!@!@STARTMSG 2776:0 @!@!@
CostModel lookup failed for expression <line 11, col 25 to line 11, col 27 of module MC>. Reporting costs into <line 42, col 38 to line 42, col 43 of module pipeline_ooo> instead (Safety and Liveness checking is unaffected. Please report a bug.)
@!@!@ENDMSG 2776 @!@!@
@!@!@STARTMSG 2776:0 @!@!@
CostModel lookup failed for expression <line 11, col 30 to line 11, col 40 of module MC>. Reporting costs into <line 42, col 38 to line 42, col 43 of module pipeline_ooo> instead (Safety and Liveness checking is unaffected. Please report a bug.)
@!@!@ENDMSG 2776 @!@!@
@!@!@STARTMSG 2776:0 @!@!@
CostModel lookup failed for expression <line 11, col 38 to line 11, col 40 of module MC>. Reporting costs into <line 42, col 38 to line 42, col 43 of module pipeline_ooo> instead (Safety and Liveness checking is unaffected. Please report a bug.)
@!@!@ENDMSG 2776 @!@!@
@!@!@STARTMSG 2776:0 @!@!@
CostModel lookup failed for expression <line 11, col 43 to line 11, col 52 of module MC>. Reporting costs into <line 42, col 38 to line 42, col 43 of module pipeline_ooo> instead (Safety and Liveness checking is unaffected. Please report a bug.)
@!@!@ENDMSG 2776 @!@!@
@!@!@STARTMSG 2776:0 @!@!@
CostModel lookup failed for expression <line 11, col 51 to line 11, col 52 of module MC>. Reporting costs into <line 42, col 38 to line 42, col 43 of module pipeline_ooo> instead (Safety and Liveness checking is unaffected. Please report a bug.)
@!@!@ENDMSG 2776 @!@!@
@!@!@STARTMSG 2776:0 @!@!@
CostModel lookup failed for expression <line 11, col 55 to line 11, col 71 of module MC>. Reporting costs into <line 42, col 38 to line 42, col 43 of module pipeline_ooo> instead (Safety and Liveness checking is unaffected. Please report a bug.)
@!@!@ENDMSG 2776 @!@!@
@!@!@STARTMSG 2776:0 @!@!@
CostModel lookup failed for expression <line 11, col 65 to line 11, col 71 of module MC>. Reporting costs into <line 42, col 38 to line 42, col 43 of module pipeline_ooo> instead (Safety and Liveness checking is unaffected. Please report a bug.)
@!@!@ENDMSG 2776 @!@!@
@!@!@STARTMSG 2776:0 @!@!@
CostModel lookup failed for expression <line 12, col 4 to line 12, col 75 of module MC>. Reporting costs into <line 42, col 38 to line 42, col 43 of module pipeline_ooo> instead (Safety and Liveness checking is unaffected. Please report a bug.)
@!@!@ENDMSG 2776 @!@!@
@!@!@STARTMSG 2776:0 @!@!@
CostModel lookup failed for expression <line 12, col 6 to line 12, col 13 of module MC>. Reporting costs into <line 42, col 38 to line 42, col 43 of module pipeline_ooo> instead (Safety and Liveness checking is unaffected. Please report a bug.)
@!@!@ENDMSG 2776 @!@!@
@!@!@STARTMSG 2776:0 @!@!@
CostModel lookup failed for expression <line 12, col 16 to line 12, col 27 of module MC>. Reporting costs into <line 42, col 38 to line 42, col 43 of module pipeline_ooo> instead (Safety and Liveness checking is unaffected. Please report a bug.)
@!@!@ENDMSG 2776 @!@!@
@!@!@STARTMSG 2776:0 @!@!@
CostModel lookup failed for expression <line 12, col 25 to line 12, col 27 of module MC>. Reporting costs into <line 42, col 38 to line 42, col 43 of module pipeline_ooo> instead (Safety and Liveness checking is unaffected. Please report a bug.)
@!@!@ENDMSG 2776 @!@!@
@!@!@STARTMSG 2776:0 @!@!@
CostModel lookup failed for expression <line 12, col 30 to line 12, col 42 of module MC>. Reporting costs into <line 42, col 38 to line 42, col 43 of module pipeline_ooo> instead (Safety and Liveness checking is unaffected. Please report a bug.)
@!@!@ENDMSG 2776 @!@!@
@!@!@STARTMSG 2776:0 @!@!@
CostModel lookup failed for expression <line 12, col 38 to line 12, col 42 of module MC>. Reporting costs into <line 42, col 38 to line 42, col 43 of module pipeline_ooo> instead (Safety and Liveness checking is unaffected. Please report a bug.)
@!@!@ENDMSG 2776 @!@!@
@!@!@STARTMSG 2776:0 @!@!@
CostModel lookup failed for expression <line 12, col 45 to line 12, col 54 of module MC>. Reporting costs into <line 42, col 38 to line 42, col 43 of module pipeline_ooo> instead (Safety and Liveness checking is unaffected. Please report a bug.)
@!@!@ENDMSG 2776 @!@!@
@!@!@STARTMSG 2776:0 @!@!@
CostModel lookup failed for expression <line 12, col 53 to line 12, col 54 of module MC>. Reporting costs into <line 42, col 38 to line 42, col 43 of module pipeline_ooo> instead (Safety and Liveness checking is unaffected. Please report a bug.)
@!@!@ENDMSG 2776 @!@!@
@!@!@STARTMSG 2776:0 @!@!@
CostModel lookup failed for expression <line 12, col 57 to line 12, col 73 of module MC>. Reporting costs into <line 42, col 38 to line 42, col 43 of module pipeline_ooo> instead (Safety and Liveness checking is unaffected. Please report a bug.)
@!@!@ENDMSG 2776 @!@!@
@!@!@STARTMSG 2776:0 @!@!@
CostModel lookup failed for expression <line 12, col 67 to line 12, col 73 of module MC>. Reporting costs into <line 42, col 38 to line 42, col 43 of module pipeline_ooo> instead (Safety and Liveness checking is unaffected. Please report a bug.)
@!@!@ENDMSG 2776 @!@!@
@!@!@STARTMSG 2776:0 @!@!@
CostModel lookup failed for expression <line 12, col 68 to line 12, col 72 of module MC>. Reporting costs into <line 42, col 38 to line 42, col 43 of module pipeline_ooo> instead (Safety and Liveness checking is unaffected. Please report a bug.)
@!@!@ENDMSG 2776 @!@!@
@!@!@STARTMSG 2776:0 @!@!@
CostModel lookup failed for expression <line 13, col 4 to line 13, col 73 of module MC>. Reporting costs into <line 42, col 38 to line 42, col 43 of module pipeline_ooo> instead (Safety and Liveness checking is unaffected. Please report a bug.)
@!@!@ENDMSG 2776 @!@!@
@!@!@STARTMSG 2776:0 @!@!@
CostModel lookup failed for expression <line 13, col 6 to line 13, col 13 of module MC>. Reporting costs into <line 42, col 38 to line 42, col 43 of module pipeline_ooo> instead (Safety and Liveness checking is unaffected. Please report a bug.)
@!@!@ENDMSG 2776 @!@!@
@!@!@STARTMSG 2776:0 @!@!@
CostModel lookup failed for expression <line 13, col 16 to line 13, col 27 of module MC>. Reporting costs into <line 42, col 38 to line 42, col 43 of module pipeline_ooo> instead (Safety and Liveness checking is unaffected. Please report a bug.)
@!@!@ENDMSG 2776 @!@!@
@!@!@STARTMSG 2776:0 @!@!@
CostModel lookup failed for expression <line 13, col 25 to line 13, col 27 of module MC>. Reporting costs into <line 42, col 38 to line 42, col 43 of module pipeline_ooo> instead (Safety and Liveness checking is unaffected. Please report a bug.)
@!@!@ENDMSG 2776 @!@!@
@!@!@STARTMSG 2776:0 @!@!@
CostModel lookup failed for expression <line 13, col 30 to line 13, col 40 of module MC>. Reporting costs into <line 42, col 38 to line 42, col 43 of module pipeline_ooo> instead (Safety and Liveness checking is unaffected. Please report a bug.)
@!@!@ENDMSG 2776 @!@!@
@!@!@STARTMSG 2776:0 @!@!@
CostModel lookup failed for expression <line 13, col 38 to line 13, col 40 of module MC>. Reporting costs into <line 42, col 38 to line 42, col 43 of module pipeline_ooo> instead (Safety and Liveness checking is unaffected. Please report a bug.)
@!@!@ENDMSG 2776 @!@!@
@!@!@STARTMSG 2776:0 @!@!@
CostModel lookup failed for expression <line 13, col 43 to line 13, col 52 of module MC>. Reporting costs into <line 42, col 38 to line 42, col 43 of module pipeline_ooo> instead (Safety and Liveness checking is unaffected. Please report a bug.)
@!@!@ENDMSG 2776 @!@!@
@!@!@STARTMSG 2776:0 @!@!@
CostModel lookup failed for expression <line 13, col 51 to line 13, col 52 of module MC>. Reporting costs into <line 42, col 38 to line 42, col 43 of module pipeline_ooo> instead (Safety and Liveness checking is unaffected. Please report a bug.)
@!@!@ENDMSG 2776 @!@!@
@!@!@STARTMSG 2776:0 @!@!@
CostModel lookup failed for expression <line 13, col 55 to line 13, col 71 of module MC>. Reporting costs into <line 42, col 38 to line 42, col 43 of module pipeline_ooo> instead (Safety and Liveness checking is unaffected. Please report a bug.)
@!@!@ENDMSG 2776 @!@!@
@!@!@STARTMSG 2776:0 @!@!@
CostModel lookup failed for expression <line 13, col 65 to line 13, col 71 of module MC>. Reporting costs into <line 42, col 38 to line 42, col 43 of module pipeline_ooo> instead (Safety and Liveness checking is unaffected. Please report a bug.)
@!@!@ENDMSG 2776 @!@!@
@!@!@STARTMSG 2776:0 @!@!@
CostModel lookup failed for expression <line 13, col 66 to line 13, col 70 of module MC>. Reporting costs into <line 42, col 38 to line 42, col 43 of module pipeline_ooo> instead (Safety and Liveness checking is unaffected. Please report a bug.)
@!@!@ENDMSG 2776 @!@!@
@!@!@STARTMSG 2776:0 @!@!@
CostModel lookup failed for expression <line 14, col 4 to line 14, col 73 of module MC>. Reporting costs into <line 42, col 38 to line 42, col 43 of module pipeline_ooo> instead (Safety and Liveness checking is unaffected. Please report a bug.)
@!@!@ENDMSG 2776 @!@!@
@!@!@STARTMSG 2776:0 @!@!@
CostModel lookup failed for expression <line 14, col 6 to line 14, col 13 of module MC>. Reporting costs into <line 42, col 38 to line 42, col 43 of module pipeline_ooo> instead (Safety and Liveness checking is unaffected. Please report a bug.)
@!@!@ENDMSG 2776 @!@!@
@!@!@STARTMSG 2776:0 @!@!@
CostModel lookup failed for expression <line 14, col 16 to line 14, col 27 of module MC>. Reporting costs into <line 42, col 38 to line 42, col 43 of module pipeline_ooo> instead (Safety and Liveness checking is unaffected. Please report a bug.)
@!@!@ENDMSG 2776 @!@!@
@!@!@STARTMSG 2776:0 @!@!@
CostModel lookup failed for expression <line 14, col 25 to line 14, col 27 of module MC>. Reporting costs into <line 42, col 38 to line 42, col 43 of module pipeline_ooo> instead (Safety and Liveness checking is unaffected. Please report a bug.)
@!@!@ENDMSG 2776 @!@!@
@!@!@STARTMSG 2776:0 @!@!@
CostModel lookup failed for expression <line 14, col 30 to line 14, col 40 of module MC>. Reporting costs into <line 42, col 38 to line 42, col 43 of module pipeline_ooo> instead (Safety and Liveness checking is unaffected. Please report a bug.)
@!@!@ENDMSG 2776 @!@!@
@!@!@STARTMSG 2776:0 @!@!@
CostModel lookup failed for expression <line 14, col 38 to line 14, col 40 of module MC>. Reporting costs into <line 42, col 38 to line 42, col 43 of module pipeline_ooo> instead (Safety and Liveness checking is unaffected. Please report a bug.)
@!@!@ENDMSG 2776 @!@!@
@!@!@STARTMSG 2776:0 @!@!@
CostModel lookup failed for expression <line 14, col 43 to line 14, col 52 of module MC>. Reporting costs into <line 42, col 38 to line 42, col 43 of module pipeline_ooo> instead (Safety and Liveness checking is unaffected. Please report a bug.)
@!@!@ENDMSG 2776 @!@!@
@!@!@STARTMSG 2776:0 @!@!@
CostModel lookup failed for expression <line 14, col 51 to line 14, col 52 of module MC>. Reporting costs into <line 42, col 38 to line 42, col 43 of module pipeline_ooo> instead (Safety and Liveness checking is unaffected. Please report a bug.)
@!@!@ENDMSG 2776 @!@!@
@!@!@STARTMSG 2776:0 @!@!@
CostModel lookup failed for expression <line 14, col 55 to line 14, col 71 of module MC>. Reporting costs into <line 42, col 38 to line 42, col 43 of module pipeline_ooo> instead (Safety and Liveness checking is unaffected. Please report a bug.)
@!@!@ENDMSG 2776 @!@!@
@!@!@STARTMSG 2776:0 @!@!@
CostModel lookup failed for expression <line 14, col 65 to line 14, col 71 of module MC>. Reporting costs into <line 42, col 38 to line 42, col 43 of module pipeline_ooo> instead (Safety and Liveness checking is unaffected. Please report a bug.)
@!@!@ENDMSG 2776 @!@!@
@!@!@STARTMSG 2776:0 @!@!@
CostModel lookup failed for expression <line 14, col 66 to line 14, col 70 of module MC>. Reporting costs into <line 42, col 38 to line 42, col 43 of module pipeline_ooo> instead (Safety and Liveness checking is unaffected. Please report a bug.)
@!@!@ENDMSG 2776 @!@!@
@!@!@STARTMSG 2776:0 @!@!@
CostModel lookup failed for expression <line 34, col 30 to line 34, col 30 of module pipeline_ooo>. Reporting costs into <line 42, col 38 to line 42, col 43 of module pipeline_ooo> instead (Safety and Liveness checking is unaffected. Please report a bug.)
@!@!@ENDMSG 2776 @!@!@
@!@!@STARTMSG 2776:0 @!@!@
CostModel lookup failed for expression <line 31, col 12 to line 35, col 25 of module pipeline_ooo>. Reporting costs into <line 42, col 72 to line 42, col 77 of module pipeline_ooo> instead (Safety and Liveness checking is unaffected. Please report a bug.)
@!@!@ENDMSG 2776 @!@!@
@!@!@STARTMSG 2776:0 @!@!@
CostModel lookup failed for expression <line 31, col 15 to line 31, col 19 of module pipeline_ooo>. Reporting costs into <line 42, col 72 to line 42, col 77 of module pipeline_ooo> instead (Safety and Liveness checking is unaffected. Please report a bug.)
@!@!@ENDMSG 2776 @!@!@
@!@!@STARTMSG 2776:0 @!@!@
CostModel lookup failed for expression <line 6, col 1 to line 6, col 4 of module MC>. Reporting costs into <line 42, col 72 to line 42, col 77 of module pipeline_ooo> instead (Safety and Liveness checking is unaffected. Please report a bug.)
@!@!@ENDMSG 2776 @!@!@
@!@!@STARTMSG 2776:0 @!@!@
CostModel lookup failed for expression <line 32, col 17 to line 34, col 37 of module pipeline_ooo>. Reporting costs into <line 42, col 72 to line 42, col 77 of module pipeline_ooo> instead (Safety and Liveness checking is unaffected. Please report a bug.)
@!@!@ENDMSG 2776 @!@!@
@!@!@STARTMSG 2776:0 @!@!@
CostModel lookup failed for expression <line 32, col 20 to line 32, col 30 of module pipeline_ooo>. Reporting costs into <line 42, col 72 to line 42, col 77 of module pipeline_ooo> instead (Safety and Liveness checking is unaffected. Please report a bug.)
@!@!@ENDMSG 2776 @!@!@
@!@!@STARTMSG 2776:0 @!@!@
CostModel lookup failed for expression <line 32, col 20 to line 32, col 26 of module pipeline_ooo>. Reporting costs into <line 42, col 72 to line 42, col 77 of module pipeline_ooo> instead (Safety and Liveness checking is unaffected. Please report a bug.)
@!@!@ENDMSG 2776 @!@!@
@!@!@STARTMSG 2776:0 @!@!@
CostModel lookup failed for expression <line 45, col 1 to line 45, col 2 of module MC>. Reporting costs into <line 42, col 72 to line 42, col 77 of module pipeline_ooo> instead (Safety and Liveness checking is unaffected. Please report a bug.)
@!@!@ENDMSG 2776 @!@!@
@!@!@STARTMSG 2776:0 @!@!@
CostModel lookup failed for expression <line 34, col 22 to line 34, col 37 of module pipeline_ooo>. Reporting costs into <line 42, col 72 to line 42, col 77 of module pipeline_ooo> instead (Safety and Liveness checking is unaffected. Please report a bug.)
@!@!@ENDMSG 2776 @!@!@
@!@!@STARTMSG 2776:0 @!@!@
CostModel lookup failed for expression <line 34, col 22 to line 34, col 31 of module pipeline_ooo>. Reporting costs into <line 42, col 72 to line 42, col 77 of module pipeline_ooo> instead (Safety and Liveness checking is unaffected. Please report a bug.)
@!@!@ENDMSG 2776 @!@!@
@!@!@STARTMSG 2776:0 @!@!@
CostModel lookup failed for expression <line 34, col 22 to line 34, col 28 of module pipeline_ooo>. Reporting costs into <line 42, col 72 to line 42, col 77 of module pipeline_ooo> instead (Safety and Liveness checking is unaffected. Please report a bug.)
@!@!@ENDMSG 2776 @!@!@
@!@!@STARTMSG 2776:0 @!@!@
CostModel lookup failed for expression <line 11, col 1 to line 15, col 6 of module MC>. Reporting costs into <line 42, col 72 to line 42, col 77 of module pipeline_ooo> instead (Safety and Liveness checking is unaffected. Please report a bug.)
@!@!@ENDMSG 2776 @!@!@
@!@!@STARTMSG 2776:0 @!@!@
CostModel lookup failed for expression <line 11, col 4 to line 11, col 73 of module MC>. Reporting costs into <line 42, col 72 to line 42, col 77 of module pipeline_ooo> instead (Safety and Liveness checking is unaffected. Please report a bug.)
@!@!@ENDMSG 2776 @!@!@
@!@!@STARTMSG 2776:0 @!@!@
CostModel lookup failed for expression <line 11, col 6 to line 11, col 13 of module MC>. Reporting costs into <line 42, col 72 to line 42, col 77 of module pipeline_ooo> instead (Safety and Liveness checking is unaffected. Please report a bug.)
@!@!@ENDMSG 2776 @!@!@
@!@!@STARTMSG 2776:0 @!@!@
CostModel lookup failed for expression <line 11, col 16 to line 11, col 27 of module MC>. Reporting costs into <line 42, col 72 to line 42, col 77 of module pipeline_ooo> instead (Safety and Liveness checking is unaffected. Please report a bug.)
@!@!@ENDMSG 2776 @!@!@
@!@!@STARTMSG 2776:0 @!@!@
CostModel lookup failed for expression <line 11, col 25 to line 11, col 27 of module MC>. Reporting costs into <line 42, col 72 to line 42, col 77 of module pipeline_ooo> instead (Safety and Liveness checking is unaffected. Please report a bug.)
@!@!@ENDMSG 2776 @!@!@
@!@!@STARTMSG 2776:0 @!@!@
CostModel lookup failed for expression <line 11, col 30 to line 11, col 40 of module MC>. Reporting costs into <line 42, col 72 to line 42, col 77 of module pipeline_ooo> instead (Safety and Liveness checking is unaffected. Please report a bug.)
@!@!@ENDMSG 2776 @!@!@
@!@!@STARTMSG 2776:0 @!@!@
CostModel lookup failed for expression <line 11, col 38 to line 11, col 40 of module MC>. Reporting costs into <line 42, col 72 to line 42, col 77 of module pipeline_ooo> instead (Safety and Liveness checking is unaffected. Please report a bug.)
@!@!@ENDMSG 2776 @!@!@
@!@!@STARTMSG 2776:0 @!@!@
CostModel lookup failed for expression <line 11, col 43 to line 11, col 52 of module MC>. Reporting costs into <line 42, col 72 to line 42, col 77 of module pipeline_ooo> instead (Safety and Liveness checking is unaffected. Please report a bug.)
@!@!@ENDMSG 2776 @!@!@
@!@!@STARTMSG 2776:0 @!@!@
CostModel lookup failed for expression <line 11, col 51 to line 11, col 52 of module MC>. Reporting costs into <line 42, col 72 to line 42, col 77 of module pipeline_ooo> instead (Safety and Liveness checking is unaffected. Please report a bug.)
@!@!@ENDMSG 2776 @!@!@
@!@!@STARTMSG 2776:0 @!@!@
CostModel lookup failed for expression <line 11, col 55 to line 11, col 71 of module MC>. Reporting costs into <line 42, col 72 to line 42, col 77 of module pipeline_ooo> instead (Safety and Liveness checking is unaffected. Please report a bug.)
@!@!@ENDMSG 2776 @!@!@
@!@!@STARTMSG 2776:0 @!@!@
CostModel lookup failed for expression <line 11, col 65 to line 11, col 71 of module MC>. Reporting costs into <line 42, col 72 to line 42, col 77 of module pipeline_ooo> instead (Safety and Liveness checking is unaffected. Please report a bug.)
@!@!@ENDMSG 2776 @!@!@
@!@!@STARTMSG 2776:0 @!@!@
CostModel lookup failed for expression <line 12, col 4 to line 12, col 75 of module MC>. Reporting costs into <line 42, col 72 to line 42, col 77 of module pipeline_ooo> instead (Safety and Liveness checking is unaffected. Please report a bug.)
@!@!@ENDMSG 2776 @!@!@
@!@!@STARTMSG 2776:0 @!@!@
CostModel lookup failed for expression <line 12, col 6 to line 12, col 13 of module MC>. Reporting costs into <line 42, col 72 to line 42, col 77 of module pipeline_ooo> instead (Safety and Liveness checking is unaffected. Please report a bug.)
@!@!@ENDMSG 2776 @!@!@
@!@!@STARTMSG 2776:0 @!@!@
CostModel lookup failed for expression <line 12, col 16 to line 12, col 27 of module MC>. Reporting costs into <line 42, col 72 to line 42, col 77 of module pipeline_ooo> instead (Safety and Liveness checking is unaffected. Please report a bug.)
@!@!@ENDMSG 2776 @!@!@
@!@!@STARTMSG 2776:0 @!@!@
CostModel lookup failed for expression <line 12, col 25 to line 12, col 27 of module MC>. Reporting costs into <line 42, col 72 to line 42, col 77 of module pipeline_ooo> instead (Safety and Liveness checking is unaffected. Please report a bug.)
@!@!@ENDMSG 2776 @!@!@
@!@!@STARTMSG 2776:0 @!@!@
CostModel lookup failed for expression <line 12, col 30 to line 12, col 42 of module MC>. Reporting costs into <line 42, col 72 to line 42, col 77 of module pipeline_ooo> instead (Safety and Liveness checking is unaffected. Please report a bug.)
@!@!@ENDMSG 2776 @!@!@
@!@!@STARTMSG 2776:0 @!@!@
CostModel lookup failed for expression <line 12, col 38 to line 12, col 42 of module MC>. Reporting costs into <line 42, col 72 to line 42, col 77 of module pipeline_ooo> instead (Safety and Liveness checking is unaffected. Please report a bug.)
@!@!@ENDMSG 2776 @!@!@
@!@!@STARTMSG 2776:0 @!@!@
CostModel lookup failed for expression <line 12, col 45 to line 12, col 54 of module MC>. Reporting costs into <line 42, col 72 to line 42, col 77 of module pipeline_ooo> instead (Safety and Liveness checking is unaffected. Please report a bug.)
@!@!@ENDMSG 2776 @!@!@
@!@!@STARTMSG 2776:0 @!@!@
CostModel lookup failed for expression <line 12, col 53 to line 12, col 54 of module MC>. Reporting costs into <line 42, col 72 to line 42, col 77 of module pipeline_ooo> instead (Safety and Liveness checking is unaffected. Please report a bug.)
@!@!@ENDMSG 2776 @!@!@
@!@!@STARTMSG 2776:0 @!@!@
CostModel lookup failed for expression <line 12, col 57 to line 12, col 73 of module MC>. Reporting costs into <line 42, col 72 to line 42, col 77 of module pipeline_ooo> instead (Safety and Liveness checking is unaffected. Please report a bug.)
@!@!@ENDMSG 2776 @!@!@
@!@!@STARTMSG 2776:0 @!@!@
CostModel lookup failed for expression <line 12, col 67 to line 12, col 73 of module MC>. Reporting costs into <line 42, col 72 to line 42, col 77 of module pipeline_ooo> instead (Safety and Liveness checking is unaffected. Please report a bug.)
@!@!@ENDMSG 2776 @!@!@
@!@!@STARTMSG 2776:0 @!@!@
CostModel lookup failed for expression <line 12, col 68 to line 12, col 72 of module MC>. Reporting costs into <line 42, col 72 to line 42, col 77 of module pipeline_ooo> instead (Safety and Liveness checking is unaffected. Please report a bug.)
@!@!@ENDMSG 2776 @!@!@
@!@!@STARTMSG 2776:0 @!@!@
CostModel lookup failed for expression <line 13, col 4 to line 13, col 73 of module MC>. Reporting costs into <line 42, col 72 to line 42, col 77 of module pipeline_ooo> instead (Safety and Liveness checking is unaffected. Please report a bug.)
@!@!@ENDMSG 2776 @!@!@
@!@!@STARTMSG 2776:0 @!@!@
CostModel lookup failed for expression <line 13, col 6 to line 13, col 13 of module MC>. Reporting costs into <line 42, col 72 to line 42, col 77 of module pipeline_ooo> instead (Safety and Liveness checking is unaffected. Please report a bug.)
@!@!@ENDMSG 2776 @!@!@
@!@!@STARTMSG 2776:0 @!@!@
CostModel lookup failed for expression <line 13, col 16 to line 13, col 27 of module MC>. Reporting costs into <line 42, col 72 to line 42, col 77 of module pipeline_ooo> instead (Safety and Liveness checking is unaffected. Please report a bug.)
@!@!@ENDMSG 2776 @!@!@
@!@!@STARTMSG 2776:0 @!@!@
CostModel lookup failed for expression <line 13, col 25 to line 13, col 27 of module MC>. Reporting costs into <line 42, col 72 to line 42, col 77 of module pipeline_ooo> instead (Safety and Liveness checking is unaffected. Please report a bug.)
@!@!@ENDMSG 2776 @!@!@
@!@!@STARTMSG 2776:0 @!@!@
CostModel lookup failed for expression <line 13, col 30 to line 13, col 40 of module MC>. Reporting costs into <line 42, col 72 to line 42, col 77 of module pipeline_ooo> instead (Safety and Liveness checking is unaffected. Please report a bug.)
@!@!@ENDMSG 2776 @!@!@
@!@!@STARTMSG 2776:0 @!@!@
CostModel lookup failed for expression <line 13, col 38 to line 13, col 40 of module MC>. Reporting costs into <line 42, col 72 to line 42, col 77 of module pipeline_ooo> instead (Safety and Liveness checking is unaffected. Please report a bug.)
@!@!@ENDMSG 2776 @!@!@
@!@!@STARTMSG 2776:0 @!@!@
CostModel lookup failed for expression <line 13, col 43 to line 13, col 52 of module MC>. Reporting costs into <line 42, col 72 to line 42, col 77 of module pipeline_ooo> instead (Safety and Liveness checking is unaffected. Please report a bug.)
@!@!@ENDMSG 2776 @!@!@
@!@!@STARTMSG 2776:0 @!@!@
CostModel lookup failed for expression <line 13, col 51 to line 13, col 52 of module MC>. Reporting costs into <line 42, col 72 to line 42, col 77 of module pipeline_ooo> instead (Safety and Liveness checking is unaffected. Please report a bug.)
@!@!@ENDMSG 2776 @!@!@
@!@!@STARTMSG 2776:0 @!@!@
CostModel lookup failed for expression <line 13, col 55 to line 13, col 71 of module MC>. Reporting costs into <line 42, col 72 to line 42, col 77 of module pipeline_ooo> instead (Safety and Liveness checking is unaffected. Please report a bug.)
@!@!@ENDMSG 2776 @!@!@
@!@!@STARTMSG 2776:0 @!@!@
CostModel lookup failed for expression <line 13, col 65 to line 13, col 71 of module MC>. Reporting costs into <line 42, col 72 to line 42, col 77 of module pipeline_ooo> instead (Safety and Liveness checking is unaffected. Please report a bug.)
@!@!@ENDMSG 2776 @!@!@
@!@!@STARTMSG 2776:0 @!@!@
CostModel lookup failed for expression <line 13, col 66 to line 13, col 70 of module MC>. Reporting costs into <line 42, col 72 to line 42, col 77 of module pipeline_ooo> instead (Safety and Liveness checking is unaffected. Please report a bug.)
@!@!@ENDMSG 2776 @!@!@
@!@!@STARTMSG 2776:0 @!@!@
CostModel lookup failed for expression <line 14, col 4 to line 14, col 73 of module MC>. Reporting costs into <line 42, col 72 to line 42, col 77 of module pipeline_ooo> instead (Safety and Liveness checking is unaffected. Please report a bug.)
@!@!@ENDMSG 2776 @!@!@
@!@!@STARTMSG 2776:0 @!@!@
CostModel lookup failed for expression <line 14, col 6 to line 14, col 13 of module MC>. Reporting costs into <line 42, col 72 to line 42, col 77 of module pipeline_ooo> instead (Safety and Liveness checking is unaffected. Please report a bug.)
@!@!@ENDMSG 2776 @!@!@
@!@!@STARTMSG 2776:0 @!@!@
CostModel lookup failed for expression <line 14, col 16 to line 14, col 27 of module MC>. Reporting costs into <line 42, col 72 to line 42, col 77 of module pipeline_ooo> instead (Safety and Liveness checking is unaffected. Please report a bug.)
@!@!@ENDMSG 2776 @!@!@
@!@!@STARTMSG 2776:0 @!@!@
CostModel lookup failed for expression <line 14, col 25 to line 14, col 27 of module MC>. Reporting costs into <line 42, col 72 to line 42, col 77 of module pipeline_ooo> instead (Safety and Liveness checking is unaffected. Please report a bug.)
@!@!@ENDMSG 2776 @!@!@
@!@!@STARTMSG 2776:0 @!@!@
CostModel lookup failed for expression <line 14, col 30 to line 14, col 40 of module MC>. Reporting costs into <line 42, col 72 to line 42, col 77 of module pipeline_ooo> instead (Safety and Liveness checking is unaffected. Please report a bug.)
@!@!@ENDMSG 2776 @!@!@
@!@!@STARTMSG 2776:0 @!@!@
CostModel lookup failed for expression <line 14, col 38 to line 14, col 40 of module MC>. Reporting costs into <line 42, col 72 to line 42, col 77 of module pipeline_ooo> instead (Safety and Liveness checking is unaffected. Please report a bug.)
@!@!@ENDMSG 2776 @!@!@
@!@!@STARTMSG 2776:0 @!@!@
CostModel lookup failed for expression <line 14, col 43 to line 14, col 52 of module MC>. Reporting costs into <line 42, col 72 to line 42, col 77 of module pipeline_ooo> instead (Safety and Liveness checking is unaffected. Please report a bug.)
@!@!@ENDMSG 2776 @!@!@
@!@!@STARTMSG 2776:0 @!@!@
CostModel lookup failed for expression <line 14, col 51 to line 14, col 52 of module MC>. Reporting costs into <line 42, col 72 to line 42, col 77 of module pipeline_ooo> instead (Safety and Liveness checking is unaffected. Please report a bug.)
@!@!@ENDMSG 2776 @!@!@
@!@!@STARTMSG 2776:0 @!@!@
CostModel lookup failed for expression <line 14, col 55 to line 14, col 71 of module MC>. Reporting costs into <line 42, col 72 to line 42, col 77 of module pipeline_ooo> instead (Safety and Liveness checking is unaffected. Please report a bug.)
@!@!@ENDMSG 2776 @!@!@
@!@!@STARTMSG 2776:0 @!@!@
CostModel lookup failed for expression <line 14, col 65 to line 14, col 71 of module MC>. Reporting costs into <line 42, col 72 to line 42, col 77 of module pipeline_ooo> instead (Safety and Liveness checking is unaffected. Please report a bug.)
@!@!@ENDMSG 2776 @!@!@
@!@!@STARTMSG 2776:0 @!@!@
CostModel lookup failed for expression <line 14, col 66 to line 14, col 70 of module MC>. Reporting costs into <line 42, col 72 to line 42, col 77 of module pipeline_ooo> instead (Safety and Liveness checking is unaffected. Please report a bug.)
@!@!@ENDMSG 2776 @!@!@
@!@!@STARTMSG 2776:0 @!@!@
CostModel lookup failed for expression <line 34, col 30 to line 34, col 30 of module pipeline_ooo>. Reporting costs into <line 42, col 72 to line 42, col 77 of module pipeline_ooo> instead (Safety and Liveness checking is unaffected. Please report a bug.)
@!@!@ENDMSG 2776 @!@!@
@!@!@STARTMSG 2776:0 @!@!@
CostModel lookup failed for expression <line 36, col 13 to line 36, col 29 of module pipeline_ooo>. Reporting costs into <line 42, col 38 to line 42, col 43 of module pipeline_ooo> instead (Safety and Liveness checking is unaffected. Please report a bug.)
@!@!@ENDMSG 2776 @!@!@
@!@!@STARTMSG 2776:0 @!@!@
CostModel lookup failed for expression <line 36, col 13 to line 36, col 24 of module pipeline_ooo>. Reporting costs into <line 42, col 38 to line 42, col 43 of module pipeline_ooo> instead (Safety and Liveness checking is unaffected. Please report a bug.)
@!@!@ENDMSG 2776 @!@!@
@!@!@STARTMSG 2776:0 @!@!@
CostModel lookup failed for expression <line 36, col 13 to line 36, col 21 of module pipeline_ooo>. Reporting costs into <line 42, col 38 to line 42, col 43 of module pipeline_ooo> instead (Safety and Liveness checking is unaffected. Please report a bug.)
@!@!@ENDMSG 2776 @!@!@
@!@!@STARTMSG 2776:0 @!@!@
CostModel lookup failed for expression <line 36, col 13 to line 36, col 16 of module pipeline_ooo>. Reporting costs into <line 42, col 38 to line 42, col 43 of module pipeline_ooo> instead (Safety and Liveness checking is unaffected. Please report a bug.)
@!@!@ENDMSG 2776 @!@!@
@!@!@STARTMSG 2776:0 @!@!@
CostModel lookup failed for expression <line 36, col 23 to line 36, col 23 of module pipeline_ooo>. Reporting costs into <line 42, col 38 to line 42, col 43 of module pipeline_ooo> instead (Safety and Liveness checking is unaffected. Please report a bug.)
@!@!@ENDMSG 2776 @!@!@
@!@!@STARTMSG 2776:0 @!@!@
CostModel lookup failed for expression <line 36, col 13 to line 36, col 29 of module pipeline_ooo>. Reporting costs into <line 42, col 72 to line 42, col 77 of module pipeline_ooo> instead (Safety and Liveness checking is unaffected. Please report a bug.)
@!@!@ENDMSG 2776 @!@!@
@!@!@STARTMSG 2776:0 @!@!@
CostModel lookup failed for expression <line 36, col 13 to line 36, col 24 of module pipeline_ooo>. Reporting costs into <line 42, col 72 to line 42, col 77 of module pipeline_ooo> instead (Safety and Liveness checking is unaffected. Please report a bug.)
@!@!@ENDMSG 2776 @!@!@
@!@!@STARTMSG 2776:0 @!@!@
CostModel lookup failed for expression <line 36, col 13 to line 36, col 21 of module pipeline_ooo>. Reporting costs into <line 42, col 72 to line 42, col 77 of module pipeline_ooo> instead (Safety and Liveness checking is unaffected. Please report a bug.)
@!@!@ENDMSG 2776 @!@!@
@!@!@STARTMSG 2776:0 @!@!@
CostModel lookup failed for expression <line 36, col 13 to line 36, col 16 of module pipeline_ooo>. Reporting costs into <line 42, col 72 to line 42, col 77 of module pipeline_ooo> instead (Safety and Liveness checking is unaffected. Please report a bug.)
@!@!@ENDMSG 2776 @!@!@
@!@!@STARTMSG 2776:0 @!@!@
CostModel lookup failed for expression <line 36, col 23 to line 36, col 23 of module pipeline_ooo>. Reporting costs into <line 42, col 72 to line 42, col 77 of module pipeline_ooo> instead (Safety and Liveness checking is unaffected. Please report a bug.)
@!@!@ENDMSG 2776 @!@!@
@!@!@STARTMSG 2776:0 @!@!@
CostModel lookup failed for expression <line 37, col 16 to line 37, col 31 of module pipeline_ooo>. Reporting costs into <line 42, col 38 to line 42, col 43 of module pipeline_ooo> instead (Safety and Liveness checking is unaffected. Please report a bug.)
@!@!@ENDMSG 2776 @!@!@
@!@!@STARTMSG 2776:0 @!@!@
CostModel lookup failed for expression <line 37, col 16 to line 37, col 27 of module pipeline_ooo>. Reporting costs into <line 42, col 38 to line 42, col 43 of module pipeline_ooo> instead (Safety and Liveness checking is unaffected. Please report a bug.)
@!@!@ENDMSG 2776 @!@!@
@!@!@STARTMSG 2776:0 @!@!@
CostModel lookup failed for expression <line 37, col 16 to line 37, col 24 of module pipeline_ooo>. Reporting costs into <line 42, col 38 to line 42, col 43 of module pipeline_ooo> instead (Safety and Liveness checking is unaffected. Please report a bug.)
@!@!@ENDMSG 2776 @!@!@
@!@!@STARTMSG 2776:0 @!@!@
CostModel lookup failed for expression <line 37, col 16 to line 37, col 19 of module pipeline_ooo>. Reporting costs into <line 42, col 38 to line 42, col 43 of module pipeline_ooo> instead (Safety and Liveness checking is unaffected. Please report a bug.)
@!@!@ENDMSG 2776 @!@!@
@!@!@STARTMSG 2776:0 @!@!@
CostModel lookup failed for expression <line 37, col 26 to line 37, col 26 of module pipeline_ooo>. Reporting costs into <line 42, col 38 to line 42, col 43 of module pipeline_ooo> instead (Safety and Liveness checking is unaffected. Please report a bug.)
@!@!@ENDMSG 2776 @!@!@
@!@!@STARTMSG 2776:0 @!@!@
CostModel lookup failed for expression <line 37, col 16 to line 37, col 31 of module pipeline_ooo>. Reporting costs into <line 42, col 72 to line 42, col 77 of module pipeline_ooo> instead (Safety and Liveness checking is unaffected. Please report a bug.)
@!@!@ENDMSG 2776 @!@!@
@!@!@STARTMSG 2776:0 @!@!@
CostModel lookup failed for expression <line 37, col 16 to line 37, col 27 of module pipeline_ooo>. Reporting costs into <line 42, col 72 to line 42, col 77 of module pipeline_ooo> instead (Safety and Liveness checking is unaffected. Please report a bug.)
@!@!@ENDMSG 2776 @!@!@
@!@!@STARTMSG 2776:0 @!@!@
CostModel lookup failed for expression <line 37, col 16 to line 37, col 24 of module pipeline_ooo>. Reporting costs into <line 42, col 72 to line 42, col 77 of module pipeline_ooo> instead (Safety and Liveness checking is unaffected. Please report a bug.)
@!@!@ENDMSG 2776 @!@!@
@!@!@STARTMSG 2776:0 @!@!@
CostModel lookup failed for expression <line 37, col 16 to line 37, col 19 of module pipeline_ooo>. Reporting costs into <line 42, col 72 to line 42, col 77 of module pipeline_ooo> instead (Safety and Liveness checking is unaffected. Please report a bug.)
@!@!@ENDMSG 2776 @!@!@
@!@!@STARTMSG 2776:0 @!@!@
CostModel lookup failed for expression <line 37, col 26 to line 37, col 26 of module pipeline_ooo>. Reporting costs into <line 42, col 72 to line 42, col 77 of module pipeline_ooo> instead (Safety and Liveness checking is unaffected. Please report a bug.)
@!@!@ENDMSG 2776 @!@!@
@!@!@STARTMSG 2269:0 @!@!@
Computed 2 initial states...
@!@!@ENDMSG 2269 @!@!@
@!@!@STARTMSG 2269:0 @!@!@
Computed 4 initial states...
@!@!@ENDMSG 2269 @!@!@
@!@!@STARTMSG 2269:0 @!@!@
Computed 8 initial states...
@!@!@ENDMSG 2269 @!@!@
@!@!@STARTMSG 2190:0 @!@!@
Finished computing initial states: 16 distinct states generated at 2021-06-30 20:25:15.
@!@!@ENDMSG 2190 @!@!@
<< "TALoc encountered (beta local worst case) <<Alpha global time, Beta global time>>):",
   10,
   8 >>
@!@!@STARTMSG 2110:1 @!@!@
Invariant NoTALoc is violated.
@!@!@ENDMSG 2110 @!@!@
@!@!@STARTMSG 2121:1 @!@!@
The behavior up to this point is:
@!@!@ENDMSG 2121 @!@!@
@!@!@STARTMSG 2217:4 @!@!@
1: <Initial predicate>
/\ FULat2 = <<1, 1, 1, 1>>
/\ iMiss2 = <<TRUE, FALSE, FALSE, FALSE>>
/\ _RS2 = <<{}, {}>>
/\ locWorst = <<FALSE, FALSE>>
/\ _COM2 = <<[PC |-> [pc |-> 0, type |-> "empty"]], [PC |-> [pc |-> 0, type |-> "empty"]]>>
/\ _ID = <<[PC |-> [pc |-> 0, type |-> "empty"]], [PC |-> [pc |-> 0, type |-> "empty"]]>>
/\ _IF = << [PC |-> [pc |-> 0, type |-> "empty"], currLat |-> 1, baseLat |-> 1],
   [PC |-> [pc |-> 0, type |-> "empty"], currLat |-> 1, baseLat |-> 1] >>
/\ FUTmpLat = <<<<<<1, 5>>, 1>>, 1>>
/\ _FU2 = << [ PC |-> [pc |-> 0, type |-> "empty"],
     currLat |-> 1,
     usage |-> 0,
     baseLat |-> 1 ],
   [ PC |-> [pc |-> 0, type |-> "empty"],
     currLat |-> 1,
     usage |-> 0,
     baseLat |-> 1 ] >>
/\ FUTmp = <<<<<<1, 1>>, 2>>, 2>>
/\ _COM = <<[PC |-> [pc |-> 0, type |-> "empty"]], [PC |-> [pc |-> 0, type |-> "empty"]]>>
/\ _ID2 = <<[PC |-> [pc |-> 0, type |-> "empty"]], [PC |-> [pc |-> 0, type |-> "empty"]]>>
/\ graph = [ nodes |->
      << [IFacq |-> 0, IFrel |-> 0, FUacq |-> 0, FUrel |-> 0, COM |-> 0],
         [IFacq |-> 0, IFrel |-> 0, FUacq |-> 0, FUrel |-> 0, COM |-> 0],
         [IFacq |-> 0, IFrel |-> 0, FUacq |-> 0, FUrel |-> 0, COM |-> 0],
         [IFacq |-> 0, IFrel |-> 0, FUacq |-> 0, FUrel |-> 0, COM |-> 0] >>,
  edges |-> {} ]
/\ currCycle2 = 0
/\ FU2 = <<1, 1, 2, 2>>
/\ _IF2 = << [PC |-> [pc |-> 0, type |-> "empty"], currLat |-> 1, baseLat |-> 1],
   [PC |-> [pc |-> 0, type |-> "empty"], currLat |-> 1, baseLat |-> 1] >>
/\ iMissTmp2 = <<<<<<TRUE, FALSE>>, FALSE>>, FALSE>>
/\ iMiss = <<FALSE, FALSE, FALSE, FALSE>>
/\ graph2 = [ nodes |->
      << [IFacq |-> 0, IFrel |-> 0, FUacq |-> 0, FUrel |-> 0, COM |-> 0],
         [IFacq |-> 0, IFrel |-> 0, FUacq |-> 0, FUrel |-> 0, COM |-> 0],
         [IFacq |-> 0, IFrel |-> 0, FUacq |-> 0, FUrel |-> 0, COM |-> 0],
         [IFacq |-> 0, IFrel |-> 0, FUacq |-> 0, FUrel |-> 0, COM |-> 0] >>,
  edges |-> {} ]
/\ _RS = <<{}, {}>>
/\ commonPre = TRUE
/\ currCycle = 0
/\ iMissTmp = <<<<<<FALSE, FALSE>>, FALSE>>, FALSE>>
/\ FULat = <<1, 5, 1, 1>>
/\ FUTmp2 = <<<<<<1, 1>>, 2>>, 2>>
/\ prog = [ rest |->
      << [ pc |-> 1,
           type |-> {1},
           lat |-> {1},
           dep |-> {},
           imiss |-> {FALSE, TRUE} ],
         [ pc |-> 2,
           type |-> {1},
           lat |-> {1, 5},
           dep |-> {},
           imiss |-> {FALSE} ],
         [pc |-> 3, type |-> {2}, lat |-> {1}, dep |-> {}, imiss |-> {FALSE}],
         [ pc |-> 4,
           type |-> {2},
           lat |-> {1},
           dep |-> {},
           imiss |-> {FALSE} ] >>,
  exec |-> <<>> ]
/\ depProg = <<>>
/\ FUTmpLat2 = <<<<<<1, 1>>, 1>>, 1>>
/\ depProgTmp = <<>>
/\ prog2 = [ rest |->
      << [ pc |-> 1,
           type |-> {1},
           lat |-> {1},
           dep |-> {},
           imiss |-> {FALSE, TRUE} ],
         [ pc |-> 2,
           type |-> {1},
           lat |-> {1, 5},
           dep |-> {},
           imiss |-> {FALSE} ],
         [pc |-> 3, type |-> {2}, lat |-> {1}, dep |-> {}, imiss |-> {FALSE}],
         [ pc |-> 4,
           type |-> {2},
           lat |-> {1},
           dep |-> {},
           imiss |-> {FALSE} ] >>,
  exec |-> <<>> ]
/\ FU = <<1, 1, 2, 2>>
/\ _FU = << [ PC |-> [pc |-> 0, type |-> "empty"],
     currLat |-> 1,
     usage |-> 0,
     baseLat |-> 1 ],
   [ PC |-> [pc |-> 0, type |-> "empty"],
     currLat |-> 1,
     usage |-> 0,
     baseLat |-> 1 ] >>

@!@!@ENDMSG 2217 @!@!@
@!@!@STARTMSG 2217:4 @!@!@
2: <Next line 87, col 9 to line 112, col 103 of module pipeline_ooo>
/\ FULat2 = <<1, 1, 1, 1>>
/\ iMiss2 = <<TRUE, FALSE, FALSE, FALSE>>
/\ _RS2 = <<{}, {}>>
/\ locWorst = <<TRUE, TRUE>>
/\ _COM2 = <<[PC |-> [pc |-> 0, type |-> "empty"]], [PC |-> [pc |-> 0, type |-> "empty"]]>>
/\ _ID = <<[PC |-> [pc |-> 0, type |-> "empty"]], [PC |-> [pc |-> 0, type |-> "empty"]]>>
/\ _IF = << [ PC |->
         [ pc |-> 1,
           type |-> {1},
           lat |-> {1},
           dep |-> {},
           imiss |-> {FALSE, TRUE} ],
     currLat |-> 1,
     baseLat |-> 1 ],
   [ PC |->
         [ pc |-> 2,
           type |-> {1},
           lat |-> {1, 5},
           dep |-> {},
           imiss |-> {FALSE} ],
     currLat |-> 1,
     baseLat |-> 1 ] >>
/\ FUTmpLat = <<<<<<1, 5>>, 1>>, 1>>
/\ _FU2 = << [ PC |-> [pc |-> 0, type |-> "empty"],
     currLat |-> 1,
     usage |-> 0,
     baseLat |-> 1 ],
   [ PC |-> [pc |-> 0, type |-> "empty"],
     currLat |-> 1,
     usage |-> 0,
     baseLat |-> 1 ] >>
/\ FUTmp = <<<<<<1, 1>>, 2>>, 2>>
/\ _COM = <<[PC |-> [pc |-> 0, type |-> "empty"]], [PC |-> [pc |-> 0, type |-> "empty"]]>>
/\ _ID2 = <<[PC |-> [pc |-> 0, type |-> "empty"]], [PC |-> [pc |-> 0, type |-> "empty"]]>>
/\ graph = [ nodes |->
      << [IFacq |-> 0, IFrel |-> 0, FUacq |-> 0, FUrel |-> 0, COM |-> 0],
         [IFacq |-> 0, IFrel |-> 0, FUacq |-> 0, FUrel |-> 0, COM |-> 0],
         [IFacq |-> 0, IFrel |-> 0, FUacq |-> 0, FUrel |-> 0, COM |-> 0],
         [IFacq |-> 0, IFrel |-> 0, FUacq |-> 0, FUrel |-> 0, COM |-> 0] >>,
  edges |-> {} ]
/\ currCycle2 = 1
/\ FU2 = <<1, 1, 2, 2>>
/\ _IF2 = << [ PC |->
         [ pc |-> 1,
           type |-> {1},
           lat |-> {1},
           dep |-> {},
           imiss |-> {FALSE, TRUE} ],
     currLat |-> 1,
     baseLat |-> 3 ],
   [ PC |->
         [ pc |-> 2,
           type |-> {1},
           lat |-> {1, 5},
           dep |-> {},
           imiss |-> {FALSE} ],
     currLat |-> 1,
     baseLat |-> 1 ] >>
/\ iMissTmp2 = <<<<<<TRUE, FALSE>>, FALSE>>, FALSE>>
/\ iMiss = <<FALSE, FALSE, FALSE, FALSE>>
/\ graph2 = [ nodes |->
      << [IFacq |-> 0, IFrel |-> 0, FUacq |-> 0, FUrel |-> 0, COM |-> 0],
         [IFacq |-> 0, IFrel |-> 0, FUacq |-> 0, FUrel |-> 0, COM |-> 0],
         [IFacq |-> 0, IFrel |-> 0, FUacq |-> 0, FUrel |-> 0, COM |-> 0],
         [IFacq |-> 0, IFrel |-> 0, FUacq |-> 0, FUrel |-> 0, COM |-> 0] >>,
  edges |-> {} ]
/\ _RS = <<{}, {}>>
/\ commonPre = TRUE
/\ currCycle = 1
/\ iMissTmp = <<<<<<FALSE, FALSE>>, FALSE>>, FALSE>>
/\ FULat = <<1, 5, 1, 1>>
/\ FUTmp2 = <<<<<<1, 1>>, 2>>, 2>>
/\ prog = [ rest |->
      << [pc |-> 3, type |-> {2}, lat |-> {1}, dep |-> {}, imiss |-> {FALSE}],
         [ pc |-> 4,
           type |-> {2},
           lat |-> {1},
           dep |-> {},
           imiss |-> {FALSE} ] >>,
  exec |->
      << [ PC |->
               [ pc |-> 1,
                 type |-> {1},
                 lat |-> {1},
                 dep |-> {},
                 imiss |-> {FALSE, TRUE} ],
           done |-> FALSE,
           comTime |-> 0,
           executed |-> FALSE,
           exStartTime |-> 0 ],
         [ PC |->
               [ pc |-> 2,
                 type |-> {1},
                 lat |-> {1, 5},
                 dep |-> {},
                 imiss |-> {FALSE} ],
           done |-> FALSE,
           comTime |-> 0,
           executed |-> FALSE,
           exStartTime |-> 0 ] >> ]
/\ depProg = <<>>
/\ FUTmpLat2 = <<<<<<1, 1>>, 1>>, 1>>
/\ depProgTmp = <<>>
/\ prog2 = [ rest |->
      << [pc |-> 3, type |-> {2}, lat |-> {1}, dep |-> {}, imiss |-> {FALSE}],
         [ pc |-> 4,
           type |-> {2},
           lat |-> {1},
           dep |-> {},
           imiss |-> {FALSE} ] >>,
  exec |->
      << [ PC |->
               [ pc |-> 1,
                 type |-> {1},
                 lat |-> {1},
                 dep |-> {},
                 imiss |-> {FALSE, TRUE} ],
           done |-> FALSE,
           comTime |-> 0,
           executed |-> FALSE,
           exStartTime |-> 0 ],
         [ PC |->
               [ pc |-> 2,
                 type |-> {1},
                 lat |-> {1, 5},
                 dep |-> {},
                 imiss |-> {FALSE} ],
           done |-> FALSE,
           comTime |-> 0,
           executed |-> FALSE,
           exStartTime |-> 0 ] >> ]
/\ FU = <<1, 1, 2, 2>>
/\ _FU = << [ PC |-> [pc |-> 0, type |-> "empty"],
     currLat |-> 1,
     usage |-> 0,
     baseLat |-> 1 ],
   [ PC |-> [pc |-> 0, type |-> "empty"],
     currLat |-> 1,
     usage |-> 0,
     baseLat |-> 1 ] >>

@!@!@ENDMSG 2217 @!@!@
@!@!@STARTMSG 2217:4 @!@!@
3: <Next line 87, col 9 to line 112, col 103 of module pipeline_ooo>
/\ FULat2 = <<1, 1, 1, 1>>
/\ iMiss2 = <<TRUE, FALSE, FALSE, FALSE>>
/\ _RS2 = <<{}, {}>>
/\ locWorst = <<FALSE, TRUE>>
/\ _COM2 = <<[PC |-> [pc |-> 0, type |-> "empty"]], [PC |-> [pc |-> 0, type |-> "empty"]]>>
/\ _ID = << [ PC |->
         [ pc |-> 1,
           type |-> {1},
           lat |-> {1},
           dep |-> {},
           imiss |-> {FALSE, TRUE} ] ],
   [ PC |->
         [ pc |-> 2,
           type |-> {1},
           lat |-> {1, 5},
           dep |-> {},
           imiss |-> {FALSE} ] ] >>
/\ _IF = << [ PC |->
         [pc |-> 3, type |-> {2}, lat |-> {1}, dep |-> {}, imiss |-> {FALSE}],
     currLat |-> 1,
     baseLat |-> 1 ],
   [ PC |->
         [pc |-> 4, type |-> {2}, lat |-> {1}, dep |-> {}, imiss |-> {FALSE}],
     currLat |-> 1,
     baseLat |-> 1 ] >>
/\ FUTmpLat = <<<<<<1, 5>>, 1>>, 1>>
/\ _FU2 = << [ PC |-> [pc |-> 0, type |-> "empty"],
     currLat |-> 1,
     usage |-> 0,
     baseLat |-> 1 ],
   [ PC |-> [pc |-> 0, type |-> "empty"],
     currLat |-> 1,
     usage |-> 0,
     baseLat |-> 1 ] >>
/\ FUTmp = <<<<<<1, 1>>, 2>>, 2>>
/\ _COM = <<[PC |-> [pc |-> 0, type |-> "empty"]], [PC |-> [pc |-> 0, type |-> "empty"]]>>
/\ _ID2 = <<[PC |-> [pc |-> 0, type |-> "empty"]], [PC |-> [pc |-> 0, type |-> "empty"]]>>
/\ graph = [ nodes |->
      << [IFacq |-> 1, IFrel |-> 2, FUacq |-> 0, FUrel |-> 0, COM |-> 0],
         [IFacq |-> 1, IFrel |-> 2, FUacq |-> 0, FUrel |-> 0, COM |-> 0],
         [IFacq |-> 0, IFrel |-> 0, FUacq |-> 0, FUrel |-> 0, COM |-> 0],
         [IFacq |-> 0, IFrel |-> 0, FUacq |-> 0, FUrel |-> 0, COM |-> 0] >>,
  edges |-> {} ]
/\ currCycle2 = 2
/\ FU2 = <<1, 1, 2, 2>>
/\ _IF2 = << [ PC |->
         [ pc |-> 1,
           type |-> {1},
           lat |-> {1},
           dep |-> {},
           imiss |-> {FALSE, TRUE} ],
     currLat |-> 2,
     baseLat |-> 3 ],
   [ PC |->
         [ pc |-> 2,
           type |-> {1},
           lat |-> {1, 5},
           dep |-> {},
           imiss |-> {FALSE} ],
     currLat |-> 2,
     baseLat |-> 1 ] >>
/\ iMissTmp2 = <<<<<<TRUE, FALSE>>, FALSE>>, FALSE>>
/\ iMiss = <<FALSE, FALSE, FALSE, FALSE>>
/\ graph2 = [ nodes |->
      << [IFacq |-> 1, IFrel |-> 0, FUacq |-> 0, FUrel |-> 0, COM |-> 0],
         [IFacq |-> 1, IFrel |-> 0, FUacq |-> 0, FUrel |-> 0, COM |-> 0],
         [IFacq |-> 0, IFrel |-> 0, FUacq |-> 0, FUrel |-> 0, COM |-> 0],
         [IFacq |-> 0, IFrel |-> 0, FUacq |-> 0, FUrel |-> 0, COM |-> 0] >>,
  edges |-> {} ]
/\ _RS = <<{}, {}>>
/\ commonPre = FALSE
/\ currCycle = 2
/\ iMissTmp = <<<<<<FALSE, FALSE>>, FALSE>>, FALSE>>
/\ FULat = <<1, 5, 1, 1>>
/\ FUTmp2 = <<<<<<1, 1>>, 2>>, 2>>
/\ prog = [ rest |-> <<>>,
  exec |->
      << [ PC |->
               [ pc |-> 1,
                 type |-> {1},
                 lat |-> {1},
                 dep |-> {},
                 imiss |-> {FALSE, TRUE} ],
           done |-> FALSE,
           comTime |-> 0,
           executed |-> FALSE,
           exStartTime |-> 0 ],
         [ PC |->
               [ pc |-> 2,
                 type |-> {1},
                 lat |-> {1, 5},
                 dep |-> {},
                 imiss |-> {FALSE} ],
           done |-> FALSE,
           comTime |-> 0,
           executed |-> FALSE,
           exStartTime |-> 0 ],
         [ PC |->
               [ pc |-> 3,
                 type |-> {2},
                 lat |-> {1},
                 dep |-> {},
                 imiss |-> {FALSE} ],
           done |-> FALSE,
           comTime |-> 0,
           executed |-> FALSE,
           exStartTime |-> 0 ],
         [ PC |->
               [ pc |-> 4,
                 type |-> {2},
                 lat |-> {1},
                 dep |-> {},
                 imiss |-> {FALSE} ],
           done |-> FALSE,
           comTime |-> 0,
           executed |-> FALSE,
           exStartTime |-> 0 ] >> ]
/\ depProg = <<>>
/\ FUTmpLat2 = <<<<<<1, 1>>, 1>>, 1>>
/\ depProgTmp = <<>>
/\ prog2 = [ rest |->
      << [pc |-> 3, type |-> {2}, lat |-> {1}, dep |-> {}, imiss |-> {FALSE}],
         [ pc |-> 4,
           type |-> {2},
           lat |-> {1},
           dep |-> {},
           imiss |-> {FALSE} ] >>,
  exec |->
      << [ PC |->
               [ pc |-> 1,
                 type |-> {1},
                 lat |-> {1},
                 dep |-> {},
                 imiss |-> {FALSE, TRUE} ],
           done |-> FALSE,
           comTime |-> 0,
           executed |-> FALSE,
           exStartTime |-> 0 ],
         [ PC |->
               [ pc |-> 2,
                 type |-> {1},
                 lat |-> {1, 5},
                 dep |-> {},
                 imiss |-> {FALSE} ],
           done |-> FALSE,
           comTime |-> 0,
           executed |-> FALSE,
           exStartTime |-> 0 ] >> ]
/\ FU = <<1, 1, 2, 2>>
/\ _FU = << [ PC |-> [pc |-> 0, type |-> "empty"],
     currLat |-> 1,
     usage |-> 0,
     baseLat |-> 1 ],
   [ PC |-> [pc |-> 0, type |-> "empty"],
     currLat |-> 1,
     usage |-> 0,
     baseLat |-> 1 ] >>

@!@!@ENDMSG 2217 @!@!@
@!@!@STARTMSG 2217:4 @!@!@
4: <Next line 87, col 9 to line 112, col 103 of module pipeline_ooo>
/\ FULat2 = <<1, 1, 1, 1>>
/\ iMiss2 = <<TRUE, FALSE, FALSE, FALSE>>
/\ _RS2 = <<{}, {}>>
/\ locWorst = <<FALSE, TRUE>>
/\ _COM2 = <<[PC |-> [pc |-> 0, type |-> "empty"]], [PC |-> [pc |-> 0, type |-> "empty"]]>>
/\ _ID = << [ PC |->
         [pc |-> 3, type |-> {2}, lat |-> {1}, dep |-> {}, imiss |-> {FALSE}] ],
   [ PC |->
         [ pc |-> 4,
           type |-> {2},
           lat |-> {1},
           dep |-> {},
           imiss |-> {FALSE} ] ] >>
/\ _IF = << [PC |-> [pc |-> 0, type |-> "empty"], currLat |-> 1, baseLat |-> 1],
   [PC |-> [pc |-> 0, type |-> "empty"], currLat |-> 1, baseLat |-> 1] >>
/\ FUTmpLat = <<<<<<1, 5>>, 1>>, 1>>
/\ _FU2 = << [ PC |-> [pc |-> 0, type |-> "empty"],
     currLat |-> 1,
     usage |-> 0,
     baseLat |-> 1 ],
   [ PC |-> [pc |-> 0, type |-> "empty"],
     currLat |-> 1,
     usage |-> 0,
     baseLat |-> 1 ] >>
/\ FUTmp = <<<<<<1, 1>>, 2>>, 2>>
/\ _COM = <<[PC |-> [pc |-> 0, type |-> "empty"]], [PC |-> [pc |-> 0, type |-> "empty"]]>>
/\ _ID2 = <<[PC |-> [pc |-> 0, type |-> "empty"]], [PC |-> [pc |-> 0, type |-> "empty"]]>>
/\ graph = [ nodes |->
      << [IFacq |-> 1, IFrel |-> 2, FUacq |-> 0, FUrel |-> 0, COM |-> 0],
         [IFacq |-> 1, IFrel |-> 2, FUacq |-> 0, FUrel |-> 0, COM |-> 0],
         [IFacq |-> 2, IFrel |-> 3, FUacq |-> 0, FUrel |-> 0, COM |-> 0],
         [IFacq |-> 2, IFrel |-> 3, FUacq |-> 0, FUrel |-> 0, COM |-> 0] >>,
  edges |-> {} ]
/\ currCycle2 = 3
/\ FU2 = <<1, 1, 2, 2>>
/\ _IF2 = << [ PC |->
         [ pc |-> 1,
           type |-> {1},
           lat |-> {1},
           dep |-> {},
           imiss |-> {FALSE, TRUE} ],
     currLat |-> 3,
     baseLat |-> 3 ],
   [ PC |->
         [ pc |-> 2,
           type |-> {1},
           lat |-> {1, 5},
           dep |-> {},
           imiss |-> {FALSE} ],
     currLat |-> 3,
     baseLat |-> 1 ] >>
/\ iMissTmp2 = <<<<<<TRUE, FALSE>>, FALSE>>, FALSE>>
/\ iMiss = <<FALSE, FALSE, FALSE, FALSE>>
/\ graph2 = [ nodes |->
      << [IFacq |-> 1, IFrel |-> 0, FUacq |-> 0, FUrel |-> 0, COM |-> 0],
         [IFacq |-> 1, IFrel |-> 0, FUacq |-> 0, FUrel |-> 0, COM |-> 0],
         [IFacq |-> 0, IFrel |-> 0, FUacq |-> 0, FUrel |-> 0, COM |-> 0],
         [IFacq |-> 0, IFrel |-> 0, FUacq |-> 0, FUrel |-> 0, COM |-> 0] >>,
  edges |-> {} ]
/\ _RS = << {[pc |-> 2, type |-> {1}, lat |-> {1, 5}, dep |-> {}, imiss |-> {FALSE}]},
   {} >>
/\ commonPre = FALSE
/\ currCycle = 3
/\ iMissTmp = <<<<<<FALSE, FALSE>>, FALSE>>, FALSE>>
/\ FULat = <<1, 5, 1, 1>>
/\ FUTmp2 = <<<<<<1, 1>>, 2>>, 2>>
/\ prog = [ rest |-> <<>>,
  exec |->
      << [ PC |->
               [ pc |-> 1,
                 type |-> {1},
                 lat |-> {1},
                 dep |-> {},
                 imiss |-> {FALSE, TRUE} ],
           done |-> FALSE,
           comTime |-> 0,
           executed |-> FALSE,
           exStartTime |-> 2 ],
         [ PC |->
               [ pc |-> 2,
                 type |-> {1},
                 lat |-> {1, 5},
                 dep |-> {},
                 imiss |-> {FALSE} ],
           done |-> FALSE,
           comTime |-> 0,
           executed |-> FALSE,
           exStartTime |-> 0 ],
         [ PC |->
               [ pc |-> 3,
                 type |-> {2},
                 lat |-> {1},
                 dep |-> {},
                 imiss |-> {FALSE} ],
           done |-> FALSE,
           comTime |-> 0,
           executed |-> FALSE,
           exStartTime |-> 0 ],
         [ PC |->
               [ pc |-> 4,
                 type |-> {2},
                 lat |-> {1},
                 dep |-> {},
                 imiss |-> {FALSE} ],
           done |-> FALSE,
           comTime |-> 0,
           executed |-> FALSE,
           exStartTime |-> 0 ] >> ]
/\ depProg = <<>>
/\ FUTmpLat2 = <<<<<<1, 1>>, 1>>, 1>>
/\ depProgTmp = <<>>
/\ prog2 = [ rest |->
      << [pc |-> 3, type |-> {2}, lat |-> {1}, dep |-> {}, imiss |-> {FALSE}],
         [ pc |-> 4,
           type |-> {2},
           lat |-> {1},
           dep |-> {},
           imiss |-> {FALSE} ] >>,
  exec |->
      << [ PC |->
               [ pc |-> 1,
                 type |-> {1},
                 lat |-> {1},
                 dep |-> {},
                 imiss |-> {FALSE, TRUE} ],
           done |-> FALSE,
           comTime |-> 0,
           executed |-> FALSE,
           exStartTime |-> 0 ],
         [ PC |->
               [ pc |-> 2,
                 type |-> {1},
                 lat |-> {1, 5},
                 dep |-> {},
                 imiss |-> {FALSE} ],
           done |-> FALSE,
           comTime |-> 0,
           executed |-> FALSE,
           exStartTime |-> 0 ] >> ]
/\ FU = <<1, 1, 2, 2>>
/\ _FU = << [ PC |->
         [ pc |-> 1,
           type |-> {1},
           lat |-> {1},
           dep |-> {},
           imiss |-> {FALSE, TRUE} ],
     currLat |-> 1,
     usage |-> 1,
     baseLat |-> 1 ],
   [ PC |-> [pc |-> 0, type |-> "empty"],
     currLat |-> 1,
     usage |-> 0,
     baseLat |-> 1 ] >>

@!@!@ENDMSG 2217 @!@!@
@!@!@STARTMSG 2217:4 @!@!@
5: <Next line 87, col 9 to line 112, col 103 of module pipeline_ooo>
/\ FULat2 = <<1, 1, 1, 1>>
/\ iMiss2 = <<TRUE, FALSE, FALSE, FALSE>>
/\ _RS2 = <<{}, {}>>
/\ locWorst = <<FALSE, TRUE>>
/\ _COM2 = <<[PC |-> [pc |-> 0, type |-> "empty"]], [PC |-> [pc |-> 0, type |-> "empty"]]>>
/\ _ID = <<[PC |-> [pc |-> 0, type |-> "empty"]], [PC |-> [pc |-> 0, type |-> "empty"]]>>
/\ _IF = << [PC |-> [pc |-> 0, type |-> "empty"], currLat |-> 1, baseLat |-> 1],
   [PC |-> [pc |-> 0, type |-> "empty"], currLat |-> 1, baseLat |-> 1] >>
/\ FUTmpLat = <<<<<<1, 5>>, 1>>, 1>>
/\ _FU2 = << [ PC |-> [pc |-> 0, type |-> "empty"],
     currLat |-> 1,
     usage |-> 0,
     baseLat |-> 1 ],
   [ PC |-> [pc |-> 0, type |-> "empty"],
     currLat |-> 1,
     usage |-> 0,
     baseLat |-> 1 ] >>
/\ FUTmp = <<<<<<1, 1>>, 2>>, 2>>
/\ _COM = << [ PC |->
         [ pc |-> 1,
           type |-> {1},
           lat |-> {1},
           dep |-> {},
           imiss |-> {FALSE, TRUE} ] ],
   [PC |-> [pc |-> 0, type |-> "empty"]] >>
/\ _ID2 = << [ PC |->
         [ pc |-> 1,
           type |-> {1},
           lat |-> {1},
           dep |-> {},
           imiss |-> {FALSE, TRUE} ] ],
   [ PC |->
         [ pc |-> 2,
           type |-> {1},
           lat |-> {1, 5},
           dep |-> {},
           imiss |-> {FALSE} ] ] >>
/\ graph = [ nodes |->
      << [IFacq |-> 1, IFrel |-> 2, FUacq |-> 3, FUrel |-> 4, COM |-> 0],
         [IFacq |-> 1, IFrel |-> 2, FUacq |-> 0, FUrel |-> 0, COM |-> 0],
         [IFacq |-> 2, IFrel |-> 3, FUacq |-> 0, FUrel |-> 0, COM |-> 0],
         [IFacq |-> 2, IFrel |-> 3, FUacq |-> 0, FUrel |-> 0, COM |-> 0] >>,
  edges |-> {[type |-> "RS", source |-> 1, dest |-> 2]} ]
/\ currCycle2 = 4
/\ FU2 = <<1, 1, 2, 2>>
/\ _IF2 = << [ PC |->
         [pc |-> 3, type |-> {2}, lat |-> {1}, dep |-> {}, imiss |-> {FALSE}],
     currLat |-> 1,
     baseLat |-> 1 ],
   [ PC |->
         [pc |-> 4, type |-> {2}, lat |-> {1}, dep |-> {}, imiss |-> {FALSE}],
     currLat |-> 1,
     baseLat |-> 1 ] >>
/\ iMissTmp2 = <<<<<<TRUE, FALSE>>, FALSE>>, FALSE>>
/\ iMiss = <<FALSE, FALSE, FALSE, FALSE>>
/\ graph2 = [ nodes |->
      << [IFacq |-> 1, IFrel |-> 4, FUacq |-> 0, FUrel |-> 0, COM |-> 0],
         [IFacq |-> 1, IFrel |-> 4, FUacq |-> 0, FUrel |-> 0, COM |-> 0],
         [IFacq |-> 0, IFrel |-> 0, FUacq |-> 0, FUrel |-> 0, COM |-> 0],
         [IFacq |-> 0, IFrel |-> 0, FUacq |-> 0, FUrel |-> 0, COM |-> 0] >>,
  edges |-> {} ]
/\ _RS = <<{}, {[pc |-> 4, type |-> {2}, lat |-> {1}, dep |-> {}, imiss |-> {FALSE}]}>>
/\ commonPre = FALSE
/\ currCycle = 4
/\ iMissTmp = <<<<<<FALSE, FALSE>>, FALSE>>, FALSE>>
/\ FULat = <<1, 5, 1, 1>>
/\ FUTmp2 = <<<<<<1, 1>>, 2>>, 2>>
/\ prog = [ rest |-> <<>>,
  exec |->
      << [ PC |->
               [ pc |-> 1,
                 type |-> {1},
                 lat |-> {1},
                 dep |-> {},
                 imiss |-> {FALSE, TRUE} ],
           done |-> FALSE,
           comTime |-> 0,
           executed |-> TRUE,
           exStartTime |-> 2 ],
         [ PC |->
               [ pc |-> 2,
                 type |-> {1},
                 lat |-> {1, 5},
                 dep |-> {},
                 imiss |-> {FALSE} ],
           done |-> FALSE,
           comTime |-> 0,
           executed |-> FALSE,
           exStartTime |-> 3 ],
         [ PC |->
               [ pc |-> 3,
                 type |-> {2},
                 lat |-> {1},
                 dep |-> {},
                 imiss |-> {FALSE} ],
           done |-> FALSE,
           comTime |-> 0,
           executed |-> FALSE,
           exStartTime |-> 3 ],
         [ PC |->
               [ pc |-> 4,
                 type |-> {2},
                 lat |-> {1},
                 dep |-> {},
                 imiss |-> {FALSE} ],
           done |-> FALSE,
           comTime |-> 0,
           executed |-> FALSE,
           exStartTime |-> 0 ] >> ]
/\ depProg = <<>>
/\ FUTmpLat2 = <<<<<<1, 1>>, 1>>, 1>>
/\ depProgTmp = <<>>
/\ prog2 = [ rest |-> <<>>,
  exec |->
      << [ PC |->
               [ pc |-> 1,
                 type |-> {1},
                 lat |-> {1},
                 dep |-> {},
                 imiss |-> {FALSE, TRUE} ],
           done |-> FALSE,
           comTime |-> 0,
           executed |-> FALSE,
           exStartTime |-> 0 ],
         [ PC |->
               [ pc |-> 2,
                 type |-> {1},
                 lat |-> {1, 5},
                 dep |-> {},
                 imiss |-> {FALSE} ],
           done |-> FALSE,
           comTime |-> 0,
           executed |-> FALSE,
           exStartTime |-> 0 ],
         [ PC |->
               [ pc |-> 3,
                 type |-> {2},
                 lat |-> {1},
                 dep |-> {},
                 imiss |-> {FALSE} ],
           done |-> FALSE,
           comTime |-> 0,
           executed |-> FALSE,
           exStartTime |-> 0 ],
         [ PC |->
               [ pc |-> 4,
                 type |-> {2},
                 lat |-> {1},
                 dep |-> {},
                 imiss |-> {FALSE} ],
           done |-> FALSE,
           comTime |-> 0,
           executed |-> FALSE,
           exStartTime |-> 0 ] >> ]
/\ FU = <<1, 1, 2, 2>>
/\ _FU = << [ PC |->
         [ pc |-> 2,
           type |-> {1},
           lat |-> {1, 5},
           dep |-> {},
           imiss |-> {FALSE} ],
     currLat |-> 1,
     usage |-> 2,
     baseLat |-> 5 ],
   [ PC |->
         [pc |-> 3, type |-> {2}, lat |-> {1}, dep |-> {}, imiss |-> {FALSE}],
     currLat |-> 1,
     usage |-> 1,
     baseLat |-> 1 ] >>

@!@!@ENDMSG 2217 @!@!@
@!@!@STARTMSG 2217:4 @!@!@
6: <Next line 87, col 9 to line 112, col 103 of module pipeline_ooo>
/\ FULat2 = <<1, 1, 1, 1>>
/\ iMiss2 = <<TRUE, FALSE, FALSE, FALSE>>
/\ _RS2 = << {[pc |-> 2, type |-> {1}, lat |-> {1, 5}, dep |-> {}, imiss |-> {FALSE}]},
   {} >>
/\ locWorst = <<FALSE, TRUE>>
/\ _COM2 = <<[PC |-> [pc |-> 0, type |-> "empty"]], [PC |-> [pc |-> 0, type |-> "empty"]]>>
/\ _ID = <<[PC |-> [pc |-> 0, type |-> "empty"]], [PC |-> [pc |-> 0, type |-> "empty"]]>>
/\ _IF = << [PC |-> [pc |-> 0, type |-> "empty"], currLat |-> 1, baseLat |-> 1],
   [PC |-> [pc |-> 0, type |-> "empty"], currLat |-> 1, baseLat |-> 1] >>
/\ FUTmpLat = <<<<<<1, 5>>, 1>>, 1>>
/\ _FU2 = << [ PC |->
         [ pc |-> 1,
           type |-> {1},
           lat |-> {1},
           dep |-> {},
           imiss |-> {FALSE, TRUE} ],
     currLat |-> 1,
     usage |-> 1,
     baseLat |-> 1 ],
   [ PC |-> [pc |-> 0, type |-> "empty"],
     currLat |-> 1,
     usage |-> 0,
     baseLat |-> 1 ] >>
/\ FUTmp = <<<<<<1, 1>>, 2>>, 2>>
/\ _COM = <<[PC |-> [pc |-> 0, type |-> "empty"]], [PC |-> [pc |-> 0, type |-> "empty"]]>>
/\ _ID2 = << [ PC |->
         [pc |-> 3, type |-> {2}, lat |-> {1}, dep |-> {}, imiss |-> {FALSE}] ],
   [ PC |->
         [ pc |-> 4,
           type |-> {2},
           lat |-> {1},
           dep |-> {},
           imiss |-> {FALSE} ] ] >>
/\ graph = [ nodes |->
      << [IFacq |-> 1, IFrel |-> 2, FUacq |-> 3, FUrel |-> 4, COM |-> 4],
         [IFacq |-> 1, IFrel |-> 2, FUacq |-> 4, FUrel |-> 0, COM |-> 0],
         [IFacq |-> 2, IFrel |-> 3, FUacq |-> 4, FUrel |-> 5, COM |-> 0],
         [IFacq |-> 2, IFrel |-> 3, FUacq |-> 0, FUrel |-> 0, COM |-> 0] >>,
  edges |->
      { [type |-> "RS", source |-> 1, dest |-> 2],
        [type |-> "RS", source |-> 3, dest |-> 4] } ]
/\ currCycle2 = 5
/\ FU2 = <<1, 1, 2, 2>>
/\ _IF2 = << [PC |-> [pc |-> 0, type |-> "empty"], currLat |-> 1, baseLat |-> 1],
   [PC |-> [pc |-> 0, type |-> "empty"], currLat |-> 1, baseLat |-> 1] >>
/\ iMissTmp2 = <<<<<<TRUE, FALSE>>, FALSE>>, FALSE>>
/\ iMiss = <<FALSE, FALSE, FALSE, FALSE>>
/\ graph2 = [ nodes |->
      << [IFacq |-> 1, IFrel |-> 4, FUacq |-> 0, FUrel |-> 0, COM |-> 0],
         [IFacq |-> 1, IFrel |-> 4, FUacq |-> 0, FUrel |-> 0, COM |-> 0],
         [IFacq |-> 4, IFrel |-> 5, FUacq |-> 0, FUrel |-> 0, COM |-> 0],
         [IFacq |-> 4, IFrel |-> 5, FUacq |-> 0, FUrel |-> 0, COM |-> 0] >>,
  edges |-> {} ]
/\ _RS = <<{}, {}>>
/\ commonPre = FALSE
/\ currCycle = 5
/\ iMissTmp = <<<<<<FALSE, FALSE>>, FALSE>>, FALSE>>
/\ FULat = <<1, 5, 1, 1>>
/\ FUTmp2 = <<<<<<1, 1>>, 2>>, 2>>
/\ prog = [ rest |-> <<>>,
  exec |->
      << [ PC |->
               [ pc |-> 1,
                 type |-> {1},
                 lat |-> {1},
                 dep |-> {},
                 imiss |-> {FALSE, TRUE} ],
           done |-> TRUE,
           comTime |-> 4,
           executed |-> TRUE,
           exStartTime |-> 2 ],
         [ PC |->
               [ pc |-> 2,
                 type |-> {1},
                 lat |-> {1, 5},
                 dep |-> {},
                 imiss |-> {FALSE} ],
           done |-> FALSE,
           comTime |-> 0,
           executed |-> FALSE,
           exStartTime |-> 3 ],
         [ PC |->
               [ pc |-> 3,
                 type |-> {2},
                 lat |-> {1},
                 dep |-> {},
                 imiss |-> {FALSE} ],
           done |-> FALSE,
           comTime |-> 0,
           executed |-> TRUE,
           exStartTime |-> 3 ],
         [ PC |->
               [ pc |-> 4,
                 type |-> {2},
                 lat |-> {1},
                 dep |-> {},
                 imiss |-> {FALSE} ],
           done |-> FALSE,
           comTime |-> 0,
           executed |-> FALSE,
           exStartTime |-> 4 ] >> ]
/\ depProg = <<>>
/\ FUTmpLat2 = <<<<<<1, 1>>, 1>>, 1>>
/\ depProgTmp = <<>>
/\ prog2 = [ rest |-> <<>>,
  exec |->
      << [ PC |->
               [ pc |-> 1,
                 type |-> {1},
                 lat |-> {1},
                 dep |-> {},
                 imiss |-> {FALSE, TRUE} ],
           done |-> FALSE,
           comTime |-> 0,
           executed |-> FALSE,
           exStartTime |-> 4 ],
         [ PC |->
               [ pc |-> 2,
                 type |-> {1},
                 lat |-> {1, 5},
                 dep |-> {},
                 imiss |-> {FALSE} ],
           done |-> FALSE,
           comTime |-> 0,
           executed |-> FALSE,
           exStartTime |-> 0 ],
         [ PC |->
               [ pc |-> 3,
                 type |-> {2},
                 lat |-> {1},
                 dep |-> {},
                 imiss |-> {FALSE} ],
           done |-> FALSE,
           comTime |-> 0,
           executed |-> FALSE,
           exStartTime |-> 0 ],
         [ PC |->
               [ pc |-> 4,
                 type |-> {2},
                 lat |-> {1},
                 dep |-> {},
                 imiss |-> {FALSE} ],
           done |-> FALSE,
           comTime |-> 0,
           executed |-> FALSE,
           exStartTime |-> 0 ] >> ]
/\ FU = <<1, 1, 2, 2>>
/\ _FU = << [ PC |->
         [ pc |-> 2,
           type |-> {1},
           lat |-> {1, 5},
           dep |-> {},
           imiss |-> {FALSE} ],
     currLat |-> 2,
     usage |-> 3,
     baseLat |-> 5 ],
   [ PC |->
         [pc |-> 4, type |-> {2}, lat |-> {1}, dep |-> {}, imiss |-> {FALSE}],
     currLat |-> 1,
     usage |-> 2,
     baseLat |-> 1 ] >>

@!@!@ENDMSG 2217 @!@!@
@!@!@STARTMSG 2217:4 @!@!@
7: <Next line 87, col 9 to line 112, col 103 of module pipeline_ooo>
/\ FULat2 = <<1, 1, 1, 1>>
/\ iMiss2 = <<TRUE, FALSE, FALSE, FALSE>>
/\ _RS2 = <<{}, {[pc |-> 4, type |-> {2}, lat |-> {1}, dep |-> {}, imiss |-> {FALSE}]}>>
/\ locWorst = <<FALSE, TRUE>>
/\ _COM2 = << [ PC |->
         [ pc |-> 1,
           type |-> {1},
           lat |-> {1},
           dep |-> {},
           imiss |-> {FALSE, TRUE} ] ],
   [PC |-> [pc |-> 0, type |-> "empty"]] >>
/\ _ID = <<[PC |-> [pc |-> 0, type |-> "empty"]], [PC |-> [pc |-> 0, type |-> "empty"]]>>
/\ _IF = << [PC |-> [pc |-> 0, type |-> "empty"], currLat |-> 1, baseLat |-> 1],
   [PC |-> [pc |-> 0, type |-> "empty"], currLat |-> 1, baseLat |-> 1] >>
/\ FUTmpLat = <<<<<<1, 5>>, 1>>, 1>>
/\ _FU2 = << [ PC |->
         [ pc |-> 2,
           type |-> {1},
           lat |-> {1, 5},
           dep |-> {},
           imiss |-> {FALSE} ],
     currLat |-> 1,
     usage |-> 2,
     baseLat |-> 1 ],
   [ PC |->
         [pc |-> 3, type |-> {2}, lat |-> {1}, dep |-> {}, imiss |-> {FALSE}],
     currLat |-> 1,
     usage |-> 1,
     baseLat |-> 1 ] >>
/\ FUTmp = <<<<<<1, 1>>, 2>>, 2>>
/\ _COM = <<[PC |-> [pc |-> 0, type |-> "empty"]], [PC |-> [pc |-> 0, type |-> "empty"]]>>
/\ _ID2 = <<[PC |-> [pc |-> 0, type |-> "empty"]], [PC |-> [pc |-> 0, type |-> "empty"]]>>
/\ graph = [ nodes |->
      << [IFacq |-> 1, IFrel |-> 2, FUacq |-> 3, FUrel |-> 4, COM |-> 4],
         [IFacq |-> 1, IFrel |-> 2, FUacq |-> 4, FUrel |-> 0, COM |-> 0],
         [IFacq |-> 2, IFrel |-> 3, FUacq |-> 4, FUrel |-> 5, COM |-> 0],
         [IFacq |-> 2, IFrel |-> 3, FUacq |-> 5, FUrel |-> 6, COM |-> 0] >>,
  edges |->
      { [type |-> "RS", source |-> 1, dest |-> 2],
        [type |-> "RS", source |-> 3, dest |-> 4] } ]
/\ currCycle2 = 6
/\ FU2 = <<1, 1, 2, 2>>
/\ _IF2 = << [PC |-> [pc |-> 0, type |-> "empty"], currLat |-> 1, baseLat |-> 1],
   [PC |-> [pc |-> 0, type |-> "empty"], currLat |-> 1, baseLat |-> 1] >>
/\ iMissTmp2 = <<<<<<TRUE, FALSE>>, FALSE>>, FALSE>>
/\ iMiss = <<FALSE, FALSE, FALSE, FALSE>>
/\ graph2 = [ nodes |->
      << [IFacq |-> 1, IFrel |-> 4, FUacq |-> 5, FUrel |-> 6, COM |-> 0],
         [IFacq |-> 1, IFrel |-> 4, FUacq |-> 0, FUrel |-> 0, COM |-> 0],
         [IFacq |-> 4, IFrel |-> 5, FUacq |-> 0, FUrel |-> 0, COM |-> 0],
         [IFacq |-> 4, IFrel |-> 5, FUacq |-> 0, FUrel |-> 0, COM |-> 0] >>,
  edges |-> {[type |-> "RS", source |-> 1, dest |-> 2]} ]
/\ _RS = <<{}, {}>>
/\ commonPre = FALSE
/\ currCycle = 6
/\ iMissTmp = <<<<<<FALSE, FALSE>>, FALSE>>, FALSE>>
/\ FULat = <<1, 5, 1, 1>>
/\ FUTmp2 = <<<<<<1, 1>>, 2>>, 2>>
/\ prog = [ rest |-> <<>>,
  exec |->
      << [ PC |->
               [ pc |-> 1,
                 type |-> {1},
                 lat |-> {1},
                 dep |-> {},
                 imiss |-> {FALSE, TRUE} ],
           done |-> TRUE,
           comTime |-> 4,
           executed |-> TRUE,
           exStartTime |-> 2 ],
         [ PC |->
               [ pc |-> 2,
                 type |-> {1},
                 lat |-> {1, 5},
                 dep |-> {},
                 imiss |-> {FALSE} ],
           done |-> FALSE,
           comTime |-> 0,
           executed |-> FALSE,
           exStartTime |-> 3 ],
         [ PC |->
               [ pc |-> 3,
                 type |-> {2},
                 lat |-> {1},
                 dep |-> {},
                 imiss |-> {FALSE} ],
           done |-> FALSE,
           comTime |-> 0,
           executed |-> TRUE,
           exStartTime |-> 3 ],
         [ PC |->
               [ pc |-> 4,
                 type |-> {2},
                 lat |-> {1},
                 dep |-> {},
                 imiss |-> {FALSE} ],
           done |-> FALSE,
           comTime |-> 0,
           executed |-> TRUE,
           exStartTime |-> 4 ] >> ]
/\ depProg = <<>>
/\ FUTmpLat2 = <<<<<<1, 1>>, 1>>, 1>>
/\ depProgTmp = <<>>
/\ prog2 = [ rest |-> <<>>,
  exec |->
      << [ PC |->
               [ pc |-> 1,
                 type |-> {1},
                 lat |-> {1},
                 dep |-> {},
                 imiss |-> {FALSE, TRUE} ],
           done |-> FALSE,
           comTime |-> 0,
           executed |-> TRUE,
           exStartTime |-> 4 ],
         [ PC |->
               [ pc |-> 2,
                 type |-> {1},
                 lat |-> {1, 5},
                 dep |-> {},
                 imiss |-> {FALSE} ],
           done |-> FALSE,
           comTime |-> 0,
           executed |-> FALSE,
           exStartTime |-> 5 ],
         [ PC |->
               [ pc |-> 3,
                 type |-> {2},
                 lat |-> {1},
                 dep |-> {},
                 imiss |-> {FALSE} ],
           done |-> FALSE,
           comTime |-> 0,
           executed |-> FALSE,
           exStartTime |-> 5 ],
         [ PC |->
               [ pc |-> 4,
                 type |-> {2},
                 lat |-> {1},
                 dep |-> {},
                 imiss |-> {FALSE} ],
           done |-> FALSE,
           comTime |-> 0,
           executed |-> FALSE,
           exStartTime |-> 0 ] >> ]
/\ FU = <<1, 1, 2, 2>>
/\ _FU = << [ PC |->
         [ pc |-> 2,
           type |-> {1},
           lat |-> {1, 5},
           dep |-> {},
           imiss |-> {FALSE} ],
     currLat |-> 3,
     usage |-> 4,
     baseLat |-> 5 ],
   [ PC |-> [pc |-> 0, type |-> "empty"],
     currLat |-> 1,
     usage |-> 2,
     baseLat |-> 1 ] >>

@!@!@ENDMSG 2217 @!@!@
@!@!@STARTMSG 2217:4 @!@!@
8: <Next line 87, col 9 to line 112, col 103 of module pipeline_ooo>
/\ FULat2 = <<1, 1, 1, 1>>
/\ iMiss2 = <<TRUE, FALSE, FALSE, FALSE>>
/\ _RS2 = <<{}, {}>>
/\ locWorst = <<FALSE, TRUE>>
/\ _COM2 = << [ PC |->
         [ pc |-> 2,
           type |-> {1},
           lat |-> {1, 5},
           dep |-> {},
           imiss |-> {FALSE} ] ],
   [ PC |->
         [ pc |-> 3,
           type |-> {2},
           lat |-> {1},
           dep |-> {},
           imiss |-> {FALSE} ] ] >>
/\ _ID = <<[PC |-> [pc |-> 0, type |-> "empty"]], [PC |-> [pc |-> 0, type |-> "empty"]]>>
/\ _IF = << [PC |-> [pc |-> 0, type |-> "empty"], currLat |-> 1, baseLat |-> 1],
   [PC |-> [pc |-> 0, type |-> "empty"], currLat |-> 1, baseLat |-> 1] >>
/\ FUTmpLat = <<<<<<1, 5>>, 1>>, 1>>
/\ _FU2 = << [ PC |-> [pc |-> 0, type |-> "empty"],
     currLat |-> 1,
     usage |-> 2,
     baseLat |-> 1 ],
   [ PC |->
         [pc |-> 4, type |-> {2}, lat |-> {1}, dep |-> {}, imiss |-> {FALSE}],
     currLat |-> 1,
     usage |-> 2,
     baseLat |-> 1 ] >>
/\ FUTmp = <<<<<<1, 1>>, 2>>, 2>>
/\ _COM = <<[PC |-> [pc |-> 0, type |-> "empty"]], [PC |-> [pc |-> 0, type |-> "empty"]]>>
/\ _ID2 = <<[PC |-> [pc |-> 0, type |-> "empty"]], [PC |-> [pc |-> 0, type |-> "empty"]]>>
/\ graph = [ nodes |->
      << [IFacq |-> 1, IFrel |-> 2, FUacq |-> 3, FUrel |-> 4, COM |-> 4],
         [IFacq |-> 1, IFrel |-> 2, FUacq |-> 4, FUrel |-> 0, COM |-> 0],
         [IFacq |-> 2, IFrel |-> 3, FUacq |-> 4, FUrel |-> 5, COM |-> 0],
         [IFacq |-> 2, IFrel |-> 3, FUacq |-> 5, FUrel |-> 6, COM |-> 0] >>,
  edges |->
      { [type |-> "RS", source |-> 1, dest |-> 2],
        [type |-> "RS", source |-> 3, dest |-> 4] } ]
/\ currCycle2 = 7
/\ FU2 = <<1, 1, 2, 2>>
/\ _IF2 = << [PC |-> [pc |-> 0, type |-> "empty"], currLat |-> 1, baseLat |-> 1],
   [PC |-> [pc |-> 0, type |-> "empty"], currLat |-> 1, baseLat |-> 1] >>
/\ iMissTmp2 = <<<<<<TRUE, FALSE>>, FALSE>>, FALSE>>
/\ iMiss = <<FALSE, FALSE, FALSE, FALSE>>
/\ graph2 = [ nodes |->
      << [IFacq |-> 1, IFrel |-> 4, FUacq |-> 5, FUrel |-> 6, COM |-> 6],
         [IFacq |-> 1, IFrel |-> 4, FUacq |-> 6, FUrel |-> 7, COM |-> 0],
         [IFacq |-> 4, IFrel |-> 5, FUacq |-> 6, FUrel |-> 7, COM |-> 0],
         [IFacq |-> 4, IFrel |-> 5, FUacq |-> 0, FUrel |-> 0, COM |-> 0] >>,
  edges |->
      { [type |-> "RS", source |-> 1, dest |-> 2],
        [type |-> "RS", source |-> 3, dest |-> 4] } ]
/\ _RS = <<{}, {}>>
/\ commonPre = FALSE
/\ currCycle = 7
/\ iMissTmp = <<<<<<FALSE, FALSE>>, FALSE>>, FALSE>>
/\ FULat = <<1, 5, 1, 1>>
/\ FUTmp2 = <<<<<<1, 1>>, 2>>, 2>>
/\ prog = [ rest |-> <<>>,
  exec |->
      << [ PC |->
               [ pc |-> 1,
                 type |-> {1},
                 lat |-> {1},
                 dep |-> {},
                 imiss |-> {FALSE, TRUE} ],
           done |-> TRUE,
           comTime |-> 4,
           executed |-> TRUE,
           exStartTime |-> 2 ],
         [ PC |->
               [ pc |-> 2,
                 type |-> {1},
                 lat |-> {1, 5},
                 dep |-> {},
                 imiss |-> {FALSE} ],
           done |-> FALSE,
           comTime |-> 0,
           executed |-> FALSE,
           exStartTime |-> 3 ],
         [ PC |->
               [ pc |-> 3,
                 type |-> {2},
                 lat |-> {1},
                 dep |-> {},
                 imiss |-> {FALSE} ],
           done |-> FALSE,
           comTime |-> 0,
           executed |-> TRUE,
           exStartTime |-> 3 ],
         [ PC |->
               [ pc |-> 4,
                 type |-> {2},
                 lat |-> {1},
                 dep |-> {},
                 imiss |-> {FALSE} ],
           done |-> FALSE,
           comTime |-> 0,
           executed |-> TRUE,
           exStartTime |-> 4 ] >> ]
/\ depProg = <<>>
/\ FUTmpLat2 = <<<<<<1, 1>>, 1>>, 1>>
/\ depProgTmp = <<>>
/\ prog2 = [ rest |-> <<>>,
  exec |->
      << [ PC |->
               [ pc |-> 1,
                 type |-> {1},
                 lat |-> {1},
                 dep |-> {},
                 imiss |-> {FALSE, TRUE} ],
           done |-> TRUE,
           comTime |-> 6,
           executed |-> TRUE,
           exStartTime |-> 4 ],
         [ PC |->
               [ pc |-> 2,
                 type |-> {1},
                 lat |-> {1, 5},
                 dep |-> {},
                 imiss |-> {FALSE} ],
           done |-> FALSE,
           comTime |-> 0,
           executed |-> TRUE,
           exStartTime |-> 5 ],
         [ PC |->
               [ pc |-> 3,
                 type |-> {2},
                 lat |-> {1},
                 dep |-> {},
                 imiss |-> {FALSE} ],
           done |-> FALSE,
           comTime |-> 0,
           executed |-> TRUE,
           exStartTime |-> 5 ],
         [ PC |->
               [ pc |-> 4,
                 type |-> {2},
                 lat |-> {1},
                 dep |-> {},
                 imiss |-> {FALSE} ],
           done |-> FALSE,
           comTime |-> 0,
           executed |-> FALSE,
           exStartTime |-> 6 ] >> ]
/\ FU = <<1, 1, 2, 2>>
/\ _FU = << [ PC |->
         [ pc |-> 2,
           type |-> {1},
           lat |-> {1, 5},
           dep |-> {},
           imiss |-> {FALSE} ],
     currLat |-> 4,
     usage |-> 5,
     baseLat |-> 5 ],
   [ PC |-> [pc |-> 0, type |-> "empty"],
     currLat |-> 1,
     usage |-> 2,
     baseLat |-> 1 ] >>

@!@!@ENDMSG 2217 @!@!@
@!@!@STARTMSG 2217:4 @!@!@
9: <Next line 87, col 9 to line 112, col 103 of module pipeline_ooo>
/\ FULat2 = <<1, 1, 1, 1>>
/\ iMiss2 = <<TRUE, FALSE, FALSE, FALSE>>
/\ _RS2 = <<{}, {}>>
/\ locWorst = <<FALSE, TRUE>>
/\ _COM2 = << [ PC |->
         [pc |-> 4, type |-> {2}, lat |-> {1}, dep |-> {}, imiss |-> {FALSE}] ],
   [PC |-> [pc |-> 0, type |-> "empty"]] >>
/\ _ID = <<[PC |-> [pc |-> 0, type |-> "empty"]], [PC |-> [pc |-> 0, type |-> "empty"]]>>
/\ _IF = << [PC |-> [pc |-> 0, type |-> "empty"], currLat |-> 1, baseLat |-> 1],
   [PC |-> [pc |-> 0, type |-> "empty"], currLat |-> 1, baseLat |-> 1] >>
/\ FUTmpLat = <<<<<<1, 5>>, 1>>, 1>>
/\ _FU2 = << [ PC |-> [pc |-> 0, type |-> "empty"],
     currLat |-> 1,
     usage |-> 2,
     baseLat |-> 1 ],
   [ PC |-> [pc |-> 0, type |-> "empty"],
     currLat |-> 1,
     usage |-> 2,
     baseLat |-> 1 ] >>
/\ FUTmp = <<<<<<1, 1>>, 2>>, 2>>
/\ _COM = <<[PC |-> [pc |-> 0, type |-> "empty"]], [PC |-> [pc |-> 0, type |-> "empty"]]>>
/\ _ID2 = <<[PC |-> [pc |-> 0, type |-> "empty"]], [PC |-> [pc |-> 0, type |-> "empty"]]>>
/\ graph = [ nodes |->
      << [IFacq |-> 1, IFrel |-> 2, FUacq |-> 3, FUrel |-> 4, COM |-> 4],
         [IFacq |-> 1, IFrel |-> 2, FUacq |-> 4, FUrel |-> 0, COM |-> 0],
         [IFacq |-> 2, IFrel |-> 3, FUacq |-> 4, FUrel |-> 5, COM |-> 0],
         [IFacq |-> 2, IFrel |-> 3, FUacq |-> 5, FUrel |-> 6, COM |-> 0] >>,
  edges |->
      { [type |-> "RS", source |-> 1, dest |-> 2],
        [type |-> "RS", source |-> 3, dest |-> 4] } ]
/\ currCycle2 = 8
/\ FU2 = <<1, 1, 2, 2>>
/\ _IF2 = << [PC |-> [pc |-> 0, type |-> "empty"], currLat |-> 1, baseLat |-> 1],
   [PC |-> [pc |-> 0, type |-> "empty"], currLat |-> 1, baseLat |-> 1] >>
/\ iMissTmp2 = <<<<<<TRUE, FALSE>>, FALSE>>, FALSE>>
/\ iMiss = <<FALSE, FALSE, FALSE, FALSE>>
/\ graph2 = [ nodes |->
      << [IFacq |-> 1, IFrel |-> 4, FUacq |-> 5, FUrel |-> 6, COM |-> 6],
         [IFacq |-> 1, IFrel |-> 4, FUacq |-> 6, FUrel |-> 7, COM |-> 7],
         [IFacq |-> 4, IFrel |-> 5, FUacq |-> 6, FUrel |-> 7, COM |-> 7],
         [IFacq |-> 4, IFrel |-> 5, FUacq |-> 7, FUrel |-> 8, COM |-> 0] >>,
  edges |->
      { [type |-> "RS", source |-> 1, dest |-> 2],
        [type |-> "RS", source |-> 3, dest |-> 4] } ]
/\ _RS = <<{}, {}>>
/\ commonPre = FALSE
/\ currCycle = 8
/\ iMissTmp = <<<<<<FALSE, FALSE>>, FALSE>>, FALSE>>
/\ FULat = <<1, 5, 1, 1>>
/\ FUTmp2 = <<<<<<1, 1>>, 2>>, 2>>
/\ prog = [ rest |-> <<>>,
  exec |->
      << [ PC |->
               [ pc |-> 1,
                 type |-> {1},
                 lat |-> {1},
                 dep |-> {},
                 imiss |-> {FALSE, TRUE} ],
           done |-> TRUE,
           comTime |-> 4,
           executed |-> TRUE,
           exStartTime |-> 2 ],
         [ PC |->
               [ pc |-> 2,
                 type |-> {1},
                 lat |-> {1, 5},
                 dep |-> {},
                 imiss |-> {FALSE} ],
           done |-> FALSE,
           comTime |-> 0,
           executed |-> FALSE,
           exStartTime |-> 3 ],
         [ PC |->
               [ pc |-> 3,
                 type |-> {2},
                 lat |-> {1},
                 dep |-> {},
                 imiss |-> {FALSE} ],
           done |-> FALSE,
           comTime |-> 0,
           executed |-> TRUE,
           exStartTime |-> 3 ],
         [ PC |->
               [ pc |-> 4,
                 type |-> {2},
                 lat |-> {1},
                 dep |-> {},
                 imiss |-> {FALSE} ],
           done |-> FALSE,
           comTime |-> 0,
           executed |-> TRUE,
           exStartTime |-> 4 ] >> ]
/\ depProg = <<>>
/\ FUTmpLat2 = <<<<<<1, 1>>, 1>>, 1>>
/\ depProgTmp = <<>>
/\ prog2 = [ rest |-> <<>>,
  exec |->
      << [ PC |->
               [ pc |-> 1,
                 type |-> {1},
                 lat |-> {1},
                 dep |-> {},
                 imiss |-> {FALSE, TRUE} ],
           done |-> TRUE,
           comTime |-> 6,
           executed |-> TRUE,
           exStartTime |-> 4 ],
         [ PC |->
               [ pc |-> 2,
                 type |-> {1},
                 lat |-> {1, 5},
                 dep |-> {},
                 imiss |-> {FALSE} ],
           done |-> TRUE,
           comTime |-> 7,
           executed |-> TRUE,
           exStartTime |-> 5 ],
         [ PC |->
               [ pc |-> 3,
                 type |-> {2},
                 lat |-> {1},
                 dep |-> {},
                 imiss |-> {FALSE} ],
           done |-> TRUE,
           comTime |-> 7,
           executed |-> TRUE,
           exStartTime |-> 5 ],
         [ PC |->
               [ pc |-> 4,
                 type |-> {2},
                 lat |-> {1},
                 dep |-> {},
                 imiss |-> {FALSE} ],
           done |-> FALSE,
           comTime |-> 0,
           executed |-> TRUE,
           exStartTime |-> 6 ] >> ]
/\ FU = <<1, 1, 2, 2>>
/\ _FU = << [ PC |->
         [ pc |-> 2,
           type |-> {1},
           lat |-> {1, 5},
           dep |-> {},
           imiss |-> {FALSE} ],
     currLat |-> 5,
     usage |-> 6,
     baseLat |-> 5 ],
   [ PC |-> [pc |-> 0, type |-> "empty"],
     currLat |-> 1,
     usage |-> 2,
     baseLat |-> 1 ] >>

@!@!@ENDMSG 2217 @!@!@
@!@!@STARTMSG 2217:4 @!@!@
10: <Next line 87, col 9 to line 112, col 103 of module pipeline_ooo>
/\ FULat2 = <<1, 1, 1, 1>>
/\ iMiss2 = <<TRUE, FALSE, FALSE, FALSE>>
/\ _RS2 = <<{}, {}>>
/\ locWorst = <<FALSE, TRUE>>
/\ _COM2 = <<[PC |-> [pc |-> 0, type |-> "empty"]], [PC |-> [pc |-> 0, type |-> "empty"]]>>
/\ _ID = <<[PC |-> [pc |-> 0, type |-> "empty"]], [PC |-> [pc |-> 0, type |-> "empty"]]>>
/\ _IF = << [PC |-> [pc |-> 0, type |-> "empty"], currLat |-> 1, baseLat |-> 1],
   [PC |-> [pc |-> 0, type |-> "empty"], currLat |-> 1, baseLat |-> 1] >>
/\ FUTmpLat = <<<<<<1, 5>>, 1>>, 1>>
/\ _FU2 = << [ PC |-> [pc |-> 0, type |-> "empty"],
     currLat |-> 1,
     usage |-> 2,
     baseLat |-> 1 ],
   [ PC |-> [pc |-> 0, type |-> "empty"],
     currLat |-> 1,
     usage |-> 2,
     baseLat |-> 1 ] >>
/\ FUTmp = <<<<<<1, 1>>, 2>>, 2>>
/\ _COM = << [ PC |->
         [ pc |-> 2,
           type |-> {1},
           lat |-> {1, 5},
           dep |-> {},
           imiss |-> {FALSE} ] ],
   [ PC |->
         [ pc |-> 3,
           type |-> {2},
           lat |-> {1},
           dep |-> {},
           imiss |-> {FALSE} ] ] >>
/\ _ID2 = <<[PC |-> [pc |-> 0, type |-> "empty"]], [PC |-> [pc |-> 0, type |-> "empty"]]>>
/\ graph = [ nodes |->
      << [IFacq |-> 1, IFrel |-> 2, FUacq |-> 3, FUrel |-> 4, COM |-> 4],
         [IFacq |-> 1, IFrel |-> 2, FUacq |-> 4, FUrel |-> 9, COM |-> 0],
         [IFacq |-> 2, IFrel |-> 3, FUacq |-> 4, FUrel |-> 5, COM |-> 0],
         [IFacq |-> 2, IFrel |-> 3, FUacq |-> 5, FUrel |-> 6, COM |-> 0] >>,
  edges |->
      { [type |-> "RS", source |-> 1, dest |-> 2],
        [type |-> "RS", source |-> 3, dest |-> 4],
        [type |-> "ROB", source |-> 3, dest |-> 4] } ]
/\ currCycle2 = 9
/\ FU2 = <<1, 1, 2, 2>>
/\ _IF2 = << [PC |-> [pc |-> 0, type |-> "empty"], currLat |-> 1, baseLat |-> 1],
   [PC |-> [pc |-> 0, type |-> "empty"], currLat |-> 1, baseLat |-> 1] >>
/\ iMissTmp2 = <<<<<<TRUE, FALSE>>, FALSE>>, FALSE>>
/\ iMiss = <<FALSE, FALSE, FALSE, FALSE>>
/\ graph2 = [ nodes |->
      << [IFacq |-> 1, IFrel |-> 4, FUacq |-> 5, FUrel |-> 6, COM |-> 6],
         [IFacq |-> 1, IFrel |-> 4, FUacq |-> 6, FUrel |-> 7, COM |-> 7],
         [IFacq |-> 4, IFrel |-> 5, FUacq |-> 6, FUrel |-> 7, COM |-> 7],
         [IFacq |-> 4, IFrel |-> 5, FUacq |-> 7, FUrel |-> 8, COM |-> 8] >>,
  edges |->
      { [type |-> "RS", source |-> 1, dest |-> 2],
        [type |-> "RS", source |-> 3, dest |-> 4] } ]
/\ _RS = <<{}, {}>>
/\ commonPre = FALSE
/\ currCycle = 9
/\ iMissTmp = <<<<<<FALSE, FALSE>>, FALSE>>, FALSE>>
/\ FULat = <<1, 5, 1, 1>>
/\ FUTmp2 = <<<<<<1, 1>>, 2>>, 2>>
/\ prog = [ rest |-> <<>>,
  exec |->
      << [ PC |->
               [ pc |-> 1,
                 type |-> {1},
                 lat |-> {1},
                 dep |-> {},
                 imiss |-> {FALSE, TRUE} ],
           done |-> TRUE,
           comTime |-> 4,
           executed |-> TRUE,
           exStartTime |-> 2 ],
         [ PC |->
               [ pc |-> 2,
                 type |-> {1},
                 lat |-> {1, 5},
                 dep |-> {},
                 imiss |-> {FALSE} ],
           done |-> FALSE,
           comTime |-> 0,
           executed |-> TRUE,
           exStartTime |-> 3 ],
         [ PC |->
               [ pc |-> 3,
                 type |-> {2},
                 lat |-> {1},
                 dep |-> {},
                 imiss |-> {FALSE} ],
           done |-> FALSE,
           comTime |-> 0,
           executed |-> TRUE,
           exStartTime |-> 3 ],
         [ PC |->
               [ pc |-> 4,
                 type |-> {2},
                 lat |-> {1},
                 dep |-> {},
                 imiss |-> {FALSE} ],
           done |-> FALSE,
           comTime |-> 0,
           executed |-> TRUE,
           exStartTime |-> 4 ] >> ]
/\ depProg = <<>>
/\ FUTmpLat2 = <<<<<<1, 1>>, 1>>, 1>>
/\ depProgTmp = <<>>
/\ prog2 = [ rest |-> <<>>,
  exec |->
      << [ PC |->
               [ pc |-> 1,
                 type |-> {1},
                 lat |-> {1},
                 dep |-> {},
                 imiss |-> {FALSE, TRUE} ],
           done |-> TRUE,
           comTime |-> 6,
           executed |-> TRUE,
           exStartTime |-> 4 ],
         [ PC |->
               [ pc |-> 2,
                 type |-> {1},
                 lat |-> {1, 5},
                 dep |-> {},
                 imiss |-> {FALSE} ],
           done |-> TRUE,
           comTime |-> 7,
           executed |-> TRUE,
           exStartTime |-> 5 ],
         [ PC |->
               [ pc |-> 3,
                 type |-> {2},
                 lat |-> {1},
                 dep |-> {},
                 imiss |-> {FALSE} ],
           done |-> TRUE,
           comTime |-> 7,
           executed |-> TRUE,
           exStartTime |-> 5 ],
         [ PC |->
               [ pc |-> 4,
                 type |-> {2},
                 lat |-> {1},
                 dep |-> {},
                 imiss |-> {FALSE} ],
           done |-> TRUE,
           comTime |-> 8,
           executed |-> TRUE,
           exStartTime |-> 6 ] >> ]
/\ FU = <<1, 1, 2, 2>>
/\ _FU = << [ PC |-> [pc |-> 0, type |-> "empty"],
     currLat |-> 1,
     usage |-> 6,
     baseLat |-> 1 ],
   [ PC |-> [pc |-> 0, type |-> "empty"],
     currLat |-> 1,
     usage |-> 2,
     baseLat |-> 1 ] >>

@!@!@ENDMSG 2217 @!@!@
@!@!@STARTMSG 2217:4 @!@!@
11: <Next line 87, col 9 to line 112, col 103 of module pipeline_ooo>
/\ FULat2 = <<1, 1, 1, 1>>
/\ iMiss2 = <<TRUE, FALSE, FALSE, FALSE>>
/\ _RS2 = <<{}, {}>>
/\ locWorst = <<FALSE, TRUE>>
/\ _COM2 = <<[PC |-> [pc |-> 0, type |-> "empty"]], [PC |-> [pc |-> 0, type |-> "empty"]]>>
/\ _ID = <<[PC |-> [pc |-> 0, type |-> "empty"]], [PC |-> [pc |-> 0, type |-> "empty"]]>>
/\ _IF = << [PC |-> [pc |-> 0, type |-> "empty"], currLat |-> 1, baseLat |-> 1],
   [PC |-> [pc |-> 0, type |-> "empty"], currLat |-> 1, baseLat |-> 1] >>
/\ FUTmpLat = <<<<<<1, 5>>, 1>>, 1>>
/\ _FU2 = << [ PC |-> [pc |-> 0, type |-> "empty"],
     currLat |-> 1,
     usage |-> 2,
     baseLat |-> 1 ],
   [ PC |-> [pc |-> 0, type |-> "empty"],
     currLat |-> 1,
     usage |-> 2,
     baseLat |-> 1 ] >>
/\ FUTmp = <<<<<<1, 1>>, 2>>, 2>>
/\ _COM = << [ PC |->
         [pc |-> 4, type |-> {2}, lat |-> {1}, dep |-> {}, imiss |-> {FALSE}] ],
   [PC |-> [pc |-> 0, type |-> "empty"]] >>
/\ _ID2 = <<[PC |-> [pc |-> 0, type |-> "empty"]], [PC |-> [pc |-> 0, type |-> "empty"]]>>
/\ graph = [ nodes |->
      << [IFacq |-> 1, IFrel |-> 2, FUacq |-> 3, FUrel |-> 4, COM |-> 4],
         [IFacq |-> 1, IFrel |-> 2, FUacq |-> 4, FUrel |-> 9, COM |-> 9],
         [IFacq |-> 2, IFrel |-> 3, FUacq |-> 4, FUrel |-> 5, COM |-> 9],
         [IFacq |-> 2, IFrel |-> 3, FUacq |-> 5, FUrel |-> 6, COM |-> 0] >>,
  edges |->
      { [type |-> "RS", source |-> 1, dest |-> 2],
        [type |-> "RS", source |-> 3, dest |-> 4],
        [type |-> "ROB", source |-> 3, dest |-> 4] } ]
/\ currCycle2 = 9
/\ FU2 = <<1, 1, 2, 2>>
/\ _IF2 = << [PC |-> [pc |-> 0, type |-> "empty"], currLat |-> 1, baseLat |-> 1],
   [PC |-> [pc |-> 0, type |-> "empty"], currLat |-> 1, baseLat |-> 1] >>
/\ iMissTmp2 = <<<<<<TRUE, FALSE>>, FALSE>>, FALSE>>
/\ iMiss = <<FALSE, FALSE, FALSE, FALSE>>
/\ graph2 = [ nodes |->
      << [IFacq |-> 1, IFrel |-> 4, FUacq |-> 5, FUrel |-> 6, COM |-> 6],
         [IFacq |-> 1, IFrel |-> 4, FUacq |-> 6, FUrel |-> 7, COM |-> 7],
         [IFacq |-> 4, IFrel |-> 5, FUacq |-> 6, FUrel |-> 7, COM |-> 7],
         [IFacq |-> 4, IFrel |-> 5, FUacq |-> 7, FUrel |-> 8, COM |-> 8] >>,
  edges |->
      { [type |-> "RS", source |-> 1, dest |-> 2],
        [type |-> "RS", source |-> 3, dest |-> 4] } ]
/\ _RS = <<{}, {}>>
/\ commonPre = FALSE
/\ currCycle = 10
/\ iMissTmp = <<<<<<FALSE, FALSE>>, FALSE>>, FALSE>>
/\ FULat = <<1, 5, 1, 1>>
/\ FUTmp2 = <<<<<<1, 1>>, 2>>, 2>>
/\ prog = [ rest |-> <<>>,
  exec |->
      << [ PC |->
               [ pc |-> 1,
                 type |-> {1},
                 lat |-> {1},
                 dep |-> {},
                 imiss |-> {FALSE, TRUE} ],
           done |-> TRUE,
           comTime |-> 4,
           executed |-> TRUE,
           exStartTime |-> 2 ],
         [ PC |->
               [ pc |-> 2,
                 type |-> {1},
                 lat |-> {1, 5},
                 dep |-> {},
                 imiss |-> {FALSE} ],
           done |-> TRUE,
           comTime |-> 9,
           executed |-> TRUE,
           exStartTime |-> 3 ],
         [ PC |->
               [ pc |-> 3,
                 type |-> {2},
                 lat |-> {1},
                 dep |-> {},
                 imiss |-> {FALSE} ],
           done |-> TRUE,
           comTime |-> 9,
           executed |-> TRUE,
           exStartTime |-> 3 ],
         [ PC |->
               [ pc |-> 4,
                 type |-> {2},
                 lat |-> {1},
                 dep |-> {},
                 imiss |-> {FALSE} ],
           done |-> FALSE,
           comTime |-> 0,
           executed |-> TRUE,
           exStartTime |-> 4 ] >> ]
/\ depProg = <<>>
/\ FUTmpLat2 = <<<<<<1, 1>>, 1>>, 1>>
/\ depProgTmp = <<>>
/\ prog2 = [ rest |-> <<>>,
  exec |->
      << [ PC |->
               [ pc |-> 1,
                 type |-> {1},
                 lat |-> {1},
                 dep |-> {},
                 imiss |-> {FALSE, TRUE} ],
           done |-> TRUE,
           comTime |-> 6,
           executed |-> TRUE,
           exStartTime |-> 4 ],
         [ PC |->
               [ pc |-> 2,
                 type |-> {1},
                 lat |-> {1, 5},
                 dep |-> {},
                 imiss |-> {FALSE} ],
           done |-> TRUE,
           comTime |-> 7,
           executed |-> TRUE,
           exStartTime |-> 5 ],
         [ PC |->
               [ pc |-> 3,
                 type |-> {2},
                 lat |-> {1},
                 dep |-> {},
                 imiss |-> {FALSE} ],
           done |-> TRUE,
           comTime |-> 7,
           executed |-> TRUE,
           exStartTime |-> 5 ],
         [ PC |->
               [ pc |-> 4,
                 type |-> {2},
                 lat |-> {1},
                 dep |-> {},
                 imiss |-> {FALSE} ],
           done |-> TRUE,
           comTime |-> 8,
           executed |-> TRUE,
           exStartTime |-> 6 ] >> ]
/\ FU = <<1, 1, 2, 2>>
/\ _FU = << [ PC |-> [pc |-> 0, type |-> "empty"],
     currLat |-> 1,
     usage |-> 6,
     baseLat |-> 1 ],
   [ PC |-> [pc |-> 0, type |-> "empty"],
     currLat |-> 1,
     usage |-> 2,
     baseLat |-> 1 ] >>

@!@!@ENDMSG 2217 @!@!@
@!@!@STARTMSG 2217:4 @!@!@
12: <Next line 87, col 9 to line 112, col 103 of module pipeline_ooo>
/\ FULat2 = <<1, 1, 1, 1>>
/\ iMiss2 = <<TRUE, FALSE, FALSE, FALSE>>
/\ _RS2 = <<{}, {}>>
/\ locWorst = <<FALSE, TRUE>>
/\ _COM2 = <<[PC |-> [pc |-> 0, type |-> "empty"]], [PC |-> [pc |-> 0, type |-> "empty"]]>>
/\ _ID = <<[PC |-> [pc |-> 0, type |-> "empty"]], [PC |-> [pc |-> 0, type |-> "empty"]]>>
/\ _IF = << [PC |-> [pc |-> 0, type |-> "empty"], currLat |-> 1, baseLat |-> 1],
   [PC |-> [pc |-> 0, type |-> "empty"], currLat |-> 1, baseLat |-> 1] >>
/\ FUTmpLat = <<<<<<1, 5>>, 1>>, 1>>
/\ _FU2 = << [ PC |-> [pc |-> 0, type |-> "empty"],
     currLat |-> 1,
     usage |-> 2,
     baseLat |-> 1 ],
   [ PC |-> [pc |-> 0, type |-> "empty"],
     currLat |-> 1,
     usage |-> 2,
     baseLat |-> 1 ] >>
/\ FUTmp = <<<<<<1, 1>>, 2>>, 2>>
/\ _COM = <<[PC |-> [pc |-> 0, type |-> "empty"]], [PC |-> [pc |-> 0, type |-> "empty"]]>>
/\ _ID2 = <<[PC |-> [pc |-> 0, type |-> "empty"]], [PC |-> [pc |-> 0, type |-> "empty"]]>>
/\ graph = [ nodes |->
      << [IFacq |-> 1, IFrel |-> 2, FUacq |-> 3, FUrel |-> 4, COM |-> 4],
         [IFacq |-> 1, IFrel |-> 2, FUacq |-> 4, FUrel |-> 9, COM |-> 9],
         [IFacq |-> 2, IFrel |-> 3, FUacq |-> 4, FUrel |-> 5, COM |-> 9],
         [IFacq |-> 2, IFrel |-> 3, FUacq |-> 5, FUrel |-> 6, COM |-> 10] >>,
  edges |->
      { [type |-> "RS", source |-> 1, dest |-> 2],
        [type |-> "RS", source |-> 3, dest |-> 4],
        [type |-> "ROB", source |-> 3, dest |-> 4] } ]
/\ currCycle2 = 9
/\ FU2 = <<1, 1, 2, 2>>
/\ _IF2 = << [PC |-> [pc |-> 0, type |-> "empty"], currLat |-> 1, baseLat |-> 1],
   [PC |-> [pc |-> 0, type |-> "empty"], currLat |-> 1, baseLat |-> 1] >>
/\ iMissTmp2 = <<<<<<TRUE, FALSE>>, FALSE>>, FALSE>>
/\ iMiss = <<FALSE, FALSE, FALSE, FALSE>>
/\ graph2 = [ nodes |->
      << [IFacq |-> 1, IFrel |-> 4, FUacq |-> 5, FUrel |-> 6, COM |-> 6],
         [IFacq |-> 1, IFrel |-> 4, FUacq |-> 6, FUrel |-> 7, COM |-> 7],
         [IFacq |-> 4, IFrel |-> 5, FUacq |-> 6, FUrel |-> 7, COM |-> 7],
         [IFacq |-> 4, IFrel |-> 5, FUacq |-> 7, FUrel |-> 8, COM |-> 8] >>,
  edges |->
      { [type |-> "RS", source |-> 1, dest |-> 2],
        [type |-> "RS", source |-> 3, dest |-> 4] } ]
/\ _RS = <<{}, {}>>
/\ commonPre = FALSE
/\ currCycle = 11
/\ iMissTmp = <<<<<<FALSE, FALSE>>, FALSE>>, FALSE>>
/\ FULat = <<1, 5, 1, 1>>
/\ FUTmp2 = <<<<<<1, 1>>, 2>>, 2>>
/\ prog = [ rest |-> <<>>,
  exec |->
      << [ PC |->
               [ pc |-> 1,
                 type |-> {1},
                 lat |-> {1},
                 dep |-> {},
                 imiss |-> {FALSE, TRUE} ],
           done |-> TRUE,
           comTime |-> 4,
           executed |-> TRUE,
           exStartTime |-> 2 ],
         [ PC |->
               [ pc |-> 2,
                 type |-> {1},
                 lat |-> {1, 5},
                 dep |-> {},
                 imiss |-> {FALSE} ],
           done |-> TRUE,
           comTime |-> 9,
           executed |-> TRUE,
           exStartTime |-> 3 ],
         [ PC |->
               [ pc |-> 3,
                 type |-> {2},
                 lat |-> {1},
                 dep |-> {},
                 imiss |-> {FALSE} ],
           done |-> TRUE,
           comTime |-> 9,
           executed |-> TRUE,
           exStartTime |-> 3 ],
         [ PC |->
               [ pc |-> 4,
                 type |-> {2},
                 lat |-> {1},
                 dep |-> {},
                 imiss |-> {FALSE} ],
           done |-> TRUE,
           comTime |-> 10,
           executed |-> TRUE,
           exStartTime |-> 4 ] >> ]
/\ depProg = <<>>
/\ FUTmpLat2 = <<<<<<1, 1>>, 1>>, 1>>
/\ depProgTmp = <<>>
/\ prog2 = [ rest |-> <<>>,
  exec |->
      << [ PC |->
               [ pc |-> 1,
                 type |-> {1},
                 lat |-> {1},
                 dep |-> {},
                 imiss |-> {FALSE, TRUE} ],
           done |-> TRUE,
           comTime |-> 6,
           executed |-> TRUE,
           exStartTime |-> 4 ],
         [ PC |->
               [ pc |-> 2,
                 type |-> {1},
                 lat |-> {1, 5},
                 dep |-> {},
                 imiss |-> {FALSE} ],
           done |-> TRUE,
           comTime |-> 7,
           executed |-> TRUE,
           exStartTime |-> 5 ],
         [ PC |->
               [ pc |-> 3,
                 type |-> {2},
                 lat |-> {1},
                 dep |-> {},
                 imiss |-> {FALSE} ],
           done |-> TRUE,
           comTime |-> 7,
           executed |-> TRUE,
           exStartTime |-> 5 ],
         [ PC |->
               [ pc |-> 4,
                 type |-> {2},
                 lat |-> {1},
                 dep |-> {},
                 imiss |-> {FALSE} ],
           done |-> TRUE,
           comTime |-> 8,
           executed |-> TRUE,
           exStartTime |-> 6 ] >> ]
/\ FU = <<1, 1, 2, 2>>
/\ _FU = << [ PC |-> [pc |-> 0, type |-> "empty"],
     currLat |-> 1,
     usage |-> 6,
     baseLat |-> 1 ],
   [ PC |-> [pc |-> 0, type |-> "empty"],
     currLat |-> 1,
     usage |-> 2,
     baseLat |-> 1 ] >>

@!@!@ENDMSG 2217 @!@!@
@!@!@STARTMSG 2201:0 @!@!@
The coverage statistics at 2021-06-30 20:25:16
@!@!@ENDMSG 2201 @!@!@
@!@!@STARTMSG 2773:0 @!@!@
<Init line 62, col 1 to line 62, col 4 of module pipeline_ooo>: 32:32
@!@!@ENDMSG 2773 @!@!@
@!@!@STARTMSG 2221:0 @!@!@
  line 62, col 12 to line 64, col 53 of module pipeline_ooo: 2
@!@!@ENDMSG 2221 @!@!@
@!@!@STARTMSG 2221:0 @!@!@
  line 68, col 15 to line 68, col 51 of module pipeline_ooo: 2
@!@!@ENDMSG 2221 @!@!@
@!@!@STARTMSG 2221:0 @!@!@
  line 69, col 12 to line 69, col 23 of module pipeline_ooo: 2
@!@!@ENDMSG 2221 @!@!@
@!@!@STARTMSG 2221:0 @!@!@
  line 11, col 12 to line 11, col 92 of module pipeline_exec_ooo: 2
@!@!@ENDMSG 2221 @!@!@
@!@!@STARTMSG 2221:0 @!@!@
  line 12, col 12 to line 12, col 62 of module pipeline_exec_ooo: 2
@!@!@ENDMSG 2221 @!@!@
@!@!@STARTMSG 2221:0 @!@!@
  line 13, col 12 to line 13, col 43 of module pipeline_exec_ooo: 2
@!@!@ENDMSG 2221 @!@!@
@!@!@STARTMSG 2221:0 @!@!@
  line 14, col 12 to line 14, col 100 of module pipeline_exec_ooo: 2
@!@!@ENDMSG 2221 @!@!@
@!@!@STARTMSG 2221:0 @!@!@
  line 15, col 12 to line 15, col 63 of module pipeline_exec_ooo: 2
@!@!@ENDMSG 2221 @!@!@
@!@!@STARTMSG 2221:0 @!@!@
  line 17, col 20 to line 18, col 123 of module pipeline_exec_ooo: 2
@!@!@ENDMSG 2221 @!@!@
@!@!@STARTMSG 2221:0 @!@!@
  |line 17, col 22 to line 17, col 117 of module pipeline_exec_ooo: 2
@!@!@ENDMSG 2221 @!@!@
@!@!@STARTMSG 2221:0 @!@!@
  |line 18, col 32 to line 18, col 121 of module pipeline_exec_ooo: 2
@!@!@ENDMSG 2221 @!@!@
@!@!@STARTMSG 2775:0 @!@!@
  ||line 18, col 38 to line 18, col 121 of module pipeline_exec_ooo: 2:21
@!@!@ENDMSG 2775 @!@!@
@!@!@STARTMSG 2221:0 @!@!@
  |||line 18, col 40 to line 18, col 94 of module pipeline_exec_ooo: 8
@!@!@ENDMSG 2221 @!@!@
@!@!@STARTMSG 2221:0 @!@!@
  |||line 18, col 104 to line 18, col 119 of module pipeline_exec_ooo: 2
@!@!@ENDMSG 2221 @!@!@
@!@!@STARTMSG 2221:0 @!@!@
  line 11, col 12 to line 11, col 92 of module pipeline_exec_ooo: 2
@!@!@ENDMSG 2221 @!@!@
@!@!@STARTMSG 2221:0 @!@!@
  line 12, col 12 to line 12, col 62 of module pipeline_exec_ooo: 2
@!@!@ENDMSG 2221 @!@!@
@!@!@STARTMSG 2221:0 @!@!@
  line 13, col 12 to line 13, col 43 of module pipeline_exec_ooo: 2
@!@!@ENDMSG 2221 @!@!@
@!@!@STARTMSG 2221:0 @!@!@
  line 14, col 12 to line 14, col 100 of module pipeline_exec_ooo: 2
@!@!@ENDMSG 2221 @!@!@
@!@!@STARTMSG 2221:0 @!@!@
  line 15, col 12 to line 15, col 63 of module pipeline_exec_ooo: 2
@!@!@ENDMSG 2221 @!@!@
@!@!@STARTMSG 2221:0 @!@!@
  line 17, col 20 to line 18, col 123 of module pipeline_exec_ooo: 2
@!@!@ENDMSG 2221 @!@!@
@!@!@STARTMSG 2221:0 @!@!@
  |line 17, col 22 to line 17, col 117 of module pipeline_exec_ooo: 2
@!@!@ENDMSG 2221 @!@!@
@!@!@STARTMSG 2221:0 @!@!@
  |line 18, col 32 to line 18, col 121 of module pipeline_exec_ooo: 2
@!@!@ENDMSG 2221 @!@!@
@!@!@STARTMSG 2775:0 @!@!@
  ||line 18, col 38 to line 18, col 121 of module pipeline_exec_ooo: 2:21
@!@!@ENDMSG 2775 @!@!@
@!@!@STARTMSG 2221:0 @!@!@
  |||line 18, col 40 to line 18, col 94 of module pipeline_exec_ooo: 8
@!@!@ENDMSG 2221 @!@!@
@!@!@STARTMSG 2221:0 @!@!@
  |||line 18, col 104 to line 18, col 119 of module pipeline_exec_ooo: 2
@!@!@ENDMSG 2221 @!@!@
@!@!@STARTMSG 2221:0 @!@!@
  line 72, col 12 to line 72, col 27 of module pipeline_ooo: 2
@!@!@ENDMSG 2221 @!@!@
@!@!@STARTMSG 2221:0 @!@!@
  line 73, col 12 to line 73, col 46 of module pipeline_ooo: 2
@!@!@ENDMSG 2221 @!@!@
@!@!@STARTMSG 2221:0 @!@!@
  line 74, col 25 to line 74, col 47 of module pipeline_ooo: 2
@!@!@ENDMSG 2221 @!@!@
@!@!@STARTMSG 2221:0 @!@!@
  |line 42, col 24 to line 42, col 77 of module pipeline_ooo: 8
@!@!@ENDMSG 2221 @!@!@
@!@!@STARTMSG 2221:0 @!@!@
  ||line 42, col 27 to line 42, col 31 of module pipeline_ooo: 8
@!@!@ENDMSG 2221 @!@!@
@!@!@STARTMSG 2221:0 @!@!@
  ||line 42, col 38 to line 42, col 43 of module pipeline_ooo: 2
@!@!@ENDMSG 2221 @!@!@
@!@!@STARTMSG 2221:0 @!@!@
  |||line 31, col 12 to line 35, col 25 of module pipeline_ooo: 8
@!@!@ENDMSG 2221 @!@!@
@!@!@STARTMSG 2775:0 @!@!@
  ||line 42, col 50 to line 42, col 77 of module pipeline_ooo: 6:24
@!@!@ENDMSG 2775 @!@!@
@!@!@STARTMSG 2221:0 @!@!@
  |||line 42, col 50 to line 42, col 67 of module pipeline_ooo: 6
@!@!@ENDMSG 2221 @!@!@
@!@!@STARTMSG 2221:0 @!@!@
  |||line 42, col 72 to line 42, col 77 of module pipeline_ooo: 6
@!@!@ENDMSG 2221 @!@!@
@!@!@STARTMSG 2221:0 @!@!@
  ||||line 42, col 76 to line 42, col 76 of module pipeline_ooo: 6
@!@!@ENDMSG 2221 @!@!@
@!@!@STARTMSG 2221:0 @!@!@
  ||||line 31, col 12 to line 35, col 25 of module pipeline_ooo: 8
@!@!@ENDMSG 2221 @!@!@
@!@!@STARTMSG 2221:0 @!@!@
  |line 74, col 40 to line 74, col 46 of module pipeline_ooo: 2
@!@!@ENDMSG 2221 @!@!@
@!@!@STARTMSG 2221:0 @!@!@
  line 75, col 20 to line 75, col 47 of module pipeline_ooo: 4
@!@!@ENDMSG 2221 @!@!@
@!@!@STARTMSG 2221:0 @!@!@
  |line 43, col 19 to line 43, col 92 of module pipeline_ooo: 12
@!@!@ENDMSG 2221 @!@!@
@!@!@STARTMSG 2221:0 @!@!@
  ||line 43, col 22 to line 43, col 26 of module pipeline_ooo: 12
@!@!@ENDMSG 2221 @!@!@
@!@!@STARTMSG 2221:0 @!@!@
  ||line 43, col 33 to line 43, col 50 of module pipeline_ooo: 4
@!@!@ENDMSG 2221 @!@!@
@!@!@STARTMSG 2221:0 @!@!@
  ||line 43, col 57 to line 43, col 92 of module pipeline_ooo: 8
@!@!@ENDMSG 2221 @!@!@
@!@!@STARTMSG 2221:0 @!@!@
  |line 75, col 28 to line 75, col 35 of module pipeline_ooo: 8
@!@!@ENDMSG 2221 @!@!@
@!@!@STARTMSG 2221:0 @!@!@
  |line 75, col 38 to line 75, col 46 of module pipeline_ooo: 4
@!@!@ENDMSG 2221 @!@!@
@!@!@STARTMSG 2221:0 @!@!@
  line 76, col 22 to line 76, col 45 of module pipeline_ooo: 4
@!@!@ENDMSG 2221 @!@!@
@!@!@STARTMSG 2221:0 @!@!@
  |line 42, col 24 to line 42, col 77 of module pipeline_ooo: 16
@!@!@ENDMSG 2221 @!@!@
@!@!@STARTMSG 2221:0 @!@!@
  ||line 42, col 27 to line 42, col 31 of module pipeline_ooo: 16
@!@!@ENDMSG 2221 @!@!@
@!@!@STARTMSG 2221:0 @!@!@
  ||line 42, col 38 to line 42, col 43 of module pipeline_ooo: 4
@!@!@ENDMSG 2221 @!@!@
@!@!@STARTMSG 2221:0 @!@!@
  |||line 36, col 13 to line 36, col 29 of module pipeline_ooo: 16
@!@!@ENDMSG 2221 @!@!@
@!@!@STARTMSG 2775:0 @!@!@
  ||line 42, col 50 to line 42, col 77 of module pipeline_ooo: 12:24
@!@!@ENDMSG 2775 @!@!@
@!@!@STARTMSG 2221:0 @!@!@
  |||line 42, col 50 to line 42, col 67 of module pipeline_ooo: 12
@!@!@ENDMSG 2221 @!@!@
@!@!@STARTMSG 2221:0 @!@!@
  |||line 42, col 72 to line 42, col 77 of module pipeline_ooo: 12
@!@!@ENDMSG 2221 @!@!@
@!@!@STARTMSG 2221:0 @!@!@
  ||||line 42, col 76 to line 42, col 76 of module pipeline_ooo: 12
@!@!@ENDMSG 2221 @!@!@
@!@!@STARTMSG 2221:0 @!@!@
  ||||line 36, col 13 to line 36, col 29 of module pipeline_ooo: 16
@!@!@ENDMSG 2221 @!@!@
@!@!@STARTMSG 2221:0 @!@!@
  |line 76, col 38 to line 76, col 44 of module pipeline_ooo: 4
@!@!@ENDMSG 2221 @!@!@
@!@!@STARTMSG 2221:0 @!@!@
  line 77, col 17 to line 77, col 41 of module pipeline_ooo: 4
@!@!@ENDMSG 2221 @!@!@
@!@!@STARTMSG 2221:0 @!@!@
  |line 43, col 19 to line 43, col 92 of module pipeline_ooo: 12
@!@!@ENDMSG 2221 @!@!@
@!@!@STARTMSG 2221:0 @!@!@
  ||line 43, col 22 to line 43, col 26 of module pipeline_ooo: 12
@!@!@ENDMSG 2221 @!@!@
@!@!@STARTMSG 2221:0 @!@!@
  ||line 43, col 33 to line 43, col 50 of module pipeline_ooo: 4
@!@!@ENDMSG 2221 @!@!@
@!@!@STARTMSG 2221:0 @!@!@
  ||line 43, col 57 to line 43, col 92 of module pipeline_ooo: 8
@!@!@ENDMSG 2221 @!@!@
@!@!@STARTMSG 2221:0 @!@!@
  |line 77, col 25 to line 77, col 29 of module pipeline_ooo: 8
@!@!@ENDMSG 2221 @!@!@
@!@!@STARTMSG 2221:0 @!@!@
  |line 77, col 32 to line 77, col 40 of module pipeline_ooo: 4
@!@!@ENDMSG 2221 @!@!@
@!@!@STARTMSG 2221:0 @!@!@
  line 78, col 25 to line 78, col 51 of module pipeline_ooo: 4
@!@!@ENDMSG 2221 @!@!@
@!@!@STARTMSG 2221:0 @!@!@
  |line 42, col 24 to line 42, col 77 of module pipeline_ooo: 16
@!@!@ENDMSG 2221 @!@!@
@!@!@STARTMSG 2221:0 @!@!@
  ||line 42, col 27 to line 42, col 31 of module pipeline_ooo: 16
@!@!@ENDMSG 2221 @!@!@
@!@!@STARTMSG 2221:0 @!@!@
  ||line 42, col 38 to line 42, col 43 of module pipeline_ooo: 4
@!@!@ENDMSG 2221 @!@!@
@!@!@STARTMSG 2221:0 @!@!@
  |||line 37, col 16 to line 37, col 31 of module pipeline_ooo: 16
@!@!@ENDMSG 2221 @!@!@
@!@!@STARTMSG 2775:0 @!@!@
  ||line 42, col 50 to line 42, col 77 of module pipeline_ooo: 12:48
@!@!@ENDMSG 2775 @!@!@
@!@!@STARTMSG 2221:0 @!@!@
  |||line 42, col 50 to line 42, col 67 of module pipeline_ooo: 12
@!@!@ENDMSG 2221 @!@!@
@!@!@STARTMSG 2221:0 @!@!@
  |||line 42, col 72 to line 42, col 77 of module pipeline_ooo: 12
@!@!@ENDMSG 2221 @!@!@
@!@!@STARTMSG 2221:0 @!@!@
  ||||line 42, col 76 to line 42, col 76 of module pipeline_ooo: 12
@!@!@ENDMSG 2221 @!@!@
@!@!@STARTMSG 2221:0 @!@!@
  ||||line 37, col 16 to line 37, col 31 of module pipeline_ooo: 16
@!@!@ENDMSG 2221 @!@!@
@!@!@STARTMSG 2221:0 @!@!@
  |line 78, col 44 to line 78, col 50 of module pipeline_ooo: 4
@!@!@ENDMSG 2221 @!@!@
@!@!@STARTMSG 2221:0 @!@!@
  line 79, col 20 to line 79, col 47 of module pipeline_ooo: 8
@!@!@ENDMSG 2221 @!@!@
@!@!@STARTMSG 2221:0 @!@!@
  |line 43, col 19 to line 43, col 92 of module pipeline_ooo: 24
@!@!@ENDMSG 2221 @!@!@
@!@!@STARTMSG 2221:0 @!@!@
  ||line 43, col 22 to line 43, col 26 of module pipeline_ooo: 24
@!@!@ENDMSG 2221 @!@!@
@!@!@STARTMSG 2221:0 @!@!@
  ||line 43, col 33 to line 43, col 50 of module pipeline_ooo: 8
@!@!@ENDMSG 2221 @!@!@
@!@!@STARTMSG 2221:0 @!@!@
  ||line 43, col 57 to line 43, col 92 of module pipeline_ooo: 16
@!@!@ENDMSG 2221 @!@!@
@!@!@STARTMSG 2221:0 @!@!@
  |line 79, col 28 to line 79, col 35 of module pipeline_ooo: 16
@!@!@ENDMSG 2221 @!@!@
@!@!@STARTMSG 2221:0 @!@!@
  |line 79, col 38 to line 79, col 46 of module pipeline_ooo: 8
@!@!@ENDMSG 2221 @!@!@
@!@!@STARTMSG 2221:0 @!@!@
  line 80, col 26 to line 80, col 48 of module pipeline_ooo: 8
@!@!@ENDMSG 2221 @!@!@
@!@!@STARTMSG 2221:0 @!@!@
  |line 42, col 24 to line 42, col 77 of module pipeline_ooo: 32
@!@!@ENDMSG 2221 @!@!@
@!@!@STARTMSG 2221:0 @!@!@
  ||line 42, col 27 to line 42, col 31 of module pipeline_ooo: 32
@!@!@ENDMSG 2221 @!@!@
@!@!@STARTMSG 2221:0 @!@!@
  ||line 42, col 38 to line 42, col 43 of module pipeline_ooo: 288
@!@!@ENDMSG 2221 @!@!@
@!@!@STARTMSG 2775:0 @!@!@
  ||line 42, col 50 to line 42, col 77 of module pipeline_ooo: 24:96
@!@!@ENDMSG 2775 @!@!@
@!@!@STARTMSG 2221:0 @!@!@
  |||line 42, col 50 to line 42, col 67 of module pipeline_ooo: 24
@!@!@ENDMSG 2221 @!@!@
@!@!@STARTMSG 2775:0 @!@!@
  |||line 42, col 72 to line 42, col 77 of module pipeline_ooo: 864:120
@!@!@ENDMSG 2775 @!@!@
@!@!@STARTMSG 2221:0 @!@!@
  ||||line 42, col 76 to line 42, col 76 of module pipeline_ooo: 24
@!@!@ENDMSG 2221 @!@!@
@!@!@STARTMSG 2221:0 @!@!@
  |line 31, col 12 to line 35, col 25 of module pipeline_ooo: 8
@!@!@ENDMSG 2221 @!@!@
@!@!@STARTMSG 2221:0 @!@!@
  |line 80, col 41 to line 80, col 47 of module pipeline_ooo: 8
@!@!@ENDMSG 2221 @!@!@
@!@!@STARTMSG 2221:0 @!@!@
  line 81, col 21 to line 81, col 49 of module pipeline_ooo: 16
@!@!@ENDMSG 2221 @!@!@
@!@!@STARTMSG 2221:0 @!@!@
  |line 43, col 19 to line 43, col 92 of module pipeline_ooo: 48
@!@!@ENDMSG 2221 @!@!@
@!@!@STARTMSG 2221:0 @!@!@
  ||line 43, col 22 to line 43, col 26 of module pipeline_ooo: 48
@!@!@ENDMSG 2221 @!@!@
@!@!@STARTMSG 2221:0 @!@!@
  ||line 43, col 33 to line 43, col 50 of module pipeline_ooo: 16
@!@!@ENDMSG 2221 @!@!@
@!@!@STARTMSG 2221:0 @!@!@
  ||line 43, col 57 to line 43, col 92 of module pipeline_ooo: 32
@!@!@ENDMSG 2221 @!@!@
@!@!@STARTMSG 2221:0 @!@!@
  |line 81, col 29 to line 81, col 37 of module pipeline_ooo: 32
@!@!@ENDMSG 2221 @!@!@
@!@!@STARTMSG 2221:0 @!@!@
  |line 81, col 40 to line 81, col 48 of module pipeline_ooo: 16
@!@!@ENDMSG 2221 @!@!@
@!@!@STARTMSG 2221:0 @!@!@
  line 82, col 23 to line 82, col 46 of module pipeline_ooo: 16
@!@!@ENDMSG 2221 @!@!@
@!@!@STARTMSG 2221:0 @!@!@
  |line 42, col 24 to line 42, col 77 of module pipeline_ooo: 64
@!@!@ENDMSG 2221 @!@!@
@!@!@STARTMSG 2221:0 @!@!@
  ||line 42, col 27 to line 42, col 31 of module pipeline_ooo: 64
@!@!@ENDMSG 2221 @!@!@
@!@!@STARTMSG 2221:0 @!@!@
  ||line 42, col 38 to line 42, col 43 of module pipeline_ooo: 96
@!@!@ENDMSG 2221 @!@!@
@!@!@STARTMSG 2775:0 @!@!@
  ||line 42, col 50 to line 42, col 77 of module pipeline_ooo: 48:96
@!@!@ENDMSG 2775 @!@!@
@!@!@STARTMSG 2221:0 @!@!@
  |||line 42, col 50 to line 42, col 67 of module pipeline_ooo: 48
@!@!@ENDMSG 2221 @!@!@
@!@!@STARTMSG 2221:0 @!@!@
  |||line 42, col 72 to line 42, col 77 of module pipeline_ooo: 288
@!@!@ENDMSG 2221 @!@!@
@!@!@STARTMSG 2221:0 @!@!@
  ||||line 42, col 76 to line 42, col 76 of module pipeline_ooo: 48
@!@!@ENDMSG 2221 @!@!@
@!@!@STARTMSG 2221:0 @!@!@
  |line 36, col 13 to line 36, col 29 of module pipeline_ooo: 16
@!@!@ENDMSG 2221 @!@!@
@!@!@STARTMSG 2221:0 @!@!@
  |line 82, col 39 to line 82, col 45 of module pipeline_ooo: 16
@!@!@ENDMSG 2221 @!@!@
@!@!@STARTMSG 2221:0 @!@!@
  line 83, col 18 to line 83, col 43 of module pipeline_ooo: 16
@!@!@ENDMSG 2221 @!@!@
@!@!@STARTMSG 2221:0 @!@!@
  |line 43, col 19 to line 43, col 92 of module pipeline_ooo: 48
@!@!@ENDMSG 2221 @!@!@
@!@!@STARTMSG 2221:0 @!@!@
  ||line 43, col 22 to line 43, col 26 of module pipeline_ooo: 48
@!@!@ENDMSG 2221 @!@!@
@!@!@STARTMSG 2221:0 @!@!@
  ||line 43, col 33 to line 43, col 50 of module pipeline_ooo: 16
@!@!@ENDMSG 2221 @!@!@
@!@!@STARTMSG 2221:0 @!@!@
  ||line 43, col 57 to line 43, col 92 of module pipeline_ooo: 32
@!@!@ENDMSG 2221 @!@!@
@!@!@STARTMSG 2221:0 @!@!@
  |line 83, col 26 to line 83, col 31 of module pipeline_ooo: 32
@!@!@ENDMSG 2221 @!@!@
@!@!@STARTMSG 2221:0 @!@!@
  |line 83, col 34 to line 83, col 42 of module pipeline_ooo: 16
@!@!@ENDMSG 2221 @!@!@
@!@!@STARTMSG 2221:0 @!@!@
  line 84, col 26 to line 84, col 52 of module pipeline_ooo: 16
@!@!@ENDMSG 2221 @!@!@
@!@!@STARTMSG 2221:0 @!@!@
  |line 42, col 24 to line 42, col 77 of module pipeline_ooo: 64
@!@!@ENDMSG 2221 @!@!@
@!@!@STARTMSG 2221:0 @!@!@
  ||line 42, col 27 to line 42, col 31 of module pipeline_ooo: 64
@!@!@ENDMSG 2221 @!@!@
@!@!@STARTMSG 2221:0 @!@!@
  ||line 42, col 38 to line 42, col 43 of module pipeline_ooo: 96
@!@!@ENDMSG 2221 @!@!@
@!@!@STARTMSG 2775:0 @!@!@
  ||line 42, col 50 to line 42, col 77 of module pipeline_ooo: 48:192
@!@!@ENDMSG 2775 @!@!@
@!@!@STARTMSG 2221:0 @!@!@
  |||line 42, col 50 to line 42, col 67 of module pipeline_ooo: 48
@!@!@ENDMSG 2221 @!@!@
@!@!@STARTMSG 2221:0 @!@!@
  |||line 42, col 72 to line 42, col 77 of module pipeline_ooo: 288
@!@!@ENDMSG 2221 @!@!@
@!@!@STARTMSG 2221:0 @!@!@
  ||||line 42, col 76 to line 42, col 76 of module pipeline_ooo: 48
@!@!@ENDMSG 2221 @!@!@
@!@!@STARTMSG 2221:0 @!@!@
  |line 37, col 16 to line 37, col 31 of module pipeline_ooo: 16
@!@!@ENDMSG 2221 @!@!@
@!@!@STARTMSG 2221:0 @!@!@
  |line 84, col 45 to line 84, col 51 of module pipeline_ooo: 16
@!@!@ENDMSG 2221 @!@!@
@!@!@STARTMSG 2221:0 @!@!@
  line 85, col 12 to line 85, col 49 of module pipeline_ooo: 32
@!@!@ENDMSG 2221 @!@!@
@!@!@STARTMSG 2221:0 @!@!@
  |line 85, col 21 to line 85, col 49 of module pipeline_ooo: 32
@!@!@ENDMSG 2221 @!@!@
@!@!@STARTMSG 2221:0 @!@!@
  ||line 43, col 19 to line 43, col 92 of module pipeline_ooo: 96
@!@!@ENDMSG 2221 @!@!@
@!@!@STARTMSG 2221:0 @!@!@
  |||line 43, col 22 to line 43, col 26 of module pipeline_ooo: 96
@!@!@ENDMSG 2221 @!@!@
@!@!@STARTMSG 2221:0 @!@!@
  |||line 43, col 33 to line 43, col 50 of module pipeline_ooo: 32
@!@!@ENDMSG 2221 @!@!@
@!@!@STARTMSG 2221:0 @!@!@
  |||line 43, col 57 to line 43, col 92 of module pipeline_ooo: 64
@!@!@ENDMSG 2221 @!@!@
@!@!@STARTMSG 2221:0 @!@!@
  ||line 85, col 29 to line 85, col 37 of module pipeline_ooo: 64
@!@!@ENDMSG 2221 @!@!@
@!@!@STARTMSG 2221:0 @!@!@
  ||line 85, col 40 to line 85, col 48 of module pipeline_ooo: 32
@!@!@ENDMSG 2221 @!@!@
@!@!@STARTMSG 2772:0 @!@!@
<Next line 87, col 1 to line 87, col 4 of module pipeline_ooo>: 180:202
@!@!@ENDMSG 2772 @!@!@
@!@!@STARTMSG 2221:0 @!@!@
  line 46, col 1 to line 46, col 35 of module pipeline_ooo: 76
@!@!@ENDMSG 2221 @!@!@
@!@!@STARTMSG 2221:0 @!@!@
  line 46, col 1 to line 46, col 35 of module pipeline_ooo: 2618
@!@!@ENDMSG 2221 @!@!@
@!@!@STARTMSG 2221:0 @!@!@
  line 46, col 1 to line 46, col 35 of module pipeline_ooo: 647
@!@!@ENDMSG 2221 @!@!@
@!@!@STARTMSG 2221:0 @!@!@
  line 46, col 1 to line 46, col 35 of module pipeline_ooo: 8
@!@!@ENDMSG 2221 @!@!@
@!@!@STARTMSG 2221:0 @!@!@
  line 46, col 1 to line 46, col 35 of module pipeline_ooo: 16960
@!@!@ENDMSG 2221 @!@!@
@!@!@STARTMSG 2221:0 @!@!@
  line 46, col 1 to line 46, col 35 of module pipeline_ooo: 12348
@!@!@ENDMSG 2221 @!@!@
@!@!@STARTMSG 2221:0 @!@!@
  line 46, col 1 to line 46, col 35 of module pipeline_ooo: 12848
@!@!@ENDMSG 2221 @!@!@
@!@!@STARTMSG 2221:0 @!@!@
  line 46, col 1 to line 46, col 35 of module pipeline_ooo: 7499
@!@!@ENDMSG 2221 @!@!@
@!@!@STARTMSG 2221:0 @!@!@
  line 46, col 1 to line 46, col 35 of module pipeline_ooo: 22464
@!@!@ENDMSG 2221 @!@!@
@!@!@STARTMSG 2221:0 @!@!@
  line 46, col 1 to line 46, col 35 of module pipeline_ooo: 6259
@!@!@ENDMSG 2221 @!@!@
@!@!@STARTMSG 2221:0 @!@!@
  line 46, col 1 to line 46, col 35 of module pipeline_ooo: 68
@!@!@ENDMSG 2221 @!@!@
@!@!@STARTMSG 2221:0 @!@!@
  line 46, col 1 to line 46, col 35 of module pipeline_ooo: 18201
@!@!@ENDMSG 2221 @!@!@
@!@!@STARTMSG 2221:0 @!@!@
  line 46, col 1 to line 46, col 35 of module pipeline_ooo: 4104
@!@!@ENDMSG 2221 @!@!@
@!@!@STARTMSG 2221:0 @!@!@
  line 46, col 1 to line 46, col 35 of module pipeline_ooo: 62375
@!@!@ENDMSG 2221 @!@!@
@!@!@STARTMSG 2221:0 @!@!@
  line 74, col 18 to line 74, col 59 of module pipeline_exec_ooo: 201
@!@!@ENDMSG 2221 @!@!@
@!@!@STARTMSG 2775:0 @!@!@
  |line 74, col 25 to line 74, col 59 of module pipeline_exec_ooo: 202:404
@!@!@ENDMSG 2775 @!@!@
@!@!@STARTMSG 2221:0 @!@!@
  line 78, col 15 to line 78, col 69 of module pipeline_exec_ooo: 201
@!@!@ENDMSG 2221 @!@!@
@!@!@STARTMSG 2775:0 @!@!@
  |line 78, col 22 to line 78, col 69 of module pipeline_exec_ooo: 202:404
@!@!@ENDMSG 2775 @!@!@
@!@!@STARTMSG 2221:0 @!@!@
  line 82, col 15 to line 84, col 59 of module pipeline_exec_ooo: 201
@!@!@ENDMSG 2221 @!@!@
@!@!@STARTMSG 2775:0 @!@!@
  |line 82, col 22 to line 84, col 59 of module pipeline_exec_ooo: 202:404
@!@!@ENDMSG 2775 @!@!@
@!@!@STARTMSG 2221:0 @!@!@
  line 95, col 18 to line 95, col 54 of module pipeline_exec_ooo: 201
@!@!@ENDMSG 2221 @!@!@
@!@!@STARTMSG 2775:0 @!@!@
  |line 95, col 25 to line 95, col 54 of module pipeline_exec_ooo: 202:404
@!@!@ENDMSG 2775 @!@!@
@!@!@STARTMSG 2221:0 @!@!@
  line 111, col 16 to line 111, col 69 of module pipeline_exec_ooo: 201
@!@!@ENDMSG 2221 @!@!@
@!@!@STARTMSG 2775:0 @!@!@
  |line 111, col 24 to line 111, col 69 of module pipeline_exec_ooo: 202:404
@!@!@ENDMSG 2775 @!@!@
@!@!@STARTMSG 2221:0 @!@!@
  line 143, col 20 to line 143, col 61 of module pipeline_exec_ooo: 201
@!@!@ENDMSG 2221 @!@!@
@!@!@STARTMSG 2221:0 @!@!@
  |line 143, col 28 to line 143, col 61 of module pipeline_exec_ooo: 202
@!@!@ENDMSG 2221 @!@!@
@!@!@STARTMSG 2221:0 @!@!@
  ||line 143, col 39 to line 143, col 43 of module pipeline_exec_ooo: 202
@!@!@ENDMSG 2221 @!@!@
@!@!@STARTMSG 2221:0 @!@!@
  |||line 124, col 30 to line 124, col 95 of module pipeline_exec_ooo: 202
@!@!@ENDMSG 2221 @!@!@
@!@!@STARTMSG 2221:0 @!@!@
  ||||line 124, col 33 to line 124, col 42 of module pipeline_exec_ooo: 202
@!@!@ENDMSG 2221 @!@!@
@!@!@STARTMSG 2221:0 @!@!@
  |||||line 124, col 34 to line 124, col 42 of module pipeline_exec_ooo: 202
@!@!@ENDMSG 2221 @!@!@
@!@!@STARTMSG 2221:0 @!@!@
  ||||||line 21, col 14 to line 21, col 67 of module pipeline_exec_ooo: 202
@!@!@ENDMSG 2221 @!@!@
@!@!@STARTMSG 2221:0 @!@!@
  |||||||line 21, col 37 to line 21, col 67 of module pipeline_exec_ooo: 388
@!@!@ENDMSG 2221 @!@!@
@!@!@STARTMSG 2221:0 @!@!@
  |||||||line 21, col 23 to line 21, col 34 of module pipeline_exec_ooo: 202
@!@!@ENDMSG 2221 @!@!@
@!@!@STARTMSG 2221:0 @!@!@
  ||||line 124, col 49 to line 124, col 80 of module pipeline_exec_ooo: 186
@!@!@ENDMSG 2221 @!@!@
@!@!@STARTMSG 2221:0 @!@!@
  |||||line 13, col 21 to line 15, col 49 of module instructions_ooo: 372
@!@!@ENDMSG 2221 @!@!@
@!@!@STARTMSG 2221:0 @!@!@
  ||||||line 13, col 24 to line 13, col 28 of module instructions_ooo: 372
@!@!@ENDMSG 2221 @!@!@
@!@!@STARTMSG 2221:0 @!@!@
  ||||||line 14, col 26 to line 14, col 32 of module instructions_ooo: 186
@!@!@ENDMSG 2221 @!@!@
@!@!@STARTMSG 2221:0 @!@!@
  |||||||line 12, col 36 to line 12, col 72 of module instructions_ooo: 186
@!@!@ENDMSG 2221 @!@!@
@!@!@STARTMSG 2221:0 @!@!@
  ||||||||line 12, col 39 to line 12, col 48 of module instructions_ooo: 186
@!@!@ENDMSG 2221 @!@!@
@!@!@STARTMSG 2221:0 @!@!@
  ||||||||line 12, col 55 to line 12, col 61 of module instructions_ooo: 34
@!@!@ENDMSG 2221 @!@!@
@!@!@STARTMSG 2221:0 @!@!@
  ||||||||line 12, col 68 to line 12, col 72 of module instructions_ooo: 152
@!@!@ENDMSG 2221 @!@!@
@!@!@STARTMSG 2221:0 @!@!@
  |||||||line 14, col 31 to line 14, col 31 of module instructions_ooo: 186
@!@!@ENDMSG 2221 @!@!@
@!@!@STARTMSG 2221:0 @!@!@
  ||||||line 15, col 26 to line 15, col 49 of module instructions_ooo: 186
@!@!@ENDMSG 2221 @!@!@
@!@!@STARTMSG 2221:0 @!@!@
  |||||||line 15, col 37 to line 15, col 43 of module instructions_ooo: 186
@!@!@ENDMSG 2221 @!@!@
@!@!@STARTMSG 2221:0 @!@!@
  ||||||||line 12, col 36 to line 12, col 72 of module instructions_ooo: 186
@!@!@ENDMSG 2221 @!@!@
@!@!@STARTMSG 2221:0 @!@!@
  |||||||||line 12, col 39 to line 12, col 48 of module instructions_ooo: 186
@!@!@ENDMSG 2221 @!@!@
@!@!@STARTMSG 2221:0 @!@!@
  |||||||||line 12, col 55 to line 12, col 61 of module instructions_ooo: 34
@!@!@ENDMSG 2221 @!@!@
@!@!@STARTMSG 2221:0 @!@!@
  |||||||||line 12, col 68 to line 12, col 72 of module instructions_ooo: 152
@!@!@ENDMSG 2221 @!@!@
@!@!@STARTMSG 2221:0 @!@!@
  ||||||||line 15, col 42 to line 15, col 42 of module instructions_ooo: 186
@!@!@ENDMSG 2221 @!@!@
@!@!@STARTMSG 2221:0 @!@!@
  |||||||line 15, col 46 to line 15, col 48 of module instructions_ooo: 186
@!@!@ENDMSG 2221 @!@!@
@!@!@STARTMSG 2221:0 @!@!@
  |||||line 124, col 60 to line 124, col 68 of module pipeline_exec_ooo: 186
@!@!@ENDMSG 2221 @!@!@
@!@!@STARTMSG 2221:0 @!@!@
  |||||line 124, col 71 to line 124, col 79 of module pipeline_exec_ooo: 186
@!@!@ENDMSG 2221 @!@!@
@!@!@STARTMSG 2221:0 @!@!@
  ||||line 124, col 87 to line 124, col 95 of module pipeline_exec_ooo: 16
@!@!@ENDMSG 2221 @!@!@
@!@!@STARTMSG 2221:0 @!@!@
  ||line 143, col 55 to line 143, col 59 of module pipeline_exec_ooo: 202
@!@!@ENDMSG 2221 @!@!@
@!@!@STARTMSG 2775:0 @!@!@
  |||line 127, col 30 to line 142, col 30 of module pipeline_exec_ooo: 202:42192
@!@!@ENDMSG 2775 @!@!@
@!@!@STARTMSG 2221:0 @!@!@
  ||||line 127, col 38 to line 127, col 51 of module pipeline_exec_ooo: 202
@!@!@ENDMSG 2221 @!@!@
@!@!@STARTMSG 2221:0 @!@!@
  |||||line 127, col 41 to line 127, col 51 of module pipeline_exec_ooo: 202
@!@!@ENDMSG 2221 @!@!@
@!@!@STARTMSG 2221:0 @!@!@
  ||||||line 127, col 45 to line 127, col 50 of module pipeline_exec_ooo: 202
@!@!@ENDMSG 2221 @!@!@
@!@!@STARTMSG 2221:0 @!@!@
  |||||||line 126, col 31 to line 126, col 83 of module pipeline_exec_ooo: 202
@!@!@ENDMSG 2221 @!@!@
@!@!@STARTMSG 2221:0 @!@!@
  ||||||||line 126, col 34 to line 126, col 43 of module pipeline_exec_ooo: 202
@!@!@ENDMSG 2221 @!@!@
@!@!@STARTMSG 2221:0 @!@!@
  |||||||||line 126, col 35 to line 126, col 43 of module pipeline_exec_ooo: 202
@!@!@ENDMSG 2221 @!@!@
@!@!@STARTMSG 2221:0 @!@!@
  ||||||||||line 21, col 14 to line 21, col 67 of module pipeline_exec_ooo: 202
@!@!@ENDMSG 2221 @!@!@
@!@!@STARTMSG 2221:0 @!@!@
  |||||||||||line 21, col 37 to line 21, col 67 of module pipeline_exec_ooo: 388
@!@!@ENDMSG 2221 @!@!@
@!@!@STARTMSG 2221:0 @!@!@
  |||||||||||line 21, col 23 to line 21, col 34 of module pipeline_exec_ooo: 202
@!@!@ENDMSG 2221 @!@!@
@!@!@STARTMSG 2221:0 @!@!@
  ||||||||line 126, col 50 to line 126, col 68 of module pipeline_exec_ooo: 186
@!@!@ENDMSG 2221 @!@!@
@!@!@STARTMSG 2221:0 @!@!@
  |||||||||line 114, col 16 to line 117, col 99 of module pipeline_exec_ooo: 558
@!@!@ENDMSG 2221 @!@!@
@!@!@STARTMSG 2221:0 @!@!@
  ||||||||||line 114, col 19 to line 114, col 23 of module pipeline_exec_ooo: 558
@!@!@ENDMSG 2221 @!@!@
@!@!@STARTMSG 2221:0 @!@!@
  ||||||||||line 115, col 21 to line 115, col 29 of module pipeline_exec_ooo: 186
@!@!@ENDMSG 2221 @!@!@
@!@!@STARTMSG 2221:0 @!@!@
  ||||||||||line 116, col 21 to line 117, col 99 of module pipeline_exec_ooo: 372
@!@!@ENDMSG 2221 @!@!@
@!@!@STARTMSG 2221:0 @!@!@
  |||||||||||line 17, col 22 to line 17, col 64 of module instructions_ooo: 372
@!@!@ENDMSG 2221 @!@!@
@!@!@STARTMSG 2221:0 @!@!@
  ||||||||||||line 17, col 25 to line 17, col 38 of module instructions_ooo: 372
@!@!@ENDMSG 2221 @!@!@
@!@!@STARTMSG 2221:0 @!@!@
  ||||||||||||line 17, col 45 to line 17, col 57 of module instructions_ooo: 68
@!@!@ENDMSG 2221 @!@!@
@!@!@STARTMSG 2221:0 @!@!@
  ||||||||||||line 17, col 64 to line 17, col 64 of module instructions_ooo: 304
@!@!@ENDMSG 2221 @!@!@
@!@!@STARTMSG 2221:0 @!@!@
  |||||||||||line 116, col 32 to line 116, col 44 of module pipeline_exec_ooo: 372
@!@!@ENDMSG 2221 @!@!@
@!@!@STARTMSG 2221:0 @!@!@
  |||||||||||line 116, col 47 to line 117, col 98 of module pipeline_exec_ooo: 372
@!@!@ENDMSG 2221 @!@!@
@!@!@STARTMSG 2221:0 @!@!@
  ||||||||||||line 116, col 56 to line 116, col 79 of module pipeline_exec_ooo: 372
@!@!@ENDMSG 2221 @!@!@
@!@!@STARTMSG 2221:0 @!@!@
  |||||||||||||line 9, col 21 to line 9, col 56 of module instructions_ooo: 372
@!@!@ENDMSG 2221 @!@!@
@!@!@STARTMSG 2221:0 @!@!@
  ||||||||||||||line 9, col 24 to line 9, col 35 of module instructions_ooo: 372
@!@!@ENDMSG 2221 @!@!@
@!@!@STARTMSG 2221:0 @!@!@
  ||||||||||||||line 9, col 42 to line 9, col 45 of module instructions_ooo: 68
@!@!@ENDMSG 2221 @!@!@
@!@!@STARTMSG 2221:0 @!@!@
  ||||||||||||||line 9, col 52 to line 9, col 56 of module instructions_ooo: 304
@!@!@ENDMSG 2221 @!@!@
@!@!@STARTMSG 2221:0 @!@!@
  |||||||||||||line 116, col 67 to line 116, col 75 of module pipeline_exec_ooo: 372
@!@!@ENDMSG 2221 @!@!@
@!@!@STARTMSG 2221:0 @!@!@
  |||||||||||||line 116, col 78 to line 116, col 78 of module pipeline_exec_ooo: 372
@!@!@ENDMSG 2221 @!@!@
@!@!@STARTMSG 2221:0 @!@!@
  ||||||||||||line 116, col 82 to line 116, col 99 of module pipeline_exec_ooo: 372
@!@!@ENDMSG 2221 @!@!@
@!@!@STARTMSG 2221:0 @!@!@
  ||||||||||||line 117, col 49 to line 117, col 62 of module pipeline_exec_ooo: 372
@!@!@ENDMSG 2221 @!@!@
@!@!@STARTMSG 2221:0 @!@!@
  |||||||||line 126, col 59 to line 126, col 67 of module pipeline_exec_ooo: 186
@!@!@ENDMSG 2221 @!@!@
@!@!@STARTMSG 2221:0 @!@!@
  ||||||||line 126, col 75 to line 126, col 83 of module pipeline_exec_ooo: 16
@!@!@ENDMSG 2221 @!@!@
@!@!@STARTMSG 2221:0 @!@!@
  line 146, col 18 to line 156, col 27 of module pipeline_exec_ooo: 201
@!@!@ENDMSG 2221 @!@!@
@!@!@STARTMSG 2221:0 @!@!@
  |line 146, col 27 to line 156, col 27 of module pipeline_exec_ooo: 202
@!@!@ENDMSG 2221 @!@!@
@!@!@STARTMSG 2221:0 @!@!@
  ||line 146, col 29 to line 146, col 33 of module pipeline_exec_ooo: 202
@!@!@ENDMSG 2221 @!@!@
@!@!@STARTMSG 2221:0 @!@!@
  ||line 147, col 29 to line 152, col 176 of module pipeline_exec_ooo: 202
@!@!@ENDMSG 2221 @!@!@
@!@!@STARTMSG 2221:0 @!@!@
  ||line 153, col 39 to line 155, col 206 of module pipeline_exec_ooo: 202
@!@!@ENDMSG 2221 @!@!@
@!@!@STARTMSG 2775:0 @!@!@
  |||line 153, col 39 to line 153, col 214 of module pipeline_exec_ooo: 202:1183
@!@!@ENDMSG 2775 @!@!@
@!@!@STARTMSG 2221:0 @!@!@
  ||||line 153, col 49 to line 153, col 213 of module pipeline_exec_ooo: 202
@!@!@ENDMSG 2221 @!@!@
@!@!@STARTMSG 2775:0 @!@!@
  |||||line 153, col 56 to line 153, col 212 of module pipeline_exec_ooo: 202:510
@!@!@ENDMSG 2775 @!@!@
@!@!@STARTMSG 2775:0 @!@!@
  ||||||line 153, col 58 to line 153, col 194 of module pipeline_exec_ooo: 404:238
@!@!@ENDMSG 2775 @!@!@
@!@!@STARTMSG 2221:0 @!@!@
  |||||||line 153, col 60 to line 153, col 72 of module pipeline_exec_ooo: 404
@!@!@ENDMSG 2221 @!@!@
@!@!@STARTMSG 2221:0 @!@!@
  |||||||line 153, col 75 to line 153, col 101 of module pipeline_exec_ooo: 404
@!@!@ENDMSG 2221 @!@!@
@!@!@STARTMSG 2775:0 @!@!@
  |||||||line 153, col 111 to line 153, col 193 of module pipeline_exec_ooo: 404:276
@!@!@ENDMSG 2775 @!@!@
@!@!@STARTMSG 2221:0 @!@!@
  ||||||||line 153, col 112 to line 153, col 115 of module pipeline_exec_ooo: 34
@!@!@ENDMSG 2221 @!@!@
@!@!@STARTMSG 2221:0 @!@!@
  ||||||||line 153, col 125 to line 153, col 192 of module pipeline_exec_ooo: 404
@!@!@ENDMSG 2221 @!@!@
@!@!@STARTMSG 2221:0 @!@!@
  |||||||||line 153, col 125 to line 153, col 130 of module pipeline_exec_ooo: 404
@!@!@ENDMSG 2221 @!@!@
@!@!@STARTMSG 2775:0 @!@!@
  |||||||||line 153, col 137 to line 153, col 192 of module pipeline_exec_ooo: 404:438
@!@!@ENDMSG 2775 @!@!@
@!@!@STARTMSG 2221:0 @!@!@
  ||||||||||line 153, col 179 to line 153, col 191 of module pipeline_exec_ooo: 68
@!@!@ENDMSG 2221 @!@!@
@!@!@STARTMSG 2221:0 @!@!@
  ||||||||||line 153, col 145 to line 153, col 175 of module pipeline_exec_ooo: 404
@!@!@ENDMSG 2221 @!@!@
@!@!@STARTMSG 2775:0 @!@!@
  |||||||||||line 153, col 151 to line 153, col 174 of module pipeline_exec_ooo: 404:472
@!@!@ENDMSG 2775 @!@!@
@!@!@STARTMSG 2221:0 @!@!@
  ||||||||||||line 153, col 152 to line 153, col 157 of module pipeline_exec_ooo: 808
@!@!@ENDMSG 2221 @!@!@
@!@!@STARTMSG 2221:0 @!@!@
  ||||||||||||line 153, col 167 to line 153, col 173 of module pipeline_exec_ooo: 404
@!@!@ENDMSG 2221 @!@!@
@!@!@STARTMSG 2221:0 @!@!@
  ||||||line 153, col 204 to line 153, col 210 of module pipeline_exec_ooo: 202
@!@!@ENDMSG 2221 @!@!@
@!@!@STARTMSG 2775:0 @!@!@
  |||line 155, col 48 to line 155, col 206 of module pipeline_exec_ooo: 202:135
@!@!@ENDMSG 2775 @!@!@
@!@!@STARTMSG 2221:0 @!@!@
  ||||line 155, col 50 to line 155, col 114 of module pipeline_exec_ooo: 9
@!@!@ENDMSG 2221 @!@!@
@!@!@STARTMSG 2221:0 @!@!@
  ||||line 155, col 124 to line 155, col 204 of module pipeline_exec_ooo: 202
@!@!@ENDMSG 2221 @!@!@
@!@!@STARTMSG 2221:0 @!@!@
  |||||line 155, col 124 to line 155, col 164 of module pipeline_exec_ooo: 202
@!@!@ENDMSG 2221 @!@!@
@!@!@STARTMSG 2775:0 @!@!@
  ||||||line 155, col 130 to line 155, col 163 of module pipeline_exec_ooo: 202:211
@!@!@ENDMSG 2775 @!@!@
@!@!@STARTMSG 2221:0 @!@!@
  |||||||line 155, col 131 to line 155, col 139 of module pipeline_exec_ooo: 606
@!@!@ENDMSG 2221 @!@!@
@!@!@STARTMSG 2221:0 @!@!@
  ||||||||line 99, col 15 to line 105, col 72 of module pipeline_exec_ooo: 1414
@!@!@ENDMSG 2221 @!@!@
@!@!@STARTMSG 2221:0 @!@!@
  |||||||||line 99, col 18 to line 99, col 22 of module pipeline_exec_ooo: 1414
@!@!@ENDMSG 2221 @!@!@
@!@!@STARTMSG 2221:0 @!@!@
  |||||||||line 102, col 17 to line 102, col 30 of module pipeline_exec_ooo: 808
@!@!@ENDMSG 2221 @!@!@
@!@!@STARTMSG 2221:0 @!@!@
  ||||||||||line 55, col 43 to line 57, col 42 of module pipeline_exec_ooo: 808
@!@!@ENDMSG 2221 @!@!@
@!@!@STARTMSG 2221:0 @!@!@
  |||||||||||line 56, col 45 to line 56, col 74 of module pipeline_exec_ooo: 2696
@!@!@ENDMSG 2221 @!@!@
@!@!@STARTMSG 2221:0 @!@!@
  ||||||||||||line 56, col 62 to line 56, col 74 of module pipeline_exec_ooo: 3160
@!@!@ENDMSG 2221 @!@!@
@!@!@STARTMSG 2221:0 @!@!@
  ||||||||||||line 56, col 54 to line 56, col 59 of module pipeline_exec_ooo: 2696
@!@!@ENDMSG 2221 @!@!@
@!@!@STARTMSG 2221:0 @!@!@
  |||||||||||line 55, col 51 to line 55, col 67 of module pipeline_exec_ooo: 808
@!@!@ENDMSG 2221 @!@!@
@!@!@STARTMSG 2221:0 @!@!@
  ||||||||||line 58, col 23 to line 58, col 62 of module pipeline_exec_ooo: 808
@!@!@ENDMSG 2221 @!@!@
@!@!@STARTMSG 2221:0 @!@!@
  |||||||||||line 58, col 24 to line 58, col 51 of module pipeline_exec_ooo: 808
@!@!@ENDMSG 2221 @!@!@
@!@!@STARTMSG 2221:0 @!@!@
  ||||||||||||line 58, col 24 to line 58, col 27 of module pipeline_exec_ooo: 808
@!@!@ENDMSG 2221 @!@!@
@!@!@STARTMSG 2221:0 @!@!@
  |||||||||||||line 25, col 9 to line 26, col 102 of module pipeline_exec_ooo: 808
@!@!@ENDMSG 2221 @!@!@
@!@!@STARTMSG 2221:0 @!@!@
  ||||||||||||||line 25, col 36 to line 26, col 100 of module pipeline_exec_ooo: 2696
@!@!@ENDMSG 2221 @!@!@
@!@!@STARTMSG 2221:0 @!@!@
  |||||||||||||||line 25, col 39 to line 25, col 59 of module pipeline_exec_ooo: 2696
@!@!@ENDMSG 2221 @!@!@
@!@!@STARTMSG 2221:0 @!@!@
  |||||||||||||||line 26, col 39 to line 26, col 100 of module pipeline_exec_ooo: 1224
@!@!@ENDMSG 2221 @!@!@
@!@!@STARTMSG 2221:0 @!@!@
  ||||||||||||||||line 26, col 57 to line 26, col 100 of module pipeline_exec_ooo: 2312
@!@!@ENDMSG 2221 @!@!@
@!@!@STARTMSG 2221:0 @!@!@
  |||||||||||||||||line 26, col 57 to line 26, col 83 of module pipeline_exec_ooo: 2312
@!@!@ENDMSG 2221 @!@!@
@!@!@STARTMSG 2221:0 @!@!@
  |||||||||||||||||line 26, col 88 to line 26, col 100 of module pipeline_exec_ooo: 416
@!@!@ENDMSG 2221 @!@!@
@!@!@STARTMSG 2221:0 @!@!@
  ||||||||||||||||line 26, col 48 to line 26, col 54 of module pipeline_exec_ooo: 1224
@!@!@ENDMSG 2221 @!@!@
@!@!@STARTMSG 2221:0 @!@!@
  ||||||||||||||line 25, col 17 to line 25, col 33 of module pipeline_exec_ooo: 808
@!@!@ENDMSG 2221 @!@!@
@!@!@STARTMSG 2221:0 @!@!@
  ||||||||||||line 58, col 40 to line 58, col 51 of module pipeline_exec_ooo: 808
@!@!@ENDMSG 2221 @!@!@
@!@!@STARTMSG 2221:0 @!@!@
  |||||||||||line 58, col 56 to line 58, col 62 of module pipeline_exec_ooo: 808
@!@!@ENDMSG 2221 @!@!@
@!@!@STARTMSG 2221:0 @!@!@
  ||||||||||line 102, col 26 to line 102, col 29 of module pipeline_exec_ooo: 808
@!@!@ENDMSG 2221 @!@!@
@!@!@STARTMSG 2221:0 @!@!@
  |||||||||||line 28, col 9 to line 29, col 91 of module pipeline_exec_ooo: 808
@!@!@ENDMSG 2221 @!@!@
@!@!@STARTMSG 2221:0 @!@!@
  ||||||||||||line 28, col 36 to line 29, col 89 of module pipeline_exec_ooo: 2696
@!@!@ENDMSG 2221 @!@!@
@!@!@STARTMSG 2221:0 @!@!@
  |||||||||||||line 28, col 39 to line 28, col 55 of module pipeline_exec_ooo: 2696
@!@!@ENDMSG 2221 @!@!@
@!@!@STARTMSG 2221:0 @!@!@
  |||||||||||||line 29, col 39 to line 29, col 89 of module pipeline_exec_ooo: 1784
@!@!@ENDMSG 2221 @!@!@
@!@!@STARTMSG 2221:0 @!@!@
  ||||||||||||||line 29, col 62 to line 29, col 89 of module pipeline_exec_ooo: 3364
@!@!@ENDMSG 2221 @!@!@
@!@!@STARTMSG 2221:0 @!@!@
  ||||||||||||||line 29, col 48 to line 29, col 59 of module pipeline_exec_ooo: 1784
@!@!@ENDMSG 2221 @!@!@
@!@!@STARTMSG 2221:0 @!@!@
  ||||||||||||line 28, col 17 to line 28, col 33 of module pipeline_exec_ooo: 808
@!@!@ENDMSG 2221 @!@!@
@!@!@STARTMSG 2221:0 @!@!@
  |||||||||line 105, col 17 to line 105, col 72 of module pipeline_exec_ooo: 606
@!@!@ENDMSG 2221 @!@!@
@!@!@STARTMSG 2221:0 @!@!@
  ||||||||||line 55, col 43 to line 57, col 42 of module pipeline_exec_ooo: 606
@!@!@ENDMSG 2221 @!@!@
@!@!@STARTMSG 2221:0 @!@!@
  |||||||||||line 56, col 45 to line 56, col 74 of module pipeline_exec_ooo: 2022
@!@!@ENDMSG 2221 @!@!@
@!@!@STARTMSG 2221:0 @!@!@
  ||||||||||||line 56, col 62 to line 56, col 74 of module pipeline_exec_ooo: 2523
@!@!@ENDMSG 2221 @!@!@
@!@!@STARTMSG 2221:0 @!@!@
  ||||||||||||line 56, col 54 to line 56, col 59 of module pipeline_exec_ooo: 2022
@!@!@ENDMSG 2221 @!@!@
@!@!@STARTMSG 2221:0 @!@!@
  |||||||||||line 55, col 51 to line 55, col 67 of module pipeline_exec_ooo: 606
@!@!@ENDMSG 2221 @!@!@
@!@!@STARTMSG 2221:0 @!@!@
  ||||||||||line 58, col 23 to line 58, col 62 of module pipeline_exec_ooo: 606
@!@!@ENDMSG 2221 @!@!@
@!@!@STARTMSG 2221:0 @!@!@
  |||||||||||line 58, col 24 to line 58, col 51 of module pipeline_exec_ooo: 606
@!@!@ENDMSG 2221 @!@!@
@!@!@STARTMSG 2221:0 @!@!@
  ||||||||||||line 58, col 24 to line 58, col 27 of module pipeline_exec_ooo: 606
@!@!@ENDMSG 2221 @!@!@
@!@!@STARTMSG 2221:0 @!@!@
  |||||||||||||line 25, col 9 to line 26, col 102 of module pipeline_exec_ooo: 606
@!@!@ENDMSG 2221 @!@!@
@!@!@STARTMSG 2221:0 @!@!@
  ||||||||||||||line 25, col 36 to line 26, col 100 of module pipeline_exec_ooo: 2022
@!@!@ENDMSG 2221 @!@!@
@!@!@STARTMSG 2221:0 @!@!@
  |||||||||||||||line 25, col 39 to line 25, col 59 of module pipeline_exec_ooo: 2022
@!@!@ENDMSG 2221 @!@!@
@!@!@STARTMSG 2221:0 @!@!@
  |||||||||||||||line 26, col 39 to line 26, col 100 of module pipeline_exec_ooo: 918
@!@!@ENDMSG 2221 @!@!@
@!@!@STARTMSG 2221:0 @!@!@
  ||||||||||||||||line 26, col 57 to line 26, col 100 of module pipeline_exec_ooo: 1734
@!@!@ENDMSG 2221 @!@!@
@!@!@STARTMSG 2221:0 @!@!@
  |||||||||||||||||line 26, col 57 to line 26, col 83 of module pipeline_exec_ooo: 1734
@!@!@ENDMSG 2221 @!@!@
@!@!@STARTMSG 2221:0 @!@!@
  |||||||||||||||||line 26, col 88 to line 26, col 100 of module pipeline_exec_ooo: 312
@!@!@ENDMSG 2221 @!@!@
@!@!@STARTMSG 2221:0 @!@!@
  ||||||||||||||||line 26, col 48 to line 26, col 54 of module pipeline_exec_ooo: 918
@!@!@ENDMSG 2221 @!@!@
@!@!@STARTMSG 2221:0 @!@!@
  ||||||||||||||line 25, col 17 to line 25, col 33 of module pipeline_exec_ooo: 606
@!@!@ENDMSG 2221 @!@!@
@!@!@STARTMSG 2221:0 @!@!@
  ||||||||||||line 58, col 40 to line 58, col 51 of module pipeline_exec_ooo: 606
@!@!@ENDMSG 2221 @!@!@
@!@!@STARTMSG 2221:0 @!@!@
  |||||||||||line 58, col 56 to line 58, col 62 of module pipeline_exec_ooo: 606
@!@!@ENDMSG 2221 @!@!@
@!@!@STARTMSG 2221:0 @!@!@
  ||||||||||line 105, col 26 to line 105, col 71 of module pipeline_exec_ooo: 606
@!@!@ENDMSG 2221 @!@!@
@!@!@STARTMSG 2221:0 @!@!@
  |||||||||||line 105, col 26 to line 105, col 29 of module pipeline_exec_ooo: 606
@!@!@ENDMSG 2221 @!@!@
@!@!@STARTMSG 2221:0 @!@!@
  ||||||||||||line 28, col 9 to line 29, col 91 of module pipeline_exec_ooo: 606
@!@!@ENDMSG 2221 @!@!@
@!@!@STARTMSG 2221:0 @!@!@
  |||||||||||||line 28, col 36 to line 29, col 89 of module pipeline_exec_ooo: 2022
@!@!@ENDMSG 2221 @!@!@
@!@!@STARTMSG 2221:0 @!@!@
  ||||||||||||||line 28, col 39 to line 28, col 55 of module pipeline_exec_ooo: 2022
@!@!@ENDMSG 2221 @!@!@
@!@!@STARTMSG 2221:0 @!@!@
  ||||||||||||||line 29, col 39 to line 29, col 89 of module pipeline_exec_ooo: 1338
@!@!@ENDMSG 2221 @!@!@
@!@!@STARTMSG 2221:0 @!@!@
  |||||||||||||||line 29, col 62 to line 29, col 89 of module pipeline_exec_ooo: 2523
@!@!@ENDMSG 2221 @!@!@
@!@!@STARTMSG 2221:0 @!@!@
  |||||||||||||||line 29, col 48 to line 29, col 59 of module pipeline_exec_ooo: 1338
@!@!@ENDMSG 2221 @!@!@
@!@!@STARTMSG 2221:0 @!@!@
  |||||||||||||line 28, col 17 to line 28, col 33 of module pipeline_exec_ooo: 606
@!@!@ENDMSG 2221 @!@!@
@!@!@STARTMSG 2221:0 @!@!@
  |||||||||||line 105, col 38 to line 105, col 71 of module pipeline_exec_ooo: 606
@!@!@ENDMSG 2221 @!@!@
@!@!@STARTMSG 2775:0 @!@!@
  ||||||||||||line 105, col 44 to line 105, col 70 of module pipeline_exec_ooo: 606:473
@!@!@ENDMSG 2775 @!@!@
@!@!@STARTMSG 2221:0 @!@!@
  |||||||||||||line 105, col 46 to line 105, col 54 of module pipeline_exec_ooo: 808
@!@!@ENDMSG 2221 @!@!@
@!@!@STARTMSG 2221:0 @!@!@
  |||||||||||||line 105, col 63 to line 105, col 68 of module pipeline_exec_ooo: 606
@!@!@ENDMSG 2221 @!@!@
@!@!@STARTMSG 2221:0 @!@!@
  ||||||||line 155, col 138 to line 155, col 138 of module pipeline_exec_ooo: 606
@!@!@ENDMSG 2221 @!@!@
@!@!@STARTMSG 2221:0 @!@!@
  |||||||line 155, col 149 to line 155, col 162 of module pipeline_exec_ooo: 202
@!@!@ENDMSG 2221 @!@!@
@!@!@STARTMSG 2221:0 @!@!@
  |||||line 155, col 168 to line 155, col 204 of module pipeline_exec_ooo: 202
@!@!@ENDMSG 2221 @!@!@
@!@!@STARTMSG 2221:0 @!@!@
  ||||||line 155, col 169 to line 155, col 182 of module pipeline_exec_ooo: 404
@!@!@ENDMSG 2221 @!@!@
@!@!@STARTMSG 2221:0 @!@!@
  ||||||line 155, col 192 to line 155, col 203 of module pipeline_exec_ooo: 202
@!@!@ENDMSG 2221 @!@!@
@!@!@STARTMSG 2221:0 @!@!@
  line 160, col 20 to line 161, col 50 of module pipeline_exec_ooo: 202
@!@!@ENDMSG 2221 @!@!@
@!@!@STARTMSG 2221:0 @!@!@
  |line 161, col 26 to line 161, col 39 of module pipeline_exec_ooo: 1226
@!@!@ENDMSG 2221 @!@!@
@!@!@STARTMSG 2221:0 @!@!@
  |line 161, col 44 to line 161, col 50 of module pipeline_exec_ooo: 613
@!@!@ENDMSG 2221 @!@!@
@!@!@STARTMSG 2221:0 @!@!@
  |line 160, col 29 to line 160, col 49 of module pipeline_exec_ooo: 202
@!@!@ENDMSG 2221 @!@!@
@!@!@STARTMSG 2221:0 @!@!@
  line 162, col 22 to line 162, col 47 of module pipeline_exec_ooo: 170
@!@!@ENDMSG 2221 @!@!@
@!@!@STARTMSG 2221:0 @!@!@
  |line 162, col 35 to line 162, col 47 of module pipeline_exec_ooo: 171
@!@!@ENDMSG 2221 @!@!@
@!@!@STARTMSG 2221:0 @!@!@
  line 163, col 22 to line 163, col 46 of module pipeline_exec_ooo: 31
@!@!@ENDMSG 2221 @!@!@
@!@!@STARTMSG 2221:0 @!@!@
  line 165, col 37 to line 165, col 68 of module pipeline_exec_ooo: 201
@!@!@ENDMSG 2221 @!@!@
@!@!@STARTMSG 2221:0 @!@!@
  line 56, col 24 to line 56, col 29 of module pipeline_ooo: 77
@!@!@ENDMSG 2221 @!@!@
@!@!@STARTMSG 2221:0 @!@!@
  line 57, col 21 to line 57, col 23 of module pipeline_ooo: 2618
@!@!@ENDMSG 2221 @!@!@
@!@!@STARTMSG 2221:0 @!@!@
  line 49, col 28 to line 49, col 37 of module pipeline_ooo: 645
@!@!@ENDMSG 2221 @!@!@
@!@!@STARTMSG 2221:0 @!@!@
  line 48, col 1 to line 59, col 29 of module pipeline_ooo: 9
@!@!@ENDMSG 2221 @!@!@
@!@!@STARTMSG 2221:0 @!@!@
  line 48, col 1 to line 59, col 29 of module pipeline_ooo: 16831
@!@!@ENDMSG 2221 @!@!@
@!@!@STARTMSG 2221:0 @!@!@
  line 51, col 22 to line 51, col 25 of module pipeline_ooo: 12298
@!@!@ENDMSG 2221 @!@!@
@!@!@STARTMSG 2221:0 @!@!@
  line 52, col 22 to line 52, col 25 of module pipeline_ooo: 12870
@!@!@ENDMSG 2221 @!@!@
@!@!@STARTMSG 2221:0 @!@!@
  line 48, col 1 to line 59, col 29 of module pipeline_ooo: 7486
@!@!@ENDMSG 2221 @!@!@
@!@!@STARTMSG 2221:0 @!@!@
  line 54, col 22 to line 54, col 25 of module pipeline_ooo: 22316
@!@!@ENDMSG 2221 @!@!@
@!@!@STARTMSG 2221:0 @!@!@
  line 53, col 22 to line 53, col 25 of module pipeline_ooo: 6265
@!@!@ENDMSG 2221 @!@!@
@!@!@STARTMSG 2221:0 @!@!@
  line 58, col 24 to line 58, col 29 of module pipeline_ooo: 68
@!@!@ENDMSG 2221 @!@!@
@!@!@STARTMSG 2221:0 @!@!@
  line 55, col 23 to line 55, col 27 of module pipeline_ooo: 17929
@!@!@ENDMSG 2221 @!@!@
@!@!@STARTMSG 2221:0 @!@!@
  line 59, col 24 to line 59, col 29 of module pipeline_ooo: 4104
@!@!@ENDMSG 2221 @!@!@
@!@!@STARTMSG 2221:0 @!@!@
  line 50, col 23 to line 50, col 27 of module pipeline_ooo: 61930
@!@!@ENDMSG 2221 @!@!@
@!@!@STARTMSG 2221:0 @!@!@
  line 74, col 18 to line 74, col 59 of module pipeline_exec_ooo: 201
@!@!@ENDMSG 2221 @!@!@
@!@!@STARTMSG 2775:0 @!@!@
  |line 74, col 25 to line 74, col 59 of module pipeline_exec_ooo: 202:404
@!@!@ENDMSG 2775 @!@!@
@!@!@STARTMSG 2221:0 @!@!@
  line 78, col 15 to line 78, col 69 of module pipeline_exec_ooo: 201
@!@!@ENDMSG 2221 @!@!@
@!@!@STARTMSG 2775:0 @!@!@
  |line 78, col 22 to line 78, col 69 of module pipeline_exec_ooo: 202:404
@!@!@ENDMSG 2775 @!@!@
@!@!@STARTMSG 2221:0 @!@!@
  line 82, col 15 to line 84, col 59 of module pipeline_exec_ooo: 201
@!@!@ENDMSG 2221 @!@!@
@!@!@STARTMSG 2775:0 @!@!@
  |line 82, col 22 to line 84, col 59 of module pipeline_exec_ooo: 202:404
@!@!@ENDMSG 2775 @!@!@
@!@!@STARTMSG 2221:0 @!@!@
  line 95, col 18 to line 95, col 54 of module pipeline_exec_ooo: 201
@!@!@ENDMSG 2221 @!@!@
@!@!@STARTMSG 2775:0 @!@!@
  |line 95, col 25 to line 95, col 54 of module pipeline_exec_ooo: 202:404
@!@!@ENDMSG 2775 @!@!@
@!@!@STARTMSG 2221:0 @!@!@
  line 111, col 16 to line 111, col 69 of module pipeline_exec_ooo: 201
@!@!@ENDMSG 2221 @!@!@
@!@!@STARTMSG 2775:0 @!@!@
  |line 111, col 24 to line 111, col 69 of module pipeline_exec_ooo: 202:404
@!@!@ENDMSG 2775 @!@!@
@!@!@STARTMSG 2221:0 @!@!@
  line 143, col 20 to line 143, col 61 of module pipeline_exec_ooo: 201
@!@!@ENDMSG 2221 @!@!@
@!@!@STARTMSG 2221:0 @!@!@
  |line 143, col 28 to line 143, col 61 of module pipeline_exec_ooo: 202
@!@!@ENDMSG 2221 @!@!@
@!@!@STARTMSG 2221:0 @!@!@
  ||line 143, col 39 to line 143, col 43 of module pipeline_exec_ooo: 202
@!@!@ENDMSG 2221 @!@!@
@!@!@STARTMSG 2221:0 @!@!@
  |||line 124, col 30 to line 124, col 95 of module pipeline_exec_ooo: 202
@!@!@ENDMSG 2221 @!@!@
@!@!@STARTMSG 2221:0 @!@!@
  ||||line 124, col 33 to line 124, col 42 of module pipeline_exec_ooo: 202
@!@!@ENDMSG 2221 @!@!@
@!@!@STARTMSG 2221:0 @!@!@
  |||||line 124, col 34 to line 124, col 42 of module pipeline_exec_ooo: 202
@!@!@ENDMSG 2221 @!@!@
@!@!@STARTMSG 2221:0 @!@!@
  ||||||line 21, col 14 to line 21, col 67 of module pipeline_exec_ooo: 202
@!@!@ENDMSG 2221 @!@!@
@!@!@STARTMSG 2221:0 @!@!@
  |||||||line 21, col 37 to line 21, col 67 of module pipeline_exec_ooo: 386
@!@!@ENDMSG 2221 @!@!@
@!@!@STARTMSG 2221:0 @!@!@
  |||||||line 21, col 23 to line 21, col 34 of module pipeline_exec_ooo: 202
@!@!@ENDMSG 2221 @!@!@
@!@!@STARTMSG 2221:0 @!@!@
  ||||line 124, col 49 to line 124, col 80 of module pipeline_exec_ooo: 184
@!@!@ENDMSG 2221 @!@!@
@!@!@STARTMSG 2221:0 @!@!@
  |||||line 13, col 21 to line 15, col 49 of module instructions_ooo: 368
@!@!@ENDMSG 2221 @!@!@
@!@!@STARTMSG 2221:0 @!@!@
  ||||||line 13, col 24 to line 13, col 28 of module instructions_ooo: 368
@!@!@ENDMSG 2221 @!@!@
@!@!@STARTMSG 2221:0 @!@!@
  ||||||line 14, col 26 to line 14, col 32 of module instructions_ooo: 184
@!@!@ENDMSG 2221 @!@!@
@!@!@STARTMSG 2221:0 @!@!@
  |||||||line 12, col 36 to line 12, col 72 of module instructions_ooo: 184
@!@!@ENDMSG 2221 @!@!@
@!@!@STARTMSG 2221:0 @!@!@
  ||||||||line 12, col 39 to line 12, col 48 of module instructions_ooo: 184
@!@!@ENDMSG 2221 @!@!@
@!@!@STARTMSG 2221:0 @!@!@
  ||||||||line 12, col 55 to line 12, col 61 of module instructions_ooo: 34
@!@!@ENDMSG 2221 @!@!@
@!@!@STARTMSG 2221:0 @!@!@
  ||||||||line 12, col 68 to line 12, col 72 of module instructions_ooo: 150
@!@!@ENDMSG 2221 @!@!@
@!@!@STARTMSG 2221:0 @!@!@
  |||||||line 14, col 31 to line 14, col 31 of module instructions_ooo: 184
@!@!@ENDMSG 2221 @!@!@
@!@!@STARTMSG 2221:0 @!@!@
  ||||||line 15, col 26 to line 15, col 49 of module instructions_ooo: 184
@!@!@ENDMSG 2221 @!@!@
@!@!@STARTMSG 2221:0 @!@!@
  |||||||line 15, col 37 to line 15, col 43 of module instructions_ooo: 184
@!@!@ENDMSG 2221 @!@!@
@!@!@STARTMSG 2221:0 @!@!@
  ||||||||line 12, col 36 to line 12, col 72 of module instructions_ooo: 184
@!@!@ENDMSG 2221 @!@!@
@!@!@STARTMSG 2221:0 @!@!@
  |||||||||line 12, col 39 to line 12, col 48 of module instructions_ooo: 184
@!@!@ENDMSG 2221 @!@!@
@!@!@STARTMSG 2221:0 @!@!@
  |||||||||line 12, col 55 to line 12, col 61 of module instructions_ooo: 34
@!@!@ENDMSG 2221 @!@!@
@!@!@STARTMSG 2221:0 @!@!@
  |||||||||line 12, col 68 to line 12, col 72 of module instructions_ooo: 150
@!@!@ENDMSG 2221 @!@!@
@!@!@STARTMSG 2221:0 @!@!@
  ||||||||line 15, col 42 to line 15, col 42 of module instructions_ooo: 184
@!@!@ENDMSG 2221 @!@!@
@!@!@STARTMSG 2221:0 @!@!@
  |||||||line 15, col 46 to line 15, col 48 of module instructions_ooo: 184
@!@!@ENDMSG 2221 @!@!@
@!@!@STARTMSG 2221:0 @!@!@
  |||||line 124, col 60 to line 124, col 68 of module pipeline_exec_ooo: 184
@!@!@ENDMSG 2221 @!@!@
@!@!@STARTMSG 2221:0 @!@!@
  |||||line 124, col 71 to line 124, col 79 of module pipeline_exec_ooo: 184
@!@!@ENDMSG 2221 @!@!@
@!@!@STARTMSG 2221:0 @!@!@
  ||||line 124, col 87 to line 124, col 95 of module pipeline_exec_ooo: 18
@!@!@ENDMSG 2221 @!@!@
@!@!@STARTMSG 2221:0 @!@!@
  ||line 143, col 55 to line 143, col 59 of module pipeline_exec_ooo: 202
@!@!@ENDMSG 2221 @!@!@
@!@!@STARTMSG 2775:0 @!@!@
  |||line 127, col 30 to line 142, col 30 of module pipeline_exec_ooo: 202:41424
@!@!@ENDMSG 2775 @!@!@
@!@!@STARTMSG 2221:0 @!@!@
  ||||line 127, col 38 to line 127, col 51 of module pipeline_exec_ooo: 202
@!@!@ENDMSG 2221 @!@!@
@!@!@STARTMSG 2221:0 @!@!@
  |||||line 127, col 41 to line 127, col 51 of module pipeline_exec_ooo: 202
@!@!@ENDMSG 2221 @!@!@
@!@!@STARTMSG 2221:0 @!@!@
  ||||||line 127, col 45 to line 127, col 50 of module pipeline_exec_ooo: 202
@!@!@ENDMSG 2221 @!@!@
@!@!@STARTMSG 2221:0 @!@!@
  |||||||line 126, col 31 to line 126, col 83 of module pipeline_exec_ooo: 202
@!@!@ENDMSG 2221 @!@!@
@!@!@STARTMSG 2221:0 @!@!@
  ||||||||line 126, col 34 to line 126, col 43 of module pipeline_exec_ooo: 202
@!@!@ENDMSG 2221 @!@!@
@!@!@STARTMSG 2221:0 @!@!@
  |||||||||line 126, col 35 to line 126, col 43 of module pipeline_exec_ooo: 202
@!@!@ENDMSG 2221 @!@!@
@!@!@STARTMSG 2221:0 @!@!@
  ||||||||||line 21, col 14 to line 21, col 67 of module pipeline_exec_ooo: 202
@!@!@ENDMSG 2221 @!@!@
@!@!@STARTMSG 2221:0 @!@!@
  |||||||||||line 21, col 37 to line 21, col 67 of module pipeline_exec_ooo: 386
@!@!@ENDMSG 2221 @!@!@
@!@!@STARTMSG 2221:0 @!@!@
  |||||||||||line 21, col 23 to line 21, col 34 of module pipeline_exec_ooo: 202
@!@!@ENDMSG 2221 @!@!@
@!@!@STARTMSG 2221:0 @!@!@
  ||||||||line 126, col 50 to line 126, col 68 of module pipeline_exec_ooo: 184
@!@!@ENDMSG 2221 @!@!@
@!@!@STARTMSG 2221:0 @!@!@
  |||||||||line 114, col 16 to line 117, col 99 of module pipeline_exec_ooo: 552
@!@!@ENDMSG 2221 @!@!@
@!@!@STARTMSG 2221:0 @!@!@
  ||||||||||line 114, col 19 to line 114, col 23 of module pipeline_exec_ooo: 552
@!@!@ENDMSG 2221 @!@!@
@!@!@STARTMSG 2221:0 @!@!@
  ||||||||||line 115, col 21 to line 115, col 29 of module pipeline_exec_ooo: 184
@!@!@ENDMSG 2221 @!@!@
@!@!@STARTMSG 2221:0 @!@!@
  ||||||||||line 116, col 21 to line 117, col 99 of module pipeline_exec_ooo: 368
@!@!@ENDMSG 2221 @!@!@
@!@!@STARTMSG 2221:0 @!@!@
  |||||||||||line 17, col 22 to line 17, col 64 of module instructions_ooo: 368
@!@!@ENDMSG 2221 @!@!@
@!@!@STARTMSG 2221:0 @!@!@
  ||||||||||||line 17, col 25 to line 17, col 38 of module instructions_ooo: 368
@!@!@ENDMSG 2221 @!@!@
@!@!@STARTMSG 2221:0 @!@!@
  ||||||||||||line 17, col 45 to line 17, col 57 of module instructions_ooo: 68
@!@!@ENDMSG 2221 @!@!@
@!@!@STARTMSG 2221:0 @!@!@
  ||||||||||||line 17, col 64 to line 17, col 64 of module instructions_ooo: 300
@!@!@ENDMSG 2221 @!@!@
@!@!@STARTMSG 2221:0 @!@!@
  |||||||||||line 116, col 32 to line 116, col 44 of module pipeline_exec_ooo: 368
@!@!@ENDMSG 2221 @!@!@
@!@!@STARTMSG 2221:0 @!@!@
  |||||||||||line 116, col 47 to line 117, col 98 of module pipeline_exec_ooo: 368
@!@!@ENDMSG 2221 @!@!@
@!@!@STARTMSG 2221:0 @!@!@
  ||||||||||||line 116, col 56 to line 116, col 79 of module pipeline_exec_ooo: 368
@!@!@ENDMSG 2221 @!@!@
@!@!@STARTMSG 2221:0 @!@!@
  |||||||||||||line 9, col 21 to line 9, col 56 of module instructions_ooo: 368
@!@!@ENDMSG 2221 @!@!@
@!@!@STARTMSG 2221:0 @!@!@
  ||||||||||||||line 9, col 24 to line 9, col 35 of module instructions_ooo: 368
@!@!@ENDMSG 2221 @!@!@
@!@!@STARTMSG 2221:0 @!@!@
  ||||||||||||||line 9, col 42 to line 9, col 45 of module instructions_ooo: 68
@!@!@ENDMSG 2221 @!@!@
@!@!@STARTMSG 2221:0 @!@!@
  ||||||||||||||line 9, col 52 to line 9, col 56 of module instructions_ooo: 300
@!@!@ENDMSG 2221 @!@!@
@!@!@STARTMSG 2221:0 @!@!@
  |||||||||||||line 116, col 67 to line 116, col 75 of module pipeline_exec_ooo: 368
@!@!@ENDMSG 2221 @!@!@
@!@!@STARTMSG 2221:0 @!@!@
  |||||||||||||line 116, col 78 to line 116, col 78 of module pipeline_exec_ooo: 368
@!@!@ENDMSG 2221 @!@!@
@!@!@STARTMSG 2221:0 @!@!@
  ||||||||||||line 116, col 82 to line 116, col 99 of module pipeline_exec_ooo: 368
@!@!@ENDMSG 2221 @!@!@
@!@!@STARTMSG 2221:0 @!@!@
  ||||||||||||line 117, col 49 to line 117, col 62 of module pipeline_exec_ooo: 368
@!@!@ENDMSG 2221 @!@!@
@!@!@STARTMSG 2221:0 @!@!@
  |||||||||line 126, col 59 to line 126, col 67 of module pipeline_exec_ooo: 184
@!@!@ENDMSG 2221 @!@!@
@!@!@STARTMSG 2221:0 @!@!@
  ||||||||line 126, col 75 to line 126, col 83 of module pipeline_exec_ooo: 18
@!@!@ENDMSG 2221 @!@!@
@!@!@STARTMSG 2221:0 @!@!@
  line 146, col 18 to line 156, col 27 of module pipeline_exec_ooo: 201
@!@!@ENDMSG 2221 @!@!@
@!@!@STARTMSG 2221:0 @!@!@
  |line 146, col 27 to line 156, col 27 of module pipeline_exec_ooo: 202
@!@!@ENDMSG 2221 @!@!@
@!@!@STARTMSG 2221:0 @!@!@
  ||line 146, col 29 to line 146, col 33 of module pipeline_exec_ooo: 202
@!@!@ENDMSG 2221 @!@!@
@!@!@STARTMSG 2221:0 @!@!@
  ||line 147, col 29 to line 152, col 176 of module pipeline_exec_ooo: 202
@!@!@ENDMSG 2221 @!@!@
@!@!@STARTMSG 2221:0 @!@!@
  ||line 153, col 39 to line 155, col 206 of module pipeline_exec_ooo: 202
@!@!@ENDMSG 2221 @!@!@
@!@!@STARTMSG 2775:0 @!@!@
  |||line 153, col 39 to line 153, col 214 of module pipeline_exec_ooo: 202:1174
@!@!@ENDMSG 2775 @!@!@
@!@!@STARTMSG 2221:0 @!@!@
  ||||line 153, col 49 to line 153, col 213 of module pipeline_exec_ooo: 202
@!@!@ENDMSG 2221 @!@!@
@!@!@STARTMSG 2775:0 @!@!@
  |||||line 153, col 56 to line 153, col 212 of module pipeline_exec_ooo: 202:510
@!@!@ENDMSG 2775 @!@!@
@!@!@STARTMSG 2775:0 @!@!@
  ||||||line 153, col 58 to line 153, col 194 of module pipeline_exec_ooo: 404:238
@!@!@ENDMSG 2775 @!@!@
@!@!@STARTMSG 2221:0 @!@!@
  |||||||line 153, col 60 to line 153, col 72 of module pipeline_exec_ooo: 404
@!@!@ENDMSG 2221 @!@!@
@!@!@STARTMSG 2221:0 @!@!@
  |||||||line 153, col 75 to line 153, col 101 of module pipeline_exec_ooo: 404
@!@!@ENDMSG 2221 @!@!@
@!@!@STARTMSG 2775:0 @!@!@
  |||||||line 153, col 111 to line 153, col 193 of module pipeline_exec_ooo: 404:268
@!@!@ENDMSG 2775 @!@!@
@!@!@STARTMSG 2221:0 @!@!@
  ||||||||line 153, col 112 to line 153, col 115 of module pipeline_exec_ooo: 34
@!@!@ENDMSG 2221 @!@!@
@!@!@STARTMSG 2221:0 @!@!@
  ||||||||line 153, col 125 to line 153, col 192 of module pipeline_exec_ooo: 404
@!@!@ENDMSG 2221 @!@!@
@!@!@STARTMSG 2221:0 @!@!@
  |||||||||line 153, col 125 to line 153, col 130 of module pipeline_exec_ooo: 404
@!@!@ENDMSG 2221 @!@!@
@!@!@STARTMSG 2775:0 @!@!@
  |||||||||line 153, col 137 to line 153, col 192 of module pipeline_exec_ooo: 404:438
@!@!@ENDMSG 2775 @!@!@
@!@!@STARTMSG 2221:0 @!@!@
  ||||||||||line 153, col 179 to line 153, col 191 of module pipeline_exec_ooo: 68
@!@!@ENDMSG 2221 @!@!@
@!@!@STARTMSG 2221:0 @!@!@
  ||||||||||line 153, col 145 to line 153, col 175 of module pipeline_exec_ooo: 404
@!@!@ENDMSG 2221 @!@!@
@!@!@STARTMSG 2775:0 @!@!@
  |||||||||||line 153, col 151 to line 153, col 174 of module pipeline_exec_ooo: 404:472
@!@!@ENDMSG 2775 @!@!@
@!@!@STARTMSG 2221:0 @!@!@
  ||||||||||||line 153, col 152 to line 153, col 157 of module pipeline_exec_ooo: 808
@!@!@ENDMSG 2221 @!@!@
@!@!@STARTMSG 2221:0 @!@!@
  ||||||||||||line 153, col 167 to line 153, col 173 of module pipeline_exec_ooo: 404
@!@!@ENDMSG 2221 @!@!@
@!@!@STARTMSG 2221:0 @!@!@
  ||||||line 153, col 204 to line 153, col 210 of module pipeline_exec_ooo: 202
@!@!@ENDMSG 2221 @!@!@
@!@!@STARTMSG 2775:0 @!@!@
  |||line 155, col 48 to line 155, col 206 of module pipeline_exec_ooo: 202:120
@!@!@ENDMSG 2775 @!@!@
@!@!@STARTMSG 2221:0 @!@!@
  ||||line 155, col 50 to line 155, col 114 of module pipeline_exec_ooo: 8
@!@!@ENDMSG 2221 @!@!@
@!@!@STARTMSG 2221:0 @!@!@
  ||||line 155, col 124 to line 155, col 204 of module pipeline_exec_ooo: 202
@!@!@ENDMSG 2221 @!@!@
@!@!@STARTMSG 2221:0 @!@!@
  |||||line 155, col 124 to line 155, col 164 of module pipeline_exec_ooo: 202
@!@!@ENDMSG 2221 @!@!@
@!@!@STARTMSG 2775:0 @!@!@
  ||||||line 155, col 130 to line 155, col 163 of module pipeline_exec_ooo: 202:210
@!@!@ENDMSG 2775 @!@!@
@!@!@STARTMSG 2221:0 @!@!@
  |||||||line 155, col 131 to line 155, col 139 of module pipeline_exec_ooo: 606
@!@!@ENDMSG 2221 @!@!@
@!@!@STARTMSG 2221:0 @!@!@
  ||||||||line 99, col 15 to line 105, col 72 of module pipeline_exec_ooo: 1414
@!@!@ENDMSG 2221 @!@!@
@!@!@STARTMSG 2221:0 @!@!@
  |||||||||line 99, col 18 to line 99, col 22 of module pipeline_exec_ooo: 1414
@!@!@ENDMSG 2221 @!@!@
@!@!@STARTMSG 2221:0 @!@!@
  |||||||||line 102, col 17 to line 102, col 30 of module pipeline_exec_ooo: 808
@!@!@ENDMSG 2221 @!@!@
@!@!@STARTMSG 2221:0 @!@!@
  ||||||||||line 55, col 43 to line 57, col 42 of module pipeline_exec_ooo: 808
@!@!@ENDMSG 2221 @!@!@
@!@!@STARTMSG 2221:0 @!@!@
  |||||||||||line 56, col 45 to line 56, col 74 of module pipeline_exec_ooo: 2680
@!@!@ENDMSG 2221 @!@!@
@!@!@STARTMSG 2221:0 @!@!@
  ||||||||||||line 56, col 62 to line 56, col 74 of module pipeline_exec_ooo: 3136
@!@!@ENDMSG 2221 @!@!@
@!@!@STARTMSG 2221:0 @!@!@
  ||||||||||||line 56, col 54 to line 56, col 59 of module pipeline_exec_ooo: 2680
@!@!@ENDMSG 2221 @!@!@
@!@!@STARTMSG 2221:0 @!@!@
  |||||||||||line 55, col 51 to line 55, col 67 of module pipeline_exec_ooo: 808
@!@!@ENDMSG 2221 @!@!@
@!@!@STARTMSG 2221:0 @!@!@
  ||||||||||line 58, col 23 to line 58, col 62 of module pipeline_exec_ooo: 808
@!@!@ENDMSG 2221 @!@!@
@!@!@STARTMSG 2221:0 @!@!@
  |||||||||||line 58, col 24 to line 58, col 51 of module pipeline_exec_ooo: 808
@!@!@ENDMSG 2221 @!@!@
@!@!@STARTMSG 2221:0 @!@!@
  ||||||||||||line 58, col 24 to line 58, col 27 of module pipeline_exec_ooo: 808
@!@!@ENDMSG 2221 @!@!@
@!@!@STARTMSG 2221:0 @!@!@
  |||||||||||||line 25, col 9 to line 26, col 102 of module pipeline_exec_ooo: 808
@!@!@ENDMSG 2221 @!@!@
@!@!@STARTMSG 2221:0 @!@!@
  ||||||||||||||line 25, col 36 to line 26, col 100 of module pipeline_exec_ooo: 2680
@!@!@ENDMSG 2221 @!@!@
@!@!@STARTMSG 2221:0 @!@!@
  |||||||||||||||line 25, col 39 to line 25, col 59 of module pipeline_exec_ooo: 2680
@!@!@ENDMSG 2221 @!@!@
@!@!@STARTMSG 2221:0 @!@!@
  |||||||||||||||line 26, col 39 to line 26, col 100 of module pipeline_exec_ooo: 1224
@!@!@ENDMSG 2221 @!@!@
@!@!@STARTMSG 2221:0 @!@!@
  ||||||||||||||||line 26, col 57 to line 26, col 100 of module pipeline_exec_ooo: 2312
@!@!@ENDMSG 2221 @!@!@
@!@!@STARTMSG 2221:0 @!@!@
  |||||||||||||||||line 26, col 57 to line 26, col 83 of module pipeline_exec_ooo: 2312
@!@!@ENDMSG 2221 @!@!@
@!@!@STARTMSG 2221:0 @!@!@
  |||||||||||||||||line 26, col 88 to line 26, col 100 of module pipeline_exec_ooo: 400
@!@!@ENDMSG 2221 @!@!@
@!@!@STARTMSG 2221:0 @!@!@
  ||||||||||||||||line 26, col 48 to line 26, col 54 of module pipeline_exec_ooo: 1224
@!@!@ENDMSG 2221 @!@!@
@!@!@STARTMSG 2221:0 @!@!@
  ||||||||||||||line 25, col 17 to line 25, col 33 of module pipeline_exec_ooo: 808
@!@!@ENDMSG 2221 @!@!@
@!@!@STARTMSG 2221:0 @!@!@
  ||||||||||||line 58, col 40 to line 58, col 51 of module pipeline_exec_ooo: 808
@!@!@ENDMSG 2221 @!@!@
@!@!@STARTMSG 2221:0 @!@!@
  |||||||||||line 58, col 56 to line 58, col 62 of module pipeline_exec_ooo: 808
@!@!@ENDMSG 2221 @!@!@
@!@!@STARTMSG 2221:0 @!@!@
  ||||||||||line 102, col 26 to line 102, col 29 of module pipeline_exec_ooo: 808
@!@!@ENDMSG 2221 @!@!@
@!@!@STARTMSG 2221:0 @!@!@
  |||||||||||line 28, col 9 to line 29, col 91 of module pipeline_exec_ooo: 808
@!@!@ENDMSG 2221 @!@!@
@!@!@STARTMSG 2221:0 @!@!@
  ||||||||||||line 28, col 36 to line 29, col 89 of module pipeline_exec_ooo: 2680
@!@!@ENDMSG 2221 @!@!@
@!@!@STARTMSG 2221:0 @!@!@
  |||||||||||||line 28, col 39 to line 28, col 55 of module pipeline_exec_ooo: 2680
@!@!@ENDMSG 2221 @!@!@
@!@!@STARTMSG 2221:0 @!@!@
  |||||||||||||line 29, col 39 to line 29, col 89 of module pipeline_exec_ooo: 1752
@!@!@ENDMSG 2221 @!@!@
@!@!@STARTMSG 2221:0 @!@!@
  ||||||||||||||line 29, col 62 to line 29, col 89 of module pipeline_exec_ooo: 3300
@!@!@ENDMSG 2221 @!@!@
@!@!@STARTMSG 2221:0 @!@!@
  ||||||||||||||line 29, col 48 to line 29, col 59 of module pipeline_exec_ooo: 1752
@!@!@ENDMSG 2221 @!@!@
@!@!@STARTMSG 2221:0 @!@!@
  ||||||||||||line 28, col 17 to line 28, col 33 of module pipeline_exec_ooo: 808
@!@!@ENDMSG 2221 @!@!@
@!@!@STARTMSG 2221:0 @!@!@
  |||||||||line 105, col 17 to line 105, col 72 of module pipeline_exec_ooo: 606
@!@!@ENDMSG 2221 @!@!@
@!@!@STARTMSG 2221:0 @!@!@
  ||||||||||line 55, col 43 to line 57, col 42 of module pipeline_exec_ooo: 606
@!@!@ENDMSG 2221 @!@!@
@!@!@STARTMSG 2221:0 @!@!@
  |||||||||||line 56, col 45 to line 56, col 74 of module pipeline_exec_ooo: 2010
@!@!@ENDMSG 2221 @!@!@
@!@!@STARTMSG 2221:0 @!@!@
  ||||||||||||line 56, col 62 to line 56, col 74 of module pipeline_exec_ooo: 2505
@!@!@ENDMSG 2221 @!@!@
@!@!@STARTMSG 2221:0 @!@!@
  ||||||||||||line 56, col 54 to line 56, col 59 of module pipeline_exec_ooo: 2010
@!@!@ENDMSG 2221 @!@!@
@!@!@STARTMSG 2221:0 @!@!@
  |||||||||||line 55, col 51 to line 55, col 67 of module pipeline_exec_ooo: 606
@!@!@ENDMSG 2221 @!@!@
@!@!@STARTMSG 2221:0 @!@!@
  ||||||||||line 58, col 23 to line 58, col 62 of module pipeline_exec_ooo: 606
@!@!@ENDMSG 2221 @!@!@
@!@!@STARTMSG 2221:0 @!@!@
  |||||||||||line 58, col 24 to line 58, col 51 of module pipeline_exec_ooo: 606
@!@!@ENDMSG 2221 @!@!@
@!@!@STARTMSG 2221:0 @!@!@
  ||||||||||||line 58, col 24 to line 58, col 27 of module pipeline_exec_ooo: 606
@!@!@ENDMSG 2221 @!@!@
@!@!@STARTMSG 2221:0 @!@!@
  |||||||||||||line 25, col 9 to line 26, col 102 of module pipeline_exec_ooo: 606
@!@!@ENDMSG 2221 @!@!@
@!@!@STARTMSG 2221:0 @!@!@
  ||||||||||||||line 25, col 36 to line 26, col 100 of module pipeline_exec_ooo: 2010
@!@!@ENDMSG 2221 @!@!@
@!@!@STARTMSG 2221:0 @!@!@
  |||||||||||||||line 25, col 39 to line 25, col 59 of module pipeline_exec_ooo: 2010
@!@!@ENDMSG 2221 @!@!@
@!@!@STARTMSG 2221:0 @!@!@
  |||||||||||||||line 26, col 39 to line 26, col 100 of module pipeline_exec_ooo: 918
@!@!@ENDMSG 2221 @!@!@
@!@!@STARTMSG 2221:0 @!@!@
  ||||||||||||||||line 26, col 57 to line 26, col 100 of module pipeline_exec_ooo: 1734
@!@!@ENDMSG 2221 @!@!@
@!@!@STARTMSG 2221:0 @!@!@
  |||||||||||||||||line 26, col 57 to line 26, col 83 of module pipeline_exec_ooo: 1734
@!@!@ENDMSG 2221 @!@!@
@!@!@STARTMSG 2221:0 @!@!@
  |||||||||||||||||line 26, col 88 to line 26, col 100 of module pipeline_exec_ooo: 300
@!@!@ENDMSG 2221 @!@!@
@!@!@STARTMSG 2221:0 @!@!@
  ||||||||||||||||line 26, col 48 to line 26, col 54 of module pipeline_exec_ooo: 918
@!@!@ENDMSG 2221 @!@!@
@!@!@STARTMSG 2221:0 @!@!@
  ||||||||||||||line 25, col 17 to line 25, col 33 of module pipeline_exec_ooo: 606
@!@!@ENDMSG 2221 @!@!@
@!@!@STARTMSG 2221:0 @!@!@
  ||||||||||||line 58, col 40 to line 58, col 51 of module pipeline_exec_ooo: 606
@!@!@ENDMSG 2221 @!@!@
@!@!@STARTMSG 2221:0 @!@!@
  |||||||||||line 58, col 56 to line 58, col 62 of module pipeline_exec_ooo: 606
@!@!@ENDMSG 2221 @!@!@
@!@!@STARTMSG 2221:0 @!@!@
  ||||||||||line 105, col 26 to line 105, col 71 of module pipeline_exec_ooo: 606
@!@!@ENDMSG 2221 @!@!@
@!@!@STARTMSG 2221:0 @!@!@
  |||||||||||line 105, col 26 to line 105, col 29 of module pipeline_exec_ooo: 606
@!@!@ENDMSG 2221 @!@!@
@!@!@STARTMSG 2221:0 @!@!@
  ||||||||||||line 28, col 9 to line 29, col 91 of module pipeline_exec_ooo: 606
@!@!@ENDMSG 2221 @!@!@
@!@!@STARTMSG 2221:0 @!@!@
  |||||||||||||line 28, col 36 to line 29, col 89 of module pipeline_exec_ooo: 2010
@!@!@ENDMSG 2221 @!@!@
@!@!@STARTMSG 2221:0 @!@!@
  ||||||||||||||line 28, col 39 to line 28, col 55 of module pipeline_exec_ooo: 2010
@!@!@ENDMSG 2221 @!@!@
@!@!@STARTMSG 2221:0 @!@!@
  ||||||||||||||line 29, col 39 to line 29, col 89 of module pipeline_exec_ooo: 1314
@!@!@ENDMSG 2221 @!@!@
@!@!@STARTMSG 2221:0 @!@!@
  |||||||||||||||line 29, col 62 to line 29, col 89 of module pipeline_exec_ooo: 2475
@!@!@ENDMSG 2221 @!@!@
@!@!@STARTMSG 2221:0 @!@!@
  |||||||||||||||line 29, col 48 to line 29, col 59 of module pipeline_exec_ooo: 1314
@!@!@ENDMSG 2221 @!@!@
@!@!@STARTMSG 2221:0 @!@!@
  |||||||||||||line 28, col 17 to line 28, col 33 of module pipeline_exec_ooo: 606
@!@!@ENDMSG 2221 @!@!@
@!@!@STARTMSG 2221:0 @!@!@
  |||||||||||line 105, col 38 to line 105, col 71 of module pipeline_exec_ooo: 606
@!@!@ENDMSG 2221 @!@!@
@!@!@STARTMSG 2775:0 @!@!@
  ||||||||||||line 105, col 44 to line 105, col 70 of module pipeline_exec_ooo: 606:467
@!@!@ENDMSG 2775 @!@!@
@!@!@STARTMSG 2221:0 @!@!@
  |||||||||||||line 105, col 46 to line 105, col 54 of module pipeline_exec_ooo: 808
@!@!@ENDMSG 2221 @!@!@
@!@!@STARTMSG 2221:0 @!@!@
  |||||||||||||line 105, col 63 to line 105, col 68 of module pipeline_exec_ooo: 606
@!@!@ENDMSG 2221 @!@!@
@!@!@STARTMSG 2221:0 @!@!@
  ||||||||line 155, col 138 to line 155, col 138 of module pipeline_exec_ooo: 606
@!@!@ENDMSG 2221 @!@!@
@!@!@STARTMSG 2221:0 @!@!@
  |||||||line 155, col 149 to line 155, col 162 of module pipeline_exec_ooo: 202
@!@!@ENDMSG 2221 @!@!@
@!@!@STARTMSG 2221:0 @!@!@
  |||||line 155, col 168 to line 155, col 204 of module pipeline_exec_ooo: 202
@!@!@ENDMSG 2221 @!@!@
@!@!@STARTMSG 2221:0 @!@!@
  ||||||line 155, col 169 to line 155, col 182 of module pipeline_exec_ooo: 404
@!@!@ENDMSG 2221 @!@!@
@!@!@STARTMSG 2221:0 @!@!@
  ||||||line 155, col 192 to line 155, col 203 of module pipeline_exec_ooo: 202
@!@!@ENDMSG 2221 @!@!@
@!@!@STARTMSG 2221:0 @!@!@
  line 160, col 20 to line 161, col 50 of module pipeline_exec_ooo: 202
@!@!@ENDMSG 2221 @!@!@
@!@!@STARTMSG 2221:0 @!@!@
  |line 161, col 26 to line 161, col 39 of module pipeline_exec_ooo: 1216
@!@!@ENDMSG 2221 @!@!@
@!@!@STARTMSG 2221:0 @!@!@
  |line 161, col 44 to line 161, col 50 of module pipeline_exec_ooo: 608
@!@!@ENDMSG 2221 @!@!@
@!@!@STARTMSG 2221:0 @!@!@
  |line 160, col 29 to line 160, col 49 of module pipeline_exec_ooo: 202
@!@!@ENDMSG 2221 @!@!@
@!@!@STARTMSG 2221:0 @!@!@
  line 162, col 22 to line 162, col 47 of module pipeline_exec_ooo: 169
@!@!@ENDMSG 2221 @!@!@
@!@!@STARTMSG 2221:0 @!@!@
  line 163, col 22 to line 163, col 46 of module pipeline_exec_ooo: 32
@!@!@ENDMSG 2221 @!@!@
@!@!@STARTMSG 2221:0 @!@!@
  line 165, col 37 to line 165, col 68 of module pipeline_exec_ooo: 201
@!@!@ENDMSG 2221 @!@!@
@!@!@STARTMSG 2221:0 @!@!@
  line 90, col 12 to line 100, col 115 of module pipeline_ooo: 201
@!@!@ENDMSG 2221 @!@!@
@!@!@STARTMSG 2221:0 @!@!@
  |line 91, col 13 to line 100, col 115 of module pipeline_ooo: 202
@!@!@ENDMSG 2221 @!@!@
@!@!@STARTMSG 2221:0 @!@!@
  ||line 91, col 16 to line 91, col 24 of module pipeline_ooo: 202
@!@!@ENDMSG 2221 @!@!@
@!@!@STARTMSG 2221:0 @!@!@
  ||line 93, col 16 to line 96, col 115 of module pipeline_ooo: 85
@!@!@ENDMSG 2221 @!@!@
@!@!@STARTMSG 2221:0 @!@!@
  |||line 93, col 32 to line 96, col 115 of module pipeline_ooo: 166
@!@!@ENDMSG 2221 @!@!@
@!@!@STARTMSG 2221:0 @!@!@
  ||||line 93, col 55 to line 96, col 115 of module pipeline_ooo: 323
@!@!@ENDMSG 2221 @!@!@
@!@!@STARTMSG 2221:0 @!@!@
  |||||line 94, col 17 to line 96, col 115 of module pipeline_ooo: 385
@!@!@ENDMSG 2221 @!@!@
@!@!@STARTMSG 2221:0 @!@!@
  ||||||line 94, col 20 to line 94, col 51 of module pipeline_ooo: 385
@!@!@ENDMSG 2221 @!@!@
@!@!@STARTMSG 2221:0 @!@!@
  ||||||line 96, col 20 to line 96, col 115 of module pipeline_ooo: 323
@!@!@ENDMSG 2221 @!@!@
@!@!@STARTMSG 2221:0 @!@!@
  |||||||line 96, col 20 to line 96, col 75 of module pipeline_ooo: 323
@!@!@ENDMSG 2221 @!@!@
@!@!@STARTMSG 2221:0 @!@!@
  ||||||||line 96, col 20 to line 96, col 49 of module pipeline_ooo: 323
@!@!@ENDMSG 2221 @!@!@
@!@!@STARTMSG 2221:0 @!@!@
  ||||||||line 96, col 54 to line 96, col 75 of module pipeline_ooo: 181
@!@!@ENDMSG 2221 @!@!@
@!@!@STARTMSG 2221:0 @!@!@
  |||||||line 96, col 80 to line 96, col 115 of module pipeline_ooo: 41
@!@!@ENDMSG 2221 @!@!@
@!@!@STARTMSG 2221:0 @!@!@
  |||||line 93, col 65 to line 93, col 76 of module pipeline_ooo: 323
@!@!@ENDMSG 2221 @!@!@
@!@!@STARTMSG 2221:0 @!@!@
  ||||line 93, col 41 to line 93, col 52 of module pipeline_ooo: 166
@!@!@ENDMSG 2221 @!@!@
@!@!@STARTMSG 2221:0 @!@!@
  |||line 93, col 26 to line 93, col 29 of module pipeline_ooo: 85
@!@!@ENDMSG 2221 @!@!@
@!@!@STARTMSG 2221:0 @!@!@
  ||line 98, col 16 to line 100, col 115 of module pipeline_ooo: 76
@!@!@ENDMSG 2221 @!@!@
@!@!@STARTMSG 2221:0 @!@!@
  |||line 98, col 32 to line 100, col 115 of module pipeline_ooo: 150
@!@!@ENDMSG 2221 @!@!@
@!@!@STARTMSG 2221:0 @!@!@
  ||||line 98, col 50 to line 100, col 115 of module pipeline_ooo: 296
@!@!@ENDMSG 2221 @!@!@
@!@!@STARTMSG 2221:0 @!@!@
  |||||line 99, col 17 to line 100, col 115 of module pipeline_ooo: 346
@!@!@ENDMSG 2221 @!@!@
@!@!@STARTMSG 2221:0 @!@!@
  ||||||line 99, col 20 to line 99, col 51 of module pipeline_ooo: 346
@!@!@ENDMSG 2221 @!@!@
@!@!@STARTMSG 2221:0 @!@!@
  ||||||line 100, col 20 to line 100, col 115 of module pipeline_ooo: 296
@!@!@ENDMSG 2221 @!@!@
@!@!@STARTMSG 2221:0 @!@!@
  |||||||line 100, col 20 to line 100, col 75 of module pipeline_ooo: 296
@!@!@ENDMSG 2221 @!@!@
@!@!@STARTMSG 2221:0 @!@!@
  ||||||||line 100, col 20 to line 100, col 49 of module pipeline_ooo: 296
@!@!@ENDMSG 2221 @!@!@
@!@!@STARTMSG 2221:0 @!@!@
  ||||||||line 100, col 54 to line 100, col 75 of module pipeline_ooo: 220
@!@!@ENDMSG 2221 @!@!@
@!@!@STARTMSG 2221:0 @!@!@
  |||||||line 100, col 80 to line 100, col 115 of module pipeline_ooo: 20
@!@!@ENDMSG 2221 @!@!@
@!@!@STARTMSG 2221:0 @!@!@
  |||||line 98, col 60 to line 98, col 66 of module pipeline_ooo: 296
@!@!@ENDMSG 2221 @!@!@
@!@!@STARTMSG 2221:0 @!@!@
  ||||line 98, col 41 to line 98, col 47 of module pipeline_ooo: 150
@!@!@ENDMSG 2221 @!@!@
@!@!@STARTMSG 2221:0 @!@!@
  |||line 98, col 26 to line 98, col 29 of module pipeline_ooo: 76
@!@!@ENDMSG 2221 @!@!@
@!@!@STARTMSG 2221:0 @!@!@
  line 101, col 12 to line 111, col 24 of module pipeline_ooo: 201
@!@!@ENDMSG 2221 @!@!@
@!@!@STARTMSG 2775:0 @!@!@
  |line 101, col 24 to line 111, col 24 of module pipeline_ooo: 202:404
@!@!@ENDMSG 2775 @!@!@
@!@!@STARTMSG 2221:0 @!@!@
  line 112, col 12 to line 112, col 103 of module pipeline_ooo: 201
@!@!@ENDMSG 2221 @!@!@
@!@!@STARTMSG 2774:0 @!@!@
<NoTALoc line 150, col 1 to line 150, col 7 of module pipeline_ooo>
@!@!@ENDMSG 2774 @!@!@
@!@!@STARTMSG 2221:0 @!@!@
  line 150, col 21 to line 150, col 27 of module pipeline_ooo: 180
@!@!@ENDMSG 2221 @!@!@
@!@!@STARTMSG 2221:0 @!@!@
  line 151, col 12 to line 156, col 63 of module pipeline_ooo: 196
@!@!@ENDMSG 2221 @!@!@
@!@!@STARTMSG 2221:0 @!@!@
  |line 151, col 15 to line 153, col 60 of module pipeline_ooo: 196
@!@!@ENDMSG 2221 @!@!@
@!@!@STARTMSG 2221:0 @!@!@
  ||line 151, col 15 to line 152, col 29 of module pipeline_ooo: 196
@!@!@ENDMSG 2221 @!@!@
@!@!@STARTMSG 2221:0 @!@!@
  |||line 151, col 18 to line 151, col 28 of module pipeline_ooo: 196
@!@!@ENDMSG 2221 @!@!@
@!@!@STARTMSG 2221:0 @!@!@
  ||||line 120, col 16 to line 121, col 67 of module pipeline_ooo: 196
@!@!@ENDMSG 2221 @!@!@
@!@!@STARTMSG 2221:0 @!@!@
  |||||line 120, col 31 to line 121, col 67 of module pipeline_ooo: 232
@!@!@ENDMSG 2221 @!@!@
@!@!@STARTMSG 2221:0 @!@!@
  ||||||line 121, col 17 to line 121, col 67 of module pipeline_ooo: 800
@!@!@ENDMSG 2221 @!@!@
@!@!@STARTMSG 2221:0 @!@!@
  |||||||line 121, col 17 to line 121, col 42 of module pipeline_ooo: 800
@!@!@ENDMSG 2221 @!@!@
@!@!@STARTMSG 2221:0 @!@!@
  |||||||line 121, col 47 to line 121, col 67 of module pipeline_ooo: 184
@!@!@ENDMSG 2221 @!@!@
@!@!@STARTMSG 2221:0 @!@!@
  ||||||line 120, col 40 to line 120, col 60 of module pipeline_ooo: 232
@!@!@ENDMSG 2221 @!@!@
@!@!@STARTMSG 2221:0 @!@!@
  |||||line 120, col 25 to line 120, col 28 of module pipeline_ooo: 196
@!@!@ENDMSG 2221 @!@!@
@!@!@STARTMSG 2221:0 @!@!@
  ||||line 151, col 27 to line 151, col 27 of module pipeline_ooo: 180
@!@!@ENDMSG 2221 @!@!@
@!@!@STARTMSG 2221:0 @!@!@
  |||line 152, col 18 to line 152, col 29 of module pipeline_ooo: 16
@!@!@ENDMSG 2221 @!@!@
@!@!@STARTMSG 2221:0 @!@!@
  ||line 153, col 18 to line 153, col 60 of module pipeline_ooo: 6
@!@!@ENDMSG 2221 @!@!@
@!@!@STARTMSG 2221:0 @!@!@
  |line 154, col 17 to line 154, col 20 of module pipeline_ooo: 195
@!@!@ENDMSG 2221 @!@!@
@!@!@STARTMSG 2221:0 @!@!@
  |line 155, col 17 to line 156, col 63 of module pipeline_ooo: 1
@!@!@ENDMSG 2221 @!@!@
@!@!@STARTMSG 2202:0 @!@!@
End of statistics.
@!@!@ENDMSG 2202 @!@!@
@!@!@STARTMSG 2200:0 @!@!@
Progress(14) at 2021-06-30 20:25:16: 207 states generated (4 160 s/min), 196 distinct states found (3 939 ds/min), 4 states left on queue.
@!@!@ENDMSG 2200 @!@!@
@!@!@STARTMSG 2199:0 @!@!@
207 states generated, 196 distinct states found, 4 states left on queue.
@!@!@ENDMSG 2199 @!@!@
@!@!@STARTMSG 2194:0 @!@!@
The depth of the complete state graph search is 14.
@!@!@ENDMSG 2194 @!@!@
@!@!@STARTMSG 2268:0 @!@!@
The average outdegree of the complete state graph is 1 (minimum is 0, the maximum 1 and the 95th percentile is 1).
@!@!@ENDMSG 2268 @!@!@
@!@!@STARTMSG 2186:0 @!@!@
Finished in 2994ms at (2021-06-30 20:25:16)
@!@!@ENDMSG 2186 @!@!@
