@!@!@STARTMSG 2262:0 @!@!@
TLC2 Version 2.16 of 31 December 2020 (rev: cdddf55)
@!@!@ENDMSG 2262 @!@!@
@!@!@STARTMSG 2187:0 @!@!@
Running breadth-first search Model-Checking with fp 66 and seed 7509071164688411357 with 2 workers on 4 cores with 1161MB heap and 2609MB offheap memory [pid: 22068] (Linux 5.4.0-74-generic amd64, AdoptOpenJDK 14.0.1 x86_64, OffHeapDiskFPSet, DiskStateQueue).
@!@!@ENDMSG 2187 @!@!@
@!@!@STARTMSG 2220:0 @!@!@
Starting SANY...
@!@!@ENDMSG 2220 @!@!@
Parsing file /home/benjaminbinder/Documents/timing-anomalies/tla/OoO/pipeline_ooo.toolbox/IV-D/MC.tla
Parsing file /home/benjaminbinder/Documents/timing-anomalies/tla/OoO/pipeline_ooo.toolbox/IV-D/pipeline_ooo.tla
Parsing file /usr/tla_toolbox/plugins/org.lamport.tlatools_1.0.0.202012311918/tla2sany/StandardModules/TLC.tla
Parsing file /usr/tla_toolbox/plugins/org.lamport.tlatools_1.0.0.202012311918/tla2sany/StandardModules/Sequences.tla
Parsing file /home/benjaminbinder/Documents/timing-anomalies/tla/OoO/pipeline_ooo.toolbox/IV-D/instructions_ooo.tla
Parsing file /usr/tla_toolbox/plugins/org.lamport.tlatools_1.0.0.202012311918/tla2sany/StandardModules/Integers.tla
Parsing file /usr/tla_toolbox/plugins/org.lamport.tlatools_1.0.0.202012311918/tla2sany/StandardModules/FiniteSets.tla
Parsing file /usr/tla_toolbox/plugins/org.lamport.tlatools_1.0.0.202012311918/tla2sany/StandardModules/Naturals.tla
Parsing file /home/benjaminbinder/Documents/timing-anomalies/tla/OoO/pipeline_ooo.toolbox/IV-D/pipeline_exec_ooo.tla
Semantic processing of module Naturals
Semantic processing of module Sequences
Semantic processing of module Integers
Semantic processing of module instructions_ooo
Semantic processing of module FiniteSets
Semantic processing of module TLC
Semantic processing of module pipeline_exec_ooo
Semantic processing of module pipeline_ooo
Semantic processing of module MC
@!@!@STARTMSG 2219:0 @!@!@
SANY finished.
@!@!@ENDMSG 2219 @!@!@
@!@!@STARTMSG 2185:0 @!@!@
Starting... (2021-06-29 22:33:49)
@!@!@ENDMSG 2185 @!@!@
@!@!@STARTMSG 2189:0 @!@!@
Computing initial states...
@!@!@ENDMSG 2189 @!@!@
@!@!@STARTMSG 2776:0 @!@!@
CostModel lookup failed for expression <line 31, col 12 to line 35, col 25 of module pipeline_ooo>. Reporting costs into <line 42, col 38 to line 42, col 43 of module pipeline_ooo> instead (Safety and Liveness checking is unaffected. Please report a bug.)
@!@!@ENDMSG 2776 @!@!@
@!@!@STARTMSG 2776:0 @!@!@
CostModel lookup failed for expression <line 31, col 15 to line 31, col 19 of module pipeline_ooo>. Reporting costs into <line 42, col 38 to line 42, col 43 of module pipeline_ooo> instead (Safety and Liveness checking is unaffected. Please report a bug.)
@!@!@ENDMSG 2776 @!@!@
@!@!@STARTMSG 2776:0 @!@!@
CostModel lookup failed for expression <line 6, col 1 to line 6, col 5 of module MC>. Reporting costs into <line 42, col 38 to line 42, col 43 of module pipeline_ooo> instead (Safety and Liveness checking is unaffected. Please report a bug.)
@!@!@ENDMSG 2776 @!@!@
@!@!@STARTMSG 2776:0 @!@!@
CostModel lookup failed for expression <line 35, col 17 to line 35, col 25 of module pipeline_ooo>. Reporting costs into <line 42, col 38 to line 42, col 43 of module pipeline_ooo> instead (Safety and Liveness checking is unaffected. Please report a bug.)
@!@!@ENDMSG 2776 @!@!@
@!@!@STARTMSG 2776:0 @!@!@
CostModel lookup failed for expression <line 35, col 19 to line 35, col 23 of module pipeline_ooo>. Reporting costs into <line 42, col 38 to line 42, col 43 of module pipeline_ooo> instead (Safety and Liveness checking is unaffected. Please report a bug.)
@!@!@ENDMSG 2776 @!@!@
@!@!@STARTMSG 2776:0 @!@!@
CostModel lookup failed for expression <line 31, col 12 to line 35, col 25 of module pipeline_ooo>. Reporting costs into <line 42, col 72 to line 42, col 77 of module pipeline_ooo> instead (Safety and Liveness checking is unaffected. Please report a bug.)
@!@!@ENDMSG 2776 @!@!@
@!@!@STARTMSG 2776:0 @!@!@
CostModel lookup failed for expression <line 31, col 15 to line 31, col 19 of module pipeline_ooo>. Reporting costs into <line 42, col 72 to line 42, col 77 of module pipeline_ooo> instead (Safety and Liveness checking is unaffected. Please report a bug.)
@!@!@ENDMSG 2776 @!@!@
@!@!@STARTMSG 2776:0 @!@!@
CostModel lookup failed for expression <line 6, col 1 to line 6, col 5 of module MC>. Reporting costs into <line 42, col 72 to line 42, col 77 of module pipeline_ooo> instead (Safety and Liveness checking is unaffected. Please report a bug.)
@!@!@ENDMSG 2776 @!@!@
@!@!@STARTMSG 2776:0 @!@!@
CostModel lookup failed for expression <line 35, col 17 to line 35, col 25 of module pipeline_ooo>. Reporting costs into <line 42, col 72 to line 42, col 77 of module pipeline_ooo> instead (Safety and Liveness checking is unaffected. Please report a bug.)
@!@!@ENDMSG 2776 @!@!@
@!@!@STARTMSG 2776:0 @!@!@
CostModel lookup failed for expression <line 35, col 19 to line 35, col 23 of module pipeline_ooo>. Reporting costs into <line 42, col 72 to line 42, col 77 of module pipeline_ooo> instead (Safety and Liveness checking is unaffected. Please report a bug.)
@!@!@ENDMSG 2776 @!@!@
@!@!@STARTMSG 2776:0 @!@!@
CostModel lookup failed for expression <line 36, col 13 to line 36, col 29 of module pipeline_ooo>. Reporting costs into <line 42, col 38 to line 42, col 43 of module pipeline_ooo> instead (Safety and Liveness checking is unaffected. Please report a bug.)
@!@!@ENDMSG 2776 @!@!@
@!@!@STARTMSG 2776:0 @!@!@
CostModel lookup failed for expression <line 36, col 13 to line 36, col 24 of module pipeline_ooo>. Reporting costs into <line 42, col 38 to line 42, col 43 of module pipeline_ooo> instead (Safety and Liveness checking is unaffected. Please report a bug.)
@!@!@ENDMSG 2776 @!@!@
@!@!@STARTMSG 2776:0 @!@!@
CostModel lookup failed for expression <line 36, col 13 to line 36, col 21 of module pipeline_ooo>. Reporting costs into <line 42, col 38 to line 42, col 43 of module pipeline_ooo> instead (Safety and Liveness checking is unaffected. Please report a bug.)
@!@!@ENDMSG 2776 @!@!@
@!@!@STARTMSG 2776:0 @!@!@
CostModel lookup failed for expression <line 36, col 13 to line 36, col 16 of module pipeline_ooo>. Reporting costs into <line 42, col 38 to line 42, col 43 of module pipeline_ooo> instead (Safety and Liveness checking is unaffected. Please report a bug.)
@!@!@ENDMSG 2776 @!@!@
@!@!@STARTMSG 2776:0 @!@!@
CostModel lookup failed for expression <line 36, col 23 to line 36, col 23 of module pipeline_ooo>. Reporting costs into <line 42, col 38 to line 42, col 43 of module pipeline_ooo> instead (Safety and Liveness checking is unaffected. Please report a bug.)
@!@!@ENDMSG 2776 @!@!@
@!@!@STARTMSG 2776:0 @!@!@
CostModel lookup failed for expression <line 36, col 13 to line 36, col 29 of module pipeline_ooo>. Reporting costs into <line 42, col 72 to line 42, col 77 of module pipeline_ooo> instead (Safety and Liveness checking is unaffected. Please report a bug.)
@!@!@ENDMSG 2776 @!@!@
@!@!@STARTMSG 2776:0 @!@!@
CostModel lookup failed for expression <line 36, col 13 to line 36, col 24 of module pipeline_ooo>. Reporting costs into <line 42, col 72 to line 42, col 77 of module pipeline_ooo> instead (Safety and Liveness checking is unaffected. Please report a bug.)
@!@!@ENDMSG 2776 @!@!@
@!@!@STARTMSG 2776:0 @!@!@
CostModel lookup failed for expression <line 36, col 13 to line 36, col 21 of module pipeline_ooo>. Reporting costs into <line 42, col 72 to line 42, col 77 of module pipeline_ooo> instead (Safety and Liveness checking is unaffected. Please report a bug.)
@!@!@ENDMSG 2776 @!@!@
@!@!@STARTMSG 2776:0 @!@!@
CostModel lookup failed for expression <line 36, col 13 to line 36, col 16 of module pipeline_ooo>. Reporting costs into <line 42, col 72 to line 42, col 77 of module pipeline_ooo> instead (Safety and Liveness checking is unaffected. Please report a bug.)
@!@!@ENDMSG 2776 @!@!@
@!@!@STARTMSG 2776:0 @!@!@
CostModel lookup failed for expression <line 36, col 23 to line 36, col 23 of module pipeline_ooo>. Reporting costs into <line 42, col 72 to line 42, col 77 of module pipeline_ooo> instead (Safety and Liveness checking is unaffected. Please report a bug.)
@!@!@ENDMSG 2776 @!@!@
@!@!@STARTMSG 2776:0 @!@!@
CostModel lookup failed for expression <line 37, col 16 to line 37, col 31 of module pipeline_ooo>. Reporting costs into <line 42, col 38 to line 42, col 43 of module pipeline_ooo> instead (Safety and Liveness checking is unaffected. Please report a bug.)
@!@!@ENDMSG 2776 @!@!@
@!@!@STARTMSG 2776:0 @!@!@
CostModel lookup failed for expression <line 37, col 16 to line 37, col 27 of module pipeline_ooo>. Reporting costs into <line 42, col 38 to line 42, col 43 of module pipeline_ooo> instead (Safety and Liveness checking is unaffected. Please report a bug.)
@!@!@ENDMSG 2776 @!@!@
@!@!@STARTMSG 2776:0 @!@!@
CostModel lookup failed for expression <line 37, col 16 to line 37, col 24 of module pipeline_ooo>. Reporting costs into <line 42, col 38 to line 42, col 43 of module pipeline_ooo> instead (Safety and Liveness checking is unaffected. Please report a bug.)
@!@!@ENDMSG 2776 @!@!@
@!@!@STARTMSG 2776:0 @!@!@
CostModel lookup failed for expression <line 37, col 16 to line 37, col 19 of module pipeline_ooo>. Reporting costs into <line 42, col 38 to line 42, col 43 of module pipeline_ooo> instead (Safety and Liveness checking is unaffected. Please report a bug.)
@!@!@ENDMSG 2776 @!@!@
@!@!@STARTMSG 2776:0 @!@!@
CostModel lookup failed for expression <line 37, col 26 to line 37, col 26 of module pipeline_ooo>. Reporting costs into <line 42, col 38 to line 42, col 43 of module pipeline_ooo> instead (Safety and Liveness checking is unaffected. Please report a bug.)
@!@!@ENDMSG 2776 @!@!@
@!@!@STARTMSG 2776:0 @!@!@
CostModel lookup failed for expression <line 37, col 16 to line 37, col 31 of module pipeline_ooo>. Reporting costs into <line 42, col 72 to line 42, col 77 of module pipeline_ooo> instead (Safety and Liveness checking is unaffected. Please report a bug.)
@!@!@ENDMSG 2776 @!@!@
@!@!@STARTMSG 2776:0 @!@!@
CostModel lookup failed for expression <line 37, col 16 to line 37, col 27 of module pipeline_ooo>. Reporting costs into <line 42, col 72 to line 42, col 77 of module pipeline_ooo> instead (Safety and Liveness checking is unaffected. Please report a bug.)
@!@!@ENDMSG 2776 @!@!@
@!@!@STARTMSG 2776:0 @!@!@
CostModel lookup failed for expression <line 37, col 16 to line 37, col 24 of module pipeline_ooo>. Reporting costs into <line 42, col 72 to line 42, col 77 of module pipeline_ooo> instead (Safety and Liveness checking is unaffected. Please report a bug.)
@!@!@ENDMSG 2776 @!@!@
@!@!@STARTMSG 2776:0 @!@!@
CostModel lookup failed for expression <line 37, col 16 to line 37, col 19 of module pipeline_ooo>. Reporting costs into <line 42, col 72 to line 42, col 77 of module pipeline_ooo> instead (Safety and Liveness checking is unaffected. Please report a bug.)
@!@!@ENDMSG 2776 @!@!@
@!@!@STARTMSG 2776:0 @!@!@
CostModel lookup failed for expression <line 37, col 26 to line 37, col 26 of module pipeline_ooo>. Reporting costs into <line 42, col 72 to line 42, col 77 of module pipeline_ooo> instead (Safety and Liveness checking is unaffected. Please report a bug.)
@!@!@ENDMSG 2776 @!@!@
@!@!@STARTMSG 2269:0 @!@!@
Computed 2 initial states...
@!@!@ENDMSG 2269 @!@!@
@!@!@STARTMSG 2269:0 @!@!@
Computed 4 initial states...
@!@!@ENDMSG 2269 @!@!@
@!@!@STARTMSG 2269:0 @!@!@
Computed 8 initial states...
@!@!@ENDMSG 2269 @!@!@
@!@!@STARTMSG 2190:0 @!@!@
Finished computing initial states: 16 distinct states generated at 2021-06-29 22:33:51.
@!@!@ENDMSG 2190 @!@!@
<< "TALoc encountered (beta local worst case) <<Alpha global time, Beta global time>>):",
   11,
   10 >>
@!@!@STARTMSG 2110:1 @!@!@
Invariant inv_1624998828916848000 is violated.
@!@!@ENDMSG 2110 @!@!@
@!@!@STARTMSG 2121:1 @!@!@
The behavior up to this point is:
@!@!@ENDMSG 2121 @!@!@
@!@!@STARTMSG 2217:4 @!@!@
1: <Initial predicate>
/\ FULat2 = <<3, 3, 3, 3, 3>>
/\ iMiss2 = <<FALSE, FALSE, FALSE, FALSE, FALSE>>
/\ _RS2 = <<{}, {}, {}>>
/\ locWorst = <<FALSE, FALSE>>
/\ _COM2 = <<[PC |-> [pc |-> 0, type |-> "empty"]], [PC |-> [pc |-> 0, type |-> "empty"]]>>
/\ _ID = <<[PC |-> [pc |-> 0, type |-> "empty"]], [PC |-> [pc |-> 0, type |-> "empty"]]>>
/\ _IF = << [PC |-> [pc |-> 0, type |-> "empty"], currLat |-> 1, baseLat |-> 1],
   [PC |-> [pc |-> 0, type |-> "empty"], currLat |-> 1, baseLat |-> 1] >>
/\ FUTmpLat = <<<<<<<<3, 2>>, 3>>, 3>>, 3>>
/\ _FU2 = << [ PC |-> [pc |-> 0, type |-> "empty"],
     currLat |-> 1,
     usage |-> 0,
     baseLat |-> 1 ],
   [ PC |-> [pc |-> 0, type |-> "empty"],
     currLat |-> 1,
     usage |-> 0,
     baseLat |-> 1 ],
   [ PC |-> [pc |-> 0, type |-> "empty"],
     currLat |-> 1,
     usage |-> 0,
     baseLat |-> 1 ] >>
/\ FUTmp = <<<<<<<<1, 2>>, 3>>, 2>>, 2>>
/\ _COM = <<[PC |-> [pc |-> 0, type |-> "empty"]], [PC |-> [pc |-> 0, type |-> "empty"]]>>
/\ _ID2 = <<[PC |-> [pc |-> 0, type |-> "empty"]], [PC |-> [pc |-> 0, type |-> "empty"]]>>
/\ graph = [ nodes |->
      << [IFacq |-> 0, IFrel |-> 0, FUacq |-> 0, FUrel |-> 0, COM |-> 0],
         [IFacq |-> 0, IFrel |-> 0, FUacq |-> 0, FUrel |-> 0, COM |-> 0],
         [IFacq |-> 0, IFrel |-> 0, FUacq |-> 0, FUrel |-> 0, COM |-> 0],
         [IFacq |-> 0, IFrel |-> 0, FUacq |-> 0, FUrel |-> 0, COM |-> 0],
         [IFacq |-> 0, IFrel |-> 0, FUacq |-> 0, FUrel |-> 0, COM |-> 0] >>,
  edges |-> {[type |-> "D", source |-> 1, dest |-> 3]} ]
/\ currCycle2 = 0
/\ FU2 = <<1, 2, 3, 1, 2>>
/\ _IF2 = << [PC |-> [pc |-> 0, type |-> "empty"], currLat |-> 1, baseLat |-> 1],
   [PC |-> [pc |-> 0, type |-> "empty"], currLat |-> 1, baseLat |-> 1] >>
/\ iMissTmp2 = <<<<<<<<FALSE, FALSE>>, FALSE>>, FALSE>>, FALSE>>
/\ iMiss = <<FALSE, FALSE, FALSE, FALSE, FALSE>>
/\ graph2 = [ nodes |->
      << [IFacq |-> 0, IFrel |-> 0, FUacq |-> 0, FUrel |-> 0, COM |-> 0],
         [IFacq |-> 0, IFrel |-> 0, FUacq |-> 0, FUrel |-> 0, COM |-> 0],
         [IFacq |-> 0, IFrel |-> 0, FUacq |-> 0, FUrel |-> 0, COM |-> 0],
         [IFacq |-> 0, IFrel |-> 0, FUacq |-> 0, FUrel |-> 0, COM |-> 0],
         [IFacq |-> 0, IFrel |-> 0, FUacq |-> 0, FUrel |-> 0, COM |-> 0] >>,
  edges |-> {[type |-> "D", source |-> 1, dest |-> 3]} ]
/\ _RS = <<{}, {}, {}>>
/\ commonPre = TRUE
/\ currCycle = 0
/\ iMissTmp = <<<<<<<<FALSE, FALSE>>, FALSE>>, FALSE>>, FALSE>>
/\ FULat = <<3, 2, 3, 3, 3>>
/\ FUTmp2 = <<<<<<<<1, 2>>, 3>>, 1>>, 2>>
/\ prog = [ rest |->
      << [pc |-> 1, type |-> {1}, lat |-> {3}, dep |-> {}],
         [pc |-> 2, type |-> {2}, lat |-> {2, 3}, dep |-> {}],
         [pc |-> 3, type |-> {3}, lat |-> {3}, dep |-> {1}],
         [pc |-> 4, type |-> {1, 2}, lat |-> {3}, dep |-> {}],
         [pc |-> 5, type |-> {2}, lat |-> {3}, dep |-> {}] >>,
  exec |-> <<>> ]
/\ depProg = <<>>
/\ FUTmpLat2 = <<<<<<<<3, 3>>, 3>>, 3>>, 3>>
/\ depProgTmp = <<>>
/\ prog2 = [ rest |->
      << [pc |-> 1, type |-> {1}, lat |-> {3}, dep |-> {}],
         [pc |-> 2, type |-> {2}, lat |-> {2, 3}, dep |-> {}],
         [pc |-> 3, type |-> {3}, lat |-> {3}, dep |-> {1}],
         [pc |-> 4, type |-> {1, 2}, lat |-> {3}, dep |-> {}],
         [pc |-> 5, type |-> {2}, lat |-> {3}, dep |-> {}] >>,
  exec |-> <<>> ]
/\ FU = <<1, 2, 3, 2, 2>>
/\ _FU = << [ PC |-> [pc |-> 0, type |-> "empty"],
     currLat |-> 1,
     usage |-> 0,
     baseLat |-> 1 ],
   [ PC |-> [pc |-> 0, type |-> "empty"],
     currLat |-> 1,
     usage |-> 0,
     baseLat |-> 1 ],
   [ PC |-> [pc |-> 0, type |-> "empty"],
     currLat |-> 1,
     usage |-> 0,
     baseLat |-> 1 ] >>

@!@!@ENDMSG 2217 @!@!@
@!@!@STARTMSG 2217:4 @!@!@
2: <Next line 87, col 9 to line 112, col 103 of module pipeline_ooo>
/\ FULat2 = <<3, 3, 3, 3, 3>>
/\ iMiss2 = <<FALSE, FALSE, FALSE, FALSE, FALSE>>
/\ _RS2 = <<{}, {}, {}>>
/\ locWorst = <<TRUE, TRUE>>
/\ _COM2 = <<[PC |-> [pc |-> 0, type |-> "empty"]], [PC |-> [pc |-> 0, type |-> "empty"]]>>
/\ _ID = <<[PC |-> [pc |-> 0, type |-> "empty"]], [PC |-> [pc |-> 0, type |-> "empty"]]>>
/\ _IF = << [ PC |-> [pc |-> 1, type |-> {1}, lat |-> {3}, dep |-> {}],
     currLat |-> 1,
     baseLat |-> 1 ],
   [ PC |-> [pc |-> 2, type |-> {2}, lat |-> {2, 3}, dep |-> {}],
     currLat |-> 1,
     baseLat |-> 1 ] >>
/\ FUTmpLat = <<<<<<<<3, 2>>, 3>>, 3>>, 3>>
/\ _FU2 = << [ PC |-> [pc |-> 0, type |-> "empty"],
     currLat |-> 1,
     usage |-> 0,
     baseLat |-> 1 ],
   [ PC |-> [pc |-> 0, type |-> "empty"],
     currLat |-> 1,
     usage |-> 0,
     baseLat |-> 1 ],
   [ PC |-> [pc |-> 0, type |-> "empty"],
     currLat |-> 1,
     usage |-> 0,
     baseLat |-> 1 ] >>
/\ FUTmp = <<<<<<<<1, 2>>, 3>>, 2>>, 2>>
/\ _COM = <<[PC |-> [pc |-> 0, type |-> "empty"]], [PC |-> [pc |-> 0, type |-> "empty"]]>>
/\ _ID2 = <<[PC |-> [pc |-> 0, type |-> "empty"]], [PC |-> [pc |-> 0, type |-> "empty"]]>>
/\ graph = [ nodes |->
      << [IFacq |-> 0, IFrel |-> 0, FUacq |-> 0, FUrel |-> 0, COM |-> 0],
         [IFacq |-> 0, IFrel |-> 0, FUacq |-> 0, FUrel |-> 0, COM |-> 0],
         [IFacq |-> 0, IFrel |-> 0, FUacq |-> 0, FUrel |-> 0, COM |-> 0],
         [IFacq |-> 0, IFrel |-> 0, FUacq |-> 0, FUrel |-> 0, COM |-> 0],
         [IFacq |-> 0, IFrel |-> 0, FUacq |-> 0, FUrel |-> 0, COM |-> 0] >>,
  edges |-> {[type |-> "D", source |-> 1, dest |-> 3]} ]
/\ currCycle2 = 1
/\ FU2 = <<1, 2, 3, 1, 2>>
/\ _IF2 = << [ PC |-> [pc |-> 1, type |-> {1}, lat |-> {3}, dep |-> {}],
     currLat |-> 1,
     baseLat |-> 1 ],
   [ PC |-> [pc |-> 2, type |-> {2}, lat |-> {2, 3}, dep |-> {}],
     currLat |-> 1,
     baseLat |-> 1 ] >>
/\ iMissTmp2 = <<<<<<<<FALSE, FALSE>>, FALSE>>, FALSE>>, FALSE>>
/\ iMiss = <<FALSE, FALSE, FALSE, FALSE, FALSE>>
/\ graph2 = [ nodes |->
      << [IFacq |-> 0, IFrel |-> 0, FUacq |-> 0, FUrel |-> 0, COM |-> 0],
         [IFacq |-> 0, IFrel |-> 0, FUacq |-> 0, FUrel |-> 0, COM |-> 0],
         [IFacq |-> 0, IFrel |-> 0, FUacq |-> 0, FUrel |-> 0, COM |-> 0],
         [IFacq |-> 0, IFrel |-> 0, FUacq |-> 0, FUrel |-> 0, COM |-> 0],
         [IFacq |-> 0, IFrel |-> 0, FUacq |-> 0, FUrel |-> 0, COM |-> 0] >>,
  edges |-> {[type |-> "D", source |-> 1, dest |-> 3]} ]
/\ _RS = <<{}, {}, {}>>
/\ commonPre = TRUE
/\ currCycle = 1
/\ iMissTmp = <<<<<<<<FALSE, FALSE>>, FALSE>>, FALSE>>, FALSE>>
/\ FULat = <<3, 2, 3, 3, 3>>
/\ FUTmp2 = <<<<<<<<1, 2>>, 3>>, 1>>, 2>>
/\ prog = [ rest |->
      << [pc |-> 3, type |-> {3}, lat |-> {3}, dep |-> {1}],
         [pc |-> 4, type |-> {1, 2}, lat |-> {3}, dep |-> {}],
         [pc |-> 5, type |-> {2}, lat |-> {3}, dep |-> {}] >>,
  exec |->
      << [ PC |-> [pc |-> 1, type |-> {1}, lat |-> {3}, dep |-> {}],
           done |-> FALSE,
           comTime |-> 0,
           executed |-> FALSE,
           exStartTime |-> 0 ],
         [ PC |-> [pc |-> 2, type |-> {2}, lat |-> {2, 3}, dep |-> {}],
           done |-> FALSE,
           comTime |-> 0,
           executed |-> FALSE,
           exStartTime |-> 0 ] >> ]
/\ depProg = <<>>
/\ FUTmpLat2 = <<<<<<<<3, 3>>, 3>>, 3>>, 3>>
/\ depProgTmp = <<>>
/\ prog2 = [ rest |->
      << [pc |-> 3, type |-> {3}, lat |-> {3}, dep |-> {1}],
         [pc |-> 4, type |-> {1, 2}, lat |-> {3}, dep |-> {}],
         [pc |-> 5, type |-> {2}, lat |-> {3}, dep |-> {}] >>,
  exec |->
      << [ PC |-> [pc |-> 1, type |-> {1}, lat |-> {3}, dep |-> {}],
           done |-> FALSE,
           comTime |-> 0,
           executed |-> FALSE,
           exStartTime |-> 0 ],
         [ PC |-> [pc |-> 2, type |-> {2}, lat |-> {2, 3}, dep |-> {}],
           done |-> FALSE,
           comTime |-> 0,
           executed |-> FALSE,
           exStartTime |-> 0 ] >> ]
/\ FU = <<1, 2, 3, 2, 2>>
/\ _FU = << [ PC |-> [pc |-> 0, type |-> "empty"],
     currLat |-> 1,
     usage |-> 0,
     baseLat |-> 1 ],
   [ PC |-> [pc |-> 0, type |-> "empty"],
     currLat |-> 1,
     usage |-> 0,
     baseLat |-> 1 ],
   [ PC |-> [pc |-> 0, type |-> "empty"],
     currLat |-> 1,
     usage |-> 0,
     baseLat |-> 1 ] >>

@!@!@ENDMSG 2217 @!@!@
@!@!@STARTMSG 2217:4 @!@!@
3: <Next line 87, col 9 to line 112, col 103 of module pipeline_ooo>
/\ FULat2 = <<3, 3, 3, 3, 3>>
/\ iMiss2 = <<FALSE, FALSE, FALSE, FALSE, FALSE>>
/\ _RS2 = <<{}, {}, {}>>
/\ locWorst = <<TRUE, TRUE>>
/\ _COM2 = <<[PC |-> [pc |-> 0, type |-> "empty"]], [PC |-> [pc |-> 0, type |-> "empty"]]>>
/\ _ID = << [PC |-> [pc |-> 1, type |-> {1}, lat |-> {3}, dep |-> {}]],
   [PC |-> [pc |-> 2, type |-> {2}, lat |-> {2, 3}, dep |-> {}]] >>
/\ _IF = << [ PC |-> [pc |-> 3, type |-> {3}, lat |-> {3}, dep |-> {1}],
     currLat |-> 1,
     baseLat |-> 1 ],
   [ PC |-> [pc |-> 4, type |-> {1, 2}, lat |-> {3}, dep |-> {}],
     currLat |-> 1,
     baseLat |-> 1 ] >>
/\ FUTmpLat = <<<<<<<<3, 2>>, 3>>, 3>>, 3>>
/\ _FU2 = << [ PC |-> [pc |-> 0, type |-> "empty"],
     currLat |-> 1,
     usage |-> 0,
     baseLat |-> 1 ],
   [ PC |-> [pc |-> 0, type |-> "empty"],
     currLat |-> 1,
     usage |-> 0,
     baseLat |-> 1 ],
   [ PC |-> [pc |-> 0, type |-> "empty"],
     currLat |-> 1,
     usage |-> 0,
     baseLat |-> 1 ] >>
/\ FUTmp = <<<<<<<<1, 2>>, 3>>, 2>>, 2>>
/\ _COM = <<[PC |-> [pc |-> 0, type |-> "empty"]], [PC |-> [pc |-> 0, type |-> "empty"]]>>
/\ _ID2 = << [PC |-> [pc |-> 1, type |-> {1}, lat |-> {3}, dep |-> {}]],
   [PC |-> [pc |-> 2, type |-> {2}, lat |-> {2, 3}, dep |-> {}]] >>
/\ graph = [ nodes |->
      << [IFacq |-> 1, IFrel |-> 2, FUacq |-> 0, FUrel |-> 0, COM |-> 0],
         [IFacq |-> 1, IFrel |-> 2, FUacq |-> 0, FUrel |-> 0, COM |-> 0],
         [IFacq |-> 0, IFrel |-> 0, FUacq |-> 0, FUrel |-> 0, COM |-> 0],
         [IFacq |-> 0, IFrel |-> 0, FUacq |-> 0, FUrel |-> 0, COM |-> 0],
         [IFacq |-> 0, IFrel |-> 0, FUacq |-> 0, FUrel |-> 0, COM |-> 0] >>,
  edges |-> {[type |-> "D", source |-> 1, dest |-> 3]} ]
/\ currCycle2 = 2
/\ FU2 = <<1, 2, 3, 1, 2>>
/\ _IF2 = << [ PC |-> [pc |-> 3, type |-> {3}, lat |-> {3}, dep |-> {1}],
     currLat |-> 1,
     baseLat |-> 1 ],
   [ PC |-> [pc |-> 4, type |-> {1, 2}, lat |-> {3}, dep |-> {}],
     currLat |-> 1,
     baseLat |-> 1 ] >>
/\ iMissTmp2 = <<<<<<<<FALSE, FALSE>>, FALSE>>, FALSE>>, FALSE>>
/\ iMiss = <<FALSE, FALSE, FALSE, FALSE, FALSE>>
/\ graph2 = [ nodes |->
      << [IFacq |-> 1, IFrel |-> 2, FUacq |-> 0, FUrel |-> 0, COM |-> 0],
         [IFacq |-> 1, IFrel |-> 2, FUacq |-> 0, FUrel |-> 0, COM |-> 0],
         [IFacq |-> 0, IFrel |-> 0, FUacq |-> 0, FUrel |-> 0, COM |-> 0],
         [IFacq |-> 0, IFrel |-> 0, FUacq |-> 0, FUrel |-> 0, COM |-> 0],
         [IFacq |-> 0, IFrel |-> 0, FUacq |-> 0, FUrel |-> 0, COM |-> 0] >>,
  edges |-> {[type |-> "D", source |-> 1, dest |-> 3]} ]
/\ _RS = <<{}, {}, {}>>
/\ commonPre = TRUE
/\ currCycle = 2
/\ iMissTmp = <<<<<<<<FALSE, FALSE>>, FALSE>>, FALSE>>, FALSE>>
/\ FULat = <<3, 2, 3, 3, 3>>
/\ FUTmp2 = <<<<<<<<1, 2>>, 3>>, 1>>, 2>>
/\ prog = [ rest |-> <<[pc |-> 5, type |-> {2}, lat |-> {3}, dep |-> {}]>>,
  exec |->
      << [ PC |-> [pc |-> 1, type |-> {1}, lat |-> {3}, dep |-> {}],
           done |-> FALSE,
           comTime |-> 0,
           executed |-> FALSE,
           exStartTime |-> 0 ],
         [ PC |-> [pc |-> 2, type |-> {2}, lat |-> {2, 3}, dep |-> {}],
           done |-> FALSE,
           comTime |-> 0,
           executed |-> FALSE,
           exStartTime |-> 0 ],
         [ PC |-> [pc |-> 3, type |-> {3}, lat |-> {3}, dep |-> {1}],
           done |-> FALSE,
           comTime |-> 0,
           executed |-> FALSE,
           exStartTime |-> 0 ],
         [ PC |-> [pc |-> 4, type |-> {1, 2}, lat |-> {3}, dep |-> {}],
           done |-> FALSE,
           comTime |-> 0,
           executed |-> FALSE,
           exStartTime |-> 0 ] >> ]
/\ depProg = <<>>
/\ FUTmpLat2 = <<<<<<<<3, 3>>, 3>>, 3>>, 3>>
/\ depProgTmp = <<>>
/\ prog2 = [ rest |-> <<[pc |-> 5, type |-> {2}, lat |-> {3}, dep |-> {}]>>,
  exec |->
      << [ PC |-> [pc |-> 1, type |-> {1}, lat |-> {3}, dep |-> {}],
           done |-> FALSE,
           comTime |-> 0,
           executed |-> FALSE,
           exStartTime |-> 0 ],
         [ PC |-> [pc |-> 2, type |-> {2}, lat |-> {2, 3}, dep |-> {}],
           done |-> FALSE,
           comTime |-> 0,
           executed |-> FALSE,
           exStartTime |-> 0 ],
         [ PC |-> [pc |-> 3, type |-> {3}, lat |-> {3}, dep |-> {1}],
           done |-> FALSE,
           comTime |-> 0,
           executed |-> FALSE,
           exStartTime |-> 0 ],
         [ PC |-> [pc |-> 4, type |-> {1, 2}, lat |-> {3}, dep |-> {}],
           done |-> FALSE,
           comTime |-> 0,
           executed |-> FALSE,
           exStartTime |-> 0 ] >> ]
/\ FU = <<1, 2, 3, 2, 2>>
/\ _FU = << [ PC |-> [pc |-> 0, type |-> "empty"],
     currLat |-> 1,
     usage |-> 0,
     baseLat |-> 1 ],
   [ PC |-> [pc |-> 0, type |-> "empty"],
     currLat |-> 1,
     usage |-> 0,
     baseLat |-> 1 ],
   [ PC |-> [pc |-> 0, type |-> "empty"],
     currLat |-> 1,
     usage |-> 0,
     baseLat |-> 1 ] >>

@!@!@ENDMSG 2217 @!@!@
@!@!@STARTMSG 2217:4 @!@!@
4: <Next line 87, col 9 to line 112, col 103 of module pipeline_ooo>
/\ FULat2 = <<3, 3, 3, 3, 3>>
/\ iMiss2 = <<FALSE, FALSE, FALSE, FALSE, FALSE>>
/\ _RS2 = <<{}, {}, {}>>
/\ locWorst = <<TRUE, TRUE>>
/\ _COM2 = <<[PC |-> [pc |-> 0, type |-> "empty"]], [PC |-> [pc |-> 0, type |-> "empty"]]>>
/\ _ID = << [PC |-> [pc |-> 3, type |-> {3}, lat |-> {3}, dep |-> {1}]],
   [PC |-> [pc |-> 4, type |-> {1, 2}, lat |-> {3}, dep |-> {}]] >>
/\ _IF = << [ PC |-> [pc |-> 5, type |-> {2}, lat |-> {3}, dep |-> {}],
     currLat |-> 1,
     baseLat |-> 1 ],
   [PC |-> [pc |-> 0, type |-> "empty"], currLat |-> 1, baseLat |-> 1] >>
/\ FUTmpLat = <<<<<<<<3, 2>>, 3>>, 3>>, 3>>
/\ _FU2 = << [ PC |-> [pc |-> 1, type |-> {1}, lat |-> {3}, dep |-> {}],
     currLat |-> 1,
     usage |-> 1,
     baseLat |-> 3 ],
   [ PC |-> [pc |-> 2, type |-> {2}, lat |-> {2, 3}, dep |-> {}],
     currLat |-> 1,
     usage |-> 1,
     baseLat |-> 3 ],
   [ PC |-> [pc |-> 0, type |-> "empty"],
     currLat |-> 1,
     usage |-> 0,
     baseLat |-> 1 ] >>
/\ FUTmp = <<<<<<<<1, 2>>, 3>>, 2>>, 2>>
/\ _COM = <<[PC |-> [pc |-> 0, type |-> "empty"]], [PC |-> [pc |-> 0, type |-> "empty"]]>>
/\ _ID2 = << [PC |-> [pc |-> 3, type |-> {3}, lat |-> {3}, dep |-> {1}]],
   [PC |-> [pc |-> 4, type |-> {1, 2}, lat |-> {3}, dep |-> {}]] >>
/\ graph = [ nodes |->
      << [IFacq |-> 1, IFrel |-> 2, FUacq |-> 0, FUrel |-> 0, COM |-> 0],
         [IFacq |-> 1, IFrel |-> 2, FUacq |-> 0, FUrel |-> 0, COM |-> 0],
         [IFacq |-> 2, IFrel |-> 3, FUacq |-> 0, FUrel |-> 0, COM |-> 0],
         [IFacq |-> 2, IFrel |-> 3, FUacq |-> 0, FUrel |-> 0, COM |-> 0],
         [IFacq |-> 0, IFrel |-> 0, FUacq |-> 0, FUrel |-> 0, COM |-> 0] >>,
  edges |-> {[type |-> "D", source |-> 1, dest |-> 3]} ]
/\ currCycle2 = 3
/\ FU2 = <<1, 2, 3, 1, 2>>
/\ _IF2 = << [ PC |-> [pc |-> 5, type |-> {2}, lat |-> {3}, dep |-> {}],
     currLat |-> 1,
     baseLat |-> 1 ],
   [PC |-> [pc |-> 0, type |-> "empty"], currLat |-> 1, baseLat |-> 1] >>
/\ iMissTmp2 = <<<<<<<<FALSE, FALSE>>, FALSE>>, FALSE>>, FALSE>>
/\ iMiss = <<FALSE, FALSE, FALSE, FALSE, FALSE>>
/\ graph2 = [ nodes |->
      << [IFacq |-> 1, IFrel |-> 2, FUacq |-> 0, FUrel |-> 0, COM |-> 0],
         [IFacq |-> 1, IFrel |-> 2, FUacq |-> 0, FUrel |-> 0, COM |-> 0],
         [IFacq |-> 2, IFrel |-> 3, FUacq |-> 0, FUrel |-> 0, COM |-> 0],
         [IFacq |-> 2, IFrel |-> 3, FUacq |-> 0, FUrel |-> 0, COM |-> 0],
         [IFacq |-> 0, IFrel |-> 0, FUacq |-> 0, FUrel |-> 0, COM |-> 0] >>,
  edges |-> {[type |-> "D", source |-> 1, dest |-> 3]} ]
/\ _RS = <<{}, {}, {}>>
/\ commonPre = TRUE
/\ currCycle = 3
/\ iMissTmp = <<<<<<<<FALSE, FALSE>>, FALSE>>, FALSE>>, FALSE>>
/\ FULat = <<3, 2, 3, 3, 3>>
/\ FUTmp2 = <<<<<<<<1, 2>>, 3>>, 1>>, 2>>
/\ prog = [ rest |-> <<>>,
  exec |->
      << [ PC |-> [pc |-> 1, type |-> {1}, lat |-> {3}, dep |-> {}],
           done |-> FALSE,
           comTime |-> 0,
           executed |-> FALSE,
           exStartTime |-> 2 ],
         [ PC |-> [pc |-> 2, type |-> {2}, lat |-> {2, 3}, dep |-> {}],
           done |-> FALSE,
           comTime |-> 0,
           executed |-> FALSE,
           exStartTime |-> 2 ],
         [ PC |-> [pc |-> 3, type |-> {3}, lat |-> {3}, dep |-> {1}],
           done |-> FALSE,
           comTime |-> 0,
           executed |-> FALSE,
           exStartTime |-> 0 ],
         [ PC |-> [pc |-> 4, type |-> {1, 2}, lat |-> {3}, dep |-> {}],
           done |-> FALSE,
           comTime |-> 0,
           executed |-> FALSE,
           exStartTime |-> 0 ],
         [ PC |-> [pc |-> 5, type |-> {2}, lat |-> {3}, dep |-> {}],
           done |-> FALSE,
           comTime |-> 0,
           executed |-> FALSE,
           exStartTime |-> 0 ] >> ]
/\ depProg = <<>>
/\ FUTmpLat2 = <<<<<<<<3, 3>>, 3>>, 3>>, 3>>
/\ depProgTmp = <<>>
/\ prog2 = [ rest |-> <<>>,
  exec |->
      << [ PC |-> [pc |-> 1, type |-> {1}, lat |-> {3}, dep |-> {}],
           done |-> FALSE,
           comTime |-> 0,
           executed |-> FALSE,
           exStartTime |-> 2 ],
         [ PC |-> [pc |-> 2, type |-> {2}, lat |-> {2, 3}, dep |-> {}],
           done |-> FALSE,
           comTime |-> 0,
           executed |-> FALSE,
           exStartTime |-> 2 ],
         [ PC |-> [pc |-> 3, type |-> {3}, lat |-> {3}, dep |-> {1}],
           done |-> FALSE,
           comTime |-> 0,
           executed |-> FALSE,
           exStartTime |-> 0 ],
         [ PC |-> [pc |-> 4, type |-> {1, 2}, lat |-> {3}, dep |-> {}],
           done |-> FALSE,
           comTime |-> 0,
           executed |-> FALSE,
           exStartTime |-> 0 ],
         [ PC |-> [pc |-> 5, type |-> {2}, lat |-> {3}, dep |-> {}],
           done |-> FALSE,
           comTime |-> 0,
           executed |-> FALSE,
           exStartTime |-> 0 ] >> ]
/\ FU = <<1, 2, 3, 2, 2>>
/\ _FU = << [ PC |-> [pc |-> 1, type |-> {1}, lat |-> {3}, dep |-> {}],
     currLat |-> 1,
     usage |-> 1,
     baseLat |-> 3 ],
   [ PC |-> [pc |-> 2, type |-> {2}, lat |-> {2, 3}, dep |-> {}],
     currLat |-> 1,
     usage |-> 1,
     baseLat |-> 2 ],
   [ PC |-> [pc |-> 0, type |-> "empty"],
     currLat |-> 1,
     usage |-> 0,
     baseLat |-> 1 ] >>

@!@!@ENDMSG 2217 @!@!@
@!@!@STARTMSG 2217:4 @!@!@
5: <Next line 87, col 9 to line 112, col 103 of module pipeline_ooo>
/\ FULat2 = <<3, 3, 3, 3, 3>>
/\ iMiss2 = <<FALSE, FALSE, FALSE, FALSE, FALSE>>
/\ _RS2 = << {[pc |-> 4, type |-> {1, 2}, lat |-> {3}, dep |-> {}]},
   {},
   {[pc |-> 3, type |-> {3}, lat |-> {3}, dep |-> {1}]} >>
/\ locWorst = <<TRUE, TRUE>>
/\ _COM2 = <<[PC |-> [pc |-> 0, type |-> "empty"]], [PC |-> [pc |-> 0, type |-> "empty"]]>>
/\ _ID = << [PC |-> [pc |-> 5, type |-> {2}, lat |-> {3}, dep |-> {}]],
   [PC |-> [pc |-> 0, type |-> "empty"]] >>
/\ _IF = << [PC |-> [pc |-> 0, type |-> "empty"], currLat |-> 1, baseLat |-> 1],
   [PC |-> [pc |-> 0, type |-> "empty"], currLat |-> 1, baseLat |-> 1] >>
/\ FUTmpLat = <<<<<<<<3, 2>>, 3>>, 3>>, 3>>
/\ _FU2 = << [ PC |-> [pc |-> 1, type |-> {1}, lat |-> {3}, dep |-> {}],
     currLat |-> 2,
     usage |-> 2,
     baseLat |-> 3 ],
   [ PC |-> [pc |-> 2, type |-> {2}, lat |-> {2, 3}, dep |-> {}],
     currLat |-> 2,
     usage |-> 2,
     baseLat |-> 3 ],
   [ PC |-> [pc |-> 0, type |-> "empty"],
     currLat |-> 1,
     usage |-> 0,
     baseLat |-> 1 ] >>
/\ FUTmp = <<<<<<<<1, 2>>, 3>>, 2>>, 2>>
/\ _COM = <<[PC |-> [pc |-> 0, type |-> "empty"]], [PC |-> [pc |-> 0, type |-> "empty"]]>>
/\ _ID2 = << [PC |-> [pc |-> 5, type |-> {2}, lat |-> {3}, dep |-> {}]],
   [PC |-> [pc |-> 0, type |-> "empty"]] >>
/\ graph = [ nodes |->
      << [IFacq |-> 1, IFrel |-> 2, FUacq |-> 3, FUrel |-> 0, COM |-> 0],
         [IFacq |-> 1, IFrel |-> 2, FUacq |-> 3, FUrel |-> 0, COM |-> 0],
         [IFacq |-> 2, IFrel |-> 3, FUacq |-> 0, FUrel |-> 0, COM |-> 0],
         [IFacq |-> 2, IFrel |-> 3, FUacq |-> 0, FUrel |-> 0, COM |-> 0],
         [IFacq |-> 3, IFrel |-> 4, FUacq |-> 0, FUrel |-> 0, COM |-> 0] >>,
  edges |-> {[type |-> "D", source |-> 1, dest |-> 3]} ]
/\ currCycle2 = 4
/\ FU2 = <<1, 2, 3, 1, 2>>
/\ _IF2 = << [PC |-> [pc |-> 0, type |-> "empty"], currLat |-> 1, baseLat |-> 1],
   [PC |-> [pc |-> 0, type |-> "empty"], currLat |-> 1, baseLat |-> 1] >>
/\ iMissTmp2 = <<<<<<<<FALSE, FALSE>>, FALSE>>, FALSE>>, FALSE>>
/\ iMiss = <<FALSE, FALSE, FALSE, FALSE, FALSE>>
/\ graph2 = [ nodes |->
      << [IFacq |-> 1, IFrel |-> 2, FUacq |-> 3, FUrel |-> 0, COM |-> 0],
         [IFacq |-> 1, IFrel |-> 2, FUacq |-> 3, FUrel |-> 0, COM |-> 0],
         [IFacq |-> 2, IFrel |-> 3, FUacq |-> 0, FUrel |-> 0, COM |-> 0],
         [IFacq |-> 2, IFrel |-> 3, FUacq |-> 0, FUrel |-> 0, COM |-> 0],
         [IFacq |-> 3, IFrel |-> 4, FUacq |-> 0, FUrel |-> 0, COM |-> 0] >>,
  edges |-> {[type |-> "D", source |-> 1, dest |-> 3]} ]
/\ _RS = << {},
   {[pc |-> 4, type |-> {1, 2}, lat |-> {3}, dep |-> {}]},
   {[pc |-> 3, type |-> {3}, lat |-> {3}, dep |-> {1}]} >>
/\ commonPre = TRUE
/\ currCycle = 4
/\ iMissTmp = <<<<<<<<FALSE, FALSE>>, FALSE>>, FALSE>>, FALSE>>
/\ FULat = <<3, 2, 3, 3, 3>>
/\ FUTmp2 = <<<<<<<<1, 2>>, 3>>, 1>>, 2>>
/\ prog = [ rest |-> <<>>,
  exec |->
      << [ PC |-> [pc |-> 1, type |-> {1}, lat |-> {3}, dep |-> {}],
           done |-> FALSE,
           comTime |-> 0,
           executed |-> FALSE,
           exStartTime |-> 2 ],
         [ PC |-> [pc |-> 2, type |-> {2}, lat |-> {2, 3}, dep |-> {}],
           done |-> FALSE,
           comTime |-> 0,
           executed |-> FALSE,
           exStartTime |-> 2 ],
         [ PC |-> [pc |-> 3, type |-> {3}, lat |-> {3}, dep |-> {1}],
           done |-> FALSE,
           comTime |-> 0,
           executed |-> FALSE,
           exStartTime |-> 0 ],
         [ PC |-> [pc |-> 4, type |-> {1, 2}, lat |-> {3}, dep |-> {}],
           done |-> FALSE,
           comTime |-> 0,
           executed |-> FALSE,
           exStartTime |-> 0 ],
         [ PC |-> [pc |-> 5, type |-> {2}, lat |-> {3}, dep |-> {}],
           done |-> FALSE,
           comTime |-> 0,
           executed |-> FALSE,
           exStartTime |-> 0 ] >> ]
/\ depProg = <<>>
/\ FUTmpLat2 = <<<<<<<<3, 3>>, 3>>, 3>>, 3>>
/\ depProgTmp = <<>>
/\ prog2 = [ rest |-> <<>>,
  exec |->
      << [ PC |-> [pc |-> 1, type |-> {1}, lat |-> {3}, dep |-> {}],
           done |-> FALSE,
           comTime |-> 0,
           executed |-> FALSE,
           exStartTime |-> 2 ],
         [ PC |-> [pc |-> 2, type |-> {2}, lat |-> {2, 3}, dep |-> {}],
           done |-> FALSE,
           comTime |-> 0,
           executed |-> FALSE,
           exStartTime |-> 2 ],
         [ PC |-> [pc |-> 3, type |-> {3}, lat |-> {3}, dep |-> {1}],
           done |-> FALSE,
           comTime |-> 0,
           executed |-> FALSE,
           exStartTime |-> 0 ],
         [ PC |-> [pc |-> 4, type |-> {1, 2}, lat |-> {3}, dep |-> {}],
           done |-> FALSE,
           comTime |-> 0,
           executed |-> FALSE,
           exStartTime |-> 0 ],
         [ PC |-> [pc |-> 5, type |-> {2}, lat |-> {3}, dep |-> {}],
           done |-> FALSE,
           comTime |-> 0,
           executed |-> FALSE,
           exStartTime |-> 0 ] >> ]
/\ FU = <<1, 2, 3, 2, 2>>
/\ _FU = << [ PC |-> [pc |-> 1, type |-> {1}, lat |-> {3}, dep |-> {}],
     currLat |-> 2,
     usage |-> 2,
     baseLat |-> 3 ],
   [ PC |-> [pc |-> 2, type |-> {2}, lat |-> {2, 3}, dep |-> {}],
     currLat |-> 2,
     usage |-> 2,
     baseLat |-> 2 ],
   [ PC |-> [pc |-> 0, type |-> "empty"],
     currLat |-> 1,
     usage |-> 0,
     baseLat |-> 1 ] >>

@!@!@ENDMSG 2217 @!@!@
@!@!@STARTMSG 2217:4 @!@!@
6: <Next line 87, col 9 to line 112, col 103 of module pipeline_ooo>
/\ FULat2 = <<3, 3, 3, 3, 3>>
/\ iMiss2 = <<FALSE, FALSE, FALSE, FALSE, FALSE>>
/\ _RS2 = << {[pc |-> 4, type |-> {1, 2}, lat |-> {3}, dep |-> {}]},
   {[pc |-> 5, type |-> {2}, lat |-> {3}, dep |-> {}]},
   {[pc |-> 3, type |-> {3}, lat |-> {3}, dep |-> {1}]} >>
/\ locWorst = <<FALSE, TRUE>>
/\ _COM2 = <<[PC |-> [pc |-> 0, type |-> "empty"]], [PC |-> [pc |-> 0, type |-> "empty"]]>>
/\ _ID = <<[PC |-> [pc |-> 0, type |-> "empty"]], [PC |-> [pc |-> 0, type |-> "empty"]]>>
/\ _IF = << [PC |-> [pc |-> 0, type |-> "empty"], currLat |-> 1, baseLat |-> 1],
   [PC |-> [pc |-> 0, type |-> "empty"], currLat |-> 1, baseLat |-> 1] >>
/\ FUTmpLat = <<<<<<<<3, 2>>, 3>>, 3>>, 3>>
/\ _FU2 = << [ PC |-> [pc |-> 1, type |-> {1}, lat |-> {3}, dep |-> {}],
     currLat |-> 3,
     usage |-> 3,
     baseLat |-> 3 ],
   [ PC |-> [pc |-> 2, type |-> {2}, lat |-> {2, 3}, dep |-> {}],
     currLat |-> 3,
     usage |-> 3,
     baseLat |-> 3 ],
   [ PC |-> [pc |-> 0, type |-> "empty"],
     currLat |-> 1,
     usage |-> 0,
     baseLat |-> 1 ] >>
/\ FUTmp = <<<<<<<<1, 2>>, 3>>, 2>>, 2>>
/\ _COM = <<[PC |-> [pc |-> 0, type |-> "empty"]], [PC |-> [pc |-> 0, type |-> "empty"]]>>
/\ _ID2 = <<[PC |-> [pc |-> 0, type |-> "empty"]], [PC |-> [pc |-> 0, type |-> "empty"]]>>
/\ graph = [ nodes |->
      << [IFacq |-> 1, IFrel |-> 2, FUacq |-> 3, FUrel |-> 0, COM |-> 0],
         [IFacq |-> 1, IFrel |-> 2, FUacq |-> 3, FUrel |-> 5, COM |-> 0],
         [IFacq |-> 2, IFrel |-> 3, FUacq |-> 0, FUrel |-> 0, COM |-> 0],
         [IFacq |-> 2, IFrel |-> 3, FUacq |-> 0, FUrel |-> 0, COM |-> 0],
         [IFacq |-> 3, IFrel |-> 4, FUacq |-> 0, FUrel |-> 0, COM |-> 0] >>,
  edges |->
      { [type |-> "D", source |-> 1, dest |-> 3],
        [type |-> "RS", source |-> 1, dest |-> 4],
        [type |-> "RS", source |-> 2, dest |-> 4] } ]
/\ currCycle2 = 5
/\ FU2 = <<1, 2, 3, 1, 2>>
/\ _IF2 = << [PC |-> [pc |-> 0, type |-> "empty"], currLat |-> 1, baseLat |-> 1],
   [PC |-> [pc |-> 0, type |-> "empty"], currLat |-> 1, baseLat |-> 1] >>
/\ iMissTmp2 = <<<<<<<<FALSE, FALSE>>, FALSE>>, FALSE>>, FALSE>>
/\ iMiss = <<FALSE, FALSE, FALSE, FALSE, FALSE>>
/\ graph2 = [ nodes |->
      << [IFacq |-> 1, IFrel |-> 2, FUacq |-> 3, FUrel |-> 0, COM |-> 0],
         [IFacq |-> 1, IFrel |-> 2, FUacq |-> 3, FUrel |-> 0, COM |-> 0],
         [IFacq |-> 2, IFrel |-> 3, FUacq |-> 0, FUrel |-> 0, COM |-> 0],
         [IFacq |-> 2, IFrel |-> 3, FUacq |-> 0, FUrel |-> 0, COM |-> 0],
         [IFacq |-> 3, IFrel |-> 4, FUacq |-> 0, FUrel |-> 0, COM |-> 0] >>,
  edges |->
      { [type |-> "D", source |-> 1, dest |-> 3],
        [type |-> "RS", source |-> 1, dest |-> 4],
        [type |-> "RS", source |-> 2, dest |-> 4] } ]
/\ _RS = << {},
   {[pc |-> 5, type |-> {2}, lat |-> {3}, dep |-> {}]},
   {[pc |-> 3, type |-> {3}, lat |-> {3}, dep |-> {1}]} >>
/\ commonPre = FALSE
/\ currCycle = 5
/\ iMissTmp = <<<<<<<<FALSE, FALSE>>, FALSE>>, FALSE>>, FALSE>>
/\ FULat = <<3, 2, 3, 3, 3>>
/\ FUTmp2 = <<<<<<<<1, 2>>, 3>>, 1>>, 2>>
/\ prog = [ rest |-> <<>>,
  exec |->
      << [ PC |-> [pc |-> 1, type |-> {1}, lat |-> {3}, dep |-> {}],
           done |-> FALSE,
           comTime |-> 0,
           executed |-> FALSE,
           exStartTime |-> 2 ],
         [ PC |-> [pc |-> 2, type |-> {2}, lat |-> {2, 3}, dep |-> {}],
           done |-> FALSE,
           comTime |-> 0,
           executed |-> TRUE,
           exStartTime |-> 2 ],
         [ PC |-> [pc |-> 3, type |-> {3}, lat |-> {3}, dep |-> {1}],
           done |-> FALSE,
           comTime |-> 0,
           executed |-> FALSE,
           exStartTime |-> 0 ],
         [ PC |-> [pc |-> 4, type |-> {1, 2}, lat |-> {3}, dep |-> {}],
           done |-> FALSE,
           comTime |-> 0,
           executed |-> FALSE,
           exStartTime |-> 4 ],
         [ PC |-> [pc |-> 5, type |-> {2}, lat |-> {3}, dep |-> {}],
           done |-> FALSE,
           comTime |-> 0,
           executed |-> FALSE,
           exStartTime |-> 0 ] >> ]
/\ depProg = <<>>
/\ FUTmpLat2 = <<<<<<<<3, 3>>, 3>>, 3>>, 3>>
/\ depProgTmp = <<>>
/\ prog2 = [ rest |-> <<>>,
  exec |->
      << [ PC |-> [pc |-> 1, type |-> {1}, lat |-> {3}, dep |-> {}],
           done |-> FALSE,
           comTime |-> 0,
           executed |-> FALSE,
           exStartTime |-> 2 ],
         [ PC |-> [pc |-> 2, type |-> {2}, lat |-> {2, 3}, dep |-> {}],
           done |-> FALSE,
           comTime |-> 0,
           executed |-> FALSE,
           exStartTime |-> 2 ],
         [ PC |-> [pc |-> 3, type |-> {3}, lat |-> {3}, dep |-> {1}],
           done |-> FALSE,
           comTime |-> 0,
           executed |-> FALSE,
           exStartTime |-> 0 ],
         [ PC |-> [pc |-> 4, type |-> {1, 2}, lat |-> {3}, dep |-> {}],
           done |-> FALSE,
           comTime |-> 0,
           executed |-> FALSE,
           exStartTime |-> 0 ],
         [ PC |-> [pc |-> 5, type |-> {2}, lat |-> {3}, dep |-> {}],
           done |-> FALSE,
           comTime |-> 0,
           executed |-> FALSE,
           exStartTime |-> 0 ] >> ]
/\ FU = <<1, 2, 3, 2, 2>>
/\ _FU = << [ PC |-> [pc |-> 1, type |-> {1}, lat |-> {3}, dep |-> {}],
     currLat |-> 3,
     usage |-> 3,
     baseLat |-> 3 ],
   [ PC |-> [pc |-> 4, type |-> {1, 2}, lat |-> {3}, dep |-> {}],
     currLat |-> 1,
     usage |-> 3,
     baseLat |-> 3 ],
   [ PC |-> [pc |-> 0, type |-> "empty"],
     currLat |-> 1,
     usage |-> 0,
     baseLat |-> 1 ] >>

@!@!@ENDMSG 2217 @!@!@
@!@!@STARTMSG 2217:4 @!@!@
7: <Next line 87, col 9 to line 112, col 103 of module pipeline_ooo>
/\ FULat2 = <<3, 3, 3, 3, 3>>
/\ iMiss2 = <<FALSE, FALSE, FALSE, FALSE, FALSE>>
/\ _RS2 = <<{}, {}, {}>>
/\ locWorst = <<FALSE, TRUE>>
/\ _COM2 = << [PC |-> [pc |-> 1, type |-> {1}, lat |-> {3}, dep |-> {}]],
   [PC |-> [pc |-> 2, type |-> {2}, lat |-> {2, 3}, dep |-> {}]] >>
/\ _ID = <<[PC |-> [pc |-> 0, type |-> "empty"]], [PC |-> [pc |-> 0, type |-> "empty"]]>>
/\ _IF = << [PC |-> [pc |-> 0, type |-> "empty"], currLat |-> 1, baseLat |-> 1],
   [PC |-> [pc |-> 0, type |-> "empty"], currLat |-> 1, baseLat |-> 1] >>
/\ FUTmpLat = <<<<<<<<3, 2>>, 3>>, 3>>, 3>>
/\ _FU2 = << [ PC |-> [pc |-> 4, type |-> {1, 2}, lat |-> {3}, dep |-> {}],
     currLat |-> 1,
     usage |-> 4,
     baseLat |-> 3 ],
   [ PC |-> [pc |-> 5, type |-> {2}, lat |-> {3}, dep |-> {}],
     currLat |-> 1,
     usage |-> 4,
     baseLat |-> 3 ],
   [ PC |-> [pc |-> 3, type |-> {3}, lat |-> {3}, dep |-> {1}],
     currLat |-> 1,
     usage |-> 1,
     baseLat |-> 3 ] >>
/\ FUTmp = <<<<<<<<1, 2>>, 3>>, 2>>, 2>>
/\ _COM = << [PC |-> [pc |-> 1, type |-> {1}, lat |-> {3}, dep |-> {}]],
   [PC |-> [pc |-> 2, type |-> {2}, lat |-> {2, 3}, dep |-> {}]] >>
/\ _ID2 = <<[PC |-> [pc |-> 0, type |-> "empty"]], [PC |-> [pc |-> 0, type |-> "empty"]]>>
/\ graph = [ nodes |->
      << [IFacq |-> 1, IFrel |-> 2, FUacq |-> 3, FUrel |-> 6, COM |-> 0],
         [IFacq |-> 1, IFrel |-> 2, FUacq |-> 3, FUrel |-> 5, COM |-> 0],
         [IFacq |-> 2, IFrel |-> 3, FUacq |-> 0, FUrel |-> 0, COM |-> 0],
         [IFacq |-> 2, IFrel |-> 3, FUacq |-> 5, FUrel |-> 0, COM |-> 0],
         [IFacq |-> 3, IFrel |-> 4, FUacq |-> 0, FUrel |-> 0, COM |-> 0] >>,
  edges |->
      { [type |-> "D", source |-> 1, dest |-> 3],
        [type |-> "RS", source |-> 1, dest |-> 4],
        [type |-> "RS", source |-> 2, dest |-> 4],
        [type |-> "RS", source |-> 4, dest |-> 5] } ]
/\ currCycle2 = 6
/\ FU2 = <<1, 2, 3, 1, 2>>
/\ _IF2 = << [PC |-> [pc |-> 0, type |-> "empty"], currLat |-> 1, baseLat |-> 1],
   [PC |-> [pc |-> 0, type |-> "empty"], currLat |-> 1, baseLat |-> 1] >>
/\ iMissTmp2 = <<<<<<<<FALSE, FALSE>>, FALSE>>, FALSE>>, FALSE>>
/\ iMiss = <<FALSE, FALSE, FALSE, FALSE, FALSE>>
/\ graph2 = [ nodes |->
      << [IFacq |-> 1, IFrel |-> 2, FUacq |-> 3, FUrel |-> 6, COM |-> 0],
         [IFacq |-> 1, IFrel |-> 2, FUacq |-> 3, FUrel |-> 6, COM |-> 0],
         [IFacq |-> 2, IFrel |-> 3, FUacq |-> 0, FUrel |-> 0, COM |-> 0],
         [IFacq |-> 2, IFrel |-> 3, FUacq |-> 0, FUrel |-> 0, COM |-> 0],
         [IFacq |-> 3, IFrel |-> 4, FUacq |-> 0, FUrel |-> 0, COM |-> 0] >>,
  edges |->
      { [type |-> "D", source |-> 1, dest |-> 3],
        [type |-> "RS", source |-> 1, dest |-> 4],
        [type |-> "RS", source |-> 2, dest |-> 4],
        [type |-> "RS", source |-> 2, dest |-> 5] } ]
/\ _RS = <<{}, {[pc |-> 5, type |-> {2}, lat |-> {3}, dep |-> {}]}, {}>>
/\ commonPre = FALSE
/\ currCycle = 6
/\ iMissTmp = <<<<<<<<FALSE, FALSE>>, FALSE>>, FALSE>>, FALSE>>
/\ FULat = <<3, 2, 3, 3, 3>>
/\ FUTmp2 = <<<<<<<<1, 2>>, 3>>, 1>>, 2>>
/\ prog = [ rest |-> <<>>,
  exec |->
      << [ PC |-> [pc |-> 1, type |-> {1}, lat |-> {3}, dep |-> {}],
           done |-> FALSE,
           comTime |-> 0,
           executed |-> TRUE,
           exStartTime |-> 2 ],
         [ PC |-> [pc |-> 2, type |-> {2}, lat |-> {2, 3}, dep |-> {}],
           done |-> FALSE,
           comTime |-> 0,
           executed |-> TRUE,
           exStartTime |-> 2 ],
         [ PC |-> [pc |-> 3, type |-> {3}, lat |-> {3}, dep |-> {1}],
           done |-> FALSE,
           comTime |-> 0,
           executed |-> FALSE,
           exStartTime |-> 5 ],
         [ PC |-> [pc |-> 4, type |-> {1, 2}, lat |-> {3}, dep |-> {}],
           done |-> FALSE,
           comTime |-> 0,
           executed |-> FALSE,
           exStartTime |-> 4 ],
         [ PC |-> [pc |-> 5, type |-> {2}, lat |-> {3}, dep |-> {}],
           done |-> FALSE,
           comTime |-> 0,
           executed |-> FALSE,
           exStartTime |-> 0 ] >> ]
/\ depProg = <<>>
/\ FUTmpLat2 = <<<<<<<<3, 3>>, 3>>, 3>>, 3>>
/\ depProgTmp = <<>>
/\ prog2 = [ rest |-> <<>>,
  exec |->
      << [ PC |-> [pc |-> 1, type |-> {1}, lat |-> {3}, dep |-> {}],
           done |-> FALSE,
           comTime |-> 0,
           executed |-> TRUE,
           exStartTime |-> 2 ],
         [ PC |-> [pc |-> 2, type |-> {2}, lat |-> {2, 3}, dep |-> {}],
           done |-> FALSE,
           comTime |-> 0,
           executed |-> TRUE,
           exStartTime |-> 2 ],
         [ PC |-> [pc |-> 3, type |-> {3}, lat |-> {3}, dep |-> {1}],
           done |-> FALSE,
           comTime |-> 0,
           executed |-> FALSE,
           exStartTime |-> 5 ],
         [ PC |-> [pc |-> 4, type |-> {1, 2}, lat |-> {3}, dep |-> {}],
           done |-> FALSE,
           comTime |-> 0,
           executed |-> FALSE,
           exStartTime |-> 5 ],
         [ PC |-> [pc |-> 5, type |-> {2}, lat |-> {3}, dep |-> {}],
           done |-> FALSE,
           comTime |-> 0,
           executed |-> FALSE,
           exStartTime |-> 5 ] >> ]
/\ FU = <<1, 2, 3, 2, 2>>
/\ _FU = << [ PC |-> [pc |-> 0, type |-> "empty"],
     currLat |-> 1,
     usage |-> 3,
     baseLat |-> 1 ],
   [ PC |-> [pc |-> 4, type |-> {1, 2}, lat |-> {3}, dep |-> {}],
     currLat |-> 2,
     usage |-> 4,
     baseLat |-> 3 ],
   [ PC |-> [pc |-> 3, type |-> {3}, lat |-> {3}, dep |-> {1}],
     currLat |-> 1,
     usage |-> 1,
     baseLat |-> 3 ] >>

@!@!@ENDMSG 2217 @!@!@
@!@!@STARTMSG 2217:4 @!@!@
8: <Next line 87, col 9 to line 112, col 103 of module pipeline_ooo>
/\ FULat2 = <<3, 3, 3, 3, 3>>
/\ iMiss2 = <<FALSE, FALSE, FALSE, FALSE, FALSE>>
/\ _RS2 = <<{}, {}, {}>>
/\ locWorst = <<FALSE, TRUE>>
/\ _COM2 = <<[PC |-> [pc |-> 0, type |-> "empty"]], [PC |-> [pc |-> 0, type |-> "empty"]]>>
/\ _ID = <<[PC |-> [pc |-> 0, type |-> "empty"]], [PC |-> [pc |-> 0, type |-> "empty"]]>>
/\ _IF = << [PC |-> [pc |-> 0, type |-> "empty"], currLat |-> 1, baseLat |-> 1],
   [PC |-> [pc |-> 0, type |-> "empty"], currLat |-> 1, baseLat |-> 1] >>
/\ FUTmpLat = <<<<<<<<3, 2>>, 3>>, 3>>, 3>>
/\ _FU2 = << [ PC |-> [pc |-> 4, type |-> {1, 2}, lat |-> {3}, dep |-> {}],
     currLat |-> 2,
     usage |-> 5,
     baseLat |-> 3 ],
   [ PC |-> [pc |-> 5, type |-> {2}, lat |-> {3}, dep |-> {}],
     currLat |-> 2,
     usage |-> 5,
     baseLat |-> 3 ],
   [ PC |-> [pc |-> 3, type |-> {3}, lat |-> {3}, dep |-> {1}],
     currLat |-> 2,
     usage |-> 2,
     baseLat |-> 3 ] >>
/\ FUTmp = <<<<<<<<1, 2>>, 3>>, 2>>, 2>>
/\ _COM = <<[PC |-> [pc |-> 0, type |-> "empty"]], [PC |-> [pc |-> 0, type |-> "empty"]]>>
/\ _ID2 = <<[PC |-> [pc |-> 0, type |-> "empty"]], [PC |-> [pc |-> 0, type |-> "empty"]]>>
/\ graph = [ nodes |->
      << [IFacq |-> 1, IFrel |-> 2, FUacq |-> 3, FUrel |-> 6, COM |-> 6],
         [IFacq |-> 1, IFrel |-> 2, FUacq |-> 3, FUrel |-> 5, COM |-> 6],
         [IFacq |-> 2, IFrel |-> 3, FUacq |-> 6, FUrel |-> 0, COM |-> 0],
         [IFacq |-> 2, IFrel |-> 3, FUacq |-> 5, FUrel |-> 0, COM |-> 0],
         [IFacq |-> 3, IFrel |-> 4, FUacq |-> 0, FUrel |-> 0, COM |-> 0] >>,
  edges |->
      { [type |-> "D", source |-> 1, dest |-> 3],
        [type |-> "RS", source |-> 1, dest |-> 4],
        [type |-> "RS", source |-> 2, dest |-> 4],
        [type |-> "RS", source |-> 4, dest |-> 5] } ]
/\ currCycle2 = 7
/\ FU2 = <<1, 2, 3, 1, 2>>
/\ _IF2 = << [PC |-> [pc |-> 0, type |-> "empty"], currLat |-> 1, baseLat |-> 1],
   [PC |-> [pc |-> 0, type |-> "empty"], currLat |-> 1, baseLat |-> 1] >>
/\ iMissTmp2 = <<<<<<<<FALSE, FALSE>>, FALSE>>, FALSE>>, FALSE>>
/\ iMiss = <<FALSE, FALSE, FALSE, FALSE, FALSE>>
/\ graph2 = [ nodes |->
      << [IFacq |-> 1, IFrel |-> 2, FUacq |-> 3, FUrel |-> 6, COM |-> 6],
         [IFacq |-> 1, IFrel |-> 2, FUacq |-> 3, FUrel |-> 6, COM |-> 6],
         [IFacq |-> 2, IFrel |-> 3, FUacq |-> 6, FUrel |-> 0, COM |-> 0],
         [IFacq |-> 2, IFrel |-> 3, FUacq |-> 6, FUrel |-> 0, COM |-> 0],
         [IFacq |-> 3, IFrel |-> 4, FUacq |-> 6, FUrel |-> 0, COM |-> 0] >>,
  edges |->
      { [type |-> "D", source |-> 1, dest |-> 3],
        [type |-> "RS", source |-> 1, dest |-> 4],
        [type |-> "RS", source |-> 2, dest |-> 4],
        [type |-> "RS", source |-> 2, dest |-> 5] } ]
/\ _RS = <<{}, {[pc |-> 5, type |-> {2}, lat |-> {3}, dep |-> {}]}, {}>>
/\ commonPre = FALSE
/\ currCycle = 7
/\ iMissTmp = <<<<<<<<FALSE, FALSE>>, FALSE>>, FALSE>>, FALSE>>
/\ FULat = <<3, 2, 3, 3, 3>>
/\ FUTmp2 = <<<<<<<<1, 2>>, 3>>, 1>>, 2>>
/\ prog = [ rest |-> <<>>,
  exec |->
      << [ PC |-> [pc |-> 1, type |-> {1}, lat |-> {3}, dep |-> {}],
           done |-> TRUE,
           comTime |-> 6,
           executed |-> TRUE,
           exStartTime |-> 2 ],
         [ PC |-> [pc |-> 2, type |-> {2}, lat |-> {2, 3}, dep |-> {}],
           done |-> TRUE,
           comTime |-> 6,
           executed |-> TRUE,
           exStartTime |-> 2 ],
         [ PC |-> [pc |-> 3, type |-> {3}, lat |-> {3}, dep |-> {1}],
           done |-> FALSE,
           comTime |-> 0,
           executed |-> FALSE,
           exStartTime |-> 5 ],
         [ PC |-> [pc |-> 4, type |-> {1, 2}, lat |-> {3}, dep |-> {}],
           done |-> FALSE,
           comTime |-> 0,
           executed |-> FALSE,
           exStartTime |-> 4 ],
         [ PC |-> [pc |-> 5, type |-> {2}, lat |-> {3}, dep |-> {}],
           done |-> FALSE,
           comTime |-> 0,
           executed |-> FALSE,
           exStartTime |-> 0 ] >> ]
/\ depProg = <<>>
/\ FUTmpLat2 = <<<<<<<<3, 3>>, 3>>, 3>>, 3>>
/\ depProgTmp = <<>>
/\ prog2 = [ rest |-> <<>>,
  exec |->
      << [ PC |-> [pc |-> 1, type |-> {1}, lat |-> {3}, dep |-> {}],
           done |-> TRUE,
           comTime |-> 6,
           executed |-> TRUE,
           exStartTime |-> 2 ],
         [ PC |-> [pc |-> 2, type |-> {2}, lat |-> {2, 3}, dep |-> {}],
           done |-> TRUE,
           comTime |-> 6,
           executed |-> TRUE,
           exStartTime |-> 2 ],
         [ PC |-> [pc |-> 3, type |-> {3}, lat |-> {3}, dep |-> {1}],
           done |-> FALSE,
           comTime |-> 0,
           executed |-> FALSE,
           exStartTime |-> 5 ],
         [ PC |-> [pc |-> 4, type |-> {1, 2}, lat |-> {3}, dep |-> {}],
           done |-> FALSE,
           comTime |-> 0,
           executed |-> FALSE,
           exStartTime |-> 5 ],
         [ PC |-> [pc |-> 5, type |-> {2}, lat |-> {3}, dep |-> {}],
           done |-> FALSE,
           comTime |-> 0,
           executed |-> FALSE,
           exStartTime |-> 5 ] >> ]
/\ FU = <<1, 2, 3, 2, 2>>
/\ _FU = << [ PC |-> [pc |-> 0, type |-> "empty"],
     currLat |-> 1,
     usage |-> 3,
     baseLat |-> 1 ],
   [ PC |-> [pc |-> 4, type |-> {1, 2}, lat |-> {3}, dep |-> {}],
     currLat |-> 3,
     usage |-> 5,
     baseLat |-> 3 ],
   [ PC |-> [pc |-> 3, type |-> {3}, lat |-> {3}, dep |-> {1}],
     currLat |-> 2,
     usage |-> 2,
     baseLat |-> 3 ] >>

@!@!@ENDMSG 2217 @!@!@
@!@!@STARTMSG 2217:4 @!@!@
9: <Next line 87, col 9 to line 112, col 103 of module pipeline_ooo>
/\ FULat2 = <<3, 3, 3, 3, 3>>
/\ iMiss2 = <<FALSE, FALSE, FALSE, FALSE, FALSE>>
/\ _RS2 = <<{}, {}, {}>>
/\ locWorst = <<FALSE, TRUE>>
/\ _COM2 = <<[PC |-> [pc |-> 0, type |-> "empty"]], [PC |-> [pc |-> 0, type |-> "empty"]]>>
/\ _ID = <<[PC |-> [pc |-> 0, type |-> "empty"]], [PC |-> [pc |-> 0, type |-> "empty"]]>>
/\ _IF = << [PC |-> [pc |-> 0, type |-> "empty"], currLat |-> 1, baseLat |-> 1],
   [PC |-> [pc |-> 0, type |-> "empty"], currLat |-> 1, baseLat |-> 1] >>
/\ FUTmpLat = <<<<<<<<3, 2>>, 3>>, 3>>, 3>>
/\ _FU2 = << [ PC |-> [pc |-> 4, type |-> {1, 2}, lat |-> {3}, dep |-> {}],
     currLat |-> 3,
     usage |-> 6,
     baseLat |-> 3 ],
   [ PC |-> [pc |-> 5, type |-> {2}, lat |-> {3}, dep |-> {}],
     currLat |-> 3,
     usage |-> 6,
     baseLat |-> 3 ],
   [ PC |-> [pc |-> 3, type |-> {3}, lat |-> {3}, dep |-> {1}],
     currLat |-> 3,
     usage |-> 3,
     baseLat |-> 3 ] >>
/\ FUTmp = <<<<<<<<1, 2>>, 3>>, 2>>, 2>>
/\ _COM = <<[PC |-> [pc |-> 0, type |-> "empty"]], [PC |-> [pc |-> 0, type |-> "empty"]]>>
/\ _ID2 = <<[PC |-> [pc |-> 0, type |-> "empty"]], [PC |-> [pc |-> 0, type |-> "empty"]]>>
/\ graph = [ nodes |->
      << [IFacq |-> 1, IFrel |-> 2, FUacq |-> 3, FUrel |-> 6, COM |-> 6],
         [IFacq |-> 1, IFrel |-> 2, FUacq |-> 3, FUrel |-> 5, COM |-> 6],
         [IFacq |-> 2, IFrel |-> 3, FUacq |-> 6, FUrel |-> 0, COM |-> 0],
         [IFacq |-> 2, IFrel |-> 3, FUacq |-> 5, FUrel |-> 8, COM |-> 0],
         [IFacq |-> 3, IFrel |-> 4, FUacq |-> 0, FUrel |-> 0, COM |-> 0] >>,
  edges |->
      { [type |-> "D", source |-> 1, dest |-> 3],
        [type |-> "RS", source |-> 1, dest |-> 4],
        [type |-> "RS", source |-> 2, dest |-> 4],
        [type |-> "RS", source |-> 4, dest |-> 5] } ]
/\ currCycle2 = 8
/\ FU2 = <<1, 2, 3, 1, 2>>
/\ _IF2 = << [PC |-> [pc |-> 0, type |-> "empty"], currLat |-> 1, baseLat |-> 1],
   [PC |-> [pc |-> 0, type |-> "empty"], currLat |-> 1, baseLat |-> 1] >>
/\ iMissTmp2 = <<<<<<<<FALSE, FALSE>>, FALSE>>, FALSE>>, FALSE>>
/\ iMiss = <<FALSE, FALSE, FALSE, FALSE, FALSE>>
/\ graph2 = [ nodes |->
      << [IFacq |-> 1, IFrel |-> 2, FUacq |-> 3, FUrel |-> 6, COM |-> 6],
         [IFacq |-> 1, IFrel |-> 2, FUacq |-> 3, FUrel |-> 6, COM |-> 6],
         [IFacq |-> 2, IFrel |-> 3, FUacq |-> 6, FUrel |-> 0, COM |-> 0],
         [IFacq |-> 2, IFrel |-> 3, FUacq |-> 6, FUrel |-> 0, COM |-> 0],
         [IFacq |-> 3, IFrel |-> 4, FUacq |-> 6, FUrel |-> 0, COM |-> 0] >>,
  edges |->
      { [type |-> "D", source |-> 1, dest |-> 3],
        [type |-> "RS", source |-> 1, dest |-> 4],
        [type |-> "RS", source |-> 2, dest |-> 4],
        [type |-> "RS", source |-> 2, dest |-> 5] } ]
/\ _RS = <<{}, {}, {}>>
/\ commonPre = FALSE
/\ currCycle = 8
/\ iMissTmp = <<<<<<<<FALSE, FALSE>>, FALSE>>, FALSE>>, FALSE>>
/\ FULat = <<3, 2, 3, 3, 3>>
/\ FUTmp2 = <<<<<<<<1, 2>>, 3>>, 1>>, 2>>
/\ prog = [ rest |-> <<>>,
  exec |->
      << [ PC |-> [pc |-> 1, type |-> {1}, lat |-> {3}, dep |-> {}],
           done |-> TRUE,
           comTime |-> 6,
           executed |-> TRUE,
           exStartTime |-> 2 ],
         [ PC |-> [pc |-> 2, type |-> {2}, lat |-> {2, 3}, dep |-> {}],
           done |-> TRUE,
           comTime |-> 6,
           executed |-> TRUE,
           exStartTime |-> 2 ],
         [ PC |-> [pc |-> 3, type |-> {3}, lat |-> {3}, dep |-> {1}],
           done |-> FALSE,
           comTime |-> 0,
           executed |-> FALSE,
           exStartTime |-> 5 ],
         [ PC |-> [pc |-> 4, type |-> {1, 2}, lat |-> {3}, dep |-> {}],
           done |-> FALSE,
           comTime |-> 0,
           executed |-> TRUE,
           exStartTime |-> 4 ],
         [ PC |-> [pc |-> 5, type |-> {2}, lat |-> {3}, dep |-> {}],
           done |-> FALSE,
           comTime |-> 0,
           executed |-> FALSE,
           exStartTime |-> 7 ] >> ]
/\ depProg = <<>>
/\ FUTmpLat2 = <<<<<<<<3, 3>>, 3>>, 3>>, 3>>
/\ depProgTmp = <<>>
/\ prog2 = [ rest |-> <<>>,
  exec |->
      << [ PC |-> [pc |-> 1, type |-> {1}, lat |-> {3}, dep |-> {}],
           done |-> TRUE,
           comTime |-> 6,
           executed |-> TRUE,
           exStartTime |-> 2 ],
         [ PC |-> [pc |-> 2, type |-> {2}, lat |-> {2, 3}, dep |-> {}],
           done |-> TRUE,
           comTime |-> 6,
           executed |-> TRUE,
           exStartTime |-> 2 ],
         [ PC |-> [pc |-> 3, type |-> {3}, lat |-> {3}, dep |-> {1}],
           done |-> FALSE,
           comTime |-> 0,
           executed |-> FALSE,
           exStartTime |-> 5 ],
         [ PC |-> [pc |-> 4, type |-> {1, 2}, lat |-> {3}, dep |-> {}],
           done |-> FALSE,
           comTime |-> 0,
           executed |-> FALSE,
           exStartTime |-> 5 ],
         [ PC |-> [pc |-> 5, type |-> {2}, lat |-> {3}, dep |-> {}],
           done |-> FALSE,
           comTime |-> 0,
           executed |-> FALSE,
           exStartTime |-> 5 ] >> ]
/\ FU = <<1, 2, 3, 2, 2>>
/\ _FU = << [ PC |-> [pc |-> 0, type |-> "empty"],
     currLat |-> 1,
     usage |-> 3,
     baseLat |-> 1 ],
   [ PC |-> [pc |-> 5, type |-> {2}, lat |-> {3}, dep |-> {}],
     currLat |-> 1,
     usage |-> 6,
     baseLat |-> 3 ],
   [ PC |-> [pc |-> 3, type |-> {3}, lat |-> {3}, dep |-> {1}],
     currLat |-> 3,
     usage |-> 3,
     baseLat |-> 3 ] >>

@!@!@ENDMSG 2217 @!@!@
@!@!@STARTMSG 2217:4 @!@!@
10: <Next line 87, col 9 to line 112, col 103 of module pipeline_ooo>
/\ FULat2 = <<3, 3, 3, 3, 3>>
/\ iMiss2 = <<FALSE, FALSE, FALSE, FALSE, FALSE>>
/\ _RS2 = <<{}, {}, {}>>
/\ locWorst = <<FALSE, TRUE>>
/\ _COM2 = << [PC |-> [pc |-> 3, type |-> {3}, lat |-> {3}, dep |-> {1}]],
   [PC |-> [pc |-> 4, type |-> {1, 2}, lat |-> {3}, dep |-> {}]] >>
/\ _ID = <<[PC |-> [pc |-> 0, type |-> "empty"]], [PC |-> [pc |-> 0, type |-> "empty"]]>>
/\ _IF = << [PC |-> [pc |-> 0, type |-> "empty"], currLat |-> 1, baseLat |-> 1],
   [PC |-> [pc |-> 0, type |-> "empty"], currLat |-> 1, baseLat |-> 1] >>
/\ FUTmpLat = <<<<<<<<3, 2>>, 3>>, 3>>, 3>>
/\ _FU2 = << [ PC |-> [pc |-> 0, type |-> "empty"],
     currLat |-> 1,
     usage |-> 6,
     baseLat |-> 1 ],
   [ PC |-> [pc |-> 0, type |-> "empty"],
     currLat |-> 1,
     usage |-> 6,
     baseLat |-> 1 ],
   [ PC |-> [pc |-> 0, type |-> "empty"],
     currLat |-> 1,
     usage |-> 3,
     baseLat |-> 1 ] >>
/\ FUTmp = <<<<<<<<1, 2>>, 3>>, 2>>, 2>>
/\ _COM = << [PC |-> [pc |-> 3, type |-> {3}, lat |-> {3}, dep |-> {1}]],
   [PC |-> [pc |-> 4, type |-> {1, 2}, lat |-> {3}, dep |-> {}]] >>
/\ _ID2 = <<[PC |-> [pc |-> 0, type |-> "empty"]], [PC |-> [pc |-> 0, type |-> "empty"]]>>
/\ graph = [ nodes |->
      << [IFacq |-> 1, IFrel |-> 2, FUacq |-> 3, FUrel |-> 6, COM |-> 6],
         [IFacq |-> 1, IFrel |-> 2, FUacq |-> 3, FUrel |-> 5, COM |-> 6],
         [IFacq |-> 2, IFrel |-> 3, FUacq |-> 6, FUrel |-> 9, COM |-> 0],
         [IFacq |-> 2, IFrel |-> 3, FUacq |-> 5, FUrel |-> 8, COM |-> 0],
         [IFacq |-> 3, IFrel |-> 4, FUacq |-> 8, FUrel |-> 0, COM |-> 0] >>,
  edges |->
      { [type |-> "D", source |-> 1, dest |-> 3],
        [type |-> "RS", source |-> 1, dest |-> 4],
        [type |-> "RS", source |-> 2, dest |-> 4],
        [type |-> "RS", source |-> 4, dest |-> 5] } ]
/\ currCycle2 = 9
/\ FU2 = <<1, 2, 3, 1, 2>>
/\ _IF2 = << [PC |-> [pc |-> 0, type |-> "empty"], currLat |-> 1, baseLat |-> 1],
   [PC |-> [pc |-> 0, type |-> "empty"], currLat |-> 1, baseLat |-> 1] >>
/\ iMissTmp2 = <<<<<<<<FALSE, FALSE>>, FALSE>>, FALSE>>, FALSE>>
/\ iMiss = <<FALSE, FALSE, FALSE, FALSE, FALSE>>
/\ graph2 = [ nodes |->
      << [IFacq |-> 1, IFrel |-> 2, FUacq |-> 3, FUrel |-> 6, COM |-> 6],
         [IFacq |-> 1, IFrel |-> 2, FUacq |-> 3, FUrel |-> 6, COM |-> 6],
         [IFacq |-> 2, IFrel |-> 3, FUacq |-> 6, FUrel |-> 9, COM |-> 0],
         [IFacq |-> 2, IFrel |-> 3, FUacq |-> 6, FUrel |-> 9, COM |-> 0],
         [IFacq |-> 3, IFrel |-> 4, FUacq |-> 6, FUrel |-> 9, COM |-> 0] >>,
  edges |->
      { [type |-> "D", source |-> 1, dest |-> 3],
        [type |-> "RS", source |-> 1, dest |-> 4],
        [type |-> "RS", source |-> 2, dest |-> 4],
        [type |-> "RS", source |-> 2, dest |-> 5],
        [type |-> "ROB", source |-> 4, dest |-> 5] } ]
/\ _RS = <<{}, {}, {}>>
/\ commonPre = FALSE
/\ currCycle = 9
/\ iMissTmp = <<<<<<<<FALSE, FALSE>>, FALSE>>, FALSE>>, FALSE>>
/\ FULat = <<3, 2, 3, 3, 3>>
/\ FUTmp2 = <<<<<<<<1, 2>>, 3>>, 1>>, 2>>
/\ prog = [ rest |-> <<>>,
  exec |->
      << [ PC |-> [pc |-> 1, type |-> {1}, lat |-> {3}, dep |-> {}],
           done |-> TRUE,
           comTime |-> 6,
           executed |-> TRUE,
           exStartTime |-> 2 ],
         [ PC |-> [pc |-> 2, type |-> {2}, lat |-> {2, 3}, dep |-> {}],
           done |-> TRUE,
           comTime |-> 6,
           executed |-> TRUE,
           exStartTime |-> 2 ],
         [ PC |-> [pc |-> 3, type |-> {3}, lat |-> {3}, dep |-> {1}],
           done |-> FALSE,
           comTime |-> 0,
           executed |-> TRUE,
           exStartTime |-> 5 ],
         [ PC |-> [pc |-> 4, type |-> {1, 2}, lat |-> {3}, dep |-> {}],
           done |-> FALSE,
           comTime |-> 0,
           executed |-> TRUE,
           exStartTime |-> 4 ],
         [ PC |-> [pc |-> 5, type |-> {2}, lat |-> {3}, dep |-> {}],
           done |-> FALSE,
           comTime |-> 0,
           executed |-> FALSE,
           exStartTime |-> 7 ] >> ]
/\ depProg = <<>>
/\ FUTmpLat2 = <<<<<<<<3, 3>>, 3>>, 3>>, 3>>
/\ depProgTmp = <<>>
/\ prog2 = [ rest |-> <<>>,
  exec |->
      << [ PC |-> [pc |-> 1, type |-> {1}, lat |-> {3}, dep |-> {}],
           done |-> TRUE,
           comTime |-> 6,
           executed |-> TRUE,
           exStartTime |-> 2 ],
         [ PC |-> [pc |-> 2, type |-> {2}, lat |-> {2, 3}, dep |-> {}],
           done |-> TRUE,
           comTime |-> 6,
           executed |-> TRUE,
           exStartTime |-> 2 ],
         [ PC |-> [pc |-> 3, type |-> {3}, lat |-> {3}, dep |-> {1}],
           done |-> FALSE,
           comTime |-> 0,
           executed |-> TRUE,
           exStartTime |-> 5 ],
         [ PC |-> [pc |-> 4, type |-> {1, 2}, lat |-> {3}, dep |-> {}],
           done |-> FALSE,
           comTime |-> 0,
           executed |-> TRUE,
           exStartTime |-> 5 ],
         [ PC |-> [pc |-> 5, type |-> {2}, lat |-> {3}, dep |-> {}],
           done |-> FALSE,
           comTime |-> 0,
           executed |-> TRUE,
           exStartTime |-> 5 ] >> ]
/\ FU = <<1, 2, 3, 2, 2>>
/\ _FU = << [ PC |-> [pc |-> 0, type |-> "empty"],
     currLat |-> 1,
     usage |-> 3,
     baseLat |-> 1 ],
   [ PC |-> [pc |-> 5, type |-> {2}, lat |-> {3}, dep |-> {}],
     currLat |-> 2,
     usage |-> 7,
     baseLat |-> 3 ],
   [ PC |-> [pc |-> 0, type |-> "empty"],
     currLat |-> 1,
     usage |-> 3,
     baseLat |-> 1 ] >>

@!@!@ENDMSG 2217 @!@!@
@!@!@STARTMSG 2217:4 @!@!@
11: <Next line 87, col 9 to line 112, col 103 of module pipeline_ooo>
/\ FULat2 = <<3, 3, 3, 3, 3>>
/\ iMiss2 = <<FALSE, FALSE, FALSE, FALSE, FALSE>>
/\ _RS2 = <<{}, {}, {}>>
/\ locWorst = <<FALSE, TRUE>>
/\ _COM2 = << [PC |-> [pc |-> 5, type |-> {2}, lat |-> {3}, dep |-> {}]],
   [PC |-> [pc |-> 0, type |-> "empty"]] >>
/\ _ID = <<[PC |-> [pc |-> 0, type |-> "empty"]], [PC |-> [pc |-> 0, type |-> "empty"]]>>
/\ _IF = << [PC |-> [pc |-> 0, type |-> "empty"], currLat |-> 1, baseLat |-> 1],
   [PC |-> [pc |-> 0, type |-> "empty"], currLat |-> 1, baseLat |-> 1] >>
/\ FUTmpLat = <<<<<<<<3, 2>>, 3>>, 3>>, 3>>
/\ _FU2 = << [ PC |-> [pc |-> 0, type |-> "empty"],
     currLat |-> 1,
     usage |-> 6,
     baseLat |-> 1 ],
   [ PC |-> [pc |-> 0, type |-> "empty"],
     currLat |-> 1,
     usage |-> 6,
     baseLat |-> 1 ],
   [ PC |-> [pc |-> 0, type |-> "empty"],
     currLat |-> 1,
     usage |-> 3,
     baseLat |-> 1 ] >>
/\ FUTmp = <<<<<<<<1, 2>>, 3>>, 2>>, 2>>
/\ _COM = <<[PC |-> [pc |-> 0, type |-> "empty"]], [PC |-> [pc |-> 0, type |-> "empty"]]>>
/\ _ID2 = <<[PC |-> [pc |-> 0, type |-> "empty"]], [PC |-> [pc |-> 0, type |-> "empty"]]>>
/\ graph = [ nodes |->
      << [IFacq |-> 1, IFrel |-> 2, FUacq |-> 3, FUrel |-> 6, COM |-> 6],
         [IFacq |-> 1, IFrel |-> 2, FUacq |-> 3, FUrel |-> 5, COM |-> 6],
         [IFacq |-> 2, IFrel |-> 3, FUacq |-> 6, FUrel |-> 9, COM |-> 9],
         [IFacq |-> 2, IFrel |-> 3, FUacq |-> 5, FUrel |-> 8, COM |-> 9],
         [IFacq |-> 3, IFrel |-> 4, FUacq |-> 8, FUrel |-> 0, COM |-> 0] >>,
  edges |->
      { [type |-> "D", source |-> 1, dest |-> 3],
        [type |-> "RS", source |-> 1, dest |-> 4],
        [type |-> "RS", source |-> 2, dest |-> 4],
        [type |-> "RS", source |-> 4, dest |-> 5] } ]
/\ currCycle2 = 10
/\ FU2 = <<1, 2, 3, 1, 2>>
/\ _IF2 = << [PC |-> [pc |-> 0, type |-> "empty"], currLat |-> 1, baseLat |-> 1],
   [PC |-> [pc |-> 0, type |-> "empty"], currLat |-> 1, baseLat |-> 1] >>
/\ iMissTmp2 = <<<<<<<<FALSE, FALSE>>, FALSE>>, FALSE>>, FALSE>>
/\ iMiss = <<FALSE, FALSE, FALSE, FALSE, FALSE>>
/\ graph2 = [ nodes |->
      << [IFacq |-> 1, IFrel |-> 2, FUacq |-> 3, FUrel |-> 6, COM |-> 6],
         [IFacq |-> 1, IFrel |-> 2, FUacq |-> 3, FUrel |-> 6, COM |-> 6],
         [IFacq |-> 2, IFrel |-> 3, FUacq |-> 6, FUrel |-> 9, COM |-> 9],
         [IFacq |-> 2, IFrel |-> 3, FUacq |-> 6, FUrel |-> 9, COM |-> 9],
         [IFacq |-> 3, IFrel |-> 4, FUacq |-> 6, FUrel |-> 9, COM |-> 0] >>,
  edges |->
      { [type |-> "D", source |-> 1, dest |-> 3],
        [type |-> "RS", source |-> 1, dest |-> 4],
        [type |-> "RS", source |-> 2, dest |-> 4],
        [type |-> "RS", source |-> 2, dest |-> 5],
        [type |-> "ROB", source |-> 4, dest |-> 5] } ]
/\ _RS = <<{}, {}, {}>>
/\ commonPre = FALSE
/\ currCycle = 10
/\ iMissTmp = <<<<<<<<FALSE, FALSE>>, FALSE>>, FALSE>>, FALSE>>
/\ FULat = <<3, 2, 3, 3, 3>>
/\ FUTmp2 = <<<<<<<<1, 2>>, 3>>, 1>>, 2>>
/\ prog = [ rest |-> <<>>,
  exec |->
      << [ PC |-> [pc |-> 1, type |-> {1}, lat |-> {3}, dep |-> {}],
           done |-> TRUE,
           comTime |-> 6,
           executed |-> TRUE,
           exStartTime |-> 2 ],
         [ PC |-> [pc |-> 2, type |-> {2}, lat |-> {2, 3}, dep |-> {}],
           done |-> TRUE,
           comTime |-> 6,
           executed |-> TRUE,
           exStartTime |-> 2 ],
         [ PC |-> [pc |-> 3, type |-> {3}, lat |-> {3}, dep |-> {1}],
           done |-> TRUE,
           comTime |-> 9,
           executed |-> TRUE,
           exStartTime |-> 5 ],
         [ PC |-> [pc |-> 4, type |-> {1, 2}, lat |-> {3}, dep |-> {}],
           done |-> TRUE,
           comTime |-> 9,
           executed |-> TRUE,
           exStartTime |-> 4 ],
         [ PC |-> [pc |-> 5, type |-> {2}, lat |-> {3}, dep |-> {}],
           done |-> FALSE,
           comTime |-> 0,
           executed |-> FALSE,
           exStartTime |-> 7 ] >> ]
/\ depProg = <<>>
/\ FUTmpLat2 = <<<<<<<<3, 3>>, 3>>, 3>>, 3>>
/\ depProgTmp = <<>>
/\ prog2 = [ rest |-> <<>>,
  exec |->
      << [ PC |-> [pc |-> 1, type |-> {1}, lat |-> {3}, dep |-> {}],
           done |-> TRUE,
           comTime |-> 6,
           executed |-> TRUE,
           exStartTime |-> 2 ],
         [ PC |-> [pc |-> 2, type |-> {2}, lat |-> {2, 3}, dep |-> {}],
           done |-> TRUE,
           comTime |-> 6,
           executed |-> TRUE,
           exStartTime |-> 2 ],
         [ PC |-> [pc |-> 3, type |-> {3}, lat |-> {3}, dep |-> {1}],
           done |-> TRUE,
           comTime |-> 9,
           executed |-> TRUE,
           exStartTime |-> 5 ],
         [ PC |-> [pc |-> 4, type |-> {1, 2}, lat |-> {3}, dep |-> {}],
           done |-> TRUE,
           comTime |-> 9,
           executed |-> TRUE,
           exStartTime |-> 5 ],
         [ PC |-> [pc |-> 5, type |-> {2}, lat |-> {3}, dep |-> {}],
           done |-> FALSE,
           comTime |-> 0,
           executed |-> TRUE,
           exStartTime |-> 5 ] >> ]
/\ FU = <<1, 2, 3, 2, 2>>
/\ _FU = << [ PC |-> [pc |-> 0, type |-> "empty"],
     currLat |-> 1,
     usage |-> 3,
     baseLat |-> 1 ],
   [ PC |-> [pc |-> 5, type |-> {2}, lat |-> {3}, dep |-> {}],
     currLat |-> 3,
     usage |-> 8,
     baseLat |-> 3 ],
   [ PC |-> [pc |-> 0, type |-> "empty"],
     currLat |-> 1,
     usage |-> 3,
     baseLat |-> 1 ] >>

@!@!@ENDMSG 2217 @!@!@
@!@!@STARTMSG 2217:4 @!@!@
12: <Next line 87, col 9 to line 112, col 103 of module pipeline_ooo>
/\ FULat2 = <<3, 3, 3, 3, 3>>
/\ iMiss2 = <<FALSE, FALSE, FALSE, FALSE, FALSE>>
/\ _RS2 = <<{}, {}, {}>>
/\ locWorst = <<FALSE, TRUE>>
/\ _COM2 = <<[PC |-> [pc |-> 0, type |-> "empty"]], [PC |-> [pc |-> 0, type |-> "empty"]]>>
/\ _ID = <<[PC |-> [pc |-> 0, type |-> "empty"]], [PC |-> [pc |-> 0, type |-> "empty"]]>>
/\ _IF = << [PC |-> [pc |-> 0, type |-> "empty"], currLat |-> 1, baseLat |-> 1],
   [PC |-> [pc |-> 0, type |-> "empty"], currLat |-> 1, baseLat |-> 1] >>
/\ FUTmpLat = <<<<<<<<3, 2>>, 3>>, 3>>, 3>>
/\ _FU2 = << [ PC |-> [pc |-> 0, type |-> "empty"],
     currLat |-> 1,
     usage |-> 6,
     baseLat |-> 1 ],
   [ PC |-> [pc |-> 0, type |-> "empty"],
     currLat |-> 1,
     usage |-> 6,
     baseLat |-> 1 ],
   [ PC |-> [pc |-> 0, type |-> "empty"],
     currLat |-> 1,
     usage |-> 3,
     baseLat |-> 1 ] >>
/\ FUTmp = <<<<<<<<1, 2>>, 3>>, 2>>, 2>>
/\ _COM = << [PC |-> [pc |-> 5, type |-> {2}, lat |-> {3}, dep |-> {}]],
   [PC |-> [pc |-> 0, type |-> "empty"]] >>
/\ _ID2 = <<[PC |-> [pc |-> 0, type |-> "empty"]], [PC |-> [pc |-> 0, type |-> "empty"]]>>
/\ graph = [ nodes |->
      << [IFacq |-> 1, IFrel |-> 2, FUacq |-> 3, FUrel |-> 6, COM |-> 6],
         [IFacq |-> 1, IFrel |-> 2, FUacq |-> 3, FUrel |-> 5, COM |-> 6],
         [IFacq |-> 2, IFrel |-> 3, FUacq |-> 6, FUrel |-> 9, COM |-> 9],
         [IFacq |-> 2, IFrel |-> 3, FUacq |-> 5, FUrel |-> 8, COM |-> 9],
         [IFacq |-> 3, IFrel |-> 4, FUacq |-> 8, FUrel |-> 11, COM |-> 0] >>,
  edges |->
      { [type |-> "D", source |-> 1, dest |-> 3],
        [type |-> "RS", source |-> 1, dest |-> 4],
        [type |-> "RS", source |-> 2, dest |-> 4],
        [type |-> "RS", source |-> 4, dest |-> 5] } ]
/\ currCycle2 = 11
/\ FU2 = <<1, 2, 3, 1, 2>>
/\ _IF2 = << [PC |-> [pc |-> 0, type |-> "empty"], currLat |-> 1, baseLat |-> 1],
   [PC |-> [pc |-> 0, type |-> "empty"], currLat |-> 1, baseLat |-> 1] >>
/\ iMissTmp2 = <<<<<<<<FALSE, FALSE>>, FALSE>>, FALSE>>, FALSE>>
/\ iMiss = <<FALSE, FALSE, FALSE, FALSE, FALSE>>
/\ graph2 = [ nodes |->
      << [IFacq |-> 1, IFrel |-> 2, FUacq |-> 3, FUrel |-> 6, COM |-> 6],
         [IFacq |-> 1, IFrel |-> 2, FUacq |-> 3, FUrel |-> 6, COM |-> 6],
         [IFacq |-> 2, IFrel |-> 3, FUacq |-> 6, FUrel |-> 9, COM |-> 9],
         [IFacq |-> 2, IFrel |-> 3, FUacq |-> 6, FUrel |-> 9, COM |-> 9],
         [IFacq |-> 3, IFrel |-> 4, FUacq |-> 6, FUrel |-> 9, COM |-> 10] >>,
  edges |->
      { [type |-> "D", source |-> 1, dest |-> 3],
        [type |-> "RS", source |-> 1, dest |-> 4],
        [type |-> "RS", source |-> 2, dest |-> 4],
        [type |-> "RS", source |-> 2, dest |-> 5],
        [type |-> "ROB", source |-> 4, dest |-> 5] } ]
/\ _RS = <<{}, {}, {}>>
/\ commonPre = FALSE
/\ currCycle = 11
/\ iMissTmp = <<<<<<<<FALSE, FALSE>>, FALSE>>, FALSE>>, FALSE>>
/\ FULat = <<3, 2, 3, 3, 3>>
/\ FUTmp2 = <<<<<<<<1, 2>>, 3>>, 1>>, 2>>
/\ prog = [ rest |-> <<>>,
  exec |->
      << [ PC |-> [pc |-> 1, type |-> {1}, lat |-> {3}, dep |-> {}],
           done |-> TRUE,
           comTime |-> 6,
           executed |-> TRUE,
           exStartTime |-> 2 ],
         [ PC |-> [pc |-> 2, type |-> {2}, lat |-> {2, 3}, dep |-> {}],
           done |-> TRUE,
           comTime |-> 6,
           executed |-> TRUE,
           exStartTime |-> 2 ],
         [ PC |-> [pc |-> 3, type |-> {3}, lat |-> {3}, dep |-> {1}],
           done |-> TRUE,
           comTime |-> 9,
           executed |-> TRUE,
           exStartTime |-> 5 ],
         [ PC |-> [pc |-> 4, type |-> {1, 2}, lat |-> {3}, dep |-> {}],
           done |-> TRUE,
           comTime |-> 9,
           executed |-> TRUE,
           exStartTime |-> 4 ],
         [ PC |-> [pc |-> 5, type |-> {2}, lat |-> {3}, dep |-> {}],
           done |-> FALSE,
           comTime |-> 0,
           executed |-> TRUE,
           exStartTime |-> 7 ] >> ]
/\ depProg = <<>>
/\ FUTmpLat2 = <<<<<<<<3, 3>>, 3>>, 3>>, 3>>
/\ depProgTmp = <<>>
/\ prog2 = [ rest |-> <<>>,
  exec |->
      << [ PC |-> [pc |-> 1, type |-> {1}, lat |-> {3}, dep |-> {}],
           done |-> TRUE,
           comTime |-> 6,
           executed |-> TRUE,
           exStartTime |-> 2 ],
         [ PC |-> [pc |-> 2, type |-> {2}, lat |-> {2, 3}, dep |-> {}],
           done |-> TRUE,
           comTime |-> 6,
           executed |-> TRUE,
           exStartTime |-> 2 ],
         [ PC |-> [pc |-> 3, type |-> {3}, lat |-> {3}, dep |-> {1}],
           done |-> TRUE,
           comTime |-> 9,
           executed |-> TRUE,
           exStartTime |-> 5 ],
         [ PC |-> [pc |-> 4, type |-> {1, 2}, lat |-> {3}, dep |-> {}],
           done |-> TRUE,
           comTime |-> 9,
           executed |-> TRUE,
           exStartTime |-> 5 ],
         [ PC |-> [pc |-> 5, type |-> {2}, lat |-> {3}, dep |-> {}],
           done |-> TRUE,
           comTime |-> 10,
           executed |-> TRUE,
           exStartTime |-> 5 ] >> ]
/\ FU = <<1, 2, 3, 2, 2>>
/\ _FU = << [ PC |-> [pc |-> 0, type |-> "empty"],
     currLat |-> 1,
     usage |-> 3,
     baseLat |-> 1 ],
   [ PC |-> [pc |-> 0, type |-> "empty"],
     currLat |-> 1,
     usage |-> 8,
     baseLat |-> 1 ],
   [ PC |-> [pc |-> 0, type |-> "empty"],
     currLat |-> 1,
     usage |-> 3,
     baseLat |-> 1 ] >>

@!@!@ENDMSG 2217 @!@!@
@!@!@STARTMSG 2217:4 @!@!@
13: <Next line 87, col 9 to line 112, col 103 of module pipeline_ooo>
/\ FULat2 = <<3, 3, 3, 3, 3>>
/\ iMiss2 = <<FALSE, FALSE, FALSE, FALSE, FALSE>>
/\ _RS2 = <<{}, {}, {}>>
/\ locWorst = <<FALSE, TRUE>>
/\ _COM2 = <<[PC |-> [pc |-> 0, type |-> "empty"]], [PC |-> [pc |-> 0, type |-> "empty"]]>>
/\ _ID = <<[PC |-> [pc |-> 0, type |-> "empty"]], [PC |-> [pc |-> 0, type |-> "empty"]]>>
/\ _IF = << [PC |-> [pc |-> 0, type |-> "empty"], currLat |-> 1, baseLat |-> 1],
   [PC |-> [pc |-> 0, type |-> "empty"], currLat |-> 1, baseLat |-> 1] >>
/\ FUTmpLat = <<<<<<<<3, 2>>, 3>>, 3>>, 3>>
/\ _FU2 = << [ PC |-> [pc |-> 0, type |-> "empty"],
     currLat |-> 1,
     usage |-> 6,
     baseLat |-> 1 ],
   [ PC |-> [pc |-> 0, type |-> "empty"],
     currLat |-> 1,
     usage |-> 6,
     baseLat |-> 1 ],
   [ PC |-> [pc |-> 0, type |-> "empty"],
     currLat |-> 1,
     usage |-> 3,
     baseLat |-> 1 ] >>
/\ FUTmp = <<<<<<<<1, 2>>, 3>>, 2>>, 2>>
/\ _COM = <<[PC |-> [pc |-> 0, type |-> "empty"]], [PC |-> [pc |-> 0, type |-> "empty"]]>>
/\ _ID2 = <<[PC |-> [pc |-> 0, type |-> "empty"]], [PC |-> [pc |-> 0, type |-> "empty"]]>>
/\ graph = [ nodes |->
      << [IFacq |-> 1, IFrel |-> 2, FUacq |-> 3, FUrel |-> 6, COM |-> 6],
         [IFacq |-> 1, IFrel |-> 2, FUacq |-> 3, FUrel |-> 5, COM |-> 6],
         [IFacq |-> 2, IFrel |-> 3, FUacq |-> 6, FUrel |-> 9, COM |-> 9],
         [IFacq |-> 2, IFrel |-> 3, FUacq |-> 5, FUrel |-> 8, COM |-> 9],
         [IFacq |-> 3, IFrel |-> 4, FUacq |-> 8, FUrel |-> 11, COM |-> 11] >>,
  edges |->
      { [type |-> "D", source |-> 1, dest |-> 3],
        [type |-> "RS", source |-> 1, dest |-> 4],
        [type |-> "RS", source |-> 2, dest |-> 4],
        [type |-> "RS", source |-> 4, dest |-> 5] } ]
/\ currCycle2 = 11
/\ FU2 = <<1, 2, 3, 1, 2>>
/\ _IF2 = << [PC |-> [pc |-> 0, type |-> "empty"], currLat |-> 1, baseLat |-> 1],
   [PC |-> [pc |-> 0, type |-> "empty"], currLat |-> 1, baseLat |-> 1] >>
/\ iMissTmp2 = <<<<<<<<FALSE, FALSE>>, FALSE>>, FALSE>>, FALSE>>
/\ iMiss = <<FALSE, FALSE, FALSE, FALSE, FALSE>>
/\ graph2 = [ nodes |->
      << [IFacq |-> 1, IFrel |-> 2, FUacq |-> 3, FUrel |-> 6, COM |-> 6],
         [IFacq |-> 1, IFrel |-> 2, FUacq |-> 3, FUrel |-> 6, COM |-> 6],
         [IFacq |-> 2, IFrel |-> 3, FUacq |-> 6, FUrel |-> 9, COM |-> 9],
         [IFacq |-> 2, IFrel |-> 3, FUacq |-> 6, FUrel |-> 9, COM |-> 9],
         [IFacq |-> 3, IFrel |-> 4, FUacq |-> 6, FUrel |-> 9, COM |-> 10] >>,
  edges |->
      { [type |-> "D", source |-> 1, dest |-> 3],
        [type |-> "RS", source |-> 1, dest |-> 4],
        [type |-> "RS", source |-> 2, dest |-> 4],
        [type |-> "RS", source |-> 2, dest |-> 5],
        [type |-> "ROB", source |-> 4, dest |-> 5] } ]
/\ _RS = <<{}, {}, {}>>
/\ commonPre = FALSE
/\ currCycle = 12
/\ iMissTmp = <<<<<<<<FALSE, FALSE>>, FALSE>>, FALSE>>, FALSE>>
/\ FULat = <<3, 2, 3, 3, 3>>
/\ FUTmp2 = <<<<<<<<1, 2>>, 3>>, 1>>, 2>>
/\ prog = [ rest |-> <<>>,
  exec |->
      << [ PC |-> [pc |-> 1, type |-> {1}, lat |-> {3}, dep |-> {}],
           done |-> TRUE,
           comTime |-> 6,
           executed |-> TRUE,
           exStartTime |-> 2 ],
         [ PC |-> [pc |-> 2, type |-> {2}, lat |-> {2, 3}, dep |-> {}],
           done |-> TRUE,
           comTime |-> 6,
           executed |-> TRUE,
           exStartTime |-> 2 ],
         [ PC |-> [pc |-> 3, type |-> {3}, lat |-> {3}, dep |-> {1}],
           done |-> TRUE,
           comTime |-> 9,
           executed |-> TRUE,
           exStartTime |-> 5 ],
         [ PC |-> [pc |-> 4, type |-> {1, 2}, lat |-> {3}, dep |-> {}],
           done |-> TRUE,
           comTime |-> 9,
           executed |-> TRUE,
           exStartTime |-> 4 ],
         [ PC |-> [pc |-> 5, type |-> {2}, lat |-> {3}, dep |-> {}],
           done |-> TRUE,
           comTime |-> 11,
           executed |-> TRUE,
           exStartTime |-> 7 ] >> ]
/\ depProg = <<>>
/\ FUTmpLat2 = <<<<<<<<3, 3>>, 3>>, 3>>, 3>>
/\ depProgTmp = <<>>
/\ prog2 = [ rest |-> <<>>,
  exec |->
      << [ PC |-> [pc |-> 1, type |-> {1}, lat |-> {3}, dep |-> {}],
           done |-> TRUE,
           comTime |-> 6,
           executed |-> TRUE,
           exStartTime |-> 2 ],
         [ PC |-> [pc |-> 2, type |-> {2}, lat |-> {2, 3}, dep |-> {}],
           done |-> TRUE,
           comTime |-> 6,
           executed |-> TRUE,
           exStartTime |-> 2 ],
         [ PC |-> [pc |-> 3, type |-> {3}, lat |-> {3}, dep |-> {1}],
           done |-> TRUE,
           comTime |-> 9,
           executed |-> TRUE,
           exStartTime |-> 5 ],
         [ PC |-> [pc |-> 4, type |-> {1, 2}, lat |-> {3}, dep |-> {}],
           done |-> TRUE,
           comTime |-> 9,
           executed |-> TRUE,
           exStartTime |-> 5 ],
         [ PC |-> [pc |-> 5, type |-> {2}, lat |-> {3}, dep |-> {}],
           done |-> TRUE,
           comTime |-> 10,
           executed |-> TRUE,
           exStartTime |-> 5 ] >> ]
/\ FU = <<1, 2, 3, 2, 2>>
/\ _FU = << [ PC |-> [pc |-> 0, type |-> "empty"],
     currLat |-> 1,
     usage |-> 3,
     baseLat |-> 1 ],
   [ PC |-> [pc |-> 0, type |-> "empty"],
     currLat |-> 1,
     usage |-> 8,
     baseLat |-> 1 ],
   [ PC |-> [pc |-> 0, type |-> "empty"],
     currLat |-> 1,
     usage |-> 3,
     baseLat |-> 1 ] >>

@!@!@ENDMSG 2217 @!@!@
@!@!@STARTMSG 2201:0 @!@!@
The coverage statistics at 2021-06-29 22:33:52
@!@!@ENDMSG 2201 @!@!@
@!@!@STARTMSG 2773:0 @!@!@
<Init line 62, col 1 to line 62, col 4 of module pipeline_ooo>: 32:32
@!@!@ENDMSG 2773 @!@!@
@!@!@STARTMSG 2221:0 @!@!@
  line 62, col 12 to line 64, col 53 of module pipeline_ooo: 2
@!@!@ENDMSG 2221 @!@!@
@!@!@STARTMSG 2221:0 @!@!@
  line 68, col 15 to line 68, col 51 of module pipeline_ooo: 2
@!@!@ENDMSG 2221 @!@!@
@!@!@STARTMSG 2221:0 @!@!@
  line 69, col 12 to line 69, col 23 of module pipeline_ooo: 2
@!@!@ENDMSG 2221 @!@!@
@!@!@STARTMSG 2221:0 @!@!@
  line 11, col 12 to line 11, col 92 of module pipeline_exec_ooo: 2
@!@!@ENDMSG 2221 @!@!@
@!@!@STARTMSG 2221:0 @!@!@
  line 12, col 12 to line 12, col 62 of module pipeline_exec_ooo: 2
@!@!@ENDMSG 2221 @!@!@
@!@!@STARTMSG 2221:0 @!@!@
  line 13, col 12 to line 13, col 43 of module pipeline_exec_ooo: 2
@!@!@ENDMSG 2221 @!@!@
@!@!@STARTMSG 2221:0 @!@!@
  line 14, col 12 to line 14, col 100 of module pipeline_exec_ooo: 2
@!@!@ENDMSG 2221 @!@!@
@!@!@STARTMSG 2221:0 @!@!@
  line 15, col 12 to line 15, col 63 of module pipeline_exec_ooo: 2
@!@!@ENDMSG 2221 @!@!@
@!@!@STARTMSG 2221:0 @!@!@
  line 17, col 20 to line 18, col 123 of module pipeline_exec_ooo: 2
@!@!@ENDMSG 2221 @!@!@
@!@!@STARTMSG 2221:0 @!@!@
  |line 17, col 22 to line 17, col 117 of module pipeline_exec_ooo: 2
@!@!@ENDMSG 2221 @!@!@
@!@!@STARTMSG 2221:0 @!@!@
  |line 18, col 32 to line 18, col 121 of module pipeline_exec_ooo: 2
@!@!@ENDMSG 2221 @!@!@
@!@!@STARTMSG 2775:0 @!@!@
  ||line 18, col 38 to line 18, col 121 of module pipeline_exec_ooo: 2:46
@!@!@ENDMSG 2775 @!@!@
@!@!@STARTMSG 2775:0 @!@!@
  |||line 18, col 40 to line 18, col 94 of module pipeline_exec_ooo: 10:12
@!@!@ENDMSG 2775 @!@!@
@!@!@STARTMSG 2221:0 @!@!@
  |||line 18, col 104 to line 18, col 119 of module pipeline_exec_ooo: 2
@!@!@ENDMSG 2221 @!@!@
@!@!@STARTMSG 2221:0 @!@!@
  line 11, col 12 to line 11, col 92 of module pipeline_exec_ooo: 2
@!@!@ENDMSG 2221 @!@!@
@!@!@STARTMSG 2221:0 @!@!@
  line 12, col 12 to line 12, col 62 of module pipeline_exec_ooo: 2
@!@!@ENDMSG 2221 @!@!@
@!@!@STARTMSG 2221:0 @!@!@
  line 13, col 12 to line 13, col 43 of module pipeline_exec_ooo: 2
@!@!@ENDMSG 2221 @!@!@
@!@!@STARTMSG 2221:0 @!@!@
  line 14, col 12 to line 14, col 100 of module pipeline_exec_ooo: 2
@!@!@ENDMSG 2221 @!@!@
@!@!@STARTMSG 2221:0 @!@!@
  line 15, col 12 to line 15, col 63 of module pipeline_exec_ooo: 2
@!@!@ENDMSG 2221 @!@!@
@!@!@STARTMSG 2221:0 @!@!@
  line 17, col 20 to line 18, col 123 of module pipeline_exec_ooo: 2
@!@!@ENDMSG 2221 @!@!@
@!@!@STARTMSG 2221:0 @!@!@
  |line 17, col 22 to line 17, col 117 of module pipeline_exec_ooo: 2
@!@!@ENDMSG 2221 @!@!@
@!@!@STARTMSG 2221:0 @!@!@
  |line 18, col 32 to line 18, col 121 of module pipeline_exec_ooo: 2
@!@!@ENDMSG 2221 @!@!@
@!@!@STARTMSG 2775:0 @!@!@
  ||line 18, col 38 to line 18, col 121 of module pipeline_exec_ooo: 2:46
@!@!@ENDMSG 2775 @!@!@
@!@!@STARTMSG 2775:0 @!@!@
  |||line 18, col 40 to line 18, col 94 of module pipeline_exec_ooo: 10:12
@!@!@ENDMSG 2775 @!@!@
@!@!@STARTMSG 2221:0 @!@!@
  |||line 18, col 104 to line 18, col 119 of module pipeline_exec_ooo: 2
@!@!@ENDMSG 2221 @!@!@
@!@!@STARTMSG 2221:0 @!@!@
  line 72, col 12 to line 72, col 27 of module pipeline_ooo: 2
@!@!@ENDMSG 2221 @!@!@
@!@!@STARTMSG 2221:0 @!@!@
  line 73, col 12 to line 73, col 46 of module pipeline_ooo: 2
@!@!@ENDMSG 2221 @!@!@
@!@!@STARTMSG 2221:0 @!@!@
  line 74, col 25 to line 74, col 47 of module pipeline_ooo: 2
@!@!@ENDMSG 2221 @!@!@
@!@!@STARTMSG 2221:0 @!@!@
  |line 42, col 24 to line 42, col 77 of module pipeline_ooo: 10
@!@!@ENDMSG 2221 @!@!@
@!@!@STARTMSG 2221:0 @!@!@
  ||line 42, col 27 to line 42, col 31 of module pipeline_ooo: 10
@!@!@ENDMSG 2221 @!@!@
@!@!@STARTMSG 2221:0 @!@!@
  ||line 42, col 38 to line 42, col 43 of module pipeline_ooo: 2
@!@!@ENDMSG 2221 @!@!@
@!@!@STARTMSG 2221:0 @!@!@
  |||line 31, col 12 to line 35, col 25 of module pipeline_ooo: 10
@!@!@ENDMSG 2221 @!@!@
@!@!@STARTMSG 2775:0 @!@!@
  ||line 42, col 50 to line 42, col 77 of module pipeline_ooo: 8:16
@!@!@ENDMSG 2775 @!@!@
@!@!@STARTMSG 2221:0 @!@!@
  |||line 42, col 50 to line 42, col 67 of module pipeline_ooo: 8
@!@!@ENDMSG 2221 @!@!@
@!@!@STARTMSG 2221:0 @!@!@
  |||line 42, col 72 to line 42, col 77 of module pipeline_ooo: 8
@!@!@ENDMSG 2221 @!@!@
@!@!@STARTMSG 2221:0 @!@!@
  ||||line 31, col 12 to line 35, col 25 of module pipeline_ooo: 10
@!@!@ENDMSG 2221 @!@!@
@!@!@STARTMSG 2221:0 @!@!@
  |line 74, col 40 to line 74, col 46 of module pipeline_ooo: 2
@!@!@ENDMSG 2221 @!@!@
@!@!@STARTMSG 2221:0 @!@!@
  line 75, col 20 to line 75, col 47 of module pipeline_ooo: 2
@!@!@ENDMSG 2221 @!@!@
@!@!@STARTMSG 2221:0 @!@!@
  |line 43, col 19 to line 43, col 92 of module pipeline_ooo: 8
@!@!@ENDMSG 2221 @!@!@
@!@!@STARTMSG 2221:0 @!@!@
  ||line 43, col 22 to line 43, col 26 of module pipeline_ooo: 8
@!@!@ENDMSG 2221 @!@!@
@!@!@STARTMSG 2221:0 @!@!@
  ||line 43, col 33 to line 43, col 50 of module pipeline_ooo: 2
@!@!@ENDMSG 2221 @!@!@
@!@!@STARTMSG 2221:0 @!@!@
  ||line 43, col 57 to line 43, col 92 of module pipeline_ooo: 6
@!@!@ENDMSG 2221 @!@!@
@!@!@STARTMSG 2221:0 @!@!@
  |line 75, col 28 to line 75, col 35 of module pipeline_ooo: 4
@!@!@ENDMSG 2221 @!@!@
@!@!@STARTMSG 2221:0 @!@!@
  |line 75, col 38 to line 75, col 46 of module pipeline_ooo: 2
@!@!@ENDMSG 2221 @!@!@
@!@!@STARTMSG 2221:0 @!@!@
  line 76, col 22 to line 76, col 45 of module pipeline_ooo: 2
@!@!@ENDMSG 2221 @!@!@
@!@!@STARTMSG 2221:0 @!@!@
  |line 42, col 24 to line 42, col 77 of module pipeline_ooo: 10
@!@!@ENDMSG 2221 @!@!@
@!@!@STARTMSG 2221:0 @!@!@
  ||line 42, col 27 to line 42, col 31 of module pipeline_ooo: 10
@!@!@ENDMSG 2221 @!@!@
@!@!@STARTMSG 2221:0 @!@!@
  ||line 42, col 38 to line 42, col 43 of module pipeline_ooo: 2
@!@!@ENDMSG 2221 @!@!@
@!@!@STARTMSG 2221:0 @!@!@
  |||line 36, col 13 to line 36, col 29 of module pipeline_ooo: 10
@!@!@ENDMSG 2221 @!@!@
@!@!@STARTMSG 2775:0 @!@!@
  ||line 42, col 50 to line 42, col 77 of module pipeline_ooo: 8:24
@!@!@ENDMSG 2775 @!@!@
@!@!@STARTMSG 2221:0 @!@!@
  |||line 42, col 50 to line 42, col 67 of module pipeline_ooo: 8
@!@!@ENDMSG 2221 @!@!@
@!@!@STARTMSG 2221:0 @!@!@
  |||line 42, col 72 to line 42, col 77 of module pipeline_ooo: 8
@!@!@ENDMSG 2221 @!@!@
@!@!@STARTMSG 2221:0 @!@!@
  ||||line 42, col 76 to line 42, col 76 of module pipeline_ooo: 8
@!@!@ENDMSG 2221 @!@!@
@!@!@STARTMSG 2221:0 @!@!@
  ||||line 36, col 13 to line 36, col 29 of module pipeline_ooo: 10
@!@!@ENDMSG 2221 @!@!@
@!@!@STARTMSG 2221:0 @!@!@
  |line 76, col 38 to line 76, col 44 of module pipeline_ooo: 2
@!@!@ENDMSG 2221 @!@!@
@!@!@STARTMSG 2221:0 @!@!@
  line 77, col 17 to line 77, col 41 of module pipeline_ooo: 4
@!@!@ENDMSG 2221 @!@!@
@!@!@STARTMSG 2221:0 @!@!@
  |line 43, col 19 to line 43, col 92 of module pipeline_ooo: 16
@!@!@ENDMSG 2221 @!@!@
@!@!@STARTMSG 2221:0 @!@!@
  ||line 43, col 22 to line 43, col 26 of module pipeline_ooo: 16
@!@!@ENDMSG 2221 @!@!@
@!@!@STARTMSG 2221:0 @!@!@
  ||line 43, col 33 to line 43, col 50 of module pipeline_ooo: 4
@!@!@ENDMSG 2221 @!@!@
@!@!@STARTMSG 2221:0 @!@!@
  ||line 43, col 57 to line 43, col 92 of module pipeline_ooo: 12
@!@!@ENDMSG 2221 @!@!@
@!@!@STARTMSG 2221:0 @!@!@
  |line 77, col 25 to line 77, col 29 of module pipeline_ooo: 8
@!@!@ENDMSG 2221 @!@!@
@!@!@STARTMSG 2221:0 @!@!@
  |line 77, col 32 to line 77, col 40 of module pipeline_ooo: 4
@!@!@ENDMSG 2221 @!@!@
@!@!@STARTMSG 2221:0 @!@!@
  line 78, col 25 to line 78, col 51 of module pipeline_ooo: 4
@!@!@ENDMSG 2221 @!@!@
@!@!@STARTMSG 2221:0 @!@!@
  |line 42, col 24 to line 42, col 77 of module pipeline_ooo: 20
@!@!@ENDMSG 2221 @!@!@
@!@!@STARTMSG 2221:0 @!@!@
  ||line 42, col 27 to line 42, col 31 of module pipeline_ooo: 20
@!@!@ENDMSG 2221 @!@!@
@!@!@STARTMSG 2221:0 @!@!@
  ||line 42, col 38 to line 42, col 43 of module pipeline_ooo: 4
@!@!@ENDMSG 2221 @!@!@
@!@!@STARTMSG 2221:0 @!@!@
  |||line 37, col 16 to line 37, col 31 of module pipeline_ooo: 20
@!@!@ENDMSG 2221 @!@!@
@!@!@STARTMSG 2775:0 @!@!@
  ||line 42, col 50 to line 42, col 77 of module pipeline_ooo: 16:64
@!@!@ENDMSG 2775 @!@!@
@!@!@STARTMSG 2221:0 @!@!@
  |||line 42, col 50 to line 42, col 67 of module pipeline_ooo: 16
@!@!@ENDMSG 2221 @!@!@
@!@!@STARTMSG 2221:0 @!@!@
  |||line 42, col 72 to line 42, col 77 of module pipeline_ooo: 16
@!@!@ENDMSG 2221 @!@!@
@!@!@STARTMSG 2221:0 @!@!@
  ||||line 42, col 76 to line 42, col 76 of module pipeline_ooo: 16
@!@!@ENDMSG 2221 @!@!@
@!@!@STARTMSG 2221:0 @!@!@
  ||||line 37, col 16 to line 37, col 31 of module pipeline_ooo: 20
@!@!@ENDMSG 2221 @!@!@
@!@!@STARTMSG 2221:0 @!@!@
  |line 78, col 44 to line 78, col 50 of module pipeline_ooo: 4
@!@!@ENDMSG 2221 @!@!@
@!@!@STARTMSG 2221:0 @!@!@
  line 79, col 20 to line 79, col 47 of module pipeline_ooo: 8
@!@!@ENDMSG 2221 @!@!@
@!@!@STARTMSG 2221:0 @!@!@
  |line 43, col 19 to line 43, col 92 of module pipeline_ooo: 32
@!@!@ENDMSG 2221 @!@!@
@!@!@STARTMSG 2221:0 @!@!@
  ||line 43, col 22 to line 43, col 26 of module pipeline_ooo: 32
@!@!@ENDMSG 2221 @!@!@
@!@!@STARTMSG 2221:0 @!@!@
  ||line 43, col 33 to line 43, col 50 of module pipeline_ooo: 8
@!@!@ENDMSG 2221 @!@!@
@!@!@STARTMSG 2221:0 @!@!@
  ||line 43, col 57 to line 43, col 92 of module pipeline_ooo: 24
@!@!@ENDMSG 2221 @!@!@
@!@!@STARTMSG 2221:0 @!@!@
  |line 79, col 28 to line 79, col 35 of module pipeline_ooo: 16
@!@!@ENDMSG 2221 @!@!@
@!@!@STARTMSG 2221:0 @!@!@
  |line 79, col 38 to line 79, col 46 of module pipeline_ooo: 8
@!@!@ENDMSG 2221 @!@!@
@!@!@STARTMSG 2221:0 @!@!@
  line 80, col 26 to line 80, col 48 of module pipeline_ooo: 8
@!@!@ENDMSG 2221 @!@!@
@!@!@STARTMSG 2221:0 @!@!@
  |line 42, col 24 to line 42, col 77 of module pipeline_ooo: 40
@!@!@ENDMSG 2221 @!@!@
@!@!@STARTMSG 2221:0 @!@!@
  ||line 42, col 27 to line 42, col 31 of module pipeline_ooo: 40
@!@!@ENDMSG 2221 @!@!@
@!@!@STARTMSG 2775:0 @!@!@
  ||line 42, col 38 to line 42, col 43 of module pipeline_ooo: 48:16
@!@!@ENDMSG 2775 @!@!@
@!@!@STARTMSG 2775:0 @!@!@
  ||line 42, col 50 to line 42, col 77 of module pipeline_ooo: 32:64
@!@!@ENDMSG 2775 @!@!@
@!@!@STARTMSG 2221:0 @!@!@
  |||line 42, col 50 to line 42, col 67 of module pipeline_ooo: 32
@!@!@ENDMSG 2221 @!@!@
@!@!@STARTMSG 2775:0 @!@!@
  |||line 42, col 72 to line 42, col 77 of module pipeline_ooo: 192:96
@!@!@ENDMSG 2775 @!@!@
@!@!@STARTMSG 2221:0 @!@!@
  |line 31, col 12 to line 35, col 25 of module pipeline_ooo: 10
@!@!@ENDMSG 2221 @!@!@
@!@!@STARTMSG 2221:0 @!@!@
  |line 80, col 41 to line 80, col 47 of module pipeline_ooo: 8
@!@!@ENDMSG 2221 @!@!@
@!@!@STARTMSG 2221:0 @!@!@
  line 81, col 21 to line 81, col 49 of module pipeline_ooo: 8
@!@!@ENDMSG 2221 @!@!@
@!@!@STARTMSG 2221:0 @!@!@
  |line 43, col 19 to line 43, col 92 of module pipeline_ooo: 32
@!@!@ENDMSG 2221 @!@!@
@!@!@STARTMSG 2221:0 @!@!@
  ||line 43, col 22 to line 43, col 26 of module pipeline_ooo: 32
@!@!@ENDMSG 2221 @!@!@
@!@!@STARTMSG 2221:0 @!@!@
  ||line 43, col 33 to line 43, col 50 of module pipeline_ooo: 8
@!@!@ENDMSG 2221 @!@!@
@!@!@STARTMSG 2221:0 @!@!@
  ||line 43, col 57 to line 43, col 92 of module pipeline_ooo: 24
@!@!@ENDMSG 2221 @!@!@
@!@!@STARTMSG 2221:0 @!@!@
  |line 81, col 29 to line 81, col 37 of module pipeline_ooo: 16
@!@!@ENDMSG 2221 @!@!@
@!@!@STARTMSG 2221:0 @!@!@
  |line 81, col 40 to line 81, col 48 of module pipeline_ooo: 8
@!@!@ENDMSG 2221 @!@!@
@!@!@STARTMSG 2221:0 @!@!@
  line 82, col 23 to line 82, col 46 of module pipeline_ooo: 8
@!@!@ENDMSG 2221 @!@!@
@!@!@STARTMSG 2221:0 @!@!@
  |line 42, col 24 to line 42, col 77 of module pipeline_ooo: 40
@!@!@ENDMSG 2221 @!@!@
@!@!@STARTMSG 2221:0 @!@!@
  ||line 42, col 27 to line 42, col 31 of module pipeline_ooo: 40
@!@!@ENDMSG 2221 @!@!@
@!@!@STARTMSG 2221:0 @!@!@
  ||line 42, col 38 to line 42, col 43 of module pipeline_ooo: 48
@!@!@ENDMSG 2221 @!@!@
@!@!@STARTMSG 2775:0 @!@!@
  ||line 42, col 50 to line 42, col 77 of module pipeline_ooo: 32:96
@!@!@ENDMSG 2775 @!@!@
@!@!@STARTMSG 2221:0 @!@!@
  |||line 42, col 50 to line 42, col 67 of module pipeline_ooo: 32
@!@!@ENDMSG 2221 @!@!@
@!@!@STARTMSG 2221:0 @!@!@
  |||line 42, col 72 to line 42, col 77 of module pipeline_ooo: 192
@!@!@ENDMSG 2221 @!@!@
@!@!@STARTMSG 2221:0 @!@!@
  ||||line 42, col 76 to line 42, col 76 of module pipeline_ooo: 32
@!@!@ENDMSG 2221 @!@!@
@!@!@STARTMSG 2221:0 @!@!@
  |line 36, col 13 to line 36, col 29 of module pipeline_ooo: 10
@!@!@ENDMSG 2221 @!@!@
@!@!@STARTMSG 2221:0 @!@!@
  |line 82, col 39 to line 82, col 45 of module pipeline_ooo: 8
@!@!@ENDMSG 2221 @!@!@
@!@!@STARTMSG 2221:0 @!@!@
  line 83, col 18 to line 83, col 43 of module pipeline_ooo: 16
@!@!@ENDMSG 2221 @!@!@
@!@!@STARTMSG 2221:0 @!@!@
  |line 43, col 19 to line 43, col 92 of module pipeline_ooo: 64
@!@!@ENDMSG 2221 @!@!@
@!@!@STARTMSG 2221:0 @!@!@
  ||line 43, col 22 to line 43, col 26 of module pipeline_ooo: 64
@!@!@ENDMSG 2221 @!@!@
@!@!@STARTMSG 2221:0 @!@!@
  ||line 43, col 33 to line 43, col 50 of module pipeline_ooo: 16
@!@!@ENDMSG 2221 @!@!@
@!@!@STARTMSG 2221:0 @!@!@
  ||line 43, col 57 to line 43, col 92 of module pipeline_ooo: 48
@!@!@ENDMSG 2221 @!@!@
@!@!@STARTMSG 2221:0 @!@!@
  |line 83, col 26 to line 83, col 31 of module pipeline_ooo: 32
@!@!@ENDMSG 2221 @!@!@
@!@!@STARTMSG 2221:0 @!@!@
  |line 83, col 34 to line 83, col 42 of module pipeline_ooo: 16
@!@!@ENDMSG 2221 @!@!@
@!@!@STARTMSG 2221:0 @!@!@
  line 84, col 26 to line 84, col 52 of module pipeline_ooo: 16
@!@!@ENDMSG 2221 @!@!@
@!@!@STARTMSG 2221:0 @!@!@
  |line 42, col 24 to line 42, col 77 of module pipeline_ooo: 80
@!@!@ENDMSG 2221 @!@!@
@!@!@STARTMSG 2221:0 @!@!@
  ||line 42, col 27 to line 42, col 31 of module pipeline_ooo: 80
@!@!@ENDMSG 2221 @!@!@
@!@!@STARTMSG 2221:0 @!@!@
  ||line 42, col 38 to line 42, col 43 of module pipeline_ooo: 96
@!@!@ENDMSG 2221 @!@!@
@!@!@STARTMSG 2775:0 @!@!@
  ||line 42, col 50 to line 42, col 77 of module pipeline_ooo: 64:256
@!@!@ENDMSG 2775 @!@!@
@!@!@STARTMSG 2221:0 @!@!@
  |||line 42, col 50 to line 42, col 67 of module pipeline_ooo: 64
@!@!@ENDMSG 2221 @!@!@
@!@!@STARTMSG 2221:0 @!@!@
  |||line 42, col 72 to line 42, col 77 of module pipeline_ooo: 384
@!@!@ENDMSG 2221 @!@!@
@!@!@STARTMSG 2221:0 @!@!@
  ||||line 42, col 76 to line 42, col 76 of module pipeline_ooo: 64
@!@!@ENDMSG 2221 @!@!@
@!@!@STARTMSG 2221:0 @!@!@
  |line 37, col 16 to line 37, col 31 of module pipeline_ooo: 20
@!@!@ENDMSG 2221 @!@!@
@!@!@STARTMSG 2221:0 @!@!@
  |line 84, col 45 to line 84, col 51 of module pipeline_ooo: 16
@!@!@ENDMSG 2221 @!@!@
@!@!@STARTMSG 2221:0 @!@!@
  line 85, col 12 to line 85, col 49 of module pipeline_ooo: 32
@!@!@ENDMSG 2221 @!@!@
@!@!@STARTMSG 2221:0 @!@!@
  |line 85, col 21 to line 85, col 49 of module pipeline_ooo: 32
@!@!@ENDMSG 2221 @!@!@
@!@!@STARTMSG 2221:0 @!@!@
  ||line 43, col 19 to line 43, col 92 of module pipeline_ooo: 128
@!@!@ENDMSG 2221 @!@!@
@!@!@STARTMSG 2221:0 @!@!@
  |||line 43, col 22 to line 43, col 26 of module pipeline_ooo: 128
@!@!@ENDMSG 2221 @!@!@
@!@!@STARTMSG 2221:0 @!@!@
  |||line 43, col 33 to line 43, col 50 of module pipeline_ooo: 32
@!@!@ENDMSG 2221 @!@!@
@!@!@STARTMSG 2221:0 @!@!@
  |||line 43, col 57 to line 43, col 92 of module pipeline_ooo: 96
@!@!@ENDMSG 2221 @!@!@
@!@!@STARTMSG 2221:0 @!@!@
  ||line 85, col 29 to line 85, col 37 of module pipeline_ooo: 64
@!@!@ENDMSG 2221 @!@!@
@!@!@STARTMSG 2221:0 @!@!@
  ||line 85, col 40 to line 85, col 48 of module pipeline_ooo: 32
@!@!@ENDMSG 2221 @!@!@
@!@!@STARTMSG 2772:0 @!@!@
<Next line 87, col 1 to line 87, col 4 of module pipeline_ooo>: 195:222
@!@!@ENDMSG 2772 @!@!@
@!@!@STARTMSG 2221:0 @!@!@
  line 46, col 1 to line 46, col 35 of module pipeline_ooo: 85
@!@!@ENDMSG 2221 @!@!@
@!@!@STARTMSG 2221:0 @!@!@
  line 46, col 1 to line 46, col 35 of module pipeline_ooo: 2793
@!@!@ENDMSG 2221 @!@!@
@!@!@STARTMSG 2221:0 @!@!@
  line 46, col 1 to line 46, col 35 of module pipeline_ooo: 795
@!@!@ENDMSG 2221 @!@!@
@!@!@STARTMSG 2221:0 @!@!@
  line 46, col 1 to line 46, col 35 of module pipeline_ooo: 24266
@!@!@ENDMSG 2221 @!@!@
@!@!@STARTMSG 2221:0 @!@!@
  line 46, col 1 to line 46, col 35 of module pipeline_ooo: 15400
@!@!@ENDMSG 2221 @!@!@
@!@!@STARTMSG 2221:0 @!@!@
  line 46, col 1 to line 46, col 35 of module pipeline_ooo: 16871
@!@!@ENDMSG 2221 @!@!@
@!@!@STARTMSG 2221:0 @!@!@
  line 46, col 1 to line 46, col 35 of module pipeline_ooo: 14388
@!@!@ENDMSG 2221 @!@!@
@!@!@STARTMSG 2221:0 @!@!@
  line 46, col 1 to line 46, col 35 of module pipeline_ooo: 57502
@!@!@ENDMSG 2221 @!@!@
@!@!@STARTMSG 2221:0 @!@!@
  line 46, col 1 to line 46, col 35 of module pipeline_ooo: 9815
@!@!@ENDMSG 2221 @!@!@
@!@!@STARTMSG 2221:0 @!@!@
  line 46, col 1 to line 46, col 35 of module pipeline_ooo: 85
@!@!@ENDMSG 2221 @!@!@
@!@!@STARTMSG 2221:0 @!@!@
  line 46, col 1 to line 46, col 35 of module pipeline_ooo: 26736
@!@!@ENDMSG 2221 @!@!@
@!@!@STARTMSG 2221:0 @!@!@
  line 46, col 1 to line 46, col 35 of module pipeline_ooo: 5569
@!@!@ENDMSG 2221 @!@!@
@!@!@STARTMSG 2221:0 @!@!@
  line 46, col 1 to line 46, col 35 of module pipeline_ooo: 110661
@!@!@ENDMSG 2221 @!@!@
@!@!@STARTMSG 2221:0 @!@!@
  line 74, col 18 to line 74, col 59 of module pipeline_exec_ooo: 221
@!@!@ENDMSG 2221 @!@!@
@!@!@STARTMSG 2775:0 @!@!@
  |line 74, col 25 to line 74, col 59 of module pipeline_exec_ooo: 222:444
@!@!@ENDMSG 2775 @!@!@
@!@!@STARTMSG 2221:0 @!@!@
  line 78, col 15 to line 78, col 69 of module pipeline_exec_ooo: 221
@!@!@ENDMSG 2221 @!@!@
@!@!@STARTMSG 2775:0 @!@!@
  |line 78, col 22 to line 78, col 69 of module pipeline_exec_ooo: 222:444
@!@!@ENDMSG 2775 @!@!@
@!@!@STARTMSG 2221:0 @!@!@
  line 82, col 15 to line 84, col 59 of module pipeline_exec_ooo: 221
@!@!@ENDMSG 2221 @!@!@
@!@!@STARTMSG 2775:0 @!@!@
  |line 82, col 22 to line 84, col 59 of module pipeline_exec_ooo: 222:666
@!@!@ENDMSG 2775 @!@!@
@!@!@STARTMSG 2221:0 @!@!@
  line 95, col 18 to line 95, col 54 of module pipeline_exec_ooo: 221
@!@!@ENDMSG 2221 @!@!@
@!@!@STARTMSG 2775:0 @!@!@
  |line 95, col 25 to line 95, col 54 of module pipeline_exec_ooo: 222:666
@!@!@ENDMSG 2775 @!@!@
@!@!@STARTMSG 2221:0 @!@!@
  line 111, col 16 to line 111, col 69 of module pipeline_exec_ooo: 221
@!@!@ENDMSG 2221 @!@!@
@!@!@STARTMSG 2775:0 @!@!@
  |line 111, col 24 to line 111, col 69 of module pipeline_exec_ooo: 222:444
@!@!@ENDMSG 2775 @!@!@
@!@!@STARTMSG 2221:0 @!@!@
  line 143, col 20 to line 143, col 61 of module pipeline_exec_ooo: 221
@!@!@ENDMSG 2221 @!@!@
@!@!@STARTMSG 2221:0 @!@!@
  |line 143, col 28 to line 143, col 61 of module pipeline_exec_ooo: 222
@!@!@ENDMSG 2221 @!@!@
@!@!@STARTMSG 2221:0 @!@!@
  ||line 143, col 39 to line 143, col 43 of module pipeline_exec_ooo: 222
@!@!@ENDMSG 2221 @!@!@
@!@!@STARTMSG 2221:0 @!@!@
  |||line 124, col 30 to line 124, col 95 of module pipeline_exec_ooo: 222
@!@!@ENDMSG 2221 @!@!@
@!@!@STARTMSG 2221:0 @!@!@
  ||||line 124, col 33 to line 124, col 42 of module pipeline_exec_ooo: 222
@!@!@ENDMSG 2221 @!@!@
@!@!@STARTMSG 2221:0 @!@!@
  |||||line 124, col 34 to line 124, col 42 of module pipeline_exec_ooo: 222
@!@!@ENDMSG 2221 @!@!@
@!@!@STARTMSG 2221:0 @!@!@
  ||||||line 21, col 14 to line 21, col 67 of module pipeline_exec_ooo: 222
@!@!@ENDMSG 2221 @!@!@
@!@!@STARTMSG 2221:0 @!@!@
  |||||||line 21, col 37 to line 21, col 67 of module pipeline_exec_ooo: 444
@!@!@ENDMSG 2221 @!@!@
@!@!@STARTMSG 2221:0 @!@!@
  |||||||line 21, col 23 to line 21, col 34 of module pipeline_exec_ooo: 222
@!@!@ENDMSG 2221 @!@!@
@!@!@STARTMSG 2221:0 @!@!@
  ||||line 124, col 49 to line 124, col 80 of module pipeline_exec_ooo: 222
@!@!@ENDMSG 2221 @!@!@
@!@!@STARTMSG 2221:0 @!@!@
  |||||line 13, col 21 to line 15, col 49 of module instructions_ooo: 444
@!@!@ENDMSG 2221 @!@!@
@!@!@STARTMSG 2221:0 @!@!@
  ||||||line 13, col 24 to line 13, col 28 of module instructions_ooo: 444
@!@!@ENDMSG 2221 @!@!@
@!@!@STARTMSG 2221:0 @!@!@
  ||||||line 14, col 26 to line 14, col 32 of module instructions_ooo: 222
@!@!@ENDMSG 2221 @!@!@
@!@!@STARTMSG 2221:0 @!@!@
  |||||||line 12, col 36 to line 12, col 72 of module instructions_ooo: 222
@!@!@ENDMSG 2221 @!@!@
@!@!@STARTMSG 2221:0 @!@!@
  ||||||||line 12, col 39 to line 12, col 48 of module instructions_ooo: 222
@!@!@ENDMSG 2221 @!@!@
@!@!@STARTMSG 2221:0 @!@!@
  ||||||||line 12, col 55 to line 12, col 61 of module instructions_ooo: 34
@!@!@ENDMSG 2221 @!@!@
@!@!@STARTMSG 2221:0 @!@!@
  ||||||||line 12, col 68 to line 12, col 72 of module instructions_ooo: 188
@!@!@ENDMSG 2221 @!@!@
@!@!@STARTMSG 2221:0 @!@!@
  |||||||line 14, col 31 to line 14, col 31 of module instructions_ooo: 222
@!@!@ENDMSG 2221 @!@!@
@!@!@STARTMSG 2221:0 @!@!@
  ||||||line 15, col 26 to line 15, col 49 of module instructions_ooo: 222
@!@!@ENDMSG 2221 @!@!@
@!@!@STARTMSG 2221:0 @!@!@
  |||||||line 15, col 37 to line 15, col 43 of module instructions_ooo: 222
@!@!@ENDMSG 2221 @!@!@
@!@!@STARTMSG 2221:0 @!@!@
  ||||||||line 12, col 36 to line 12, col 72 of module instructions_ooo: 222
@!@!@ENDMSG 2221 @!@!@
@!@!@STARTMSG 2221:0 @!@!@
  |||||||||line 12, col 39 to line 12, col 48 of module instructions_ooo: 222
@!@!@ENDMSG 2221 @!@!@
@!@!@STARTMSG 2221:0 @!@!@
  |||||||||line 12, col 55 to line 12, col 61 of module instructions_ooo: 51
@!@!@ENDMSG 2221 @!@!@
@!@!@STARTMSG 2221:0 @!@!@
  |||||||||line 12, col 68 to line 12, col 72 of module instructions_ooo: 171
@!@!@ENDMSG 2221 @!@!@
@!@!@STARTMSG 2221:0 @!@!@
  ||||||||line 15, col 42 to line 15, col 42 of module instructions_ooo: 222
@!@!@ENDMSG 2221 @!@!@
@!@!@STARTMSG 2221:0 @!@!@
  |||||||line 15, col 46 to line 15, col 48 of module instructions_ooo: 222
@!@!@ENDMSG 2221 @!@!@
@!@!@STARTMSG 2221:0 @!@!@
  |||||line 124, col 60 to line 124, col 68 of module pipeline_exec_ooo: 222
@!@!@ENDMSG 2221 @!@!@
@!@!@STARTMSG 2221:0 @!@!@
  |||||line 124, col 71 to line 124, col 79 of module pipeline_exec_ooo: 222
@!@!@ENDMSG 2221 @!@!@
@!@!@STARTMSG 2221:0 @!@!@
  ||line 143, col 55 to line 143, col 59 of module pipeline_exec_ooo: 222
@!@!@ENDMSG 2221 @!@!@
@!@!@STARTMSG 2775:0 @!@!@
  |||line 127, col 30 to line 142, col 30 of module pipeline_exec_ooo: 222:78593
@!@!@ENDMSG 2775 @!@!@
@!@!@STARTMSG 2221:0 @!@!@
  ||||line 127, col 38 to line 127, col 51 of module pipeline_exec_ooo: 222
@!@!@ENDMSG 2221 @!@!@
@!@!@STARTMSG 2221:0 @!@!@
  |||||line 127, col 41 to line 127, col 51 of module pipeline_exec_ooo: 222
@!@!@ENDMSG 2221 @!@!@
@!@!@STARTMSG 2221:0 @!@!@
  ||||||line 127, col 45 to line 127, col 50 of module pipeline_exec_ooo: 222
@!@!@ENDMSG 2221 @!@!@
@!@!@STARTMSG 2221:0 @!@!@
  |||||||line 126, col 31 to line 126, col 83 of module pipeline_exec_ooo: 222
@!@!@ENDMSG 2221 @!@!@
@!@!@STARTMSG 2221:0 @!@!@
  ||||||||line 126, col 34 to line 126, col 43 of module pipeline_exec_ooo: 222
@!@!@ENDMSG 2221 @!@!@
@!@!@STARTMSG 2221:0 @!@!@
  |||||||||line 126, col 35 to line 126, col 43 of module pipeline_exec_ooo: 222
@!@!@ENDMSG 2221 @!@!@
@!@!@STARTMSG 2221:0 @!@!@
  ||||||||||line 21, col 14 to line 21, col 67 of module pipeline_exec_ooo: 222
@!@!@ENDMSG 2221 @!@!@
@!@!@STARTMSG 2221:0 @!@!@
  |||||||||||line 21, col 37 to line 21, col 67 of module pipeline_exec_ooo: 444
@!@!@ENDMSG 2221 @!@!@
@!@!@STARTMSG 2221:0 @!@!@
  |||||||||||line 21, col 23 to line 21, col 34 of module pipeline_exec_ooo: 222
@!@!@ENDMSG 2221 @!@!@
@!@!@STARTMSG 2221:0 @!@!@
  ||||||||line 126, col 50 to line 126, col 68 of module pipeline_exec_ooo: 222
@!@!@ENDMSG 2221 @!@!@
@!@!@STARTMSG 2221:0 @!@!@
  |||||||||line 114, col 16 to line 117, col 99 of module pipeline_exec_ooo: 666
@!@!@ENDMSG 2221 @!@!@
@!@!@STARTMSG 2221:0 @!@!@
  ||||||||||line 114, col 19 to line 114, col 23 of module pipeline_exec_ooo: 666
@!@!@ENDMSG 2221 @!@!@
@!@!@STARTMSG 2221:0 @!@!@
  ||||||||||line 115, col 21 to line 115, col 29 of module pipeline_exec_ooo: 222
@!@!@ENDMSG 2221 @!@!@
@!@!@STARTMSG 2221:0 @!@!@
  ||||||||||line 116, col 21 to line 117, col 99 of module pipeline_exec_ooo: 444
@!@!@ENDMSG 2221 @!@!@
@!@!@STARTMSG 2221:0 @!@!@
  |||||||||||line 17, col 22 to line 17, col 64 of module instructions_ooo: 444
@!@!@ENDMSG 2221 @!@!@
@!@!@STARTMSG 2221:0 @!@!@
  ||||||||||||line 17, col 25 to line 17, col 38 of module instructions_ooo: 444
@!@!@ENDMSG 2221 @!@!@
@!@!@STARTMSG 2221:0 @!@!@
  ||||||||||||line 17, col 45 to line 17, col 57 of module instructions_ooo: 85
@!@!@ENDMSG 2221 @!@!@
@!@!@STARTMSG 2221:0 @!@!@
  ||||||||||||line 17, col 64 to line 17, col 64 of module instructions_ooo: 359
@!@!@ENDMSG 2221 @!@!@
@!@!@STARTMSG 2221:0 @!@!@
  |||||||||||line 116, col 32 to line 116, col 44 of module pipeline_exec_ooo: 444
@!@!@ENDMSG 2221 @!@!@
@!@!@STARTMSG 2221:0 @!@!@
  |||||||||||line 116, col 47 to line 117, col 98 of module pipeline_exec_ooo: 444
@!@!@ENDMSG 2221 @!@!@
@!@!@STARTMSG 2221:0 @!@!@
  ||||||||||||line 116, col 56 to line 116, col 79 of module pipeline_exec_ooo: 444
@!@!@ENDMSG 2221 @!@!@
@!@!@STARTMSG 2221:0 @!@!@
  |||||||||||||line 9, col 21 to line 9, col 56 of module instructions_ooo: 444
@!@!@ENDMSG 2221 @!@!@
@!@!@STARTMSG 2221:0 @!@!@
  ||||||||||||||line 9, col 24 to line 9, col 35 of module instructions_ooo: 444
@!@!@ENDMSG 2221 @!@!@
@!@!@STARTMSG 2221:0 @!@!@
  ||||||||||||||line 9, col 42 to line 9, col 45 of module instructions_ooo: 85
@!@!@ENDMSG 2221 @!@!@
@!@!@STARTMSG 2221:0 @!@!@
  ||||||||||||||line 9, col 52 to line 9, col 56 of module instructions_ooo: 359
@!@!@ENDMSG 2221 @!@!@
@!@!@STARTMSG 2221:0 @!@!@
  |||||||||||||line 116, col 67 to line 116, col 75 of module pipeline_exec_ooo: 444
@!@!@ENDMSG 2221 @!@!@
@!@!@STARTMSG 2221:0 @!@!@
  |||||||||||||line 116, col 78 to line 116, col 78 of module pipeline_exec_ooo: 444
@!@!@ENDMSG 2221 @!@!@
@!@!@STARTMSG 2221:0 @!@!@
  ||||||||||||line 116, col 82 to line 116, col 99 of module pipeline_exec_ooo: 444
@!@!@ENDMSG 2221 @!@!@
@!@!@STARTMSG 2221:0 @!@!@
  ||||||||||||line 117, col 49 to line 117, col 62 of module pipeline_exec_ooo: 444
@!@!@ENDMSG 2221 @!@!@
@!@!@STARTMSG 2221:0 @!@!@
  |||||||||line 126, col 59 to line 126, col 67 of module pipeline_exec_ooo: 222
@!@!@ENDMSG 2221 @!@!@
@!@!@STARTMSG 2221:0 @!@!@
  line 146, col 18 to line 155, col 27 of module pipeline_exec_ooo: 221
@!@!@ENDMSG 2221 @!@!@
@!@!@STARTMSG 2221:0 @!@!@
  |line 146, col 27 to line 155, col 27 of module pipeline_exec_ooo: 222
@!@!@ENDMSG 2221 @!@!@
@!@!@STARTMSG 2221:0 @!@!@
  ||line 146, col 29 to line 146, col 33 of module pipeline_exec_ooo: 222
@!@!@ENDMSG 2221 @!@!@
@!@!@STARTMSG 2221:0 @!@!@
  ||line 147, col 29 to line 152, col 176 of module pipeline_exec_ooo: 222
@!@!@ENDMSG 2221 @!@!@
@!@!@STARTMSG 2221:0 @!@!@
  ||line 153, col 39 to line 154, col 206 of module pipeline_exec_ooo: 222
@!@!@ENDMSG 2221 @!@!@
@!@!@STARTMSG 2775:0 @!@!@
  |||line 153, col 39 to line 153, col 214 of module pipeline_exec_ooo: 222:2659
@!@!@ENDMSG 2775 @!@!@
@!@!@STARTMSG 2221:0 @!@!@
  ||||line 153, col 49 to line 153, col 213 of module pipeline_exec_ooo: 222
@!@!@ENDMSG 2221 @!@!@
@!@!@STARTMSG 2775:0 @!@!@
  |||||line 153, col 56 to line 153, col 212 of module pipeline_exec_ooo: 222:711
@!@!@ENDMSG 2775 @!@!@
@!@!@STARTMSG 2775:0 @!@!@
  ||||||line 153, col 58 to line 153, col 194 of module pipeline_exec_ooo: 666:724
@!@!@ENDMSG 2775 @!@!@
@!@!@STARTMSG 2221:0 @!@!@
  |||||||line 153, col 60 to line 153, col 72 of module pipeline_exec_ooo: 666
@!@!@ENDMSG 2221 @!@!@
@!@!@STARTMSG 2221:0 @!@!@
  |||||||line 153, col 75 to line 153, col 101 of module pipeline_exec_ooo: 666
@!@!@ENDMSG 2221 @!@!@
@!@!@STARTMSG 2775:0 @!@!@
  |||||||line 153, col 111 to line 153, col 193 of module pipeline_exec_ooo: 666:690
@!@!@ENDMSG 2775 @!@!@
@!@!@STARTMSG 2221:0 @!@!@
  ||||||||line 153, col 112 to line 153, col 115 of module pipeline_exec_ooo: 127
@!@!@ENDMSG 2221 @!@!@
@!@!@STARTMSG 2221:0 @!@!@
  ||||||||line 153, col 125 to line 153, col 192 of module pipeline_exec_ooo: 666
@!@!@ENDMSG 2221 @!@!@
@!@!@STARTMSG 2221:0 @!@!@
  |||||||||line 153, col 125 to line 153, col 130 of module pipeline_exec_ooo: 666
@!@!@ENDMSG 2221 @!@!@
@!@!@STARTMSG 2775:0 @!@!@
  |||||||||line 153, col 137 to line 153, col 192 of module pipeline_exec_ooo: 666:793
@!@!@ENDMSG 2775 @!@!@
@!@!@STARTMSG 2221:0 @!@!@
  ||||||||||line 153, col 179 to line 153, col 191 of module pipeline_exec_ooo: 294
@!@!@ENDMSG 2221 @!@!@
@!@!@STARTMSG 2221:0 @!@!@
  ||||||||||line 153, col 145 to line 153, col 175 of module pipeline_exec_ooo: 666
@!@!@ENDMSG 2221 @!@!@
@!@!@STARTMSG 2775:0 @!@!@
  |||||||||||line 153, col 151 to line 153, col 174 of module pipeline_exec_ooo: 666:960
@!@!@ENDMSG 2775 @!@!@
@!@!@STARTMSG 2221:0 @!@!@
  ||||||||||||line 153, col 152 to line 153, col 157 of module pipeline_exec_ooo: 1998
@!@!@ENDMSG 2221 @!@!@
@!@!@STARTMSG 2221:0 @!@!@
  ||||||||||||line 153, col 167 to line 153, col 173 of module pipeline_exec_ooo: 666
@!@!@ENDMSG 2221 @!@!@
@!@!@STARTMSG 2221:0 @!@!@
  ||||||line 153, col 204 to line 153, col 210 of module pipeline_exec_ooo: 222
@!@!@ENDMSG 2221 @!@!@
@!@!@STARTMSG 2775:0 @!@!@
  |||line 154, col 48 to line 154, col 206 of module pipeline_exec_ooo: 222:184
@!@!@ENDMSG 2775 @!@!@
@!@!@STARTMSG 2221:0 @!@!@
  ||||line 154, col 50 to line 154, col 114 of module pipeline_exec_ooo: 8
@!@!@ENDMSG 2221 @!@!@
@!@!@STARTMSG 2221:0 @!@!@
  ||||line 154, col 124 to line 154, col 204 of module pipeline_exec_ooo: 222
@!@!@ENDMSG 2221 @!@!@
@!@!@STARTMSG 2221:0 @!@!@
  |||||line 154, col 124 to line 154, col 164 of module pipeline_exec_ooo: 222
@!@!@ENDMSG 2221 @!@!@
@!@!@STARTMSG 2775:0 @!@!@
  ||||||line 154, col 130 to line 154, col 163 of module pipeline_exec_ooo: 222:230
@!@!@ENDMSG 2775 @!@!@
@!@!@STARTMSG 2221:0 @!@!@
  |||||||line 154, col 131 to line 154, col 139 of module pipeline_exec_ooo: 666
@!@!@ENDMSG 2221 @!@!@
@!@!@STARTMSG 2221:0 @!@!@
  ||||||||line 99, col 15 to line 105, col 72 of module pipeline_exec_ooo: 1554
@!@!@ENDMSG 2221 @!@!@
@!@!@STARTMSG 2221:0 @!@!@
  |||||||||line 99, col 18 to line 99, col 22 of module pipeline_exec_ooo: 1554
@!@!@ENDMSG 2221 @!@!@
@!@!@STARTMSG 2221:0 @!@!@
  |||||||||line 102, col 17 to line 102, col 30 of module pipeline_exec_ooo: 888
@!@!@ENDMSG 2221 @!@!@
@!@!@STARTMSG 2221:0 @!@!@
  ||||||||||line 55, col 43 to line 57, col 42 of module pipeline_exec_ooo: 888
@!@!@ENDMSG 2221 @!@!@
@!@!@STARTMSG 2221:0 @!@!@
  |||||||||||line 56, col 45 to line 56, col 74 of module pipeline_exec_ooo: 3828
@!@!@ENDMSG 2221 @!@!@
@!@!@STARTMSG 2221:0 @!@!@
  ||||||||||||line 56, col 62 to line 56, col 74 of module pipeline_exec_ooo: 5684
@!@!@ENDMSG 2221 @!@!@
@!@!@STARTMSG 2221:0 @!@!@
  ||||||||||||line 56, col 54 to line 56, col 59 of module pipeline_exec_ooo: 3828
@!@!@ENDMSG 2221 @!@!@
@!@!@STARTMSG 2221:0 @!@!@
  |||||||||||line 55, col 51 to line 55, col 67 of module pipeline_exec_ooo: 888
@!@!@ENDMSG 2221 @!@!@
@!@!@STARTMSG 2221:0 @!@!@
  ||||||||||line 58, col 23 to line 58, col 62 of module pipeline_exec_ooo: 888
@!@!@ENDMSG 2221 @!@!@
@!@!@STARTMSG 2221:0 @!@!@
  |||||||||||line 58, col 24 to line 58, col 51 of module pipeline_exec_ooo: 888
@!@!@ENDMSG 2221 @!@!@
@!@!@STARTMSG 2221:0 @!@!@
  ||||||||||||line 58, col 24 to line 58, col 27 of module pipeline_exec_ooo: 888
@!@!@ENDMSG 2221 @!@!@
@!@!@STARTMSG 2221:0 @!@!@
  |||||||||||||line 25, col 9 to line 26, col 102 of module pipeline_exec_ooo: 888
@!@!@ENDMSG 2221 @!@!@
@!@!@STARTMSG 2221:0 @!@!@
  ||||||||||||||line 25, col 36 to line 26, col 100 of module pipeline_exec_ooo: 3828
@!@!@ENDMSG 2221 @!@!@
@!@!@STARTMSG 2221:0 @!@!@
  |||||||||||||||line 25, col 39 to line 25, col 59 of module pipeline_exec_ooo: 3828
@!@!@ENDMSG 2221 @!@!@
@!@!@STARTMSG 2221:0 @!@!@
  |||||||||||||||line 26, col 39 to line 26, col 100 of module pipeline_exec_ooo: 2056
@!@!@ENDMSG 2221 @!@!@
@!@!@STARTMSG 2221:0 @!@!@
  ||||||||||||||||line 26, col 57 to line 26, col 100 of module pipeline_exec_ooo: 5796
@!@!@ENDMSG 2221 @!@!@
@!@!@STARTMSG 2221:0 @!@!@
  |||||||||||||||||line 26, col 57 to line 26, col 83 of module pipeline_exec_ooo: 5796
@!@!@ENDMSG 2221 @!@!@
@!@!@STARTMSG 2221:0 @!@!@
  |||||||||||||||||line 26, col 88 to line 26, col 100 of module pipeline_exec_ooo: 984
@!@!@ENDMSG 2221 @!@!@
@!@!@STARTMSG 2221:0 @!@!@
  ||||||||||||||||line 26, col 48 to line 26, col 54 of module pipeline_exec_ooo: 2056
@!@!@ENDMSG 2221 @!@!@
@!@!@STARTMSG 2221:0 @!@!@
  ||||||||||||||line 25, col 17 to line 25, col 33 of module pipeline_exec_ooo: 888
@!@!@ENDMSG 2221 @!@!@
@!@!@STARTMSG 2221:0 @!@!@
  ||||||||||||line 58, col 40 to line 58, col 51 of module pipeline_exec_ooo: 888
@!@!@ENDMSG 2221 @!@!@
@!@!@STARTMSG 2221:0 @!@!@
  |||||||||||line 58, col 56 to line 58, col 62 of module pipeline_exec_ooo: 888
@!@!@ENDMSG 2221 @!@!@
@!@!@STARTMSG 2221:0 @!@!@
  ||||||||||line 102, col 26 to line 102, col 29 of module pipeline_exec_ooo: 888
@!@!@ENDMSG 2221 @!@!@
@!@!@STARTMSG 2221:0 @!@!@
  |||||||||||line 28, col 9 to line 29, col 91 of module pipeline_exec_ooo: 888
@!@!@ENDMSG 2221 @!@!@
@!@!@STARTMSG 2221:0 @!@!@
  ||||||||||||line 28, col 36 to line 29, col 89 of module pipeline_exec_ooo: 3828
@!@!@ENDMSG 2221 @!@!@
@!@!@STARTMSG 2221:0 @!@!@
  |||||||||||||line 28, col 39 to line 28, col 55 of module pipeline_exec_ooo: 3828
@!@!@ENDMSG 2221 @!@!@
@!@!@STARTMSG 2221:0 @!@!@
  |||||||||||||line 29, col 39 to line 29, col 89 of module pipeline_exec_ooo: 2500
@!@!@ENDMSG 2221 @!@!@
@!@!@STARTMSG 2221:0 @!@!@
  ||||||||||||||line 29, col 62 to line 29, col 89 of module pipeline_exec_ooo: 4796
@!@!@ENDMSG 2221 @!@!@
@!@!@STARTMSG 2221:0 @!@!@
  ||||||||||||||line 29, col 48 to line 29, col 59 of module pipeline_exec_ooo: 2500
@!@!@ENDMSG 2221 @!@!@
@!@!@STARTMSG 2221:0 @!@!@
  ||||||||||||line 28, col 17 to line 28, col 33 of module pipeline_exec_ooo: 888
@!@!@ENDMSG 2221 @!@!@
@!@!@STARTMSG 2221:0 @!@!@
  |||||||||line 105, col 17 to line 105, col 72 of module pipeline_exec_ooo: 666
@!@!@ENDMSG 2221 @!@!@
@!@!@STARTMSG 2221:0 @!@!@
  ||||||||||line 55, col 43 to line 57, col 42 of module pipeline_exec_ooo: 666
@!@!@ENDMSG 2221 @!@!@
@!@!@STARTMSG 2221:0 @!@!@
  |||||||||||line 56, col 45 to line 56, col 74 of module pipeline_exec_ooo: 2871
@!@!@ENDMSG 2221 @!@!@
@!@!@STARTMSG 2221:0 @!@!@
  ||||||||||||line 56, col 62 to line 56, col 74 of module pipeline_exec_ooo: 4501
@!@!@ENDMSG 2221 @!@!@
@!@!@STARTMSG 2221:0 @!@!@
  ||||||||||||line 56, col 54 to line 56, col 59 of module pipeline_exec_ooo: 2871
@!@!@ENDMSG 2221 @!@!@
@!@!@STARTMSG 2221:0 @!@!@
  |||||||||||line 55, col 51 to line 55, col 67 of module pipeline_exec_ooo: 666
@!@!@ENDMSG 2221 @!@!@
@!@!@STARTMSG 2221:0 @!@!@
  ||||||||||line 58, col 23 to line 58, col 62 of module pipeline_exec_ooo: 666
@!@!@ENDMSG 2221 @!@!@
@!@!@STARTMSG 2221:0 @!@!@
  |||||||||||line 58, col 24 to line 58, col 51 of module pipeline_exec_ooo: 666
@!@!@ENDMSG 2221 @!@!@
@!@!@STARTMSG 2221:0 @!@!@
  ||||||||||||line 58, col 24 to line 58, col 27 of module pipeline_exec_ooo: 666
@!@!@ENDMSG 2221 @!@!@
@!@!@STARTMSG 2221:0 @!@!@
  |||||||||||||line 25, col 9 to line 26, col 102 of module pipeline_exec_ooo: 666
@!@!@ENDMSG 2221 @!@!@
@!@!@STARTMSG 2221:0 @!@!@
  ||||||||||||||line 25, col 36 to line 26, col 100 of module pipeline_exec_ooo: 2871
@!@!@ENDMSG 2221 @!@!@
@!@!@STARTMSG 2221:0 @!@!@
  |||||||||||||||line 25, col 39 to line 25, col 59 of module pipeline_exec_ooo: 2871
@!@!@ENDMSG 2221 @!@!@
@!@!@STARTMSG 2221:0 @!@!@
  |||||||||||||||line 26, col 39 to line 26, col 100 of module pipeline_exec_ooo: 1542
@!@!@ENDMSG 2221 @!@!@
@!@!@STARTMSG 2221:0 @!@!@
  ||||||||||||||||line 26, col 57 to line 26, col 100 of module pipeline_exec_ooo: 4347
@!@!@ENDMSG 2221 @!@!@
@!@!@STARTMSG 2221:0 @!@!@
  |||||||||||||||||line 26, col 57 to line 26, col 83 of module pipeline_exec_ooo: 4347
@!@!@ENDMSG 2221 @!@!@
@!@!@STARTMSG 2221:0 @!@!@
  |||||||||||||||||line 26, col 88 to line 26, col 100 of module pipeline_exec_ooo: 738
@!@!@ENDMSG 2221 @!@!@
@!@!@STARTMSG 2221:0 @!@!@
  ||||||||||||||||line 26, col 48 to line 26, col 54 of module pipeline_exec_ooo: 1542
@!@!@ENDMSG 2221 @!@!@
@!@!@STARTMSG 2221:0 @!@!@
  ||||||||||||||line 25, col 17 to line 25, col 33 of module pipeline_exec_ooo: 666
@!@!@ENDMSG 2221 @!@!@
@!@!@STARTMSG 2221:0 @!@!@
  ||||||||||||line 58, col 40 to line 58, col 51 of module pipeline_exec_ooo: 666
@!@!@ENDMSG 2221 @!@!@
@!@!@STARTMSG 2221:0 @!@!@
  |||||||||||line 58, col 56 to line 58, col 62 of module pipeline_exec_ooo: 666
@!@!@ENDMSG 2221 @!@!@
@!@!@STARTMSG 2221:0 @!@!@
  ||||||||||line 105, col 26 to line 105, col 71 of module pipeline_exec_ooo: 666
@!@!@ENDMSG 2221 @!@!@
@!@!@STARTMSG 2221:0 @!@!@
  |||||||||||line 105, col 26 to line 105, col 29 of module pipeline_exec_ooo: 666
@!@!@ENDMSG 2221 @!@!@
@!@!@STARTMSG 2221:0 @!@!@
  ||||||||||||line 28, col 9 to line 29, col 91 of module pipeline_exec_ooo: 666
@!@!@ENDMSG 2221 @!@!@
@!@!@STARTMSG 2221:0 @!@!@
  |||||||||||||line 28, col 36 to line 29, col 89 of module pipeline_exec_ooo: 2871
@!@!@ENDMSG 2221 @!@!@
@!@!@STARTMSG 2221:0 @!@!@
  ||||||||||||||line 28, col 39 to line 28, col 55 of module pipeline_exec_ooo: 2871
@!@!@ENDMSG 2221 @!@!@
@!@!@STARTMSG 2221:0 @!@!@
  ||||||||||||||line 29, col 39 to line 29, col 89 of module pipeline_exec_ooo: 1875
@!@!@ENDMSG 2221 @!@!@
@!@!@STARTMSG 2221:0 @!@!@
  |||||||||||||||line 29, col 62 to line 29, col 89 of module pipeline_exec_ooo: 3597
@!@!@ENDMSG 2221 @!@!@
@!@!@STARTMSG 2221:0 @!@!@
  |||||||||||||||line 29, col 48 to line 29, col 59 of module pipeline_exec_ooo: 1875
@!@!@ENDMSG 2221 @!@!@
@!@!@STARTMSG 2221:0 @!@!@
  |||||||||||||line 28, col 17 to line 28, col 33 of module pipeline_exec_ooo: 666
@!@!@ENDMSG 2221 @!@!@
@!@!@STARTMSG 2221:0 @!@!@
  |||||||||||line 105, col 38 to line 105, col 71 of module pipeline_exec_ooo: 666
@!@!@ENDMSG 2221 @!@!@
@!@!@STARTMSG 2775:0 @!@!@
  ||||||||||||line 105, col 44 to line 105, col 70 of module pipeline_exec_ooo: 666:479
@!@!@ENDMSG 2775 @!@!@
@!@!@STARTMSG 2221:0 @!@!@
  |||||||||||||line 105, col 46 to line 105, col 54 of module pipeline_exec_ooo: 888
@!@!@ENDMSG 2221 @!@!@
@!@!@STARTMSG 2221:0 @!@!@
  |||||||||||||line 105, col 63 to line 105, col 68 of module pipeline_exec_ooo: 666
@!@!@ENDMSG 2221 @!@!@
@!@!@STARTMSG 2221:0 @!@!@
  ||||||||line 154, col 138 to line 154, col 138 of module pipeline_exec_ooo: 666
@!@!@ENDMSG 2221 @!@!@
@!@!@STARTMSG 2221:0 @!@!@
  |||||||line 154, col 149 to line 154, col 162 of module pipeline_exec_ooo: 222
@!@!@ENDMSG 2221 @!@!@
@!@!@STARTMSG 2221:0 @!@!@
  |||||line 154, col 168 to line 154, col 204 of module pipeline_exec_ooo: 222
@!@!@ENDMSG 2221 @!@!@
@!@!@STARTMSG 2221:0 @!@!@
  ||||||line 154, col 169 to line 154, col 182 of module pipeline_exec_ooo: 444
@!@!@ENDMSG 2221 @!@!@
@!@!@STARTMSG 2221:0 @!@!@
  ||||||line 154, col 192 to line 154, col 203 of module pipeline_exec_ooo: 222
@!@!@ENDMSG 2221 @!@!@
@!@!@STARTMSG 2221:0 @!@!@
  line 159, col 20 to line 160, col 50 of module pipeline_exec_ooo: 222
@!@!@ENDMSG 2221 @!@!@
@!@!@STARTMSG 2221:0 @!@!@
  |line 160, col 26 to line 160, col 39 of module pipeline_exec_ooo: 1342
@!@!@ENDMSG 2221 @!@!@
@!@!@STARTMSG 2221:0 @!@!@
  |line 160, col 44 to line 160, col 50 of module pipeline_exec_ooo: 671
@!@!@ENDMSG 2221 @!@!@
@!@!@STARTMSG 2221:0 @!@!@
  |line 159, col 29 to line 159, col 49 of module pipeline_exec_ooo: 222
@!@!@ENDMSG 2221 @!@!@
@!@!@STARTMSG 2221:0 @!@!@
  line 161, col 22 to line 161, col 47 of module pipeline_exec_ooo: 199
@!@!@ENDMSG 2221 @!@!@
@!@!@STARTMSG 2221:0 @!@!@
  |line 161, col 35 to line 161, col 47 of module pipeline_exec_ooo: 200
@!@!@ENDMSG 2221 @!@!@
@!@!@STARTMSG 2221:0 @!@!@
  line 162, col 22 to line 162, col 46 of module pipeline_exec_ooo: 22
@!@!@ENDMSG 2221 @!@!@
@!@!@STARTMSG 2221:0 @!@!@
  line 164, col 37 to line 164, col 68 of module pipeline_exec_ooo: 221
@!@!@ENDMSG 2221 @!@!@
@!@!@STARTMSG 2221:0 @!@!@
  line 56, col 24 to line 56, col 29 of module pipeline_ooo: 85
@!@!@ENDMSG 2221 @!@!@
@!@!@STARTMSG 2221:0 @!@!@
  line 57, col 21 to line 57, col 23 of module pipeline_ooo: 2766
@!@!@ENDMSG 2221 @!@!@
@!@!@STARTMSG 2221:0 @!@!@
  line 49, col 28 to line 49, col 37 of module pipeline_ooo: 794
@!@!@ENDMSG 2221 @!@!@
@!@!@STARTMSG 2221:0 @!@!@
  line 48, col 1 to line 59, col 29 of module pipeline_ooo: 24236
@!@!@ENDMSG 2221 @!@!@
@!@!@STARTMSG 2221:0 @!@!@
  line 51, col 22 to line 51, col 25 of module pipeline_ooo: 15406
@!@!@ENDMSG 2221 @!@!@
@!@!@STARTMSG 2221:0 @!@!@
  line 52, col 22 to line 52, col 25 of module pipeline_ooo: 16786
@!@!@ENDMSG 2221 @!@!@
@!@!@STARTMSG 2221:0 @!@!@
  line 48, col 1 to line 59, col 29 of module pipeline_ooo: 14392
@!@!@ENDMSG 2221 @!@!@
@!@!@STARTMSG 2221:0 @!@!@
  line 54, col 22 to line 54, col 25 of module pipeline_ooo: 57510
@!@!@ENDMSG 2221 @!@!@
@!@!@STARTMSG 2221:0 @!@!@
  line 53, col 22 to line 53, col 25 of module pipeline_ooo: 9803
@!@!@ENDMSG 2221 @!@!@
@!@!@STARTMSG 2221:0 @!@!@
  line 58, col 24 to line 58, col 29 of module pipeline_ooo: 85
@!@!@ENDMSG 2221 @!@!@
@!@!@STARTMSG 2221:0 @!@!@
  line 55, col 23 to line 55, col 27 of module pipeline_ooo: 26716
@!@!@ENDMSG 2221 @!@!@
@!@!@STARTMSG 2221:0 @!@!@
  line 59, col 24 to line 59, col 29 of module pipeline_ooo: 5569
@!@!@ENDMSG 2221 @!@!@
@!@!@STARTMSG 2221:0 @!@!@
  line 50, col 23 to line 50, col 27 of module pipeline_ooo: 110605
@!@!@ENDMSG 2221 @!@!@
@!@!@STARTMSG 2221:0 @!@!@
  line 74, col 18 to line 74, col 59 of module pipeline_exec_ooo: 221
@!@!@ENDMSG 2221 @!@!@
@!@!@STARTMSG 2775:0 @!@!@
  |line 74, col 25 to line 74, col 59 of module pipeline_exec_ooo: 222:444
@!@!@ENDMSG 2775 @!@!@
@!@!@STARTMSG 2221:0 @!@!@
  line 78, col 15 to line 78, col 69 of module pipeline_exec_ooo: 221
@!@!@ENDMSG 2221 @!@!@
@!@!@STARTMSG 2775:0 @!@!@
  |line 78, col 22 to line 78, col 69 of module pipeline_exec_ooo: 222:444
@!@!@ENDMSG 2775 @!@!@
@!@!@STARTMSG 2221:0 @!@!@
  line 82, col 15 to line 84, col 59 of module pipeline_exec_ooo: 221
@!@!@ENDMSG 2221 @!@!@
@!@!@STARTMSG 2775:0 @!@!@
  |line 82, col 22 to line 84, col 59 of module pipeline_exec_ooo: 222:666
@!@!@ENDMSG 2775 @!@!@
@!@!@STARTMSG 2221:0 @!@!@
  line 95, col 18 to line 95, col 54 of module pipeline_exec_ooo: 221
@!@!@ENDMSG 2221 @!@!@
@!@!@STARTMSG 2775:0 @!@!@
  |line 95, col 25 to line 95, col 54 of module pipeline_exec_ooo: 222:666
@!@!@ENDMSG 2775 @!@!@
@!@!@STARTMSG 2221:0 @!@!@
  line 111, col 16 to line 111, col 69 of module pipeline_exec_ooo: 221
@!@!@ENDMSG 2221 @!@!@
@!@!@STARTMSG 2775:0 @!@!@
  |line 111, col 24 to line 111, col 69 of module pipeline_exec_ooo: 222:444
@!@!@ENDMSG 2775 @!@!@
@!@!@STARTMSG 2221:0 @!@!@
  line 143, col 20 to line 143, col 61 of module pipeline_exec_ooo: 221
@!@!@ENDMSG 2221 @!@!@
@!@!@STARTMSG 2221:0 @!@!@
  |line 143, col 28 to line 143, col 61 of module pipeline_exec_ooo: 222
@!@!@ENDMSG 2221 @!@!@
@!@!@STARTMSG 2221:0 @!@!@
  ||line 143, col 39 to line 143, col 43 of module pipeline_exec_ooo: 222
@!@!@ENDMSG 2221 @!@!@
@!@!@STARTMSG 2221:0 @!@!@
  |||line 124, col 30 to line 124, col 95 of module pipeline_exec_ooo: 222
@!@!@ENDMSG 2221 @!@!@
@!@!@STARTMSG 2221:0 @!@!@
  ||||line 124, col 33 to line 124, col 42 of module pipeline_exec_ooo: 222
@!@!@ENDMSG 2221 @!@!@
@!@!@STARTMSG 2221:0 @!@!@
  |||||line 124, col 34 to line 124, col 42 of module pipeline_exec_ooo: 222
@!@!@ENDMSG 2221 @!@!@
@!@!@STARTMSG 2221:0 @!@!@
  ||||||line 21, col 14 to line 21, col 67 of module pipeline_exec_ooo: 222
@!@!@ENDMSG 2221 @!@!@
@!@!@STARTMSG 2221:0 @!@!@
  |||||||line 21, col 37 to line 21, col 67 of module pipeline_exec_ooo: 444
@!@!@ENDMSG 2221 @!@!@
@!@!@STARTMSG 2221:0 @!@!@
  |||||||line 21, col 23 to line 21, col 34 of module pipeline_exec_ooo: 222
@!@!@ENDMSG 2221 @!@!@
@!@!@STARTMSG 2221:0 @!@!@
  ||||line 124, col 49 to line 124, col 80 of module pipeline_exec_ooo: 222
@!@!@ENDMSG 2221 @!@!@
@!@!@STARTMSG 2221:0 @!@!@
  |||||line 13, col 21 to line 15, col 49 of module instructions_ooo: 444
@!@!@ENDMSG 2221 @!@!@
@!@!@STARTMSG 2221:0 @!@!@
  ||||||line 13, col 24 to line 13, col 28 of module instructions_ooo: 444
@!@!@ENDMSG 2221 @!@!@
@!@!@STARTMSG 2221:0 @!@!@
  ||||||line 14, col 26 to line 14, col 32 of module instructions_ooo: 222
@!@!@ENDMSG 2221 @!@!@
@!@!@STARTMSG 2221:0 @!@!@
  |||||||line 12, col 36 to line 12, col 72 of module instructions_ooo: 222
@!@!@ENDMSG 2221 @!@!@
@!@!@STARTMSG 2221:0 @!@!@
  ||||||||line 12, col 39 to line 12, col 48 of module instructions_ooo: 222
@!@!@ENDMSG 2221 @!@!@
@!@!@STARTMSG 2221:0 @!@!@
  ||||||||line 12, col 55 to line 12, col 61 of module instructions_ooo: 34
@!@!@ENDMSG 2221 @!@!@
@!@!@STARTMSG 2221:0 @!@!@
  ||||||||line 12, col 68 to line 12, col 72 of module instructions_ooo: 188
@!@!@ENDMSG 2221 @!@!@
@!@!@STARTMSG 2221:0 @!@!@
  |||||||line 14, col 31 to line 14, col 31 of module instructions_ooo: 222
@!@!@ENDMSG 2221 @!@!@
@!@!@STARTMSG 2221:0 @!@!@
  ||||||line 15, col 26 to line 15, col 49 of module instructions_ooo: 222
@!@!@ENDMSG 2221 @!@!@
@!@!@STARTMSG 2221:0 @!@!@
  |||||||line 15, col 37 to line 15, col 43 of module instructions_ooo: 222
@!@!@ENDMSG 2221 @!@!@
@!@!@STARTMSG 2221:0 @!@!@
  ||||||||line 12, col 36 to line 12, col 72 of module instructions_ooo: 222
@!@!@ENDMSG 2221 @!@!@
@!@!@STARTMSG 2221:0 @!@!@
  |||||||||line 12, col 39 to line 12, col 48 of module instructions_ooo: 222
@!@!@ENDMSG 2221 @!@!@
@!@!@STARTMSG 2221:0 @!@!@
  |||||||||line 12, col 55 to line 12, col 61 of module instructions_ooo: 51
@!@!@ENDMSG 2221 @!@!@
@!@!@STARTMSG 2221:0 @!@!@
  |||||||||line 12, col 68 to line 12, col 72 of module instructions_ooo: 171
@!@!@ENDMSG 2221 @!@!@
@!@!@STARTMSG 2221:0 @!@!@
  ||||||||line 15, col 42 to line 15, col 42 of module instructions_ooo: 222
@!@!@ENDMSG 2221 @!@!@
@!@!@STARTMSG 2221:0 @!@!@
  |||||||line 15, col 46 to line 15, col 48 of module instructions_ooo: 222
@!@!@ENDMSG 2221 @!@!@
@!@!@STARTMSG 2221:0 @!@!@
  |||||line 124, col 60 to line 124, col 68 of module pipeline_exec_ooo: 222
@!@!@ENDMSG 2221 @!@!@
@!@!@STARTMSG 2221:0 @!@!@
  |||||line 124, col 71 to line 124, col 79 of module pipeline_exec_ooo: 222
@!@!@ENDMSG 2221 @!@!@
@!@!@STARTMSG 2221:0 @!@!@
  ||line 143, col 55 to line 143, col 59 of module pipeline_exec_ooo: 222
@!@!@ENDMSG 2221 @!@!@
@!@!@STARTMSG 2775:0 @!@!@
  |||line 127, col 30 to line 142, col 30 of module pipeline_exec_ooo: 222:70902
@!@!@ENDMSG 2775 @!@!@
@!@!@STARTMSG 2221:0 @!@!@
  ||||line 127, col 38 to line 127, col 51 of module pipeline_exec_ooo: 222
@!@!@ENDMSG 2221 @!@!@
@!@!@STARTMSG 2221:0 @!@!@
  |||||line 127, col 41 to line 127, col 51 of module pipeline_exec_ooo: 222
@!@!@ENDMSG 2221 @!@!@
@!@!@STARTMSG 2221:0 @!@!@
  ||||||line 127, col 45 to line 127, col 50 of module pipeline_exec_ooo: 222
@!@!@ENDMSG 2221 @!@!@
@!@!@STARTMSG 2221:0 @!@!@
  |||||||line 126, col 31 to line 126, col 83 of module pipeline_exec_ooo: 222
@!@!@ENDMSG 2221 @!@!@
@!@!@STARTMSG 2221:0 @!@!@
  ||||||||line 126, col 34 to line 126, col 43 of module pipeline_exec_ooo: 222
@!@!@ENDMSG 2221 @!@!@
@!@!@STARTMSG 2221:0 @!@!@
  |||||||||line 126, col 35 to line 126, col 43 of module pipeline_exec_ooo: 222
@!@!@ENDMSG 2221 @!@!@
@!@!@STARTMSG 2221:0 @!@!@
  ||||||||||line 21, col 14 to line 21, col 67 of module pipeline_exec_ooo: 222
@!@!@ENDMSG 2221 @!@!@
@!@!@STARTMSG 2221:0 @!@!@
  |||||||||||line 21, col 37 to line 21, col 67 of module pipeline_exec_ooo: 444
@!@!@ENDMSG 2221 @!@!@
@!@!@STARTMSG 2221:0 @!@!@
  |||||||||||line 21, col 23 to line 21, col 34 of module pipeline_exec_ooo: 222
@!@!@ENDMSG 2221 @!@!@
@!@!@STARTMSG 2221:0 @!@!@
  ||||||||line 126, col 50 to line 126, col 68 of module pipeline_exec_ooo: 222
@!@!@ENDMSG 2221 @!@!@
@!@!@STARTMSG 2221:0 @!@!@
  |||||||||line 114, col 16 to line 117, col 99 of module pipeline_exec_ooo: 666
@!@!@ENDMSG 2221 @!@!@
@!@!@STARTMSG 2221:0 @!@!@
  ||||||||||line 114, col 19 to line 114, col 23 of module pipeline_exec_ooo: 666
@!@!@ENDMSG 2221 @!@!@
@!@!@STARTMSG 2221:0 @!@!@
  ||||||||||line 115, col 21 to line 115, col 29 of module pipeline_exec_ooo: 222
@!@!@ENDMSG 2221 @!@!@
@!@!@STARTMSG 2221:0 @!@!@
  ||||||||||line 116, col 21 to line 117, col 99 of module pipeline_exec_ooo: 444
@!@!@ENDMSG 2221 @!@!@
@!@!@STARTMSG 2221:0 @!@!@
  |||||||||||line 17, col 22 to line 17, col 64 of module instructions_ooo: 444
@!@!@ENDMSG 2221 @!@!@
@!@!@STARTMSG 2221:0 @!@!@
  ||||||||||||line 17, col 25 to line 17, col 38 of module instructions_ooo: 444
@!@!@ENDMSG 2221 @!@!@
@!@!@STARTMSG 2221:0 @!@!@
  ||||||||||||line 17, col 45 to line 17, col 57 of module instructions_ooo: 85
@!@!@ENDMSG 2221 @!@!@
@!@!@STARTMSG 2221:0 @!@!@
  ||||||||||||line 17, col 64 to line 17, col 64 of module instructions_ooo: 359
@!@!@ENDMSG 2221 @!@!@
@!@!@STARTMSG 2221:0 @!@!@
  |||||||||||line 116, col 32 to line 116, col 44 of module pipeline_exec_ooo: 444
@!@!@ENDMSG 2221 @!@!@
@!@!@STARTMSG 2221:0 @!@!@
  |||||||||||line 116, col 47 to line 117, col 98 of module pipeline_exec_ooo: 444
@!@!@ENDMSG 2221 @!@!@
@!@!@STARTMSG 2221:0 @!@!@
  ||||||||||||line 116, col 56 to line 116, col 79 of module pipeline_exec_ooo: 444
@!@!@ENDMSG 2221 @!@!@
@!@!@STARTMSG 2221:0 @!@!@
  |||||||||||||line 9, col 21 to line 9, col 56 of module instructions_ooo: 444
@!@!@ENDMSG 2221 @!@!@
@!@!@STARTMSG 2221:0 @!@!@
  ||||||||||||||line 9, col 24 to line 9, col 35 of module instructions_ooo: 444
@!@!@ENDMSG 2221 @!@!@
@!@!@STARTMSG 2221:0 @!@!@
  ||||||||||||||line 9, col 42 to line 9, col 45 of module instructions_ooo: 85
@!@!@ENDMSG 2221 @!@!@
@!@!@STARTMSG 2221:0 @!@!@
  ||||||||||||||line 9, col 52 to line 9, col 56 of module instructions_ooo: 359
@!@!@ENDMSG 2221 @!@!@
@!@!@STARTMSG 2221:0 @!@!@
  |||||||||||||line 116, col 67 to line 116, col 75 of module pipeline_exec_ooo: 444
@!@!@ENDMSG 2221 @!@!@
@!@!@STARTMSG 2221:0 @!@!@
  |||||||||||||line 116, col 78 to line 116, col 78 of module pipeline_exec_ooo: 444
@!@!@ENDMSG 2221 @!@!@
@!@!@STARTMSG 2221:0 @!@!@
  ||||||||||||line 116, col 82 to line 116, col 99 of module pipeline_exec_ooo: 444
@!@!@ENDMSG 2221 @!@!@
@!@!@STARTMSG 2221:0 @!@!@
  ||||||||||||line 117, col 49 to line 117, col 62 of module pipeline_exec_ooo: 444
@!@!@ENDMSG 2221 @!@!@
@!@!@STARTMSG 2221:0 @!@!@
  |||||||||line 126, col 59 to line 126, col 67 of module pipeline_exec_ooo: 222
@!@!@ENDMSG 2221 @!@!@
@!@!@STARTMSG 2221:0 @!@!@
  line 146, col 18 to line 155, col 27 of module pipeline_exec_ooo: 221
@!@!@ENDMSG 2221 @!@!@
@!@!@STARTMSG 2221:0 @!@!@
  |line 146, col 27 to line 155, col 27 of module pipeline_exec_ooo: 222
@!@!@ENDMSG 2221 @!@!@
@!@!@STARTMSG 2221:0 @!@!@
  ||line 146, col 29 to line 146, col 33 of module pipeline_exec_ooo: 222
@!@!@ENDMSG 2221 @!@!@
@!@!@STARTMSG 2221:0 @!@!@
  ||line 147, col 29 to line 152, col 176 of module pipeline_exec_ooo: 222
@!@!@ENDMSG 2221 @!@!@
@!@!@STARTMSG 2221:0 @!@!@
  ||line 153, col 39 to line 154, col 206 of module pipeline_exec_ooo: 222
@!@!@ENDMSG 2221 @!@!@
@!@!@STARTMSG 2775:0 @!@!@
  |||line 153, col 39 to line 153, col 214 of module pipeline_exec_ooo: 222:2661
@!@!@ENDMSG 2775 @!@!@
@!@!@STARTMSG 2221:0 @!@!@
  ||||line 153, col 49 to line 153, col 213 of module pipeline_exec_ooo: 222
@!@!@ENDMSG 2221 @!@!@
@!@!@STARTMSG 2775:0 @!@!@
  |||||line 153, col 56 to line 153, col 212 of module pipeline_exec_ooo: 222:709
@!@!@ENDMSG 2775 @!@!@
@!@!@STARTMSG 2775:0 @!@!@
  ||||||line 153, col 58 to line 153, col 194 of module pipeline_exec_ooo: 666:729
@!@!@ENDMSG 2775 @!@!@
@!@!@STARTMSG 2221:0 @!@!@
  |||||||line 153, col 60 to line 153, col 72 of module pipeline_exec_ooo: 666
@!@!@ENDMSG 2221 @!@!@
@!@!@STARTMSG 2221:0 @!@!@
  |||||||line 153, col 75 to line 153, col 101 of module pipeline_exec_ooo: 666
@!@!@ENDMSG 2221 @!@!@
@!@!@STARTMSG 2775:0 @!@!@
  |||||||line 153, col 111 to line 153, col 193 of module pipeline_exec_ooo: 666:700
@!@!@ENDMSG 2775 @!@!@
@!@!@STARTMSG 2221:0 @!@!@
  ||||||||line 153, col 112 to line 153, col 115 of module pipeline_exec_ooo: 127
@!@!@ENDMSG 2221 @!@!@
@!@!@STARTMSG 2221:0 @!@!@
  ||||||||line 153, col 125 to line 153, col 192 of module pipeline_exec_ooo: 666
@!@!@ENDMSG 2221 @!@!@
@!@!@STARTMSG 2221:0 @!@!@
  |||||||||line 153, col 125 to line 153, col 130 of module pipeline_exec_ooo: 666
@!@!@ENDMSG 2221 @!@!@
@!@!@STARTMSG 2775:0 @!@!@
  |||||||||line 153, col 137 to line 153, col 192 of module pipeline_exec_ooo: 666:793
@!@!@ENDMSG 2775 @!@!@
@!@!@STARTMSG 2221:0 @!@!@
  ||||||||||line 153, col 179 to line 153, col 191 of module pipeline_exec_ooo: 291
@!@!@ENDMSG 2221 @!@!@
@!@!@STARTMSG 2221:0 @!@!@
  ||||||||||line 153, col 145 to line 153, col 175 of module pipeline_exec_ooo: 666
@!@!@ENDMSG 2221 @!@!@
@!@!@STARTMSG 2775:0 @!@!@
  |||||||||||line 153, col 151 to line 153, col 174 of module pipeline_exec_ooo: 666:957
@!@!@ENDMSG 2775 @!@!@
@!@!@STARTMSG 2221:0 @!@!@
  ||||||||||||line 153, col 152 to line 153, col 157 of module pipeline_exec_ooo: 1998
@!@!@ENDMSG 2221 @!@!@
@!@!@STARTMSG 2221:0 @!@!@
  ||||||||||||line 153, col 167 to line 153, col 173 of module pipeline_exec_ooo: 666
@!@!@ENDMSG 2221 @!@!@
@!@!@STARTMSG 2221:0 @!@!@
  ||||||line 153, col 204 to line 153, col 210 of module pipeline_exec_ooo: 222
@!@!@ENDMSG 2221 @!@!@
@!@!@STARTMSG 2775:0 @!@!@
  |||line 154, col 48 to line 154, col 206 of module pipeline_exec_ooo: 222:207
@!@!@ENDMSG 2775 @!@!@
@!@!@STARTMSG 2221:0 @!@!@
  ||||line 154, col 50 to line 154, col 114 of module pipeline_exec_ooo: 9
@!@!@ENDMSG 2221 @!@!@
@!@!@STARTMSG 2221:0 @!@!@
  ||||line 154, col 124 to line 154, col 204 of module pipeline_exec_ooo: 222
@!@!@ENDMSG 2221 @!@!@
@!@!@STARTMSG 2221:0 @!@!@
  |||||line 154, col 124 to line 154, col 164 of module pipeline_exec_ooo: 222
@!@!@ENDMSG 2221 @!@!@
@!@!@STARTMSG 2775:0 @!@!@
  ||||||line 154, col 130 to line 154, col 163 of module pipeline_exec_ooo: 222:231
@!@!@ENDMSG 2775 @!@!@
@!@!@STARTMSG 2221:0 @!@!@
  |||||||line 154, col 131 to line 154, col 139 of module pipeline_exec_ooo: 666
@!@!@ENDMSG 2221 @!@!@
@!@!@STARTMSG 2221:0 @!@!@
  ||||||||line 99, col 15 to line 105, col 72 of module pipeline_exec_ooo: 1554
@!@!@ENDMSG 2221 @!@!@
@!@!@STARTMSG 2221:0 @!@!@
  |||||||||line 99, col 18 to line 99, col 22 of module pipeline_exec_ooo: 1554
@!@!@ENDMSG 2221 @!@!@
@!@!@STARTMSG 2221:0 @!@!@
  |||||||||line 102, col 17 to line 102, col 30 of module pipeline_exec_ooo: 888
@!@!@ENDMSG 2221 @!@!@
@!@!@STARTMSG 2221:0 @!@!@
  ||||||||||line 55, col 43 to line 57, col 42 of module pipeline_exec_ooo: 888
@!@!@ENDMSG 2221 @!@!@
@!@!@STARTMSG 2221:0 @!@!@
  |||||||||||line 56, col 45 to line 56, col 74 of module pipeline_exec_ooo: 3828
@!@!@ENDMSG 2221 @!@!@
@!@!@STARTMSG 2221:0 @!@!@
  ||||||||||||line 56, col 62 to line 56, col 74 of module pipeline_exec_ooo: 5684
@!@!@ENDMSG 2221 @!@!@
@!@!@STARTMSG 2221:0 @!@!@
  ||||||||||||line 56, col 54 to line 56, col 59 of module pipeline_exec_ooo: 3828
@!@!@ENDMSG 2221 @!@!@
@!@!@STARTMSG 2221:0 @!@!@
  |||||||||||line 55, col 51 to line 55, col 67 of module pipeline_exec_ooo: 888
@!@!@ENDMSG 2221 @!@!@
@!@!@STARTMSG 2221:0 @!@!@
  ||||||||||line 58, col 23 to line 58, col 62 of module pipeline_exec_ooo: 888
@!@!@ENDMSG 2221 @!@!@
@!@!@STARTMSG 2221:0 @!@!@
  |||||||||||line 58, col 24 to line 58, col 51 of module pipeline_exec_ooo: 888
@!@!@ENDMSG 2221 @!@!@
@!@!@STARTMSG 2221:0 @!@!@
  ||||||||||||line 58, col 24 to line 58, col 27 of module pipeline_exec_ooo: 888
@!@!@ENDMSG 2221 @!@!@
@!@!@STARTMSG 2221:0 @!@!@
  |||||||||||||line 25, col 9 to line 26, col 102 of module pipeline_exec_ooo: 888
@!@!@ENDMSG 2221 @!@!@
@!@!@STARTMSG 2221:0 @!@!@
  ||||||||||||||line 25, col 36 to line 26, col 100 of module pipeline_exec_ooo: 3828
@!@!@ENDMSG 2221 @!@!@
@!@!@STARTMSG 2221:0 @!@!@
  |||||||||||||||line 25, col 39 to line 25, col 59 of module pipeline_exec_ooo: 3828
@!@!@ENDMSG 2221 @!@!@
@!@!@STARTMSG 2221:0 @!@!@
  |||||||||||||||line 26, col 39 to line 26, col 100 of module pipeline_exec_ooo: 2056
@!@!@ENDMSG 2221 @!@!@
@!@!@STARTMSG 2221:0 @!@!@
  ||||||||||||||||line 26, col 57 to line 26, col 100 of module pipeline_exec_ooo: 5792
@!@!@ENDMSG 2221 @!@!@
@!@!@STARTMSG 2221:0 @!@!@
  |||||||||||||||||line 26, col 57 to line 26, col 83 of module pipeline_exec_ooo: 5792
@!@!@ENDMSG 2221 @!@!@
@!@!@STARTMSG 2221:0 @!@!@
  |||||||||||||||||line 26, col 88 to line 26, col 100 of module pipeline_exec_ooo: 988
@!@!@ENDMSG 2221 @!@!@
@!@!@STARTMSG 2221:0 @!@!@
  ||||||||||||||||line 26, col 48 to line 26, col 54 of module pipeline_exec_ooo: 2056
@!@!@ENDMSG 2221 @!@!@
@!@!@STARTMSG 2221:0 @!@!@
  ||||||||||||||line 25, col 17 to line 25, col 33 of module pipeline_exec_ooo: 888
@!@!@ENDMSG 2221 @!@!@
@!@!@STARTMSG 2221:0 @!@!@
  ||||||||||||line 58, col 40 to line 58, col 51 of module pipeline_exec_ooo: 888
@!@!@ENDMSG 2221 @!@!@
@!@!@STARTMSG 2221:0 @!@!@
  |||||||||||line 58, col 56 to line 58, col 62 of module pipeline_exec_ooo: 888
@!@!@ENDMSG 2221 @!@!@
@!@!@STARTMSG 2221:0 @!@!@
  ||||||||||line 102, col 26 to line 102, col 29 of module pipeline_exec_ooo: 888
@!@!@ENDMSG 2221 @!@!@
@!@!@STARTMSG 2221:0 @!@!@
  |||||||||||line 28, col 9 to line 29, col 91 of module pipeline_exec_ooo: 888
@!@!@ENDMSG 2221 @!@!@
@!@!@STARTMSG 2221:0 @!@!@
  ||||||||||||line 28, col 36 to line 29, col 89 of module pipeline_exec_ooo: 3828
@!@!@ENDMSG 2221 @!@!@
@!@!@STARTMSG 2221:0 @!@!@
  |||||||||||||line 28, col 39 to line 28, col 55 of module pipeline_exec_ooo: 3828
@!@!@ENDMSG 2221 @!@!@
@!@!@STARTMSG 2221:0 @!@!@
  |||||||||||||line 29, col 39 to line 29, col 89 of module pipeline_exec_ooo: 2496
@!@!@ENDMSG 2221 @!@!@
@!@!@STARTMSG 2221:0 @!@!@
  ||||||||||||||line 29, col 62 to line 29, col 89 of module pipeline_exec_ooo: 4788
@!@!@ENDMSG 2221 @!@!@
@!@!@STARTMSG 2221:0 @!@!@
  ||||||||||||||line 29, col 48 to line 29, col 59 of module pipeline_exec_ooo: 2496
@!@!@ENDMSG 2221 @!@!@
@!@!@STARTMSG 2221:0 @!@!@
  ||||||||||||line 28, col 17 to line 28, col 33 of module pipeline_exec_ooo: 888
@!@!@ENDMSG 2221 @!@!@
@!@!@STARTMSG 2221:0 @!@!@
  |||||||||line 105, col 17 to line 105, col 72 of module pipeline_exec_ooo: 666
@!@!@ENDMSG 2221 @!@!@
@!@!@STARTMSG 2221:0 @!@!@
  ||||||||||line 55, col 43 to line 57, col 42 of module pipeline_exec_ooo: 666
@!@!@ENDMSG 2221 @!@!@
@!@!@STARTMSG 2221:0 @!@!@
  |||||||||||line 56, col 45 to line 56, col 74 of module pipeline_exec_ooo: 2871
@!@!@ENDMSG 2221 @!@!@
@!@!@STARTMSG 2221:0 @!@!@
  ||||||||||||line 56, col 62 to line 56, col 74 of module pipeline_exec_ooo: 4501
@!@!@ENDMSG 2221 @!@!@
@!@!@STARTMSG 2221:0 @!@!@
  ||||||||||||line 56, col 54 to line 56, col 59 of module pipeline_exec_ooo: 2871
@!@!@ENDMSG 2221 @!@!@
@!@!@STARTMSG 2221:0 @!@!@
  |||||||||||line 55, col 51 to line 55, col 67 of module pipeline_exec_ooo: 666
@!@!@ENDMSG 2221 @!@!@
@!@!@STARTMSG 2221:0 @!@!@
  ||||||||||line 58, col 23 to line 58, col 62 of module pipeline_exec_ooo: 666
@!@!@ENDMSG 2221 @!@!@
@!@!@STARTMSG 2221:0 @!@!@
  |||||||||||line 58, col 24 to line 58, col 51 of module pipeline_exec_ooo: 666
@!@!@ENDMSG 2221 @!@!@
@!@!@STARTMSG 2221:0 @!@!@
  ||||||||||||line 58, col 24 to line 58, col 27 of module pipeline_exec_ooo: 666
@!@!@ENDMSG 2221 @!@!@
@!@!@STARTMSG 2221:0 @!@!@
  |||||||||||||line 25, col 9 to line 26, col 102 of module pipeline_exec_ooo: 666
@!@!@ENDMSG 2221 @!@!@
@!@!@STARTMSG 2221:0 @!@!@
  ||||||||||||||line 25, col 36 to line 26, col 100 of module pipeline_exec_ooo: 2871
@!@!@ENDMSG 2221 @!@!@
@!@!@STARTMSG 2221:0 @!@!@
  |||||||||||||||line 25, col 39 to line 25, col 59 of module pipeline_exec_ooo: 2871
@!@!@ENDMSG 2221 @!@!@
@!@!@STARTMSG 2221:0 @!@!@
  |||||||||||||||line 26, col 39 to line 26, col 100 of module pipeline_exec_ooo: 1542
@!@!@ENDMSG 2221 @!@!@
@!@!@STARTMSG 2221:0 @!@!@
  ||||||||||||||||line 26, col 57 to line 26, col 100 of module pipeline_exec_ooo: 4344
@!@!@ENDMSG 2221 @!@!@
@!@!@STARTMSG 2221:0 @!@!@
  |||||||||||||||||line 26, col 57 to line 26, col 83 of module pipeline_exec_ooo: 4344
@!@!@ENDMSG 2221 @!@!@
@!@!@STARTMSG 2221:0 @!@!@
  |||||||||||||||||line 26, col 88 to line 26, col 100 of module pipeline_exec_ooo: 741
@!@!@ENDMSG 2221 @!@!@
@!@!@STARTMSG 2221:0 @!@!@
  ||||||||||||||||line 26, col 48 to line 26, col 54 of module pipeline_exec_ooo: 1542
@!@!@ENDMSG 2221 @!@!@
@!@!@STARTMSG 2221:0 @!@!@
  ||||||||||||||line 25, col 17 to line 25, col 33 of module pipeline_exec_ooo: 666
@!@!@ENDMSG 2221 @!@!@
@!@!@STARTMSG 2221:0 @!@!@
  ||||||||||||line 58, col 40 to line 58, col 51 of module pipeline_exec_ooo: 666
@!@!@ENDMSG 2221 @!@!@
@!@!@STARTMSG 2221:0 @!@!@
  |||||||||||line 58, col 56 to line 58, col 62 of module pipeline_exec_ooo: 666
@!@!@ENDMSG 2221 @!@!@
@!@!@STARTMSG 2221:0 @!@!@
  ||||||||||line 105, col 26 to line 105, col 71 of module pipeline_exec_ooo: 666
@!@!@ENDMSG 2221 @!@!@
@!@!@STARTMSG 2221:0 @!@!@
  |||||||||||line 105, col 26 to line 105, col 29 of module pipeline_exec_ooo: 666
@!@!@ENDMSG 2221 @!@!@
@!@!@STARTMSG 2221:0 @!@!@
  ||||||||||||line 28, col 9 to line 29, col 91 of module pipeline_exec_ooo: 666
@!@!@ENDMSG 2221 @!@!@
@!@!@STARTMSG 2221:0 @!@!@
  |||||||||||||line 28, col 36 to line 29, col 89 of module pipeline_exec_ooo: 2871
@!@!@ENDMSG 2221 @!@!@
@!@!@STARTMSG 2221:0 @!@!@
  ||||||||||||||line 28, col 39 to line 28, col 55 of module pipeline_exec_ooo: 2871
@!@!@ENDMSG 2221 @!@!@
@!@!@STARTMSG 2221:0 @!@!@
  ||||||||||||||line 29, col 39 to line 29, col 89 of module pipeline_exec_ooo: 1872
@!@!@ENDMSG 2221 @!@!@
@!@!@STARTMSG 2221:0 @!@!@
  |||||||||||||||line 29, col 62 to line 29, col 89 of module pipeline_exec_ooo: 3591
@!@!@ENDMSG 2221 @!@!@
@!@!@STARTMSG 2221:0 @!@!@
  |||||||||||||||line 29, col 48 to line 29, col 59 of module pipeline_exec_ooo: 1872
@!@!@ENDMSG 2221 @!@!@
@!@!@STARTMSG 2221:0 @!@!@
  |||||||||||||line 28, col 17 to line 28, col 33 of module pipeline_exec_ooo: 666
@!@!@ENDMSG 2221 @!@!@
@!@!@STARTMSG 2221:0 @!@!@
  |||||||||||line 105, col 38 to line 105, col 71 of module pipeline_exec_ooo: 666
@!@!@ENDMSG 2221 @!@!@
@!@!@STARTMSG 2775:0 @!@!@
  ||||||||||||line 105, col 44 to line 105, col 70 of module pipeline_exec_ooo: 666:479
@!@!@ENDMSG 2775 @!@!@
@!@!@STARTMSG 2221:0 @!@!@
  |||||||||||||line 105, col 46 to line 105, col 54 of module pipeline_exec_ooo: 888
@!@!@ENDMSG 2221 @!@!@
@!@!@STARTMSG 2221:0 @!@!@
  |||||||||||||line 105, col 63 to line 105, col 68 of module pipeline_exec_ooo: 666
@!@!@ENDMSG 2221 @!@!@
@!@!@STARTMSG 2221:0 @!@!@
  ||||||||line 154, col 138 to line 154, col 138 of module pipeline_exec_ooo: 666
@!@!@ENDMSG 2221 @!@!@
@!@!@STARTMSG 2221:0 @!@!@
  |||||||line 154, col 149 to line 154, col 162 of module pipeline_exec_ooo: 222
@!@!@ENDMSG 2221 @!@!@
@!@!@STARTMSG 2221:0 @!@!@
  |||||line 154, col 168 to line 154, col 204 of module pipeline_exec_ooo: 222
@!@!@ENDMSG 2221 @!@!@
@!@!@STARTMSG 2221:0 @!@!@
  ||||||line 154, col 169 to line 154, col 182 of module pipeline_exec_ooo: 444
@!@!@ENDMSG 2221 @!@!@
@!@!@STARTMSG 2221:0 @!@!@
  ||||||line 154, col 192 to line 154, col 203 of module pipeline_exec_ooo: 222
@!@!@ENDMSG 2221 @!@!@
@!@!@STARTMSG 2221:0 @!@!@
  line 159, col 20 to line 160, col 50 of module pipeline_exec_ooo: 222
@!@!@ENDMSG 2221 @!@!@
@!@!@STARTMSG 2221:0 @!@!@
  |line 160, col 26 to line 160, col 39 of module pipeline_exec_ooo: 1348
@!@!@ENDMSG 2221 @!@!@
@!@!@STARTMSG 2221:0 @!@!@
  |line 160, col 44 to line 160, col 50 of module pipeline_exec_ooo: 674
@!@!@ENDMSG 2221 @!@!@
@!@!@STARTMSG 2221:0 @!@!@
  |line 159, col 29 to line 159, col 49 of module pipeline_exec_ooo: 222
@!@!@ENDMSG 2221 @!@!@
@!@!@STARTMSG 2221:0 @!@!@
  line 161, col 22 to line 161, col 47 of module pipeline_exec_ooo: 199
@!@!@ENDMSG 2221 @!@!@
@!@!@STARTMSG 2221:0 @!@!@
  line 162, col 22 to line 162, col 46 of module pipeline_exec_ooo: 22
@!@!@ENDMSG 2221 @!@!@
@!@!@STARTMSG 2221:0 @!@!@
  line 164, col 37 to line 164, col 68 of module pipeline_exec_ooo: 221
@!@!@ENDMSG 2221 @!@!@
@!@!@STARTMSG 2221:0 @!@!@
  line 90, col 12 to line 100, col 115 of module pipeline_ooo: 221
@!@!@ENDMSG 2221 @!@!@
@!@!@STARTMSG 2221:0 @!@!@
  |line 91, col 13 to line 100, col 115 of module pipeline_ooo: 222
@!@!@ENDMSG 2221 @!@!@
@!@!@STARTMSG 2221:0 @!@!@
  ||line 91, col 16 to line 91, col 24 of module pipeline_ooo: 222
@!@!@ENDMSG 2221 @!@!@
@!@!@STARTMSG 2221:0 @!@!@
  ||line 93, col 16 to line 96, col 115 of module pipeline_ooo: 122
@!@!@ENDMSG 2221 @!@!@
@!@!@STARTMSG 2221:0 @!@!@
  |||line 93, col 32 to line 96, col 115 of module pipeline_ooo: 244
@!@!@ENDMSG 2221 @!@!@
@!@!@STARTMSG 2221:0 @!@!@
  ||||line 93, col 55 to line 96, col 115 of module pipeline_ooo: 488
@!@!@ENDMSG 2221 @!@!@
@!@!@STARTMSG 2221:0 @!@!@
  |||||line 94, col 17 to line 96, col 115 of module pipeline_ooo: 590
@!@!@ENDMSG 2221 @!@!@
@!@!@STARTMSG 2221:0 @!@!@
  ||||||line 94, col 20 to line 94, col 51 of module pipeline_ooo: 590
@!@!@ENDMSG 2221 @!@!@
@!@!@STARTMSG 2221:0 @!@!@
  ||||||line 96, col 20 to line 96, col 115 of module pipeline_ooo: 488
@!@!@ENDMSG 2221 @!@!@
@!@!@STARTMSG 2221:0 @!@!@
  |||||||line 96, col 20 to line 96, col 75 of module pipeline_ooo: 488
@!@!@ENDMSG 2221 @!@!@
@!@!@STARTMSG 2221:0 @!@!@
  ||||||||line 96, col 20 to line 96, col 49 of module pipeline_ooo: 488
@!@!@ENDMSG 2221 @!@!@
@!@!@STARTMSG 2221:0 @!@!@
  ||||||||line 96, col 54 to line 96, col 75 of module pipeline_ooo: 250
@!@!@ENDMSG 2221 @!@!@
@!@!@STARTMSG 2221:0 @!@!@
  |||||line 93, col 65 to line 93, col 76 of module pipeline_ooo: 488
@!@!@ENDMSG 2221 @!@!@
@!@!@STARTMSG 2221:0 @!@!@
  ||||line 93, col 41 to line 93, col 52 of module pipeline_ooo: 244
@!@!@ENDMSG 2221 @!@!@
@!@!@STARTMSG 2221:0 @!@!@
  |||line 93, col 26 to line 93, col 29 of module pipeline_ooo: 122
@!@!@ENDMSG 2221 @!@!@
@!@!@STARTMSG 2221:0 @!@!@
  ||line 98, col 16 to line 100, col 115 of module pipeline_ooo: 122
@!@!@ENDMSG 2221 @!@!@
@!@!@STARTMSG 2221:0 @!@!@
  |||line 98, col 32 to line 100, col 115 of module pipeline_ooo: 236
@!@!@ENDMSG 2221 @!@!@
@!@!@STARTMSG 2221:0 @!@!@
  ||||line 98, col 50 to line 100, col 115 of module pipeline_ooo: 694
@!@!@ENDMSG 2221 @!@!@
@!@!@STARTMSG 2221:0 @!@!@
  |||||line 99, col 17 to line 100, col 115 of module pipeline_ooo: 1004
@!@!@ENDMSG 2221 @!@!@
@!@!@STARTMSG 2221:0 @!@!@
  ||||||line 99, col 20 to line 99, col 51 of module pipeline_ooo: 1004
@!@!@ENDMSG 2221 @!@!@
@!@!@STARTMSG 2221:0 @!@!@
  ||||||line 100, col 20 to line 100, col 115 of module pipeline_ooo: 690
@!@!@ENDMSG 2221 @!@!@
@!@!@STARTMSG 2221:0 @!@!@
  |||||||line 100, col 20 to line 100, col 75 of module pipeline_ooo: 690
@!@!@ENDMSG 2221 @!@!@
@!@!@STARTMSG 2221:0 @!@!@
  ||||||||line 100, col 20 to line 100, col 49 of module pipeline_ooo: 690
@!@!@ENDMSG 2221 @!@!@
@!@!@STARTMSG 2221:0 @!@!@
  ||||||||line 100, col 54 to line 100, col 75 of module pipeline_ooo: 551
@!@!@ENDMSG 2221 @!@!@
@!@!@STARTMSG 2221:0 @!@!@
  |||||||line 100, col 80 to line 100, col 115 of module pipeline_ooo: 164
@!@!@ENDMSG 2221 @!@!@
@!@!@STARTMSG 2221:0 @!@!@
  |||||line 98, col 60 to line 98, col 66 of module pipeline_ooo: 694
@!@!@ENDMSG 2221 @!@!@
@!@!@STARTMSG 2221:0 @!@!@
  ||||line 98, col 41 to line 98, col 47 of module pipeline_ooo: 236
@!@!@ENDMSG 2221 @!@!@
@!@!@STARTMSG 2221:0 @!@!@
  |||line 98, col 26 to line 98, col 29 of module pipeline_ooo: 122
@!@!@ENDMSG 2221 @!@!@
@!@!@STARTMSG 2221:0 @!@!@
  line 101, col 12 to line 111, col 24 of module pipeline_ooo: 221
@!@!@ENDMSG 2221 @!@!@
@!@!@STARTMSG 2775:0 @!@!@
  |line 101, col 24 to line 111, col 24 of module pipeline_ooo: 222:444
@!@!@ENDMSG 2775 @!@!@
@!@!@STARTMSG 2221:0 @!@!@
  line 112, col 12 to line 112, col 103 of module pipeline_ooo: 221
@!@!@ENDMSG 2221 @!@!@
@!@!@STARTMSG 2774:0 @!@!@
<inv_1624998828916848000 line 50, col 1 to line 50, col 23 of module MC>
@!@!@ENDMSG 2774 @!@!@
@!@!@STARTMSG 2221:0 @!@!@
  line 51, col 1 to line 51, col 35 of module MC: 211
@!@!@ENDMSG 2221 @!@!@
@!@!@STARTMSG 2221:0 @!@!@
  |line 51, col 2 to line 51, col 23 of module MC: 211
@!@!@ENDMSG 2221 @!@!@
@!@!@STARTMSG 2221:0 @!@!@
  ||line 51, col 2 to line 51, col 10 of module MC: 211
@!@!@ENDMSG 2221 @!@!@
@!@!@STARTMSG 2221:0 @!@!@
  |||line 136, col 14 to line 142, col 95 of module pipeline_ooo: 211
@!@!@ENDMSG 2221 @!@!@
@!@!@STARTMSG 2221:0 @!@!@
  ||||line 136, col 37 to line 142, col 95 of module pipeline_ooo: 844
@!@!@ENDMSG 2221 @!@!@
@!@!@STARTMSG 2221:0 @!@!@
  |||||line 137, col 13 to line 142, col 95 of module pipeline_ooo: 2110
@!@!@ENDMSG 2221 @!@!@
@!@!@STARTMSG 2221:0 @!@!@
  ||||||line 137, col 16 to line 139, col 46 of module pipeline_ooo: 2110
@!@!@ENDMSG 2221 @!@!@
@!@!@STARTMSG 2221:0 @!@!@
  |||||||line 137, col 16 to line 138, col 45 of module pipeline_ooo: 2110
@!@!@ENDMSG 2221 @!@!@
@!@!@STARTMSG 2221:0 @!@!@
  ||||||||line 137, col 19 to line 137, col 29 of module pipeline_ooo: 2110
@!@!@ENDMSG 2221 @!@!@
@!@!@STARTMSG 2221:0 @!@!@
  |||||||||line 120, col 16 to line 121, col 67 of module pipeline_ooo: 2110
@!@!@ENDMSG 2221 @!@!@
@!@!@STARTMSG 2221:0 @!@!@
  ||||||||||line 120, col 31 to line 121, col 67 of module pipeline_ooo: 2556
@!@!@ENDMSG 2221 @!@!@
@!@!@STARTMSG 2221:0 @!@!@
  |||||||||||line 121, col 17 to line 121, col 67 of module pipeline_ooo: 10032
@!@!@ENDMSG 2221 @!@!@
@!@!@STARTMSG 2221:0 @!@!@
  ||||||||||||line 121, col 17 to line 121, col 42 of module pipeline_ooo: 10032
@!@!@ENDMSG 2221 @!@!@
@!@!@STARTMSG 2221:0 @!@!@
  ||||||||||||line 121, col 47 to line 121, col 67 of module pipeline_ooo: 2188
@!@!@ENDMSG 2221 @!@!@
@!@!@STARTMSG 2221:0 @!@!@
  |||||||||||line 120, col 40 to line 120, col 60 of module pipeline_ooo: 2556
@!@!@ENDMSG 2221 @!@!@
@!@!@STARTMSG 2221:0 @!@!@
  ||||||||||line 120, col 25 to line 120, col 28 of module pipeline_ooo: 2110
@!@!@ENDMSG 2221 @!@!@
@!@!@STARTMSG 2221:0 @!@!@
  |||||||||line 137, col 28 to line 137, col 28 of module pipeline_ooo: 1950
@!@!@ENDMSG 2221 @!@!@
@!@!@STARTMSG 2221:0 @!@!@
  ||||||||line 138, col 19 to line 138, col 45 of module pipeline_ooo: 418
@!@!@ENDMSG 2221 @!@!@
@!@!@STARTMSG 2221:0 @!@!@
  ||||||line 140, col 18 to line 140, col 21 of module pipeline_ooo: 2110
@!@!@ENDMSG 2221 @!@!@
@!@!@STARTMSG 2221:0 @!@!@
  |||||line 136, col 46 to line 136, col 57 of module pipeline_ooo: 844
@!@!@ENDMSG 2221 @!@!@
@!@!@STARTMSG 2221:0 @!@!@
  ||||line 136, col 23 to line 136, col 34 of module pipeline_ooo: 211
@!@!@ENDMSG 2221 @!@!@
@!@!@STARTMSG 2221:0 @!@!@
  |line 51, col 29 to line 51, col 35 of module MC: 211
@!@!@ENDMSG 2221 @!@!@
@!@!@STARTMSG 2221:0 @!@!@
  ||line 150, col 21 to line 150, col 27 of module pipeline_ooo: 195
@!@!@ENDMSG 2221 @!@!@
@!@!@STARTMSG 2221:0 @!@!@
  ||line 151, col 12 to line 156, col 63 of module pipeline_ooo: 211
@!@!@ENDMSG 2221 @!@!@
@!@!@STARTMSG 2221:0 @!@!@
  |||line 151, col 15 to line 153, col 60 of module pipeline_ooo: 211
@!@!@ENDMSG 2221 @!@!@
@!@!@STARTMSG 2221:0 @!@!@
  ||||line 151, col 15 to line 152, col 29 of module pipeline_ooo: 211
@!@!@ENDMSG 2221 @!@!@
@!@!@STARTMSG 2221:0 @!@!@
  |||||line 151, col 18 to line 151, col 28 of module pipeline_ooo: 211
@!@!@ENDMSG 2221 @!@!@
@!@!@STARTMSG 2221:0 @!@!@
  ||||||line 120, col 16 to line 121, col 67 of module pipeline_ooo: 211
@!@!@ENDMSG 2221 @!@!@
@!@!@STARTMSG 2221:0 @!@!@
  |||||||line 120, col 31 to line 121, col 67 of module pipeline_ooo: 234
@!@!@ENDMSG 2221 @!@!@
@!@!@STARTMSG 2221:0 @!@!@
  ||||||||line 121, col 17 to line 121, col 67 of module pipeline_ooo: 1026
@!@!@ENDMSG 2221 @!@!@
@!@!@STARTMSG 2221:0 @!@!@
  |||||||||line 121, col 17 to line 121, col 42 of module pipeline_ooo: 1026
@!@!@ENDMSG 2221 @!@!@
@!@!@STARTMSG 2221:0 @!@!@
  |||||||||line 121, col 47 to line 121, col 67 of module pipeline_ooo: 186
@!@!@ENDMSG 2221 @!@!@
@!@!@STARTMSG 2221:0 @!@!@
  ||||||||line 120, col 40 to line 120, col 60 of module pipeline_ooo: 234
@!@!@ENDMSG 2221 @!@!@
@!@!@STARTMSG 2221:0 @!@!@
  |||||||line 120, col 25 to line 120, col 28 of module pipeline_ooo: 211
@!@!@ENDMSG 2221 @!@!@
@!@!@STARTMSG 2221:0 @!@!@
  ||||||line 151, col 27 to line 151, col 27 of module pipeline_ooo: 195
@!@!@ENDMSG 2221 @!@!@
@!@!@STARTMSG 2221:0 @!@!@
  |||||line 152, col 18 to line 152, col 29 of module pipeline_ooo: 16
@!@!@ENDMSG 2221 @!@!@
@!@!@STARTMSG 2221:0 @!@!@
  ||||line 153, col 18 to line 153, col 60 of module pipeline_ooo: 4
@!@!@ENDMSG 2221 @!@!@
@!@!@STARTMSG 2221:0 @!@!@
  |||line 154, col 17 to line 154, col 20 of module pipeline_ooo: 210
@!@!@ENDMSG 2221 @!@!@
@!@!@STARTMSG 2221:0 @!@!@
  |||line 155, col 17 to line 156, col 63 of module pipeline_ooo: 1
@!@!@ENDMSG 2221 @!@!@
@!@!@STARTMSG 2202:0 @!@!@
End of statistics.
@!@!@ENDMSG 2202 @!@!@
@!@!@STARTMSG 2200:0 @!@!@
Progress(14) at 2021-06-29 22:33:52: 226 states generated (3 960 s/min), 211 distinct states found (3 697 ds/min), 0 states left on queue.
@!@!@ENDMSG 2200 @!@!@
@!@!@STARTMSG 2199:0 @!@!@
226 states generated, 211 distinct states found, 0 states left on queue.
@!@!@ENDMSG 2199 @!@!@
@!@!@STARTMSG 2194:0 @!@!@
The depth of the complete state graph search is 14.
@!@!@ENDMSG 2194 @!@!@
@!@!@STARTMSG 2268:0 @!@!@
The average outdegree of the complete state graph is 1 (minimum is 0, the maximum 1 and the 95th percentile is 1).
@!@!@ENDMSG 2268 @!@!@
@!@!@STARTMSG 2186:0 @!@!@
Finished in 3441ms at (2021-06-29 22:33:52)
@!@!@ENDMSG 2186 @!@!@
