@!@!@STARTMSG 2262:0 @!@!@
TLC2 Version 2.16 of 31 December 2020 (rev: cdddf55)
@!@!@ENDMSG 2262 @!@!@
@!@!@STARTMSG 2187:0 @!@!@
Running breadth-first search Model-Checking with fp 83 and seed 5774077126743442761 with 4 workers on 4 cores with 2274MB heap and 5113MB offheap memory [pid: 19657] (Linux 5.4.0-109-generic amd64, AdoptOpenJDK 14.0.1 x86_64, OffHeapDiskFPSet, DiskStateQueue).
@!@!@ENDMSG 2187 @!@!@
@!@!@STARTMSG 2220:0 @!@!@
Starting SANY...
@!@!@ENDMSG 2220 @!@!@
Parsing file /home/benjaminbinder/Documents/timing-anomalies/tla/OoO/pipeline_ooo.toolbox/bench_insertsort/MC.tla
Parsing file /home/benjaminbinder/Documents/timing-anomalies/tla/OoO/pipeline_ooo.toolbox/bench_insertsort/pipeline_ooo.tla
Parsing file /usr/tla_toolbox/plugins/org.lamport.tlatools_1.0.0.202012311918/tla2sany/StandardModules/TLC.tla
Parsing file /usr/tla_toolbox/plugins/org.lamport.tlatools_1.0.0.202012311918/tla2sany/StandardModules/Sequences.tla
Parsing file /home/benjaminbinder/Documents/timing-anomalies/tla/OoO/pipeline_ooo.toolbox/bench_insertsort/instructions_ooo.tla
Parsing file /usr/tla_toolbox/plugins/org.lamport.tlatools_1.0.0.202012311918/tla2sany/StandardModules/Integers.tla
Parsing file /usr/tla_toolbox/plugins/org.lamport.tlatools_1.0.0.202012311918/tla2sany/StandardModules/FiniteSets.tla
Parsing file /home/benjaminbinder/Documents/timing-anomalies/tla/lib/TAExpl.tla
Parsing file /usr/tla_toolbox/plugins/org.lamport.tlatools_1.0.0.202012311918/tla2sany/StandardModules/Naturals.tla
Parsing file /home/benjaminbinder/Documents/timing-anomalies/tla/OoO/pipeline_ooo.toolbox/bench_insertsort/pipeline_exec_ooo.tla
Semantic processing of module Naturals
Semantic processing of module Sequences
Semantic processing of module Integers
Semantic processing of module FiniteSets
Semantic processing of module instructions_ooo
Semantic processing of module TLC
Semantic processing of module TAExpl
Semantic processing of module pipeline_exec_ooo
Semantic processing of module pipeline_ooo
Semantic processing of module MC
@!@!@STARTMSG 2219:0 @!@!@
SANY finished.
@!@!@ENDMSG 2219 @!@!@
@!@!@STARTMSG 2185:0 @!@!@
Starting... (2022-08-17 18:39:05)
@!@!@ENDMSG 2185 @!@!@
@!@!@STARTMSG 2168:0 @!@!@
Loading InitOutputFile operator override from file:/home/benjaminbinder/Documents/timing-anomalies/tla/lib/TAExpl.class with signature: <Java Method: public static tlc2.value.impl.Value TAExpl.InitOutputFile(tlc2.value.impl.Value,tlc2.value.impl.Value,tlc2.value.impl.Value,tlc2.value.impl.Value,tlc2.value.impl.Value,tlc2.value.impl.Value,tlc2.value.impl.Value) throws java.io.IOException,java.lang.InterruptedException>.
@!@!@ENDMSG 2168 @!@!@
@!@!@STARTMSG 2168:0 @!@!@
Loading HasTA operator override from file:/home/benjaminbinder/Documents/timing-anomalies/tla/lib/TAExpl.class with signature: <Java Method: public static tlc2.value.impl.Value TAExpl.HasTA(tlc2.value.impl.Value,tlc2.value.impl.Value,tlc2.value.impl.Value,tlc2.value.impl.BoolValue) throws java.io.IOException,java.lang.InterruptedException>.
@!@!@ENDMSG 2168 @!@!@
<<"$!@$!@$!@$!@$!", 30>>
@!@!@STARTMSG 2189:0 @!@!@
Computing initial states...
@!@!@ENDMSG 2189 @!@!@
@!@!@STARTMSG 2190:0 @!@!@
Finished computing initial states: 1 distinct state generated at 2022-08-17 18:39:07.
@!@!@ENDMSG 2190 @!@!@
@!@!@STARTMSG 2110:1 @!@!@
Invariant inv_1660754344846361000 is violated.
@!@!@ENDMSG 2110 @!@!@
@!@!@STARTMSG 2121:1 @!@!@
The behavior up to this point is:
@!@!@ENDMSG 2121 @!@!@
@!@!@STARTMSG 2217:4 @!@!@
1: <Initial predicate>
/\ _RS2 = <<{}, {}, {}, {}>>
/\ _COM2 = << [ ind |-> 0,
     type |-> "No_OpClass",
     r0 |-> "",
     r1 |-> "",
     r2 |-> "",
     addr |-> "" ],
   [ ind |-> 0,
     type |-> "No_OpClass",
     r0 |-> "",
     r1 |-> "",
     r2 |-> "",
     addr |-> "" ] >>
/\ _ID = << [ ind |-> 0,
     type |-> "No_OpClass",
     r0 |-> "",
     r1 |-> "",
     r2 |-> "",
     addr |-> "" ],
   [ ind |-> 0,
     type |-> "No_OpClass",
     r0 |-> "",
     r1 |-> "",
     r2 |-> "",
     addr |-> "" ] >>
/\ _IF = << [ instr |->
         [ ind |-> 0,
           type |-> "No_OpClass",
           r0 |-> "",
           r1 |-> "",
           r2 |-> "",
           addr |-> "" ],
     baseLat |-> 1,
     currLat |-> 1 ],
   [ instr |->
         [ ind |-> 0,
           type |-> "No_OpClass",
           r0 |-> "",
           r1 |-> "",
           r2 |-> "",
           addr |-> "" ],
     baseLat |-> 1,
     currLat |-> 1 ] >>
/\ _FU2 = << [ instr |->
         [ ind |-> 0,
           type |-> "No_OpClass",
           r0 |-> "",
           r1 |-> "",
           r2 |-> "",
           addr |-> "" ],
     baseLat |-> 1,
     currLat |-> 1 ],
   [ instr |->
         [ ind |-> 0,
           type |-> "No_OpClass",
           r0 |-> "",
           r1 |-> "",
           r2 |-> "",
           addr |-> "" ],
     baseLat |-> 1,
     currLat |-> 1 ],
   [ instr |->
         [ ind |-> 0,
           type |-> "No_OpClass",
           r0 |-> "",
           r1 |-> "",
           r2 |-> "",
           addr |-> "" ],
     baseLat |-> 1,
     currLat |-> 1 ],
   [ instr |->
         [ ind |-> 0,
           type |-> "No_OpClass",
           r0 |-> "",
           r1 |-> "",
           r2 |-> "",
           addr |-> "" ],
     baseLat |-> 1,
     currLat |-> 1 ] >>
/\ _COM = << [ ind |-> 0,
     type |-> "No_OpClass",
     r0 |-> "",
     r1 |-> "",
     r2 |-> "",
     addr |-> "" ],
   [ ind |-> 0,
     type |-> "No_OpClass",
     r0 |-> "",
     r1 |-> "",
     r2 |-> "",
     addr |-> "" ] >>
/\ exec_inst2 = 2
/\ _ID2 = << [ ind |-> 0,
     type |-> "No_OpClass",
     r0 |-> "",
     r1 |-> "",
     r2 |-> "",
     addr |-> "" ],
   [ ind |-> 0,
     type |-> "No_OpClass",
     r0 |-> "",
     r1 |-> "",
     r2 |-> "",
     addr |-> "" ] >>
/\ graph = [nodes |-> <<>>, edges |-> {}]
/\ currCycle2 = 0
/\ _IF2 = << [ instr |->
         [ ind |-> 0,
           type |-> "No_OpClass",
           r0 |-> "",
           r1 |-> "",
           r2 |-> "",
           addr |-> "" ],
     baseLat |-> 1,
     currLat |-> 1 ],
   [ instr |->
         [ ind |-> 0,
           type |-> "No_OpClass",
           r0 |-> "",
           r1 |-> "",
           r2 |-> "",
           addr |-> "" ],
     baseLat |-> 1,
     currLat |-> 1 ] >>
/\ lastBound = 0
/\ graph2 = [nodes |-> <<>>, edges |-> {}]
/\ pc2 = 0
/\ robHead = 1
/\ rob = <<>>
/\ _RS = <<{}, {}, {}, {}>>
/\ currCycle = 0
/\ exec_inst = 1
/\ robHead2 = 1
/\ pc = 0
/\ rob2 = <<>>
/\ _FU = << [ instr |->
         [ ind |-> 0,
           type |-> "No_OpClass",
           r0 |-> "",
           r1 |-> "",
           r2 |-> "",
           addr |-> "" ],
     baseLat |-> 1,
     currLat |-> 1 ],
   [ instr |->
         [ ind |-> 0,
           type |-> "No_OpClass",
           r0 |-> "",
           r1 |-> "",
           r2 |-> "",
           addr |-> "" ],
     baseLat |-> 1,
     currLat |-> 1 ],
   [ instr |->
         [ ind |-> 0,
           type |-> "No_OpClass",
           r0 |-> "",
           r1 |-> "",
           r2 |-> "",
           addr |-> "" ],
     baseLat |-> 1,
     currLat |-> 1 ],
   [ instr |->
         [ ind |-> 0,
           type |-> "No_OpClass",
           r0 |-> "",
           r1 |-> "",
           r2 |-> "",
           addr |-> "" ],
     baseLat |-> 1,
     currLat |-> 1 ] >>

@!@!@ENDMSG 2217 @!@!@
@!@!@STARTMSG 2217:4 @!@!@
2: <Next line 63, col 9 to line 67, col 64 of module pipeline_ooo>
/\ _RS2 = <<{}, {}, {}, {}>>
/\ _COM2 = << [ ind |-> 0,
     type |-> "No_OpClass",
     r0 |-> "",
     r1 |-> "",
     r2 |-> "",
     addr |-> "" ],
   [ ind |-> 0,
     type |-> "No_OpClass",
     r0 |-> "",
     r1 |-> "",
     r2 |-> "",
     addr |-> "" ] >>
/\ _ID = << [ ind |-> 0,
     type |-> "No_OpClass",
     r0 |-> "",
     r1 |-> "",
     r2 |-> "",
     addr |-> "" ],
   [ ind |-> 0,
     type |-> "No_OpClass",
     r0 |-> "",
     r1 |-> "",
     r2 |-> "",
     addr |-> "" ] >>
/\ _IF = << [ instr |->
         [ ind |-> 4466,
           type |-> "IntAlu",
           r0 |-> "sp",
           r1 |-> "",
           r2 |-> "",
           addr |-> "0x10552" ],
     baseLat |-> 1,
     currLat |-> 1 ],
   [ instr |->
         [ ind |-> 4467,
           type |-> "MemWrite",
           r0 |-> "s0",
           r1 |-> "",
           r2 |-> "",
           addr |-> "0x10554" ],
     baseLat |-> 1,
     currLat |-> 1 ] >>
/\ _FU2 = << [ instr |->
         [ ind |-> 0,
           type |-> "No_OpClass",
           r0 |-> "",
           r1 |-> "",
           r2 |-> "",
           addr |-> "" ],
     baseLat |-> 1,
     currLat |-> 1 ],
   [ instr |->
         [ ind |-> 0,
           type |-> "No_OpClass",
           r0 |-> "",
           r1 |-> "",
           r2 |-> "",
           addr |-> "" ],
     baseLat |-> 1,
     currLat |-> 1 ],
   [ instr |->
         [ ind |-> 0,
           type |-> "No_OpClass",
           r0 |-> "",
           r1 |-> "",
           r2 |-> "",
           addr |-> "" ],
     baseLat |-> 1,
     currLat |-> 1 ],
   [ instr |->
         [ ind |-> 0,
           type |-> "No_OpClass",
           r0 |-> "",
           r1 |-> "",
           r2 |-> "",
           addr |-> "" ],
     baseLat |-> 1,
     currLat |-> 1 ] >>
/\ _COM = << [ ind |-> 0,
     type |-> "No_OpClass",
     r0 |-> "",
     r1 |-> "",
     r2 |-> "",
     addr |-> "" ],
   [ ind |-> 0,
     type |-> "No_OpClass",
     r0 |-> "",
     r1 |-> "",
     r2 |-> "",
     addr |-> "" ] >>
/\ exec_inst2 = 2
/\ _ID2 = << [ ind |-> 0,
     type |-> "No_OpClass",
     r0 |-> "",
     r1 |-> "",
     r2 |-> "",
     addr |-> "" ],
   [ ind |-> 0,
     type |-> "No_OpClass",
     r0 |-> "",
     r1 |-> "",
     r2 |-> "",
     addr |-> "" ] >>
/\ graph = [nodes |-> <<>>, edges |-> {}]
/\ currCycle2 = 1
/\ _IF2 = << [ instr |->
         [ ind |-> 4466,
           type |-> "IntAlu",
           r0 |-> "sp",
           r1 |-> "",
           r2 |-> "",
           addr |-> "0x10552" ],
     baseLat |-> 1,
     currLat |-> 1 ],
   [ instr |->
         [ ind |-> 4467,
           type |-> "MemWrite",
           r0 |-> "s0",
           r1 |-> "",
           r2 |-> "",
           addr |-> "0x10554" ],
     baseLat |-> 1,
     currLat |-> 1 ] >>
/\ lastBound = 0
/\ graph2 = [nodes |-> <<>>, edges |-> {}]
/\ pc2 = 2
/\ robHead = 1
/\ rob = <<>>
/\ _RS = <<{}, {}, {}, {}>>
/\ currCycle = 1
/\ exec_inst = 1
/\ robHead2 = 1
/\ pc = 2
/\ rob2 = <<>>
/\ _FU = << [ instr |->
         [ ind |-> 0,
           type |-> "No_OpClass",
           r0 |-> "",
           r1 |-> "",
           r2 |-> "",
           addr |-> "" ],
     baseLat |-> 1,
     currLat |-> 1 ],
   [ instr |->
         [ ind |-> 0,
           type |-> "No_OpClass",
           r0 |-> "",
           r1 |-> "",
           r2 |-> "",
           addr |-> "" ],
     baseLat |-> 1,
     currLat |-> 1 ],
   [ instr |->
         [ ind |-> 0,
           type |-> "No_OpClass",
           r0 |-> "",
           r1 |-> "",
           r2 |-> "",
           addr |-> "" ],
     baseLat |-> 1,
     currLat |-> 1 ],
   [ instr |->
         [ ind |-> 0,
           type |-> "No_OpClass",
           r0 |-> "",
           r1 |-> "",
           r2 |-> "",
           addr |-> "" ],
     baseLat |-> 1,
     currLat |-> 1 ] >>

@!@!@ENDMSG 2217 @!@!@
@!@!@STARTMSG 2217:4 @!@!@
3: <Next line 63, col 9 to line 67, col 64 of module pipeline_ooo>
/\ _RS2 = <<{}, {}, {}, {}>>
/\ _COM2 = << [ ind |-> 0,
     type |-> "No_OpClass",
     r0 |-> "",
     r1 |-> "",
     r2 |-> "",
     addr |-> "" ],
   [ ind |-> 0,
     type |-> "No_OpClass",
     r0 |-> "",
     r1 |-> "",
     r2 |-> "",
     addr |-> "" ] >>
/\ _ID = << [ ind |-> 4466,
     type |-> "IntAlu",
     r0 |-> "sp",
     r1 |-> "",
     r2 |-> "",
     addr |-> "0x10552" ],
   [ ind |-> 4467,
     type |-> "MemWrite",
     r0 |-> "s0",
     r1 |-> "",
     r2 |-> "",
     addr |-> "0x10554" ] >>
/\ _IF = << [ instr |->
         [ ind |-> 4468,
           type |-> "IntAlu",
           r0 |-> "s0",
           r1 |-> "sp",
           r2 |-> "",
           addr |-> "0x10556" ],
     baseLat |-> 1,
     currLat |-> 1 ],
   [ instr |->
         [ ind |-> 4469,
           type |-> "IntAlu",
           r0 |-> "a5",
           r1 |-> "",
           r2 |-> "",
           addr |-> "0x10558" ],
     baseLat |-> 1,
     currLat |-> 1 ] >>
/\ _FU2 = << [ instr |->
         [ ind |-> 0,
           type |-> "No_OpClass",
           r0 |-> "",
           r1 |-> "",
           r2 |-> "",
           addr |-> "" ],
     baseLat |-> 1,
     currLat |-> 1 ],
   [ instr |->
         [ ind |-> 0,
           type |-> "No_OpClass",
           r0 |-> "",
           r1 |-> "",
           r2 |-> "",
           addr |-> "" ],
     baseLat |-> 1,
     currLat |-> 1 ],
   [ instr |->
         [ ind |-> 0,
           type |-> "No_OpClass",
           r0 |-> "",
           r1 |-> "",
           r2 |-> "",
           addr |-> "" ],
     baseLat |-> 1,
     currLat |-> 1 ],
   [ instr |->
         [ ind |-> 0,
           type |-> "No_OpClass",
           r0 |-> "",
           r1 |-> "",
           r2 |-> "",
           addr |-> "" ],
     baseLat |-> 1,
     currLat |-> 1 ] >>
/\ _COM = << [ ind |-> 0,
     type |-> "No_OpClass",
     r0 |-> "",
     r1 |-> "",
     r2 |-> "",
     addr |-> "" ],
   [ ind |-> 0,
     type |-> "No_OpClass",
     r0 |-> "",
     r1 |-> "",
     r2 |-> "",
     addr |-> "" ] >>
/\ exec_inst2 = 2
/\ _ID2 = << [ ind |-> 4466,
     type |-> "IntAlu",
     r0 |-> "sp",
     r1 |-> "",
     r2 |-> "",
     addr |-> "0x10552" ],
   [ ind |-> 4467,
     type |-> "MemWrite",
     r0 |-> "s0",
     r1 |-> "",
     r2 |-> "",
     addr |-> "0x10554" ] >>
/\ graph = [ nodes |->
      << [ ind |-> 4466,
           addr |-> "0x10552",
           COM |-> 0,
           IFacq |-> 1,
           IFrel |-> 2,
           IDacq |-> 0,
           IDrel |-> 0,
           FUacq |-> 0,
           FUrel |-> 0,
           ROB |-> 0,
           RS |-> 0,
           FU |-> 0 ],
         [ ind |-> 4467,
           addr |-> "0x10554",
           COM |-> 0,
           IFacq |-> 1,
           IFrel |-> 2,
           IDacq |-> 0,
           IDrel |-> 0,
           FUacq |-> 0,
           FUrel |-> 0,
           ROB |-> 0,
           RS |-> 0,
           FU |-> 0 ] >>,
  edges |-> {} ]
/\ currCycle2 = 2
/\ _IF2 = << [ instr |->
         [ ind |-> 4468,
           type |-> "IntAlu",
           r0 |-> "s0",
           r1 |-> "sp",
           r2 |-> "",
           addr |-> "0x10556" ],
     baseLat |-> 1,
     currLat |-> 1 ],
   [ instr |->
         [ ind |-> 4469,
           type |-> "IntAlu",
           r0 |-> "a5",
           r1 |-> "",
           r2 |-> "",
           addr |-> "0x10558" ],
     baseLat |-> 1,
     currLat |-> 1 ] >>
/\ lastBound = 0
/\ graph2 = [ nodes |->
      << [ ind |-> 4466,
           addr |-> "0x10552",
           COM |-> 0,
           IFacq |-> 1,
           IFrel |-> 2,
           IDacq |-> 0,
           IDrel |-> 0,
           FUacq |-> 0,
           FUrel |-> 0,
           ROB |-> 0,
           RS |-> 0,
           FU |-> 0 ],
         [ ind |-> 4467,
           addr |-> "0x10554",
           COM |-> 0,
           IFacq |-> 1,
           IFrel |-> 2,
           IDacq |-> 0,
           IDrel |-> 0,
           FUacq |-> 0,
           FUrel |-> 0,
           ROB |-> 0,
           RS |-> 0,
           FU |-> 0 ] >>,
  edges |-> {} ]
/\ pc2 = 4
/\ robHead = 1
/\ rob = <<>>
/\ _RS = <<{}, {}, {}, {}>>
/\ currCycle = 2
/\ exec_inst = 1
/\ robHead2 = 1
/\ pc = 4
/\ rob2 = <<>>
/\ _FU = << [ instr |->
         [ ind |-> 0,
           type |-> "No_OpClass",
           r0 |-> "",
           r1 |-> "",
           r2 |-> "",
           addr |-> "" ],
     baseLat |-> 1,
     currLat |-> 1 ],
   [ instr |->
         [ ind |-> 0,
           type |-> "No_OpClass",
           r0 |-> "",
           r1 |-> "",
           r2 |-> "",
           addr |-> "" ],
     baseLat |-> 1,
     currLat |-> 1 ],
   [ instr |->
         [ ind |-> 0,
           type |-> "No_OpClass",
           r0 |-> "",
           r1 |-> "",
           r2 |-> "",
           addr |-> "" ],
     baseLat |-> 1,
     currLat |-> 1 ],
   [ instr |->
         [ ind |-> 0,
           type |-> "No_OpClass",
           r0 |-> "",
           r1 |-> "",
           r2 |-> "",
           addr |-> "" ],
     baseLat |-> 1,
     currLat |-> 1 ] >>

@!@!@ENDMSG 2217 @!@!@
@!@!@STARTMSG 2217:4 @!@!@
4: <Next line 63, col 9 to line 67, col 64 of module pipeline_ooo>
/\ _RS2 = <<{}, {}, {}, {}>>
/\ _COM2 = << [ ind |-> 0,
     type |-> "No_OpClass",
     r0 |-> "",
     r1 |-> "",
     r2 |-> "",
     addr |-> "" ],
   [ ind |-> 0,
     type |-> "No_OpClass",
     r0 |-> "",
     r1 |-> "",
     r2 |-> "",
     addr |-> "" ] >>
/\ _ID = << [ ind |-> 4468,
     type |-> "IntAlu",
     r0 |-> "s0",
     r1 |-> "sp",
     r2 |-> "",
     addr |-> "0x10556" ],
   [ ind |-> 4469,
     type |-> "IntAlu",
     r0 |-> "a5",
     r1 |-> "",
     r2 |-> "",
     addr |-> "0x10558" ] >>
/\ _IF = << [ instr |->
         [ ind |-> 4470,
           type |-> "MemWrite",
           r0 |-> "a5",
           r1 |-> "",
           r2 |-> "",
           addr |-> "0x1055a" ],
     baseLat |-> 1,
     currLat |-> 1 ],
   [ instr |->
         [ ind |-> 4471,
           type |-> "IntAlu",
           r0 |-> "a5",
           r1 |-> "",
           r2 |-> "",
           addr |-> "0x1055e" ],
     baseLat |-> 1,
     currLat |-> 1 ] >>
/\ _FU2 = << [ instr |->
         [ ind |-> 4466,
           type |-> "IntAlu",
           r0 |-> "sp",
           r1 |-> "",
           r2 |-> "",
           addr |-> "0x10552" ],
     baseLat |-> 1,
     currLat |-> 1 ],
   [ instr |->
         [ ind |-> 4467,
           type |-> "MemWrite",
           r0 |-> "s0",
           r1 |-> "",
           r2 |-> "",
           addr |-> "0x10554" ],
     baseLat |-> 1,
     currLat |-> 1 ],
   [ instr |->
         [ ind |-> 0,
           type |-> "No_OpClass",
           r0 |-> "",
           r1 |-> "",
           r2 |-> "",
           addr |-> "" ],
     baseLat |-> 1,
     currLat |-> 1 ],
   [ instr |->
         [ ind |-> 0,
           type |-> "No_OpClass",
           r0 |-> "",
           r1 |-> "",
           r2 |-> "",
           addr |-> "" ],
     baseLat |-> 1,
     currLat |-> 1 ] >>
/\ _COM = << [ ind |-> 0,
     type |-> "No_OpClass",
     r0 |-> "",
     r1 |-> "",
     r2 |-> "",
     addr |-> "" ],
   [ ind |-> 0,
     type |-> "No_OpClass",
     r0 |-> "",
     r1 |-> "",
     r2 |-> "",
     addr |-> "" ] >>
/\ exec_inst2 = 2
/\ _ID2 = << [ ind |-> 4468,
     type |-> "IntAlu",
     r0 |-> "s0",
     r1 |-> "sp",
     r2 |-> "",
     addr |-> "0x10556" ],
   [ ind |-> 4469,
     type |-> "IntAlu",
     r0 |-> "a5",
     r1 |-> "",
     r2 |-> "",
     addr |-> "0x10558" ] >>
/\ graph = [ nodes |->
      << [ ind |-> 4466,
           addr |-> "0x10552",
           COM |-> 0,
           IFacq |-> 1,
           IFrel |-> 2,
           IDacq |-> 2,
           IDrel |-> 3,
           FUacq |-> 0,
           FUrel |-> 0,
           ROB |-> 2,
           RS |-> 2,
           FU |-> 0 ],
         [ ind |-> 4467,
           addr |-> "0x10554",
           COM |-> 0,
           IFacq |-> 1,
           IFrel |-> 2,
           IDacq |-> 2,
           IDrel |-> 3,
           FUacq |-> 0,
           FUrel |-> 0,
           ROB |-> 2,
           RS |-> 2,
           FU |-> 0 ],
         [ ind |-> 4468,
           addr |-> "0x10556",
           COM |-> 0,
           IFacq |-> 2,
           IFrel |-> 3,
           IDacq |-> 0,
           IDrel |-> 0,
           FUacq |-> 0,
           FUrel |-> 0,
           ROB |-> 0,
           RS |-> 0,
           FU |-> 0 ],
         [ ind |-> 4469,
           addr |-> "0x10558",
           COM |-> 0,
           IFacq |-> 2,
           IFrel |-> 3,
           IDacq |-> 0,
           IDrel |-> 0,
           FUacq |-> 0,
           FUrel |-> 0,
           ROB |-> 0,
           RS |-> 0,
           FU |-> 0 ] >>,
  edges |-> {} ]
/\ currCycle2 = 3
/\ _IF2 = << [ instr |->
         [ ind |-> 4470,
           type |-> "MemWrite",
           r0 |-> "a5",
           r1 |-> "",
           r2 |-> "",
           addr |-> "0x1055a" ],
     baseLat |-> 1,
     currLat |-> 1 ],
   [ instr |->
         [ ind |-> 4471,
           type |-> "IntAlu",
           r0 |-> "a5",
           r1 |-> "",
           r2 |-> "",
           addr |-> "0x1055e" ],
     baseLat |-> 1,
     currLat |-> 1 ] >>
/\ lastBound = 0
/\ graph2 = [ nodes |->
      << [ ind |-> 4466,
           addr |-> "0x10552",
           COM |-> 0,
           IFacq |-> 1,
           IFrel |-> 2,
           IDacq |-> 2,
           IDrel |-> 3,
           FUacq |-> 0,
           FUrel |-> 0,
           ROB |-> 2,
           RS |-> 2,
           FU |-> 0 ],
         [ ind |-> 4467,
           addr |-> "0x10554",
           COM |-> 0,
           IFacq |-> 1,
           IFrel |-> 2,
           IDacq |-> 2,
           IDrel |-> 3,
           FUacq |-> 0,
           FUrel |-> 0,
           ROB |-> 2,
           RS |-> 2,
           FU |-> 0 ],
         [ ind |-> 4468,
           addr |-> "0x10556",
           COM |-> 0,
           IFacq |-> 2,
           IFrel |-> 3,
           IDacq |-> 0,
           IDrel |-> 0,
           FUacq |-> 0,
           FUrel |-> 0,
           ROB |-> 0,
           RS |-> 0,
           FU |-> 0 ],
         [ ind |-> 4469,
           addr |-> "0x10558",
           COM |-> 0,
           IFacq |-> 2,
           IFrel |-> 3,
           IDacq |-> 0,
           IDrel |-> 0,
           FUacq |-> 0,
           FUrel |-> 0,
           ROB |-> 0,
           RS |-> 0,
           FU |-> 0 ] >>,
  edges |-> {} ]
/\ pc2 = 6
/\ robHead = 1
/\ rob = << [ instr |->
         [ ind |-> 4466,
           type |-> "IntAlu",
           r0 |-> "sp",
           r1 |-> "",
           r2 |-> "",
           addr |-> "0x10552" ],
     done |-> FALSE,
     executed |-> FALSE ],
   [ instr |->
         [ ind |-> 4467,
           type |-> "MemWrite",
           r0 |-> "s0",
           r1 |-> "",
           r2 |-> "",
           addr |-> "0x10554" ],
     done |-> FALSE,
     executed |-> FALSE ] >>
/\ _RS = <<{}, {}, {}, {}>>
/\ currCycle = 3
/\ exec_inst = 1
/\ robHead2 = 1
/\ pc = 6
/\ rob2 = << [ instr |->
         [ ind |-> 4466,
           type |-> "IntAlu",
           r0 |-> "sp",
           r1 |-> "",
           r2 |-> "",
           addr |-> "0x10552" ],
     done |-> FALSE,
     executed |-> FALSE ],
   [ instr |->
         [ ind |-> 4467,
           type |-> "MemWrite",
           r0 |-> "s0",
           r1 |-> "",
           r2 |-> "",
           addr |-> "0x10554" ],
     done |-> FALSE,
     executed |-> FALSE ] >>
/\ _FU = << [ instr |->
         [ ind |-> 4466,
           type |-> "IntAlu",
           r0 |-> "sp",
           r1 |-> "",
           r2 |-> "",
           addr |-> "0x10552" ],
     baseLat |-> 1,
     currLat |-> 1 ],
   [ instr |->
         [ ind |-> 4467,
           type |-> "MemWrite",
           r0 |-> "s0",
           r1 |-> "",
           r2 |-> "",
           addr |-> "0x10554" ],
     baseLat |-> 1,
     currLat |-> 1 ],
   [ instr |->
         [ ind |-> 0,
           type |-> "No_OpClass",
           r0 |-> "",
           r1 |-> "",
           r2 |-> "",
           addr |-> "" ],
     baseLat |-> 1,
     currLat |-> 1 ],
   [ instr |->
         [ ind |-> 0,
           type |-> "No_OpClass",
           r0 |-> "",
           r1 |-> "",
           r2 |-> "",
           addr |-> "" ],
     baseLat |-> 1,
     currLat |-> 1 ] >>

@!@!@ENDMSG 2217 @!@!@
@!@!@STARTMSG 2217:4 @!@!@
5: <Next line 63, col 9 to line 67, col 64 of module pipeline_ooo>
/\ _RS2 = << { [ ind |-> 4469,
       type |-> "IntAlu",
       r0 |-> "a5",
       r1 |-> "",
       r2 |-> "",
       addr |-> "0x10558" ] },
   {},
   {},
   {} >>
/\ _COM2 = << [ ind |-> 4466,
     type |-> "IntAlu",
     r0 |-> "sp",
     r1 |-> "",
     r2 |-> "",
     addr |-> "0x10552" ],
   [ ind |-> 4467,
     type |-> "MemWrite",
     r0 |-> "s0",
     r1 |-> "",
     r2 |-> "",
     addr |-> "0x10554" ] >>
/\ _ID = << [ ind |-> 4470,
     type |-> "MemWrite",
     r0 |-> "a5",
     r1 |-> "",
     r2 |-> "",
     addr |-> "0x1055a" ],
   [ ind |-> 4471,
     type |-> "IntAlu",
     r0 |-> "a5",
     r1 |-> "",
     r2 |-> "",
     addr |-> "0x1055e" ] >>
/\ _IF = << [ instr |->
         [ ind |-> 4472,
           type |-> "MemWrite",
           r0 |-> "zero",
           r1 |-> "",
           r2 |-> "",
           addr |-> "0x10562" ],
     baseLat |-> 1,
     currLat |-> 1 ],
   [ instr |->
         [ ind |-> 4473,
           type |-> "IntAlu",
           r0 |-> "",
           r1 |-> "",
           r2 |-> "",
           addr |-> "0x10566" ],
     baseLat |-> 1,
     currLat |-> 1 ] >>
/\ _FU2 = << [ instr |->
         [ ind |-> 4468,
           type |-> "IntAlu",
           r0 |-> "s0",
           r1 |-> "sp",
           r2 |-> "",
           addr |-> "0x10556" ],
     baseLat |-> 1,
     currLat |-> 1 ],
   [ instr |->
         [ ind |-> 0,
           type |-> "No_OpClass",
           r0 |-> "",
           r1 |-> "",
           r2 |-> "",
           addr |-> "" ],
     baseLat |-> 1,
     currLat |-> 1 ],
   [ instr |->
         [ ind |-> 0,
           type |-> "No_OpClass",
           r0 |-> "",
           r1 |-> "",
           r2 |-> "",
           addr |-> "" ],
     baseLat |-> 1,
     currLat |-> 1 ],
   [ instr |->
         [ ind |-> 0,
           type |-> "No_OpClass",
           r0 |-> "",
           r1 |-> "",
           r2 |-> "",
           addr |-> "" ],
     baseLat |-> 1,
     currLat |-> 1 ] >>
/\ _COM = << [ ind |-> 4466,
     type |-> "IntAlu",
     r0 |-> "sp",
     r1 |-> "",
     r2 |-> "",
     addr |-> "0x10552" ],
   [ ind |-> 4467,
     type |-> "MemWrite",
     r0 |-> "s0",
     r1 |-> "",
     r2 |-> "",
     addr |-> "0x10554" ] >>
/\ exec_inst2 = 2
/\ _ID2 = << [ ind |-> 4470,
     type |-> "MemWrite",
     r0 |-> "a5",
     r1 |-> "",
     r2 |-> "",
     addr |-> "0x1055a" ],
   [ ind |-> 4471,
     type |-> "IntAlu",
     r0 |-> "a5",
     r1 |-> "",
     r2 |-> "",
     addr |-> "0x1055e" ] >>
/\ graph = [ nodes |->
      << [ ind |-> 4466,
           addr |-> "0x10552",
           COM |-> 0,
           IFacq |-> 1,
           IFrel |-> 2,
           IDacq |-> 2,
           IDrel |-> 3,
           FUacq |-> 3,
           FUrel |-> 4,
           ROB |-> 2,
           RS |-> 2,
           FU |-> 1 ],
         [ ind |-> 4467,
           addr |-> "0x10554",
           COM |-> 0,
           IFacq |-> 1,
           IFrel |-> 2,
           IDacq |-> 2,
           IDrel |-> 3,
           FUacq |-> 3,
           FUrel |-> 4,
           ROB |-> 2,
           RS |-> 2,
           FU |-> 2 ],
         [ ind |-> 4468,
           addr |-> "0x10556",
           COM |-> 0,
           IFacq |-> 2,
           IFrel |-> 3,
           IDacq |-> 3,
           IDrel |-> 4,
           FUacq |-> 0,
           FUrel |-> 0,
           ROB |-> 3,
           RS |-> 3,
           FU |-> 0 ],
         [ ind |-> 4469,
           addr |-> "0x10558",
           COM |-> 0,
           IFacq |-> 2,
           IFrel |-> 3,
           IDacq |-> 3,
           IDrel |-> 4,
           FUacq |-> 0,
           FUrel |-> 0,
           ROB |-> 3,
           RS |-> 3,
           FU |-> 0 ],
         [ ind |-> 4470,
           addr |-> "0x1055a",
           COM |-> 0,
           IFacq |-> 3,
           IFrel |-> 4,
           IDacq |-> 0,
           IDrel |-> 0,
           FUacq |-> 0,
           FUrel |-> 0,
           ROB |-> 0,
           RS |-> 0,
           FU |-> 0 ],
         [ ind |-> 4471,
           addr |-> "0x1055e",
           COM |-> 0,
           IFacq |-> 3,
           IFrel |-> 4,
           IDacq |-> 0,
           IDrel |-> 0,
           FUacq |-> 0,
           FUrel |-> 0,
           ROB |-> 0,
           RS |-> 0,
           FU |-> 0 ] >>,
  edges |-> {} ]
/\ currCycle2 = 4
/\ _IF2 = << [ instr |->
         [ ind |-> 4472,
           type |-> "MemWrite",
           r0 |-> "zero",
           r1 |-> "",
           r2 |-> "",
           addr |-> "0x10562" ],
     baseLat |-> 1,
     currLat |-> 1 ],
   [ instr |->
         [ ind |-> 4473,
           type |-> "IntAlu",
           r0 |-> "",
           r1 |-> "",
           r2 |-> "",
           addr |-> "0x10566" ],
     baseLat |-> 1,
     currLat |-> 1 ] >>
/\ lastBound = 0
/\ graph2 = [ nodes |->
      << [ ind |-> 4466,
           addr |-> "0x10552",
           COM |-> 0,
           IFacq |-> 1,
           IFrel |-> 2,
           IDacq |-> 2,
           IDrel |-> 3,
           FUacq |-> 3,
           FUrel |-> 4,
           ROB |-> 2,
           RS |-> 2,
           FU |-> 1 ],
         [ ind |-> 4467,
           addr |-> "0x10554",
           COM |-> 0,
           IFacq |-> 1,
           IFrel |-> 2,
           IDacq |-> 2,
           IDrel |-> 3,
           FUacq |-> 3,
           FUrel |-> 4,
           ROB |-> 2,
           RS |-> 2,
           FU |-> 2 ],
         [ ind |-> 4468,
           addr |-> "0x10556",
           COM |-> 0,
           IFacq |-> 2,
           IFrel |-> 3,
           IDacq |-> 3,
           IDrel |-> 4,
           FUacq |-> 0,
           FUrel |-> 0,
           ROB |-> 3,
           RS |-> 3,
           FU |-> 0 ],
         [ ind |-> 4469,
           addr |-> "0x10558",
           COM |-> 0,
           IFacq |-> 2,
           IFrel |-> 3,
           IDacq |-> 3,
           IDrel |-> 4,
           FUacq |-> 0,
           FUrel |-> 0,
           ROB |-> 3,
           RS |-> 3,
           FU |-> 0 ],
         [ ind |-> 4470,
           addr |-> "0x1055a",
           COM |-> 0,
           IFacq |-> 3,
           IFrel |-> 4,
           IDacq |-> 0,
           IDrel |-> 0,
           FUacq |-> 0,
           FUrel |-> 0,
           ROB |-> 0,
           RS |-> 0,
           FU |-> 0 ],
         [ ind |-> 4471,
           addr |-> "0x1055e",
           COM |-> 0,
           IFacq |-> 3,
           IFrel |-> 4,
           IDacq |-> 0,
           IDrel |-> 0,
           FUacq |-> 0,
           FUrel |-> 0,
           ROB |-> 0,
           RS |-> 0,
           FU |-> 0 ] >>,
  edges |-> {} ]
/\ pc2 = 8
/\ robHead = 1
/\ rob = << [ instr |->
         [ ind |-> 4466,
           type |-> "IntAlu",
           r0 |-> "sp",
           r1 |-> "",
           r2 |-> "",
           addr |-> "0x10552" ],
     done |-> FALSE,
     executed |-> TRUE ],
   [ instr |->
         [ ind |-> 4467,
           type |-> "MemWrite",
           r0 |-> "s0",
           r1 |-> "",
           r2 |-> "",
           addr |-> "0x10554" ],
     done |-> FALSE,
     executed |-> TRUE ],
   [ instr |->
         [ ind |-> 4468,
           type |-> "IntAlu",
           r0 |-> "s0",
           r1 |-> "sp",
           r2 |-> "",
           addr |-> "0x10556" ],
     done |-> FALSE,
     executed |-> FALSE ],
   [ instr |->
         [ ind |-> 4469,
           type |-> "IntAlu",
           r0 |-> "a5",
           r1 |-> "",
           r2 |-> "",
           addr |-> "0x10558" ],
     done |-> FALSE,
     executed |-> FALSE ] >>
/\ _RS = << { [ ind |-> 4469,
       type |-> "IntAlu",
       r0 |-> "a5",
       r1 |-> "",
       r2 |-> "",
       addr |-> "0x10558" ] },
   {},
   {},
   {} >>
/\ currCycle = 4
/\ exec_inst = 1
/\ robHead2 = 1
/\ pc = 8
/\ rob2 = << [ instr |->
         [ ind |-> 4466,
           type |-> "IntAlu",
           r0 |-> "sp",
           r1 |-> "",
           r2 |-> "",
           addr |-> "0x10552" ],
     done |-> FALSE,
     executed |-> TRUE ],
   [ instr |->
         [ ind |-> 4467,
           type |-> "MemWrite",
           r0 |-> "s0",
           r1 |-> "",
           r2 |-> "",
           addr |-> "0x10554" ],
     done |-> FALSE,
     executed |-> TRUE ],
   [ instr |->
         [ ind |-> 4468,
           type |-> "IntAlu",
           r0 |-> "s0",
           r1 |-> "sp",
           r2 |-> "",
           addr |-> "0x10556" ],
     done |-> FALSE,
     executed |-> FALSE ],
   [ instr |->
         [ ind |-> 4469,
           type |-> "IntAlu",
           r0 |-> "a5",
           r1 |-> "",
           r2 |-> "",
           addr |-> "0x10558" ],
     done |-> FALSE,
     executed |-> FALSE ] >>
/\ _FU = << [ instr |->
         [ ind |-> 4468,
           type |-> "IntAlu",
           r0 |-> "s0",
           r1 |-> "sp",
           r2 |-> "",
           addr |-> "0x10556" ],
     baseLat |-> 1,
     currLat |-> 1 ],
   [ instr |->
         [ ind |-> 0,
           type |-> "No_OpClass",
           r0 |-> "",
           r1 |-> "",
           r2 |-> "",
           addr |-> "" ],
     baseLat |-> 1,
     currLat |-> 1 ],
   [ instr |->
         [ ind |-> 0,
           type |-> "No_OpClass",
           r0 |-> "",
           r1 |-> "",
           r2 |-> "",
           addr |-> "" ],
     baseLat |-> 1,
     currLat |-> 1 ],
   [ instr |->
         [ ind |-> 0,
           type |-> "No_OpClass",
           r0 |-> "",
           r1 |-> "",
           r2 |-> "",
           addr |-> "" ],
     baseLat |-> 1,
     currLat |-> 1 ] >>

@!@!@ENDMSG 2217 @!@!@
@!@!@STARTMSG 2217:4 @!@!@
6: <Next line 63, col 9 to line 67, col 64 of module pipeline_ooo>
/\ _RS2 = << { [ ind |-> 4471,
       type |-> "IntAlu",
       r0 |-> "a5",
       r1 |-> "",
       r2 |-> "",
       addr |-> "0x1055e" ] },
   {},
   {},
   {} >>
/\ _COM2 = << [ ind |-> 4468,
     type |-> "IntAlu",
     r0 |-> "s0",
     r1 |-> "sp",
     r2 |-> "",
     addr |-> "0x10556" ],
   [ ind |-> 0,
     type |-> "No_OpClass",
     r0 |-> "",
     r1 |-> "",
     r2 |-> "",
     addr |-> "" ] >>
/\ _ID = << [ ind |-> 4472,
     type |-> "MemWrite",
     r0 |-> "zero",
     r1 |-> "",
     r2 |-> "",
     addr |-> "0x10562" ],
   [ ind |-> 4473,
     type |-> "IntAlu",
     r0 |-> "",
     r1 |-> "",
     r2 |-> "",
     addr |-> "0x10566" ] >>
/\ _IF = << [ instr |->
         [ ind |-> 4474,
           type |-> "MemRead",
           r0 |-> "a5",
           r1 |-> "",
           r2 |-> "",
           addr |-> "0x10688" ],
     baseLat |-> 1,
     currLat |-> 1 ],
   [ instr |->
         [ ind |-> 4475,
           type |-> "IntAlu",
           r0 |-> "a4",
           r1 |-> "a5",
           r2 |-> "",
           addr |-> "0x1068c" ],
     baseLat |-> 1,
     currLat |-> 1 ] >>
/\ _FU2 = << [ instr |->
         [ ind |-> 4469,
           type |-> "IntAlu",
           r0 |-> "a5",
           r1 |-> "",
           r2 |-> "",
           addr |-> "0x10558" ],
     baseLat |-> 1,
     currLat |-> 1 ],
   [ instr |->
         [ ind |-> 4470,
           type |-> "MemWrite",
           r0 |-> "a5",
           r1 |-> "",
           r2 |-> "",
           addr |-> "0x1055a" ],
     baseLat |-> 1,
     currLat |-> 1 ],
   [ instr |->
         [ ind |-> 0,
           type |-> "No_OpClass",
           r0 |-> "",
           r1 |-> "",
           r2 |-> "",
           addr |-> "" ],
     baseLat |-> 1,
     currLat |-> 1 ],
   [ instr |->
         [ ind |-> 0,
           type |-> "No_OpClass",
           r0 |-> "",
           r1 |-> "",
           r2 |-> "",
           addr |-> "" ],
     baseLat |-> 1,
     currLat |-> 1 ] >>
/\ _COM = << [ ind |-> 4468,
     type |-> "IntAlu",
     r0 |-> "s0",
     r1 |-> "sp",
     r2 |-> "",
     addr |-> "0x10556" ],
   [ ind |-> 0,
     type |-> "No_OpClass",
     r0 |-> "",
     r1 |-> "",
     r2 |-> "",
     addr |-> "" ] >>
/\ exec_inst2 = 2
/\ _ID2 = << [ ind |-> 4472,
     type |-> "MemWrite",
     r0 |-> "zero",
     r1 |-> "",
     r2 |-> "",
     addr |-> "0x10562" ],
   [ ind |-> 4473,
     type |-> "IntAlu",
     r0 |-> "",
     r1 |-> "",
     r2 |-> "",
     addr |-> "0x10566" ] >>
/\ graph = [ nodes |->
      << [ ind |-> 4466,
           addr |-> "0x10552",
           COM |-> 4,
           IFacq |-> 1,
           IFrel |-> 2,
           IDacq |-> 2,
           IDrel |-> 3,
           FUacq |-> 3,
           FUrel |-> 4,
           ROB |-> 2,
           RS |-> 2,
           FU |-> 1 ],
         [ ind |-> 4467,
           addr |-> "0x10554",
           COM |-> 4,
           IFacq |-> 1,
           IFrel |-> 2,
           IDacq |-> 2,
           IDrel |-> 3,
           FUacq |-> 3,
           FUrel |-> 4,
           ROB |-> 2,
           RS |-> 2,
           FU |-> 2 ],
         [ ind |-> 4468,
           addr |-> "0x10556",
           COM |-> 0,
           IFacq |-> 2,
           IFrel |-> 3,
           IDacq |-> 3,
           IDrel |-> 4,
           FUacq |-> 4,
           FUrel |-> 5,
           ROB |-> 3,
           RS |-> 3,
           FU |-> 1 ],
         [ ind |-> 4469,
           addr |-> "0x10558",
           COM |-> 0,
           IFacq |-> 2,
           IFrel |-> 3,
           IDacq |-> 3,
           IDrel |-> 4,
           FUacq |-> 0,
           FUrel |-> 0,
           ROB |-> 3,
           RS |-> 3,
           FU |-> 0 ],
         [ ind |-> 4470,
           addr |-> "0x1055a",
           COM |-> 0,
           IFacq |-> 3,
           IFrel |-> 4,
           IDacq |-> 4,
           IDrel |-> 5,
           FUacq |-> 0,
           FUrel |-> 0,
           ROB |-> 4,
           RS |-> 4,
           FU |-> 0 ],
         [ ind |-> 4471,
           addr |-> "0x1055e",
           COM |-> 0,
           IFacq |-> 3,
           IFrel |-> 4,
           IDacq |-> 4,
           IDrel |-> 5,
           FUacq |-> 0,
           FUrel |-> 0,
           ROB |-> 4,
           RS |-> 4,
           FU |-> 0 ],
         [ ind |-> 4472,
           addr |-> "0x10562",
           COM |-> 0,
           IFacq |-> 4,
           IFrel |-> 5,
           IDacq |-> 0,
           IDrel |-> 0,
           FUacq |-> 0,
           FUrel |-> 0,
           ROB |-> 0,
           RS |-> 0,
           FU |-> 0 ],
         [ ind |-> 4473,
           addr |-> "0x10566",
           COM |-> 0,
           IFacq |-> 4,
           IFrel |-> 5,
           IDacq |-> 0,
           IDrel |-> 0,
           FUacq |-> 0,
           FUrel |-> 0,
           ROB |-> 0,
           RS |-> 0,
           FU |-> 0 ] >>,
  edges |-> {[type |-> "D", source |-> 4466, dest |-> 4468]} ]
/\ currCycle2 = 5
/\ _IF2 = << [ instr |->
         [ ind |-> 4474,
           type |-> "MemRead",
           r0 |-> "a5",
           r1 |-> "",
           r2 |-> "",
           addr |-> "0x10688" ],
     baseLat |-> 1,
     currLat |-> 1 ],
   [ instr |->
         [ ind |-> 4475,
           type |-> "IntAlu",
           r0 |-> "a4",
           r1 |-> "a5",
           r2 |-> "",
           addr |-> "0x1068c" ],
     baseLat |-> 1,
     currLat |-> 1 ] >>
/\ lastBound = 0
/\ graph2 = [ nodes |->
      << [ ind |-> 4466,
           addr |-> "0x10552",
           COM |-> 4,
           IFacq |-> 1,
           IFrel |-> 2,
           IDacq |-> 2,
           IDrel |-> 3,
           FUacq |-> 3,
           FUrel |-> 4,
           ROB |-> 2,
           RS |-> 2,
           FU |-> 1 ],
         [ ind |-> 4467,
           addr |-> "0x10554",
           COM |-> 4,
           IFacq |-> 1,
           IFrel |-> 2,
           IDacq |-> 2,
           IDrel |-> 3,
           FUacq |-> 3,
           FUrel |-> 4,
           ROB |-> 2,
           RS |-> 2,
           FU |-> 2 ],
         [ ind |-> 4468,
           addr |-> "0x10556",
           COM |-> 0,
           IFacq |-> 2,
           IFrel |-> 3,
           IDacq |-> 3,
           IDrel |-> 4,
           FUacq |-> 4,
           FUrel |-> 5,
           ROB |-> 3,
           RS |-> 3,
           FU |-> 1 ],
         [ ind |-> 4469,
           addr |-> "0x10558",
           COM |-> 0,
           IFacq |-> 2,
           IFrel |-> 3,
           IDacq |-> 3,
           IDrel |-> 4,
           FUacq |-> 0,
           FUrel |-> 0,
           ROB |-> 3,
           RS |-> 3,
           FU |-> 0 ],
         [ ind |-> 4470,
           addr |-> "0x1055a",
           COM |-> 0,
           IFacq |-> 3,
           IFrel |-> 4,
           IDacq |-> 4,
           IDrel |-> 5,
           FUacq |-> 0,
           FUrel |-> 0,
           ROB |-> 4,
           RS |-> 4,
           FU |-> 0 ],
         [ ind |-> 4471,
           addr |-> "0x1055e",
           COM |-> 0,
           IFacq |-> 3,
           IFrel |-> 4,
           IDacq |-> 4,
           IDrel |-> 5,
           FUacq |-> 0,
           FUrel |-> 0,
           ROB |-> 4,
           RS |-> 4,
           FU |-> 0 ],
         [ ind |-> 4472,
           addr |-> "0x10562",
           COM |-> 0,
           IFacq |-> 4,
           IFrel |-> 5,
           IDacq |-> 0,
           IDrel |-> 0,
           FUacq |-> 0,
           FUrel |-> 0,
           ROB |-> 0,
           RS |-> 0,
           FU |-> 0 ],
         [ ind |-> 4473,
           addr |-> "0x10566",
           COM |-> 0,
           IFacq |-> 4,
           IFrel |-> 5,
           IDacq |-> 0,
           IDrel |-> 0,
           FUacq |-> 0,
           FUrel |-> 0,
           ROB |-> 0,
           RS |-> 0,
           FU |-> 0 ] >>,
  edges |-> {[type |-> "D", source |-> 4466, dest |-> 4468]} ]
/\ pc2 = 10
/\ robHead = 3
/\ rob = << [ instr |->
         [ ind |-> 4466,
           type |-> "IntAlu",
           r0 |-> "sp",
           r1 |-> "",
           r2 |-> "",
           addr |-> "0x10552" ],
     done |-> TRUE,
     executed |-> TRUE ],
   [ instr |->
         [ ind |-> 4467,
           type |-> "MemWrite",
           r0 |-> "s0",
           r1 |-> "",
           r2 |-> "",
           addr |-> "0x10554" ],
     done |-> TRUE,
     executed |-> TRUE ],
   [ instr |->
         [ ind |-> 4468,
           type |-> "IntAlu",
           r0 |-> "s0",
           r1 |-> "sp",
           r2 |-> "",
           addr |-> "0x10556" ],
     done |-> FALSE,
     executed |-> TRUE ],
   [ instr |->
         [ ind |-> 4469,
           type |-> "IntAlu",
           r0 |-> "a5",
           r1 |-> "",
           r2 |-> "",
           addr |-> "0x10558" ],
     done |-> FALSE,
     executed |-> FALSE ],
   [ instr |->
         [ ind |-> 4470,
           type |-> "MemWrite",
           r0 |-> "a5",
           r1 |-> "",
           r2 |-> "",
           addr |-> "0x1055a" ],
     done |-> FALSE,
     executed |-> FALSE ],
   [ instr |->
         [ ind |-> 4471,
           type |-> "IntAlu",
           r0 |-> "a5",
           r1 |-> "",
           r2 |-> "",
           addr |-> "0x1055e" ],
     done |-> FALSE,
     executed |-> FALSE ] >>
/\ _RS = << { [ ind |-> 4471,
       type |-> "IntAlu",
       r0 |-> "a5",
       r1 |-> "",
       r2 |-> "",
       addr |-> "0x1055e" ] },
   {},
   {},
   {} >>
/\ currCycle = 5
/\ exec_inst = 1
/\ robHead2 = 3
/\ pc = 10
/\ rob2 = << [ instr |->
         [ ind |-> 4466,
           type |-> "IntAlu",
           r0 |-> "sp",
           r1 |-> "",
           r2 |-> "",
           addr |-> "0x10552" ],
     done |-> TRUE,
     executed |-> TRUE ],
   [ instr |->
         [ ind |-> 4467,
           type |-> "MemWrite",
           r0 |-> "s0",
           r1 |-> "",
           r2 |-> "",
           addr |-> "0x10554" ],
     done |-> TRUE,
     executed |-> TRUE ],
   [ instr |->
         [ ind |-> 4468,
           type |-> "IntAlu",
           r0 |-> "s0",
           r1 |-> "sp",
           r2 |-> "",
           addr |-> "0x10556" ],
     done |-> FALSE,
     executed |-> TRUE ],
   [ instr |->
         [ ind |-> 4469,
           type |-> "IntAlu",
           r0 |-> "a5",
           r1 |-> "",
           r2 |-> "",
           addr |-> "0x10558" ],
     done |-> FALSE,
     executed |-> FALSE ],
   [ instr |->
         [ ind |-> 4470,
           type |-> "MemWrite",
           r0 |-> "a5",
           r1 |-> "",
           r2 |-> "",
           addr |-> "0x1055a" ],
     done |-> FALSE,
     executed |-> FALSE ],
   [ instr |->
         [ ind |-> 4471,
           type |-> "IntAlu",
           r0 |-> "a5",
           r1 |-> "",
           r2 |-> "",
           addr |-> "0x1055e" ],
     done |-> FALSE,
     executed |-> FALSE ] >>
/\ _FU = << [ instr |->
         [ ind |-> 4469,
           type |-> "IntAlu",
           r0 |-> "a5",
           r1 |-> "",
           r2 |-> "",
           addr |-> "0x10558" ],
     baseLat |-> 1,
     currLat |-> 1 ],
   [ instr |->
         [ ind |-> 4470,
           type |-> "MemWrite",
           r0 |-> "a5",
           r1 |-> "",
           r2 |-> "",
           addr |-> "0x1055a" ],
     baseLat |-> 1,
     currLat |-> 1 ],
   [ instr |->
         [ ind |-> 0,
           type |-> "No_OpClass",
           r0 |-> "",
           r1 |-> "",
           r2 |-> "",
           addr |-> "" ],
     baseLat |-> 1,
     currLat |-> 1 ],
   [ instr |->
         [ ind |-> 0,
           type |-> "No_OpClass",
           r0 |-> "",
           r1 |-> "",
           r2 |-> "",
           addr |-> "" ],
     baseLat |-> 1,
     currLat |-> 1 ] >>

@!@!@ENDMSG 2217 @!@!@
@!@!@STARTMSG 2217:4 @!@!@
7: <Next line 63, col 9 to line 67, col 64 of module pipeline_ooo>
/\ _RS2 = << { [ ind |-> 4473,
       type |-> "IntAlu",
       r0 |-> "",
       r1 |-> "",
       r2 |-> "",
       addr |-> "0x10566" ] },
   {},
   {},
   {} >>
/\ _COM2 = << [ ind |-> 4469,
     type |-> "IntAlu",
     r0 |-> "a5",
     r1 |-> "",
     r2 |-> "",
     addr |-> "0x10558" ],
   [ ind |-> 4470,
     type |-> "MemWrite",
     r0 |-> "a5",
     r1 |-> "",
     r2 |-> "",
     addr |-> "0x1055a" ] >>
/\ _ID = << [ ind |-> 4474,
     type |-> "MemRead",
     r0 |-> "a5",
     r1 |-> "",
     r2 |-> "",
     addr |-> "0x10688" ],
   [ ind |-> 4475,
     type |-> "IntAlu",
     r0 |-> "a4",
     r1 |-> "a5",
     r2 |-> "",
     addr |-> "0x1068c" ] >>
/\ _IF = << [ instr |->
         [ ind |-> 4476,
           type |-> "IntAlu",
           r0 |-> "a5",
           r1 |-> "",
           r2 |-> "",
           addr |-> "0x10690" ],
     baseLat |-> 1,
     currLat |-> 1 ],
   [ instr |->
         [ ind |-> 4477,
           type |-> "IntAlu",
           r0 |-> "a5",
           r1 |-> "a4",
           r2 |-> "",
           addr |-> "0x10692" ],
     baseLat |-> 1,
     currLat |-> 1 ] >>
/\ _FU2 = << [ instr |->
         [ ind |-> 4471,
           type |-> "IntAlu",
           r0 |-> "a5",
           r1 |-> "",
           r2 |-> "",
           addr |-> "0x1055e" ],
     baseLat |-> 1,
     currLat |-> 1 ],
   [ instr |->
         [ ind |-> 4472,
           type |-> "MemWrite",
           r0 |-> "zero",
           r1 |-> "",
           r2 |-> "",
           addr |-> "0x10562" ],
     baseLat |-> 1,
     currLat |-> 1 ],
   [ instr |->
         [ ind |-> 0,
           type |-> "No_OpClass",
           r0 |-> "",
           r1 |-> "",
           r2 |-> "",
           addr |-> "" ],
     baseLat |-> 1,
     currLat |-> 1 ],
   [ instr |->
         [ ind |-> 0,
           type |-> "No_OpClass",
           r0 |-> "",
           r1 |-> "",
           r2 |-> "",
           addr |-> "" ],
     baseLat |-> 1,
     currLat |-> 1 ] >>
/\ _COM = << [ ind |-> 4469,
     type |-> "IntAlu",
     r0 |-> "a5",
     r1 |-> "",
     r2 |-> "",
     addr |-> "0x10558" ],
   [ ind |-> 4470,
     type |-> "MemWrite",
     r0 |-> "a5",
     r1 |-> "",
     r2 |-> "",
     addr |-> "0x1055a" ] >>
/\ exec_inst2 = 2
/\ _ID2 = << [ ind |-> 4474,
     type |-> "MemRead",
     r0 |-> "a5",
     r1 |-> "",
     r2 |-> "",
     addr |-> "0x10688" ],
   [ ind |-> 4475,
     type |-> "IntAlu",
     r0 |-> "a4",
     r1 |-> "a5",
     r2 |-> "",
     addr |-> "0x1068c" ] >>
/\ graph = [ nodes |->
      << [ ind |-> 4466,
           addr |-> "0x10552",
           COM |-> 4,
           IFacq |-> 1,
           IFrel |-> 2,
           IDacq |-> 2,
           IDrel |-> 3,
           FUacq |-> 3,
           FUrel |-> 4,
           ROB |-> 2,
           RS |-> 2,
           FU |-> 1 ],
         [ ind |-> 4467,
           addr |-> "0x10554",
           COM |-> 4,
           IFacq |-> 1,
           IFrel |-> 2,
           IDacq |-> 2,
           IDrel |-> 3,
           FUacq |-> 3,
           FUrel |-> 4,
           ROB |-> 2,
           RS |-> 2,
           FU |-> 2 ],
         [ ind |-> 4468,
           addr |-> "0x10556",
           COM |-> 5,
           IFacq |-> 2,
           IFrel |-> 3,
           IDacq |-> 3,
           IDrel |-> 4,
           FUacq |-> 4,
           FUrel |-> 5,
           ROB |-> 3,
           RS |-> 3,
           FU |-> 1 ],
         [ ind |-> 4469,
           addr |-> "0x10558",
           COM |-> 0,
           IFacq |-> 2,
           IFrel |-> 3,
           IDacq |-> 3,
           IDrel |-> 4,
           FUacq |-> 5,
           FUrel |-> 6,
           ROB |-> 3,
           RS |-> 3,
           FU |-> 1 ],
         [ ind |-> 4470,
           addr |-> "0x1055a",
           COM |-> 0,
           IFacq |-> 3,
           IFrel |-> 4,
           IDacq |-> 4,
           IDrel |-> 5,
           FUacq |-> 5,
           FUrel |-> 6,
           ROB |-> 4,
           RS |-> 4,
           FU |-> 2 ],
         [ ind |-> 4471,
           addr |-> "0x1055e",
           COM |-> 0,
           IFacq |-> 3,
           IFrel |-> 4,
           IDacq |-> 4,
           IDrel |-> 5,
           FUacq |-> 0,
           FUrel |-> 0,
           ROB |-> 4,
           RS |-> 4,
           FU |-> 0 ],
         [ ind |-> 4472,
           addr |-> "0x10562",
           COM |-> 0,
           IFacq |-> 4,
           IFrel |-> 5,
           IDacq |-> 5,
           IDrel |-> 6,
           FUacq |-> 0,
           FUrel |-> 0,
           ROB |-> 5,
           RS |-> 5,
           FU |-> 0 ],
         [ ind |-> 4473,
           addr |-> "0x10566",
           COM |-> 0,
           IFacq |-> 4,
           IFrel |-> 5,
           IDacq |-> 5,
           IDrel |-> 6,
           FUacq |-> 0,
           FUrel |-> 0,
           ROB |-> 5,
           RS |-> 5,
           FU |-> 0 ],
         [ ind |-> 4474,
           addr |-> "0x10688",
           COM |-> 0,
           IFacq |-> 5,
           IFrel |-> 6,
           IDacq |-> 0,
           IDrel |-> 0,
           FUacq |-> 0,
           FUrel |-> 0,
           ROB |-> 0,
           RS |-> 0,
           FU |-> 0 ],
         [ ind |-> 4475,
           addr |-> "0x1068c",
           COM |-> 0,
           IFacq |-> 5,
           IFrel |-> 6,
           IDacq |-> 0,
           IDrel |-> 0,
           FUacq |-> 0,
           FUrel |-> 0,
           ROB |-> 0,
           RS |-> 0,
           FU |-> 0 ] >>,
  edges |-> {[type |-> "D", source |-> 4466, dest |-> 4468]} ]
/\ currCycle2 = 6
/\ _IF2 = << [ instr |->
         [ ind |-> 4476,
           type |-> "IntAlu",
           r0 |-> "a5",
           r1 |-> "",
           r2 |-> "",
           addr |-> "0x10690" ],
     baseLat |-> 1,
     currLat |-> 1 ],
   [ instr |->
         [ ind |-> 4477,
           type |-> "IntAlu",
           r0 |-> "a5",
           r1 |-> "a4",
           r2 |-> "",
           addr |-> "0x10692" ],
     baseLat |-> 1,
     currLat |-> 1 ] >>
/\ lastBound = 0
/\ graph2 = [ nodes |->
      << [ ind |-> 4466,
           addr |-> "0x10552",
           COM |-> 4,
           IFacq |-> 1,
           IFrel |-> 2,
           IDacq |-> 2,
           IDrel |-> 3,
           FUacq |-> 3,
           FUrel |-> 4,
           ROB |-> 2,
           RS |-> 2,
           FU |-> 1 ],
         [ ind |-> 4467,
           addr |-> "0x10554",
           COM |-> 4,
           IFacq |-> 1,
           IFrel |-> 2,
           IDacq |-> 2,
           IDrel |-> 3,
           FUacq |-> 3,
           FUrel |-> 4,
           ROB |-> 2,
           RS |-> 2,
           FU |-> 2 ],
         [ ind |-> 4468,
           addr |-> "0x10556",
           COM |-> 5,
           IFacq |-> 2,
           IFrel |-> 3,
           IDacq |-> 3,
           IDrel |-> 4,
           FUacq |-> 4,
           FUrel |-> 5,
           ROB |-> 3,
           RS |-> 3,
           FU |-> 1 ],
         [ ind |-> 4469,
           addr |-> "0x10558",
           COM |-> 0,
           IFacq |-> 2,
           IFrel |-> 3,
           IDacq |-> 3,
           IDrel |-> 4,
           FUacq |-> 5,
           FUrel |-> 6,
           ROB |-> 3,
           RS |-> 3,
           FU |-> 1 ],
         [ ind |-> 4470,
           addr |-> "0x1055a",
           COM |-> 0,
           IFacq |-> 3,
           IFrel |-> 4,
           IDacq |-> 4,
           IDrel |-> 5,
           FUacq |-> 5,
           FUrel |-> 6,
           ROB |-> 4,
           RS |-> 4,
           FU |-> 2 ],
         [ ind |-> 4471,
           addr |-> "0x1055e",
           COM |-> 0,
           IFacq |-> 3,
           IFrel |-> 4,
           IDacq |-> 4,
           IDrel |-> 5,
           FUacq |-> 0,
           FUrel |-> 0,
           ROB |-> 4,
           RS |-> 4,
           FU |-> 0 ],
         [ ind |-> 4472,
           addr |-> "0x10562",
           COM |-> 0,
           IFacq |-> 4,
           IFrel |-> 5,
           IDacq |-> 5,
           IDrel |-> 6,
           FUacq |-> 0,
           FUrel |-> 0,
           ROB |-> 5,
           RS |-> 5,
           FU |-> 0 ],
         [ ind |-> 4473,
           addr |-> "0x10566",
           COM |-> 0,
           IFacq |-> 4,
           IFrel |-> 5,
           IDacq |-> 5,
           IDrel |-> 6,
           FUacq |-> 0,
           FUrel |-> 0,
           ROB |-> 5,
           RS |-> 5,
           FU |-> 0 ],
         [ ind |-> 4474,
           addr |-> "0x10688",
           COM |-> 0,
           IFacq |-> 5,
           IFrel |-> 6,
           IDacq |-> 0,
           IDrel |-> 0,
           FUacq |-> 0,
           FUrel |-> 0,
           ROB |-> 0,
           RS |-> 0,
           FU |-> 0 ],
         [ ind |-> 4475,
           addr |-> "0x1068c",
           COM |-> 0,
           IFacq |-> 5,
           IFrel |-> 6,
           IDacq |-> 0,
           IDrel |-> 0,
           FUacq |-> 0,
           FUrel |-> 0,
           ROB |-> 0,
           RS |-> 0,
           FU |-> 0 ] >>,
  edges |-> {[type |-> "D", source |-> 4466, dest |-> 4468]} ]
/\ pc2 = 12
/\ robHead = 4
/\ rob = << [ instr |->
         [ ind |-> 4466,
           type |-> "IntAlu",
           r0 |-> "sp",
           r1 |-> "",
           r2 |-> "",
           addr |-> "0x10552" ],
     done |-> TRUE,
     executed |-> TRUE ],
   [ instr |->
         [ ind |-> 4467,
           type |-> "MemWrite",
           r0 |-> "s0",
           r1 |-> "",
           r2 |-> "",
           addr |-> "0x10554" ],
     done |-> TRUE,
     executed |-> TRUE ],
   [ instr |->
         [ ind |-> 4468,
           type |-> "IntAlu",
           r0 |-> "s0",
           r1 |-> "sp",
           r2 |-> "",
           addr |-> "0x10556" ],
     done |-> TRUE,
     executed |-> TRUE ],
   [ instr |->
         [ ind |-> 4469,
           type |-> "IntAlu",
           r0 |-> "a5",
           r1 |-> "",
           r2 |-> "",
           addr |-> "0x10558" ],
     done |-> FALSE,
     executed |-> TRUE ],
   [ instr |->
         [ ind |-> 4470,
           type |-> "MemWrite",
           r0 |-> "a5",
           r1 |-> "",
           r2 |-> "",
           addr |-> "0x1055a" ],
     done |-> FALSE,
     executed |-> TRUE ],
   [ instr |->
         [ ind |-> 4471,
           type |-> "IntAlu",
           r0 |-> "a5",
           r1 |-> "",
           r2 |-> "",
           addr |-> "0x1055e" ],
     done |-> FALSE,
     executed |-> FALSE ],
   [ instr |->
         [ ind |-> 4472,
           type |-> "MemWrite",
           r0 |-> "zero",
           r1 |-> "",
           r2 |-> "",
           addr |-> "0x10562" ],
     done |-> FALSE,
     executed |-> FALSE ],
   [ instr |->
         [ ind |-> 4473,
           type |-> "IntAlu",
           r0 |-> "",
           r1 |-> "",
           r2 |-> "",
           addr |-> "0x10566" ],
     done |-> FALSE,
     executed |-> FALSE ] >>
/\ _RS = << { [ ind |-> 4473,
       type |-> "IntAlu",
       r0 |-> "",
       r1 |-> "",
       r2 |-> "",
       addr |-> "0x10566" ] },
   {},
   {},
   {} >>
/\ currCycle = 6
/\ exec_inst = 1
/\ robHead2 = 4
/\ pc = 12
/\ rob2 = << [ instr |->
         [ ind |-> 4466,
           type |-> "IntAlu",
           r0 |-> "sp",
           r1 |-> "",
           r2 |-> "",
           addr |-> "0x10552" ],
     done |-> TRUE,
     executed |-> TRUE ],
   [ instr |->
         [ ind |-> 4467,
           type |-> "MemWrite",
           r0 |-> "s0",
           r1 |-> "",
           r2 |-> "",
           addr |-> "0x10554" ],
     done |-> TRUE,
     executed |-> TRUE ],
   [ instr |->
         [ ind |-> 4468,
           type |-> "IntAlu",
           r0 |-> "s0",
           r1 |-> "sp",
           r2 |-> "",
           addr |-> "0x10556" ],
     done |-> TRUE,
     executed |-> TRUE ],
   [ instr |->
         [ ind |-> 4469,
           type |-> "IntAlu",
           r0 |-> "a5",
           r1 |-> "",
           r2 |-> "",
           addr |-> "0x10558" ],
     done |-> FALSE,
     executed |-> TRUE ],
   [ instr |->
         [ ind |-> 4470,
           type |-> "MemWrite",
           r0 |-> "a5",
           r1 |-> "",
           r2 |-> "",
           addr |-> "0x1055a" ],
     done |-> FALSE,
     executed |-> TRUE ],
   [ instr |->
         [ ind |-> 4471,
           type |-> "IntAlu",
           r0 |-> "a5",
           r1 |-> "",
           r2 |-> "",
           addr |-> "0x1055e" ],
     done |-> FALSE,
     executed |-> FALSE ],
   [ instr |->
         [ ind |-> 4472,
           type |-> "MemWrite",
           r0 |-> "zero",
           r1 |-> "",
           r2 |-> "",
           addr |-> "0x10562" ],
     done |-> FALSE,
     executed |-> FALSE ],
   [ instr |->
         [ ind |-> 4473,
           type |-> "IntAlu",
           r0 |-> "",
           r1 |-> "",
           r2 |-> "",
           addr |-> "0x10566" ],
     done |-> FALSE,
     executed |-> FALSE ] >>
/\ _FU = << [ instr |->
         [ ind |-> 4471,
           type |-> "IntAlu",
           r0 |-> "a5",
           r1 |-> "",
           r2 |-> "",
           addr |-> "0x1055e" ],
     baseLat |-> 1,
     currLat |-> 1 ],
   [ instr |->
         [ ind |-> 4472,
           type |-> "MemWrite",
           r0 |-> "zero",
           r1 |-> "",
           r2 |-> "",
           addr |-> "0x10562" ],
     baseLat |-> 1,
     currLat |-> 1 ],
   [ instr |->
         [ ind |-> 0,
           type |-> "No_OpClass",
           r0 |-> "",
           r1 |-> "",
           r2 |-> "",
           addr |-> "" ],
     baseLat |-> 1,
     currLat |-> 1 ],
   [ instr |->
         [ ind |-> 0,
           type |-> "No_OpClass",
           r0 |-> "",
           r1 |-> "",
           r2 |-> "",
           addr |-> "" ],
     baseLat |-> 1,
     currLat |-> 1 ] >>

@!@!@ENDMSG 2217 @!@!@
@!@!@STARTMSG 2217:4 @!@!@
8: <Next line 63, col 9 to line 67, col 64 of module pipeline_ooo>
/\ _RS2 = << { [ ind |-> 4475,
       type |-> "IntAlu",
       r0 |-> "a4",
       r1 |-> "a5",
       r2 |-> "",
       addr |-> "0x1068c" ] },
   {},
   {},
   {} >>
/\ _COM2 = << [ ind |-> 4471,
     type |-> "IntAlu",
     r0 |-> "a5",
     r1 |-> "",
     r2 |-> "",
     addr |-> "0x1055e" ],
   [ ind |-> 4472,
     type |-> "MemWrite",
     r0 |-> "zero",
     r1 |-> "",
     r2 |-> "",
     addr |-> "0x10562" ] >>
/\ _ID = << [ ind |-> 4476,
     type |-> "IntAlu",
     r0 |-> "a5",
     r1 |-> "",
     r2 |-> "",
     addr |-> "0x10690" ],
   [ ind |-> 4477,
     type |-> "IntAlu",
     r0 |-> "a5",
     r1 |-> "a4",
     r2 |-> "",
     addr |-> "0x10692" ] >>
/\ _IF = << [ instr |->
         [ ind |-> 4478,
           type |-> "IntAlu",
           r0 |-> "a5",
           r1 |-> "",
           r2 |-> "",
           addr |-> "0x10568" ],
     baseLat |-> 1,
     currLat |-> 1 ],
   [ instr |->
         [ ind |-> 4479,
           type |-> "MemRead",
           r0 |-> "a5",
           r1 |-> "",
           r2 |-> "",
           addr |-> "0x1056c" ],
     baseLat |-> 1,
     currLat |-> 1 ] >>
/\ _FU2 = << [ instr |->
         [ ind |-> 4473,
           type |-> "IntAlu",
           r0 |-> "",
           r1 |-> "",
           r2 |-> "",
           addr |-> "0x10566" ],
     baseLat |-> 1,
     currLat |-> 1 ],
   [ instr |->
         [ ind |-> 4474,
           type |-> "MemRead",
           r0 |-> "a5",
           r1 |-> "",
           r2 |-> "",
           addr |-> "0x10688" ],
     baseLat |-> 10,
     currLat |-> 1 ],
   [ instr |->
         [ ind |-> 0,
           type |-> "No_OpClass",
           r0 |-> "",
           r1 |-> "",
           r2 |-> "",
           addr |-> "" ],
     baseLat |-> 1,
     currLat |-> 1 ],
   [ instr |->
         [ ind |-> 0,
           type |-> "No_OpClass",
           r0 |-> "",
           r1 |-> "",
           r2 |-> "",
           addr |-> "" ],
     baseLat |-> 1,
     currLat |-> 1 ] >>
/\ _COM = << [ ind |-> 4471,
     type |-> "IntAlu",
     r0 |-> "a5",
     r1 |-> "",
     r2 |-> "",
     addr |-> "0x1055e" ],
   [ ind |-> 4472,
     type |-> "MemWrite",
     r0 |-> "zero",
     r1 |-> "",
     r2 |-> "",
     addr |-> "0x10562" ] >>
/\ exec_inst2 = 2
/\ _ID2 = << [ ind |-> 4476,
     type |-> "IntAlu",
     r0 |-> "a5",
     r1 |-> "",
     r2 |-> "",
     addr |-> "0x10690" ],
   [ ind |-> 4477,
     type |-> "IntAlu",
     r0 |-> "a5",
     r1 |-> "a4",
     r2 |-> "",
     addr |-> "0x10692" ] >>
/\ graph = [ nodes |->
      << [ ind |-> 4466,
           addr |-> "0x10552",
           COM |-> 4,
           IFacq |-> 1,
           IFrel |-> 2,
           IDacq |-> 2,
           IDrel |-> 3,
           FUacq |-> 3,
           FUrel |-> 4,
           ROB |-> 2,
           RS |-> 2,
           FU |-> 1 ],
         [ ind |-> 4467,
           addr |-> "0x10554",
           COM |-> 4,
           IFacq |-> 1,
           IFrel |-> 2,
           IDacq |-> 2,
           IDrel |-> 3,
           FUacq |-> 3,
           FUrel |-> 4,
           ROB |-> 2,
           RS |-> 2,
           FU |-> 2 ],
         [ ind |-> 4468,
           addr |-> "0x10556",
           COM |-> 5,
           IFacq |-> 2,
           IFrel |-> 3,
           IDacq |-> 3,
           IDrel |-> 4,
           FUacq |-> 4,
           FUrel |-> 5,
           ROB |-> 3,
           RS |-> 3,
           FU |-> 1 ],
         [ ind |-> 4469,
           addr |-> "0x10558",
           COM |-> 6,
           IFacq |-> 2,
           IFrel |-> 3,
           IDacq |-> 3,
           IDrel |-> 4,
           FUacq |-> 5,
           FUrel |-> 6,
           ROB |-> 3,
           RS |-> 3,
           FU |-> 1 ],
         [ ind |-> 4470,
           addr |-> "0x1055a",
           COM |-> 6,
           IFacq |-> 3,
           IFrel |-> 4,
           IDacq |-> 4,
           IDrel |-> 5,
           FUacq |-> 5,
           FUrel |-> 6,
           ROB |-> 4,
           RS |-> 4,
           FU |-> 2 ],
         [ ind |-> 4471,
           addr |-> "0x1055e",
           COM |-> 0,
           IFacq |-> 3,
           IFrel |-> 4,
           IDacq |-> 4,
           IDrel |-> 5,
           FUacq |-> 6,
           FUrel |-> 7,
           ROB |-> 4,
           RS |-> 4,
           FU |-> 1 ],
         [ ind |-> 4472,
           addr |-> "0x10562",
           COM |-> 0,
           IFacq |-> 4,
           IFrel |-> 5,
           IDacq |-> 5,
           IDrel |-> 6,
           FUacq |-> 6,
           FUrel |-> 7,
           ROB |-> 5,
           RS |-> 5,
           FU |-> 2 ],
         [ ind |-> 4473,
           addr |-> "0x10566",
           COM |-> 0,
           IFacq |-> 4,
           IFrel |-> 5,
           IDacq |-> 5,
           IDrel |-> 6,
           FUacq |-> 0,
           FUrel |-> 0,
           ROB |-> 5,
           RS |-> 5,
           FU |-> 0 ],
         [ ind |-> 4474,
           addr |-> "0x10688",
           COM |-> 0,
           IFacq |-> 5,
           IFrel |-> 6,
           IDacq |-> 6,
           IDrel |-> 7,
           FUacq |-> 0,
           FUrel |-> 0,
           ROB |-> 6,
           RS |-> 6,
           FU |-> 0 ],
         [ ind |-> 4475,
           addr |-> "0x1068c",
           COM |-> 0,
           IFacq |-> 5,
           IFrel |-> 6,
           IDacq |-> 6,
           IDrel |-> 7,
           FUacq |-> 0,
           FUrel |-> 0,
           ROB |-> 6,
           RS |-> 6,
           FU |-> 0 ],
         [ ind |-> 4476,
           addr |-> "0x10690",
           COM |-> 0,
           IFacq |-> 6,
           IFrel |-> 7,
           IDacq |-> 0,
           IDrel |-> 0,
           FUacq |-> 0,
           FUrel |-> 0,
           ROB |-> 0,
           RS |-> 0,
           FU |-> 0 ],
         [ ind |-> 4477,
           addr |-> "0x10692",
           COM |-> 0,
           IFacq |-> 6,
           IFrel |-> 7,
           IDacq |-> 0,
           IDrel |-> 0,
           FUacq |-> 0,
           FUrel |-> 0,
           ROB |-> 0,
           RS |-> 0,
           FU |-> 0 ] >>,
  edges |-> {[type |-> "D", source |-> 4466, dest |-> 4468]} ]
/\ currCycle2 = 7
/\ _IF2 = << [ instr |->
         [ ind |-> 4478,
           type |-> "IntAlu",
           r0 |-> "a5",
           r1 |-> "",
           r2 |-> "",
           addr |-> "0x10568" ],
     baseLat |-> 1,
     currLat |-> 1 ],
   [ instr |->
         [ ind |-> 4479,
           type |-> "MemRead",
           r0 |-> "a5",
           r1 |-> "",
           r2 |-> "",
           addr |-> "0x1056c" ],
     baseLat |-> 1,
     currLat |-> 1 ] >>
/\ lastBound = 0
/\ graph2 = [ nodes |->
      << [ ind |-> 4466,
           addr |-> "0x10552",
           COM |-> 4,
           IFacq |-> 1,
           IFrel |-> 2,
           IDacq |-> 2,
           IDrel |-> 3,
           FUacq |-> 3,
           FUrel |-> 4,
           ROB |-> 2,
           RS |-> 2,
           FU |-> 1 ],
         [ ind |-> 4467,
           addr |-> "0x10554",
           COM |-> 4,
           IFacq |-> 1,
           IFrel |-> 2,
           IDacq |-> 2,
           IDrel |-> 3,
           FUacq |-> 3,
           FUrel |-> 4,
           ROB |-> 2,
           RS |-> 2,
           FU |-> 2 ],
         [ ind |-> 4468,
           addr |-> "0x10556",
           COM |-> 5,
           IFacq |-> 2,
           IFrel |-> 3,
           IDacq |-> 3,
           IDrel |-> 4,
           FUacq |-> 4,
           FUrel |-> 5,
           ROB |-> 3,
           RS |-> 3,
           FU |-> 1 ],
         [ ind |-> 4469,
           addr |-> "0x10558",
           COM |-> 6,
           IFacq |-> 2,
           IFrel |-> 3,
           IDacq |-> 3,
           IDrel |-> 4,
           FUacq |-> 5,
           FUrel |-> 6,
           ROB |-> 3,
           RS |-> 3,
           FU |-> 1 ],
         [ ind |-> 4470,
           addr |-> "0x1055a",
           COM |-> 6,
           IFacq |-> 3,
           IFrel |-> 4,
           IDacq |-> 4,
           IDrel |-> 5,
           FUacq |-> 5,
           FUrel |-> 6,
           ROB |-> 4,
           RS |-> 4,
           FU |-> 2 ],
         [ ind |-> 4471,
           addr |-> "0x1055e",
           COM |-> 0,
           IFacq |-> 3,
           IFrel |-> 4,
           IDacq |-> 4,
           IDrel |-> 5,
           FUacq |-> 6,
           FUrel |-> 7,
           ROB |-> 4,
           RS |-> 4,
           FU |-> 1 ],
         [ ind |-> 4472,
           addr |-> "0x10562",
           COM |-> 0,
           IFacq |-> 4,
           IFrel |-> 5,
           IDacq |-> 5,
           IDrel |-> 6,
           FUacq |-> 6,
           FUrel |-> 7,
           ROB |-> 5,
           RS |-> 5,
           FU |-> 2 ],
         [ ind |-> 4473,
           addr |-> "0x10566",
           COM |-> 0,
           IFacq |-> 4,
           IFrel |-> 5,
           IDacq |-> 5,
           IDrel |-> 6,
           FUacq |-> 0,
           FUrel |-> 0,
           ROB |-> 5,
           RS |-> 5,
           FU |-> 0 ],
         [ ind |-> 4474,
           addr |-> "0x10688",
           COM |-> 0,
           IFacq |-> 5,
           IFrel |-> 6,
           IDacq |-> 6,
           IDrel |-> 7,
           FUacq |-> 0,
           FUrel |-> 0,
           ROB |-> 6,
           RS |-> 6,
           FU |-> 0 ],
         [ ind |-> 4475,
           addr |-> "0x1068c",
           COM |-> 0,
           IFacq |-> 5,
           IFrel |-> 6,
           IDacq |-> 6,
           IDrel |-> 7,
           FUacq |-> 0,
           FUrel |-> 0,
           ROB |-> 6,
           RS |-> 6,
           FU |-> 0 ],
         [ ind |-> 4476,
           addr |-> "0x10690",
           COM |-> 0,
           IFacq |-> 6,
           IFrel |-> 7,
           IDacq |-> 0,
           IDrel |-> 0,
           FUacq |-> 0,
           FUrel |-> 0,
           ROB |-> 0,
           RS |-> 0,
           FU |-> 0 ],
         [ ind |-> 4477,
           addr |-> "0x10692",
           COM |-> 0,
           IFacq |-> 6,
           IFrel |-> 7,
           IDacq |-> 0,
           IDrel |-> 0,
           FUacq |-> 0,
           FUrel |-> 0,
           ROB |-> 0,
           RS |-> 0,
           FU |-> 0 ] >>,
  edges |-> {[type |-> "D", source |-> 4466, dest |-> 4468]} ]
/\ pc2 = 14
/\ robHead = 6
/\ rob = << [ instr |->
         [ ind |-> 4466,
           type |-> "IntAlu",
           r0 |-> "sp",
           r1 |-> "",
           r2 |-> "",
           addr |-> "0x10552" ],
     done |-> TRUE,
     executed |-> TRUE ],
   [ instr |->
         [ ind |-> 4467,
           type |-> "MemWrite",
           r0 |-> "s0",
           r1 |-> "",
           r2 |-> "",
           addr |-> "0x10554" ],
     done |-> TRUE,
     executed |-> TRUE ],
   [ instr |->
         [ ind |-> 4468,
           type |-> "IntAlu",
           r0 |-> "s0",
           r1 |-> "sp",
           r2 |-> "",
           addr |-> "0x10556" ],
     done |-> TRUE,
     executed |-> TRUE ],
   [ instr |->
         [ ind |-> 4469,
           type |-> "IntAlu",
           r0 |-> "a5",
           r1 |-> "",
           r2 |-> "",
           addr |-> "0x10558" ],
     done |-> TRUE,
     executed |-> TRUE ],
   [ instr |->
         [ ind |-> 4470,
           type |-> "MemWrite",
           r0 |-> "a5",
           r1 |-> "",
           r2 |-> "",
           addr |-> "0x1055a" ],
     done |-> TRUE,
     executed |-> TRUE ],
   [ instr |->
         [ ind |-> 4471,
           type |-> "IntAlu",
           r0 |-> "a5",
           r1 |-> "",
           r2 |-> "",
           addr |-> "0x1055e" ],
     done |-> FALSE,
     executed |-> TRUE ],
   [ instr |->
         [ ind |-> 4472,
           type |-> "MemWrite",
           r0 |-> "zero",
           r1 |-> "",
           r2 |-> "",
           addr |-> "0x10562" ],
     done |-> FALSE,
     executed |-> TRUE ],
   [ instr |->
         [ ind |-> 4473,
           type |-> "IntAlu",
           r0 |-> "",
           r1 |-> "",
           r2 |-> "",
           addr |-> "0x10566" ],
     done |-> FALSE,
     executed |-> FALSE ],
   [ instr |->
         [ ind |-> 4474,
           type |-> "MemRead",
           r0 |-> "a5",
           r1 |-> "",
           r2 |-> "",
           addr |-> "0x10688" ],
     done |-> FALSE,
     executed |-> FALSE ],
   [ instr |->
         [ ind |-> 4475,
           type |-> "IntAlu",
           r0 |-> "a4",
           r1 |-> "a5",
           r2 |-> "",
           addr |-> "0x1068c" ],
     done |-> FALSE,
     executed |-> FALSE ] >>
/\ _RS = << { [ ind |-> 4475,
       type |-> "IntAlu",
       r0 |-> "a4",
       r1 |-> "a5",
       r2 |-> "",
       addr |-> "0x1068c" ] },
   {},
   {},
   {} >>
/\ currCycle = 7
/\ exec_inst = 1
/\ robHead2 = 6
/\ pc = 14
/\ rob2 = << [ instr |->
         [ ind |-> 4466,
           type |-> "IntAlu",
           r0 |-> "sp",
           r1 |-> "",
           r2 |-> "",
           addr |-> "0x10552" ],
     done |-> TRUE,
     executed |-> TRUE ],
   [ instr |->
         [ ind |-> 4467,
           type |-> "MemWrite",
           r0 |-> "s0",
           r1 |-> "",
           r2 |-> "",
           addr |-> "0x10554" ],
     done |-> TRUE,
     executed |-> TRUE ],
   [ instr |->
         [ ind |-> 4468,
           type |-> "IntAlu",
           r0 |-> "s0",
           r1 |-> "sp",
           r2 |-> "",
           addr |-> "0x10556" ],
     done |-> TRUE,
     executed |-> TRUE ],
   [ instr |->
         [ ind |-> 4469,
           type |-> "IntAlu",
           r0 |-> "a5",
           r1 |-> "",
           r2 |-> "",
           addr |-> "0x10558" ],
     done |-> TRUE,
     executed |-> TRUE ],
   [ instr |->
         [ ind |-> 4470,
           type |-> "MemWrite",
           r0 |-> "a5",
           r1 |-> "",
           r2 |-> "",
           addr |-> "0x1055a" ],
     done |-> TRUE,
     executed |-> TRUE ],
   [ instr |->
         [ ind |-> 4471,
           type |-> "IntAlu",
           r0 |-> "a5",
           r1 |-> "",
           r2 |-> "",
           addr |-> "0x1055e" ],
     done |-> FALSE,
     executed |-> TRUE ],
   [ instr |->
         [ ind |-> 4472,
           type |-> "MemWrite",
           r0 |-> "zero",
           r1 |-> "",
           r2 |-> "",
           addr |-> "0x10562" ],
     done |-> FALSE,
     executed |-> TRUE ],
   [ instr |->
         [ ind |-> 4473,
           type |-> "IntAlu",
           r0 |-> "",
           r1 |-> "",
           r2 |-> "",
           addr |-> "0x10566" ],
     done |-> FALSE,
     executed |-> FALSE ],
   [ instr |->
         [ ind |-> 4474,
           type |-> "MemRead",
           r0 |-> "a5",
           r1 |-> "",
           r2 |-> "",
           addr |-> "0x10688" ],
     done |-> FALSE,
     executed |-> FALSE ],
   [ instr |->
         [ ind |-> 4475,
           type |-> "IntAlu",
           r0 |-> "a4",
           r1 |-> "a5",
           r2 |-> "",
           addr |-> "0x1068c" ],
     done |-> FALSE,
     executed |-> FALSE ] >>
/\ _FU = << [ instr |->
         [ ind |-> 4473,
           type |-> "IntAlu",
           r0 |-> "",
           r1 |-> "",
           r2 |-> "",
           addr |-> "0x10566" ],
     baseLat |-> 1,
     currLat |-> 1 ],
   [ instr |->
         [ ind |-> 4474,
           type |-> "MemRead",
           r0 |-> "a5",
           r1 |-> "",
           r2 |-> "",
           addr |-> "0x10688" ],
     baseLat |-> 1,
     currLat |-> 1 ],
   [ instr |->
         [ ind |-> 0,
           type |-> "No_OpClass",
           r0 |-> "",
           r1 |-> "",
           r2 |-> "",
           addr |-> "" ],
     baseLat |-> 1,
     currLat |-> 1 ],
   [ instr |->
         [ ind |-> 0,
           type |-> "No_OpClass",
           r0 |-> "",
           r1 |-> "",
           r2 |-> "",
           addr |-> "" ],
     baseLat |-> 1,
     currLat |-> 1 ] >>

@!@!@ENDMSG 2217 @!@!@
@!@!@STARTMSG 2217:4 @!@!@
9: <Next line 63, col 9 to line 67, col 64 of module pipeline_ooo>
/\ _RS2 = << { [ ind |-> 4475,
       type |-> "IntAlu",
       r0 |-> "a4",
       r1 |-> "a5",
       r2 |-> "",
       addr |-> "0x1068c" ],
     [ ind |-> 4477,
       type |-> "IntAlu",
       r0 |-> "a5",
       r1 |-> "a4",
       r2 |-> "",
       addr |-> "0x10692" ] },
   {},
   {},
   {} >>
/\ _COM2 = << [ ind |-> 4473,
     type |-> "IntAlu",
     r0 |-> "",
     r1 |-> "",
     r2 |-> "",
     addr |-> "0x10566" ],
   [ ind |-> 0,
     type |-> "No_OpClass",
     r0 |-> "",
     r1 |-> "",
     r2 |-> "",
     addr |-> "" ] >>
/\ _ID = << [ ind |-> 4478,
     type |-> "IntAlu",
     r0 |-> "a5",
     r1 |-> "",
     r2 |-> "",
     addr |-> "0x10568" ],
   [ ind |-> 4479,
     type |-> "MemRead",
     r0 |-> "a5",
     r1 |-> "",
     r2 |-> "",
     addr |-> "0x1056c" ] >>
/\ _IF = << [ instr |->
         [ ind |-> 4480,
           type |-> "IntAlu",
           r0 |-> "a5",
           r1 |-> "",
           r2 |-> "",
           addr |-> "0x10570" ],
     baseLat |-> 1,
     currLat |-> 1 ],
   [ instr |->
         [ ind |-> 4481,
           type |-> "IntAlu",
           r0 |-> "a4",
           r1 |-> "a5",
           r2 |-> "",
           addr |-> "0x10572" ],
     baseLat |-> 1,
     currLat |-> 1 ] >>
/\ _FU2 = << [ instr |->
         [ ind |-> 4476,
           type |-> "IntAlu",
           r0 |-> "a5",
           r1 |-> "",
           r2 |-> "",
           addr |-> "0x10690" ],
     baseLat |-> 1,
     currLat |-> 1 ],
   [ instr |->
         [ ind |-> 4474,
           type |-> "MemRead",
           r0 |-> "a5",
           r1 |-> "",
           r2 |-> "",
           addr |-> "0x10688" ],
     baseLat |-> 10,
     currLat |-> 2 ],
   [ instr |->
         [ ind |-> 0,
           type |-> "No_OpClass",
           r0 |-> "",
           r1 |-> "",
           r2 |-> "",
           addr |-> "" ],
     baseLat |-> 1,
     currLat |-> 1 ],
   [ instr |->
         [ ind |-> 0,
           type |-> "No_OpClass",
           r0 |-> "",
           r1 |-> "",
           r2 |-> "",
           addr |-> "" ],
     baseLat |-> 1,
     currLat |-> 1 ] >>
/\ _COM = << [ ind |-> 4473,
     type |-> "IntAlu",
     r0 |-> "",
     r1 |-> "",
     r2 |-> "",
     addr |-> "0x10566" ],
   [ ind |-> 4474,
     type |-> "MemRead",
     r0 |-> "a5",
     r1 |-> "",
     r2 |-> "",
     addr |-> "0x10688" ] >>
/\ exec_inst2 = 2
/\ _ID2 = << [ ind |-> 4478,
     type |-> "IntAlu",
     r0 |-> "a5",
     r1 |-> "",
     r2 |-> "",
     addr |-> "0x10568" ],
   [ ind |-> 4479,
     type |-> "MemRead",
     r0 |-> "a5",
     r1 |-> "",
     r2 |-> "",
     addr |-> "0x1056c" ] >>
/\ graph = [ nodes |->
      << [ ind |-> 4466,
           addr |-> "0x10552",
           COM |-> 4,
           IFacq |-> 1,
           IFrel |-> 2,
           IDacq |-> 2,
           IDrel |-> 3,
           FUacq |-> 3,
           FUrel |-> 4,
           ROB |-> 2,
           RS |-> 2,
           FU |-> 1 ],
         [ ind |-> 4467,
           addr |-> "0x10554",
           COM |-> 4,
           IFacq |-> 1,
           IFrel |-> 2,
           IDacq |-> 2,
           IDrel |-> 3,
           FUacq |-> 3,
           FUrel |-> 4,
           ROB |-> 2,
           RS |-> 2,
           FU |-> 2 ],
         [ ind |-> 4468,
           addr |-> "0x10556",
           COM |-> 5,
           IFacq |-> 2,
           IFrel |-> 3,
           IDacq |-> 3,
           IDrel |-> 4,
           FUacq |-> 4,
           FUrel |-> 5,
           ROB |-> 3,
           RS |-> 3,
           FU |-> 1 ],
         [ ind |-> 4469,
           addr |-> "0x10558",
           COM |-> 6,
           IFacq |-> 2,
           IFrel |-> 3,
           IDacq |-> 3,
           IDrel |-> 4,
           FUacq |-> 5,
           FUrel |-> 6,
           ROB |-> 3,
           RS |-> 3,
           FU |-> 1 ],
         [ ind |-> 4470,
           addr |-> "0x1055a",
           COM |-> 6,
           IFacq |-> 3,
           IFrel |-> 4,
           IDacq |-> 4,
           IDrel |-> 5,
           FUacq |-> 5,
           FUrel |-> 6,
           ROB |-> 4,
           RS |-> 4,
           FU |-> 2 ],
         [ ind |-> 4471,
           addr |-> "0x1055e",
           COM |-> 7,
           IFacq |-> 3,
           IFrel |-> 4,
           IDacq |-> 4,
           IDrel |-> 5,
           FUacq |-> 6,
           FUrel |-> 7,
           ROB |-> 4,
           RS |-> 4,
           FU |-> 1 ],
         [ ind |-> 4472,
           addr |-> "0x10562",
           COM |-> 7,
           IFacq |-> 4,
           IFrel |-> 5,
           IDacq |-> 5,
           IDrel |-> 6,
           FUacq |-> 6,
           FUrel |-> 7,
           ROB |-> 5,
           RS |-> 5,
           FU |-> 2 ],
         [ ind |-> 4473,
           addr |-> "0x10566",
           COM |-> 0,
           IFacq |-> 4,
           IFrel |-> 5,
           IDacq |-> 5,
           IDrel |-> 6,
           FUacq |-> 7,
           FUrel |-> 8,
           ROB |-> 5,
           RS |-> 5,
           FU |-> 1 ],
         [ ind |-> 4474,
           addr |-> "0x10688",
           COM |-> 0,
           IFacq |-> 5,
           IFrel |-> 6,
           IDacq |-> 6,
           IDrel |-> 7,
           FUacq |-> 7,
           FUrel |-> 8,
           ROB |-> 6,
           RS |-> 6,
           FU |-> 2 ],
         [ ind |-> 4475,
           addr |-> "0x1068c",
           COM |-> 0,
           IFacq |-> 5,
           IFrel |-> 6,
           IDacq |-> 6,
           IDrel |-> 7,
           FUacq |-> 0,
           FUrel |-> 0,
           ROB |-> 6,
           RS |-> 6,
           FU |-> 0 ],
         [ ind |-> 4476,
           addr |-> "0x10690",
           COM |-> 0,
           IFacq |-> 6,
           IFrel |-> 7,
           IDacq |-> 7,
           IDrel |-> 8,
           FUacq |-> 0,
           FUrel |-> 0,
           ROB |-> 7,
           RS |-> 7,
           FU |-> 0 ],
         [ ind |-> 4477,
           addr |-> "0x10692",
           COM |-> 0,
           IFacq |-> 6,
           IFrel |-> 7,
           IDacq |-> 7,
           IDrel |-> 8,
           FUacq |-> 0,
           FUrel |-> 0,
           ROB |-> 7,
           RS |-> 7,
           FU |-> 0 ],
         [ ind |-> 4478,
           addr |-> "0x10568",
           COM |-> 0,
           IFacq |-> 7,
           IFrel |-> 8,
           IDacq |-> 0,
           IDrel |-> 0,
           FUacq |-> 0,
           FUrel |-> 0,
           ROB |-> 0,
           RS |-> 0,
           FU |-> 0 ],
         [ ind |-> 4479,
           addr |-> "0x1056c",
           COM |-> 0,
           IFacq |-> 7,
           IFrel |-> 8,
           IDacq |-> 0,
           IDrel |-> 0,
           FUacq |-> 0,
           FUrel |-> 0,
           ROB |-> 0,
           RS |-> 0,
           FU |-> 0 ] >>,
  edges |-> {[type |-> "D", source |-> 4466, dest |-> 4468]} ]
/\ currCycle2 = 8
/\ _IF2 = << [ instr |->
         [ ind |-> 4480,
           type |-> "IntAlu",
           r0 |-> "a5",
           r1 |-> "",
           r2 |-> "",
           addr |-> "0x10570" ],
     baseLat |-> 1,
     currLat |-> 1 ],
   [ instr |->
         [ ind |-> 4481,
           type |-> "IntAlu",
           r0 |-> "a4",
           r1 |-> "a5",
           r2 |-> "",
           addr |-> "0x10572" ],
     baseLat |-> 1,
     currLat |-> 1 ] >>
/\ lastBound = 0
/\ graph2 = [ nodes |->
      << [ ind |-> 4466,
           addr |-> "0x10552",
           COM |-> 4,
           IFacq |-> 1,
           IFrel |-> 2,
           IDacq |-> 2,
           IDrel |-> 3,
           FUacq |-> 3,
           FUrel |-> 4,
           ROB |-> 2,
           RS |-> 2,
           FU |-> 1 ],
         [ ind |-> 4467,
           addr |-> "0x10554",
           COM |-> 4,
           IFacq |-> 1,
           IFrel |-> 2,
           IDacq |-> 2,
           IDrel |-> 3,
           FUacq |-> 3,
           FUrel |-> 4,
           ROB |-> 2,
           RS |-> 2,
           FU |-> 2 ],
         [ ind |-> 4468,
           addr |-> "0x10556",
           COM |-> 5,
           IFacq |-> 2,
           IFrel |-> 3,
           IDacq |-> 3,
           IDrel |-> 4,
           FUacq |-> 4,
           FUrel |-> 5,
           ROB |-> 3,
           RS |-> 3,
           FU |-> 1 ],
         [ ind |-> 4469,
           addr |-> "0x10558",
           COM |-> 6,
           IFacq |-> 2,
           IFrel |-> 3,
           IDacq |-> 3,
           IDrel |-> 4,
           FUacq |-> 5,
           FUrel |-> 6,
           ROB |-> 3,
           RS |-> 3,
           FU |-> 1 ],
         [ ind |-> 4470,
           addr |-> "0x1055a",
           COM |-> 6,
           IFacq |-> 3,
           IFrel |-> 4,
           IDacq |-> 4,
           IDrel |-> 5,
           FUacq |-> 5,
           FUrel |-> 6,
           ROB |-> 4,
           RS |-> 4,
           FU |-> 2 ],
         [ ind |-> 4471,
           addr |-> "0x1055e",
           COM |-> 7,
           IFacq |-> 3,
           IFrel |-> 4,
           IDacq |-> 4,
           IDrel |-> 5,
           FUacq |-> 6,
           FUrel |-> 7,
           ROB |-> 4,
           RS |-> 4,
           FU |-> 1 ],
         [ ind |-> 4472,
           addr |-> "0x10562",
           COM |-> 7,
           IFacq |-> 4,
           IFrel |-> 5,
           IDacq |-> 5,
           IDrel |-> 6,
           FUacq |-> 6,
           FUrel |-> 7,
           ROB |-> 5,
           RS |-> 5,
           FU |-> 2 ],
         [ ind |-> 4473,
           addr |-> "0x10566",
           COM |-> 0,
           IFacq |-> 4,
           IFrel |-> 5,
           IDacq |-> 5,
           IDrel |-> 6,
           FUacq |-> 7,
           FUrel |-> 8,
           ROB |-> 5,
           RS |-> 5,
           FU |-> 1 ],
         [ ind |-> 4474,
           addr |-> "0x10688",
           COM |-> 0,
           IFacq |-> 5,
           IFrel |-> 6,
           IDacq |-> 6,
           IDrel |-> 7,
           FUacq |-> 7,
           FUrel |-> 0,
           ROB |-> 6,
           RS |-> 6,
           FU |-> 2 ],
         [ ind |-> 4475,
           addr |-> "0x1068c",
           COM |-> 0,
           IFacq |-> 5,
           IFrel |-> 6,
           IDacq |-> 6,
           IDrel |-> 7,
           FUacq |-> 0,
           FUrel |-> 0,
           ROB |-> 6,
           RS |-> 6,
           FU |-> 0 ],
         [ ind |-> 4476,
           addr |-> "0x10690",
           COM |-> 0,
           IFacq |-> 6,
           IFrel |-> 7,
           IDacq |-> 7,
           IDrel |-> 8,
           FUacq |-> 0,
           FUrel |-> 0,
           ROB |-> 7,
           RS |-> 7,
           FU |-> 0 ],
         [ ind |-> 4477,
           addr |-> "0x10692",
           COM |-> 0,
           IFacq |-> 6,
           IFrel |-> 7,
           IDacq |-> 7,
           IDrel |-> 8,
           FUacq |-> 0,
           FUrel |-> 0,
           ROB |-> 7,
           RS |-> 7,
           FU |-> 0 ],
         [ ind |-> 4478,
           addr |-> "0x10568",
           COM |-> 0,
           IFacq |-> 7,
           IFrel |-> 8,
           IDacq |-> 0,
           IDrel |-> 0,
           FUacq |-> 0,
           FUrel |-> 0,
           ROB |-> 0,
           RS |-> 0,
           FU |-> 0 ],
         [ ind |-> 4479,
           addr |-> "0x1056c",
           COM |-> 0,
           IFacq |-> 7,
           IFrel |-> 8,
           IDacq |-> 0,
           IDrel |-> 0,
           FUacq |-> 0,
           FUrel |-> 0,
           ROB |-> 0,
           RS |-> 0,
           FU |-> 0 ] >>,
  edges |-> {[type |-> "D", source |-> 4466, dest |-> 4468]} ]
/\ pc2 = 16
/\ robHead = 8
/\ rob = << [ instr |->
         [ ind |-> 4466,
           type |-> "IntAlu",
           r0 |-> "sp",
           r1 |-> "",
           r2 |-> "",
           addr |-> "0x10552" ],
     done |-> TRUE,
     executed |-> TRUE ],
   [ instr |->
         [ ind |-> 4467,
           type |-> "MemWrite",
           r0 |-> "s0",
           r1 |-> "",
           r2 |-> "",
           addr |-> "0x10554" ],
     done |-> TRUE,
     executed |-> TRUE ],
   [ instr |->
         [ ind |-> 4468,
           type |-> "IntAlu",
           r0 |-> "s0",
           r1 |-> "sp",
           r2 |-> "",
           addr |-> "0x10556" ],
     done |-> TRUE,
     executed |-> TRUE ],
   [ instr |->
         [ ind |-> 4469,
           type |-> "IntAlu",
           r0 |-> "a5",
           r1 |-> "",
           r2 |-> "",
           addr |-> "0x10558" ],
     done |-> TRUE,
     executed |-> TRUE ],
   [ instr |->
         [ ind |-> 4470,
           type |-> "MemWrite",
           r0 |-> "a5",
           r1 |-> "",
           r2 |-> "",
           addr |-> "0x1055a" ],
     done |-> TRUE,
     executed |-> TRUE ],
   [ instr |->
         [ ind |-> 4471,
           type |-> "IntAlu",
           r0 |-> "a5",
           r1 |-> "",
           r2 |-> "",
           addr |-> "0x1055e" ],
     done |-> TRUE,
     executed |-> TRUE ],
   [ instr |->
         [ ind |-> 4472,
           type |-> "MemWrite",
           r0 |-> "zero",
           r1 |-> "",
           r2 |-> "",
           addr |-> "0x10562" ],
     done |-> TRUE,
     executed |-> TRUE ],
   [ instr |->
         [ ind |-> 4473,
           type |-> "IntAlu",
           r0 |-> "",
           r1 |-> "",
           r2 |-> "",
           addr |-> "0x10566" ],
     done |-> FALSE,
     executed |-> TRUE ],
   [ instr |->
         [ ind |-> 4474,
           type |-> "MemRead",
           r0 |-> "a5",
           r1 |-> "",
           r2 |-> "",
           addr |-> "0x10688" ],
     done |-> FALSE,
     executed |-> TRUE ],
   [ instr |->
         [ ind |-> 4475,
           type |-> "IntAlu",
           r0 |-> "a4",
           r1 |-> "a5",
           r2 |-> "",
           addr |-> "0x1068c" ],
     done |-> FALSE,
     executed |-> FALSE ],
   [ instr |->
         [ ind |-> 4476,
           type |-> "IntAlu",
           r0 |-> "a5",
           r1 |-> "",
           r2 |-> "",
           addr |-> "0x10690" ],
     done |-> FALSE,
     executed |-> FALSE ],
   [ instr |->
         [ ind |-> 4477,
           type |-> "IntAlu",
           r0 |-> "a5",
           r1 |-> "a4",
           r2 |-> "",
           addr |-> "0x10692" ],
     done |-> FALSE,
     executed |-> FALSE ] >>
/\ _RS = << { [ ind |-> 4476,
       type |-> "IntAlu",
       r0 |-> "a5",
       r1 |-> "",
       r2 |-> "",
       addr |-> "0x10690" ],
     [ ind |-> 4477,
       type |-> "IntAlu",
       r0 |-> "a5",
       r1 |-> "a4",
       r2 |-> "",
       addr |-> "0x10692" ] },
   {},
   {},
   {} >>
/\ currCycle = 8
/\ exec_inst = 1
/\ robHead2 = 8
/\ pc = 16
/\ rob2 = << [ instr |->
         [ ind |-> 4466,
           type |-> "IntAlu",
           r0 |-> "sp",
           r1 |-> "",
           r2 |-> "",
           addr |-> "0x10552" ],
     done |-> TRUE,
     executed |-> TRUE ],
   [ instr |->
         [ ind |-> 4467,
           type |-> "MemWrite",
           r0 |-> "s0",
           r1 |-> "",
           r2 |-> "",
           addr |-> "0x10554" ],
     done |-> TRUE,
     executed |-> TRUE ],
   [ instr |->
         [ ind |-> 4468,
           type |-> "IntAlu",
           r0 |-> "s0",
           r1 |-> "sp",
           r2 |-> "",
           addr |-> "0x10556" ],
     done |-> TRUE,
     executed |-> TRUE ],
   [ instr |->
         [ ind |-> 4469,
           type |-> "IntAlu",
           r0 |-> "a5",
           r1 |-> "",
           r2 |-> "",
           addr |-> "0x10558" ],
     done |-> TRUE,
     executed |-> TRUE ],
   [ instr |->
         [ ind |-> 4470,
           type |-> "MemWrite",
           r0 |-> "a5",
           r1 |-> "",
           r2 |-> "",
           addr |-> "0x1055a" ],
     done |-> TRUE,
     executed |-> TRUE ],
   [ instr |->
         [ ind |-> 4471,
           type |-> "IntAlu",
           r0 |-> "a5",
           r1 |-> "",
           r2 |-> "",
           addr |-> "0x1055e" ],
     done |-> TRUE,
     executed |-> TRUE ],
   [ instr |->
         [ ind |-> 4472,
           type |-> "MemWrite",
           r0 |-> "zero",
           r1 |-> "",
           r2 |-> "",
           addr |-> "0x10562" ],
     done |-> TRUE,
     executed |-> TRUE ],
   [ instr |->
         [ ind |-> 4473,
           type |-> "IntAlu",
           r0 |-> "",
           r1 |-> "",
           r2 |-> "",
           addr |-> "0x10566" ],
     done |-> FALSE,
     executed |-> TRUE ],
   [ instr |->
         [ ind |-> 4474,
           type |-> "MemRead",
           r0 |-> "a5",
           r1 |-> "",
           r2 |-> "",
           addr |-> "0x10688" ],
     done |-> FALSE,
     executed |-> FALSE ],
   [ instr |->
         [ ind |-> 4475,
           type |-> "IntAlu",
           r0 |-> "a4",
           r1 |-> "a5",
           r2 |-> "",
           addr |-> "0x1068c" ],
     done |-> FALSE,
     executed |-> FALSE ],
   [ instr |->
         [ ind |-> 4476,
           type |-> "IntAlu",
           r0 |-> "a5",
           r1 |-> "",
           r2 |-> "",
           addr |-> "0x10690" ],
     done |-> FALSE,
     executed |-> FALSE ],
   [ instr |->
         [ ind |-> 4477,
           type |-> "IntAlu",
           r0 |-> "a5",
           r1 |-> "a4",
           r2 |-> "",
           addr |-> "0x10692" ],
     done |-> FALSE,
     executed |-> FALSE ] >>
/\ _FU = << [ instr |->
         [ ind |-> 4475,
           type |-> "IntAlu",
           r0 |-> "a4",
           r1 |-> "a5",
           r2 |-> "",
           addr |-> "0x1068c" ],
     baseLat |-> 1,
     currLat |-> 1 ],
   [ instr |->
         [ ind |-> 0,
           type |-> "No_OpClass",
           r0 |-> "",
           r1 |-> "",
           r2 |-> "",
           addr |-> "" ],
     baseLat |-> 1,
     currLat |-> 1 ],
   [ instr |->
         [ ind |-> 0,
           type |-> "No_OpClass",
           r0 |-> "",
           r1 |-> "",
           r2 |-> "",
           addr |-> "" ],
     baseLat |-> 1,
     currLat |-> 1 ],
   [ instr |->
         [ ind |-> 0,
           type |-> "No_OpClass",
           r0 |-> "",
           r1 |-> "",
           r2 |-> "",
           addr |-> "" ],
     baseLat |-> 1,
     currLat |-> 1 ] >>

@!@!@ENDMSG 2217 @!@!@
@!@!@STARTMSG 2217:4 @!@!@
10: <Next line 63, col 9 to line 67, col 64 of module pipeline_ooo>
/\ _RS2 = << { [ ind |-> 4475,
       type |-> "IntAlu",
       r0 |-> "a4",
       r1 |-> "a5",
       r2 |-> "",
       addr |-> "0x1068c" ],
     [ ind |-> 4477,
       type |-> "IntAlu",
       r0 |-> "a5",
       r1 |-> "a4",
       r2 |-> "",
       addr |-> "0x10692" ] },
   { [ ind |-> 4479,
       type |-> "MemRead",
       r0 |-> "a5",
       r1 |-> "",
       r2 |-> "",
       addr |-> "0x1056c" ] },
   {},
   {} >>
/\ _COM2 = << [ ind |-> 0,
     type |-> "No_OpClass",
     r0 |-> "",
     r1 |-> "",
     r2 |-> "",
     addr |-> "" ],
   [ ind |-> 0,
     type |-> "No_OpClass",
     r0 |-> "",
     r1 |-> "",
     r2 |-> "",
     addr |-> "" ] >>
/\ _ID = << [ ind |-> 4480,
     type |-> "IntAlu",
     r0 |-> "a5",
     r1 |-> "",
     r2 |-> "",
     addr |-> "0x10570" ],
   [ ind |-> 4481,
     type |-> "IntAlu",
     r0 |-> "a4",
     r1 |-> "a5",
     r2 |-> "",
     addr |-> "0x10572" ] >>
/\ _IF = << [ instr |->
         [ ind |-> 4482,
           type |-> "IntAlu",
           r0 |-> "a5",
           r1 |-> "",
           r2 |-> "",
           addr |-> "0x10576" ],
     baseLat |-> 1,
     currLat |-> 1 ],
   [ instr |->
         [ ind |-> 4483,
           type |-> "MemWrite",
           r0 |-> "a4",
           r1 |-> "",
           r2 |-> "",
           addr |-> "0x1057a" ],
     baseLat |-> 1,
     currLat |-> 1 ] >>
/\ _FU2 = << [ instr |->
         [ ind |-> 4478,
           type |-> "IntAlu",
           r0 |-> "a5",
           r1 |-> "",
           r2 |-> "",
           addr |-> "0x10568" ],
     baseLat |-> 1,
     currLat |-> 1 ],
   [ instr |->
         [ ind |-> 4474,
           type |-> "MemRead",
           r0 |-> "a5",
           r1 |-> "",
           r2 |-> "",
           addr |-> "0x10688" ],
     baseLat |-> 10,
     currLat |-> 3 ],
   [ instr |->
         [ ind |-> 0,
           type |-> "No_OpClass",
           r0 |-> "",
           r1 |-> "",
           r2 |-> "",
           addr |-> "" ],
     baseLat |-> 1,
     currLat |-> 1 ],
   [ instr |->
         [ ind |-> 0,
           type |-> "No_OpClass",
           r0 |-> "",
           r1 |-> "",
           r2 |-> "",
           addr |-> "" ],
     baseLat |-> 1,
     currLat |-> 1 ] >>
/\ _COM = << [ ind |-> 4475,
     type |-> "IntAlu",
     r0 |-> "a4",
     r1 |-> "a5",
     r2 |-> "",
     addr |-> "0x1068c" ],
   [ ind |-> 0,
     type |-> "No_OpClass",
     r0 |-> "",
     r1 |-> "",
     r2 |-> "",
     addr |-> "" ] >>
/\ exec_inst2 = 2
/\ _ID2 = << [ ind |-> 4480,
     type |-> "IntAlu",
     r0 |-> "a5",
     r1 |-> "",
     r2 |-> "",
     addr |-> "0x10570" ],
   [ ind |-> 4481,
     type |-> "IntAlu",
     r0 |-> "a4",
     r1 |-> "a5",
     r2 |-> "",
     addr |-> "0x10572" ] >>
/\ graph = [ nodes |->
      << [ ind |-> 4466,
           addr |-> "0x10552",
           COM |-> 4,
           IFacq |-> 1,
           IFrel |-> 2,
           IDacq |-> 2,
           IDrel |-> 3,
           FUacq |-> 3,
           FUrel |-> 4,
           ROB |-> 2,
           RS |-> 2,
           FU |-> 1 ],
         [ ind |-> 4467,
           addr |-> "0x10554",
           COM |-> 4,
           IFacq |-> 1,
           IFrel |-> 2,
           IDacq |-> 2,
           IDrel |-> 3,
           FUacq |-> 3,
           FUrel |-> 4,
           ROB |-> 2,
           RS |-> 2,
           FU |-> 2 ],
         [ ind |-> 4468,
           addr |-> "0x10556",
           COM |-> 5,
           IFacq |-> 2,
           IFrel |-> 3,
           IDacq |-> 3,
           IDrel |-> 4,
           FUacq |-> 4,
           FUrel |-> 5,
           ROB |-> 3,
           RS |-> 3,
           FU |-> 1 ],
         [ ind |-> 4469,
           addr |-> "0x10558",
           COM |-> 6,
           IFacq |-> 2,
           IFrel |-> 3,
           IDacq |-> 3,
           IDrel |-> 4,
           FUacq |-> 5,
           FUrel |-> 6,
           ROB |-> 3,
           RS |-> 3,
           FU |-> 1 ],
         [ ind |-> 4470,
           addr |-> "0x1055a",
           COM |-> 6,
           IFacq |-> 3,
           IFrel |-> 4,
           IDacq |-> 4,
           IDrel |-> 5,
           FUacq |-> 5,
           FUrel |-> 6,
           ROB |-> 4,
           RS |-> 4,
           FU |-> 2 ],
         [ ind |-> 4471,
           addr |-> "0x1055e",
           COM |-> 7,
           IFacq |-> 3,
           IFrel |-> 4,
           IDacq |-> 4,
           IDrel |-> 5,
           FUacq |-> 6,
           FUrel |-> 7,
           ROB |-> 4,
           RS |-> 4,
           FU |-> 1 ],
         [ ind |-> 4472,
           addr |-> "0x10562",
           COM |-> 7,
           IFacq |-> 4,
           IFrel |-> 5,
           IDacq |-> 5,
           IDrel |-> 6,
           FUacq |-> 6,
           FUrel |-> 7,
           ROB |-> 5,
           RS |-> 5,
           FU |-> 2 ],
         [ ind |-> 4473,
           addr |-> "0x10566",
           COM |-> 8,
           IFacq |-> 4,
           IFrel |-> 5,
           IDacq |-> 5,
           IDrel |-> 6,
           FUacq |-> 7,
           FUrel |-> 8,
           ROB |-> 5,
           RS |-> 5,
           FU |-> 1 ],
         [ ind |-> 4474,
           addr |-> "0x10688",
           COM |-> 8,
           IFacq |-> 5,
           IFrel |-> 6,
           IDacq |-> 6,
           IDrel |-> 7,
           FUacq |-> 7,
           FUrel |-> 8,
           ROB |-> 6,
           RS |-> 6,
           FU |-> 2 ],
         [ ind |-> 4475,
           addr |-> "0x1068c",
           COM |-> 0,
           IFacq |-> 5,
           IFrel |-> 6,
           IDacq |-> 6,
           IDrel |-> 7,
           FUacq |-> 8,
           FUrel |-> 9,
           ROB |-> 6,
           RS |-> 6,
           FU |-> 1 ],
         [ ind |-> 4476,
           addr |-> "0x10690",
           COM |-> 0,
           IFacq |-> 6,
           IFrel |-> 7,
           IDacq |-> 7,
           IDrel |-> 8,
           FUacq |-> 0,
           FUrel |-> 0,
           ROB |-> 7,
           RS |-> 7,
           FU |-> 0 ],
         [ ind |-> 4477,
           addr |-> "0x10692",
           COM |-> 0,
           IFacq |-> 6,
           IFrel |-> 7,
           IDacq |-> 7,
           IDrel |-> 8,
           FUacq |-> 0,
           FUrel |-> 0,
           ROB |-> 7,
           RS |-> 7,
           FU |-> 0 ],
         [ ind |-> 4478,
           addr |-> "0x10568",
           COM |-> 0,
           IFacq |-> 7,
           IFrel |-> 8,
           IDacq |-> 8,
           IDrel |-> 9,
           FUacq |-> 0,
           FUrel |-> 0,
           ROB |-> 8,
           RS |-> 8,
           FU |-> 0 ],
         [ ind |-> 4479,
           addr |-> "0x1056c",
           COM |-> 0,
           IFacq |-> 7,
           IFrel |-> 8,
           IDacq |-> 8,
           IDrel |-> 9,
           FUacq |-> 0,
           FUrel |-> 0,
           ROB |-> 8,
           RS |-> 8,
           FU |-> 0 ],
         [ ind |-> 4480,
           addr |-> "0x10570",
           COM |-> 0,
           IFacq |-> 8,
           IFrel |-> 9,
           IDacq |-> 0,
           IDrel |-> 0,
           FUacq |-> 0,
           FUrel |-> 0,
           ROB |-> 0,
           RS |-> 0,
           FU |-> 0 ],
         [ ind |-> 4481,
           addr |-> "0x10572",
           COM |-> 0,
           IFacq |-> 8,
           IFrel |-> 9,
           IDacq |-> 0,
           IDrel |-> 0,
           FUacq |-> 0,
           FUrel |-> 0,
           ROB |-> 0,
           RS |-> 0,
           FU |-> 0 ] >>,
  edges |->
      { [type |-> "D", source |-> 4466, dest |-> 4468],
        [type |-> "D", source |-> 4474, dest |-> 4475] } ]
/\ currCycle2 = 9
/\ _IF2 = << [ instr |->
         [ ind |-> 4482,
           type |-> "IntAlu",
           r0 |-> "a5",
           r1 |-> "",
           r2 |-> "",
           addr |-> "0x10576" ],
     baseLat |-> 1,
     currLat |-> 1 ],
   [ instr |->
         [ ind |-> 4483,
           type |-> "MemWrite",
           r0 |-> "a4",
           r1 |-> "",
           r2 |-> "",
           addr |-> "0x1057a" ],
     baseLat |-> 1,
     currLat |-> 1 ] >>
/\ lastBound = 0
/\ graph2 = [ nodes |->
      << [ ind |-> 4466,
           addr |-> "0x10552",
           COM |-> 4,
           IFacq |-> 1,
           IFrel |-> 2,
           IDacq |-> 2,
           IDrel |-> 3,
           FUacq |-> 3,
           FUrel |-> 4,
           ROB |-> 2,
           RS |-> 2,
           FU |-> 1 ],
         [ ind |-> 4467,
           addr |-> "0x10554",
           COM |-> 4,
           IFacq |-> 1,
           IFrel |-> 2,
           IDacq |-> 2,
           IDrel |-> 3,
           FUacq |-> 3,
           FUrel |-> 4,
           ROB |-> 2,
           RS |-> 2,
           FU |-> 2 ],
         [ ind |-> 4468,
           addr |-> "0x10556",
           COM |-> 5,
           IFacq |-> 2,
           IFrel |-> 3,
           IDacq |-> 3,
           IDrel |-> 4,
           FUacq |-> 4,
           FUrel |-> 5,
           ROB |-> 3,
           RS |-> 3,
           FU |-> 1 ],
         [ ind |-> 4469,
           addr |-> "0x10558",
           COM |-> 6,
           IFacq |-> 2,
           IFrel |-> 3,
           IDacq |-> 3,
           IDrel |-> 4,
           FUacq |-> 5,
           FUrel |-> 6,
           ROB |-> 3,
           RS |-> 3,
           FU |-> 1 ],
         [ ind |-> 4470,
           addr |-> "0x1055a",
           COM |-> 6,
           IFacq |-> 3,
           IFrel |-> 4,
           IDacq |-> 4,
           IDrel |-> 5,
           FUacq |-> 5,
           FUrel |-> 6,
           ROB |-> 4,
           RS |-> 4,
           FU |-> 2 ],
         [ ind |-> 4471,
           addr |-> "0x1055e",
           COM |-> 7,
           IFacq |-> 3,
           IFrel |-> 4,
           IDacq |-> 4,
           IDrel |-> 5,
           FUacq |-> 6,
           FUrel |-> 7,
           ROB |-> 4,
           RS |-> 4,
           FU |-> 1 ],
         [ ind |-> 4472,
           addr |-> "0x10562",
           COM |-> 7,
           IFacq |-> 4,
           IFrel |-> 5,
           IDacq |-> 5,
           IDrel |-> 6,
           FUacq |-> 6,
           FUrel |-> 7,
           ROB |-> 5,
           RS |-> 5,
           FU |-> 2 ],
         [ ind |-> 4473,
           addr |-> "0x10566",
           COM |-> 8,
           IFacq |-> 4,
           IFrel |-> 5,
           IDacq |-> 5,
           IDrel |-> 6,
           FUacq |-> 7,
           FUrel |-> 8,
           ROB |-> 5,
           RS |-> 5,
           FU |-> 1 ],
         [ ind |-> 4474,
           addr |-> "0x10688",
           COM |-> 0,
           IFacq |-> 5,
           IFrel |-> 6,
           IDacq |-> 6,
           IDrel |-> 7,
           FUacq |-> 7,
           FUrel |-> 0,
           ROB |-> 6,
           RS |-> 6,
           FU |-> 2 ],
         [ ind |-> 4475,
           addr |-> "0x1068c",
           COM |-> 0,
           IFacq |-> 5,
           IFrel |-> 6,
           IDacq |-> 6,
           IDrel |-> 7,
           FUacq |-> 0,
           FUrel |-> 0,
           ROB |-> 6,
           RS |-> 6,
           FU |-> 0 ],
         [ ind |-> 4476,
           addr |-> "0x10690",
           COM |-> 0,
           IFacq |-> 6,
           IFrel |-> 7,
           IDacq |-> 7,
           IDrel |-> 8,
           FUacq |-> 8,
           FUrel |-> 9,
           ROB |-> 7,
           RS |-> 7,
           FU |-> 1 ],
         [ ind |-> 4477,
           addr |-> "0x10692",
           COM |-> 0,
           IFacq |-> 6,
           IFrel |-> 7,
           IDacq |-> 7,
           IDrel |-> 8,
           FUacq |-> 0,
           FUrel |-> 0,
           ROB |-> 7,
           RS |-> 7,
           FU |-> 0 ],
         [ ind |-> 4478,
           addr |-> "0x10568",
           COM |-> 0,
           IFacq |-> 7,
           IFrel |-> 8,
           IDacq |-> 8,
           IDrel |-> 9,
           FUacq |-> 0,
           FUrel |-> 0,
           ROB |-> 8,
           RS |-> 8,
           FU |-> 0 ],
         [ ind |-> 4479,
           addr |-> "0x1056c",
           COM |-> 0,
           IFacq |-> 7,
           IFrel |-> 8,
           IDacq |-> 8,
           IDrel |-> 9,
           FUacq |-> 0,
           FUrel |-> 0,
           ROB |-> 8,
           RS |-> 8,
           FU |-> 0 ],
         [ ind |-> 4480,
           addr |-> "0x10570",
           COM |-> 0,
           IFacq |-> 8,
           IFrel |-> 9,
           IDacq |-> 0,
           IDrel |-> 0,
           FUacq |-> 0,
           FUrel |-> 0,
           ROB |-> 0,
           RS |-> 0,
           FU |-> 0 ],
         [ ind |-> 4481,
           addr |-> "0x10572",
           COM |-> 0,
           IFacq |-> 8,
           IFrel |-> 9,
           IDacq |-> 0,
           IDrel |-> 0,
           FUacq |-> 0,
           FUrel |-> 0,
           ROB |-> 0,
           RS |-> 0,
           FU |-> 0 ] >>,
  edges |-> {[type |-> "D", source |-> 4466, dest |-> 4468]} ]
/\ pc2 = 18
/\ robHead = 10
/\ rob = << [ instr |->
         [ ind |-> 4466,
           type |-> "IntAlu",
           r0 |-> "sp",
           r1 |-> "",
           r2 |-> "",
           addr |-> "0x10552" ],
     done |-> TRUE,
     executed |-> TRUE ],
   [ instr |->
         [ ind |-> 4467,
           type |-> "MemWrite",
           r0 |-> "s0",
           r1 |-> "",
           r2 |-> "",
           addr |-> "0x10554" ],
     done |-> TRUE,
     executed |-> TRUE ],
   [ instr |->
         [ ind |-> 4468,
           type |-> "IntAlu",
           r0 |-> "s0",
           r1 |-> "sp",
           r2 |-> "",
           addr |-> "0x10556" ],
     done |-> TRUE,
     executed |-> TRUE ],
   [ instr |->
         [ ind |-> 4469,
           type |-> "IntAlu",
           r0 |-> "a5",
           r1 |-> "",
           r2 |-> "",
           addr |-> "0x10558" ],
     done |-> TRUE,
     executed |-> TRUE ],
   [ instr |->
         [ ind |-> 4470,
           type |-> "MemWrite",
           r0 |-> "a5",
           r1 |-> "",
           r2 |-> "",
           addr |-> "0x1055a" ],
     done |-> TRUE,
     executed |-> TRUE ],
   [ instr |->
         [ ind |-> 4471,
           type |-> "IntAlu",
           r0 |-> "a5",
           r1 |-> "",
           r2 |-> "",
           addr |-> "0x1055e" ],
     done |-> TRUE,
     executed |-> TRUE ],
   [ instr |->
         [ ind |-> 4472,
           type |-> "MemWrite",
           r0 |-> "zero",
           r1 |-> "",
           r2 |-> "",
           addr |-> "0x10562" ],
     done |-> TRUE,
     executed |-> TRUE ],
   [ instr |->
         [ ind |-> 4473,
           type |-> "IntAlu",
           r0 |-> "",
           r1 |-> "",
           r2 |-> "",
           addr |-> "0x10566" ],
     done |-> TRUE,
     executed |-> TRUE ],
   [ instr |->
         [ ind |-> 4474,
           type |-> "MemRead",
           r0 |-> "a5",
           r1 |-> "",
           r2 |-> "",
           addr |-> "0x10688" ],
     done |-> TRUE,
     executed |-> TRUE ],
   [ instr |->
         [ ind |-> 4475,
           type |-> "IntAlu",
           r0 |-> "a4",
           r1 |-> "a5",
           r2 |-> "",
           addr |-> "0x1068c" ],
     done |-> FALSE,
     executed |-> TRUE ],
   [ instr |->
         [ ind |-> 4476,
           type |-> "IntAlu",
           r0 |-> "a5",
           r1 |-> "",
           r2 |-> "",
           addr |-> "0x10690" ],
     done |-> FALSE,
     executed |-> FALSE ],
   [ instr |->
         [ ind |-> 4477,
           type |-> "IntAlu",
           r0 |-> "a5",
           r1 |-> "a4",
           r2 |-> "",
           addr |-> "0x10692" ],
     done |-> FALSE,
     executed |-> FALSE ],
   [ instr |->
         [ ind |-> 4478,
           type |-> "IntAlu",
           r0 |-> "a5",
           r1 |-> "",
           r2 |-> "",
           addr |-> "0x10568" ],
     done |-> FALSE,
     executed |-> FALSE ],
   [ instr |->
         [ ind |-> 4479,
           type |-> "MemRead",
           r0 |-> "a5",
           r1 |-> "",
           r2 |-> "",
           addr |-> "0x1056c" ],
     done |-> FALSE,
     executed |-> FALSE ] >>
/\ _RS = << { [ ind |-> 4477,
       type |-> "IntAlu",
       r0 |-> "a5",
       r1 |-> "a4",
       r2 |-> "",
       addr |-> "0x10692" ],
     [ ind |-> 4478,
       type |-> "IntAlu",
       r0 |-> "a5",
       r1 |-> "",
       r2 |-> "",
       addr |-> "0x10568" ] },
   {},
   {},
   {} >>
/\ currCycle = 9
/\ exec_inst = 1
/\ robHead2 = 9
/\ pc = 18
/\ rob2 = << [ instr |->
         [ ind |-> 4466,
           type |-> "IntAlu",
           r0 |-> "sp",
           r1 |-> "",
           r2 |-> "",
           addr |-> "0x10552" ],
     done |-> TRUE,
     executed |-> TRUE ],
   [ instr |->
         [ ind |-> 4467,
           type |-> "MemWrite",
           r0 |-> "s0",
           r1 |-> "",
           r2 |-> "",
           addr |-> "0x10554" ],
     done |-> TRUE,
     executed |-> TRUE ],
   [ instr |->
         [ ind |-> 4468,
           type |-> "IntAlu",
           r0 |-> "s0",
           r1 |-> "sp",
           r2 |-> "",
           addr |-> "0x10556" ],
     done |-> TRUE,
     executed |-> TRUE ],
   [ instr |->
         [ ind |-> 4469,
           type |-> "IntAlu",
           r0 |-> "a5",
           r1 |-> "",
           r2 |-> "",
           addr |-> "0x10558" ],
     done |-> TRUE,
     executed |-> TRUE ],
   [ instr |->
         [ ind |-> 4470,
           type |-> "MemWrite",
           r0 |-> "a5",
           r1 |-> "",
           r2 |-> "",
           addr |-> "0x1055a" ],
     done |-> TRUE,
     executed |-> TRUE ],
   [ instr |->
         [ ind |-> 4471,
           type |-> "IntAlu",
           r0 |-> "a5",
           r1 |-> "",
           r2 |-> "",
           addr |-> "0x1055e" ],
     done |-> TRUE,
     executed |-> TRUE ],
   [ instr |->
         [ ind |-> 4472,
           type |-> "MemWrite",
           r0 |-> "zero",
           r1 |-> "",
           r2 |-> "",
           addr |-> "0x10562" ],
     done |-> TRUE,
     executed |-> TRUE ],
   [ instr |->
         [ ind |-> 4473,
           type |-> "IntAlu",
           r0 |-> "",
           r1 |-> "",
           r2 |-> "",
           addr |-> "0x10566" ],
     done |-> TRUE,
     executed |-> TRUE ],
   [ instr |->
         [ ind |-> 4474,
           type |-> "MemRead",
           r0 |-> "a5",
           r1 |-> "",
           r2 |-> "",
           addr |-> "0x10688" ],
     done |-> FALSE,
     executed |-> FALSE ],
   [ instr |->
         [ ind |-> 4475,
           type |-> "IntAlu",
           r0 |-> "a4",
           r1 |-> "a5",
           r2 |-> "",
           addr |-> "0x1068c" ],
     done |-> FALSE,
     executed |-> FALSE ],
   [ instr |->
         [ ind |-> 4476,
           type |-> "IntAlu",
           r0 |-> "a5",
           r1 |-> "",
           r2 |-> "",
           addr |-> "0x10690" ],
     done |-> FALSE,
     executed |-> TRUE ],
   [ instr |->
         [ ind |-> 4477,
           type |-> "IntAlu",
           r0 |-> "a5",
           r1 |-> "a4",
           r2 |-> "",
           addr |-> "0x10692" ],
     done |-> FALSE,
     executed |-> FALSE ],
   [ instr |->
         [ ind |-> 4478,
           type |-> "IntAlu",
           r0 |-> "a5",
           r1 |-> "",
           r2 |-> "",
           addr |-> "0x10568" ],
     done |-> FALSE,
     executed |-> FALSE ],
   [ instr |->
         [ ind |-> 4479,
           type |-> "MemRead",
           r0 |-> "a5",
           r1 |-> "",
           r2 |-> "",
           addr |-> "0x1056c" ],
     done |-> FALSE,
     executed |-> FALSE ] >>
/\ _FU = << [ instr |->
         [ ind |-> 4476,
           type |-> "IntAlu",
           r0 |-> "a5",
           r1 |-> "",
           r2 |-> "",
           addr |-> "0x10690" ],
     baseLat |-> 1,
     currLat |-> 1 ],
   [ instr |->
         [ ind |-> 4479,
           type |-> "MemRead",
           r0 |-> "a5",
           r1 |-> "",
           r2 |-> "",
           addr |-> "0x1056c" ],
     baseLat |-> 1,
     currLat |-> 1 ],
   [ instr |->
         [ ind |-> 0,
           type |-> "No_OpClass",
           r0 |-> "",
           r1 |-> "",
           r2 |-> "",
           addr |-> "" ],
     baseLat |-> 1,
     currLat |-> 1 ],
   [ instr |->
         [ ind |-> 0,
           type |-> "No_OpClass",
           r0 |-> "",
           r1 |-> "",
           r2 |-> "",
           addr |-> "" ],
     baseLat |-> 1,
     currLat |-> 1 ] >>

@!@!@ENDMSG 2217 @!@!@
@!@!@STARTMSG 2217:4 @!@!@
11: <Next line 63, col 9 to line 67, col 64 of module pipeline_ooo>
/\ _RS2 = << { [ ind |-> 4475,
       type |-> "IntAlu",
       r0 |-> "a4",
       r1 |-> "a5",
       r2 |-> "",
       addr |-> "0x1068c" ],
     [ ind |-> 4477,
       type |-> "IntAlu",
       r0 |-> "a5",
       r1 |-> "a4",
       r2 |-> "",
       addr |-> "0x10692" ],
     [ ind |-> 4481,
       type |-> "IntAlu",
       r0 |-> "a4",
       r1 |-> "a5",
       r2 |-> "",
       addr |-> "0x10572" ] },
   { [ ind |-> 4479,
       type |-> "MemRead",
       r0 |-> "a5",
       r1 |-> "",
       r2 |-> "",
       addr |-> "0x1056c" ] },
   {},
   {} >>
/\ _COM2 = << [ ind |-> 0,
     type |-> "No_OpClass",
     r0 |-> "",
     r1 |-> "",
     r2 |-> "",
     addr |-> "" ],
   [ ind |-> 0,
     type |-> "No_OpClass",
     r0 |-> "",
     r1 |-> "",
     r2 |-> "",
     addr |-> "" ] >>
/\ _ID = << [ ind |-> 4482,
     type |-> "IntAlu",
     r0 |-> "a5",
     r1 |-> "",
     r2 |-> "",
     addr |-> "0x10576" ],
   [ ind |-> 4483,
     type |-> "MemWrite",
     r0 |-> "a4",
     r1 |-> "",
     r2 |-> "",
     addr |-> "0x1057a" ] >>
/\ _IF = << [ instr |->
         [ ind |-> 4484,
           type |-> "MemRead",
           r0 |-> "a5",
           r1 |-> "",
           r2 |-> "",
           addr |-> "0x1057e" ],
     baseLat |-> 1,
     currLat |-> 1 ],
   [ instr |->
         [ ind |-> 4485,
           type |-> "MemWrite",
           r0 |-> "a5",
           r1 |-> "",
           r2 |-> "",
           addr |-> "0x10582" ],
     baseLat |-> 1,
     currLat |-> 1 ] >>
/\ _FU2 = << [ instr |->
         [ ind |-> 4480,
           type |-> "IntAlu",
           r0 |-> "a5",
           r1 |-> "",
           r2 |-> "",
           addr |-> "0x10570" ],
     baseLat |-> 1,
     currLat |-> 1 ],
   [ instr |->
         [ ind |-> 4474,
           type |-> "MemRead",
           r0 |-> "a5",
           r1 |-> "",
           r2 |-> "",
           addr |-> "0x10688" ],
     baseLat |-> 10,
     currLat |-> 4 ],
   [ instr |->
         [ ind |-> 0,
           type |-> "No_OpClass",
           r0 |-> "",
           r1 |-> "",
           r2 |-> "",
           addr |-> "" ],
     baseLat |-> 1,
     currLat |-> 1 ],
   [ instr |->
         [ ind |-> 0,
           type |-> "No_OpClass",
           r0 |-> "",
           r1 |-> "",
           r2 |-> "",
           addr |-> "" ],
     baseLat |-> 1,
     currLat |-> 1 ] >>
/\ _COM = << [ ind |-> 4476,
     type |-> "IntAlu",
     r0 |-> "a5",
     r1 |-> "",
     r2 |-> "",
     addr |-> "0x10690" ],
   [ ind |-> 0,
     type |-> "No_OpClass",
     r0 |-> "",
     r1 |-> "",
     r2 |-> "",
     addr |-> "" ] >>
/\ exec_inst2 = 2
/\ _ID2 = << [ ind |-> 4482,
     type |-> "IntAlu",
     r0 |-> "a5",
     r1 |-> "",
     r2 |-> "",
     addr |-> "0x10576" ],
   [ ind |-> 4483,
     type |-> "MemWrite",
     r0 |-> "a4",
     r1 |-> "",
     r2 |-> "",
     addr |-> "0x1057a" ] >>
/\ graph = [ nodes |->
      << [ ind |-> 4466,
           addr |-> "0x10552",
           COM |-> 4,
           IFacq |-> 1,
           IFrel |-> 2,
           IDacq |-> 2,
           IDrel |-> 3,
           FUacq |-> 3,
           FUrel |-> 4,
           ROB |-> 2,
           RS |-> 2,
           FU |-> 1 ],
         [ ind |-> 4467,
           addr |-> "0x10554",
           COM |-> 4,
           IFacq |-> 1,
           IFrel |-> 2,
           IDacq |-> 2,
           IDrel |-> 3,
           FUacq |-> 3,
           FUrel |-> 4,
           ROB |-> 2,
           RS |-> 2,
           FU |-> 2 ],
         [ ind |-> 4468,
           addr |-> "0x10556",
           COM |-> 5,
           IFacq |-> 2,
           IFrel |-> 3,
           IDacq |-> 3,
           IDrel |-> 4,
           FUacq |-> 4,
           FUrel |-> 5,
           ROB |-> 3,
           RS |-> 3,
           FU |-> 1 ],
         [ ind |-> 4469,
           addr |-> "0x10558",
           COM |-> 6,
           IFacq |-> 2,
           IFrel |-> 3,
           IDacq |-> 3,
           IDrel |-> 4,
           FUacq |-> 5,
           FUrel |-> 6,
           ROB |-> 3,
           RS |-> 3,
           FU |-> 1 ],
         [ ind |-> 4470,
           addr |-> "0x1055a",
           COM |-> 6,
           IFacq |-> 3,
           IFrel |-> 4,
           IDacq |-> 4,
           IDrel |-> 5,
           FUacq |-> 5,
           FUrel |-> 6,
           ROB |-> 4,
           RS |-> 4,
           FU |-> 2 ],
         [ ind |-> 4471,
           addr |-> "0x1055e",
           COM |-> 7,
           IFacq |-> 3,
           IFrel |-> 4,
           IDacq |-> 4,
           IDrel |-> 5,
           FUacq |-> 6,
           FUrel |-> 7,
           ROB |-> 4,
           RS |-> 4,
           FU |-> 1 ],
         [ ind |-> 4472,
           addr |-> "0x10562",
           COM |-> 7,
           IFacq |-> 4,
           IFrel |-> 5,
           IDacq |-> 5,
           IDrel |-> 6,
           FUacq |-> 6,
           FUrel |-> 7,
           ROB |-> 5,
           RS |-> 5,
           FU |-> 2 ],
         [ ind |-> 4473,
           addr |-> "0x10566",
           COM |-> 8,
           IFacq |-> 4,
           IFrel |-> 5,
           IDacq |-> 5,
           IDrel |-> 6,
           FUacq |-> 7,
           FUrel |-> 8,
           ROB |-> 5,
           RS |-> 5,
           FU |-> 1 ],
         [ ind |-> 4474,
           addr |-> "0x10688",
           COM |-> 8,
           IFacq |-> 5,
           IFrel |-> 6,
           IDacq |-> 6,
           IDrel |-> 7,
           FUacq |-> 7,
           FUrel |-> 8,
           ROB |-> 6,
           RS |-> 6,
           FU |-> 2 ],
         [ ind |-> 4475,
           addr |-> "0x1068c",
           COM |-> 9,
           IFacq |-> 5,
           IFrel |-> 6,
           IDacq |-> 6,
           IDrel |-> 7,
           FUacq |-> 8,
           FUrel |-> 9,
           ROB |-> 6,
           RS |-> 6,
           FU |-> 1 ],
         [ ind |-> 4476,
           addr |-> "0x10690",
           COM |-> 0,
           IFacq |-> 6,
           IFrel |-> 7,
           IDacq |-> 7,
           IDrel |-> 8,
           FUacq |-> 9,
           FUrel |-> 10,
           ROB |-> 7,
           RS |-> 7,
           FU |-> 1 ],
         [ ind |-> 4477,
           addr |-> "0x10692",
           COM |-> 0,
           IFacq |-> 6,
           IFrel |-> 7,
           IDacq |-> 7,
           IDrel |-> 8,
           FUacq |-> 0,
           FUrel |-> 0,
           ROB |-> 7,
           RS |-> 7,
           FU |-> 0 ],
         [ ind |-> 4478,
           addr |-> "0x10568",
           COM |-> 0,
           IFacq |-> 7,
           IFrel |-> 8,
           IDacq |-> 8,
           IDrel |-> 9,
           FUacq |-> 0,
           FUrel |-> 0,
           ROB |-> 8,
           RS |-> 8,
           FU |-> 0 ],
         [ ind |-> 4479,
           addr |-> "0x1056c",
           COM |-> 0,
           IFacq |-> 7,
           IFrel |-> 8,
           IDacq |-> 8,
           IDrel |-> 9,
           FUacq |-> 9,
           FUrel |-> 10,
           ROB |-> 8,
           RS |-> 8,
           FU |-> 2 ],
         [ ind |-> 4480,
           addr |-> "0x10570",
           COM |-> 0,
           IFacq |-> 8,
           IFrel |-> 9,
           IDacq |-> 9,
           IDrel |-> 10,
           FUacq |-> 0,
           FUrel |-> 0,
           ROB |-> 9,
           RS |-> 9,
           FU |-> 0 ],
         [ ind |-> 4481,
           addr |-> "0x10572",
           COM |-> 0,
           IFacq |-> 8,
           IFrel |-> 9,
           IDacq |-> 9,
           IDrel |-> 10,
           FUacq |-> 0,
           FUrel |-> 0,
           ROB |-> 9,
           RS |-> 9,
           FU |-> 0 ],
         [ ind |-> 4482,
           addr |-> "0x10576",
           COM |-> 0,
           IFacq |-> 9,
           IFrel |-> 10,
           IDacq |-> 0,
           IDrel |-> 0,
           FUacq |-> 0,
           FUrel |-> 0,
           ROB |-> 0,
           RS |-> 0,
           FU |-> 0 ],
         [ ind |-> 4483,
           addr |-> "0x1057a",
           COM |-> 0,
           IFacq |-> 9,
           IFrel |-> 10,
           IDacq |-> 0,
           IDrel |-> 0,
           FUacq |-> 0,
           FUrel |-> 0,
           ROB |-> 0,
           RS |-> 0,
           FU |-> 0 ] >>,
  edges |->
      { [type |-> "D", source |-> 4466, dest |-> 4468],
        [type |-> "D", source |-> 4474, dest |-> 4475] } ]
/\ currCycle2 = 10
/\ _IF2 = << [ instr |->
         [ ind |-> 4484,
           type |-> "MemRead",
           r0 |-> "a5",
           r1 |-> "",
           r2 |-> "",
           addr |-> "0x1057e" ],
     baseLat |-> 1,
     currLat |-> 1 ],
   [ instr |->
         [ ind |-> 4485,
           type |-> "MemWrite",
           r0 |-> "a5",
           r1 |-> "",
           r2 |-> "",
           addr |-> "0x10582" ],
     baseLat |-> 1,
     currLat |-> 1 ] >>
/\ lastBound = 0
/\ graph2 = [ nodes |->
      << [ ind |-> 4466,
           addr |-> "0x10552",
           COM |-> 4,
           IFacq |-> 1,
           IFrel |-> 2,
           IDacq |-> 2,
           IDrel |-> 3,
           FUacq |-> 3,
           FUrel |-> 4,
           ROB |-> 2,
           RS |-> 2,
           FU |-> 1 ],
         [ ind |-> 4467,
           addr |-> "0x10554",
           COM |-> 4,
           IFacq |-> 1,
           IFrel |-> 2,
           IDacq |-> 2,
           IDrel |-> 3,
           FUacq |-> 3,
           FUrel |-> 4,
           ROB |-> 2,
           RS |-> 2,
           FU |-> 2 ],
         [ ind |-> 4468,
           addr |-> "0x10556",
           COM |-> 5,
           IFacq |-> 2,
           IFrel |-> 3,
           IDacq |-> 3,
           IDrel |-> 4,
           FUacq |-> 4,
           FUrel |-> 5,
           ROB |-> 3,
           RS |-> 3,
           FU |-> 1 ],
         [ ind |-> 4469,
           addr |-> "0x10558",
           COM |-> 6,
           IFacq |-> 2,
           IFrel |-> 3,
           IDacq |-> 3,
           IDrel |-> 4,
           FUacq |-> 5,
           FUrel |-> 6,
           ROB |-> 3,
           RS |-> 3,
           FU |-> 1 ],
         [ ind |-> 4470,
           addr |-> "0x1055a",
           COM |-> 6,
           IFacq |-> 3,
           IFrel |-> 4,
           IDacq |-> 4,
           IDrel |-> 5,
           FUacq |-> 5,
           FUrel |-> 6,
           ROB |-> 4,
           RS |-> 4,
           FU |-> 2 ],
         [ ind |-> 4471,
           addr |-> "0x1055e",
           COM |-> 7,
           IFacq |-> 3,
           IFrel |-> 4,
           IDacq |-> 4,
           IDrel |-> 5,
           FUacq |-> 6,
           FUrel |-> 7,
           ROB |-> 4,
           RS |-> 4,
           FU |-> 1 ],
         [ ind |-> 4472,
           addr |-> "0x10562",
           COM |-> 7,
           IFacq |-> 4,
           IFrel |-> 5,
           IDacq |-> 5,
           IDrel |-> 6,
           FUacq |-> 6,
           FUrel |-> 7,
           ROB |-> 5,
           RS |-> 5,
           FU |-> 2 ],
         [ ind |-> 4473,
           addr |-> "0x10566",
           COM |-> 8,
           IFacq |-> 4,
           IFrel |-> 5,
           IDacq |-> 5,
           IDrel |-> 6,
           FUacq |-> 7,
           FUrel |-> 8,
           ROB |-> 5,
           RS |-> 5,
           FU |-> 1 ],
         [ ind |-> 4474,
           addr |-> "0x10688",
           COM |-> 0,
           IFacq |-> 5,
           IFrel |-> 6,
           IDacq |-> 6,
           IDrel |-> 7,
           FUacq |-> 7,
           FUrel |-> 0,
           ROB |-> 6,
           RS |-> 6,
           FU |-> 2 ],
         [ ind |-> 4475,
           addr |-> "0x1068c",
           COM |-> 0,
           IFacq |-> 5,
           IFrel |-> 6,
           IDacq |-> 6,
           IDrel |-> 7,
           FUacq |-> 0,
           FUrel |-> 0,
           ROB |-> 6,
           RS |-> 6,
           FU |-> 0 ],
         [ ind |-> 4476,
           addr |-> "0x10690",
           COM |-> 0,
           IFacq |-> 6,
           IFrel |-> 7,
           IDacq |-> 7,
           IDrel |-> 8,
           FUacq |-> 8,
           FUrel |-> 9,
           ROB |-> 7,
           RS |-> 7,
           FU |-> 1 ],
         [ ind |-> 4477,
           addr |-> "0x10692",
           COM |-> 0,
           IFacq |-> 6,
           IFrel |-> 7,
           IDacq |-> 7,
           IDrel |-> 8,
           FUacq |-> 0,
           FUrel |-> 0,
           ROB |-> 7,
           RS |-> 7,
           FU |-> 0 ],
         [ ind |-> 4478,
           addr |-> "0x10568",
           COM |-> 0,
           IFacq |-> 7,
           IFrel |-> 8,
           IDacq |-> 8,
           IDrel |-> 9,
           FUacq |-> 9,
           FUrel |-> 10,
           ROB |-> 8,
           RS |-> 8,
           FU |-> 1 ],
         [ ind |-> 4479,
           addr |-> "0x1056c",
           COM |-> 0,
           IFacq |-> 7,
           IFrel |-> 8,
           IDacq |-> 8,
           IDrel |-> 9,
           FUacq |-> 0,
           FUrel |-> 0,
           ROB |-> 8,
           RS |-> 8,
           FU |-> 0 ],
         [ ind |-> 4480,
           addr |-> "0x10570",
           COM |-> 0,
           IFacq |-> 8,
           IFrel |-> 9,
           IDacq |-> 9,
           IDrel |-> 10,
           FUacq |-> 0,
           FUrel |-> 0,
           ROB |-> 9,
           RS |-> 9,
           FU |-> 0 ],
         [ ind |-> 4481,
           addr |-> "0x10572",
           COM |-> 0,
           IFacq |-> 8,
           IFrel |-> 9,
           IDacq |-> 9,
           IDrel |-> 10,
           FUacq |-> 0,
           FUrel |-> 0,
           ROB |-> 9,
           RS |-> 9,
           FU |-> 0 ],
         [ ind |-> 4482,
           addr |-> "0x10576",
           COM |-> 0,
           IFacq |-> 9,
           IFrel |-> 10,
           IDacq |-> 0,
           IDrel |-> 0,
           FUacq |-> 0,
           FUrel |-> 0,
           ROB |-> 0,
           RS |-> 0,
           FU |-> 0 ],
         [ ind |-> 4483,
           addr |-> "0x1057a",
           COM |-> 0,
           IFacq |-> 9,
           IFrel |-> 10,
           IDacq |-> 0,
           IDrel |-> 0,
           FUacq |-> 0,
           FUrel |-> 0,
           ROB |-> 0,
           RS |-> 0,
           FU |-> 0 ] >>,
  edges |-> {[type |-> "D", source |-> 4466, dest |-> 4468]} ]
/\ pc2 = 20
/\ robHead = 11
/\ rob = << [ instr |->
         [ ind |-> 4466,
           type |-> "IntAlu",
           r0 |-> "sp",
           r1 |-> "",
           r2 |-> "",
           addr |-> "0x10552" ],
     done |-> TRUE,
     executed |-> TRUE ],
   [ instr |->
         [ ind |-> 4467,
           type |-> "MemWrite",
           r0 |-> "s0",
           r1 |-> "",
           r2 |-> "",
           addr |-> "0x10554" ],
     done |-> TRUE,
     executed |-> TRUE ],
   [ instr |->
         [ ind |-> 4468,
           type |-> "IntAlu",
           r0 |-> "s0",
           r1 |-> "sp",
           r2 |-> "",
           addr |-> "0x10556" ],
     done |-> TRUE,
     executed |-> TRUE ],
   [ instr |->
         [ ind |-> 4469,
           type |-> "IntAlu",
           r0 |-> "a5",
           r1 |-> "",
           r2 |-> "",
           addr |-> "0x10558" ],
     done |-> TRUE,
     executed |-> TRUE ],
   [ instr |->
         [ ind |-> 4470,
           type |-> "MemWrite",
           r0 |-> "a5",
           r1 |-> "",
           r2 |-> "",
           addr |-> "0x1055a" ],
     done |-> TRUE,
     executed |-> TRUE ],
   [ instr |->
         [ ind |-> 4471,
           type |-> "IntAlu",
           r0 |-> "a5",
           r1 |-> "",
           r2 |-> "",
           addr |-> "0x1055e" ],
     done |-> TRUE,
     executed |-> TRUE ],
   [ instr |->
         [ ind |-> 4472,
           type |-> "MemWrite",
           r0 |-> "zero",
           r1 |-> "",
           r2 |-> "",
           addr |-> "0x10562" ],
     done |-> TRUE,
     executed |-> TRUE ],
   [ instr |->
         [ ind |-> 4473,
           type |-> "IntAlu",
           r0 |-> "",
           r1 |-> "",
           r2 |-> "",
           addr |-> "0x10566" ],
     done |-> TRUE,
     executed |-> TRUE ],
   [ instr |->
         [ ind |-> 4474,
           type |-> "MemRead",
           r0 |-> "a5",
           r1 |-> "",
           r2 |-> "",
           addr |-> "0x10688" ],
     done |-> TRUE,
     executed |-> TRUE ],
   [ instr |->
         [ ind |-> 4475,
           type |-> "IntAlu",
           r0 |-> "a4",
           r1 |-> "a5",
           r2 |-> "",
           addr |-> "0x1068c" ],
     done |-> TRUE,
     executed |-> TRUE ],
   [ instr |->
         [ ind |-> 4476,
           type |-> "IntAlu",
           r0 |-> "a5",
           r1 |-> "",
           r2 |-> "",
           addr |-> "0x10690" ],
     done |-> FALSE,
     executed |-> TRUE ],
   [ instr |->
         [ ind |-> 4477,
           type |-> "IntAlu",
           r0 |-> "a5",
           r1 |-> "a4",
           r2 |-> "",
           addr |-> "0x10692" ],
     done |-> FALSE,
     executed |-> FALSE ],
   [ instr |->
         [ ind |-> 4478,
           type |-> "IntAlu",
           r0 |-> "a5",
           r1 |-> "",
           r2 |-> "",
           addr |-> "0x10568" ],
     done |-> FALSE,
     executed |-> FALSE ],
   [ instr |->
         [ ind |-> 4479,
           type |-> "MemRead",
           r0 |-> "a5",
           r1 |-> "",
           r2 |-> "",
           addr |-> "0x1056c" ],
     done |-> FALSE,
     executed |-> TRUE ],
   [ instr |->
         [ ind |-> 4480,
           type |-> "IntAlu",
           r0 |-> "a5",
           r1 |-> "",
           r2 |-> "",
           addr |-> "0x10570" ],
     done |-> FALSE,
     executed |-> FALSE ],
   [ instr |->
         [ ind |-> 4481,
           type |-> "IntAlu",
           r0 |-> "a4",
           r1 |-> "a5",
           r2 |-> "",
           addr |-> "0x10572" ],
     done |-> FALSE,
     executed |-> FALSE ] >>
/\ _RS = << { [ ind |-> 4478,
       type |-> "IntAlu",
       r0 |-> "a5",
       r1 |-> "",
       r2 |-> "",
       addr |-> "0x10568" ],
     [ ind |-> 4480,
       type |-> "IntAlu",
       r0 |-> "a5",
       r1 |-> "",
       r2 |-> "",
       addr |-> "0x10570" ],
     [ ind |-> 4481,
       type |-> "IntAlu",
       r0 |-> "a4",
       r1 |-> "a5",
       r2 |-> "",
       addr |-> "0x10572" ] },
   {},
   {},
   {} >>
/\ currCycle = 10
/\ exec_inst = 1
/\ robHead2 = 9
/\ pc = 20
/\ rob2 = << [ instr |->
         [ ind |-> 4466,
           type |-> "IntAlu",
           r0 |-> "sp",
           r1 |-> "",
           r2 |-> "",
           addr |-> "0x10552" ],
     done |-> TRUE,
     executed |-> TRUE ],
   [ instr |->
         [ ind |-> 4467,
           type |-> "MemWrite",
           r0 |-> "s0",
           r1 |-> "",
           r2 |-> "",
           addr |-> "0x10554" ],
     done |-> TRUE,
     executed |-> TRUE ],
   [ instr |->
         [ ind |-> 4468,
           type |-> "IntAlu",
           r0 |-> "s0",
           r1 |-> "sp",
           r2 |-> "",
           addr |-> "0x10556" ],
     done |-> TRUE,
     executed |-> TRUE ],
   [ instr |->
         [ ind |-> 4469,
           type |-> "IntAlu",
           r0 |-> "a5",
           r1 |-> "",
           r2 |-> "",
           addr |-> "0x10558" ],
     done |-> TRUE,
     executed |-> TRUE ],
   [ instr |->
         [ ind |-> 4470,
           type |-> "MemWrite",
           r0 |-> "a5",
           r1 |-> "",
           r2 |-> "",
           addr |-> "0x1055a" ],
     done |-> TRUE,
     executed |-> TRUE ],
   [ instr |->
         [ ind |-> 4471,
           type |-> "IntAlu",
           r0 |-> "a5",
           r1 |-> "",
           r2 |-> "",
           addr |-> "0x1055e" ],
     done |-> TRUE,
     executed |-> TRUE ],
   [ instr |->
         [ ind |-> 4472,
           type |-> "MemWrite",
           r0 |-> "zero",
           r1 |-> "",
           r2 |-> "",
           addr |-> "0x10562" ],
     done |-> TRUE,
     executed |-> TRUE ],
   [ instr |->
         [ ind |-> 4473,
           type |-> "IntAlu",
           r0 |-> "",
           r1 |-> "",
           r2 |-> "",
           addr |-> "0x10566" ],
     done |-> TRUE,
     executed |-> TRUE ],
   [ instr |->
         [ ind |-> 4474,
           type |-> "MemRead",
           r0 |-> "a5",
           r1 |-> "",
           r2 |-> "",
           addr |-> "0x10688" ],
     done |-> FALSE,
     executed |-> FALSE ],
   [ instr |->
         [ ind |-> 4475,
           type |-> "IntAlu",
           r0 |-> "a4",
           r1 |-> "a5",
           r2 |-> "",
           addr |-> "0x1068c" ],
     done |-> FALSE,
     executed |-> FALSE ],
   [ instr |->
         [ ind |-> 4476,
           type |-> "IntAlu",
           r0 |-> "a5",
           r1 |-> "",
           r2 |-> "",
           addr |-> "0x10690" ],
     done |-> FALSE,
     executed |-> TRUE ],
   [ instr |->
         [ ind |-> 4477,
           type |-> "IntAlu",
           r0 |-> "a5",
           r1 |-> "a4",
           r2 |-> "",
           addr |-> "0x10692" ],
     done |-> FALSE,
     executed |-> FALSE ],
   [ instr |->
         [ ind |-> 4478,
           type |-> "IntAlu",
           r0 |-> "a5",
           r1 |-> "",
           r2 |-> "",
           addr |-> "0x10568" ],
     done |-> FALSE,
     executed |-> TRUE ],
   [ instr |->
         [ ind |-> 4479,
           type |-> "MemRead",
           r0 |-> "a5",
           r1 |-> "",
           r2 |-> "",
           addr |-> "0x1056c" ],
     done |-> FALSE,
     executed |-> FALSE ],
   [ instr |->
         [ ind |-> 4480,
           type |-> "IntAlu",
           r0 |-> "a5",
           r1 |-> "",
           r2 |-> "",
           addr |-> "0x10570" ],
     done |-> FALSE,
     executed |-> FALSE ],
   [ instr |->
         [ ind |-> 4481,
           type |-> "IntAlu",
           r0 |-> "a4",
           r1 |-> "a5",
           r2 |-> "",
           addr |-> "0x10572" ],
     done |-> FALSE,
     executed |-> FALSE ] >>
/\ _FU = << [ instr |->
         [ ind |-> 4477,
           type |-> "IntAlu",
           r0 |-> "a5",
           r1 |-> "a4",
           r2 |-> "",
           addr |-> "0x10692" ],
     baseLat |-> 1,
     currLat |-> 1 ],
   [ instr |->
         [ ind |-> 0,
           type |-> "No_OpClass",
           r0 |-> "",
           r1 |-> "",
           r2 |-> "",
           addr |-> "" ],
     baseLat |-> 1,
     currLat |-> 1 ],
   [ instr |->
         [ ind |-> 0,
           type |-> "No_OpClass",
           r0 |-> "",
           r1 |-> "",
           r2 |-> "",
           addr |-> "" ],
     baseLat |-> 1,
     currLat |-> 1 ],
   [ instr |->
         [ ind |-> 0,
           type |-> "No_OpClass",
           r0 |-> "",
           r1 |-> "",
           r2 |-> "",
           addr |-> "" ],
     baseLat |-> 1,
     currLat |-> 1 ] >>

@!@!@ENDMSG 2217 @!@!@
@!@!@STARTMSG 2217:4 @!@!@
12: <Next line 63, col 9 to line 67, col 64 of module pipeline_ooo>
/\ _RS2 = << { [ ind |-> 4475,
       type |-> "IntAlu",
       r0 |-> "a4",
       r1 |-> "a5",
       r2 |-> "",
       addr |-> "0x1068c" ],
     [ ind |-> 4477,
       type |-> "IntAlu",
       r0 |-> "a5",
       r1 |-> "a4",
       r2 |-> "",
       addr |-> "0x10692" ],
     [ ind |-> 4481,
       type |-> "IntAlu",
       r0 |-> "a4",
       r1 |-> "a5",
       r2 |-> "",
       addr |-> "0x10572" ] },
   { [ ind |-> 4479,
       type |-> "MemRead",
       r0 |-> "a5",
       r1 |-> "",
       r2 |-> "",
       addr |-> "0x1056c" ],
     [ ind |-> 4483,
       type |-> "MemWrite",
       r0 |-> "a4",
       r1 |-> "",
       r2 |-> "",
       addr |-> "0x1057a" ] },
   {},
   {} >>
/\ _COM2 = << [ ind |-> 0,
     type |-> "No_OpClass",
     r0 |-> "",
     r1 |-> "",
     r2 |-> "",
     addr |-> "" ],
   [ ind |-> 0,
     type |-> "No_OpClass",
     r0 |-> "",
     r1 |-> "",
     r2 |-> "",
     addr |-> "" ] >>
/\ _ID = << [ ind |-> 4484,
     type |-> "MemRead",
     r0 |-> "a5",
     r1 |-> "",
     r2 |-> "",
     addr |-> "0x1057e" ],
   [ ind |-> 4485,
     type |-> "MemWrite",
     r0 |-> "a5",
     r1 |-> "",
     r2 |-> "",
     addr |-> "0x10582" ] >>
/\ _IF = << [ instr |->
         [ ind |-> 4486,
           type |-> "IntAlu",
           r0 |-> "a5",
           r1 |-> "",
           r2 |-> "",
           addr |-> "0x10586" ],
     baseLat |-> 1,
     currLat |-> 1 ],
   [ instr |->
         [ ind |-> 4487,
           type |-> "MemWrite",
           r0 |-> "zero",
           r1 |-> "",
           r2 |-> "",
           addr |-> "0x1058a" ],
     baseLat |-> 1,
     currLat |-> 1 ] >>
/\ _FU2 = << [ instr |->
         [ ind |-> 4482,
           type |-> "IntAlu",
           r0 |-> "a5",
           r1 |-> "",
           r2 |-> "",
           addr |-> "0x10576" ],
     baseLat |-> 1,
     currLat |-> 1 ],
   [ instr |->
         [ ind |-> 4474,
           type |-> "MemRead",
           r0 |-> "a5",
           r1 |-> "",
           r2 |-> "",
           addr |-> "0x10688" ],
     baseLat |-> 10,
     currLat |-> 5 ],
   [ instr |->
         [ ind |-> 0,
           type |-> "No_OpClass",
           r0 |-> "",
           r1 |-> "",
           r2 |-> "",
           addr |-> "" ],
     baseLat |-> 1,
     currLat |-> 1 ],
   [ instr |->
         [ ind |-> 0,
           type |-> "No_OpClass",
           r0 |-> "",
           r1 |-> "",
           r2 |-> "",
           addr |-> "" ],
     baseLat |-> 1,
     currLat |-> 1 ] >>
/\ _COM = << [ ind |-> 4477,
     type |-> "IntAlu",
     r0 |-> "a5",
     r1 |-> "a4",
     r2 |-> "",
     addr |-> "0x10692" ],
   [ ind |-> 0,
     type |-> "No_OpClass",
     r0 |-> "",
     r1 |-> "",
     r2 |-> "",
     addr |-> "" ] >>
/\ exec_inst2 = 2
/\ _ID2 = << [ ind |-> 4484,
     type |-> "MemRead",
     r0 |-> "a5",
     r1 |-> "",
     r2 |-> "",
     addr |-> "0x1057e" ],
   [ ind |-> 4485,
     type |-> "MemWrite",
     r0 |-> "a5",
     r1 |-> "",
     r2 |-> "",
     addr |-> "0x10582" ] >>
/\ graph = [ nodes |->
      << [ ind |-> 4466,
           addr |-> "0x10552",
           COM |-> 4,
           IFacq |-> 1,
           IFrel |-> 2,
           IDacq |-> 2,
           IDrel |-> 3,
           FUacq |-> 3,
           FUrel |-> 4,
           ROB |-> 2,
           RS |-> 2,
           FU |-> 1 ],
         [ ind |-> 4467,
           addr |-> "0x10554",
           COM |-> 4,
           IFacq |-> 1,
           IFrel |-> 2,
           IDacq |-> 2,
           IDrel |-> 3,
           FUacq |-> 3,
           FUrel |-> 4,
           ROB |-> 2,
           RS |-> 2,
           FU |-> 2 ],
         [ ind |-> 4468,
           addr |-> "0x10556",
           COM |-> 5,
           IFacq |-> 2,
           IFrel |-> 3,
           IDacq |-> 3,
           IDrel |-> 4,
           FUacq |-> 4,
           FUrel |-> 5,
           ROB |-> 3,
           RS |-> 3,
           FU |-> 1 ],
         [ ind |-> 4469,
           addr |-> "0x10558",
           COM |-> 6,
           IFacq |-> 2,
           IFrel |-> 3,
           IDacq |-> 3,
           IDrel |-> 4,
           FUacq |-> 5,
           FUrel |-> 6,
           ROB |-> 3,
           RS |-> 3,
           FU |-> 1 ],
         [ ind |-> 4470,
           addr |-> "0x1055a",
           COM |-> 6,
           IFacq |-> 3,
           IFrel |-> 4,
           IDacq |-> 4,
           IDrel |-> 5,
           FUacq |-> 5,
           FUrel |-> 6,
           ROB |-> 4,
           RS |-> 4,
           FU |-> 2 ],
         [ ind |-> 4471,
           addr |-> "0x1055e",
           COM |-> 7,
           IFacq |-> 3,
           IFrel |-> 4,
           IDacq |-> 4,
           IDrel |-> 5,
           FUacq |-> 6,
           FUrel |-> 7,
           ROB |-> 4,
           RS |-> 4,
           FU |-> 1 ],
         [ ind |-> 4472,
           addr |-> "0x10562",
           COM |-> 7,
           IFacq |-> 4,
           IFrel |-> 5,
           IDacq |-> 5,
           IDrel |-> 6,
           FUacq |-> 6,
           FUrel |-> 7,
           ROB |-> 5,
           RS |-> 5,
           FU |-> 2 ],
         [ ind |-> 4473,
           addr |-> "0x10566",
           COM |-> 8,
           IFacq |-> 4,
           IFrel |-> 5,
           IDacq |-> 5,
           IDrel |-> 6,
           FUacq |-> 7,
           FUrel |-> 8,
           ROB |-> 5,
           RS |-> 5,
           FU |-> 1 ],
         [ ind |-> 4474,
           addr |-> "0x10688",
           COM |-> 8,
           IFacq |-> 5,
           IFrel |-> 6,
           IDacq |-> 6,
           IDrel |-> 7,
           FUacq |-> 7,
           FUrel |-> 8,
           ROB |-> 6,
           RS |-> 6,
           FU |-> 2 ],
         [ ind |-> 4475,
           addr |-> "0x1068c",
           COM |-> 9,
           IFacq |-> 5,
           IFrel |-> 6,
           IDacq |-> 6,
           IDrel |-> 7,
           FUacq |-> 8,
           FUrel |-> 9,
           ROB |-> 6,
           RS |-> 6,
           FU |-> 1 ],
         [ ind |-> 4476,
           addr |-> "0x10690",
           COM |-> 10,
           IFacq |-> 6,
           IFrel |-> 7,
           IDacq |-> 7,
           IDrel |-> 8,
           FUacq |-> 9,
           FUrel |-> 10,
           ROB |-> 7,
           RS |-> 7,
           FU |-> 1 ],
         [ ind |-> 4477,
           addr |-> "0x10692",
           COM |-> 0,
           IFacq |-> 6,
           IFrel |-> 7,
           IDacq |-> 7,
           IDrel |-> 8,
           FUacq |-> 10,
           FUrel |-> 11,
           ROB |-> 7,
           RS |-> 7,
           FU |-> 1 ],
         [ ind |-> 4478,
           addr |-> "0x10568",
           COM |-> 0,
           IFacq |-> 7,
           IFrel |-> 8,
           IDacq |-> 8,
           IDrel |-> 9,
           FUacq |-> 0,
           FUrel |-> 0,
           ROB |-> 8,
           RS |-> 8,
           FU |-> 0 ],
         [ ind |-> 4479,
           addr |-> "0x1056c",
           COM |-> 0,
           IFacq |-> 7,
           IFrel |-> 8,
           IDacq |-> 8,
           IDrel |-> 9,
           FUacq |-> 9,
           FUrel |-> 10,
           ROB |-> 8,
           RS |-> 8,
           FU |-> 2 ],
         [ ind |-> 4480,
           addr |-> "0x10570",
           COM |-> 0,
           IFacq |-> 8,
           IFrel |-> 9,
           IDacq |-> 9,
           IDrel |-> 10,
           FUacq |-> 0,
           FUrel |-> 0,
           ROB |-> 9,
           RS |-> 9,
           FU |-> 0 ],
         [ ind |-> 4481,
           addr |-> "0x10572",
           COM |-> 0,
           IFacq |-> 8,
           IFrel |-> 9,
           IDacq |-> 9,
           IDrel |-> 10,
           FUacq |-> 0,
           FUrel |-> 0,
           ROB |-> 9,
           RS |-> 9,
           FU |-> 0 ],
         [ ind |-> 4482,
           addr |-> "0x10576",
           COM |-> 0,
           IFacq |-> 9,
           IFrel |-> 10,
           IDacq |-> 10,
           IDrel |-> 11,
           FUacq |-> 0,
           FUrel |-> 0,
           ROB |-> 10,
           RS |-> 10,
           FU |-> 0 ],
         [ ind |-> 4483,
           addr |-> "0x1057a",
           COM |-> 0,
           IFacq |-> 9,
           IFrel |-> 10,
           IDacq |-> 10,
           IDrel |-> 11,
           FUacq |-> 0,
           FUrel |-> 0,
           ROB |-> 10,
           RS |-> 10,
           FU |-> 0 ],
         [ ind |-> 4484,
           addr |-> "0x1057e",
           COM |-> 0,
           IFacq |-> 10,
           IFrel |-> 11,
           IDacq |-> 0,
           IDrel |-> 0,
           FUacq |-> 0,
           FUrel |-> 0,
           ROB |-> 0,
           RS |-> 0,
           FU |-> 0 ],
         [ ind |-> 4485,
           addr |-> "0x10582",
           COM |-> 0,
           IFacq |-> 10,
           IFrel |-> 11,
           IDacq |-> 0,
           IDrel |-> 0,
           FUacq |-> 0,
           FUrel |-> 0,
           ROB |-> 0,
           RS |-> 0,
           FU |-> 0 ] >>,
  edges |->
      { [type |-> "D", source |-> 4466, dest |-> 4468],
        [type |-> "D", source |-> 4474, dest |-> 4475] } ]
/\ currCycle2 = 11
/\ _IF2 = << [ instr |->
         [ ind |-> 4486,
           type |-> "IntAlu",
           r0 |-> "a5",
           r1 |-> "",
           r2 |-> "",
           addr |-> "0x10586" ],
     baseLat |-> 1,
     currLat |-> 1 ],
   [ instr |->
         [ ind |-> 4487,
           type |-> "MemWrite",
           r0 |-> "zero",
           r1 |-> "",
           r2 |-> "",
           addr |-> "0x1058a" ],
     baseLat |-> 1,
     currLat |-> 1 ] >>
/\ lastBound = 0
/\ graph2 = [ nodes |->
      << [ ind |-> 4466,
           addr |-> "0x10552",
           COM |-> 4,
           IFacq |-> 1,
           IFrel |-> 2,
           IDacq |-> 2,
           IDrel |-> 3,
           FUacq |-> 3,
           FUrel |-> 4,
           ROB |-> 2,
           RS |-> 2,
           FU |-> 1 ],
         [ ind |-> 4467,
           addr |-> "0x10554",
           COM |-> 4,
           IFacq |-> 1,
           IFrel |-> 2,
           IDacq |-> 2,
           IDrel |-> 3,
           FUacq |-> 3,
           FUrel |-> 4,
           ROB |-> 2,
           RS |-> 2,
           FU |-> 2 ],
         [ ind |-> 4468,
           addr |-> "0x10556",
           COM |-> 5,
           IFacq |-> 2,
           IFrel |-> 3,
           IDacq |-> 3,
           IDrel |-> 4,
           FUacq |-> 4,
           FUrel |-> 5,
           ROB |-> 3,
           RS |-> 3,
           FU |-> 1 ],
         [ ind |-> 4469,
           addr |-> "0x10558",
           COM |-> 6,
           IFacq |-> 2,
           IFrel |-> 3,
           IDacq |-> 3,
           IDrel |-> 4,
           FUacq |-> 5,
           FUrel |-> 6,
           ROB |-> 3,
           RS |-> 3,
           FU |-> 1 ],
         [ ind |-> 4470,
           addr |-> "0x1055a",
           COM |-> 6,
           IFacq |-> 3,
           IFrel |-> 4,
           IDacq |-> 4,
           IDrel |-> 5,
           FUacq |-> 5,
           FUrel |-> 6,
           ROB |-> 4,
           RS |-> 4,
           FU |-> 2 ],
         [ ind |-> 4471,
           addr |-> "0x1055e",
           COM |-> 7,
           IFacq |-> 3,
           IFrel |-> 4,
           IDacq |-> 4,
           IDrel |-> 5,
           FUacq |-> 6,
           FUrel |-> 7,
           ROB |-> 4,
           RS |-> 4,
           FU |-> 1 ],
         [ ind |-> 4472,
           addr |-> "0x10562",
           COM |-> 7,
           IFacq |-> 4,
           IFrel |-> 5,
           IDacq |-> 5,
           IDrel |-> 6,
           FUacq |-> 6,
           FUrel |-> 7,
           ROB |-> 5,
           RS |-> 5,
           FU |-> 2 ],
         [ ind |-> 4473,
           addr |-> "0x10566",
           COM |-> 8,
           IFacq |-> 4,
           IFrel |-> 5,
           IDacq |-> 5,
           IDrel |-> 6,
           FUacq |-> 7,
           FUrel |-> 8,
           ROB |-> 5,
           RS |-> 5,
           FU |-> 1 ],
         [ ind |-> 4474,
           addr |-> "0x10688",
           COM |-> 0,
           IFacq |-> 5,
           IFrel |-> 6,
           IDacq |-> 6,
           IDrel |-> 7,
           FUacq |-> 7,
           FUrel |-> 0,
           ROB |-> 6,
           RS |-> 6,
           FU |-> 2 ],
         [ ind |-> 4475,
           addr |-> "0x1068c",
           COM |-> 0,
           IFacq |-> 5,
           IFrel |-> 6,
           IDacq |-> 6,
           IDrel |-> 7,
           FUacq |-> 0,
           FUrel |-> 0,
           ROB |-> 6,
           RS |-> 6,
           FU |-> 0 ],
         [ ind |-> 4476,
           addr |-> "0x10690",
           COM |-> 0,
           IFacq |-> 6,
           IFrel |-> 7,
           IDacq |-> 7,
           IDrel |-> 8,
           FUacq |-> 8,
           FUrel |-> 9,
           ROB |-> 7,
           RS |-> 7,
           FU |-> 1 ],
         [ ind |-> 4477,
           addr |-> "0x10692",
           COM |-> 0,
           IFacq |-> 6,
           IFrel |-> 7,
           IDacq |-> 7,
           IDrel |-> 8,
           FUacq |-> 0,
           FUrel |-> 0,
           ROB |-> 7,
           RS |-> 7,
           FU |-> 0 ],
         [ ind |-> 4478,
           addr |-> "0x10568",
           COM |-> 0,
           IFacq |-> 7,
           IFrel |-> 8,
           IDacq |-> 8,
           IDrel |-> 9,
           FUacq |-> 9,
           FUrel |-> 10,
           ROB |-> 8,
           RS |-> 8,
           FU |-> 1 ],
         [ ind |-> 4479,
           addr |-> "0x1056c",
           COM |-> 0,
           IFacq |-> 7,
           IFrel |-> 8,
           IDacq |-> 8,
           IDrel |-> 9,
           FUacq |-> 0,
           FUrel |-> 0,
           ROB |-> 8,
           RS |-> 8,
           FU |-> 0 ],
         [ ind |-> 4480,
           addr |-> "0x10570",
           COM |-> 0,
           IFacq |-> 8,
           IFrel |-> 9,
           IDacq |-> 9,
           IDrel |-> 10,
           FUacq |-> 10,
           FUrel |-> 11,
           ROB |-> 9,
           RS |-> 9,
           FU |-> 1 ],
         [ ind |-> 4481,
           addr |-> "0x10572",
           COM |-> 0,
           IFacq |-> 8,
           IFrel |-> 9,
           IDacq |-> 9,
           IDrel |-> 10,
           FUacq |-> 0,
           FUrel |-> 0,
           ROB |-> 9,
           RS |-> 9,
           FU |-> 0 ],
         [ ind |-> 4482,
           addr |-> "0x10576",
           COM |-> 0,
           IFacq |-> 9,
           IFrel |-> 10,
           IDacq |-> 10,
           IDrel |-> 11,
           FUacq |-> 0,
           FUrel |-> 0,
           ROB |-> 10,
           RS |-> 10,
           FU |-> 0 ],
         [ ind |-> 4483,
           addr |-> "0x1057a",
           COM |-> 0,
           IFacq |-> 9,
           IFrel |-> 10,
           IDacq |-> 10,
           IDrel |-> 11,
           FUacq |-> 0,
           FUrel |-> 0,
           ROB |-> 10,
           RS |-> 10,
           FU |-> 0 ],
         [ ind |-> 4484,
           addr |-> "0x1057e",
           COM |-> 0,
           IFacq |-> 10,
           IFrel |-> 11,
           IDacq |-> 0,
           IDrel |-> 0,
           FUacq |-> 0,
           FUrel |-> 0,
           ROB |-> 0,
           RS |-> 0,
           FU |-> 0 ],
         [ ind |-> 4485,
           addr |-> "0x10582",
           COM |-> 0,
           IFacq |-> 10,
           IFrel |-> 11,
           IDacq |-> 0,
           IDrel |-> 0,
           FUacq |-> 0,
           FUrel |-> 0,
           ROB |-> 0,
           RS |-> 0,
           FU |-> 0 ] >>,
  edges |-> {[type |-> "D", source |-> 4466, dest |-> 4468]} ]
/\ pc2 = 22
/\ robHead = 12
/\ rob = << [ instr |->
         [ ind |-> 4466,
           type |-> "IntAlu",
           r0 |-> "sp",
           r1 |-> "",
           r2 |-> "",
           addr |-> "0x10552" ],
     done |-> TRUE,
     executed |-> TRUE ],
   [ instr |->
         [ ind |-> 4467,
           type |-> "MemWrite",
           r0 |-> "s0",
           r1 |-> "",
           r2 |-> "",
           addr |-> "0x10554" ],
     done |-> TRUE,
     executed |-> TRUE ],
   [ instr |->
         [ ind |-> 4468,
           type |-> "IntAlu",
           r0 |-> "s0",
           r1 |-> "sp",
           r2 |-> "",
           addr |-> "0x10556" ],
     done |-> TRUE,
     executed |-> TRUE ],
   [ instr |->
         [ ind |-> 4469,
           type |-> "IntAlu",
           r0 |-> "a5",
           r1 |-> "",
           r2 |-> "",
           addr |-> "0x10558" ],
     done |-> TRUE,
     executed |-> TRUE ],
   [ instr |->
         [ ind |-> 4470,
           type |-> "MemWrite",
           r0 |-> "a5",
           r1 |-> "",
           r2 |-> "",
           addr |-> "0x1055a" ],
     done |-> TRUE,
     executed |-> TRUE ],
   [ instr |->
         [ ind |-> 4471,
           type |-> "IntAlu",
           r0 |-> "a5",
           r1 |-> "",
           r2 |-> "",
           addr |-> "0x1055e" ],
     done |-> TRUE,
     executed |-> TRUE ],
   [ instr |->
         [ ind |-> 4472,
           type |-> "MemWrite",
           r0 |-> "zero",
           r1 |-> "",
           r2 |-> "",
           addr |-> "0x10562" ],
     done |-> TRUE,
     executed |-> TRUE ],
   [ instr |->
         [ ind |-> 4473,
           type |-> "IntAlu",
           r0 |-> "",
           r1 |-> "",
           r2 |-> "",
           addr |-> "0x10566" ],
     done |-> TRUE,
     executed |-> TRUE ],
   [ instr |->
         [ ind |-> 4474,
           type |-> "MemRead",
           r0 |-> "a5",
           r1 |-> "",
           r2 |-> "",
           addr |-> "0x10688" ],
     done |-> TRUE,
     executed |-> TRUE ],
   [ instr |->
         [ ind |-> 4475,
           type |-> "IntAlu",
           r0 |-> "a4",
           r1 |-> "a5",
           r2 |-> "",
           addr |-> "0x1068c" ],
     done |-> TRUE,
     executed |-> TRUE ],
   [ instr |->
         [ ind |-> 4476,
           type |-> "IntAlu",
           r0 |-> "a5",
           r1 |-> "",
           r2 |-> "",
           addr |-> "0x10690" ],
     done |-> TRUE,
     executed |-> TRUE ],
   [ instr |->
         [ ind |-> 4477,
           type |-> "IntAlu",
           r0 |-> "a5",
           r1 |-> "a4",
           r2 |-> "",
           addr |-> "0x10692" ],
     done |-> FALSE,
     executed |-> TRUE ],
   [ instr |->
         [ ind |-> 4478,
           type |-> "IntAlu",
           r0 |-> "a5",
           r1 |-> "",
           r2 |-> "",
           addr |-> "0x10568" ],
     done |-> FALSE,
     executed |-> FALSE ],
   [ instr |->
         [ ind |-> 4479,
           type |-> "MemRead",
           r0 |-> "a5",
           r1 |-> "",
           r2 |-> "",
           addr |-> "0x1056c" ],
     done |-> FALSE,
     executed |-> TRUE ],
   [ instr |->
         [ ind |-> 4480,
           type |-> "IntAlu",
           r0 |-> "a5",
           r1 |-> "",
           r2 |-> "",
           addr |-> "0x10570" ],
     done |-> FALSE,
     executed |-> FALSE ],
   [ instr |->
         [ ind |-> 4481,
           type |-> "IntAlu",
           r0 |-> "a4",
           r1 |-> "a5",
           r2 |-> "",
           addr |-> "0x10572" ],
     done |-> FALSE,
     executed |-> FALSE ],
   [ instr |->
         [ ind |-> 4482,
           type |-> "IntAlu",
           r0 |-> "a5",
           r1 |-> "",
           r2 |-> "",
           addr |-> "0x10576" ],
     done |-> FALSE,
     executed |-> FALSE ],
   [ instr |->
         [ ind |-> 4483,
           type |-> "MemWrite",
           r0 |-> "a4",
           r1 |-> "",
           r2 |-> "",
           addr |-> "0x1057a" ],
     done |-> FALSE,
     executed |-> FALSE ] >>
/\ _RS = << { [ ind |-> 4480,
       type |-> "IntAlu",
       r0 |-> "a5",
       r1 |-> "",
       r2 |-> "",
       addr |-> "0x10570" ],
     [ ind |-> 4481,
       type |-> "IntAlu",
       r0 |-> "a4",
       r1 |-> "a5",
       r2 |-> "",
       addr |-> "0x10572" ],
     [ ind |-> 4482,
       type |-> "IntAlu",
       r0 |-> "a5",
       r1 |-> "",
       r2 |-> "",
       addr |-> "0x10576" ] },
   {},
   {},
   {} >>
/\ currCycle = 11
/\ exec_inst = 1
/\ robHead2 = 9
/\ pc = 22
/\ rob2 = << [ instr |->
         [ ind |-> 4466,
           type |-> "IntAlu",
           r0 |-> "sp",
           r1 |-> "",
           r2 |-> "",
           addr |-> "0x10552" ],
     done |-> TRUE,
     executed |-> TRUE ],
   [ instr |->
         [ ind |-> 4467,
           type |-> "MemWrite",
           r0 |-> "s0",
           r1 |-> "",
           r2 |-> "",
           addr |-> "0x10554" ],
     done |-> TRUE,
     executed |-> TRUE ],
   [ instr |->
         [ ind |-> 4468,
           type |-> "IntAlu",
           r0 |-> "s0",
           r1 |-> "sp",
           r2 |-> "",
           addr |-> "0x10556" ],
     done |-> TRUE,
     executed |-> TRUE ],
   [ instr |->
         [ ind |-> 4469,
           type |-> "IntAlu",
           r0 |-> "a5",
           r1 |-> "",
           r2 |-> "",
           addr |-> "0x10558" ],
     done |-> TRUE,
     executed |-> TRUE ],
   [ instr |->
         [ ind |-> 4470,
           type |-> "MemWrite",
           r0 |-> "a5",
           r1 |-> "",
           r2 |-> "",
           addr |-> "0x1055a" ],
     done |-> TRUE,
     executed |-> TRUE ],
   [ instr |->
         [ ind |-> 4471,
           type |-> "IntAlu",
           r0 |-> "a5",
           r1 |-> "",
           r2 |-> "",
           addr |-> "0x1055e" ],
     done |-> TRUE,
     executed |-> TRUE ],
   [ instr |->
         [ ind |-> 4472,
           type |-> "MemWrite",
           r0 |-> "zero",
           r1 |-> "",
           r2 |-> "",
           addr |-> "0x10562" ],
     done |-> TRUE,
     executed |-> TRUE ],
   [ instr |->
         [ ind |-> 4473,
           type |-> "IntAlu",
           r0 |-> "",
           r1 |-> "",
           r2 |-> "",
           addr |-> "0x10566" ],
     done |-> TRUE,
     executed |-> TRUE ],
   [ instr |->
         [ ind |-> 4474,
           type |-> "MemRead",
           r0 |-> "a5",
           r1 |-> "",
           r2 |-> "",
           addr |-> "0x10688" ],
     done |-> FALSE,
     executed |-> FALSE ],
   [ instr |->
         [ ind |-> 4475,
           type |-> "IntAlu",
           r0 |-> "a4",
           r1 |-> "a5",
           r2 |-> "",
           addr |-> "0x1068c" ],
     done |-> FALSE,
     executed |-> FALSE ],
   [ instr |->
         [ ind |-> 4476,
           type |-> "IntAlu",
           r0 |-> "a5",
           r1 |-> "",
           r2 |-> "",
           addr |-> "0x10690" ],
     done |-> FALSE,
     executed |-> TRUE ],
   [ instr |->
         [ ind |-> 4477,
           type |-> "IntAlu",
           r0 |-> "a5",
           r1 |-> "a4",
           r2 |-> "",
           addr |-> "0x10692" ],
     done |-> FALSE,
     executed |-> FALSE ],
   [ instr |->
         [ ind |-> 4478,
           type |-> "IntAlu",
           r0 |-> "a5",
           r1 |-> "",
           r2 |-> "",
           addr |-> "0x10568" ],
     done |-> FALSE,
     executed |-> TRUE ],
   [ instr |->
         [ ind |-> 4479,
           type |-> "MemRead",
           r0 |-> "a5",
           r1 |-> "",
           r2 |-> "",
           addr |-> "0x1056c" ],
     done |-> FALSE,
     executed |-> FALSE ],
   [ instr |->
         [ ind |-> 4480,
           type |-> "IntAlu",
           r0 |-> "a5",
           r1 |-> "",
           r2 |-> "",
           addr |-> "0x10570" ],
     done |-> FALSE,
     executed |-> TRUE ],
   [ instr |->
         [ ind |-> 4481,
           type |-> "IntAlu",
           r0 |-> "a4",
           r1 |-> "a5",
           r2 |-> "",
           addr |-> "0x10572" ],
     done |-> FALSE,
     executed |-> FALSE ],
   [ instr |->
         [ ind |-> 4482,
           type |-> "IntAlu",
           r0 |-> "a5",
           r1 |-> "",
           r2 |-> "",
           addr |-> "0x10576" ],
     done |-> FALSE,
     executed |-> FALSE ],
   [ instr |->
         [ ind |-> 4483,
           type |-> "MemWrite",
           r0 |-> "a4",
           r1 |-> "",
           r2 |-> "",
           addr |-> "0x1057a" ],
     done |-> FALSE,
     executed |-> FALSE ] >>
/\ _FU = << [ instr |->
         [ ind |-> 4478,
           type |-> "IntAlu",
           r0 |-> "a5",
           r1 |-> "",
           r2 |-> "",
           addr |-> "0x10568" ],
     baseLat |-> 1,
     currLat |-> 1 ],
   [ instr |->
         [ ind |-> 4483,
           type |-> "MemWrite",
           r0 |-> "a4",
           r1 |-> "",
           r2 |-> "",
           addr |-> "0x1057a" ],
     baseLat |-> 1,
     currLat |-> 1 ],
   [ instr |->
         [ ind |-> 0,
           type |-> "No_OpClass",
           r0 |-> "",
           r1 |-> "",
           r2 |-> "",
           addr |-> "" ],
     baseLat |-> 1,
     currLat |-> 1 ],
   [ instr |->
         [ ind |-> 0,
           type |-> "No_OpClass",
           r0 |-> "",
           r1 |-> "",
           r2 |-> "",
           addr |-> "" ],
     baseLat |-> 1,
     currLat |-> 1 ] >>

@!@!@ENDMSG 2217 @!@!@
@!@!@STARTMSG 2217:4 @!@!@
13: <Next line 63, col 9 to line 67, col 64 of module pipeline_ooo>
/\ _RS2 = << { [ ind |-> 4475,
       type |-> "IntAlu",
       r0 |-> "a4",
       r1 |-> "a5",
       r2 |-> "",
       addr |-> "0x1068c" ],
     [ ind |-> 4477,
       type |-> "IntAlu",
       r0 |-> "a5",
       r1 |-> "a4",
       r2 |-> "",
       addr |-> "0x10692" ],
     [ ind |-> 4481,
       type |-> "IntAlu",
       r0 |-> "a4",
       r1 |-> "a5",
       r2 |-> "",
       addr |-> "0x10572" ] },
   { [ ind |-> 4479,
       type |-> "MemRead",
       r0 |-> "a5",
       r1 |-> "",
       r2 |-> "",
       addr |-> "0x1056c" ],
     [ ind |-> 4483,
       type |-> "MemWrite",
       r0 |-> "a4",
       r1 |-> "",
       r2 |-> "",
       addr |-> "0x1057a" ],
     [ ind |-> 4484,
       type |-> "MemRead",
       r0 |-> "a5",
       r1 |-> "",
       r2 |-> "",
       addr |-> "0x1057e" ],
     [ ind |-> 4485,
       type |-> "MemWrite",
       r0 |-> "a5",
       r1 |-> "",
       r2 |-> "",
       addr |-> "0x10582" ] },
   {},
   {} >>
/\ _COM2 = << [ ind |-> 0,
     type |-> "No_OpClass",
     r0 |-> "",
     r1 |-> "",
     r2 |-> "",
     addr |-> "" ],
   [ ind |-> 0,
     type |-> "No_OpClass",
     r0 |-> "",
     r1 |-> "",
     r2 |-> "",
     addr |-> "" ] >>
/\ _ID = << [ ind |-> 4486,
     type |-> "IntAlu",
     r0 |-> "a5",
     r1 |-> "",
     r2 |-> "",
     addr |-> "0x10586" ],
   [ ind |-> 4487,
     type |-> "MemWrite",
     r0 |-> "zero",
     r1 |-> "",
     r2 |-> "",
     addr |-> "0x1058a" ] >>
/\ _IF = << [ instr |->
         [ ind |-> 4488,
           type |-> "IntAlu",
           r0 |-> "",
           r1 |-> "",
           r2 |-> "",
           addr |-> "0x1058e" ],
     baseLat |-> 1,
     currLat |-> 1 ],
   [ instr |->
         [ ind |-> 4489,
           type |-> "IntAlu",
           r0 |-> "a5",
           r1 |-> "",
           r2 |-> "",
           addr |-> "0x10608" ],
     baseLat |-> 1,
     currLat |-> 1 ] >>
/\ _FU2 = << [ instr |->
         [ ind |-> 0,
           type |-> "No_OpClass",
           r0 |-> "",
           r1 |-> "",
           r2 |-> "",
           addr |-> "" ],
     baseLat |-> 1,
     currLat |-> 1 ],
   [ instr |->
         [ ind |-> 4474,
           type |-> "MemRead",
           r0 |-> "a5",
           r1 |-> "",
           r2 |-> "",
           addr |-> "0x10688" ],
     baseLat |-> 10,
     currLat |-> 6 ],
   [ instr |->
         [ ind |-> 0,
           type |-> "No_OpClass",
           r0 |-> "",
           r1 |-> "",
           r2 |-> "",
           addr |-> "" ],
     baseLat |-> 1,
     currLat |-> 1 ],
   [ instr |->
         [ ind |-> 0,
           type |-> "No_OpClass",
           r0 |-> "",
           r1 |-> "",
           r2 |-> "",
           addr |-> "" ],
     baseLat |-> 1,
     currLat |-> 1 ] >>
/\ _COM = << [ ind |-> 4478,
     type |-> "IntAlu",
     r0 |-> "a5",
     r1 |-> "",
     r2 |-> "",
     addr |-> "0x10568" ],
   [ ind |-> 4479,
     type |-> "MemRead",
     r0 |-> "a5",
     r1 |-> "",
     r2 |-> "",
     addr |-> "0x1056c" ] >>
/\ exec_inst2 = 2
/\ _ID2 = << [ ind |-> 4486,
     type |-> "IntAlu",
     r0 |-> "a5",
     r1 |-> "",
     r2 |-> "",
     addr |-> "0x10586" ],
   [ ind |-> 4487,
     type |-> "MemWrite",
     r0 |-> "zero",
     r1 |-> "",
     r2 |-> "",
     addr |-> "0x1058a" ] >>
/\ graph = [ nodes |->
      << [ ind |-> 4466,
           addr |-> "0x10552",
           COM |-> 4,
           IFacq |-> 1,
           IFrel |-> 2,
           IDacq |-> 2,
           IDrel |-> 3,
           FUacq |-> 3,
           FUrel |-> 4,
           ROB |-> 2,
           RS |-> 2,
           FU |-> 1 ],
         [ ind |-> 4467,
           addr |-> "0x10554",
           COM |-> 4,
           IFacq |-> 1,
           IFrel |-> 2,
           IDacq |-> 2,
           IDrel |-> 3,
           FUacq |-> 3,
           FUrel |-> 4,
           ROB |-> 2,
           RS |-> 2,
           FU |-> 2 ],
         [ ind |-> 4468,
           addr |-> "0x10556",
           COM |-> 5,
           IFacq |-> 2,
           IFrel |-> 3,
           IDacq |-> 3,
           IDrel |-> 4,
           FUacq |-> 4,
           FUrel |-> 5,
           ROB |-> 3,
           RS |-> 3,
           FU |-> 1 ],
         [ ind |-> 4469,
           addr |-> "0x10558",
           COM |-> 6,
           IFacq |-> 2,
           IFrel |-> 3,
           IDacq |-> 3,
           IDrel |-> 4,
           FUacq |-> 5,
           FUrel |-> 6,
           ROB |-> 3,
           RS |-> 3,
           FU |-> 1 ],
         [ ind |-> 4470,
           addr |-> "0x1055a",
           COM |-> 6,
           IFacq |-> 3,
           IFrel |-> 4,
           IDacq |-> 4,
           IDrel |-> 5,
           FUacq |-> 5,
           FUrel |-> 6,
           ROB |-> 4,
           RS |-> 4,
           FU |-> 2 ],
         [ ind |-> 4471,
           addr |-> "0x1055e",
           COM |-> 7,
           IFacq |-> 3,
           IFrel |-> 4,
           IDacq |-> 4,
           IDrel |-> 5,
           FUacq |-> 6,
           FUrel |-> 7,
           ROB |-> 4,
           RS |-> 4,
           FU |-> 1 ],
         [ ind |-> 4472,
           addr |-> "0x10562",
           COM |-> 7,
           IFacq |-> 4,
           IFrel |-> 5,
           IDacq |-> 5,
           IDrel |-> 6,
           FUacq |-> 6,
           FUrel |-> 7,
           ROB |-> 5,
           RS |-> 5,
           FU |-> 2 ],
         [ ind |-> 4473,
           addr |-> "0x10566",
           COM |-> 8,
           IFacq |-> 4,
           IFrel |-> 5,
           IDacq |-> 5,
           IDrel |-> 6,
           FUacq |-> 7,
           FUrel |-> 8,
           ROB |-> 5,
           RS |-> 5,
           FU |-> 1 ],
         [ ind |-> 4474,
           addr |-> "0x10688",
           COM |-> 8,
           IFacq |-> 5,
           IFrel |-> 6,
           IDacq |-> 6,
           IDrel |-> 7,
           FUacq |-> 7,
           FUrel |-> 8,
           ROB |-> 6,
           RS |-> 6,
           FU |-> 2 ],
         [ ind |-> 4475,
           addr |-> "0x1068c",
           COM |-> 9,
           IFacq |-> 5,
           IFrel |-> 6,
           IDacq |-> 6,
           IDrel |-> 7,
           FUacq |-> 8,
           FUrel |-> 9,
           ROB |-> 6,
           RS |-> 6,
           FU |-> 1 ],
         [ ind |-> 4476,
           addr |-> "0x10690",
           COM |-> 10,
           IFacq |-> 6,
           IFrel |-> 7,
           IDacq |-> 7,
           IDrel |-> 8,
           FUacq |-> 9,
           FUrel |-> 10,
           ROB |-> 7,
           RS |-> 7,
           FU |-> 1 ],
         [ ind |-> 4477,
           addr |-> "0x10692",
           COM |-> 11,
           IFacq |-> 6,
           IFrel |-> 7,
           IDacq |-> 7,
           IDrel |-> 8,
           FUacq |-> 10,
           FUrel |-> 11,
           ROB |-> 7,
           RS |-> 7,
           FU |-> 1 ],
         [ ind |-> 4478,
           addr |-> "0x10568",
           COM |-> 0,
           IFacq |-> 7,
           IFrel |-> 8,
           IDacq |-> 8,
           IDrel |-> 9,
           FUacq |-> 11,
           FUrel |-> 12,
           ROB |-> 8,
           RS |-> 8,
           FU |-> 1 ],
         [ ind |-> 4479,
           addr |-> "0x1056c",
           COM |-> 0,
           IFacq |-> 7,
           IFrel |-> 8,
           IDacq |-> 8,
           IDrel |-> 9,
           FUacq |-> 9,
           FUrel |-> 10,
           ROB |-> 8,
           RS |-> 8,
           FU |-> 2 ],
         [ ind |-> 4480,
           addr |-> "0x10570",
           COM |-> 0,
           IFacq |-> 8,
           IFrel |-> 9,
           IDacq |-> 9,
           IDrel |-> 10,
           FUacq |-> 0,
           FUrel |-> 0,
           ROB |-> 9,
           RS |-> 9,
           FU |-> 0 ],
         [ ind |-> 4481,
           addr |-> "0x10572",
           COM |-> 0,
           IFacq |-> 8,
           IFrel |-> 9,
           IDacq |-> 9,
           IDrel |-> 10,
           FUacq |-> 0,
           FUrel |-> 0,
           ROB |-> 9,
           RS |-> 9,
           FU |-> 0 ],
         [ ind |-> 4482,
           addr |-> "0x10576",
           COM |-> 0,
           IFacq |-> 9,
           IFrel |-> 10,
           IDacq |-> 10,
           IDrel |-> 11,
           FUacq |-> 0,
           FUrel |-> 0,
           ROB |-> 10,
           RS |-> 10,
           FU |-> 0 ],
         [ ind |-> 4483,
           addr |-> "0x1057a",
           COM |-> 0,
           IFacq |-> 9,
           IFrel |-> 10,
           IDacq |-> 10,
           IDrel |-> 11,
           FUacq |-> 11,
           FUrel |-> 12,
           ROB |-> 10,
           RS |-> 10,
           FU |-> 2 ],
         [ ind |-> 4484,
           addr |-> "0x1057e",
           COM |-> 0,
           IFacq |-> 10,
           IFrel |-> 11,
           IDacq |-> 11,
           IDrel |-> 12,
           FUacq |-> 0,
           FUrel |-> 0,
           ROB |-> 11,
           RS |-> 11,
           FU |-> 0 ],
         [ ind |-> 4485,
           addr |-> "0x10582",
           COM |-> 0,
           IFacq |-> 10,
           IFrel |-> 11,
           IDacq |-> 11,
           IDrel |-> 12,
           FUacq |-> 0,
           FUrel |-> 0,
           ROB |-> 11,
           RS |-> 11,
           FU |-> 0 ],
         [ ind |-> 4486,
           addr |-> "0x10586",
           COM |-> 0,
           IFacq |-> 11,
           IFrel |-> 12,
           IDacq |-> 0,
           IDrel |-> 0,
           FUacq |-> 0,
           FUrel |-> 0,
           ROB |-> 0,
           RS |-> 0,
           FU |-> 0 ],
         [ ind |-> 4487,
           addr |-> "0x1058a",
           COM |-> 0,
           IFacq |-> 11,
           IFrel |-> 12,
           IDacq |-> 0,
           IDrel |-> 0,
           FUacq |-> 0,
           FUrel |-> 0,
           ROB |-> 0,
           RS |-> 0,
           FU |-> 0 ] >>,
  edges |->
      { [type |-> "D", source |-> 4466, dest |-> 4468],
        [type |-> "D", source |-> 4474, dest |-> 4475] } ]
/\ currCycle2 = 12
/\ _IF2 = << [ instr |->
         [ ind |-> 4488,
           type |-> "IntAlu",
           r0 |-> "",
           r1 |-> "",
           r2 |-> "",
           addr |-> "0x1058e" ],
     baseLat |-> 1,
     currLat |-> 1 ],
   [ instr |->
         [ ind |-> 4489,
           type |-> "IntAlu",
           r0 |-> "a5",
           r1 |-> "",
           r2 |-> "",
           addr |-> "0x10608" ],
     baseLat |-> 1,
     currLat |-> 1 ] >>
/\ lastBound = 0
/\ graph2 = [ nodes |->
      << [ ind |-> 4466,
           addr |-> "0x10552",
           COM |-> 4,
           IFacq |-> 1,
           IFrel |-> 2,
           IDacq |-> 2,
           IDrel |-> 3,
           FUacq |-> 3,
           FUrel |-> 4,
           ROB |-> 2,
           RS |-> 2,
           FU |-> 1 ],
         [ ind |-> 4467,
           addr |-> "0x10554",
           COM |-> 4,
           IFacq |-> 1,
           IFrel |-> 2,
           IDacq |-> 2,
           IDrel |-> 3,
           FUacq |-> 3,
           FUrel |-> 4,
           ROB |-> 2,
           RS |-> 2,
           FU |-> 2 ],
         [ ind |-> 4468,
           addr |-> "0x10556",
           COM |-> 5,
           IFacq |-> 2,
           IFrel |-> 3,
           IDacq |-> 3,
           IDrel |-> 4,
           FUacq |-> 4,
           FUrel |-> 5,
           ROB |-> 3,
           RS |-> 3,
           FU |-> 1 ],
         [ ind |-> 4469,
           addr |-> "0x10558",
           COM |-> 6,
           IFacq |-> 2,
           IFrel |-> 3,
           IDacq |-> 3,
           IDrel |-> 4,
           FUacq |-> 5,
           FUrel |-> 6,
           ROB |-> 3,
           RS |-> 3,
           FU |-> 1 ],
         [ ind |-> 4470,
           addr |-> "0x1055a",
           COM |-> 6,
           IFacq |-> 3,
           IFrel |-> 4,
           IDacq |-> 4,
           IDrel |-> 5,
           FUacq |-> 5,
           FUrel |-> 6,
           ROB |-> 4,
           RS |-> 4,
           FU |-> 2 ],
         [ ind |-> 4471,
           addr |-> "0x1055e",
           COM |-> 7,
           IFacq |-> 3,
           IFrel |-> 4,
           IDacq |-> 4,
           IDrel |-> 5,
           FUacq |-> 6,
           FUrel |-> 7,
           ROB |-> 4,
           RS |-> 4,
           FU |-> 1 ],
         [ ind |-> 4472,
           addr |-> "0x10562",
           COM |-> 7,
           IFacq |-> 4,
           IFrel |-> 5,
           IDacq |-> 5,
           IDrel |-> 6,
           FUacq |-> 6,
           FUrel |-> 7,
           ROB |-> 5,
           RS |-> 5,
           FU |-> 2 ],
         [ ind |-> 4473,
           addr |-> "0x10566",
           COM |-> 8,
           IFacq |-> 4,
           IFrel |-> 5,
           IDacq |-> 5,
           IDrel |-> 6,
           FUacq |-> 7,
           FUrel |-> 8,
           ROB |-> 5,
           RS |-> 5,
           FU |-> 1 ],
         [ ind |-> 4474,
           addr |-> "0x10688",
           COM |-> 0,
           IFacq |-> 5,
           IFrel |-> 6,
           IDacq |-> 6,
           IDrel |-> 7,
           FUacq |-> 7,
           FUrel |-> 0,
           ROB |-> 6,
           RS |-> 6,
           FU |-> 2 ],
         [ ind |-> 4475,
           addr |-> "0x1068c",
           COM |-> 0,
           IFacq |-> 5,
           IFrel |-> 6,
           IDacq |-> 6,
           IDrel |-> 7,
           FUacq |-> 0,
           FUrel |-> 0,
           ROB |-> 6,
           RS |-> 6,
           FU |-> 0 ],
         [ ind |-> 4476,
           addr |-> "0x10690",
           COM |-> 0,
           IFacq |-> 6,
           IFrel |-> 7,
           IDacq |-> 7,
           IDrel |-> 8,
           FUacq |-> 8,
           FUrel |-> 9,
           ROB |-> 7,
           RS |-> 7,
           FU |-> 1 ],
         [ ind |-> 4477,
           addr |-> "0x10692",
           COM |-> 0,
           IFacq |-> 6,
           IFrel |-> 7,
           IDacq |-> 7,
           IDrel |-> 8,
           FUacq |-> 0,
           FUrel |-> 0,
           ROB |-> 7,
           RS |-> 7,
           FU |-> 0 ],
         [ ind |-> 4478,
           addr |-> "0x10568",
           COM |-> 0,
           IFacq |-> 7,
           IFrel |-> 8,
           IDacq |-> 8,
           IDrel |-> 9,
           FUacq |-> 9,
           FUrel |-> 10,
           ROB |-> 8,
           RS |-> 8,
           FU |-> 1 ],
         [ ind |-> 4479,
           addr |-> "0x1056c",
           COM |-> 0,
           IFacq |-> 7,
           IFrel |-> 8,
           IDacq |-> 8,
           IDrel |-> 9,
           FUacq |-> 0,
           FUrel |-> 0,
           ROB |-> 8,
           RS |-> 8,
           FU |-> 0 ],
         [ ind |-> 4480,
           addr |-> "0x10570",
           COM |-> 0,
           IFacq |-> 8,
           IFrel |-> 9,
           IDacq |-> 9,
           IDrel |-> 10,
           FUacq |-> 10,
           FUrel |-> 11,
           ROB |-> 9,
           RS |-> 9,
           FU |-> 1 ],
         [ ind |-> 4481,
           addr |-> "0x10572",
           COM |-> 0,
           IFacq |-> 8,
           IFrel |-> 9,
           IDacq |-> 9,
           IDrel |-> 10,
           FUacq |-> 0,
           FUrel |-> 0,
           ROB |-> 9,
           RS |-> 9,
           FU |-> 0 ],
         [ ind |-> 4482,
           addr |-> "0x10576",
           COM |-> 0,
           IFacq |-> 9,
           IFrel |-> 10,
           IDacq |-> 10,
           IDrel |-> 11,
           FUacq |-> 11,
           FUrel |-> 12,
           ROB |-> 10,
           RS |-> 10,
           FU |-> 1 ],
         [ ind |-> 4483,
           addr |-> "0x1057a",
           COM |-> 0,
           IFacq |-> 9,
           IFrel |-> 10,
           IDacq |-> 10,
           IDrel |-> 11,
           FUacq |-> 0,
           FUrel |-> 0,
           ROB |-> 10,
           RS |-> 10,
           FU |-> 0 ],
         [ ind |-> 4484,
           addr |-> "0x1057e",
           COM |-> 0,
           IFacq |-> 10,
           IFrel |-> 11,
           IDacq |-> 11,
           IDrel |-> 12,
           FUacq |-> 0,
           FUrel |-> 0,
           ROB |-> 11,
           RS |-> 11,
           FU |-> 0 ],
         [ ind |-> 4485,
           addr |-> "0x10582",
           COM |-> 0,
           IFacq |-> 10,
           IFrel |-> 11,
           IDacq |-> 11,
           IDrel |-> 12,
           FUacq |-> 0,
           FUrel |-> 0,
           ROB |-> 11,
           RS |-> 11,
           FU |-> 0 ],
         [ ind |-> 4486,
           addr |-> "0x10586",
           COM |-> 0,
           IFacq |-> 11,
           IFrel |-> 12,
           IDacq |-> 0,
           IDrel |-> 0,
           FUacq |-> 0,
           FUrel |-> 0,
           ROB |-> 0,
           RS |-> 0,
           FU |-> 0 ],
         [ ind |-> 4487,
           addr |-> "0x1058a",
           COM |-> 0,
           IFacq |-> 11,
           IFrel |-> 12,
           IDacq |-> 0,
           IDrel |-> 0,
           FUacq |-> 0,
           FUrel |-> 0,
           ROB |-> 0,
           RS |-> 0,
           FU |-> 0 ] >>,
  edges |-> {[type |-> "D", source |-> 4466, dest |-> 4468]} ]
/\ pc2 = 24
/\ robHead = 13
/\ rob = << [ instr |->
         [ ind |-> 4466,
           type |-> "IntAlu",
           r0 |-> "sp",
           r1 |-> "",
           r2 |-> "",
           addr |-> "0x10552" ],
     done |-> TRUE,
     executed |-> TRUE ],
   [ instr |->
         [ ind |-> 4467,
           type |-> "MemWrite",
           r0 |-> "s0",
           r1 |-> "",
           r2 |-> "",
           addr |-> "0x10554" ],
     done |-> TRUE,
     executed |-> TRUE ],
   [ instr |->
         [ ind |-> 4468,
           type |-> "IntAlu",
           r0 |-> "s0",
           r1 |-> "sp",
           r2 |-> "",
           addr |-> "0x10556" ],
     done |-> TRUE,
     executed |-> TRUE ],
   [ instr |->
         [ ind |-> 4469,
           type |-> "IntAlu",
           r0 |-> "a5",
           r1 |-> "",
           r2 |-> "",
           addr |-> "0x10558" ],
     done |-> TRUE,
     executed |-> TRUE ],
   [ instr |->
         [ ind |-> 4470,
           type |-> "MemWrite",
           r0 |-> "a5",
           r1 |-> "",
           r2 |-> "",
           addr |-> "0x1055a" ],
     done |-> TRUE,
     executed |-> TRUE ],
   [ instr |->
         [ ind |-> 4471,
           type |-> "IntAlu",
           r0 |-> "a5",
           r1 |-> "",
           r2 |-> "",
           addr |-> "0x1055e" ],
     done |-> TRUE,
     executed |-> TRUE ],
   [ instr |->
         [ ind |-> 4472,
           type |-> "MemWrite",
           r0 |-> "zero",
           r1 |-> "",
           r2 |-> "",
           addr |-> "0x10562" ],
     done |-> TRUE,
     executed |-> TRUE ],
   [ instr |->
         [ ind |-> 4473,
           type |-> "IntAlu",
           r0 |-> "",
           r1 |-> "",
           r2 |-> "",
           addr |-> "0x10566" ],
     done |-> TRUE,
     executed |-> TRUE ],
   [ instr |->
         [ ind |-> 4474,
           type |-> "MemRead",
           r0 |-> "a5",
           r1 |-> "",
           r2 |-> "",
           addr |-> "0x10688" ],
     done |-> TRUE,
     executed |-> TRUE ],
   [ instr |->
         [ ind |-> 4475,
           type |-> "IntAlu",
           r0 |-> "a4",
           r1 |-> "a5",
           r2 |-> "",
           addr |-> "0x1068c" ],
     done |-> TRUE,
     executed |-> TRUE ],
   [ instr |->
         [ ind |-> 4476,
           type |-> "IntAlu",
           r0 |-> "a5",
           r1 |-> "",
           r2 |-> "",
           addr |-> "0x10690" ],
     done |-> TRUE,
     executed |-> TRUE ],
   [ instr |->
         [ ind |-> 4477,
           type |-> "IntAlu",
           r0 |-> "a5",
           r1 |-> "a4",
           r2 |-> "",
           addr |-> "0x10692" ],
     done |-> TRUE,
     executed |-> TRUE ],
   [ instr |->
         [ ind |-> 4478,
           type |-> "IntAlu",
           r0 |-> "a5",
           r1 |-> "",
           r2 |-> "",
           addr |-> "0x10568" ],
     done |-> FALSE,
     executed |-> TRUE ],
   [ instr |->
         [ ind |-> 4479,
           type |-> "MemRead",
           r0 |-> "a5",
           r1 |-> "",
           r2 |-> "",
           addr |-> "0x1056c" ],
     done |-> FALSE,
     executed |-> TRUE ],
   [ instr |->
         [ ind |-> 4480,
           type |-> "IntAlu",
           r0 |-> "a5",
           r1 |-> "",
           r2 |-> "",
           addr |-> "0x10570" ],
     done |-> FALSE,
     executed |-> FALSE ],
   [ instr |->
         [ ind |-> 4481,
           type |-> "IntAlu",
           r0 |-> "a4",
           r1 |-> "a5",
           r2 |-> "",
           addr |-> "0x10572" ],
     done |-> FALSE,
     executed |-> FALSE ],
   [ instr |->
         [ ind |-> 4482,
           type |-> "IntAlu",
           r0 |-> "a5",
           r1 |-> "",
           r2 |-> "",
           addr |-> "0x10576" ],
     done |-> FALSE,
     executed |-> FALSE ],
   [ instr |->
         [ ind |-> 4483,
           type |-> "MemWrite",
           r0 |-> "a4",
           r1 |-> "",
           r2 |-> "",
           addr |-> "0x1057a" ],
     done |-> FALSE,
     executed |-> TRUE ],
   [ instr |->
         [ ind |-> 4484,
           type |-> "MemRead",
           r0 |-> "a5",
           r1 |-> "",
           r2 |-> "",
           addr |-> "0x1057e" ],
     done |-> FALSE,
     executed |-> FALSE ],
   [ instr |->
         [ ind |-> 4485,
           type |-> "MemWrite",
           r0 |-> "a5",
           r1 |-> "",
           r2 |-> "",
           addr |-> "0x10582" ],
     done |-> FALSE,
     executed |-> FALSE ] >>
/\ _RS = << { [ ind |-> 4481,
       type |-> "IntAlu",
       r0 |-> "a4",
       r1 |-> "a5",
       r2 |-> "",
       addr |-> "0x10572" ],
     [ ind |-> 4482,
       type |-> "IntAlu",
       r0 |-> "a5",
       r1 |-> "",
       r2 |-> "",
       addr |-> "0x10576" ] },
   { [ ind |-> 4485,
       type |-> "MemWrite",
       r0 |-> "a5",
       r1 |-> "",
       r2 |-> "",
       addr |-> "0x10582" ] },
   {},
   {} >>
/\ currCycle = 12
/\ exec_inst = 1
/\ robHead2 = 9
/\ pc = 24
/\ rob2 = << [ instr |->
         [ ind |-> 4466,
           type |-> "IntAlu",
           r0 |-> "sp",
           r1 |-> "",
           r2 |-> "",
           addr |-> "0x10552" ],
     done |-> TRUE,
     executed |-> TRUE ],
   [ instr |->
         [ ind |-> 4467,
           type |-> "MemWrite",
           r0 |-> "s0",
           r1 |-> "",
           r2 |-> "",
           addr |-> "0x10554" ],
     done |-> TRUE,
     executed |-> TRUE ],
   [ instr |->
         [ ind |-> 4468,
           type |-> "IntAlu",
           r0 |-> "s0",
           r1 |-> "sp",
           r2 |-> "",
           addr |-> "0x10556" ],
     done |-> TRUE,
     executed |-> TRUE ],
   [ instr |->
         [ ind |-> 4469,
           type |-> "IntAlu",
           r0 |-> "a5",
           r1 |-> "",
           r2 |-> "",
           addr |-> "0x10558" ],
     done |-> TRUE,
     executed |-> TRUE ],
   [ instr |->
         [ ind |-> 4470,
           type |-> "MemWrite",
           r0 |-> "a5",
           r1 |-> "",
           r2 |-> "",
           addr |-> "0x1055a" ],
     done |-> TRUE,
     executed |-> TRUE ],
   [ instr |->
         [ ind |-> 4471,
           type |-> "IntAlu",
           r0 |-> "a5",
           r1 |-> "",
           r2 |-> "",
           addr |-> "0x1055e" ],
     done |-> TRUE,
     executed |-> TRUE ],
   [ instr |->
         [ ind |-> 4472,
           type |-> "MemWrite",
           r0 |-> "zero",
           r1 |-> "",
           r2 |-> "",
           addr |-> "0x10562" ],
     done |-> TRUE,
     executed |-> TRUE ],
   [ instr |->
         [ ind |-> 4473,
           type |-> "IntAlu",
           r0 |-> "",
           r1 |-> "",
           r2 |-> "",
           addr |-> "0x10566" ],
     done |-> TRUE,
     executed |-> TRUE ],
   [ instr |->
         [ ind |-> 4474,
           type |-> "MemRead",
           r0 |-> "a5",
           r1 |-> "",
           r2 |-> "",
           addr |-> "0x10688" ],
     done |-> FALSE,
     executed |-> FALSE ],
   [ instr |->
         [ ind |-> 4475,
           type |-> "IntAlu",
           r0 |-> "a4",
           r1 |-> "a5",
           r2 |-> "",
           addr |-> "0x1068c" ],
     done |-> FALSE,
     executed |-> FALSE ],
   [ instr |->
         [ ind |-> 4476,
           type |-> "IntAlu",
           r0 |-> "a5",
           r1 |-> "",
           r2 |-> "",
           addr |-> "0x10690" ],
     done |-> FALSE,
     executed |-> TRUE ],
   [ instr |->
         [ ind |-> 4477,
           type |-> "IntAlu",
           r0 |-> "a5",
           r1 |-> "a4",
           r2 |-> "",
           addr |-> "0x10692" ],
     done |-> FALSE,
     executed |-> FALSE ],
   [ instr |->
         [ ind |-> 4478,
           type |-> "IntAlu",
           r0 |-> "a5",
           r1 |-> "",
           r2 |-> "",
           addr |-> "0x10568" ],
     done |-> FALSE,
     executed |-> TRUE ],
   [ instr |->
         [ ind |-> 4479,
           type |-> "MemRead",
           r0 |-> "a5",
           r1 |-> "",
           r2 |-> "",
           addr |-> "0x1056c" ],
     done |-> FALSE,
     executed |-> FALSE ],
   [ instr |->
         [ ind |-> 4480,
           type |-> "IntAlu",
           r0 |-> "a5",
           r1 |-> "",
           r2 |-> "",
           addr |-> "0x10570" ],
     done |-> FALSE,
     executed |-> TRUE ],
   [ instr |->
         [ ind |-> 4481,
           type |-> "IntAlu",
           r0 |-> "a4",
           r1 |-> "a5",
           r2 |-> "",
           addr |-> "0x10572" ],
     done |-> FALSE,
     executed |-> FALSE ],
   [ instr |->
         [ ind |-> 4482,
           type |-> "IntAlu",
           r0 |-> "a5",
           r1 |-> "",
           r2 |-> "",
           addr |-> "0x10576" ],
     done |-> FALSE,
     executed |-> TRUE ],
   [ instr |->
         [ ind |-> 4483,
           type |-> "MemWrite",
           r0 |-> "a4",
           r1 |-> "",
           r2 |-> "",
           addr |-> "0x1057a" ],
     done |-> FALSE,
     executed |-> FALSE ],
   [ instr |->
         [ ind |-> 4484,
           type |-> "MemRead",
           r0 |-> "a5",
           r1 |-> "",
           r2 |-> "",
           addr |-> "0x1057e" ],
     done |-> FALSE,
     executed |-> FALSE ],
   [ instr |->
         [ ind |-> 4485,
           type |-> "MemWrite",
           r0 |-> "a5",
           r1 |-> "",
           r2 |-> "",
           addr |-> "0x10582" ],
     done |-> FALSE,
     executed |-> FALSE ] >>
/\ _FU = << [ instr |->
         [ ind |-> 4480,
           type |-> "IntAlu",
           r0 |-> "a5",
           r1 |-> "",
           r2 |-> "",
           addr |-> "0x10570" ],
     baseLat |-> 1,
     currLat |-> 1 ],
   [ instr |->
         [ ind |-> 4484,
           type |-> "MemRead",
           r0 |-> "a5",
           r1 |-> "",
           r2 |-> "",
           addr |-> "0x1057e" ],
     baseLat |-> 1,
     currLat |-> 1 ],
   [ instr |->
         [ ind |-> 0,
           type |-> "No_OpClass",
           r0 |-> "",
           r1 |-> "",
           r2 |-> "",
           addr |-> "" ],
     baseLat |-> 1,
     currLat |-> 1 ],
   [ instr |->
         [ ind |-> 0,
           type |-> "No_OpClass",
           r0 |-> "",
           r1 |-> "",
           r2 |-> "",
           addr |-> "" ],
     baseLat |-> 1,
     currLat |-> 1 ] >>

@!@!@ENDMSG 2217 @!@!@
@!@!@STARTMSG 2217:4 @!@!@
14: <Next line 63, col 9 to line 67, col 64 of module pipeline_ooo>
/\ _RS2 = << { [ ind |-> 4475,
       type |-> "IntAlu",
       r0 |-> "a4",
       r1 |-> "a5",
       r2 |-> "",
       addr |-> "0x1068c" ],
     [ ind |-> 4477,
       type |-> "IntAlu",
       r0 |-> "a5",
       r1 |-> "a4",
       r2 |-> "",
       addr |-> "0x10692" ],
     [ ind |-> 4481,
       type |-> "IntAlu",
       r0 |-> "a4",
       r1 |-> "a5",
       r2 |-> "",
       addr |-> "0x10572" ] },
   { [ ind |-> 4479,
       type |-> "MemRead",
       r0 |-> "a5",
       r1 |-> "",
       r2 |-> "",
       addr |-> "0x1056c" ],
     [ ind |-> 4483,
       type |-> "MemWrite",
       r0 |-> "a4",
       r1 |-> "",
       r2 |-> "",
       addr |-> "0x1057a" ],
     [ ind |-> 4484,
       type |-> "MemRead",
       r0 |-> "a5",
       r1 |-> "",
       r2 |-> "",
       addr |-> "0x1057e" ],
     [ ind |-> 4485,
       type |-> "MemWrite",
       r0 |-> "a5",
       r1 |-> "",
       r2 |-> "",
       addr |-> "0x10582" ] },
   {},
   {} >>
/\ _COM2 = << [ ind |-> 0,
     type |-> "No_OpClass",
     r0 |-> "",
     r1 |-> "",
     r2 |-> "",
     addr |-> "" ],
   [ ind |-> 0,
     type |-> "No_OpClass",
     r0 |-> "",
     r1 |-> "",
     r2 |-> "",
     addr |-> "" ] >>
/\ _ID = << [ ind |-> 4488,
     type |-> "IntAlu",
     r0 |-> "",
     r1 |-> "",
     r2 |-> "",
     addr |-> "0x1058e" ],
   [ ind |-> 4489,
     type |-> "IntAlu",
     r0 |-> "a5",
     r1 |-> "",
     r2 |-> "",
     addr |-> "0x10608" ] >>
/\ _IF = << [ instr |->
         [ ind |-> 4490,
           type |-> "IntAlu",
           r0 |-> "a4",
           r1 |-> "a5",
           r2 |-> "",
           addr |-> "0x1060c" ],
     baseLat |-> 1,
     currLat |-> 1 ],
   [ instr |->
         [ ind |-> 4491,
           type |-> "MemRead",
           r0 |-> "a5",
           r1 |-> "",
           r2 |-> "",
           addr |-> "0x10610" ],
     baseLat |-> 1,
     currLat |-> 1 ] >>
/\ _FU2 = << [ instr |->
         [ ind |-> 0,
           type |-> "No_OpClass",
           r0 |-> "",
           r1 |-> "",
           r2 |-> "",
           addr |-> "" ],
     baseLat |-> 1,
     currLat |-> 1 ],
   [ instr |->
         [ ind |-> 4474,
           type |-> "MemRead",
           r0 |-> "a5",
           r1 |-> "",
           r2 |-> "",
           addr |-> "0x10688" ],
     baseLat |-> 10,
     currLat |-> 7 ],
   [ instr |->
         [ ind |-> 0,
           type |-> "No_OpClass",
           r0 |-> "",
           r1 |-> "",
           r2 |-> "",
           addr |-> "" ],
     baseLat |-> 1,
     currLat |-> 1 ],
   [ instr |->
         [ ind |-> 0,
           type |-> "No_OpClass",
           r0 |-> "",
           r1 |-> "",
           r2 |-> "",
           addr |-> "" ],
     baseLat |-> 1,
     currLat |-> 1 ] >>
/\ _COM = << [ ind |-> 4480,
     type |-> "IntAlu",
     r0 |-> "a5",
     r1 |-> "",
     r2 |-> "",
     addr |-> "0x10570" ],
   [ ind |-> 0,
     type |-> "No_OpClass",
     r0 |-> "",
     r1 |-> "",
     r2 |-> "",
     addr |-> "" ] >>
/\ exec_inst2 = 2
/\ _ID2 = << [ ind |-> 4486,
     type |-> "IntAlu",
     r0 |-> "a5",
     r1 |-> "",
     r2 |-> "",
     addr |-> "0x10586" ],
   [ ind |-> 4487,
     type |-> "MemWrite",
     r0 |-> "zero",
     r1 |-> "",
     r2 |-> "",
     addr |-> "0x1058a" ] >>
/\ graph = [ nodes |->
      << [ ind |-> 4466,
           addr |-> "0x10552",
           COM |-> 4,
           IFacq |-> 1,
           IFrel |-> 2,
           IDacq |-> 2,
           IDrel |-> 3,
           FUacq |-> 3,
           FUrel |-> 4,
           ROB |-> 2,
           RS |-> 2,
           FU |-> 1 ],
         [ ind |-> 4467,
           addr |-> "0x10554",
           COM |-> 4,
           IFacq |-> 1,
           IFrel |-> 2,
           IDacq |-> 2,
           IDrel |-> 3,
           FUacq |-> 3,
           FUrel |-> 4,
           ROB |-> 2,
           RS |-> 2,
           FU |-> 2 ],
         [ ind |-> 4468,
           addr |-> "0x10556",
           COM |-> 5,
           IFacq |-> 2,
           IFrel |-> 3,
           IDacq |-> 3,
           IDrel |-> 4,
           FUacq |-> 4,
           FUrel |-> 5,
           ROB |-> 3,
           RS |-> 3,
           FU |-> 1 ],
         [ ind |-> 4469,
           addr |-> "0x10558",
           COM |-> 6,
           IFacq |-> 2,
           IFrel |-> 3,
           IDacq |-> 3,
           IDrel |-> 4,
           FUacq |-> 5,
           FUrel |-> 6,
           ROB |-> 3,
           RS |-> 3,
           FU |-> 1 ],
         [ ind |-> 4470,
           addr |-> "0x1055a",
           COM |-> 6,
           IFacq |-> 3,
           IFrel |-> 4,
           IDacq |-> 4,
           IDrel |-> 5,
           FUacq |-> 5,
           FUrel |-> 6,
           ROB |-> 4,
           RS |-> 4,
           FU |-> 2 ],
         [ ind |-> 4471,
           addr |-> "0x1055e",
           COM |-> 7,
           IFacq |-> 3,
           IFrel |-> 4,
           IDacq |-> 4,
           IDrel |-> 5,
           FUacq |-> 6,
           FUrel |-> 7,
           ROB |-> 4,
           RS |-> 4,
           FU |-> 1 ],
         [ ind |-> 4472,
           addr |-> "0x10562",
           COM |-> 7,
           IFacq |-> 4,
           IFrel |-> 5,
           IDacq |-> 5,
           IDrel |-> 6,
           FUacq |-> 6,
           FUrel |-> 7,
           ROB |-> 5,
           RS |-> 5,
           FU |-> 2 ],
         [ ind |-> 4473,
           addr |-> "0x10566",
           COM |-> 8,
           IFacq |-> 4,
           IFrel |-> 5,
           IDacq |-> 5,
           IDrel |-> 6,
           FUacq |-> 7,
           FUrel |-> 8,
           ROB |-> 5,
           RS |-> 5,
           FU |-> 1 ],
         [ ind |-> 4474,
           addr |-> "0x10688",
           COM |-> 8,
           IFacq |-> 5,
           IFrel |-> 6,
           IDacq |-> 6,
           IDrel |-> 7,
           FUacq |-> 7,
           FUrel |-> 8,
           ROB |-> 6,
           RS |-> 6,
           FU |-> 2 ],
         [ ind |-> 4475,
           addr |-> "0x1068c",
           COM |-> 9,
           IFacq |-> 5,
           IFrel |-> 6,
           IDacq |-> 6,
           IDrel |-> 7,
           FUacq |-> 8,
           FUrel |-> 9,
           ROB |-> 6,
           RS |-> 6,
           FU |-> 1 ],
         [ ind |-> 4476,
           addr |-> "0x10690",
           COM |-> 10,
           IFacq |-> 6,
           IFrel |-> 7,
           IDacq |-> 7,
           IDrel |-> 8,
           FUacq |-> 9,
           FUrel |-> 10,
           ROB |-> 7,
           RS |-> 7,
           FU |-> 1 ],
         [ ind |-> 4477,
           addr |-> "0x10692",
           COM |-> 11,
           IFacq |-> 6,
           IFrel |-> 7,
           IDacq |-> 7,
           IDrel |-> 8,
           FUacq |-> 10,
           FUrel |-> 11,
           ROB |-> 7,
           RS |-> 7,
           FU |-> 1 ],
         [ ind |-> 4478,
           addr |-> "0x10568",
           COM |-> 12,
           IFacq |-> 7,
           IFrel |-> 8,
           IDacq |-> 8,
           IDrel |-> 9,
           FUacq |-> 11,
           FUrel |-> 12,
           ROB |-> 8,
           RS |-> 8,
           FU |-> 1 ],
         [ ind |-> 4479,
           addr |-> "0x1056c",
           COM |-> 12,
           IFacq |-> 7,
           IFrel |-> 8,
           IDacq |-> 8,
           IDrel |-> 9,
           FUacq |-> 9,
           FUrel |-> 10,
           ROB |-> 8,
           RS |-> 8,
           FU |-> 2 ],
         [ ind |-> 4480,
           addr |-> "0x10570",
           COM |-> 0,
           IFacq |-> 8,
           IFrel |-> 9,
           IDacq |-> 9,
           IDrel |-> 10,
           FUacq |-> 12,
           FUrel |-> 13,
           ROB |-> 9,
           RS |-> 9,
           FU |-> 1 ],
         [ ind |-> 4481,
           addr |-> "0x10572",
           COM |-> 0,
           IFacq |-> 8,
           IFrel |-> 9,
           IDacq |-> 9,
           IDrel |-> 10,
           FUacq |-> 0,
           FUrel |-> 0,
           ROB |-> 9,
           RS |-> 9,
           FU |-> 0 ],
         [ ind |-> 4482,
           addr |-> "0x10576",
           COM |-> 0,
           IFacq |-> 9,
           IFrel |-> 10,
           IDacq |-> 10,
           IDrel |-> 11,
           FUacq |-> 0,
           FUrel |-> 0,
           ROB |-> 10,
           RS |-> 10,
           FU |-> 0 ],
         [ ind |-> 4483,
           addr |-> "0x1057a",
           COM |-> 0,
           IFacq |-> 9,
           IFrel |-> 10,
           IDacq |-> 10,
           IDrel |-> 11,
           FUacq |-> 11,
           FUrel |-> 12,
           ROB |-> 10,
           RS |-> 10,
           FU |-> 2 ],
         [ ind |-> 4484,
           addr |-> "0x1057e",
           COM |-> 0,
           IFacq |-> 10,
           IFrel |-> 11,
           IDacq |-> 11,
           IDrel |-> 12,
           FUacq |-> 12,
           FUrel |-> 13,
           ROB |-> 11,
           RS |-> 11,
           FU |-> 2 ],
         [ ind |-> 4485,
           addr |-> "0x10582",
           COM |-> 0,
           IFacq |-> 10,
           IFrel |-> 11,
           IDacq |-> 11,
           IDrel |-> 12,
           FUacq |-> 0,
           FUrel |-> 0,
           ROB |-> 11,
           RS |-> 11,
           FU |-> 0 ],
         [ ind |-> 4486,
           addr |-> "0x10586",
           COM |-> 0,
           IFacq |-> 11,
           IFrel |-> 12,
           IDacq |-> 12,
           IDrel |-> 13,
           FUacq |-> 0,
           FUrel |-> 0,
           ROB |-> 12,
           RS |-> 12,
           FU |-> 0 ],
         [ ind |-> 4487,
           addr |-> "0x1058a",
           COM |-> 0,
           IFacq |-> 11,
           IFrel |-> 12,
           IDacq |-> 12,
           IDrel |-> 13,
           FUacq |-> 0,
           FUrel |-> 0,
           ROB |-> 12,
           RS |-> 12,
           FU |-> 0 ],
         [ ind |-> 4488,
           addr |-> "0x1058e",
           COM |-> 0,
           IFacq |-> 12,
           IFrel |-> 13,
           IDacq |-> 0,
           IDrel |-> 0,
           FUacq |-> 0,
           FUrel |-> 0,
           ROB |-> 0,
           RS |-> 0,
           FU |-> 0 ],
         [ ind |-> 4489,
           addr |-> "0x10608",
           COM |-> 0,
           IFacq |-> 12,
           IFrel |-> 13,
           IDacq |-> 0,
           IDrel |-> 0,
           FUacq |-> 0,
           FUrel |-> 0,
           ROB |-> 0,
           RS |-> 0,
           FU |-> 0 ] >>,
  edges |->
      { [type |-> "D", source |-> 4466, dest |-> 4468],
        [type |-> "D", source |-> 4474, dest |-> 4475] } ]
/\ currCycle2 = 13
/\ _IF2 = << [ instr |->
         [ ind |-> 4488,
           type |-> "IntAlu",
           r0 |-> "",
           r1 |-> "",
           r2 |-> "",
           addr |-> "0x1058e" ],
     baseLat |-> 1,
     currLat |-> 2 ],
   [ instr |->
         [ ind |-> 4489,
           type |-> "IntAlu",
           r0 |-> "a5",
           r1 |-> "",
           r2 |-> "",
           addr |-> "0x10608" ],
     baseLat |-> 1,
     currLat |-> 2 ] >>
/\ lastBound = 0
/\ graph2 = [ nodes |->
      << [ ind |-> 4466,
           addr |-> "0x10552",
           COM |-> 4,
           IFacq |-> 1,
           IFrel |-> 2,
           IDacq |-> 2,
           IDrel |-> 3,
           FUacq |-> 3,
           FUrel |-> 4,
           ROB |-> 2,
           RS |-> 2,
           FU |-> 1 ],
         [ ind |-> 4467,
           addr |-> "0x10554",
           COM |-> 4,
           IFacq |-> 1,
           IFrel |-> 2,
           IDacq |-> 2,
           IDrel |-> 3,
           FUacq |-> 3,
           FUrel |-> 4,
           ROB |-> 2,
           RS |-> 2,
           FU |-> 2 ],
         [ ind |-> 4468,
           addr |-> "0x10556",
           COM |-> 5,
           IFacq |-> 2,
           IFrel |-> 3,
           IDacq |-> 3,
           IDrel |-> 4,
           FUacq |-> 4,
           FUrel |-> 5,
           ROB |-> 3,
           RS |-> 3,
           FU |-> 1 ],
         [ ind |-> 4469,
           addr |-> "0x10558",
           COM |-> 6,
           IFacq |-> 2,
           IFrel |-> 3,
           IDacq |-> 3,
           IDrel |-> 4,
           FUacq |-> 5,
           FUrel |-> 6,
           ROB |-> 3,
           RS |-> 3,
           FU |-> 1 ],
         [ ind |-> 4470,
           addr |-> "0x1055a",
           COM |-> 6,
           IFacq |-> 3,
           IFrel |-> 4,
           IDacq |-> 4,
           IDrel |-> 5,
           FUacq |-> 5,
           FUrel |-> 6,
           ROB |-> 4,
           RS |-> 4,
           FU |-> 2 ],
         [ ind |-> 4471,
           addr |-> "0x1055e",
           COM |-> 7,
           IFacq |-> 3,
           IFrel |-> 4,
           IDacq |-> 4,
           IDrel |-> 5,
           FUacq |-> 6,
           FUrel |-> 7,
           ROB |-> 4,
           RS |-> 4,
           FU |-> 1 ],
         [ ind |-> 4472,
           addr |-> "0x10562",
           COM |-> 7,
           IFacq |-> 4,
           IFrel |-> 5,
           IDacq |-> 5,
           IDrel |-> 6,
           FUacq |-> 6,
           FUrel |-> 7,
           ROB |-> 5,
           RS |-> 5,
           FU |-> 2 ],
         [ ind |-> 4473,
           addr |-> "0x10566",
           COM |-> 8,
           IFacq |-> 4,
           IFrel |-> 5,
           IDacq |-> 5,
           IDrel |-> 6,
           FUacq |-> 7,
           FUrel |-> 8,
           ROB |-> 5,
           RS |-> 5,
           FU |-> 1 ],
         [ ind |-> 4474,
           addr |-> "0x10688",
           COM |-> 0,
           IFacq |-> 5,
           IFrel |-> 6,
           IDacq |-> 6,
           IDrel |-> 7,
           FUacq |-> 7,
           FUrel |-> 0,
           ROB |-> 6,
           RS |-> 6,
           FU |-> 2 ],
         [ ind |-> 4475,
           addr |-> "0x1068c",
           COM |-> 0,
           IFacq |-> 5,
           IFrel |-> 6,
           IDacq |-> 6,
           IDrel |-> 7,
           FUacq |-> 0,
           FUrel |-> 0,
           ROB |-> 6,
           RS |-> 6,
           FU |-> 0 ],
         [ ind |-> 4476,
           addr |-> "0x10690",
           COM |-> 0,
           IFacq |-> 6,
           IFrel |-> 7,
           IDacq |-> 7,
           IDrel |-> 8,
           FUacq |-> 8,
           FUrel |-> 9,
           ROB |-> 7,
           RS |-> 7,
           FU |-> 1 ],
         [ ind |-> 4477,
           addr |-> "0x10692",
           COM |-> 0,
           IFacq |-> 6,
           IFrel |-> 7,
           IDacq |-> 7,
           IDrel |-> 8,
           FUacq |-> 0,
           FUrel |-> 0,
           ROB |-> 7,
           RS |-> 7,
           FU |-> 0 ],
         [ ind |-> 4478,
           addr |-> "0x10568",
           COM |-> 0,
           IFacq |-> 7,
           IFrel |-> 8,
           IDacq |-> 8,
           IDrel |-> 9,
           FUacq |-> 9,
           FUrel |-> 10,
           ROB |-> 8,
           RS |-> 8,
           FU |-> 1 ],
         [ ind |-> 4479,
           addr |-> "0x1056c",
           COM |-> 0,
           IFacq |-> 7,
           IFrel |-> 8,
           IDacq |-> 8,
           IDrel |-> 9,
           FUacq |-> 0,
           FUrel |-> 0,
           ROB |-> 8,
           RS |-> 8,
           FU |-> 0 ],
         [ ind |-> 4480,
           addr |-> "0x10570",
           COM |-> 0,
           IFacq |-> 8,
           IFrel |-> 9,
           IDacq |-> 9,
           IDrel |-> 10,
           FUacq |-> 10,
           FUrel |-> 11,
           ROB |-> 9,
           RS |-> 9,
           FU |-> 1 ],
         [ ind |-> 4481,
           addr |-> "0x10572",
           COM |-> 0,
           IFacq |-> 8,
           IFrel |-> 9,
           IDacq |-> 9,
           IDrel |-> 10,
           FUacq |-> 0,
           FUrel |-> 0,
           ROB |-> 9,
           RS |-> 9,
           FU |-> 0 ],
         [ ind |-> 4482,
           addr |-> "0x10576",
           COM |-> 0,
           IFacq |-> 9,
           IFrel |-> 10,
           IDacq |-> 10,
           IDrel |-> 11,
           FUacq |-> 11,
           FUrel |-> 12,
           ROB |-> 10,
           RS |-> 10,
           FU |-> 1 ],
         [ ind |-> 4483,
           addr |-> "0x1057a",
           COM |-> 0,
           IFacq |-> 9,
           IFrel |-> 10,
           IDacq |-> 10,
           IDrel |-> 11,
           FUacq |-> 0,
           FUrel |-> 0,
           ROB |-> 10,
           RS |-> 10,
           FU |-> 0 ],
         [ ind |-> 4484,
           addr |-> "0x1057e",
           COM |-> 0,
           IFacq |-> 10,
           IFrel |-> 11,
           IDacq |-> 11,
           IDrel |-> 12,
           FUacq |-> 0,
           FUrel |-> 0,
           ROB |-> 11,
           RS |-> 11,
           FU |-> 0 ],
         [ ind |-> 4485,
           addr |-> "0x10582",
           COM |-> 0,
           IFacq |-> 10,
           IFrel |-> 11,
           IDacq |-> 11,
           IDrel |-> 12,
           FUacq |-> 0,
           FUrel |-> 0,
           ROB |-> 11,
           RS |-> 11,
           FU |-> 0 ],
         [ ind |-> 4486,
           addr |-> "0x10586",
           COM |-> 0,
           IFacq |-> 11,
           IFrel |-> 12,
           IDacq |-> 12,
           IDrel |-> 0,
           FUacq |-> 0,
           FUrel |-> 0,
           ROB |-> 0,
           RS |-> 12,
           FU |-> 0 ],
         [ ind |-> 4487,
           addr |-> "0x1058a",
           COM |-> 0,
           IFacq |-> 11,
           IFrel |-> 12,
           IDacq |-> 12,
           IDrel |-> 0,
           FUacq |-> 0,
           FUrel |-> 0,
           ROB |-> 0,
           RS |-> 12,
           FU |-> 0 ],
         [ ind |-> 4488,
           addr |-> "0x1058e",
           COM |-> 0,
           IFacq |-> 12,
           IFrel |-> 13,
           IDacq |-> 0,
           IDrel |-> 0,
           FUacq |-> 0,
           FUrel |-> 0,
           ROB |-> 0,
           RS |-> 0,
           FU |-> 0 ],
         [ ind |-> 4489,
           addr |-> "0x10608",
           COM |-> 0,
           IFacq |-> 12,
           IFrel |-> 13,
           IDacq |-> 0,
           IDrel |-> 0,
           FUacq |-> 0,
           FUrel |-> 0,
           ROB |-> 0,
           RS |-> 0,
           FU |-> 0 ] >>,
  edges |-> {[type |-> "D", source |-> 4466, dest |-> 4468]} ]
/\ pc2 = 24
/\ robHead = 15
/\ rob = << [ instr |->
         [ ind |-> 4466,
           type |-> "IntAlu",
           r0 |-> "sp",
           r1 |-> "",
           r2 |-> "",
           addr |-> "0x10552" ],
     done |-> TRUE,
     executed |-> TRUE ],
   [ instr |->
         [ ind |-> 4467,
           type |-> "MemWrite",
           r0 |-> "s0",
           r1 |-> "",
           r2 |-> "",
           addr |-> "0x10554" ],
     done |-> TRUE,
     executed |-> TRUE ],
   [ instr |->
         [ ind |-> 4468,
           type |-> "IntAlu",
           r0 |-> "s0",
           r1 |-> "sp",
           r2 |-> "",
           addr |-> "0x10556" ],
     done |-> TRUE,
     executed |-> TRUE ],
   [ instr |->
         [ ind |-> 4469,
           type |-> "IntAlu",
           r0 |-> "a5",
           r1 |-> "",
           r2 |-> "",
           addr |-> "0x10558" ],
     done |-> TRUE,
     executed |-> TRUE ],
   [ instr |->
         [ ind |-> 4470,
           type |-> "MemWrite",
           r0 |-> "a5",
           r1 |-> "",
           r2 |-> "",
           addr |-> "0x1055a" ],
     done |-> TRUE,
     executed |-> TRUE ],
   [ instr |->
         [ ind |-> 4471,
           type |-> "IntAlu",
           r0 |-> "a5",
           r1 |-> "",
           r2 |-> "",
           addr |-> "0x1055e" ],
     done |-> TRUE,
     executed |-> TRUE ],
   [ instr |->
         [ ind |-> 4472,
           type |-> "MemWrite",
           r0 |-> "zero",
           r1 |-> "",
           r2 |-> "",
           addr |-> "0x10562" ],
     done |-> TRUE,
     executed |-> TRUE ],
   [ instr |->
         [ ind |-> 4473,
           type |-> "IntAlu",
           r0 |-> "",
           r1 |-> "",
           r2 |-> "",
           addr |-> "0x10566" ],
     done |-> TRUE,
     executed |-> TRUE ],
   [ instr |->
         [ ind |-> 4474,
           type |-> "MemRead",
           r0 |-> "a5",
           r1 |-> "",
           r2 |-> "",
           addr |-> "0x10688" ],
     done |-> TRUE,
     executed |-> TRUE ],
   [ instr |->
         [ ind |-> 4475,
           type |-> "IntAlu",
           r0 |-> "a4",
           r1 |-> "a5",
           r2 |-> "",
           addr |-> "0x1068c" ],
     done |-> TRUE,
     executed |-> TRUE ],
   [ instr |->
         [ ind |-> 4476,
           type |-> "IntAlu",
           r0 |-> "a5",
           r1 |-> "",
           r2 |-> "",
           addr |-> "0x10690" ],
     done |-> TRUE,
     executed |-> TRUE ],
   [ instr |->
         [ ind |-> 4477,
           type |-> "IntAlu",
           r0 |-> "a5",
           r1 |-> "a4",
           r2 |-> "",
           addr |-> "0x10692" ],
     done |-> TRUE,
     executed |-> TRUE ],
   [ instr |->
         [ ind |-> 4478,
           type |-> "IntAlu",
           r0 |-> "a5",
           r1 |-> "",
           r2 |-> "",
           addr |-> "0x10568" ],
     done |-> TRUE,
     executed |-> TRUE ],
   [ instr |->
         [ ind |-> 4479,
           type |-> "MemRead",
           r0 |-> "a5",
           r1 |-> "",
           r2 |-> "",
           addr |-> "0x1056c" ],
     done |-> TRUE,
     executed |-> TRUE ],
   [ instr |->
         [ ind |-> 4480,
           type |-> "IntAlu",
           r0 |-> "a5",
           r1 |-> "",
           r2 |-> "",
           addr |-> "0x10570" ],
     done |-> FALSE,
     executed |-> TRUE ],
   [ instr |->
         [ ind |-> 4481,
           type |-> "IntAlu",
           r0 |-> "a4",
           r1 |-> "a5",
           r2 |-> "",
           addr |-> "0x10572" ],
     done |-> FALSE,
     executed |-> FALSE ],
   [ instr |->
         [ ind |-> 4482,
           type |-> "IntAlu",
           r0 |-> "a5",
           r1 |-> "",
           r2 |-> "",
           addr |-> "0x10576" ],
     done |-> FALSE,
     executed |-> FALSE ],
   [ instr |->
         [ ind |-> 4483,
           type |-> "MemWrite",
           r0 |-> "a4",
           r1 |-> "",
           r2 |-> "",
           addr |-> "0x1057a" ],
     done |-> FALSE,
     executed |-> TRUE ],
   [ instr |->
         [ ind |-> 4484,
           type |-> "MemRead",
           r0 |-> "a5",
           r1 |-> "",
           r2 |-> "",
           addr |-> "0x1057e" ],
     done |-> FALSE,
     executed |-> TRUE ],
   [ instr |->
         [ ind |-> 4485,
           type |-> "MemWrite",
           r0 |-> "a5",
           r1 |-> "",
           r2 |-> "",
           addr |-> "0x10582" ],
     done |-> FALSE,
     executed |-> FALSE ],
   [ instr |->
         [ ind |-> 4486,
           type |-> "IntAlu",
           r0 |-> "a5",
           r1 |-> "",
           r2 |-> "",
           addr |-> "0x10586" ],
     done |-> FALSE,
     executed |-> FALSE ],
   [ instr |->
         [ ind |-> 4487,
           type |-> "MemWrite",
           r0 |-> "zero",
           r1 |-> "",
           r2 |-> "",
           addr |-> "0x1058a" ],
     done |-> FALSE,
     executed |-> FALSE ] >>
/\ _RS = << { [ ind |-> 4482,
       type |-> "IntAlu",
       r0 |-> "a5",
       r1 |-> "",
       r2 |-> "",
       addr |-> "0x10576" ],
     [ ind |-> 4486,
       type |-> "IntAlu",
       r0 |-> "a5",
       r1 |-> "",
       r2 |-> "",
       addr |-> "0x10586" ] },
   { [ ind |-> 4487,
       type |-> "MemWrite",
       r0 |-> "zero",
       r1 |-> "",
       r2 |-> "",
       addr |-> "0x1058a" ] },
   {},
   {} >>
/\ currCycle = 13
/\ exec_inst = 1
/\ robHead2 = 9
/\ pc = 26
/\ rob2 = << [ instr |->
         [ ind |-> 4466,
           type |-> "IntAlu",
           r0 |-> "sp",
           r1 |-> "",
           r2 |-> "",
           addr |-> "0x10552" ],
     done |-> TRUE,
     executed |-> TRUE ],
   [ instr |->
         [ ind |-> 4467,
           type |-> "MemWrite",
           r0 |-> "s0",
           r1 |-> "",
           r2 |-> "",
           addr |-> "0x10554" ],
     done |-> TRUE,
     executed |-> TRUE ],
   [ instr |->
         [ ind |-> 4468,
           type |-> "IntAlu",
           r0 |-> "s0",
           r1 |-> "sp",
           r2 |-> "",
           addr |-> "0x10556" ],
     done |-> TRUE,
     executed |-> TRUE ],
   [ instr |->
         [ ind |-> 4469,
           type |-> "IntAlu",
           r0 |-> "a5",
           r1 |-> "",
           r2 |-> "",
           addr |-> "0x10558" ],
     done |-> TRUE,
     executed |-> TRUE ],
   [ instr |->
         [ ind |-> 4470,
           type |-> "MemWrite",
           r0 |-> "a5",
           r1 |-> "",
           r2 |-> "",
           addr |-> "0x1055a" ],
     done |-> TRUE,
     executed |-> TRUE ],
   [ instr |->
         [ ind |-> 4471,
           type |-> "IntAlu",
           r0 |-> "a5",
           r1 |-> "",
           r2 |-> "",
           addr |-> "0x1055e" ],
     done |-> TRUE,
     executed |-> TRUE ],
   [ instr |->
         [ ind |-> 4472,
           type |-> "MemWrite",
           r0 |-> "zero",
           r1 |-> "",
           r2 |-> "",
           addr |-> "0x10562" ],
     done |-> TRUE,
     executed |-> TRUE ],
   [ instr |->
         [ ind |-> 4473,
           type |-> "IntAlu",
           r0 |-> "",
           r1 |-> "",
           r2 |-> "",
           addr |-> "0x10566" ],
     done |-> TRUE,
     executed |-> TRUE ],
   [ instr |->
         [ ind |-> 4474,
           type |-> "MemRead",
           r0 |-> "a5",
           r1 |-> "",
           r2 |-> "",
           addr |-> "0x10688" ],
     done |-> FALSE,
     executed |-> FALSE ],
   [ instr |->
         [ ind |-> 4475,
           type |-> "IntAlu",
           r0 |-> "a4",
           r1 |-> "a5",
           r2 |-> "",
           addr |-> "0x1068c" ],
     done |-> FALSE,
     executed |-> FALSE ],
   [ instr |->
         [ ind |-> 4476,
           type |-> "IntAlu",
           r0 |-> "a5",
           r1 |-> "",
           r2 |-> "",
           addr |-> "0x10690" ],
     done |-> FALSE,
     executed |-> TRUE ],
   [ instr |->
         [ ind |-> 4477,
           type |-> "IntAlu",
           r0 |-> "a5",
           r1 |-> "a4",
           r2 |-> "",
           addr |-> "0x10692" ],
     done |-> FALSE,
     executed |-> FALSE ],
   [ instr |->
         [ ind |-> 4478,
           type |-> "IntAlu",
           r0 |-> "a5",
           r1 |-> "",
           r2 |-> "",
           addr |-> "0x10568" ],
     done |-> FALSE,
     executed |-> TRUE ],
   [ instr |->
         [ ind |-> 4479,
           type |-> "MemRead",
           r0 |-> "a5",
           r1 |-> "",
           r2 |-> "",
           addr |-> "0x1056c" ],
     done |-> FALSE,
     executed |-> FALSE ],
   [ instr |->
         [ ind |-> 4480,
           type |-> "IntAlu",
           r0 |-> "a5",
           r1 |-> "",
           r2 |-> "",
           addr |-> "0x10570" ],
     done |-> FALSE,
     executed |-> TRUE ],
   [ instr |->
         [ ind |-> 4481,
           type |-> "IntAlu",
           r0 |-> "a4",
           r1 |-> "a5",
           r2 |-> "",
           addr |-> "0x10572" ],
     done |-> FALSE,
     executed |-> FALSE ],
   [ instr |->
         [ ind |-> 4482,
           type |-> "IntAlu",
           r0 |-> "a5",
           r1 |-> "",
           r2 |-> "",
           addr |-> "0x10576" ],
     done |-> FALSE,
     executed |-> TRUE ],
   [ instr |->
         [ ind |-> 4483,
           type |-> "MemWrite",
           r0 |-> "a4",
           r1 |-> "",
           r2 |-> "",
           addr |-> "0x1057a" ],
     done |-> FALSE,
     executed |-> FALSE ],
   [ instr |->
         [ ind |-> 4484,
           type |-> "MemRead",
           r0 |-> "a5",
           r1 |-> "",
           r2 |-> "",
           addr |-> "0x1057e" ],
     done |-> FALSE,
     executed |-> FALSE ],
   [ instr |->
         [ ind |-> 4485,
           type |-> "MemWrite",
           r0 |-> "a5",
           r1 |-> "",
           r2 |-> "",
           addr |-> "0x10582" ],
     done |-> FALSE,
     executed |-> FALSE ] >>
/\ _FU = << [ instr |->
         [ ind |-> 4481,
           type |-> "IntAlu",
           r0 |-> "a4",
           r1 |-> "a5",
           r2 |-> "",
           addr |-> "0x10572" ],
     baseLat |-> 1,
     currLat |-> 1 ],
   [ instr |->
         [ ind |-> 4485,
           type |-> "MemWrite",
           r0 |-> "a5",
           r1 |-> "",
           r2 |-> "",
           addr |-> "0x10582" ],
     baseLat |-> 1,
     currLat |-> 1 ],
   [ instr |->
         [ ind |-> 0,
           type |-> "No_OpClass",
           r0 |-> "",
           r1 |-> "",
           r2 |-> "",
           addr |-> "" ],
     baseLat |-> 1,
     currLat |-> 1 ],
   [ instr |->
         [ ind |-> 0,
           type |-> "No_OpClass",
           r0 |-> "",
           r1 |-> "",
           r2 |-> "",
           addr |-> "" ],
     baseLat |-> 1,
     currLat |-> 1 ] >>

@!@!@ENDMSG 2217 @!@!@
@!@!@STARTMSG 2217:4 @!@!@
15: <Next line 63, col 9 to line 67, col 64 of module pipeline_ooo>
/\ _RS2 = << { [ ind |-> 4475,
       type |-> "IntAlu",
       r0 |-> "a4",
       r1 |-> "a5",
       r2 |-> "",
       addr |-> "0x1068c" ],
     [ ind |-> 4477,
       type |-> "IntAlu",
       r0 |-> "a5",
       r1 |-> "a4",
       r2 |-> "",
       addr |-> "0x10692" ],
     [ ind |-> 4481,
       type |-> "IntAlu",
       r0 |-> "a4",
       r1 |-> "a5",
       r2 |-> "",
       addr |-> "0x10572" ] },
   { [ ind |-> 4479,
       type |-> "MemRead",
       r0 |-> "a5",
       r1 |-> "",
       r2 |-> "",
       addr |-> "0x1056c" ],
     [ ind |-> 4483,
       type |-> "MemWrite",
       r0 |-> "a4",
       r1 |-> "",
       r2 |-> "",
       addr |-> "0x1057a" ],
     [ ind |-> 4484,
       type |-> "MemRead",
       r0 |-> "a5",
       r1 |-> "",
       r2 |-> "",
       addr |-> "0x1057e" ],
     [ ind |-> 4485,
       type |-> "MemWrite",
       r0 |-> "a5",
       r1 |-> "",
       r2 |-> "",
       addr |-> "0x10582" ] },
   {},
   {} >>
/\ _COM2 = << [ ind |-> 0,
     type |-> "No_OpClass",
     r0 |-> "",
     r1 |-> "",
     r2 |-> "",
     addr |-> "" ],
   [ ind |-> 0,
     type |-> "No_OpClass",
     r0 |-> "",
     r1 |-> "",
     r2 |-> "",
     addr |-> "" ] >>
/\ _ID = << [ ind |-> 4490,
     type |-> "IntAlu",
     r0 |-> "a4",
     r1 |-> "a5",
     r2 |-> "",
     addr |-> "0x1060c" ],
   [ ind |-> 4491,
     type |-> "MemRead",
     r0 |-> "a5",
     r1 |-> "",
     r2 |-> "",
     addr |-> "0x10610" ] >>
/\ _IF = << [ instr |->
         [ ind |-> 4492,
           type |-> "IntAlu",
           r0 |-> "a5",
           r1 |-> "",
           r2 |-> "",
           addr |-> "0x10614" ],
     baseLat |-> 1,
     currLat |-> 1 ],
   [ instr |->
         [ ind |-> 4493,
           type |-> "IntAlu",
           r0 |-> "a5",
           r1 |-> "a4",
           r2 |-> "",
           addr |-> "0x10616" ],
     baseLat |-> 1,
     currLat |-> 1 ] >>
/\ _FU2 = << [ instr |->
         [ ind |-> 0,
           type |-> "No_OpClass",
           r0 |-> "",
           r1 |-> "",
           r2 |-> "",
           addr |-> "" ],
     baseLat |-> 1,
     currLat |-> 1 ],
   [ instr |->
         [ ind |-> 4474,
           type |-> "MemRead",
           r0 |-> "a5",
           r1 |-> "",
           r2 |-> "",
           addr |-> "0x10688" ],
     baseLat |-> 10,
     currLat |-> 8 ],
   [ instr |->
         [ ind |-> 0,
           type |-> "No_OpClass",
           r0 |-> "",
           r1 |-> "",
           r2 |-> "",
           addr |-> "" ],
     baseLat |-> 1,
     currLat |-> 1 ],
   [ instr |->
         [ ind |-> 0,
           type |-> "No_OpClass",
           r0 |-> "",
           r1 |-> "",
           r2 |-> "",
           addr |-> "" ],
     baseLat |-> 1,
     currLat |-> 1 ] >>
/\ _COM = << [ ind |-> 4481,
     type |-> "IntAlu",
     r0 |-> "a4",
     r1 |-> "a5",
     r2 |-> "",
     addr |-> "0x10572" ],
   [ ind |-> 0,
     type |-> "No_OpClass",
     r0 |-> "",
     r1 |-> "",
     r2 |-> "",
     addr |-> "" ] >>
/\ exec_inst2 = 2
/\ _ID2 = << [ ind |-> 4486,
     type |-> "IntAlu",
     r0 |-> "a5",
     r1 |-> "",
     r2 |-> "",
     addr |-> "0x10586" ],
   [ ind |-> 4487,
     type |-> "MemWrite",
     r0 |-> "zero",
     r1 |-> "",
     r2 |-> "",
     addr |-> "0x1058a" ] >>
/\ graph = [ nodes |->
      << [ ind |-> 4466,
           addr |-> "0x10552",
           COM |-> 4,
           IFacq |-> 1,
           IFrel |-> 2,
           IDacq |-> 2,
           IDrel |-> 3,
           FUacq |-> 3,
           FUrel |-> 4,
           ROB |-> 2,
           RS |-> 2,
           FU |-> 1 ],
         [ ind |-> 4467,
           addr |-> "0x10554",
           COM |-> 4,
           IFacq |-> 1,
           IFrel |-> 2,
           IDacq |-> 2,
           IDrel |-> 3,
           FUacq |-> 3,
           FUrel |-> 4,
           ROB |-> 2,
           RS |-> 2,
           FU |-> 2 ],
         [ ind |-> 4468,
           addr |-> "0x10556",
           COM |-> 5,
           IFacq |-> 2,
           IFrel |-> 3,
           IDacq |-> 3,
           IDrel |-> 4,
           FUacq |-> 4,
           FUrel |-> 5,
           ROB |-> 3,
           RS |-> 3,
           FU |-> 1 ],
         [ ind |-> 4469,
           addr |-> "0x10558",
           COM |-> 6,
           IFacq |-> 2,
           IFrel |-> 3,
           IDacq |-> 3,
           IDrel |-> 4,
           FUacq |-> 5,
           FUrel |-> 6,
           ROB |-> 3,
           RS |-> 3,
           FU |-> 1 ],
         [ ind |-> 4470,
           addr |-> "0x1055a",
           COM |-> 6,
           IFacq |-> 3,
           IFrel |-> 4,
           IDacq |-> 4,
           IDrel |-> 5,
           FUacq |-> 5,
           FUrel |-> 6,
           ROB |-> 4,
           RS |-> 4,
           FU |-> 2 ],
         [ ind |-> 4471,
           addr |-> "0x1055e",
           COM |-> 7,
           IFacq |-> 3,
           IFrel |-> 4,
           IDacq |-> 4,
           IDrel |-> 5,
           FUacq |-> 6,
           FUrel |-> 7,
           ROB |-> 4,
           RS |-> 4,
           FU |-> 1 ],
         [ ind |-> 4472,
           addr |-> "0x10562",
           COM |-> 7,
           IFacq |-> 4,
           IFrel |-> 5,
           IDacq |-> 5,
           IDrel |-> 6,
           FUacq |-> 6,
           FUrel |-> 7,
           ROB |-> 5,
           RS |-> 5,
           FU |-> 2 ],
         [ ind |-> 4473,
           addr |-> "0x10566",
           COM |-> 8,
           IFacq |-> 4,
           IFrel |-> 5,
           IDacq |-> 5,
           IDrel |-> 6,
           FUacq |-> 7,
           FUrel |-> 8,
           ROB |-> 5,
           RS |-> 5,
           FU |-> 1 ],
         [ ind |-> 4474,
           addr |-> "0x10688",
           COM |-> 8,
           IFacq |-> 5,
           IFrel |-> 6,
           IDacq |-> 6,
           IDrel |-> 7,
           FUacq |-> 7,
           FUrel |-> 8,
           ROB |-> 6,
           RS |-> 6,
           FU |-> 2 ],
         [ ind |-> 4475,
           addr |-> "0x1068c",
           COM |-> 9,
           IFacq |-> 5,
           IFrel |-> 6,
           IDacq |-> 6,
           IDrel |-> 7,
           FUacq |-> 8,
           FUrel |-> 9,
           ROB |-> 6,
           RS |-> 6,
           FU |-> 1 ],
         [ ind |-> 4476,
           addr |-> "0x10690",
           COM |-> 10,
           IFacq |-> 6,
           IFrel |-> 7,
           IDacq |-> 7,
           IDrel |-> 8,
           FUacq |-> 9,
           FUrel |-> 10,
           ROB |-> 7,
           RS |-> 7,
           FU |-> 1 ],
         [ ind |-> 4477,
           addr |-> "0x10692",
           COM |-> 11,
           IFacq |-> 6,
           IFrel |-> 7,
           IDacq |-> 7,
           IDrel |-> 8,
           FUacq |-> 10,
           FUrel |-> 11,
           ROB |-> 7,
           RS |-> 7,
           FU |-> 1 ],
         [ ind |-> 4478,
           addr |-> "0x10568",
           COM |-> 12,
           IFacq |-> 7,
           IFrel |-> 8,
           IDacq |-> 8,
           IDrel |-> 9,
           FUacq |-> 11,
           FUrel |-> 12,
           ROB |-> 8,
           RS |-> 8,
           FU |-> 1 ],
         [ ind |-> 4479,
           addr |-> "0x1056c",
           COM |-> 12,
           IFacq |-> 7,
           IFrel |-> 8,
           IDacq |-> 8,
           IDrel |-> 9,
           FUacq |-> 9,
           FUrel |-> 10,
           ROB |-> 8,
           RS |-> 8,
           FU |-> 2 ],
         [ ind |-> 4480,
           addr |-> "0x10570",
           COM |-> 13,
           IFacq |-> 8,
           IFrel |-> 9,
           IDacq |-> 9,
           IDrel |-> 10,
           FUacq |-> 12,
           FUrel |-> 13,
           ROB |-> 9,
           RS |-> 9,
           FU |-> 1 ],
         [ ind |-> 4481,
           addr |-> "0x10572",
           COM |-> 0,
           IFacq |-> 8,
           IFrel |-> 9,
           IDacq |-> 9,
           IDrel |-> 10,
           FUacq |-> 13,
           FUrel |-> 14,
           ROB |-> 9,
           RS |-> 9,
           FU |-> 1 ],
         [ ind |-> 4482,
           addr |-> "0x10576",
           COM |-> 0,
           IFacq |-> 9,
           IFrel |-> 10,
           IDacq |-> 10,
           IDrel |-> 11,
           FUacq |-> 0,
           FUrel |-> 0,
           ROB |-> 10,
           RS |-> 10,
           FU |-> 0 ],
         [ ind |-> 4483,
           addr |-> "0x1057a",
           COM |-> 0,
           IFacq |-> 9,
           IFrel |-> 10,
           IDacq |-> 10,
           IDrel |-> 11,
           FUacq |-> 11,
           FUrel |-> 12,
           ROB |-> 10,
           RS |-> 10,
           FU |-> 2 ],
         [ ind |-> 4484,
           addr |-> "0x1057e",
           COM |-> 0,
           IFacq |-> 10,
           IFrel |-> 11,
           IDacq |-> 11,
           IDrel |-> 12,
           FUacq |-> 12,
           FUrel |-> 13,
           ROB |-> 11,
           RS |-> 11,
           FU |-> 2 ],
         [ ind |-> 4485,
           addr |-> "0x10582",
           COM |-> 0,
           IFacq |-> 10,
           IFrel |-> 11,
           IDacq |-> 11,
           IDrel |-> 12,
           FUacq |-> 13,
           FUrel |-> 14,
           ROB |-> 11,
           RS |-> 11,
           FU |-> 2 ],
         [ ind |-> 4486,
           addr |-> "0x10586",
           COM |-> 0,
           IFacq |-> 11,
           IFrel |-> 12,
           IDacq |-> 12,
           IDrel |-> 13,
           FUacq |-> 0,
           FUrel |-> 0,
           ROB |-> 12,
           RS |-> 12,
           FU |-> 0 ],
         [ ind |-> 4487,
           addr |-> "0x1058a",
           COM |-> 0,
           IFacq |-> 11,
           IFrel |-> 12,
           IDacq |-> 12,
           IDrel |-> 13,
           FUacq |-> 0,
           FUrel |-> 0,
           ROB |-> 12,
           RS |-> 12,
           FU |-> 0 ],
         [ ind |-> 4488,
           addr |-> "0x1058e",
           COM |-> 0,
           IFacq |-> 12,
           IFrel |-> 13,
           IDacq |-> 13,
           IDrel |-> 14,
           FUacq |-> 0,
           FUrel |-> 0,
           ROB |-> 13,
           RS |-> 13,
           FU |-> 0 ],
         [ ind |-> 4489,
           addr |-> "0x10608",
           COM |-> 0,
           IFacq |-> 12,
           IFrel |-> 13,
           IDacq |-> 13,
           IDrel |-> 14,
           FUacq |-> 0,
           FUrel |-> 0,
           ROB |-> 13,
           RS |-> 13,
           FU |-> 0 ],
         [ ind |-> 4490,
           addr |-> "0x1060c",
           COM |-> 0,
           IFacq |-> 13,
           IFrel |-> 14,
           IDacq |-> 0,
           IDrel |-> 0,
           FUacq |-> 0,
           FUrel |-> 0,
           ROB |-> 0,
           RS |-> 0,
           FU |-> 0 ],
         [ ind |-> 4491,
           addr |-> "0x10610",
           COM |-> 0,
           IFacq |-> 13,
           IFrel |-> 14,
           IDacq |-> 0,
           IDrel |-> 0,
           FUacq |-> 0,
           FUrel |-> 0,
           ROB |-> 0,
           RS |-> 0,
           FU |-> 0 ] >>,
  edges |->
      { [type |-> "D", source |-> 4466, dest |-> 4468],
        [type |-> "D", source |-> 4474, dest |-> 4475],
        [type |-> "D", source |-> 4480, dest |-> 4481] } ]
/\ currCycle2 = 14
/\ _IF2 = << [ instr |->
         [ ind |-> 4488,
           type |-> "IntAlu",
           r0 |-> "",
           r1 |-> "",
           r2 |-> "",
           addr |-> "0x1058e" ],
     baseLat |-> 1,
     currLat |-> 3 ],
   [ instr |->
         [ ind |-> 4489,
           type |-> "IntAlu",
           r0 |-> "a5",
           r1 |-> "",
           r2 |-> "",
           addr |-> "0x10608" ],
     baseLat |-> 1,
     currLat |-> 3 ] >>
/\ lastBound = 0
/\ graph2 = [ nodes |->
      << [ ind |-> 4466,
           addr |-> "0x10552",
           COM |-> 4,
           IFacq |-> 1,
           IFrel |-> 2,
           IDacq |-> 2,
           IDrel |-> 3,
           FUacq |-> 3,
           FUrel |-> 4,
           ROB |-> 2,
           RS |-> 2,
           FU |-> 1 ],
         [ ind |-> 4467,
           addr |-> "0x10554",
           COM |-> 4,
           IFacq |-> 1,
           IFrel |-> 2,
           IDacq |-> 2,
           IDrel |-> 3,
           FUacq |-> 3,
           FUrel |-> 4,
           ROB |-> 2,
           RS |-> 2,
           FU |-> 2 ],
         [ ind |-> 4468,
           addr |-> "0x10556",
           COM |-> 5,
           IFacq |-> 2,
           IFrel |-> 3,
           IDacq |-> 3,
           IDrel |-> 4,
           FUacq |-> 4,
           FUrel |-> 5,
           ROB |-> 3,
           RS |-> 3,
           FU |-> 1 ],
         [ ind |-> 4469,
           addr |-> "0x10558",
           COM |-> 6,
           IFacq |-> 2,
           IFrel |-> 3,
           IDacq |-> 3,
           IDrel |-> 4,
           FUacq |-> 5,
           FUrel |-> 6,
           ROB |-> 3,
           RS |-> 3,
           FU |-> 1 ],
         [ ind |-> 4470,
           addr |-> "0x1055a",
           COM |-> 6,
           IFacq |-> 3,
           IFrel |-> 4,
           IDacq |-> 4,
           IDrel |-> 5,
           FUacq |-> 5,
           FUrel |-> 6,
           ROB |-> 4,
           RS |-> 4,
           FU |-> 2 ],
         [ ind |-> 4471,
           addr |-> "0x1055e",
           COM |-> 7,
           IFacq |-> 3,
           IFrel |-> 4,
           IDacq |-> 4,
           IDrel |-> 5,
           FUacq |-> 6,
           FUrel |-> 7,
           ROB |-> 4,
           RS |-> 4,
           FU |-> 1 ],
         [ ind |-> 4472,
           addr |-> "0x10562",
           COM |-> 7,
           IFacq |-> 4,
           IFrel |-> 5,
           IDacq |-> 5,
           IDrel |-> 6,
           FUacq |-> 6,
           FUrel |-> 7,
           ROB |-> 5,
           RS |-> 5,
           FU |-> 2 ],
         [ ind |-> 4473,
           addr |-> "0x10566",
           COM |-> 8,
           IFacq |-> 4,
           IFrel |-> 5,
           IDacq |-> 5,
           IDrel |-> 6,
           FUacq |-> 7,
           FUrel |-> 8,
           ROB |-> 5,
           RS |-> 5,
           FU |-> 1 ],
         [ ind |-> 4474,
           addr |-> "0x10688",
           COM |-> 0,
           IFacq |-> 5,
           IFrel |-> 6,
           IDacq |-> 6,
           IDrel |-> 7,
           FUacq |-> 7,
           FUrel |-> 0,
           ROB |-> 6,
           RS |-> 6,
           FU |-> 2 ],
         [ ind |-> 4475,
           addr |-> "0x1068c",
           COM |-> 0,
           IFacq |-> 5,
           IFrel |-> 6,
           IDacq |-> 6,
           IDrel |-> 7,
           FUacq |-> 0,
           FUrel |-> 0,
           ROB |-> 6,
           RS |-> 6,
           FU |-> 0 ],
         [ ind |-> 4476,
           addr |-> "0x10690",
           COM |-> 0,
           IFacq |-> 6,
           IFrel |-> 7,
           IDacq |-> 7,
           IDrel |-> 8,
           FUacq |-> 8,
           FUrel |-> 9,
           ROB |-> 7,
           RS |-> 7,
           FU |-> 1 ],
         [ ind |-> 4477,
           addr |-> "0x10692",
           COM |-> 0,
           IFacq |-> 6,
           IFrel |-> 7,
           IDacq |-> 7,
           IDrel |-> 8,
           FUacq |-> 0,
           FUrel |-> 0,
           ROB |-> 7,
           RS |-> 7,
           FU |-> 0 ],
         [ ind |-> 4478,
           addr |-> "0x10568",
           COM |-> 0,
           IFacq |-> 7,
           IFrel |-> 8,
           IDacq |-> 8,
           IDrel |-> 9,
           FUacq |-> 9,
           FUrel |-> 10,
           ROB |-> 8,
           RS |-> 8,
           FU |-> 1 ],
         [ ind |-> 4479,
           addr |-> "0x1056c",
           COM |-> 0,
           IFacq |-> 7,
           IFrel |-> 8,
           IDacq |-> 8,
           IDrel |-> 9,
           FUacq |-> 0,
           FUrel |-> 0,
           ROB |-> 8,
           RS |-> 8,
           FU |-> 0 ],
         [ ind |-> 4480,
           addr |-> "0x10570",
           COM |-> 0,
           IFacq |-> 8,
           IFrel |-> 9,
           IDacq |-> 9,
           IDrel |-> 10,
           FUacq |-> 10,
           FUrel |-> 11,
           ROB |-> 9,
           RS |-> 9,
           FU |-> 1 ],
         [ ind |-> 4481,
           addr |-> "0x10572",
           COM |-> 0,
           IFacq |-> 8,
           IFrel |-> 9,
           IDacq |-> 9,
           IDrel |-> 10,
           FUacq |-> 0,
           FUrel |-> 0,
           ROB |-> 9,
           RS |-> 9,
           FU |-> 0 ],
         [ ind |-> 4482,
           addr |-> "0x10576",
           COM |-> 0,
           IFacq |-> 9,
           IFrel |-> 10,
           IDacq |-> 10,
           IDrel |-> 11,
           FUacq |-> 11,
           FUrel |-> 12,
           ROB |-> 10,
           RS |-> 10,
           FU |-> 1 ],
         [ ind |-> 4483,
           addr |-> "0x1057a",
           COM |-> 0,
           IFacq |-> 9,
           IFrel |-> 10,
           IDacq |-> 10,
           IDrel |-> 11,
           FUacq |-> 0,
           FUrel |-> 0,
           ROB |-> 10,
           RS |-> 10,
           FU |-> 0 ],
         [ ind |-> 4484,
           addr |-> "0x1057e",
           COM |-> 0,
           IFacq |-> 10,
           IFrel |-> 11,
           IDacq |-> 11,
           IDrel |-> 12,
           FUacq |-> 0,
           FUrel |-> 0,
           ROB |-> 11,
           RS |-> 11,
           FU |-> 0 ],
         [ ind |-> 4485,
           addr |-> "0x10582",
           COM |-> 0,
           IFacq |-> 10,
           IFrel |-> 11,
           IDacq |-> 11,
           IDrel |-> 12,
           FUacq |-> 0,
           FUrel |-> 0,
           ROB |-> 11,
           RS |-> 11,
           FU |-> 0 ],
         [ ind |-> 4486,
           addr |-> "0x10586",
           COM |-> 0,
           IFacq |-> 11,
           IFrel |-> 12,
           IDacq |-> 12,
           IDrel |-> 0,
           FUacq |-> 0,
           FUrel |-> 0,
           ROB |-> 0,
           RS |-> 13,
           FU |-> 0 ],
         [ ind |-> 4487,
           addr |-> "0x1058a",
           COM |-> 0,
           IFacq |-> 11,
           IFrel |-> 12,
           IDacq |-> 12,
           IDrel |-> 0,
           FUacq |-> 0,
           FUrel |-> 0,
           ROB |-> 0,
           RS |-> 13,
           FU |-> 0 ],
         [ ind |-> 4488,
           addr |-> "0x1058e",
           COM |-> 0,
           IFacq |-> 12,
           IFrel |-> 13,
           IDacq |-> 0,
           IDrel |-> 0,
           FUacq |-> 0,
           FUrel |-> 0,
           ROB |-> 0,
           RS |-> 0,
           FU |-> 0 ],
         [ ind |-> 4489,
           addr |-> "0x10608",
           COM |-> 0,
           IFacq |-> 12,
           IFrel |-> 13,
           IDacq |-> 0,
           IDrel |-> 0,
           FUacq |-> 0,
           FUrel |-> 0,
           ROB |-> 0,
           RS |-> 0,
           FU |-> 0 ] >>,
  edges |-> {[type |-> "D", source |-> 4466, dest |-> 4468]} ]
/\ pc2 = 24
/\ robHead = 16
/\ rob = << [ instr |->
         [ ind |-> 4466,
           type |-> "IntAlu",
           r0 |-> "sp",
           r1 |-> "",
           r2 |-> "",
           addr |-> "0x10552" ],
     done |-> TRUE,
     executed |-> TRUE ],
   [ instr |->
         [ ind |-> 4467,
           type |-> "MemWrite",
           r0 |-> "s0",
           r1 |-> "",
           r2 |-> "",
           addr |-> "0x10554" ],
     done |-> TRUE,
     executed |-> TRUE ],
   [ instr |->
         [ ind |-> 4468,
           type |-> "IntAlu",
           r0 |-> "s0",
           r1 |-> "sp",
           r2 |-> "",
           addr |-> "0x10556" ],
     done |-> TRUE,
     executed |-> TRUE ],
   [ instr |->
         [ ind |-> 4469,
           type |-> "IntAlu",
           r0 |-> "a5",
           r1 |-> "",
           r2 |-> "",
           addr |-> "0x10558" ],
     done |-> TRUE,
     executed |-> TRUE ],
   [ instr |->
         [ ind |-> 4470,
           type |-> "MemWrite",
           r0 |-> "a5",
           r1 |-> "",
           r2 |-> "",
           addr |-> "0x1055a" ],
     done |-> TRUE,
     executed |-> TRUE ],
   [ instr |->
         [ ind |-> 4471,
           type |-> "IntAlu",
           r0 |-> "a5",
           r1 |-> "",
           r2 |-> "",
           addr |-> "0x1055e" ],
     done |-> TRUE,
     executed |-> TRUE ],
   [ instr |->
         [ ind |-> 4472,
           type |-> "MemWrite",
           r0 |-> "zero",
           r1 |-> "",
           r2 |-> "",
           addr |-> "0x10562" ],
     done |-> TRUE,
     executed |-> TRUE ],
   [ instr |->
         [ ind |-> 4473,
           type |-> "IntAlu",
           r0 |-> "",
           r1 |-> "",
           r2 |-> "",
           addr |-> "0x10566" ],
     done |-> TRUE,
     executed |-> TRUE ],
   [ instr |->
         [ ind |-> 4474,
           type |-> "MemRead",
           r0 |-> "a5",
           r1 |-> "",
           r2 |-> "",
           addr |-> "0x10688" ],
     done |-> TRUE,
     executed |-> TRUE ],
   [ instr |->
         [ ind |-> 4475,
           type |-> "IntAlu",
           r0 |-> "a4",
           r1 |-> "a5",
           r2 |-> "",
           addr |-> "0x1068c" ],
     done |-> TRUE,
     executed |-> TRUE ],
   [ instr |->
         [ ind |-> 4476,
           type |-> "IntAlu",
           r0 |-> "a5",
           r1 |-> "",
           r2 |-> "",
           addr |-> "0x10690" ],
     done |-> TRUE,
     executed |-> TRUE ],
   [ instr |->
         [ ind |-> 4477,
           type |-> "IntAlu",
           r0 |-> "a5",
           r1 |-> "a4",
           r2 |-> "",
           addr |-> "0x10692" ],
     done |-> TRUE,
     executed |-> TRUE ],
   [ instr |->
         [ ind |-> 4478,
           type |-> "IntAlu",
           r0 |-> "a5",
           r1 |-> "",
           r2 |-> "",
           addr |-> "0x10568" ],
     done |-> TRUE,
     executed |-> TRUE ],
   [ instr |->
         [ ind |-> 4479,
           type |-> "MemRead",
           r0 |-> "a5",
           r1 |-> "",
           r2 |-> "",
           addr |-> "0x1056c" ],
     done |-> TRUE,
     executed |-> TRUE ],
   [ instr |->
         [ ind |-> 4480,
           type |-> "IntAlu",
           r0 |-> "a5",
           r1 |-> "",
           r2 |-> "",
           addr |-> "0x10570" ],
     done |-> TRUE,
     executed |-> TRUE ],
   [ instr |->
         [ ind |-> 4481,
           type |-> "IntAlu",
           r0 |-> "a4",
           r1 |-> "a5",
           r2 |-> "",
           addr |-> "0x10572" ],
     done |-> FALSE,
     executed |-> TRUE ],
   [ instr |->
         [ ind |-> 4482,
           type |-> "IntAlu",
           r0 |-> "a5",
           r1 |-> "",
           r2 |-> "",
           addr |-> "0x10576" ],
     done |-> FALSE,
     executed |-> FALSE ],
   [ instr |->
         [ ind |-> 4483,
           type |-> "MemWrite",
           r0 |-> "a4",
           r1 |-> "",
           r2 |-> "",
           addr |-> "0x1057a" ],
     done |-> FALSE,
     executed |-> TRUE ],
   [ instr |->
         [ ind |-> 4484,
           type |-> "MemRead",
           r0 |-> "a5",
           r1 |-> "",
           r2 |-> "",
           addr |-> "0x1057e" ],
     done |-> FALSE,
     executed |-> TRUE ],
   [ instr |->
         [ ind |-> 4485,
           type |-> "MemWrite",
           r0 |-> "a5",
           r1 |-> "",
           r2 |-> "",
           addr |-> "0x10582" ],
     done |-> FALSE,
     executed |-> TRUE ],
   [ instr |->
         [ ind |-> 4486,
           type |-> "IntAlu",
           r0 |-> "a5",
           r1 |-> "",
           r2 |-> "",
           addr |-> "0x10586" ],
     done |-> FALSE,
     executed |-> FALSE ],
   [ instr |->
         [ ind |-> 4487,
           type |-> "MemWrite",
           r0 |-> "zero",
           r1 |-> "",
           r2 |-> "",
           addr |-> "0x1058a" ],
     done |-> FALSE,
     executed |-> FALSE ],
   [ instr |->
         [ ind |-> 4488,
           type |-> "IntAlu",
           r0 |-> "",
           r1 |-> "",
           r2 |-> "",
           addr |-> "0x1058e" ],
     done |-> FALSE,
     executed |-> FALSE ],
   [ instr |->
         [ ind |-> 4489,
           type |-> "IntAlu",
           r0 |-> "a5",
           r1 |-> "",
           r2 |-> "",
           addr |-> "0x10608" ],
     done |-> FALSE,
     executed |-> FALSE ] >>
/\ _RS = << { [ ind |-> 4486,
       type |-> "IntAlu",
       r0 |-> "a5",
       r1 |-> "",
       r2 |-> "",
       addr |-> "0x10586" ],
     [ ind |-> 4488,
       type |-> "IntAlu",
       r0 |-> "",
       r1 |-> "",
       r2 |-> "",
       addr |-> "0x1058e" ],
     [ ind |-> 4489,
       type |-> "IntAlu",
       r0 |-> "a5",
       r1 |-> "",
       r2 |-> "",
       addr |-> "0x10608" ] },
   {},
   {},
   {} >>
/\ currCycle = 14
/\ exec_inst = 1
/\ robHead2 = 9
/\ pc = 28
/\ rob2 = << [ instr |->
         [ ind |-> 4466,
           type |-> "IntAlu",
           r0 |-> "sp",
           r1 |-> "",
           r2 |-> "",
           addr |-> "0x10552" ],
     done |-> TRUE,
     executed |-> TRUE ],
   [ instr |->
         [ ind |-> 4467,
           type |-> "MemWrite",
           r0 |-> "s0",
           r1 |-> "",
           r2 |-> "",
           addr |-> "0x10554" ],
     done |-> TRUE,
     executed |-> TRUE ],
   [ instr |->
         [ ind |-> 4468,
           type |-> "IntAlu",
           r0 |-> "s0",
           r1 |-> "sp",
           r2 |-> "",
           addr |-> "0x10556" ],
     done |-> TRUE,
     executed |-> TRUE ],
   [ instr |->
         [ ind |-> 4469,
           type |-> "IntAlu",
           r0 |-> "a5",
           r1 |-> "",
           r2 |-> "",
           addr |-> "0x10558" ],
     done |-> TRUE,
     executed |-> TRUE ],
   [ instr |->
         [ ind |-> 4470,
           type |-> "MemWrite",
           r0 |-> "a5",
           r1 |-> "",
           r2 |-> "",
           addr |-> "0x1055a" ],
     done |-> TRUE,
     executed |-> TRUE ],
   [ instr |->
         [ ind |-> 4471,
           type |-> "IntAlu",
           r0 |-> "a5",
           r1 |-> "",
           r2 |-> "",
           addr |-> "0x1055e" ],
     done |-> TRUE,
     executed |-> TRUE ],
   [ instr |->
         [ ind |-> 4472,
           type |-> "MemWrite",
           r0 |-> "zero",
           r1 |-> "",
           r2 |-> "",
           addr |-> "0x10562" ],
     done |-> TRUE,
     executed |-> TRUE ],
   [ instr |->
         [ ind |-> 4473,
           type |-> "IntAlu",
           r0 |-> "",
           r1 |-> "",
           r2 |-> "",
           addr |-> "0x10566" ],
     done |-> TRUE,
     executed |-> TRUE ],
   [ instr |->
         [ ind |-> 4474,
           type |-> "MemRead",
           r0 |-> "a5",
           r1 |-> "",
           r2 |-> "",
           addr |-> "0x10688" ],
     done |-> FALSE,
     executed |-> FALSE ],
   [ instr |->
         [ ind |-> 4475,
           type |-> "IntAlu",
           r0 |-> "a4",
           r1 |-> "a5",
           r2 |-> "",
           addr |-> "0x1068c" ],
     done |-> FALSE,
     executed |-> FALSE ],
   [ instr |->
         [ ind |-> 4476,
           type |-> "IntAlu",
           r0 |-> "a5",
           r1 |-> "",
           r2 |-> "",
           addr |-> "0x10690" ],
     done |-> FALSE,
     executed |-> TRUE ],
   [ instr |->
         [ ind |-> 4477,
           type |-> "IntAlu",
           r0 |-> "a5",
           r1 |-> "a4",
           r2 |-> "",
           addr |-> "0x10692" ],
     done |-> FALSE,
     executed |-> FALSE ],
   [ instr |->
         [ ind |-> 4478,
           type |-> "IntAlu",
           r0 |-> "a5",
           r1 |-> "",
           r2 |-> "",
           addr |-> "0x10568" ],
     done |-> FALSE,
     executed |-> TRUE ],
   [ instr |->
         [ ind |-> 4479,
           type |-> "MemRead",
           r0 |-> "a5",
           r1 |-> "",
           r2 |-> "",
           addr |-> "0x1056c" ],
     done |-> FALSE,
     executed |-> FALSE ],
   [ instr |->
         [ ind |-> 4480,
           type |-> "IntAlu",
           r0 |-> "a5",
           r1 |-> "",
           r2 |-> "",
           addr |-> "0x10570" ],
     done |-> FALSE,
     executed |-> TRUE ],
   [ instr |->
         [ ind |-> 4481,
           type |-> "IntAlu",
           r0 |-> "a4",
           r1 |-> "a5",
           r2 |-> "",
           addr |-> "0x10572" ],
     done |-> FALSE,
     executed |-> FALSE ],
   [ instr |->
         [ ind |-> 4482,
           type |-> "IntAlu",
           r0 |-> "a5",
           r1 |-> "",
           r2 |-> "",
           addr |-> "0x10576" ],
     done |-> FALSE,
     executed |-> TRUE ],
   [ instr |->
         [ ind |-> 4483,
           type |-> "MemWrite",
           r0 |-> "a4",
           r1 |-> "",
           r2 |-> "",
           addr |-> "0x1057a" ],
     done |-> FALSE,
     executed |-> FALSE ],
   [ instr |->
         [ ind |-> 4484,
           type |-> "MemRead",
           r0 |-> "a5",
           r1 |-> "",
           r2 |-> "",
           addr |-> "0x1057e" ],
     done |-> FALSE,
     executed |-> FALSE ],
   [ instr |->
         [ ind |-> 4485,
           type |-> "MemWrite",
           r0 |-> "a5",
           r1 |-> "",
           r2 |-> "",
           addr |-> "0x10582" ],
     done |-> FALSE,
     executed |-> FALSE ] >>
/\ _FU = << [ instr |->
         [ ind |-> 4482,
           type |-> "IntAlu",
           r0 |-> "a5",
           r1 |-> "",
           r2 |-> "",
           addr |-> "0x10576" ],
     baseLat |-> 1,
     currLat |-> 1 ],
   [ instr |->
         [ ind |-> 4487,
           type |-> "MemWrite",
           r0 |-> "zero",
           r1 |-> "",
           r2 |-> "",
           addr |-> "0x1058a" ],
     baseLat |-> 1,
     currLat |-> 1 ],
   [ instr |->
         [ ind |-> 0,
           type |-> "No_OpClass",
           r0 |-> "",
           r1 |-> "",
           r2 |-> "",
           addr |-> "" ],
     baseLat |-> 1,
     currLat |-> 1 ],
   [ instr |->
         [ ind |-> 0,
           type |-> "No_OpClass",
           r0 |-> "",
           r1 |-> "",
           r2 |-> "",
           addr |-> "" ],
     baseLat |-> 1,
     currLat |-> 1 ] >>

@!@!@ENDMSG 2217 @!@!@
@!@!@STARTMSG 2217:4 @!@!@
16: <Next line 63, col 9 to line 67, col 64 of module pipeline_ooo>
/\ _RS2 = << { [ ind |-> 4475,
       type |-> "IntAlu",
       r0 |-> "a4",
       r1 |-> "a5",
       r2 |-> "",
       addr |-> "0x1068c" ],
     [ ind |-> 4477,
       type |-> "IntAlu",
       r0 |-> "a5",
       r1 |-> "a4",
       r2 |-> "",
       addr |-> "0x10692" ],
     [ ind |-> 4481,
       type |-> "IntAlu",
       r0 |-> "a4",
       r1 |-> "a5",
       r2 |-> "",
       addr |-> "0x10572" ] },
   { [ ind |-> 4479,
       type |-> "MemRead",
       r0 |-> "a5",
       r1 |-> "",
       r2 |-> "",
       addr |-> "0x1056c" ],
     [ ind |-> 4483,
       type |-> "MemWrite",
       r0 |-> "a4",
       r1 |-> "",
       r2 |-> "",
       addr |-> "0x1057a" ],
     [ ind |-> 4484,
       type |-> "MemRead",
       r0 |-> "a5",
       r1 |-> "",
       r2 |-> "",
       addr |-> "0x1057e" ],
     [ ind |-> 4485,
       type |-> "MemWrite",
       r0 |-> "a5",
       r1 |-> "",
       r2 |-> "",
       addr |-> "0x10582" ] },
   {},
   {} >>
/\ _COM2 = << [ ind |-> 0,
     type |-> "No_OpClass",
     r0 |-> "",
     r1 |-> "",
     r2 |-> "",
     addr |-> "" ],
   [ ind |-> 0,
     type |-> "No_OpClass",
     r0 |-> "",
     r1 |-> "",
     r2 |-> "",
     addr |-> "" ] >>
/\ _ID = << [ ind |-> 4492,
     type |-> "IntAlu",
     r0 |-> "a5",
     r1 |-> "",
     r2 |-> "",
     addr |-> "0x10614" ],
   [ ind |-> 4493,
     type |-> "IntAlu",
     r0 |-> "a5",
     r1 |-> "a4",
     r2 |-> "",
     addr |-> "0x10616" ] >>
/\ _IF = << [ instr |->
         [ ind |-> 4494,
           type |-> "MemRead",
           r0 |-> "a3",
           r1 |-> "",
           r2 |-> "",
           addr |-> "0x10618" ],
     baseLat |-> 1,
     currLat |-> 1 ],
   [ instr |->
         [ ind |-> 4495,
           type |-> "MemRead",
           r0 |-> "a5",
           r1 |-> "",
           r2 |-> "",
           addr |-> "0x1061a" ],
     baseLat |-> 1,
     currLat |-> 1 ] >>
/\ _FU2 = << [ instr |->
         [ ind |-> 0,
           type |-> "No_OpClass",
           r0 |-> "",
           r1 |-> "",
           r2 |-> "",
           addr |-> "" ],
     baseLat |-> 1,
     currLat |-> 1 ],
   [ instr |->
         [ ind |-> 4474,
           type |-> "MemRead",
           r0 |-> "a5",
           r1 |-> "",
           r2 |-> "",
           addr |-> "0x10688" ],
     baseLat |-> 10,
     currLat |-> 9 ],
   [ instr |->
         [ ind |-> 0,
           type |-> "No_OpClass",
           r0 |-> "",
           r1 |-> "",
           r2 |-> "",
           addr |-> "" ],
     baseLat |-> 1,
     currLat |-> 1 ],
   [ instr |->
         [ ind |-> 0,
           type |-> "No_OpClass",
           r0 |-> "",
           r1 |-> "",
           r2 |-> "",
           addr |-> "" ],
     baseLat |-> 1,
     currLat |-> 1 ] >>
/\ _COM = << [ ind |-> 4482,
     type |-> "IntAlu",
     r0 |-> "a5",
     r1 |-> "",
     r2 |-> "",
     addr |-> "0x10576" ],
   [ ind |-> 4483,
     type |-> "MemWrite",
     r0 |-> "a4",
     r1 |-> "",
     r2 |-> "",
     addr |-> "0x1057a" ] >>
/\ exec_inst2 = 2
/\ _ID2 = << [ ind |-> 4486,
     type |-> "IntAlu",
     r0 |-> "a5",
     r1 |-> "",
     r2 |-> "",
     addr |-> "0x10586" ],
   [ ind |-> 4487,
     type |-> "MemWrite",
     r0 |-> "zero",
     r1 |-> "",
     r2 |-> "",
     addr |-> "0x1058a" ] >>
/\ graph = [ nodes |->
      << [ ind |-> 4466,
           addr |-> "0x10552",
           COM |-> 4,
           IFacq |-> 1,
           IFrel |-> 2,
           IDacq |-> 2,
           IDrel |-> 3,
           FUacq |-> 3,
           FUrel |-> 4,
           ROB |-> 2,
           RS |-> 2,
           FU |-> 1 ],
         [ ind |-> 4467,
           addr |-> "0x10554",
           COM |-> 4,
           IFacq |-> 1,
           IFrel |-> 2,
           IDacq |-> 2,
           IDrel |-> 3,
           FUacq |-> 3,
           FUrel |-> 4,
           ROB |-> 2,
           RS |-> 2,
           FU |-> 2 ],
         [ ind |-> 4468,
           addr |-> "0x10556",
           COM |-> 5,
           IFacq |-> 2,
           IFrel |-> 3,
           IDacq |-> 3,
           IDrel |-> 4,
           FUacq |-> 4,
           FUrel |-> 5,
           ROB |-> 3,
           RS |-> 3,
           FU |-> 1 ],
         [ ind |-> 4469,
           addr |-> "0x10558",
           COM |-> 6,
           IFacq |-> 2,
           IFrel |-> 3,
           IDacq |-> 3,
           IDrel |-> 4,
           FUacq |-> 5,
           FUrel |-> 6,
           ROB |-> 3,
           RS |-> 3,
           FU |-> 1 ],
         [ ind |-> 4470,
           addr |-> "0x1055a",
           COM |-> 6,
           IFacq |-> 3,
           IFrel |-> 4,
           IDacq |-> 4,
           IDrel |-> 5,
           FUacq |-> 5,
           FUrel |-> 6,
           ROB |-> 4,
           RS |-> 4,
           FU |-> 2 ],
         [ ind |-> 4471,
           addr |-> "0x1055e",
           COM |-> 7,
           IFacq |-> 3,
           IFrel |-> 4,
           IDacq |-> 4,
           IDrel |-> 5,
           FUacq |-> 6,
           FUrel |-> 7,
           ROB |-> 4,
           RS |-> 4,
           FU |-> 1 ],
         [ ind |-> 4472,
           addr |-> "0x10562",
           COM |-> 7,
           IFacq |-> 4,
           IFrel |-> 5,
           IDacq |-> 5,
           IDrel |-> 6,
           FUacq |-> 6,
           FUrel |-> 7,
           ROB |-> 5,
           RS |-> 5,
           FU |-> 2 ],
         [ ind |-> 4473,
           addr |-> "0x10566",
           COM |-> 8,
           IFacq |-> 4,
           IFrel |-> 5,
           IDacq |-> 5,
           IDrel |-> 6,
           FUacq |-> 7,
           FUrel |-> 8,
           ROB |-> 5,
           RS |-> 5,
           FU |-> 1 ],
         [ ind |-> 4474,
           addr |-> "0x10688",
           COM |-> 8,
           IFacq |-> 5,
           IFrel |-> 6,
           IDacq |-> 6,
           IDrel |-> 7,
           FUacq |-> 7,
           FUrel |-> 8,
           ROB |-> 6,
           RS |-> 6,
           FU |-> 2 ],
         [ ind |-> 4475,
           addr |-> "0x1068c",
           COM |-> 9,
           IFacq |-> 5,
           IFrel |-> 6,
           IDacq |-> 6,
           IDrel |-> 7,
           FUacq |-> 8,
           FUrel |-> 9,
           ROB |-> 6,
           RS |-> 6,
           FU |-> 1 ],
         [ ind |-> 4476,
           addr |-> "0x10690",
           COM |-> 10,
           IFacq |-> 6,
           IFrel |-> 7,
           IDacq |-> 7,
           IDrel |-> 8,
           FUacq |-> 9,
           FUrel |-> 10,
           ROB |-> 7,
           RS |-> 7,
           FU |-> 1 ],
         [ ind |-> 4477,
           addr |-> "0x10692",
           COM |-> 11,
           IFacq |-> 6,
           IFrel |-> 7,
           IDacq |-> 7,
           IDrel |-> 8,
           FUacq |-> 10,
           FUrel |-> 11,
           ROB |-> 7,
           RS |-> 7,
           FU |-> 1 ],
         [ ind |-> 4478,
           addr |-> "0x10568",
           COM |-> 12,
           IFacq |-> 7,
           IFrel |-> 8,
           IDacq |-> 8,
           IDrel |-> 9,
           FUacq |-> 11,
           FUrel |-> 12,
           ROB |-> 8,
           RS |-> 8,
           FU |-> 1 ],
         [ ind |-> 4479,
           addr |-> "0x1056c",
           COM |-> 12,
           IFacq |-> 7,
           IFrel |-> 8,
           IDacq |-> 8,
           IDrel |-> 9,
           FUacq |-> 9,
           FUrel |-> 10,
           ROB |-> 8,
           RS |-> 8,
           FU |-> 2 ],
         [ ind |-> 4480,
           addr |-> "0x10570",
           COM |-> 13,
           IFacq |-> 8,
           IFrel |-> 9,
           IDacq |-> 9,
           IDrel |-> 10,
           FUacq |-> 12,
           FUrel |-> 13,
           ROB |-> 9,
           RS |-> 9,
           FU |-> 1 ],
         [ ind |-> 4481,
           addr |-> "0x10572",
           COM |-> 14,
           IFacq |-> 8,
           IFrel |-> 9,
           IDacq |-> 9,
           IDrel |-> 10,
           FUacq |-> 13,
           FUrel |-> 14,
           ROB |-> 9,
           RS |-> 9,
           FU |-> 1 ],
         [ ind |-> 4482,
           addr |-> "0x10576",
           COM |-> 0,
           IFacq |-> 9,
           IFrel |-> 10,
           IDacq |-> 10,
           IDrel |-> 11,
           FUacq |-> 14,
           FUrel |-> 15,
           ROB |-> 10,
           RS |-> 10,
           FU |-> 1 ],
         [ ind |-> 4483,
           addr |-> "0x1057a",
           COM |-> 0,
           IFacq |-> 9,
           IFrel |-> 10,
           IDacq |-> 10,
           IDrel |-> 11,
           FUacq |-> 11,
           FUrel |-> 12,
           ROB |-> 10,
           RS |-> 10,
           FU |-> 2 ],
         [ ind |-> 4484,
           addr |-> "0x1057e",
           COM |-> 0,
           IFacq |-> 10,
           IFrel |-> 11,
           IDacq |-> 11,
           IDrel |-> 12,
           FUacq |-> 12,
           FUrel |-> 13,
           ROB |-> 11,
           RS |-> 11,
           FU |-> 2 ],
         [ ind |-> 4485,
           addr |-> "0x10582",
           COM |-> 0,
           IFacq |-> 10,
           IFrel |-> 11,
           IDacq |-> 11,
           IDrel |-> 12,
           FUacq |-> 13,
           FUrel |-> 14,
           ROB |-> 11,
           RS |-> 11,
           FU |-> 2 ],
         [ ind |-> 4486,
           addr |-> "0x10586",
           COM |-> 0,
           IFacq |-> 11,
           IFrel |-> 12,
           IDacq |-> 12,
           IDrel |-> 13,
           FUacq |-> 0,
           FUrel |-> 0,
           ROB |-> 12,
           RS |-> 12,
           FU |-> 0 ],
         [ ind |-> 4487,
           addr |-> "0x1058a",
           COM |-> 0,
           IFacq |-> 11,
           IFrel |-> 12,
           IDacq |-> 12,
           IDrel |-> 13,
           FUacq |-> 14,
           FUrel |-> 15,
           ROB |-> 12,
           RS |-> 12,
           FU |-> 2 ],
         [ ind |-> 4488,
           addr |-> "0x1058e",
           COM |-> 0,
           IFacq |-> 12,
           IFrel |-> 13,
           IDacq |-> 13,
           IDrel |-> 14,
           FUacq |-> 0,
           FUrel |-> 0,
           ROB |-> 13,
           RS |-> 13,
           FU |-> 0 ],
         [ ind |-> 4489,
           addr |-> "0x10608",
           COM |-> 0,
           IFacq |-> 12,
           IFrel |-> 13,
           IDacq |-> 13,
           IDrel |-> 14,
           FUacq |-> 0,
           FUrel |-> 0,
           ROB |-> 13,
           RS |-> 13,
           FU |-> 0 ],
         [ ind |-> 4490,
           addr |-> "0x1060c",
           COM |-> 0,
           IFacq |-> 13,
           IFrel |-> 14,
           IDacq |-> 14,
           IDrel |-> 15,
           FUacq |-> 0,
           FUrel |-> 0,
           ROB |-> 14,
           RS |-> 14,
           FU |-> 0 ],
         [ ind |-> 4491,
           addr |-> "0x10610",
           COM |-> 0,
           IFacq |-> 13,
           IFrel |-> 14,
           IDacq |-> 14,
           IDrel |-> 15,
           FUacq |-> 0,
           FUrel |-> 0,
           ROB |-> 14,
           RS |-> 14,
           FU |-> 0 ],
         [ ind |-> 4492,
           addr |-> "0x10614",
           COM |-> 0,
           IFacq |-> 14,
           IFrel |-> 15,
           IDacq |-> 0,
           IDrel |-> 0,
           FUacq |-> 0,
           FUrel |-> 0,
           ROB |-> 0,
           RS |-> 0,
           FU |-> 0 ],
         [ ind |-> 4493,
           addr |-> "0x10616",
           COM |-> 0,
           IFacq |-> 14,
           IFrel |-> 15,
           IDacq |-> 0,
           IDrel |-> 0,
           FUacq |-> 0,
           FUrel |-> 0,
           ROB |-> 0,
           RS |-> 0,
           FU |-> 0 ] >>,
  edges |->
      { [type |-> "D", source |-> 4466, dest |-> 4468],
        [type |-> "D", source |-> 4474, dest |-> 4475],
        [type |-> "D", source |-> 4480, dest |-> 4481] } ]
/\ currCycle2 = 15
/\ _IF2 = << [ instr |->
         [ ind |-> 4488,
           type |-> "IntAlu",
           r0 |-> "",
           r1 |-> "",
           r2 |-> "",
           addr |-> "0x1058e" ],
     baseLat |-> 1,
     currLat |-> 4 ],
   [ instr |->
         [ ind |-> 4489,
           type |-> "IntAlu",
           r0 |-> "a5",
           r1 |-> "",
           r2 |-> "",
           addr |-> "0x10608" ],
     baseLat |-> 1,
     currLat |-> 4 ] >>
/\ lastBound = 0
/\ graph2 = [ nodes |->
      << [ ind |-> 4466,
           addr |-> "0x10552",
           COM |-> 4,
           IFacq |-> 1,
           IFrel |-> 2,
           IDacq |-> 2,
           IDrel |-> 3,
           FUacq |-> 3,
           FUrel |-> 4,
           ROB |-> 2,
           RS |-> 2,
           FU |-> 1 ],
         [ ind |-> 4467,
           addr |-> "0x10554",
           COM |-> 4,
           IFacq |-> 1,
           IFrel |-> 2,
           IDacq |-> 2,
           IDrel |-> 3,
           FUacq |-> 3,
           FUrel |-> 4,
           ROB |-> 2,
           RS |-> 2,
           FU |-> 2 ],
         [ ind |-> 4468,
           addr |-> "0x10556",
           COM |-> 5,
           IFacq |-> 2,
           IFrel |-> 3,
           IDacq |-> 3,
           IDrel |-> 4,
           FUacq |-> 4,
           FUrel |-> 5,
           ROB |-> 3,
           RS |-> 3,
           FU |-> 1 ],
         [ ind |-> 4469,
           addr |-> "0x10558",
           COM |-> 6,
           IFacq |-> 2,
           IFrel |-> 3,
           IDacq |-> 3,
           IDrel |-> 4,
           FUacq |-> 5,
           FUrel |-> 6,
           ROB |-> 3,
           RS |-> 3,
           FU |-> 1 ],
         [ ind |-> 4470,
           addr |-> "0x1055a",
           COM |-> 6,
           IFacq |-> 3,
           IFrel |-> 4,
           IDacq |-> 4,
           IDrel |-> 5,
           FUacq |-> 5,
           FUrel |-> 6,
           ROB |-> 4,
           RS |-> 4,
           FU |-> 2 ],
         [ ind |-> 4471,
           addr |-> "0x1055e",
           COM |-> 7,
           IFacq |-> 3,
           IFrel |-> 4,
           IDacq |-> 4,
           IDrel |-> 5,
           FUacq |-> 6,
           FUrel |-> 7,
           ROB |-> 4,
           RS |-> 4,
           FU |-> 1 ],
         [ ind |-> 4472,
           addr |-> "0x10562",
           COM |-> 7,
           IFacq |-> 4,
           IFrel |-> 5,
           IDacq |-> 5,
           IDrel |-> 6,
           FUacq |-> 6,
           FUrel |-> 7,
           ROB |-> 5,
           RS |-> 5,
           FU |-> 2 ],
         [ ind |-> 4473,
           addr |-> "0x10566",
           COM |-> 8,
           IFacq |-> 4,
           IFrel |-> 5,
           IDacq |-> 5,
           IDrel |-> 6,
           FUacq |-> 7,
           FUrel |-> 8,
           ROB |-> 5,
           RS |-> 5,
           FU |-> 1 ],
         [ ind |-> 4474,
           addr |-> "0x10688",
           COM |-> 0,
           IFacq |-> 5,
           IFrel |-> 6,
           IDacq |-> 6,
           IDrel |-> 7,
           FUacq |-> 7,
           FUrel |-> 0,
           ROB |-> 6,
           RS |-> 6,
           FU |-> 2 ],
         [ ind |-> 4475,
           addr |-> "0x1068c",
           COM |-> 0,
           IFacq |-> 5,
           IFrel |-> 6,
           IDacq |-> 6,
           IDrel |-> 7,
           FUacq |-> 0,
           FUrel |-> 0,
           ROB |-> 6,
           RS |-> 6,
           FU |-> 0 ],
         [ ind |-> 4476,
           addr |-> "0x10690",
           COM |-> 0,
           IFacq |-> 6,
           IFrel |-> 7,
           IDacq |-> 7,
           IDrel |-> 8,
           FUacq |-> 8,
           FUrel |-> 9,
           ROB |-> 7,
           RS |-> 7,
           FU |-> 1 ],
         [ ind |-> 4477,
           addr |-> "0x10692",
           COM |-> 0,
           IFacq |-> 6,
           IFrel |-> 7,
           IDacq |-> 7,
           IDrel |-> 8,
           FUacq |-> 0,
           FUrel |-> 0,
           ROB |-> 7,
           RS |-> 7,
           FU |-> 0 ],
         [ ind |-> 4478,
           addr |-> "0x10568",
           COM |-> 0,
           IFacq |-> 7,
           IFrel |-> 8,
           IDacq |-> 8,
           IDrel |-> 9,
           FUacq |-> 9,
           FUrel |-> 10,
           ROB |-> 8,
           RS |-> 8,
           FU |-> 1 ],
         [ ind |-> 4479,
           addr |-> "0x1056c",
           COM |-> 0,
           IFacq |-> 7,
           IFrel |-> 8,
           IDacq |-> 8,
           IDrel |-> 9,
           FUacq |-> 0,
           FUrel |-> 0,
           ROB |-> 8,
           RS |-> 8,
           FU |-> 0 ],
         [ ind |-> 4480,
           addr |-> "0x10570",
           COM |-> 0,
           IFacq |-> 8,
           IFrel |-> 9,
           IDacq |-> 9,
           IDrel |-> 10,
           FUacq |-> 10,
           FUrel |-> 11,
           ROB |-> 9,
           RS |-> 9,
           FU |-> 1 ],
         [ ind |-> 4481,
           addr |-> "0x10572",
           COM |-> 0,
           IFacq |-> 8,
           IFrel |-> 9,
           IDacq |-> 9,
           IDrel |-> 10,
           FUacq |-> 0,
           FUrel |-> 0,
           ROB |-> 9,
           RS |-> 9,
           FU |-> 0 ],
         [ ind |-> 4482,
           addr |-> "0x10576",
           COM |-> 0,
           IFacq |-> 9,
           IFrel |-> 10,
           IDacq |-> 10,
           IDrel |-> 11,
           FUacq |-> 11,
           FUrel |-> 12,
           ROB |-> 10,
           RS |-> 10,
           FU |-> 1 ],
         [ ind |-> 4483,
           addr |-> "0x1057a",
           COM |-> 0,
           IFacq |-> 9,
           IFrel |-> 10,
           IDacq |-> 10,
           IDrel |-> 11,
           FUacq |-> 0,
           FUrel |-> 0,
           ROB |-> 10,
           RS |-> 10,
           FU |-> 0 ],
         [ ind |-> 4484,
           addr |-> "0x1057e",
           COM |-> 0,
           IFacq |-> 10,
           IFrel |-> 11,
           IDacq |-> 11,
           IDrel |-> 12,
           FUacq |-> 0,
           FUrel |-> 0,
           ROB |-> 11,
           RS |-> 11,
           FU |-> 0 ],
         [ ind |-> 4485,
           addr |-> "0x10582",
           COM |-> 0,
           IFacq |-> 10,
           IFrel |-> 11,
           IDacq |-> 11,
           IDrel |-> 12,
           FUacq |-> 0,
           FUrel |-> 0,
           ROB |-> 11,
           RS |-> 11,
           FU |-> 0 ],
         [ ind |-> 4486,
           addr |-> "0x10586",
           COM |-> 0,
           IFacq |-> 11,
           IFrel |-> 12,
           IDacq |-> 12,
           IDrel |-> 0,
           FUacq |-> 0,
           FUrel |-> 0,
           ROB |-> 0,
           RS |-> 14,
           FU |-> 0 ],
         [ ind |-> 4487,
           addr |-> "0x1058a",
           COM |-> 0,
           IFacq |-> 11,
           IFrel |-> 12,
           IDacq |-> 12,
           IDrel |-> 0,
           FUacq |-> 0,
           FUrel |-> 0,
           ROB |-> 0,
           RS |-> 14,
           FU |-> 0 ],
         [ ind |-> 4488,
           addr |-> "0x1058e",
           COM |-> 0,
           IFacq |-> 12,
           IFrel |-> 13,
           IDacq |-> 0,
           IDrel |-> 0,
           FUacq |-> 0,
           FUrel |-> 0,
           ROB |-> 0,
           RS |-> 0,
           FU |-> 0 ],
         [ ind |-> 4489,
           addr |-> "0x10608",
           COM |-> 0,
           IFacq |-> 12,
           IFrel |-> 13,
           IDacq |-> 0,
           IDrel |-> 0,
           FUacq |-> 0,
           FUrel |-> 0,
           ROB |-> 0,
           RS |-> 0,
           FU |-> 0 ] >>,
  edges |-> {[type |-> "D", source |-> 4466, dest |-> 4468]} ]
/\ pc2 = 24
/\ robHead = 17
/\ rob = << [ instr |->
         [ ind |-> 4466,
           type |-> "IntAlu",
           r0 |-> "sp",
           r1 |-> "",
           r2 |-> "",
           addr |-> "0x10552" ],
     done |-> TRUE,
     executed |-> TRUE ],
   [ instr |->
         [ ind |-> 4467,
           type |-> "MemWrite",
           r0 |-> "s0",
           r1 |-> "",
           r2 |-> "",
           addr |-> "0x10554" ],
     done |-> TRUE,
     executed |-> TRUE ],
   [ instr |->
         [ ind |-> 4468,
           type |-> "IntAlu",
           r0 |-> "s0",
           r1 |-> "sp",
           r2 |-> "",
           addr |-> "0x10556" ],
     done |-> TRUE,
     executed |-> TRUE ],
   [ instr |->
         [ ind |-> 4469,
           type |-> "IntAlu",
           r0 |-> "a5",
           r1 |-> "",
           r2 |-> "",
           addr |-> "0x10558" ],
     done |-> TRUE,
     executed |-> TRUE ],
   [ instr |->
         [ ind |-> 4470,
           type |-> "MemWrite",
           r0 |-> "a5",
           r1 |-> "",
           r2 |-> "",
           addr |-> "0x1055a" ],
     done |-> TRUE,
     executed |-> TRUE ],
   [ instr |->
         [ ind |-> 4471,
           type |-> "IntAlu",
           r0 |-> "a5",
           r1 |-> "",
           r2 |-> "",
           addr |-> "0x1055e" ],
     done |-> TRUE,
     executed |-> TRUE ],
   [ instr |->
         [ ind |-> 4472,
           type |-> "MemWrite",
           r0 |-> "zero",
           r1 |-> "",
           r2 |-> "",
           addr |-> "0x10562" ],
     done |-> TRUE,
     executed |-> TRUE ],
   [ instr |->
         [ ind |-> 4473,
           type |-> "IntAlu",
           r0 |-> "",
           r1 |-> "",
           r2 |-> "",
           addr |-> "0x10566" ],
     done |-> TRUE,
     executed |-> TRUE ],
   [ instr |->
         [ ind |-> 4474,
           type |-> "MemRead",
           r0 |-> "a5",
           r1 |-> "",
           r2 |-> "",
           addr |-> "0x10688" ],
     done |-> TRUE,
     executed |-> TRUE ],
   [ instr |->
         [ ind |-> 4475,
           type |-> "IntAlu",
           r0 |-> "a4",
           r1 |-> "a5",
           r2 |-> "",
           addr |-> "0x1068c" ],
     done |-> TRUE,
     executed |-> TRUE ],
   [ instr |->
         [ ind |-> 4476,
           type |-> "IntAlu",
           r0 |-> "a5",
           r1 |-> "",
           r2 |-> "",
           addr |-> "0x10690" ],
     done |-> TRUE,
     executed |-> TRUE ],
   [ instr |->
         [ ind |-> 4477,
           type |-> "IntAlu",
           r0 |-> "a5",
           r1 |-> "a4",
           r2 |-> "",
           addr |-> "0x10692" ],
     done |-> TRUE,
     executed |-> TRUE ],
   [ instr |->
         [ ind |-> 4478,
           type |-> "IntAlu",
           r0 |-> "a5",
           r1 |-> "",
           r2 |-> "",
           addr |-> "0x10568" ],
     done |-> TRUE,
     executed |-> TRUE ],
   [ instr |->
         [ ind |-> 4479,
           type |-> "MemRead",
           r0 |-> "a5",
           r1 |-> "",
           r2 |-> "",
           addr |-> "0x1056c" ],
     done |-> TRUE,
     executed |-> TRUE ],
   [ instr |->
         [ ind |-> 4480,
           type |-> "IntAlu",
           r0 |-> "a5",
           r1 |-> "",
           r2 |-> "",
           addr |-> "0x10570" ],
     done |-> TRUE,
     executed |-> TRUE ],
   [ instr |->
         [ ind |-> 4481,
           type |-> "IntAlu",
           r0 |-> "a4",
           r1 |-> "a5",
           r2 |-> "",
           addr |-> "0x10572" ],
     done |-> TRUE,
     executed |-> TRUE ],
   [ instr |->
         [ ind |-> 4482,
           type |-> "IntAlu",
           r0 |-> "a5",
           r1 |-> "",
           r2 |-> "",
           addr |-> "0x10576" ],
     done |-> FALSE,
     executed |-> TRUE ],
   [ instr |->
         [ ind |-> 4483,
           type |-> "MemWrite",
           r0 |-> "a4",
           r1 |-> "",
           r2 |-> "",
           addr |-> "0x1057a" ],
     done |-> FALSE,
     executed |-> TRUE ],
   [ instr |->
         [ ind |-> 4484,
           type |-> "MemRead",
           r0 |-> "a5",
           r1 |-> "",
           r2 |-> "",
           addr |-> "0x1057e" ],
     done |-> FALSE,
     executed |-> TRUE ],
   [ instr |->
         [ ind |-> 4485,
           type |-> "MemWrite",
           r0 |-> "a5",
           r1 |-> "",
           r2 |-> "",
           addr |-> "0x10582" ],
     done |-> FALSE,
     executed |-> TRUE ],
   [ instr |->
         [ ind |-> 4486,
           type |-> "IntAlu",
           r0 |-> "a5",
           r1 |-> "",
           r2 |-> "",
           addr |-> "0x10586" ],
     done |-> FALSE,
     executed |-> FALSE ],
   [ instr |->
         [ ind |-> 4487,
           type |-> "MemWrite",
           r0 |-> "zero",
           r1 |-> "",
           r2 |-> "",
           addr |-> "0x1058a" ],
     done |-> FALSE,
     executed |-> TRUE ],
   [ instr |->
         [ ind |-> 4488,
           type |-> "IntAlu",
           r0 |-> "",
           r1 |-> "",
           r2 |-> "",
           addr |-> "0x1058e" ],
     done |-> FALSE,
     executed |-> FALSE ],
   [ instr |->
         [ ind |-> 4489,
           type |-> "IntAlu",
           r0 |-> "a5",
           r1 |-> "",
           r2 |-> "",
           addr |-> "0x10608" ],
     done |-> FALSE,
     executed |-> FALSE ],
   [ instr |->
         [ ind |-> 4490,
           type |-> "IntAlu",
           r0 |-> "a4",
           r1 |-> "a5",
           r2 |-> "",
           addr |-> "0x1060c" ],
     done |-> FALSE,
     executed |-> FALSE ],
   [ instr |->
         [ ind |-> 4491,
           type |-> "MemRead",
           r0 |-> "a5",
           r1 |-> "",
           r2 |-> "",
           addr |-> "0x10610" ],
     done |-> FALSE,
     executed |-> FALSE ] >>
/\ _RS = << { [ ind |-> 4488,
       type |-> "IntAlu",
       r0 |-> "",
       r1 |-> "",
       r2 |-> "",
       addr |-> "0x1058e" ],
     [ ind |-> 4489,
       type |-> "IntAlu",
       r0 |-> "a5",
       r1 |-> "",
       r2 |-> "",
       addr |-> "0x10608" ],
     [ ind |-> 4490,
       type |-> "IntAlu",
       r0 |-> "a4",
       r1 |-> "a5",
       r2 |-> "",
       addr |-> "0x1060c" ] },
   {},
   {},
   {} >>
/\ currCycle = 15
/\ exec_inst = 1
/\ robHead2 = 9
/\ pc = 30
/\ rob2 = << [ instr |->
         [ ind |-> 4466,
           type |-> "IntAlu",
           r0 |-> "sp",
           r1 |-> "",
           r2 |-> "",
           addr |-> "0x10552" ],
     done |-> TRUE,
     executed |-> TRUE ],
   [ instr |->
         [ ind |-> 4467,
           type |-> "MemWrite",
           r0 |-> "s0",
           r1 |-> "",
           r2 |-> "",
           addr |-> "0x10554" ],
     done |-> TRUE,
     executed |-> TRUE ],
   [ instr |->
         [ ind |-> 4468,
           type |-> "IntAlu",
           r0 |-> "s0",
           r1 |-> "sp",
           r2 |-> "",
           addr |-> "0x10556" ],
     done |-> TRUE,
     executed |-> TRUE ],
   [ instr |->
         [ ind |-> 4469,
           type |-> "IntAlu",
           r0 |-> "a5",
           r1 |-> "",
           r2 |-> "",
           addr |-> "0x10558" ],
     done |-> TRUE,
     executed |-> TRUE ],
   [ instr |->
         [ ind |-> 4470,
           type |-> "MemWrite",
           r0 |-> "a5",
           r1 |-> "",
           r2 |-> "",
           addr |-> "0x1055a" ],
     done |-> TRUE,
     executed |-> TRUE ],
   [ instr |->
         [ ind |-> 4471,
           type |-> "IntAlu",
           r0 |-> "a5",
           r1 |-> "",
           r2 |-> "",
           addr |-> "0x1055e" ],
     done |-> TRUE,
     executed |-> TRUE ],
   [ instr |->
         [ ind |-> 4472,
           type |-> "MemWrite",
           r0 |-> "zero",
           r1 |-> "",
           r2 |-> "",
           addr |-> "0x10562" ],
     done |-> TRUE,
     executed |-> TRUE ],
   [ instr |->
         [ ind |-> 4473,
           type |-> "IntAlu",
           r0 |-> "",
           r1 |-> "",
           r2 |-> "",
           addr |-> "0x10566" ],
     done |-> TRUE,
     executed |-> TRUE ],
   [ instr |->
         [ ind |-> 4474,
           type |-> "MemRead",
           r0 |-> "a5",
           r1 |-> "",
           r2 |-> "",
           addr |-> "0x10688" ],
     done |-> FALSE,
     executed |-> FALSE ],
   [ instr |->
         [ ind |-> 4475,
           type |-> "IntAlu",
           r0 |-> "a4",
           r1 |-> "a5",
           r2 |-> "",
           addr |-> "0x1068c" ],
     done |-> FALSE,
     executed |-> FALSE ],
   [ instr |->
         [ ind |-> 4476,
           type |-> "IntAlu",
           r0 |-> "a5",
           r1 |-> "",
           r2 |-> "",
           addr |-> "0x10690" ],
     done |-> FALSE,
     executed |-> TRUE ],
   [ instr |->
         [ ind |-> 4477,
           type |-> "IntAlu",
           r0 |-> "a5",
           r1 |-> "a4",
           r2 |-> "",
           addr |-> "0x10692" ],
     done |-> FALSE,
     executed |-> FALSE ],
   [ instr |->
         [ ind |-> 4478,
           type |-> "IntAlu",
           r0 |-> "a5",
           r1 |-> "",
           r2 |-> "",
           addr |-> "0x10568" ],
     done |-> FALSE,
     executed |-> TRUE ],
   [ instr |->
         [ ind |-> 4479,
           type |-> "MemRead",
           r0 |-> "a5",
           r1 |-> "",
           r2 |-> "",
           addr |-> "0x1056c" ],
     done |-> FALSE,
     executed |-> FALSE ],
   [ instr |->
         [ ind |-> 4480,
           type |-> "IntAlu",
           r0 |-> "a5",
           r1 |-> "",
           r2 |-> "",
           addr |-> "0x10570" ],
     done |-> FALSE,
     executed |-> TRUE ],
   [ instr |->
         [ ind |-> 4481,
           type |-> "IntAlu",
           r0 |-> "a4",
           r1 |-> "a5",
           r2 |-> "",
           addr |-> "0x10572" ],
     done |-> FALSE,
     executed |-> FALSE ],
   [ instr |->
         [ ind |-> 4482,
           type |-> "IntAlu",
           r0 |-> "a5",
           r1 |-> "",
           r2 |-> "",
           addr |-> "0x10576" ],
     done |-> FALSE,
     executed |-> TRUE ],
   [ instr |->
         [ ind |-> 4483,
           type |-> "MemWrite",
           r0 |-> "a4",
           r1 |-> "",
           r2 |-> "",
           addr |-> "0x1057a" ],
     done |-> FALSE,
     executed |-> FALSE ],
   [ instr |->
         [ ind |-> 4484,
           type |-> "MemRead",
           r0 |-> "a5",
           r1 |-> "",
           r2 |-> "",
           addr |-> "0x1057e" ],
     done |-> FALSE,
     executed |-> FALSE ],
   [ instr |->
         [ ind |-> 4485,
           type |-> "MemWrite",
           r0 |-> "a5",
           r1 |-> "",
           r2 |-> "",
           addr |-> "0x10582" ],
     done |-> FALSE,
     executed |-> FALSE ] >>
/\ _FU = << [ instr |->
         [ ind |-> 4486,
           type |-> "IntAlu",
           r0 |-> "a5",
           r1 |-> "",
           r2 |-> "",
           addr |-> "0x10586" ],
     baseLat |-> 1,
     currLat |-> 1 ],
   [ instr |->
         [ ind |-> 4491,
           type |-> "MemRead",
           r0 |-> "a5",
           r1 |-> "",
           r2 |-> "",
           addr |-> "0x10610" ],
     baseLat |-> 1,
     currLat |-> 1 ],
   [ instr |->
         [ ind |-> 0,
           type |-> "No_OpClass",
           r0 |-> "",
           r1 |-> "",
           r2 |-> "",
           addr |-> "" ],
     baseLat |-> 1,
     currLat |-> 1 ],
   [ instr |->
         [ ind |-> 0,
           type |-> "No_OpClass",
           r0 |-> "",
           r1 |-> "",
           r2 |-> "",
           addr |-> "" ],
     baseLat |-> 1,
     currLat |-> 1 ] >>

@!@!@ENDMSG 2217 @!@!@
@!@!@STARTMSG 2217:4 @!@!@
17: <Next line 63, col 9 to line 67, col 64 of module pipeline_ooo>
/\ _RS2 = << { [ ind |-> 4475,
       type |-> "IntAlu",
       r0 |-> "a4",
       r1 |-> "a5",
       r2 |-> "",
       addr |-> "0x1068c" ],
     [ ind |-> 4477,
       type |-> "IntAlu",
       r0 |-> "a5",
       r1 |-> "a4",
       r2 |-> "",
       addr |-> "0x10692" ],
     [ ind |-> 4481,
       type |-> "IntAlu",
       r0 |-> "a4",
       r1 |-> "a5",
       r2 |-> "",
       addr |-> "0x10572" ] },
   { [ ind |-> 4479,
       type |-> "MemRead",
       r0 |-> "a5",
       r1 |-> "",
       r2 |-> "",
       addr |-> "0x1056c" ],
     [ ind |-> 4483,
       type |-> "MemWrite",
       r0 |-> "a4",
       r1 |-> "",
       r2 |-> "",
       addr |-> "0x1057a" ],
     [ ind |-> 4484,
       type |-> "MemRead",
       r0 |-> "a5",
       r1 |-> "",
       r2 |-> "",
       addr |-> "0x1057e" ],
     [ ind |-> 4485,
       type |-> "MemWrite",
       r0 |-> "a5",
       r1 |-> "",
       r2 |-> "",
       addr |-> "0x10582" ] },
   {},
   {} >>
/\ _COM2 = << [ ind |-> 0,
     type |-> "No_OpClass",
     r0 |-> "",
     r1 |-> "",
     r2 |-> "",
     addr |-> "" ],
   [ ind |-> 0,
     type |-> "No_OpClass",
     r0 |-> "",
     r1 |-> "",
     r2 |-> "",
     addr |-> "" ] >>
/\ _ID = << [ ind |-> 4494,
     type |-> "MemRead",
     r0 |-> "a3",
     r1 |-> "",
     r2 |-> "",
     addr |-> "0x10618" ],
   [ ind |-> 4495,
     type |-> "MemRead",
     r0 |-> "a5",
     r1 |-> "",
     r2 |-> "",
     addr |-> "0x1061a" ] >>
/\ _IF = << [ instr |->
         [ ind |-> 0,
           type |-> "No_OpClass",
           r0 |-> "",
           r1 |-> "",
           r2 |-> "",
           addr |-> "" ],
     baseLat |-> 1,
     currLat |-> 1 ],
   [ instr |->
         [ ind |-> 0,
           type |-> "No_OpClass",
           r0 |-> "",
           r1 |-> "",
           r2 |-> "",
           addr |-> "" ],
     baseLat |-> 1,
     currLat |-> 1 ] >>
/\ _FU2 = << [ instr |->
         [ ind |-> 0,
           type |-> "No_OpClass",
           r0 |-> "",
           r1 |-> "",
           r2 |-> "",
           addr |-> "" ],
     baseLat |-> 1,
     currLat |-> 1 ],
   [ instr |->
         [ ind |-> 4474,
           type |-> "MemRead",
           r0 |-> "a5",
           r1 |-> "",
           r2 |-> "",
           addr |-> "0x10688" ],
     baseLat |-> 10,
     currLat |-> 10 ],
   [ instr |->
         [ ind |-> 0,
           type |-> "No_OpClass",
           r0 |-> "",
           r1 |-> "",
           r2 |-> "",
           addr |-> "" ],
     baseLat |-> 1,
     currLat |-> 1 ],
   [ instr |->
         [ ind |-> 0,
           type |-> "No_OpClass",
           r0 |-> "",
           r1 |-> "",
           r2 |-> "",
           addr |-> "" ],
     baseLat |-> 1,
     currLat |-> 1 ] >>
/\ _COM = << [ ind |-> 4484,
     type |-> "MemRead",
     r0 |-> "a5",
     r1 |-> "",
     r2 |-> "",
     addr |-> "0x1057e" ],
   [ ind |-> 4485,
     type |-> "MemWrite",
     r0 |-> "a5",
     r1 |-> "",
     r2 |-> "",
     addr |-> "0x10582" ] >>
/\ exec_inst2 = 2
/\ _ID2 = << [ ind |-> 4486,
     type |-> "IntAlu",
     r0 |-> "a5",
     r1 |-> "",
     r2 |-> "",
     addr |-> "0x10586" ],
   [ ind |-> 4487,
     type |-> "MemWrite",
     r0 |-> "zero",
     r1 |-> "",
     r2 |-> "",
     addr |-> "0x1058a" ] >>
/\ graph = [ nodes |->
      << [ ind |-> 4466,
           addr |-> "0x10552",
           COM |-> 4,
           IFacq |-> 1,
           IFrel |-> 2,
           IDacq |-> 2,
           IDrel |-> 3,
           FUacq |-> 3,
           FUrel |-> 4,
           ROB |-> 2,
           RS |-> 2,
           FU |-> 1 ],
         [ ind |-> 4467,
           addr |-> "0x10554",
           COM |-> 4,
           IFacq |-> 1,
           IFrel |-> 2,
           IDacq |-> 2,
           IDrel |-> 3,
           FUacq |-> 3,
           FUrel |-> 4,
           ROB |-> 2,
           RS |-> 2,
           FU |-> 2 ],
         [ ind |-> 4468,
           addr |-> "0x10556",
           COM |-> 5,
           IFacq |-> 2,
           IFrel |-> 3,
           IDacq |-> 3,
           IDrel |-> 4,
           FUacq |-> 4,
           FUrel |-> 5,
           ROB |-> 3,
           RS |-> 3,
           FU |-> 1 ],
         [ ind |-> 4469,
           addr |-> "0x10558",
           COM |-> 6,
           IFacq |-> 2,
           IFrel |-> 3,
           IDacq |-> 3,
           IDrel |-> 4,
           FUacq |-> 5,
           FUrel |-> 6,
           ROB |-> 3,
           RS |-> 3,
           FU |-> 1 ],
         [ ind |-> 4470,
           addr |-> "0x1055a",
           COM |-> 6,
           IFacq |-> 3,
           IFrel |-> 4,
           IDacq |-> 4,
           IDrel |-> 5,
           FUacq |-> 5,
           FUrel |-> 6,
           ROB |-> 4,
           RS |-> 4,
           FU |-> 2 ],
         [ ind |-> 4471,
           addr |-> "0x1055e",
           COM |-> 7,
           IFacq |-> 3,
           IFrel |-> 4,
           IDacq |-> 4,
           IDrel |-> 5,
           FUacq |-> 6,
           FUrel |-> 7,
           ROB |-> 4,
           RS |-> 4,
           FU |-> 1 ],
         [ ind |-> 4472,
           addr |-> "0x10562",
           COM |-> 7,
           IFacq |-> 4,
           IFrel |-> 5,
           IDacq |-> 5,
           IDrel |-> 6,
           FUacq |-> 6,
           FUrel |-> 7,
           ROB |-> 5,
           RS |-> 5,
           FU |-> 2 ],
         [ ind |-> 4473,
           addr |-> "0x10566",
           COM |-> 8,
           IFacq |-> 4,
           IFrel |-> 5,
           IDacq |-> 5,
           IDrel |-> 6,
           FUacq |-> 7,
           FUrel |-> 8,
           ROB |-> 5,
           RS |-> 5,
           FU |-> 1 ],
         [ ind |-> 4474,
           addr |-> "0x10688",
           COM |-> 8,
           IFacq |-> 5,
           IFrel |-> 6,
           IDacq |-> 6,
           IDrel |-> 7,
           FUacq |-> 7,
           FUrel |-> 8,
           ROB |-> 6,
           RS |-> 6,
           FU |-> 2 ],
         [ ind |-> 4475,
           addr |-> "0x1068c",
           COM |-> 9,
           IFacq |-> 5,
           IFrel |-> 6,
           IDacq |-> 6,
           IDrel |-> 7,
           FUacq |-> 8,
           FUrel |-> 9,
           ROB |-> 6,
           RS |-> 6,
           FU |-> 1 ],
         [ ind |-> 4476,
           addr |-> "0x10690",
           COM |-> 10,
           IFacq |-> 6,
           IFrel |-> 7,
           IDacq |-> 7,
           IDrel |-> 8,
           FUacq |-> 9,
           FUrel |-> 10,
           ROB |-> 7,
           RS |-> 7,
           FU |-> 1 ],
         [ ind |-> 4477,
           addr |-> "0x10692",
           COM |-> 11,
           IFacq |-> 6,
           IFrel |-> 7,
           IDacq |-> 7,
           IDrel |-> 8,
           FUacq |-> 10,
           FUrel |-> 11,
           ROB |-> 7,
           RS |-> 7,
           FU |-> 1 ],
         [ ind |-> 4478,
           addr |-> "0x10568",
           COM |-> 12,
           IFacq |-> 7,
           IFrel |-> 8,
           IDacq |-> 8,
           IDrel |-> 9,
           FUacq |-> 11,
           FUrel |-> 12,
           ROB |-> 8,
           RS |-> 8,
           FU |-> 1 ],
         [ ind |-> 4479,
           addr |-> "0x1056c",
           COM |-> 12,
           IFacq |-> 7,
           IFrel |-> 8,
           IDacq |-> 8,
           IDrel |-> 9,
           FUacq |-> 9,
           FUrel |-> 10,
           ROB |-> 8,
           RS |-> 8,
           FU |-> 2 ],
         [ ind |-> 4480,
           addr |-> "0x10570",
           COM |-> 13,
           IFacq |-> 8,
           IFrel |-> 9,
           IDacq |-> 9,
           IDrel |-> 10,
           FUacq |-> 12,
           FUrel |-> 13,
           ROB |-> 9,
           RS |-> 9,
           FU |-> 1 ],
         [ ind |-> 4481,
           addr |-> "0x10572",
           COM |-> 14,
           IFacq |-> 8,
           IFrel |-> 9,
           IDacq |-> 9,
           IDrel |-> 10,
           FUacq |-> 13,
           FUrel |-> 14,
           ROB |-> 9,
           RS |-> 9,
           FU |-> 1 ],
         [ ind |-> 4482,
           addr |-> "0x10576",
           COM |-> 15,
           IFacq |-> 9,
           IFrel |-> 10,
           IDacq |-> 10,
           IDrel |-> 11,
           FUacq |-> 14,
           FUrel |-> 15,
           ROB |-> 10,
           RS |-> 10,
           FU |-> 1 ],
         [ ind |-> 4483,
           addr |-> "0x1057a",
           COM |-> 15,
           IFacq |-> 9,
           IFrel |-> 10,
           IDacq |-> 10,
           IDrel |-> 11,
           FUacq |-> 11,
           FUrel |-> 12,
           ROB |-> 10,
           RS |-> 10,
           FU |-> 2 ],
         [ ind |-> 4484,
           addr |-> "0x1057e",
           COM |-> 0,
           IFacq |-> 10,
           IFrel |-> 11,
           IDacq |-> 11,
           IDrel |-> 12,
           FUacq |-> 12,
           FUrel |-> 13,
           ROB |-> 11,
           RS |-> 11,
           FU |-> 2 ],
         [ ind |-> 4485,
           addr |-> "0x10582",
           COM |-> 0,
           IFacq |-> 10,
           IFrel |-> 11,
           IDacq |-> 11,
           IDrel |-> 12,
           FUacq |-> 13,
           FUrel |-> 14,
           ROB |-> 11,
           RS |-> 11,
           FU |-> 2 ],
         [ ind |-> 4486,
           addr |-> "0x10586",
           COM |-> 0,
           IFacq |-> 11,
           IFrel |-> 12,
           IDacq |-> 12,
           IDrel |-> 13,
           FUacq |-> 15,
           FUrel |-> 16,
           ROB |-> 12,
           RS |-> 12,
           FU |-> 1 ],
         [ ind |-> 4487,
           addr |-> "0x1058a",
           COM |-> 0,
           IFacq |-> 11,
           IFrel |-> 12,
           IDacq |-> 12,
           IDrel |-> 13,
           FUacq |-> 14,
           FUrel |-> 15,
           ROB |-> 12,
           RS |-> 12,
           FU |-> 2 ],
         [ ind |-> 4488,
           addr |-> "0x1058e",
           COM |-> 0,
           IFacq |-> 12,
           IFrel |-> 13,
           IDacq |-> 13,
           IDrel |-> 14,
           FUacq |-> 0,
           FUrel |-> 0,
           ROB |-> 13,
           RS |-> 13,
           FU |-> 0 ],
         [ ind |-> 4489,
           addr |-> "0x10608",
           COM |-> 0,
           IFacq |-> 12,
           IFrel |-> 13,
           IDacq |-> 13,
           IDrel |-> 14,
           FUacq |-> 0,
           FUrel |-> 0,
           ROB |-> 13,
           RS |-> 13,
           FU |-> 0 ],
         [ ind |-> 4490,
           addr |-> "0x1060c",
           COM |-> 0,
           IFacq |-> 13,
           IFrel |-> 14,
           IDacq |-> 14,
           IDrel |-> 15,
           FUacq |-> 0,
           FUrel |-> 0,
           ROB |-> 14,
           RS |-> 14,
           FU |-> 0 ],
         [ ind |-> 4491,
           addr |-> "0x10610",
           COM |-> 0,
           IFacq |-> 13,
           IFrel |-> 14,
           IDacq |-> 14,
           IDrel |-> 15,
           FUacq |-> 15,
           FUrel |-> 16,
           ROB |-> 14,
           RS |-> 14,
           FU |-> 2 ],
         [ ind |-> 4492,
           addr |-> "0x10614",
           COM |-> 0,
           IFacq |-> 14,
           IFrel |-> 15,
           IDacq |-> 15,
           IDrel |-> 16,
           FUacq |-> 0,
           FUrel |-> 0,
           ROB |-> 15,
           RS |-> 15,
           FU |-> 0 ],
         [ ind |-> 4493,
           addr |-> "0x10616",
           COM |-> 0,
           IFacq |-> 14,
           IFrel |-> 15,
           IDacq |-> 15,
           IDrel |-> 16,
           FUacq |-> 0,
           FUrel |-> 0,
           ROB |-> 15,
           RS |-> 15,
           FU |-> 0 ],
         [ ind |-> 4494,
           addr |-> "0x10618",
           COM |-> 0,
           IFacq |-> 15,
           IFrel |-> 16,
           IDacq |-> 0,
           IDrel |-> 0,
           FUacq |-> 0,
           FUrel |-> 0,
           ROB |-> 0,
           RS |-> 0,
           FU |-> 0 ],
         [ ind |-> 4495,
           addr |-> "0x1061a",
           COM |-> 0,
           IFacq |-> 15,
           IFrel |-> 16,
           IDacq |-> 0,
           IDrel |-> 0,
           FUacq |-> 0,
           FUrel |-> 0,
           ROB |-> 0,
           RS |-> 0,
           FU |-> 0 ] >>,
  edges |->
      { [type |-> "D", source |-> 4466, dest |-> 4468],
        [type |-> "D", source |-> 4474, dest |-> 4475],
        [type |-> "D", source |-> 4480, dest |-> 4481] } ]
/\ currCycle2 = 16
/\ _IF2 = << [ instr |->
         [ ind |-> 4488,
           type |-> "IntAlu",
           r0 |-> "",
           r1 |-> "",
           r2 |-> "",
           addr |-> "0x1058e" ],
     baseLat |-> 1,
     currLat |-> 5 ],
   [ instr |->
         [ ind |-> 4489,
           type |-> "IntAlu",
           r0 |-> "a5",
           r1 |-> "",
           r2 |-> "",
           addr |-> "0x10608" ],
     baseLat |-> 1,
     currLat |-> 5 ] >>
/\ lastBound = 0
/\ graph2 = [ nodes |->
      << [ ind |-> 4466,
           addr |-> "0x10552",
           COM |-> 4,
           IFacq |-> 1,
           IFrel |-> 2,
           IDacq |-> 2,
           IDrel |-> 3,
           FUacq |-> 3,
           FUrel |-> 4,
           ROB |-> 2,
           RS |-> 2,
           FU |-> 1 ],
         [ ind |-> 4467,
           addr |-> "0x10554",
           COM |-> 4,
           IFacq |-> 1,
           IFrel |-> 2,
           IDacq |-> 2,
           IDrel |-> 3,
           FUacq |-> 3,
           FUrel |-> 4,
           ROB |-> 2,
           RS |-> 2,
           FU |-> 2 ],
         [ ind |-> 4468,
           addr |-> "0x10556",
           COM |-> 5,
           IFacq |-> 2,
           IFrel |-> 3,
           IDacq |-> 3,
           IDrel |-> 4,
           FUacq |-> 4,
           FUrel |-> 5,
           ROB |-> 3,
           RS |-> 3,
           FU |-> 1 ],
         [ ind |-> 4469,
           addr |-> "0x10558",
           COM |-> 6,
           IFacq |-> 2,
           IFrel |-> 3,
           IDacq |-> 3,
           IDrel |-> 4,
           FUacq |-> 5,
           FUrel |-> 6,
           ROB |-> 3,
           RS |-> 3,
           FU |-> 1 ],
         [ ind |-> 4470,
           addr |-> "0x1055a",
           COM |-> 6,
           IFacq |-> 3,
           IFrel |-> 4,
           IDacq |-> 4,
           IDrel |-> 5,
           FUacq |-> 5,
           FUrel |-> 6,
           ROB |-> 4,
           RS |-> 4,
           FU |-> 2 ],
         [ ind |-> 4471,
           addr |-> "0x1055e",
           COM |-> 7,
           IFacq |-> 3,
           IFrel |-> 4,
           IDacq |-> 4,
           IDrel |-> 5,
           FUacq |-> 6,
           FUrel |-> 7,
           ROB |-> 4,
           RS |-> 4,
           FU |-> 1 ],
         [ ind |-> 4472,
           addr |-> "0x10562",
           COM |-> 7,
           IFacq |-> 4,
           IFrel |-> 5,
           IDacq |-> 5,
           IDrel |-> 6,
           FUacq |-> 6,
           FUrel |-> 7,
           ROB |-> 5,
           RS |-> 5,
           FU |-> 2 ],
         [ ind |-> 4473,
           addr |-> "0x10566",
           COM |-> 8,
           IFacq |-> 4,
           IFrel |-> 5,
           IDacq |-> 5,
           IDrel |-> 6,
           FUacq |-> 7,
           FUrel |-> 8,
           ROB |-> 5,
           RS |-> 5,
           FU |-> 1 ],
         [ ind |-> 4474,
           addr |-> "0x10688",
           COM |-> 0,
           IFacq |-> 5,
           IFrel |-> 6,
           IDacq |-> 6,
           IDrel |-> 7,
           FUacq |-> 7,
           FUrel |-> 0,
           ROB |-> 6,
           RS |-> 6,
           FU |-> 2 ],
         [ ind |-> 4475,
           addr |-> "0x1068c",
           COM |-> 0,
           IFacq |-> 5,
           IFrel |-> 6,
           IDacq |-> 6,
           IDrel |-> 7,
           FUacq |-> 0,
           FUrel |-> 0,
           ROB |-> 6,
           RS |-> 6,
           FU |-> 0 ],
         [ ind |-> 4476,
           addr |-> "0x10690",
           COM |-> 0,
           IFacq |-> 6,
           IFrel |-> 7,
           IDacq |-> 7,
           IDrel |-> 8,
           FUacq |-> 8,
           FUrel |-> 9,
           ROB |-> 7,
           RS |-> 7,
           FU |-> 1 ],
         [ ind |-> 4477,
           addr |-> "0x10692",
           COM |-> 0,
           IFacq |-> 6,
           IFrel |-> 7,
           IDacq |-> 7,
           IDrel |-> 8,
           FUacq |-> 0,
           FUrel |-> 0,
           ROB |-> 7,
           RS |-> 7,
           FU |-> 0 ],
         [ ind |-> 4478,
           addr |-> "0x10568",
           COM |-> 0,
           IFacq |-> 7,
           IFrel |-> 8,
           IDacq |-> 8,
           IDrel |-> 9,
           FUacq |-> 9,
           FUrel |-> 10,
           ROB |-> 8,
           RS |-> 8,
           FU |-> 1 ],
         [ ind |-> 4479,
           addr |-> "0x1056c",
           COM |-> 0,
           IFacq |-> 7,
           IFrel |-> 8,
           IDacq |-> 8,
           IDrel |-> 9,
           FUacq |-> 0,
           FUrel |-> 0,
           ROB |-> 8,
           RS |-> 8,
           FU |-> 0 ],
         [ ind |-> 4480,
           addr |-> "0x10570",
           COM |-> 0,
           IFacq |-> 8,
           IFrel |-> 9,
           IDacq |-> 9,
           IDrel |-> 10,
           FUacq |-> 10,
           FUrel |-> 11,
           ROB |-> 9,
           RS |-> 9,
           FU |-> 1 ],
         [ ind |-> 4481,
           addr |-> "0x10572",
           COM |-> 0,
           IFacq |-> 8,
           IFrel |-> 9,
           IDacq |-> 9,
           IDrel |-> 10,
           FUacq |-> 0,
           FUrel |-> 0,
           ROB |-> 9,
           RS |-> 9,
           FU |-> 0 ],
         [ ind |-> 4482,
           addr |-> "0x10576",
           COM |-> 0,
           IFacq |-> 9,
           IFrel |-> 10,
           IDacq |-> 10,
           IDrel |-> 11,
           FUacq |-> 11,
           FUrel |-> 12,
           ROB |-> 10,
           RS |-> 10,
           FU |-> 1 ],
         [ ind |-> 4483,
           addr |-> "0x1057a",
           COM |-> 0,
           IFacq |-> 9,
           IFrel |-> 10,
           IDacq |-> 10,
           IDrel |-> 11,
           FUacq |-> 0,
           FUrel |-> 0,
           ROB |-> 10,
           RS |-> 10,
           FU |-> 0 ],
         [ ind |-> 4484,
           addr |-> "0x1057e",
           COM |-> 0,
           IFacq |-> 10,
           IFrel |-> 11,
           IDacq |-> 11,
           IDrel |-> 12,
           FUacq |-> 0,
           FUrel |-> 0,
           ROB |-> 11,
           RS |-> 11,
           FU |-> 0 ],
         [ ind |-> 4485,
           addr |-> "0x10582",
           COM |-> 0,
           IFacq |-> 10,
           IFrel |-> 11,
           IDacq |-> 11,
           IDrel |-> 12,
           FUacq |-> 0,
           FUrel |-> 0,
           ROB |-> 11,
           RS |-> 11,
           FU |-> 0 ],
         [ ind |-> 4486,
           addr |-> "0x10586",
           COM |-> 0,
           IFacq |-> 11,
           IFrel |-> 12,
           IDacq |-> 12,
           IDrel |-> 0,
           FUacq |-> 0,
           FUrel |-> 0,
           ROB |-> 0,
           RS |-> 15,
           FU |-> 0 ],
         [ ind |-> 4487,
           addr |-> "0x1058a",
           COM |-> 0,
           IFacq |-> 11,
           IFrel |-> 12,
           IDacq |-> 12,
           IDrel |-> 0,
           FUacq |-> 0,
           FUrel |-> 0,
           ROB |-> 0,
           RS |-> 15,
           FU |-> 0 ],
         [ ind |-> 4488,
           addr |-> "0x1058e",
           COM |-> 0,
           IFacq |-> 12,
           IFrel |-> 13,
           IDacq |-> 0,
           IDrel |-> 0,
           FUacq |-> 0,
           FUrel |-> 0,
           ROB |-> 0,
           RS |-> 0,
           FU |-> 0 ],
         [ ind |-> 4489,
           addr |-> "0x10608",
           COM |-> 0,
           IFacq |-> 12,
           IFrel |-> 13,
           IDacq |-> 0,
           IDrel |-> 0,
           FUacq |-> 0,
           FUrel |-> 0,
           ROB |-> 0,
           RS |-> 0,
           FU |-> 0 ] >>,
  edges |-> {[type |-> "D", source |-> 4466, dest |-> 4468]} ]
/\ pc2 = 24
/\ robHead = 19
/\ rob = << [ instr |->
         [ ind |-> 4466,
           type |-> "IntAlu",
           r0 |-> "sp",
           r1 |-> "",
           r2 |-> "",
           addr |-> "0x10552" ],
     done |-> TRUE,
     executed |-> TRUE ],
   [ instr |->
         [ ind |-> 4467,
           type |-> "MemWrite",
           r0 |-> "s0",
           r1 |-> "",
           r2 |-> "",
           addr |-> "0x10554" ],
     done |-> TRUE,
     executed |-> TRUE ],
   [ instr |->
         [ ind |-> 4468,
           type |-> "IntAlu",
           r0 |-> "s0",
           r1 |-> "sp",
           r2 |-> "",
           addr |-> "0x10556" ],
     done |-> TRUE,
     executed |-> TRUE ],
   [ instr |->
         [ ind |-> 4469,
           type |-> "IntAlu",
           r0 |-> "a5",
           r1 |-> "",
           r2 |-> "",
           addr |-> "0x10558" ],
     done |-> TRUE,
     executed |-> TRUE ],
   [ instr |->
         [ ind |-> 4470,
           type |-> "MemWrite",
           r0 |-> "a5",
           r1 |-> "",
           r2 |-> "",
           addr |-> "0x1055a" ],
     done |-> TRUE,
     executed |-> TRUE ],
   [ instr |->
         [ ind |-> 4471,
           type |-> "IntAlu",
           r0 |-> "a5",
           r1 |-> "",
           r2 |-> "",
           addr |-> "0x1055e" ],
     done |-> TRUE,
     executed |-> TRUE ],
   [ instr |->
         [ ind |-> 4472,
           type |-> "MemWrite",
           r0 |-> "zero",
           r1 |-> "",
           r2 |-> "",
           addr |-> "0x10562" ],
     done |-> TRUE,
     executed |-> TRUE ],
   [ instr |->
         [ ind |-> 4473,
           type |-> "IntAlu",
           r0 |-> "",
           r1 |-> "",
           r2 |-> "",
           addr |-> "0x10566" ],
     done |-> TRUE,
     executed |-> TRUE ],
   [ instr |->
         [ ind |-> 4474,
           type |-> "MemRead",
           r0 |-> "a5",
           r1 |-> "",
           r2 |-> "",
           addr |-> "0x10688" ],
     done |-> TRUE,
     executed |-> TRUE ],
   [ instr |->
         [ ind |-> 4475,
           type |-> "IntAlu",
           r0 |-> "a4",
           r1 |-> "a5",
           r2 |-> "",
           addr |-> "0x1068c" ],
     done |-> TRUE,
     executed |-> TRUE ],
   [ instr |->
         [ ind |-> 4476,
           type |-> "IntAlu",
           r0 |-> "a5",
           r1 |-> "",
           r2 |-> "",
           addr |-> "0x10690" ],
     done |-> TRUE,
     executed |-> TRUE ],
   [ instr |->
         [ ind |-> 4477,
           type |-> "IntAlu",
           r0 |-> "a5",
           r1 |-> "a4",
           r2 |-> "",
           addr |-> "0x10692" ],
     done |-> TRUE,
     executed |-> TRUE ],
   [ instr |->
         [ ind |-> 4478,
           type |-> "IntAlu",
           r0 |-> "a5",
           r1 |-> "",
           r2 |-> "",
           addr |-> "0x10568" ],
     done |-> TRUE,
     executed |-> TRUE ],
   [ instr |->
         [ ind |-> 4479,
           type |-> "MemRead",
           r0 |-> "a5",
           r1 |-> "",
           r2 |-> "",
           addr |-> "0x1056c" ],
     done |-> TRUE,
     executed |-> TRUE ],
   [ instr |->
         [ ind |-> 4480,
           type |-> "IntAlu",
           r0 |-> "a5",
           r1 |-> "",
           r2 |-> "",
           addr |-> "0x10570" ],
     done |-> TRUE,
     executed |-> TRUE ],
   [ instr |->
         [ ind |-> 4481,
           type |-> "IntAlu",
           r0 |-> "a4",
           r1 |-> "a5",
           r2 |-> "",
           addr |-> "0x10572" ],
     done |-> TRUE,
     executed |-> TRUE ],
   [ instr |->
         [ ind |-> 4482,
           type |-> "IntAlu",
           r0 |-> "a5",
           r1 |-> "",
           r2 |-> "",
           addr |-> "0x10576" ],
     done |-> TRUE,
     executed |-> TRUE ],
   [ instr |->
         [ ind |-> 4483,
           type |-> "MemWrite",
           r0 |-> "a4",
           r1 |-> "",
           r2 |-> "",
           addr |-> "0x1057a" ],
     done |-> TRUE,
     executed |-> TRUE ],
   [ instr |->
         [ ind |-> 4484,
           type |-> "MemRead",
           r0 |-> "a5",
           r1 |-> "",
           r2 |-> "",
           addr |-> "0x1057e" ],
     done |-> FALSE,
     executed |-> TRUE ],
   [ instr |->
         [ ind |-> 4485,
           type |-> "MemWrite",
           r0 |-> "a5",
           r1 |-> "",
           r2 |-> "",
           addr |-> "0x10582" ],
     done |-> FALSE,
     executed |-> TRUE ],
   [ instr |->
         [ ind |-> 4486,
           type |-> "IntAlu",
           r0 |-> "a5",
           r1 |-> "",
           r2 |-> "",
           addr |-> "0x10586" ],
     done |-> FALSE,
     executed |-> TRUE ],
   [ instr |->
         [ ind |-> 4487,
           type |-> "MemWrite",
           r0 |-> "zero",
           r1 |-> "",
           r2 |-> "",
           addr |-> "0x1058a" ],
     done |-> FALSE,
     executed |-> TRUE ],
   [ instr |->
         [ ind |-> 4488,
           type |-> "IntAlu",
           r0 |-> "",
           r1 |-> "",
           r2 |-> "",
           addr |-> "0x1058e" ],
     done |-> FALSE,
     executed |-> FALSE ],
   [ instr |->
         [ ind |-> 4489,
           type |-> "IntAlu",
           r0 |-> "a5",
           r1 |-> "",
           r2 |-> "",
           addr |-> "0x10608" ],
     done |-> FALSE,
     executed |-> FALSE ],
   [ instr |->
         [ ind |-> 4490,
           type |-> "IntAlu",
           r0 |-> "a4",
           r1 |-> "a5",
           r2 |-> "",
           addr |-> "0x1060c" ],
     done |-> FALSE,
     executed |-> FALSE ],
   [ instr |->
         [ ind |-> 4491,
           type |-> "MemRead",
           r0 |-> "a5",
           r1 |-> "",
           r2 |-> "",
           addr |-> "0x10610" ],
     done |-> FALSE,
     executed |-> TRUE ],
   [ instr |->
         [ ind |-> 4492,
           type |-> "IntAlu",
           r0 |-> "a5",
           r1 |-> "",
           r2 |-> "",
           addr |-> "0x10614" ],
     done |-> FALSE,
     executed |-> FALSE ],
   [ instr |->
         [ ind |-> 4493,
           type |-> "IntAlu",
           r0 |-> "a5",
           r1 |-> "a4",
           r2 |-> "",
           addr |-> "0x10616" ],
     done |-> FALSE,
     executed |-> FALSE ] >>
/\ _RS = << { [ ind |-> 4489,
       type |-> "IntAlu",
       r0 |-> "a5",
       r1 |-> "",
       r2 |-> "",
       addr |-> "0x10608" ],
     [ ind |-> 4490,
       type |-> "IntAlu",
       r0 |-> "a4",
       r1 |-> "a5",
       r2 |-> "",
       addr |-> "0x1060c" ],
     [ ind |-> 4492,
       type |-> "IntAlu",
       r0 |-> "a5",
       r1 |-> "",
       r2 |-> "",
       addr |-> "0x10614" ],
     [ ind |-> 4493,
       type |-> "IntAlu",
       r0 |-> "a5",
       r1 |-> "a4",
       r2 |-> "",
       addr |-> "0x10616" ] },
   {},
   {},
   {} >>
/\ currCycle = 16
/\ exec_inst = 1
/\ robHead2 = 9
/\ pc = 30
/\ rob2 = << [ instr |->
         [ ind |-> 4466,
           type |-> "IntAlu",
           r0 |-> "sp",
           r1 |-> "",
           r2 |-> "",
           addr |-> "0x10552" ],
     done |-> TRUE,
     executed |-> TRUE ],
   [ instr |->
         [ ind |-> 4467,
           type |-> "MemWrite",
           r0 |-> "s0",
           r1 |-> "",
           r2 |-> "",
           addr |-> "0x10554" ],
     done |-> TRUE,
     executed |-> TRUE ],
   [ instr |->
         [ ind |-> 4468,
           type |-> "IntAlu",
           r0 |-> "s0",
           r1 |-> "sp",
           r2 |-> "",
           addr |-> "0x10556" ],
     done |-> TRUE,
     executed |-> TRUE ],
   [ instr |->
         [ ind |-> 4469,
           type |-> "IntAlu",
           r0 |-> "a5",
           r1 |-> "",
           r2 |-> "",
           addr |-> "0x10558" ],
     done |-> TRUE,
     executed |-> TRUE ],
   [ instr |->
         [ ind |-> 4470,
           type |-> "MemWrite",
           r0 |-> "a5",
           r1 |-> "",
           r2 |-> "",
           addr |-> "0x1055a" ],
     done |-> TRUE,
     executed |-> TRUE ],
   [ instr |->
         [ ind |-> 4471,
           type |-> "IntAlu",
           r0 |-> "a5",
           r1 |-> "",
           r2 |-> "",
           addr |-> "0x1055e" ],
     done |-> TRUE,
     executed |-> TRUE ],
   [ instr |->
         [ ind |-> 4472,
           type |-> "MemWrite",
           r0 |-> "zero",
           r1 |-> "",
           r2 |-> "",
           addr |-> "0x10562" ],
     done |-> TRUE,
     executed |-> TRUE ],
   [ instr |->
         [ ind |-> 4473,
           type |-> "IntAlu",
           r0 |-> "",
           r1 |-> "",
           r2 |-> "",
           addr |-> "0x10566" ],
     done |-> TRUE,
     executed |-> TRUE ],
   [ instr |->
         [ ind |-> 4474,
           type |-> "MemRead",
           r0 |-> "a5",
           r1 |-> "",
           r2 |-> "",
           addr |-> "0x10688" ],
     done |-> FALSE,
     executed |-> FALSE ],
   [ instr |->
         [ ind |-> 4475,
           type |-> "IntAlu",
           r0 |-> "a4",
           r1 |-> "a5",
           r2 |-> "",
           addr |-> "0x1068c" ],
     done |-> FALSE,
     executed |-> FALSE ],
   [ instr |->
         [ ind |-> 4476,
           type |-> "IntAlu",
           r0 |-> "a5",
           r1 |-> "",
           r2 |-> "",
           addr |-> "0x10690" ],
     done |-> FALSE,
     executed |-> TRUE ],
   [ instr |->
         [ ind |-> 4477,
           type |-> "IntAlu",
           r0 |-> "a5",
           r1 |-> "a4",
           r2 |-> "",
           addr |-> "0x10692" ],
     done |-> FALSE,
     executed |-> FALSE ],
   [ instr |->
         [ ind |-> 4478,
           type |-> "IntAlu",
           r0 |-> "a5",
           r1 |-> "",
           r2 |-> "",
           addr |-> "0x10568" ],
     done |-> FALSE,
     executed |-> TRUE ],
   [ instr |->
         [ ind |-> 4479,
           type |-> "MemRead",
           r0 |-> "a5",
           r1 |-> "",
           r2 |-> "",
           addr |-> "0x1056c" ],
     done |-> FALSE,
     executed |-> FALSE ],
   [ instr |->
         [ ind |-> 4480,
           type |-> "IntAlu",
           r0 |-> "a5",
           r1 |-> "",
           r2 |-> "",
           addr |-> "0x10570" ],
     done |-> FALSE,
     executed |-> TRUE ],
   [ instr |->
         [ ind |-> 4481,
           type |-> "IntAlu",
           r0 |-> "a4",
           r1 |-> "a5",
           r2 |-> "",
           addr |-> "0x10572" ],
     done |-> FALSE,
     executed |-> FALSE ],
   [ instr |->
         [ ind |-> 4482,
           type |-> "IntAlu",
           r0 |-> "a5",
           r1 |-> "",
           r2 |-> "",
           addr |-> "0x10576" ],
     done |-> FALSE,
     executed |-> TRUE ],
   [ instr |->
         [ ind |-> 4483,
           type |-> "MemWrite",
           r0 |-> "a4",
           r1 |-> "",
           r2 |-> "",
           addr |-> "0x1057a" ],
     done |-> FALSE,
     executed |-> FALSE ],
   [ instr |->
         [ ind |-> 4484,
           type |-> "MemRead",
           r0 |-> "a5",
           r1 |-> "",
           r2 |-> "",
           addr |-> "0x1057e" ],
     done |-> FALSE,
     executed |-> FALSE ],
   [ instr |->
         [ ind |-> 4485,
           type |-> "MemWrite",
           r0 |-> "a5",
           r1 |-> "",
           r2 |-> "",
           addr |-> "0x10582" ],
     done |-> FALSE,
     executed |-> FALSE ] >>
/\ _FU = << [ instr |->
         [ ind |-> 4488,
           type |-> "IntAlu",
           r0 |-> "",
           r1 |-> "",
           r2 |-> "",
           addr |-> "0x1058e" ],
     baseLat |-> 1,
     currLat |-> 1 ],
   [ instr |->
         [ ind |-> 0,
           type |-> "No_OpClass",
           r0 |-> "",
           r1 |-> "",
           r2 |-> "",
           addr |-> "" ],
     baseLat |-> 1,
     currLat |-> 1 ],
   [ instr |->
         [ ind |-> 0,
           type |-> "No_OpClass",
           r0 |-> "",
           r1 |-> "",
           r2 |-> "",
           addr |-> "" ],
     baseLat |-> 1,
     currLat |-> 1 ],
   [ instr |->
         [ ind |-> 0,
           type |-> "No_OpClass",
           r0 |-> "",
           r1 |-> "",
           r2 |-> "",
           addr |-> "" ],
     baseLat |-> 1,
     currLat |-> 1 ] >>

@!@!@ENDMSG 2217 @!@!@
@!@!@STARTMSG 2217:4 @!@!@
18: <Next line 63, col 9 to line 67, col 64 of module pipeline_ooo>
/\ _RS2 = << { [ ind |-> 4477,
       type |-> "IntAlu",
       r0 |-> "a5",
       r1 |-> "a4",
       r2 |-> "",
       addr |-> "0x10692" ],
     [ ind |-> 4481,
       type |-> "IntAlu",
       r0 |-> "a4",
       r1 |-> "a5",
       r2 |-> "",
       addr |-> "0x10572" ] },
   { [ ind |-> 4483,
       type |-> "MemWrite",
       r0 |-> "a4",
       r1 |-> "",
       r2 |-> "",
       addr |-> "0x1057a" ],
     [ ind |-> 4484,
       type |-> "MemRead",
       r0 |-> "a5",
       r1 |-> "",
       r2 |-> "",
       addr |-> "0x1057e" ],
     [ ind |-> 4485,
       type |-> "MemWrite",
       r0 |-> "a5",
       r1 |-> "",
       r2 |-> "",
       addr |-> "0x10582" ] },
   {},
   {} >>
/\ _COM2 = << [ ind |-> 4474,
     type |-> "MemRead",
     r0 |-> "a5",
     r1 |-> "",
     r2 |-> "",
     addr |-> "0x10688" ],
   [ ind |-> 0,
     type |-> "No_OpClass",
     r0 |-> "",
     r1 |-> "",
     r2 |-> "",
     addr |-> "" ] >>
/\ _ID = << [ ind |-> 0,
     type |-> "No_OpClass",
     r0 |-> "",
     r1 |-> "",
     r2 |-> "",
     addr |-> "" ],
   [ ind |-> 0,
     type |-> "No_OpClass",
     r0 |-> "",
     r1 |-> "",
     r2 |-> "",
     addr |-> "" ] >>
/\ _IF = << [ instr |->
         [ ind |-> 0,
           type |-> "No_OpClass",
           r0 |-> "",
           r1 |-> "",
           r2 |-> "",
           addr |-> "" ],
     baseLat |-> 1,
     currLat |-> 1 ],
   [ instr |->
         [ ind |-> 0,
           type |-> "No_OpClass",
           r0 |-> "",
           r1 |-> "",
           r2 |-> "",
           addr |-> "" ],
     baseLat |-> 1,
     currLat |-> 1 ] >>
/\ _FU2 = << [ instr |->
         [ ind |-> 4475,
           type |-> "IntAlu",
           r0 |-> "a4",
           r1 |-> "a5",
           r2 |-> "",
           addr |-> "0x1068c" ],
     baseLat |-> 1,
     currLat |-> 1 ],
   [ instr |->
         [ ind |-> 4479,
           type |-> "MemRead",
           r0 |-> "a5",
           r1 |-> "",
           r2 |-> "",
           addr |-> "0x1056c" ],
     baseLat |-> 1,
     currLat |-> 1 ],
   [ instr |->
         [ ind |-> 0,
           type |-> "No_OpClass",
           r0 |-> "",
           r1 |-> "",
           r2 |-> "",
           addr |-> "" ],
     baseLat |-> 1,
     currLat |-> 1 ],
   [ instr |->
         [ ind |-> 0,
           type |-> "No_OpClass",
           r0 |-> "",
           r1 |-> "",
           r2 |-> "",
           addr |-> "" ],
     baseLat |-> 1,
     currLat |-> 1 ] >>
/\ _COM = << [ ind |-> 4486,
     type |-> "IntAlu",
     r0 |-> "a5",
     r1 |-> "",
     r2 |-> "",
     addr |-> "0x10586" ],
   [ ind |-> 4487,
     type |-> "MemWrite",
     r0 |-> "zero",
     r1 |-> "",
     r2 |-> "",
     addr |-> "0x1058a" ] >>
/\ exec_inst2 = 2
/\ _ID2 = << [ ind |-> 4486,
     type |-> "IntAlu",
     r0 |-> "a5",
     r1 |-> "",
     r2 |-> "",
     addr |-> "0x10586" ],
   [ ind |-> 4487,
     type |-> "MemWrite",
     r0 |-> "zero",
     r1 |-> "",
     r2 |-> "",
     addr |-> "0x1058a" ] >>
/\ graph = [ nodes |->
      << [ ind |-> 4466,
           addr |-> "0x10552",
           COM |-> 4,
           IFacq |-> 1,
           IFrel |-> 2,
           IDacq |-> 2,
           IDrel |-> 3,
           FUacq |-> 3,
           FUrel |-> 4,
           ROB |-> 2,
           RS |-> 2,
           FU |-> 1 ],
         [ ind |-> 4467,
           addr |-> "0x10554",
           COM |-> 4,
           IFacq |-> 1,
           IFrel |-> 2,
           IDacq |-> 2,
           IDrel |-> 3,
           FUacq |-> 3,
           FUrel |-> 4,
           ROB |-> 2,
           RS |-> 2,
           FU |-> 2 ],
         [ ind |-> 4468,
           addr |-> "0x10556",
           COM |-> 5,
           IFacq |-> 2,
           IFrel |-> 3,
           IDacq |-> 3,
           IDrel |-> 4,
           FUacq |-> 4,
           FUrel |-> 5,
           ROB |-> 3,
           RS |-> 3,
           FU |-> 1 ],
         [ ind |-> 4469,
           addr |-> "0x10558",
           COM |-> 6,
           IFacq |-> 2,
           IFrel |-> 3,
           IDacq |-> 3,
           IDrel |-> 4,
           FUacq |-> 5,
           FUrel |-> 6,
           ROB |-> 3,
           RS |-> 3,
           FU |-> 1 ],
         [ ind |-> 4470,
           addr |-> "0x1055a",
           COM |-> 6,
           IFacq |-> 3,
           IFrel |-> 4,
           IDacq |-> 4,
           IDrel |-> 5,
           FUacq |-> 5,
           FUrel |-> 6,
           ROB |-> 4,
           RS |-> 4,
           FU |-> 2 ],
         [ ind |-> 4471,
           addr |-> "0x1055e",
           COM |-> 7,
           IFacq |-> 3,
           IFrel |-> 4,
           IDacq |-> 4,
           IDrel |-> 5,
           FUacq |-> 6,
           FUrel |-> 7,
           ROB |-> 4,
           RS |-> 4,
           FU |-> 1 ],
         [ ind |-> 4472,
           addr |-> "0x10562",
           COM |-> 7,
           IFacq |-> 4,
           IFrel |-> 5,
           IDacq |-> 5,
           IDrel |-> 6,
           FUacq |-> 6,
           FUrel |-> 7,
           ROB |-> 5,
           RS |-> 5,
           FU |-> 2 ],
         [ ind |-> 4473,
           addr |-> "0x10566",
           COM |-> 8,
           IFacq |-> 4,
           IFrel |-> 5,
           IDacq |-> 5,
           IDrel |-> 6,
           FUacq |-> 7,
           FUrel |-> 8,
           ROB |-> 5,
           RS |-> 5,
           FU |-> 1 ],
         [ ind |-> 4474,
           addr |-> "0x10688",
           COM |-> 8,
           IFacq |-> 5,
           IFrel |-> 6,
           IDacq |-> 6,
           IDrel |-> 7,
           FUacq |-> 7,
           FUrel |-> 8,
           ROB |-> 6,
           RS |-> 6,
           FU |-> 2 ],
         [ ind |-> 4475,
           addr |-> "0x1068c",
           COM |-> 9,
           IFacq |-> 5,
           IFrel |-> 6,
           IDacq |-> 6,
           IDrel |-> 7,
           FUacq |-> 8,
           FUrel |-> 9,
           ROB |-> 6,
           RS |-> 6,
           FU |-> 1 ],
         [ ind |-> 4476,
           addr |-> "0x10690",
           COM |-> 10,
           IFacq |-> 6,
           IFrel |-> 7,
           IDacq |-> 7,
           IDrel |-> 8,
           FUacq |-> 9,
           FUrel |-> 10,
           ROB |-> 7,
           RS |-> 7,
           FU |-> 1 ],
         [ ind |-> 4477,
           addr |-> "0x10692",
           COM |-> 11,
           IFacq |-> 6,
           IFrel |-> 7,
           IDacq |-> 7,
           IDrel |-> 8,
           FUacq |-> 10,
           FUrel |-> 11,
           ROB |-> 7,
           RS |-> 7,
           FU |-> 1 ],
         [ ind |-> 4478,
           addr |-> "0x10568",
           COM |-> 12,
           IFacq |-> 7,
           IFrel |-> 8,
           IDacq |-> 8,
           IDrel |-> 9,
           FUacq |-> 11,
           FUrel |-> 12,
           ROB |-> 8,
           RS |-> 8,
           FU |-> 1 ],
         [ ind |-> 4479,
           addr |-> "0x1056c",
           COM |-> 12,
           IFacq |-> 7,
           IFrel |-> 8,
           IDacq |-> 8,
           IDrel |-> 9,
           FUacq |-> 9,
           FUrel |-> 10,
           ROB |-> 8,
           RS |-> 8,
           FU |-> 2 ],
         [ ind |-> 4480,
           addr |-> "0x10570",
           COM |-> 13,
           IFacq |-> 8,
           IFrel |-> 9,
           IDacq |-> 9,
           IDrel |-> 10,
           FUacq |-> 12,
           FUrel |-> 13,
           ROB |-> 9,
           RS |-> 9,
           FU |-> 1 ],
         [ ind |-> 4481,
           addr |-> "0x10572",
           COM |-> 14,
           IFacq |-> 8,
           IFrel |-> 9,
           IDacq |-> 9,
           IDrel |-> 10,
           FUacq |-> 13,
           FUrel |-> 14,
           ROB |-> 9,
           RS |-> 9,
           FU |-> 1 ],
         [ ind |-> 4482,
           addr |-> "0x10576",
           COM |-> 15,
           IFacq |-> 9,
           IFrel |-> 10,
           IDacq |-> 10,
           IDrel |-> 11,
           FUacq |-> 14,
           FUrel |-> 15,
           ROB |-> 10,
           RS |-> 10,
           FU |-> 1 ],
         [ ind |-> 4483,
           addr |-> "0x1057a",
           COM |-> 15,
           IFacq |-> 9,
           IFrel |-> 10,
           IDacq |-> 10,
           IDrel |-> 11,
           FUacq |-> 11,
           FUrel |-> 12,
           ROB |-> 10,
           RS |-> 10,
           FU |-> 2 ],
         [ ind |-> 4484,
           addr |-> "0x1057e",
           COM |-> 16,
           IFacq |-> 10,
           IFrel |-> 11,
           IDacq |-> 11,
           IDrel |-> 12,
           FUacq |-> 12,
           FUrel |-> 13,
           ROB |-> 11,
           RS |-> 11,
           FU |-> 2 ],
         [ ind |-> 4485,
           addr |-> "0x10582",
           COM |-> 16,
           IFacq |-> 10,
           IFrel |-> 11,
           IDacq |-> 11,
           IDrel |-> 12,
           FUacq |-> 13,
           FUrel |-> 14,
           ROB |-> 11,
           RS |-> 11,
           FU |-> 2 ],
         [ ind |-> 4486,
           addr |-> "0x10586",
           COM |-> 0,
           IFacq |-> 11,
           IFrel |-> 12,
           IDacq |-> 12,
           IDrel |-> 13,
           FUacq |-> 15,
           FUrel |-> 16,
           ROB |-> 12,
           RS |-> 12,
           FU |-> 1 ],
         [ ind |-> 4487,
           addr |-> "0x1058a",
           COM |-> 0,
           IFacq |-> 11,
           IFrel |-> 12,
           IDacq |-> 12,
           IDrel |-> 13,
           FUacq |-> 14,
           FUrel |-> 15,
           ROB |-> 12,
           RS |-> 12,
           FU |-> 2 ],
         [ ind |-> 4488,
           addr |-> "0x1058e",
           COM |-> 0,
           IFacq |-> 12,
           IFrel |-> 13,
           IDacq |-> 13,
           IDrel |-> 14,
           FUacq |-> 16,
           FUrel |-> 17,
           ROB |-> 13,
           RS |-> 13,
           FU |-> 1 ],
         [ ind |-> 4489,
           addr |-> "0x10608",
           COM |-> 0,
           IFacq |-> 12,
           IFrel |-> 13,
           IDacq |-> 13,
           IDrel |-> 14,
           FUacq |-> 0,
           FUrel |-> 0,
           ROB |-> 13,
           RS |-> 13,
           FU |-> 0 ],
         [ ind |-> 4490,
           addr |-> "0x1060c",
           COM |-> 0,
           IFacq |-> 13,
           IFrel |-> 14,
           IDacq |-> 14,
           IDrel |-> 15,
           FUacq |-> 0,
           FUrel |-> 0,
           ROB |-> 14,
           RS |-> 14,
           FU |-> 0 ],
         [ ind |-> 4491,
           addr |-> "0x10610",
           COM |-> 0,
           IFacq |-> 13,
           IFrel |-> 14,
           IDacq |-> 14,
           IDrel |-> 15,
           FUacq |-> 15,
           FUrel |-> 16,
           ROB |-> 14,
           RS |-> 14,
           FU |-> 2 ],
         [ ind |-> 4492,
           addr |-> "0x10614",
           COM |-> 0,
           IFacq |-> 14,
           IFrel |-> 15,
           IDacq |-> 15,
           IDrel |-> 16,
           FUacq |-> 0,
           FUrel |-> 0,
           ROB |-> 15,
           RS |-> 15,
           FU |-> 0 ],
         [ ind |-> 4493,
           addr |-> "0x10616",
           COM |-> 0,
           IFacq |-> 14,
           IFrel |-> 15,
           IDacq |-> 15,
           IDrel |-> 16,
           FUacq |-> 0,
           FUrel |-> 0,
           ROB |-> 15,
           RS |-> 15,
           FU |-> 0 ],
         [ ind |-> 4494,
           addr |-> "0x10618",
           COM |-> 0,
           IFacq |-> 15,
           IFrel |-> 16,
           IDacq |-> 16,
           IDrel |-> 17,
           FUacq |-> 0,
           FUrel |-> 0,
           ROB |-> 16,
           RS |-> 16,
           FU |-> 0 ],
         [ ind |-> 4495,
           addr |-> "0x1061a",
           COM |-> 0,
           IFacq |-> 15,
           IFrel |-> 16,
           IDacq |-> 16,
           IDrel |-> 17,
           FUacq |-> 0,
           FUrel |-> 0,
           ROB |-> 16,
           RS |-> 16,
           FU |-> 0 ] >>,
  edges |->
      { [type |-> "D", source |-> 4466, dest |-> 4468],
        [type |-> "D", source |-> 4474, dest |-> 4475],
        [type |-> "D", source |-> 4480, dest |-> 4481] } ]
/\ currCycle2 = 17
/\ _IF2 = << [ instr |->
         [ ind |-> 4488,
           type |-> "IntAlu",
           r0 |-> "",
           r1 |-> "",
           r2 |-> "",
           addr |-> "0x1058e" ],
     baseLat |-> 1,
     currLat |-> 6 ],
   [ instr |->
         [ ind |-> 4489,
           type |-> "IntAlu",
           r0 |-> "a5",
           r1 |-> "",
           r2 |-> "",
           addr |-> "0x10608" ],
     baseLat |-> 1,
     currLat |-> 6 ] >>
/\ lastBound = 0
/\ graph2 = [ nodes |->
      << [ ind |-> 4466,
           addr |-> "0x10552",
           COM |-> 4,
           IFacq |-> 1,
           IFrel |-> 2,
           IDacq |-> 2,
           IDrel |-> 3,
           FUacq |-> 3,
           FUrel |-> 4,
           ROB |-> 2,
           RS |-> 2,
           FU |-> 1 ],
         [ ind |-> 4467,
           addr |-> "0x10554",
           COM |-> 4,
           IFacq |-> 1,
           IFrel |-> 2,
           IDacq |-> 2,
           IDrel |-> 3,
           FUacq |-> 3,
           FUrel |-> 4,
           ROB |-> 2,
           RS |-> 2,
           FU |-> 2 ],
         [ ind |-> 4468,
           addr |-> "0x10556",
           COM |-> 5,
           IFacq |-> 2,
           IFrel |-> 3,
           IDacq |-> 3,
           IDrel |-> 4,
           FUacq |-> 4,
           FUrel |-> 5,
           ROB |-> 3,
           RS |-> 3,
           FU |-> 1 ],
         [ ind |-> 4469,
           addr |-> "0x10558",
           COM |-> 6,
           IFacq |-> 2,
           IFrel |-> 3,
           IDacq |-> 3,
           IDrel |-> 4,
           FUacq |-> 5,
           FUrel |-> 6,
           ROB |-> 3,
           RS |-> 3,
           FU |-> 1 ],
         [ ind |-> 4470,
           addr |-> "0x1055a",
           COM |-> 6,
           IFacq |-> 3,
           IFrel |-> 4,
           IDacq |-> 4,
           IDrel |-> 5,
           FUacq |-> 5,
           FUrel |-> 6,
           ROB |-> 4,
           RS |-> 4,
           FU |-> 2 ],
         [ ind |-> 4471,
           addr |-> "0x1055e",
           COM |-> 7,
           IFacq |-> 3,
           IFrel |-> 4,
           IDacq |-> 4,
           IDrel |-> 5,
           FUacq |-> 6,
           FUrel |-> 7,
           ROB |-> 4,
           RS |-> 4,
           FU |-> 1 ],
         [ ind |-> 4472,
           addr |-> "0x10562",
           COM |-> 7,
           IFacq |-> 4,
           IFrel |-> 5,
           IDacq |-> 5,
           IDrel |-> 6,
           FUacq |-> 6,
           FUrel |-> 7,
           ROB |-> 5,
           RS |-> 5,
           FU |-> 2 ],
         [ ind |-> 4473,
           addr |-> "0x10566",
           COM |-> 8,
           IFacq |-> 4,
           IFrel |-> 5,
           IDacq |-> 5,
           IDrel |-> 6,
           FUacq |-> 7,
           FUrel |-> 8,
           ROB |-> 5,
           RS |-> 5,
           FU |-> 1 ],
         [ ind |-> 4474,
           addr |-> "0x10688",
           COM |-> 0,
           IFacq |-> 5,
           IFrel |-> 6,
           IDacq |-> 6,
           IDrel |-> 7,
           FUacq |-> 7,
           FUrel |-> 17,
           ROB |-> 6,
           RS |-> 6,
           FU |-> 2 ],
         [ ind |-> 4475,
           addr |-> "0x1068c",
           COM |-> 0,
           IFacq |-> 5,
           IFrel |-> 6,
           IDacq |-> 6,
           IDrel |-> 7,
           FUacq |-> 0,
           FUrel |-> 0,
           ROB |-> 6,
           RS |-> 6,
           FU |-> 0 ],
         [ ind |-> 4476,
           addr |-> "0x10690",
           COM |-> 0,
           IFacq |-> 6,
           IFrel |-> 7,
           IDacq |-> 7,
           IDrel |-> 8,
           FUacq |-> 8,
           FUrel |-> 9,
           ROB |-> 7,
           RS |-> 7,
           FU |-> 1 ],
         [ ind |-> 4477,
           addr |-> "0x10692",
           COM |-> 0,
           IFacq |-> 6,
           IFrel |-> 7,
           IDacq |-> 7,
           IDrel |-> 8,
           FUacq |-> 0,
           FUrel |-> 0,
           ROB |-> 7,
           RS |-> 7,
           FU |-> 0 ],
         [ ind |-> 4478,
           addr |-> "0x10568",
           COM |-> 0,
           IFacq |-> 7,
           IFrel |-> 8,
           IDacq |-> 8,
           IDrel |-> 9,
           FUacq |-> 9,
           FUrel |-> 10,
           ROB |-> 8,
           RS |-> 8,
           FU |-> 1 ],
         [ ind |-> 4479,
           addr |-> "0x1056c",
           COM |-> 0,
           IFacq |-> 7,
           IFrel |-> 8,
           IDacq |-> 8,
           IDrel |-> 9,
           FUacq |-> 0,
           FUrel |-> 0,
           ROB |-> 8,
           RS |-> 8,
           FU |-> 0 ],
         [ ind |-> 4480,
           addr |-> "0x10570",
           COM |-> 0,
           IFacq |-> 8,
           IFrel |-> 9,
           IDacq |-> 9,
           IDrel |-> 10,
           FUacq |-> 10,
           FUrel |-> 11,
           ROB |-> 9,
           RS |-> 9,
           FU |-> 1 ],
         [ ind |-> 4481,
           addr |-> "0x10572",
           COM |-> 0,
           IFacq |-> 8,
           IFrel |-> 9,
           IDacq |-> 9,
           IDrel |-> 10,
           FUacq |-> 0,
           FUrel |-> 0,
           ROB |-> 9,
           RS |-> 9,
           FU |-> 0 ],
         [ ind |-> 4482,
           addr |-> "0x10576",
           COM |-> 0,
           IFacq |-> 9,
           IFrel |-> 10,
           IDacq |-> 10,
           IDrel |-> 11,
           FUacq |-> 11,
           FUrel |-> 12,
           ROB |-> 10,
           RS |-> 10,
           FU |-> 1 ],
         [ ind |-> 4483,
           addr |-> "0x1057a",
           COM |-> 0,
           IFacq |-> 9,
           IFrel |-> 10,
           IDacq |-> 10,
           IDrel |-> 11,
           FUacq |-> 0,
           FUrel |-> 0,
           ROB |-> 10,
           RS |-> 10,
           FU |-> 0 ],
         [ ind |-> 4484,
           addr |-> "0x1057e",
           COM |-> 0,
           IFacq |-> 10,
           IFrel |-> 11,
           IDacq |-> 11,
           IDrel |-> 12,
           FUacq |-> 0,
           FUrel |-> 0,
           ROB |-> 11,
           RS |-> 11,
           FU |-> 0 ],
         [ ind |-> 4485,
           addr |-> "0x10582",
           COM |-> 0,
           IFacq |-> 10,
           IFrel |-> 11,
           IDacq |-> 11,
           IDrel |-> 12,
           FUacq |-> 0,
           FUrel |-> 0,
           ROB |-> 11,
           RS |-> 11,
           FU |-> 0 ],
         [ ind |-> 4486,
           addr |-> "0x10586",
           COM |-> 0,
           IFacq |-> 11,
           IFrel |-> 12,
           IDacq |-> 12,
           IDrel |-> 0,
           FUacq |-> 0,
           FUrel |-> 0,
           ROB |-> 0,
           RS |-> 16,
           FU |-> 0 ],
         [ ind |-> 4487,
           addr |-> "0x1058a",
           COM |-> 0,
           IFacq |-> 11,
           IFrel |-> 12,
           IDacq |-> 12,
           IDrel |-> 0,
           FUacq |-> 0,
           FUrel |-> 0,
           ROB |-> 0,
           RS |-> 16,
           FU |-> 0 ],
         [ ind |-> 4488,
           addr |-> "0x1058e",
           COM |-> 0,
           IFacq |-> 12,
           IFrel |-> 13,
           IDacq |-> 0,
           IDrel |-> 0,
           FUacq |-> 0,
           FUrel |-> 0,
           ROB |-> 0,
           RS |-> 0,
           FU |-> 0 ],
         [ ind |-> 4489,
           addr |-> "0x10608",
           COM |-> 0,
           IFacq |-> 12,
           IFrel |-> 13,
           IDacq |-> 0,
           IDrel |-> 0,
           FUacq |-> 0,
           FUrel |-> 0,
           ROB |-> 0,
           RS |-> 0,
           FU |-> 0 ] >>,
  edges |-> {[type |-> "D", source |-> 4466, dest |-> 4468]} ]
/\ pc2 = 24
/\ robHead = 21
/\ rob = << [ instr |->
         [ ind |-> 4466,
           type |-> "IntAlu",
           r0 |-> "sp",
           r1 |-> "",
           r2 |-> "",
           addr |-> "0x10552" ],
     done |-> TRUE,
     executed |-> TRUE ],
   [ instr |->
         [ ind |-> 4467,
           type |-> "MemWrite",
           r0 |-> "s0",
           r1 |-> "",
           r2 |-> "",
           addr |-> "0x10554" ],
     done |-> TRUE,
     executed |-> TRUE ],
   [ instr |->
         [ ind |-> 4468,
           type |-> "IntAlu",
           r0 |-> "s0",
           r1 |-> "sp",
           r2 |-> "",
           addr |-> "0x10556" ],
     done |-> TRUE,
     executed |-> TRUE ],
   [ instr |->
         [ ind |-> 4469,
           type |-> "IntAlu",
           r0 |-> "a5",
           r1 |-> "",
           r2 |-> "",
           addr |-> "0x10558" ],
     done |-> TRUE,
     executed |-> TRUE ],
   [ instr |->
         [ ind |-> 4470,
           type |-> "MemWrite",
           r0 |-> "a5",
           r1 |-> "",
           r2 |-> "",
           addr |-> "0x1055a" ],
     done |-> TRUE,
     executed |-> TRUE ],
   [ instr |->
         [ ind |-> 4471,
           type |-> "IntAlu",
           r0 |-> "a5",
           r1 |-> "",
           r2 |-> "",
           addr |-> "0x1055e" ],
     done |-> TRUE,
     executed |-> TRUE ],
   [ instr |->
         [ ind |-> 4472,
           type |-> "MemWrite",
           r0 |-> "zero",
           r1 |-> "",
           r2 |-> "",
           addr |-> "0x10562" ],
     done |-> TRUE,
     executed |-> TRUE ],
   [ instr |->
         [ ind |-> 4473,
           type |-> "IntAlu",
           r0 |-> "",
           r1 |-> "",
           r2 |-> "",
           addr |-> "0x10566" ],
     done |-> TRUE,
     executed |-> TRUE ],
   [ instr |->
         [ ind |-> 4474,
           type |-> "MemRead",
           r0 |-> "a5",
           r1 |-> "",
           r2 |-> "",
           addr |-> "0x10688" ],
     done |-> TRUE,
     executed |-> TRUE ],
   [ instr |->
         [ ind |-> 4475,
           type |-> "IntAlu",
           r0 |-> "a4",
           r1 |-> "a5",
           r2 |-> "",
           addr |-> "0x1068c" ],
     done |-> TRUE,
     executed |-> TRUE ],
   [ instr |->
         [ ind |-> 4476,
           type |-> "IntAlu",
           r0 |-> "a5",
           r1 |-> "",
           r2 |-> "",
           addr |-> "0x10690" ],
     done |-> TRUE,
     executed |-> TRUE ],
   [ instr |->
         [ ind |-> 4477,
           type |-> "IntAlu",
           r0 |-> "a5",
           r1 |-> "a4",
           r2 |-> "",
           addr |-> "0x10692" ],
     done |-> TRUE,
     executed |-> TRUE ],
   [ instr |->
         [ ind |-> 4478,
           type |-> "IntAlu",
           r0 |-> "a5",
           r1 |-> "",
           r2 |-> "",
           addr |-> "0x10568" ],
     done |-> TRUE,
     executed |-> TRUE ],
   [ instr |->
         [ ind |-> 4479,
           type |-> "MemRead",
           r0 |-> "a5",
           r1 |-> "",
           r2 |-> "",
           addr |-> "0x1056c" ],
     done |-> TRUE,
     executed |-> TRUE ],
   [ instr |->
         [ ind |-> 4480,
           type |-> "IntAlu",
           r0 |-> "a5",
           r1 |-> "",
           r2 |-> "",
           addr |-> "0x10570" ],
     done |-> TRUE,
     executed |-> TRUE ],
   [ instr |->
         [ ind |-> 4481,
           type |-> "IntAlu",
           r0 |-> "a4",
           r1 |-> "a5",
           r2 |-> "",
           addr |-> "0x10572" ],
     done |-> TRUE,
     executed |-> TRUE ],
   [ instr |->
         [ ind |-> 4482,
           type |-> "IntAlu",
           r0 |-> "a5",
           r1 |-> "",
           r2 |-> "",
           addr |-> "0x10576" ],
     done |-> TRUE,
     executed |-> TRUE ],
   [ instr |->
         [ ind |-> 4483,
           type |-> "MemWrite",
           r0 |-> "a4",
           r1 |-> "",
           r2 |-> "",
           addr |-> "0x1057a" ],
     done |-> TRUE,
     executed |-> TRUE ],
   [ instr |->
         [ ind |-> 4484,
           type |-> "MemRead",
           r0 |-> "a5",
           r1 |-> "",
           r2 |-> "",
           addr |-> "0x1057e" ],
     done |-> TRUE,
     executed |-> TRUE ],
   [ instr |->
         [ ind |-> 4485,
           type |-> "MemWrite",
           r0 |-> "a5",
           r1 |-> "",
           r2 |-> "",
           addr |-> "0x10582" ],
     done |-> TRUE,
     executed |-> TRUE ],
   [ instr |->
         [ ind |-> 4486,
           type |-> "IntAlu",
           r0 |-> "a5",
           r1 |-> "",
           r2 |-> "",
           addr |-> "0x10586" ],
     done |-> FALSE,
     executed |-> TRUE ],
   [ instr |->
         [ ind |-> 4487,
           type |-> "MemWrite",
           r0 |-> "zero",
           r1 |-> "",
           r2 |-> "",
           addr |-> "0x1058a" ],
     done |-> FALSE,
     executed |-> TRUE ],
   [ instr |->
         [ ind |-> 4488,
           type |-> "IntAlu",
           r0 |-> "",
           r1 |-> "",
           r2 |-> "",
           addr |-> "0x1058e" ],
     done |-> FALSE,
     executed |-> TRUE ],
   [ instr |->
         [ ind |-> 4489,
           type |-> "IntAlu",
           r0 |-> "a5",
           r1 |-> "",
           r2 |-> "",
           addr |-> "0x10608" ],
     done |-> FALSE,
     executed |-> FALSE ],
   [ instr |->
         [ ind |-> 4490,
           type |-> "IntAlu",
           r0 |-> "a4",
           r1 |-> "a5",
           r2 |-> "",
           addr |-> "0x1060c" ],
     done |-> FALSE,
     executed |-> FALSE ],
   [ instr |->
         [ ind |-> 4491,
           type |-> "MemRead",
           r0 |-> "a5",
           r1 |-> "",
           r2 |-> "",
           addr |-> "0x10610" ],
     done |-> FALSE,
     executed |-> TRUE ],
   [ instr |->
         [ ind |-> 4492,
           type |-> "IntAlu",
           r0 |-> "a5",
           r1 |-> "",
           r2 |-> "",
           addr |-> "0x10614" ],
     done |-> FALSE,
     executed |-> FALSE ],
   [ instr |->
         [ ind |-> 4493,
           type |-> "IntAlu",
           r0 |-> "a5",
           r1 |-> "a4",
           r2 |-> "",
           addr |-> "0x10616" ],
     done |-> FALSE,
     executed |-> FALSE ],
   [ instr |->
         [ ind |-> 4494,
           type |-> "MemRead",
           r0 |-> "a3",
           r1 |-> "",
           r2 |-> "",
           addr |-> "0x10618" ],
     done |-> FALSE,
     executed |-> FALSE ],
   [ instr |->
         [ ind |-> 4495,
           type |-> "MemRead",
           r0 |-> "a5",
           r1 |-> "",
           r2 |-> "",
           addr |-> "0x1061a" ],
     done |-> FALSE,
     executed |-> FALSE ] >>
/\ _RS = << { [ ind |-> 4490,
       type |-> "IntAlu",
       r0 |-> "a4",
       r1 |-> "a5",
       r2 |-> "",
       addr |-> "0x1060c" ],
     [ ind |-> 4492,
       type |-> "IntAlu",
       r0 |-> "a5",
       r1 |-> "",
       r2 |-> "",
       addr |-> "0x10614" ],
     [ ind |-> 4493,
       type |-> "IntAlu",
       r0 |-> "a5",
       r1 |-> "a4",
       r2 |-> "",
       addr |-> "0x10616" ] },
   { [ ind |-> 4495,
       type |-> "MemRead",
       r0 |-> "a5",
       r1 |-> "",
       r2 |-> "",
       addr |-> "0x1061a" ] },
   {},
   {} >>
/\ currCycle = 17
/\ exec_inst = 1
/\ robHead2 = 9
/\ pc = 30
/\ rob2 = << [ instr |->
         [ ind |-> 4466,
           type |-> "IntAlu",
           r0 |-> "sp",
           r1 |-> "",
           r2 |-> "",
           addr |-> "0x10552" ],
     done |-> TRUE,
     executed |-> TRUE ],
   [ instr |->
         [ ind |-> 4467,
           type |-> "MemWrite",
           r0 |-> "s0",
           r1 |-> "",
           r2 |-> "",
           addr |-> "0x10554" ],
     done |-> TRUE,
     executed |-> TRUE ],
   [ instr |->
         [ ind |-> 4468,
           type |-> "IntAlu",
           r0 |-> "s0",
           r1 |-> "sp",
           r2 |-> "",
           addr |-> "0x10556" ],
     done |-> TRUE,
     executed |-> TRUE ],
   [ instr |->
         [ ind |-> 4469,
           type |-> "IntAlu",
           r0 |-> "a5",
           r1 |-> "",
           r2 |-> "",
           addr |-> "0x10558" ],
     done |-> TRUE,
     executed |-> TRUE ],
   [ instr |->
         [ ind |-> 4470,
           type |-> "MemWrite",
           r0 |-> "a5",
           r1 |-> "",
           r2 |-> "",
           addr |-> "0x1055a" ],
     done |-> TRUE,
     executed |-> TRUE ],
   [ instr |->
         [ ind |-> 4471,
           type |-> "IntAlu",
           r0 |-> "a5",
           r1 |-> "",
           r2 |-> "",
           addr |-> "0x1055e" ],
     done |-> TRUE,
     executed |-> TRUE ],
   [ instr |->
         [ ind |-> 4472,
           type |-> "MemWrite",
           r0 |-> "zero",
           r1 |-> "",
           r2 |-> "",
           addr |-> "0x10562" ],
     done |-> TRUE,
     executed |-> TRUE ],
   [ instr |->
         [ ind |-> 4473,
           type |-> "IntAlu",
           r0 |-> "",
           r1 |-> "",
           r2 |-> "",
           addr |-> "0x10566" ],
     done |-> TRUE,
     executed |-> TRUE ],
   [ instr |->
         [ ind |-> 4474,
           type |-> "MemRead",
           r0 |-> "a5",
           r1 |-> "",
           r2 |-> "",
           addr |-> "0x10688" ],
     done |-> FALSE,
     executed |-> TRUE ],
   [ instr |->
         [ ind |-> 4475,
           type |-> "IntAlu",
           r0 |-> "a4",
           r1 |-> "a5",
           r2 |-> "",
           addr |-> "0x1068c" ],
     done |-> FALSE,
     executed |-> FALSE ],
   [ instr |->
         [ ind |-> 4476,
           type |-> "IntAlu",
           r0 |-> "a5",
           r1 |-> "",
           r2 |-> "",
           addr |-> "0x10690" ],
     done |-> FALSE,
     executed |-> TRUE ],
   [ instr |->
         [ ind |-> 4477,
           type |-> "IntAlu",
           r0 |-> "a5",
           r1 |-> "a4",
           r2 |-> "",
           addr |-> "0x10692" ],
     done |-> FALSE,
     executed |-> FALSE ],
   [ instr |->
         [ ind |-> 4478,
           type |-> "IntAlu",
           r0 |-> "a5",
           r1 |-> "",
           r2 |-> "",
           addr |-> "0x10568" ],
     done |-> FALSE,
     executed |-> TRUE ],
   [ instr |->
         [ ind |-> 4479,
           type |-> "MemRead",
           r0 |-> "a5",
           r1 |-> "",
           r2 |-> "",
           addr |-> "0x1056c" ],
     done |-> FALSE,
     executed |-> FALSE ],
   [ instr |->
         [ ind |-> 4480,
           type |-> "IntAlu",
           r0 |-> "a5",
           r1 |-> "",
           r2 |-> "",
           addr |-> "0x10570" ],
     done |-> FALSE,
     executed |-> TRUE ],
   [ instr |->
         [ ind |-> 4481,
           type |-> "IntAlu",
           r0 |-> "a4",
           r1 |-> "a5",
           r2 |-> "",
           addr |-> "0x10572" ],
     done |-> FALSE,
     executed |-> FALSE ],
   [ instr |->
         [ ind |-> 4482,
           type |-> "IntAlu",
           r0 |-> "a5",
           r1 |-> "",
           r2 |-> "",
           addr |-> "0x10576" ],
     done |-> FALSE,
     executed |-> TRUE ],
   [ instr |->
         [ ind |-> 4483,
           type |-> "MemWrite",
           r0 |-> "a4",
           r1 |-> "",
           r2 |-> "",
           addr |-> "0x1057a" ],
     done |-> FALSE,
     executed |-> FALSE ],
   [ instr |->
         [ ind |-> 4484,
           type |-> "MemRead",
           r0 |-> "a5",
           r1 |-> "",
           r2 |-> "",
           addr |-> "0x1057e" ],
     done |-> FALSE,
     executed |-> FALSE ],
   [ instr |->
         [ ind |-> 4485,
           type |-> "MemWrite",
           r0 |-> "a5",
           r1 |-> "",
           r2 |-> "",
           addr |-> "0x10582" ],
     done |-> FALSE,
     executed |-> FALSE ] >>
/\ _FU = << [ instr |->
         [ ind |-> 4489,
           type |-> "IntAlu",
           r0 |-> "a5",
           r1 |-> "",
           r2 |-> "",
           addr |-> "0x10608" ],
     baseLat |-> 1,
     currLat |-> 1 ],
   [ instr |->
         [ ind |-> 4494,
           type |-> "MemRead",
           r0 |-> "a3",
           r1 |-> "",
           r2 |-> "",
           addr |-> "0x10618" ],
     baseLat |-> 1,
     currLat |-> 1 ],
   [ instr |->
         [ ind |-> 0,
           type |-> "No_OpClass",
           r0 |-> "",
           r1 |-> "",
           r2 |-> "",
           addr |-> "" ],
     baseLat |-> 1,
     currLat |-> 1 ],
   [ instr |->
         [ ind |-> 0,
           type |-> "No_OpClass",
           r0 |-> "",
           r1 |-> "",
           r2 |-> "",
           addr |-> "" ],
     baseLat |-> 1,
     currLat |-> 1 ] >>

@!@!@ENDMSG 2217 @!@!@
@!@!@STARTMSG 2217:4 @!@!@
19: <Next line 63, col 9 to line 67, col 64 of module pipeline_ooo>
/\ _RS2 = << { [ ind |-> 4481,
       type |-> "IntAlu",
       r0 |-> "a4",
       r1 |-> "a5",
       r2 |-> "",
       addr |-> "0x10572" ] },
   { [ ind |-> 4484,
       type |-> "MemRead",
       r0 |-> "a5",
       r1 |-> "",
       r2 |-> "",
       addr |-> "0x1057e" ],
     [ ind |-> 4485,
       type |-> "MemWrite",
       r0 |-> "a5",
       r1 |-> "",
       r2 |-> "",
       addr |-> "0x10582" ] },
   {},
   {} >>
/\ _COM2 = << [ ind |-> 4475,
     type |-> "IntAlu",
     r0 |-> "a4",
     r1 |-> "a5",
     r2 |-> "",
     addr |-> "0x1068c" ],
   [ ind |-> 4476,
     type |-> "IntAlu",
     r0 |-> "a5",
     r1 |-> "",
     r2 |-> "",
     addr |-> "0x10690" ] >>
/\ _ID = << [ ind |-> 0,
     type |-> "No_OpClass",
     r0 |-> "",
     r1 |-> "",
     r2 |-> "",
     addr |-> "" ],
   [ ind |-> 0,
     type |-> "No_OpClass",
     r0 |-> "",
     r1 |-> "",
     r2 |-> "",
     addr |-> "" ] >>
/\ _IF = << [ instr |->
         [ ind |-> 0,
           type |-> "No_OpClass",
           r0 |-> "",
           r1 |-> "",
           r2 |-> "",
           addr |-> "" ],
     baseLat |-> 1,
     currLat |-> 1 ],
   [ instr |->
         [ ind |-> 0,
           type |-> "No_OpClass",
           r0 |-> "",
           r1 |-> "",
           r2 |-> "",
           addr |-> "" ],
     baseLat |-> 1,
     currLat |-> 1 ] >>
/\ _FU2 = << [ instr |->
         [ ind |-> 4477,
           type |-> "IntAlu",
           r0 |-> "a5",
           r1 |-> "a4",
           r2 |-> "",
           addr |-> "0x10692" ],
     baseLat |-> 1,
     currLat |-> 1 ],
   [ instr |->
         [ ind |-> 4483,
           type |-> "MemWrite",
           r0 |-> "a4",
           r1 |-> "",
           r2 |-> "",
           addr |-> "0x1057a" ],
     baseLat |-> 1,
     currLat |-> 1 ],
   [ instr |->
         [ ind |-> 0,
           type |-> "No_OpClass",
           r0 |-> "",
           r1 |-> "",
           r2 |-> "",
           addr |-> "" ],
     baseLat |-> 1,
     currLat |-> 1 ],
   [ instr |->
         [ ind |-> 0,
           type |-> "No_OpClass",
           r0 |-> "",
           r1 |-> "",
           r2 |-> "",
           addr |-> "" ],
     baseLat |-> 1,
     currLat |-> 1 ] >>
/\ _COM = << [ ind |-> 4488,
     type |-> "IntAlu",
     r0 |-> "",
     r1 |-> "",
     r2 |-> "",
     addr |-> "0x1058e" ],
   [ ind |-> 4489,
     type |-> "IntAlu",
     r0 |-> "a5",
     r1 |-> "",
     r2 |-> "",
     addr |-> "0x10608" ] >>
/\ exec_inst2 = 2
/\ _ID2 = << [ ind |-> 4486,
     type |-> "IntAlu",
     r0 |-> "a5",
     r1 |-> "",
     r2 |-> "",
     addr |-> "0x10586" ],
   [ ind |-> 4487,
     type |-> "MemWrite",
     r0 |-> "zero",
     r1 |-> "",
     r2 |-> "",
     addr |-> "0x1058a" ] >>
/\ graph = [ nodes |->
      << [ ind |-> 4466,
           addr |-> "0x10552",
           COM |-> 4,
           IFacq |-> 1,
           IFrel |-> 2,
           IDacq |-> 2,
           IDrel |-> 3,
           FUacq |-> 3,
           FUrel |-> 4,
           ROB |-> 2,
           RS |-> 2,
           FU |-> 1 ],
         [ ind |-> 4467,
           addr |-> "0x10554",
           COM |-> 4,
           IFacq |-> 1,
           IFrel |-> 2,
           IDacq |-> 2,
           IDrel |-> 3,
           FUacq |-> 3,
           FUrel |-> 4,
           ROB |-> 2,
           RS |-> 2,
           FU |-> 2 ],
         [ ind |-> 4468,
           addr |-> "0x10556",
           COM |-> 5,
           IFacq |-> 2,
           IFrel |-> 3,
           IDacq |-> 3,
           IDrel |-> 4,
           FUacq |-> 4,
           FUrel |-> 5,
           ROB |-> 3,
           RS |-> 3,
           FU |-> 1 ],
         [ ind |-> 4469,
           addr |-> "0x10558",
           COM |-> 6,
           IFacq |-> 2,
           IFrel |-> 3,
           IDacq |-> 3,
           IDrel |-> 4,
           FUacq |-> 5,
           FUrel |-> 6,
           ROB |-> 3,
           RS |-> 3,
           FU |-> 1 ],
         [ ind |-> 4470,
           addr |-> "0x1055a",
           COM |-> 6,
           IFacq |-> 3,
           IFrel |-> 4,
           IDacq |-> 4,
           IDrel |-> 5,
           FUacq |-> 5,
           FUrel |-> 6,
           ROB |-> 4,
           RS |-> 4,
           FU |-> 2 ],
         [ ind |-> 4471,
           addr |-> "0x1055e",
           COM |-> 7,
           IFacq |-> 3,
           IFrel |-> 4,
           IDacq |-> 4,
           IDrel |-> 5,
           FUacq |-> 6,
           FUrel |-> 7,
           ROB |-> 4,
           RS |-> 4,
           FU |-> 1 ],
         [ ind |-> 4472,
           addr |-> "0x10562",
           COM |-> 7,
           IFacq |-> 4,
           IFrel |-> 5,
           IDacq |-> 5,
           IDrel |-> 6,
           FUacq |-> 6,
           FUrel |-> 7,
           ROB |-> 5,
           RS |-> 5,
           FU |-> 2 ],
         [ ind |-> 4473,
           addr |-> "0x10566",
           COM |-> 8,
           IFacq |-> 4,
           IFrel |-> 5,
           IDacq |-> 5,
           IDrel |-> 6,
           FUacq |-> 7,
           FUrel |-> 8,
           ROB |-> 5,
           RS |-> 5,
           FU |-> 1 ],
         [ ind |-> 4474,
           addr |-> "0x10688",
           COM |-> 8,
           IFacq |-> 5,
           IFrel |-> 6,
           IDacq |-> 6,
           IDrel |-> 7,
           FUacq |-> 7,
           FUrel |-> 8,
           ROB |-> 6,
           RS |-> 6,
           FU |-> 2 ],
         [ ind |-> 4475,
           addr |-> "0x1068c",
           COM |-> 9,
           IFacq |-> 5,
           IFrel |-> 6,
           IDacq |-> 6,
           IDrel |-> 7,
           FUacq |-> 8,
           FUrel |-> 9,
           ROB |-> 6,
           RS |-> 6,
           FU |-> 1 ],
         [ ind |-> 4476,
           addr |-> "0x10690",
           COM |-> 10,
           IFacq |-> 6,
           IFrel |-> 7,
           IDacq |-> 7,
           IDrel |-> 8,
           FUacq |-> 9,
           FUrel |-> 10,
           ROB |-> 7,
           RS |-> 7,
           FU |-> 1 ],
         [ ind |-> 4477,
           addr |-> "0x10692",
           COM |-> 11,
           IFacq |-> 6,
           IFrel |-> 7,
           IDacq |-> 7,
           IDrel |-> 8,
           FUacq |-> 10,
           FUrel |-> 11,
           ROB |-> 7,
           RS |-> 7,
           FU |-> 1 ],
         [ ind |-> 4478,
           addr |-> "0x10568",
           COM |-> 12,
           IFacq |-> 7,
           IFrel |-> 8,
           IDacq |-> 8,
           IDrel |-> 9,
           FUacq |-> 11,
           FUrel |-> 12,
           ROB |-> 8,
           RS |-> 8,
           FU |-> 1 ],
         [ ind |-> 4479,
           addr |-> "0x1056c",
           COM |-> 12,
           IFacq |-> 7,
           IFrel |-> 8,
           IDacq |-> 8,
           IDrel |-> 9,
           FUacq |-> 9,
           FUrel |-> 10,
           ROB |-> 8,
           RS |-> 8,
           FU |-> 2 ],
         [ ind |-> 4480,
           addr |-> "0x10570",
           COM |-> 13,
           IFacq |-> 8,
           IFrel |-> 9,
           IDacq |-> 9,
           IDrel |-> 10,
           FUacq |-> 12,
           FUrel |-> 13,
           ROB |-> 9,
           RS |-> 9,
           FU |-> 1 ],
         [ ind |-> 4481,
           addr |-> "0x10572",
           COM |-> 14,
           IFacq |-> 8,
           IFrel |-> 9,
           IDacq |-> 9,
           IDrel |-> 10,
           FUacq |-> 13,
           FUrel |-> 14,
           ROB |-> 9,
           RS |-> 9,
           FU |-> 1 ],
         [ ind |-> 4482,
           addr |-> "0x10576",
           COM |-> 15,
           IFacq |-> 9,
           IFrel |-> 10,
           IDacq |-> 10,
           IDrel |-> 11,
           FUacq |-> 14,
           FUrel |-> 15,
           ROB |-> 10,
           RS |-> 10,
           FU |-> 1 ],
         [ ind |-> 4483,
           addr |-> "0x1057a",
           COM |-> 15,
           IFacq |-> 9,
           IFrel |-> 10,
           IDacq |-> 10,
           IDrel |-> 11,
           FUacq |-> 11,
           FUrel |-> 12,
           ROB |-> 10,
           RS |-> 10,
           FU |-> 2 ],
         [ ind |-> 4484,
           addr |-> "0x1057e",
           COM |-> 16,
           IFacq |-> 10,
           IFrel |-> 11,
           IDacq |-> 11,
           IDrel |-> 12,
           FUacq |-> 12,
           FUrel |-> 13,
           ROB |-> 11,
           RS |-> 11,
           FU |-> 2 ],
         [ ind |-> 4485,
           addr |-> "0x10582",
           COM |-> 16,
           IFacq |-> 10,
           IFrel |-> 11,
           IDacq |-> 11,
           IDrel |-> 12,
           FUacq |-> 13,
           FUrel |-> 14,
           ROB |-> 11,
           RS |-> 11,
           FU |-> 2 ],
         [ ind |-> 4486,
           addr |-> "0x10586",
           COM |-> 17,
           IFacq |-> 11,
           IFrel |-> 12,
           IDacq |-> 12,
           IDrel |-> 13,
           FUacq |-> 15,
           FUrel |-> 16,
           ROB |-> 12,
           RS |-> 12,
           FU |-> 1 ],
         [ ind |-> 4487,
           addr |-> "0x1058a",
           COM |-> 17,
           IFacq |-> 11,
           IFrel |-> 12,
           IDacq |-> 12,
           IDrel |-> 13,
           FUacq |-> 14,
           FUrel |-> 15,
           ROB |-> 12,
           RS |-> 12,
           FU |-> 2 ],
         [ ind |-> 4488,
           addr |-> "0x1058e",
           COM |-> 0,
           IFacq |-> 12,
           IFrel |-> 13,
           IDacq |-> 13,
           IDrel |-> 14,
           FUacq |-> 16,
           FUrel |-> 17,
           ROB |-> 13,
           RS |-> 13,
           FU |-> 1 ],
         [ ind |-> 4489,
           addr |-> "0x10608",
           COM |-> 0,
           IFacq |-> 12,
           IFrel |-> 13,
           IDacq |-> 13,
           IDrel |-> 14,
           FUacq |-> 17,
           FUrel |-> 18,
           ROB |-> 13,
           RS |-> 13,
           FU |-> 1 ],
         [ ind |-> 4490,
           addr |-> "0x1060c",
           COM |-> 0,
           IFacq |-> 13,
           IFrel |-> 14,
           IDacq |-> 14,
           IDrel |-> 15,
           FUacq |-> 0,
           FUrel |-> 0,
           ROB |-> 14,
           RS |-> 14,
           FU |-> 0 ],
         [ ind |-> 4491,
           addr |-> "0x10610",
           COM |-> 0,
           IFacq |-> 13,
           IFrel |-> 14,
           IDacq |-> 14,
           IDrel |-> 15,
           FUacq |-> 15,
           FUrel |-> 16,
           ROB |-> 14,
           RS |-> 14,
           FU |-> 2 ],
         [ ind |-> 4492,
           addr |-> "0x10614",
           COM |-> 0,
           IFacq |-> 14,
           IFrel |-> 15,
           IDacq |-> 15,
           IDrel |-> 16,
           FUacq |-> 0,
           FUrel |-> 0,
           ROB |-> 15,
           RS |-> 15,
           FU |-> 0 ],
         [ ind |-> 4493,
           addr |-> "0x10616",
           COM |-> 0,
           IFacq |-> 14,
           IFrel |-> 15,
           IDacq |-> 15,
           IDrel |-> 16,
           FUacq |-> 0,
           FUrel |-> 0,
           ROB |-> 15,
           RS |-> 15,
           FU |-> 0 ],
         [ ind |-> 4494,
           addr |-> "0x10618",
           COM |-> 0,
           IFacq |-> 15,
           IFrel |-> 16,
           IDacq |-> 16,
           IDrel |-> 17,
           FUacq |-> 17,
           FUrel |-> 18,
           ROB |-> 16,
           RS |-> 16,
           FU |-> 2 ],
         [ ind |-> 4495,
           addr |-> "0x1061a",
           COM |-> 0,
           IFacq |-> 15,
           IFrel |-> 16,
           IDacq |-> 16,
           IDrel |-> 17,
           FUacq |-> 0,
           FUrel |-> 0,
           ROB |-> 16,
           RS |-> 16,
           FU |-> 0 ] >>,
  edges |->
      { [type |-> "D", source |-> 4466, dest |-> 4468],
        [type |-> "D", source |-> 4474, dest |-> 4475],
        [type |-> "D", source |-> 4480, dest |-> 4481] } ]
/\ currCycle2 = 18
/\ _IF2 = << [ instr |->
         [ ind |-> 4488,
           type |-> "IntAlu",
           r0 |-> "",
           r1 |-> "",
           r2 |-> "",
           addr |-> "0x1058e" ],
     baseLat |-> 1,
     currLat |-> 7 ],
   [ instr |->
         [ ind |-> 4489,
           type |-> "IntAlu",
           r0 |-> "a5",
           r1 |-> "",
           r2 |-> "",
           addr |-> "0x10608" ],
     baseLat |-> 1,
     currLat |-> 7 ] >>
/\ lastBound = 0
/\ graph2 = [ nodes |->
      << [ ind |-> 4466,
           addr |-> "0x10552",
           COM |-> 4,
           IFacq |-> 1,
           IFrel |-> 2,
           IDacq |-> 2,
           IDrel |-> 3,
           FUacq |-> 3,
           FUrel |-> 4,
           ROB |-> 2,
           RS |-> 2,
           FU |-> 1 ],
         [ ind |-> 4467,
           addr |-> "0x10554",
           COM |-> 4,
           IFacq |-> 1,
           IFrel |-> 2,
           IDacq |-> 2,
           IDrel |-> 3,
           FUacq |-> 3,
           FUrel |-> 4,
           ROB |-> 2,
           RS |-> 2,
           FU |-> 2 ],
         [ ind |-> 4468,
           addr |-> "0x10556",
           COM |-> 5,
           IFacq |-> 2,
           IFrel |-> 3,
           IDacq |-> 3,
           IDrel |-> 4,
           FUacq |-> 4,
           FUrel |-> 5,
           ROB |-> 3,
           RS |-> 3,
           FU |-> 1 ],
         [ ind |-> 4469,
           addr |-> "0x10558",
           COM |-> 6,
           IFacq |-> 2,
           IFrel |-> 3,
           IDacq |-> 3,
           IDrel |-> 4,
           FUacq |-> 5,
           FUrel |-> 6,
           ROB |-> 3,
           RS |-> 3,
           FU |-> 1 ],
         [ ind |-> 4470,
           addr |-> "0x1055a",
           COM |-> 6,
           IFacq |-> 3,
           IFrel |-> 4,
           IDacq |-> 4,
           IDrel |-> 5,
           FUacq |-> 5,
           FUrel |-> 6,
           ROB |-> 4,
           RS |-> 4,
           FU |-> 2 ],
         [ ind |-> 4471,
           addr |-> "0x1055e",
           COM |-> 7,
           IFacq |-> 3,
           IFrel |-> 4,
           IDacq |-> 4,
           IDrel |-> 5,
           FUacq |-> 6,
           FUrel |-> 7,
           ROB |-> 4,
           RS |-> 4,
           FU |-> 1 ],
         [ ind |-> 4472,
           addr |-> "0x10562",
           COM |-> 7,
           IFacq |-> 4,
           IFrel |-> 5,
           IDacq |-> 5,
           IDrel |-> 6,
           FUacq |-> 6,
           FUrel |-> 7,
           ROB |-> 5,
           RS |-> 5,
           FU |-> 2 ],
         [ ind |-> 4473,
           addr |-> "0x10566",
           COM |-> 8,
           IFacq |-> 4,
           IFrel |-> 5,
           IDacq |-> 5,
           IDrel |-> 6,
           FUacq |-> 7,
           FUrel |-> 8,
           ROB |-> 5,
           RS |-> 5,
           FU |-> 1 ],
         [ ind |-> 4474,
           addr |-> "0x10688",
           COM |-> 17,
           IFacq |-> 5,
           IFrel |-> 6,
           IDacq |-> 6,
           IDrel |-> 7,
           FUacq |-> 7,
           FUrel |-> 17,
           ROB |-> 6,
           RS |-> 6,
           FU |-> 2 ],
         [ ind |-> 4475,
           addr |-> "0x1068c",
           COM |-> 0,
           IFacq |-> 5,
           IFrel |-> 6,
           IDacq |-> 6,
           IDrel |-> 7,
           FUacq |-> 17,
           FUrel |-> 18,
           ROB |-> 6,
           RS |-> 6,
           FU |-> 1 ],
         [ ind |-> 4476,
           addr |-> "0x10690",
           COM |-> 0,
           IFacq |-> 6,
           IFrel |-> 7,
           IDacq |-> 7,
           IDrel |-> 8,
           FUacq |-> 8,
           FUrel |-> 9,
           ROB |-> 7,
           RS |-> 7,
           FU |-> 1 ],
         [ ind |-> 4477,
           addr |-> "0x10692",
           COM |-> 0,
           IFacq |-> 6,
           IFrel |-> 7,
           IDacq |-> 7,
           IDrel |-> 8,
           FUacq |-> 0,
           FUrel |-> 0,
           ROB |-> 7,
           RS |-> 7,
           FU |-> 0 ],
         [ ind |-> 4478,
           addr |-> "0x10568",
           COM |-> 0,
           IFacq |-> 7,
           IFrel |-> 8,
           IDacq |-> 8,
           IDrel |-> 9,
           FUacq |-> 9,
           FUrel |-> 10,
           ROB |-> 8,
           RS |-> 8,
           FU |-> 1 ],
         [ ind |-> 4479,
           addr |-> "0x1056c",
           COM |-> 0,
           IFacq |-> 7,
           IFrel |-> 8,
           IDacq |-> 8,
           IDrel |-> 9,
           FUacq |-> 17,
           FUrel |-> 18,
           ROB |-> 8,
           RS |-> 8,
           FU |-> 2 ],
         [ ind |-> 4480,
           addr |-> "0x10570",
           COM |-> 0,
           IFacq |-> 8,
           IFrel |-> 9,
           IDacq |-> 9,
           IDrel |-> 10,
           FUacq |-> 10,
           FUrel |-> 11,
           ROB |-> 9,
           RS |-> 9,
           FU |-> 1 ],
         [ ind |-> 4481,
           addr |-> "0x10572",
           COM |-> 0,
           IFacq |-> 8,
           IFrel |-> 9,
           IDacq |-> 9,
           IDrel |-> 10,
           FUacq |-> 0,
           FUrel |-> 0,
           ROB |-> 9,
           RS |-> 9,
           FU |-> 0 ],
         [ ind |-> 4482,
           addr |-> "0x10576",
           COM |-> 0,
           IFacq |-> 9,
           IFrel |-> 10,
           IDacq |-> 10,
           IDrel |-> 11,
           FUacq |-> 11,
           FUrel |-> 12,
           ROB |-> 10,
           RS |-> 10,
           FU |-> 1 ],
         [ ind |-> 4483,
           addr |-> "0x1057a",
           COM |-> 0,
           IFacq |-> 9,
           IFrel |-> 10,
           IDacq |-> 10,
           IDrel |-> 11,
           FUacq |-> 0,
           FUrel |-> 0,
           ROB |-> 10,
           RS |-> 10,
           FU |-> 0 ],
         [ ind |-> 4484,
           addr |-> "0x1057e",
           COM |-> 0,
           IFacq |-> 10,
           IFrel |-> 11,
           IDacq |-> 11,
           IDrel |-> 12,
           FUacq |-> 0,
           FUrel |-> 0,
           ROB |-> 11,
           RS |-> 11,
           FU |-> 0 ],
         [ ind |-> 4485,
           addr |-> "0x10582",
           COM |-> 0,
           IFacq |-> 10,
           IFrel |-> 11,
           IDacq |-> 11,
           IDrel |-> 12,
           FUacq |-> 0,
           FUrel |-> 0,
           ROB |-> 11,
           RS |-> 11,
           FU |-> 0 ],
         [ ind |-> 4486,
           addr |-> "0x10586",
           COM |-> 0,
           IFacq |-> 11,
           IFrel |-> 12,
           IDacq |-> 12,
           IDrel |-> 0,
           FUacq |-> 0,
           FUrel |-> 0,
           ROB |-> 0,
           RS |-> 17,
           FU |-> 0 ],
         [ ind |-> 4487,
           addr |-> "0x1058a",
           COM |-> 0,
           IFacq |-> 11,
           IFrel |-> 12,
           IDacq |-> 12,
           IDrel |-> 0,
           FUacq |-> 0,
           FUrel |-> 0,
           ROB |-> 0,
           RS |-> 17,
           FU |-> 0 ],
         [ ind |-> 4488,
           addr |-> "0x1058e",
           COM |-> 0,
           IFacq |-> 12,
           IFrel |-> 13,
           IDacq |-> 0,
           IDrel |-> 0,
           FUacq |-> 0,
           FUrel |-> 0,
           ROB |-> 0,
           RS |-> 0,
           FU |-> 0 ],
         [ ind |-> 4489,
           addr |-> "0x10608",
           COM |-> 0,
           IFacq |-> 12,
           IFrel |-> 13,
           IDacq |-> 0,
           IDrel |-> 0,
           FUacq |-> 0,
           FUrel |-> 0,
           ROB |-> 0,
           RS |-> 0,
           FU |-> 0 ] >>,
  edges |->
      { [type |-> "D", source |-> 4466, dest |-> 4468],
        [type |-> "D", source |-> 4474, dest |-> 4475] } ]
/\ pc2 = 24
/\ robHead = 23
/\ rob = << [ instr |->
         [ ind |-> 4466,
           type |-> "IntAlu",
           r0 |-> "sp",
           r1 |-> "",
           r2 |-> "",
           addr |-> "0x10552" ],
     done |-> TRUE,
     executed |-> TRUE ],
   [ instr |->
         [ ind |-> 4467,
           type |-> "MemWrite",
           r0 |-> "s0",
           r1 |-> "",
           r2 |-> "",
           addr |-> "0x10554" ],
     done |-> TRUE,
     executed |-> TRUE ],
   [ instr |->
         [ ind |-> 4468,
           type |-> "IntAlu",
           r0 |-> "s0",
           r1 |-> "sp",
           r2 |-> "",
           addr |-> "0x10556" ],
     done |-> TRUE,
     executed |-> TRUE ],
   [ instr |->
         [ ind |-> 4469,
           type |-> "IntAlu",
           r0 |-> "a5",
           r1 |-> "",
           r2 |-> "",
           addr |-> "0x10558" ],
     done |-> TRUE,
     executed |-> TRUE ],
   [ instr |->
         [ ind |-> 4470,
           type |-> "MemWrite",
           r0 |-> "a5",
           r1 |-> "",
           r2 |-> "",
           addr |-> "0x1055a" ],
     done |-> TRUE,
     executed |-> TRUE ],
   [ instr |->
         [ ind |-> 4471,
           type |-> "IntAlu",
           r0 |-> "a5",
           r1 |-> "",
           r2 |-> "",
           addr |-> "0x1055e" ],
     done |-> TRUE,
     executed |-> TRUE ],
   [ instr |->
         [ ind |-> 4472,
           type |-> "MemWrite",
           r0 |-> "zero",
           r1 |-> "",
           r2 |-> "",
           addr |-> "0x10562" ],
     done |-> TRUE,
     executed |-> TRUE ],
   [ instr |->
         [ ind |-> 4473,
           type |-> "IntAlu",
           r0 |-> "",
           r1 |-> "",
           r2 |-> "",
           addr |-> "0x10566" ],
     done |-> TRUE,
     executed |-> TRUE ],
   [ instr |->
         [ ind |-> 4474,
           type |-> "MemRead",
           r0 |-> "a5",
           r1 |-> "",
           r2 |-> "",
           addr |-> "0x10688" ],
     done |-> TRUE,
     executed |-> TRUE ],
   [ instr |->
         [ ind |-> 4475,
           type |-> "IntAlu",
           r0 |-> "a4",
           r1 |-> "a5",
           r2 |-> "",
           addr |-> "0x1068c" ],
     done |-> TRUE,
     executed |-> TRUE ],
   [ instr |->
         [ ind |-> 4476,
           type |-> "IntAlu",
           r0 |-> "a5",
           r1 |-> "",
           r2 |-> "",
           addr |-> "0x10690" ],
     done |-> TRUE,
     executed |-> TRUE ],
   [ instr |->
         [ ind |-> 4477,
           type |-> "IntAlu",
           r0 |-> "a5",
           r1 |-> "a4",
           r2 |-> "",
           addr |-> "0x10692" ],
     done |-> TRUE,
     executed |-> TRUE ],
   [ instr |->
         [ ind |-> 4478,
           type |-> "IntAlu",
           r0 |-> "a5",
           r1 |-> "",
           r2 |-> "",
           addr |-> "0x10568" ],
     done |-> TRUE,
     executed |-> TRUE ],
   [ instr |->
         [ ind |-> 4479,
           type |-> "MemRead",
           r0 |-> "a5",
           r1 |-> "",
           r2 |-> "",
           addr |-> "0x1056c" ],
     done |-> TRUE,
     executed |-> TRUE ],
   [ instr |->
         [ ind |-> 4480,
           type |-> "IntAlu",
           r0 |-> "a5",
           r1 |-> "",
           r2 |-> "",
           addr |-> "0x10570" ],
     done |-> TRUE,
     executed |-> TRUE ],
   [ instr |->
         [ ind |-> 4481,
           type |-> "IntAlu",
           r0 |-> "a4",
           r1 |-> "a5",
           r2 |-> "",
           addr |-> "0x10572" ],
     done |-> TRUE,
     executed |-> TRUE ],
   [ instr |->
         [ ind |-> 4482,
           type |-> "IntAlu",
           r0 |-> "a5",
           r1 |-> "",
           r2 |-> "",
           addr |-> "0x10576" ],
     done |-> TRUE,
     executed |-> TRUE ],
   [ instr |->
         [ ind |-> 4483,
           type |-> "MemWrite",
           r0 |-> "a4",
           r1 |-> "",
           r2 |-> "",
           addr |-> "0x1057a" ],
     done |-> TRUE,
     executed |-> TRUE ],
   [ instr |->
         [ ind |-> 4484,
           type |-> "MemRead",
           r0 |-> "a5",
           r1 |-> "",
           r2 |-> "",
           addr |-> "0x1057e" ],
     done |-> TRUE,
     executed |-> TRUE ],
   [ instr |->
         [ ind |-> 4485,
           type |-> "MemWrite",
           r0 |-> "a5",
           r1 |-> "",
           r2 |-> "",
           addr |-> "0x10582" ],
     done |-> TRUE,
     executed |-> TRUE ],
   [ instr |->
         [ ind |-> 4486,
           type |-> "IntAlu",
           r0 |-> "a5",
           r1 |-> "",
           r2 |-> "",
           addr |-> "0x10586" ],
     done |-> TRUE,
     executed |-> TRUE ],
   [ instr |->
         [ ind |-> 4487,
           type |-> "MemWrite",
           r0 |-> "zero",
           r1 |-> "",
           r2 |-> "",
           addr |-> "0x1058a" ],
     done |-> TRUE,
     executed |-> TRUE ],
   [ instr |->
         [ ind |-> 4488,
           type |-> "IntAlu",
           r0 |-> "",
           r1 |-> "",
           r2 |-> "",
           addr |-> "0x1058e" ],
     done |-> FALSE,
     executed |-> TRUE ],
   [ instr |->
         [ ind |-> 4489,
           type |-> "IntAlu",
           r0 |-> "a5",
           r1 |-> "",
           r2 |-> "",
           addr |-> "0x10608" ],
     done |-> FALSE,
     executed |-> TRUE ],
   [ instr |->
         [ ind |-> 4490,
           type |-> "IntAlu",
           r0 |-> "a4",
           r1 |-> "a5",
           r2 |-> "",
           addr |-> "0x1060c" ],
     done |-> FALSE,
     executed |-> FALSE ],
   [ instr |->
         [ ind |-> 4491,
           type |-> "MemRead",
           r0 |-> "a5",
           r1 |-> "",
           r2 |-> "",
           addr |-> "0x10610" ],
     done |-> FALSE,
     executed |-> TRUE ],
   [ instr |->
         [ ind |-> 4492,
           type |-> "IntAlu",
           r0 |-> "a5",
           r1 |-> "",
           r2 |-> "",
           addr |-> "0x10614" ],
     done |-> FALSE,
     executed |-> FALSE ],
   [ instr |->
         [ ind |-> 4493,
           type |-> "IntAlu",
           r0 |-> "a5",
           r1 |-> "a4",
           r2 |-> "",
           addr |-> "0x10616" ],
     done |-> FALSE,
     executed |-> FALSE ],
   [ instr |->
         [ ind |-> 4494,
           type |-> "MemRead",
           r0 |-> "a3",
           r1 |-> "",
           r2 |-> "",
           addr |-> "0x10618" ],
     done |-> FALSE,
     executed |-> TRUE ],
   [ instr |->
         [ ind |-> 4495,
           type |-> "MemRead",
           r0 |-> "a5",
           r1 |-> "",
           r2 |-> "",
           addr |-> "0x1061a" ],
     done |-> FALSE,
     executed |-> FALSE ] >>
/\ _RS = << { [ ind |-> 4492,
       type |-> "IntAlu",
       r0 |-> "a5",
       r1 |-> "",
       r2 |-> "",
       addr |-> "0x10614" ],
     [ ind |-> 4493,
       type |-> "IntAlu",
       r0 |-> "a5",
       r1 |-> "a4",
       r2 |-> "",
       addr |-> "0x10616" ] },
   {},
   {},
   {} >>
/\ currCycle = 18
/\ exec_inst = 1
/\ robHead2 = 10
/\ pc = 30
/\ rob2 = << [ instr |->
         [ ind |-> 4466,
           type |-> "IntAlu",
           r0 |-> "sp",
           r1 |-> "",
           r2 |-> "",
           addr |-> "0x10552" ],
     done |-> TRUE,
     executed |-> TRUE ],
   [ instr |->
         [ ind |-> 4467,
           type |-> "MemWrite",
           r0 |-> "s0",
           r1 |-> "",
           r2 |-> "",
           addr |-> "0x10554" ],
     done |-> TRUE,
     executed |-> TRUE ],
   [ instr |->
         [ ind |-> 4468,
           type |-> "IntAlu",
           r0 |-> "s0",
           r1 |-> "sp",
           r2 |-> "",
           addr |-> "0x10556" ],
     done |-> TRUE,
     executed |-> TRUE ],
   [ instr |->
         [ ind |-> 4469,
           type |-> "IntAlu",
           r0 |-> "a5",
           r1 |-> "",
           r2 |-> "",
           addr |-> "0x10558" ],
     done |-> TRUE,
     executed |-> TRUE ],
   [ instr |->
         [ ind |-> 4470,
           type |-> "MemWrite",
           r0 |-> "a5",
           r1 |-> "",
           r2 |-> "",
           addr |-> "0x1055a" ],
     done |-> TRUE,
     executed |-> TRUE ],
   [ instr |->
         [ ind |-> 4471,
           type |-> "IntAlu",
           r0 |-> "a5",
           r1 |-> "",
           r2 |-> "",
           addr |-> "0x1055e" ],
     done |-> TRUE,
     executed |-> TRUE ],
   [ instr |->
         [ ind |-> 4472,
           type |-> "MemWrite",
           r0 |-> "zero",
           r1 |-> "",
           r2 |-> "",
           addr |-> "0x10562" ],
     done |-> TRUE,
     executed |-> TRUE ],
   [ instr |->
         [ ind |-> 4473,
           type |-> "IntAlu",
           r0 |-> "",
           r1 |-> "",
           r2 |-> "",
           addr |-> "0x10566" ],
     done |-> TRUE,
     executed |-> TRUE ],
   [ instr |->
         [ ind |-> 4474,
           type |-> "MemRead",
           r0 |-> "a5",
           r1 |-> "",
           r2 |-> "",
           addr |-> "0x10688" ],
     done |-> TRUE,
     executed |-> TRUE ],
   [ instr |->
         [ ind |-> 4475,
           type |-> "IntAlu",
           r0 |-> "a4",
           r1 |-> "a5",
           r2 |-> "",
           addr |-> "0x1068c" ],
     done |-> FALSE,
     executed |-> TRUE ],
   [ instr |->
         [ ind |-> 4476,
           type |-> "IntAlu",
           r0 |-> "a5",
           r1 |-> "",
           r2 |-> "",
           addr |-> "0x10690" ],
     done |-> FALSE,
     executed |-> TRUE ],
   [ instr |->
         [ ind |-> 4477,
           type |-> "IntAlu",
           r0 |-> "a5",
           r1 |-> "a4",
           r2 |-> "",
           addr |-> "0x10692" ],
     done |-> FALSE,
     executed |-> FALSE ],
   [ instr |->
         [ ind |-> 4478,
           type |-> "IntAlu",
           r0 |-> "a5",
           r1 |-> "",
           r2 |-> "",
           addr |-> "0x10568" ],
     done |-> FALSE,
     executed |-> TRUE ],
   [ instr |->
         [ ind |-> 4479,
           type |-> "MemRead",
           r0 |-> "a5",
           r1 |-> "",
           r2 |-> "",
           addr |-> "0x1056c" ],
     done |-> FALSE,
     executed |-> TRUE ],
   [ instr |->
         [ ind |-> 4480,
           type |-> "IntAlu",
           r0 |-> "a5",
           r1 |-> "",
           r2 |-> "",
           addr |-> "0x10570" ],
     done |-> FALSE,
     executed |-> TRUE ],
   [ instr |->
         [ ind |-> 4481,
           type |-> "IntAlu",
           r0 |-> "a4",
           r1 |-> "a5",
           r2 |-> "",
           addr |-> "0x10572" ],
     done |-> FALSE,
     executed |-> FALSE ],
   [ instr |->
         [ ind |-> 4482,
           type |-> "IntAlu",
           r0 |-> "a5",
           r1 |-> "",
           r2 |-> "",
           addr |-> "0x10576" ],
     done |-> FALSE,
     executed |-> TRUE ],
   [ instr |->
         [ ind |-> 4483,
           type |-> "MemWrite",
           r0 |-> "a4",
           r1 |-> "",
           r2 |-> "",
           addr |-> "0x1057a" ],
     done |-> FALSE,
     executed |-> FALSE ],
   [ instr |->
         [ ind |-> 4484,
           type |-> "MemRead",
           r0 |-> "a5",
           r1 |-> "",
           r2 |-> "",
           addr |-> "0x1057e" ],
     done |-> FALSE,
     executed |-> FALSE ],
   [ instr |->
         [ ind |-> 4485,
           type |-> "MemWrite",
           r0 |-> "a5",
           r1 |-> "",
           r2 |-> "",
           addr |-> "0x10582" ],
     done |-> FALSE,
     executed |-> FALSE ] >>
/\ _FU = << [ instr |->
         [ ind |-> 4490,
           type |-> "IntAlu",
           r0 |-> "a4",
           r1 |-> "a5",
           r2 |-> "",
           addr |-> "0x1060c" ],
     baseLat |-> 1,
     currLat |-> 1 ],
   [ instr |->
         [ ind |-> 4495,
           type |-> "MemRead",
           r0 |-> "a5",
           r1 |-> "",
           r2 |-> "",
           addr |-> "0x1061a" ],
     baseLat |-> 1,
     currLat |-> 1 ],
   [ instr |->
         [ ind |-> 0,
           type |-> "No_OpClass",
           r0 |-> "",
           r1 |-> "",
           r2 |-> "",
           addr |-> "" ],
     baseLat |-> 1,
     currLat |-> 1 ],
   [ instr |->
         [ ind |-> 0,
           type |-> "No_OpClass",
           r0 |-> "",
           r1 |-> "",
           r2 |-> "",
           addr |-> "" ],
     baseLat |-> 1,
     currLat |-> 1 ] >>

@!@!@ENDMSG 2217 @!@!@
@!@!@STARTMSG 2217:4 @!@!@
20: <Next line 63, col 9 to line 67, col 64 of module pipeline_ooo>
/\ _RS2 = << {},
   { [ ind |-> 4485,
       type |-> "MemWrite",
       r0 |-> "a5",
       r1 |-> "",
       r2 |-> "",
       addr |-> "0x10582" ] },
   {},
   {} >>
/\ _COM2 = << [ ind |-> 4477,
     type |-> "IntAlu",
     r0 |-> "a5",
     r1 |-> "a4",
     r2 |-> "",
     addr |-> "0x10692" ],
   [ ind |-> 4478,
     type |-> "IntAlu",
     r0 |-> "a5",
     r1 |-> "",
     r2 |-> "",
     addr |-> "0x10568" ] >>
/\ _ID = << [ ind |-> 0,
     type |-> "No_OpClass",
     r0 |-> "",
     r1 |-> "",
     r2 |-> "",
     addr |-> "" ],
   [ ind |-> 0,
     type |-> "No_OpClass",
     r0 |-> "",
     r1 |-> "",
     r2 |-> "",
     addr |-> "" ] >>
/\ _IF = << [ instr |->
         [ ind |-> 0,
           type |-> "No_OpClass",
           r0 |-> "",
           r1 |-> "",
           r2 |-> "",
           addr |-> "" ],
     baseLat |-> 1,
     currLat |-> 1 ],
   [ instr |->
         [ ind |-> 0,
           type |-> "No_OpClass",
           r0 |-> "",
           r1 |-> "",
           r2 |-> "",
           addr |-> "" ],
     baseLat |-> 1,
     currLat |-> 1 ] >>
/\ _FU2 = << [ instr |->
         [ ind |-> 4481,
           type |-> "IntAlu",
           r0 |-> "a4",
           r1 |-> "a5",
           r2 |-> "",
           addr |-> "0x10572" ],
     baseLat |-> 1,
     currLat |-> 1 ],
   [ instr |->
         [ ind |-> 4484,
           type |-> "MemRead",
           r0 |-> "a5",
           r1 |-> "",
           r2 |-> "",
           addr |-> "0x1057e" ],
     baseLat |-> 1,
     currLat |-> 1 ],
   [ instr |->
         [ ind |-> 0,
           type |-> "No_OpClass",
           r0 |-> "",
           r1 |-> "",
           r2 |-> "",
           addr |-> "" ],
     baseLat |-> 1,
     currLat |-> 1 ],
   [ instr |->
         [ ind |-> 0,
           type |-> "No_OpClass",
           r0 |-> "",
           r1 |-> "",
           r2 |-> "",
           addr |-> "" ],
     baseLat |-> 1,
     currLat |-> 1 ] >>
/\ _COM = << [ ind |-> 4490,
     type |-> "IntAlu",
     r0 |-> "a4",
     r1 |-> "a5",
     r2 |-> "",
     addr |-> "0x1060c" ],
   [ ind |-> 4491,
     type |-> "MemRead",
     r0 |-> "a5",
     r1 |-> "",
     r2 |-> "",
     addr |-> "0x10610" ] >>
/\ exec_inst2 = 2
/\ _ID2 = << [ ind |-> 4486,
     type |-> "IntAlu",
     r0 |-> "a5",
     r1 |-> "",
     r2 |-> "",
     addr |-> "0x10586" ],
   [ ind |-> 4487,
     type |-> "MemWrite",
     r0 |-> "zero",
     r1 |-> "",
     r2 |-> "",
     addr |-> "0x1058a" ] >>
/\ graph = [ nodes |->
      << [ ind |-> 4466,
           addr |-> "0x10552",
           COM |-> 4,
           IFacq |-> 1,
           IFrel |-> 2,
           IDacq |-> 2,
           IDrel |-> 3,
           FUacq |-> 3,
           FUrel |-> 4,
           ROB |-> 2,
           RS |-> 2,
           FU |-> 1 ],
         [ ind |-> 4467,
           addr |-> "0x10554",
           COM |-> 4,
           IFacq |-> 1,
           IFrel |-> 2,
           IDacq |-> 2,
           IDrel |-> 3,
           FUacq |-> 3,
           FUrel |-> 4,
           ROB |-> 2,
           RS |-> 2,
           FU |-> 2 ],
         [ ind |-> 4468,
           addr |-> "0x10556",
           COM |-> 5,
           IFacq |-> 2,
           IFrel |-> 3,
           IDacq |-> 3,
           IDrel |-> 4,
           FUacq |-> 4,
           FUrel |-> 5,
           ROB |-> 3,
           RS |-> 3,
           FU |-> 1 ],
         [ ind |-> 4469,
           addr |-> "0x10558",
           COM |-> 6,
           IFacq |-> 2,
           IFrel |-> 3,
           IDacq |-> 3,
           IDrel |-> 4,
           FUacq |-> 5,
           FUrel |-> 6,
           ROB |-> 3,
           RS |-> 3,
           FU |-> 1 ],
         [ ind |-> 4470,
           addr |-> "0x1055a",
           COM |-> 6,
           IFacq |-> 3,
           IFrel |-> 4,
           IDacq |-> 4,
           IDrel |-> 5,
           FUacq |-> 5,
           FUrel |-> 6,
           ROB |-> 4,
           RS |-> 4,
           FU |-> 2 ],
         [ ind |-> 4471,
           addr |-> "0x1055e",
           COM |-> 7,
           IFacq |-> 3,
           IFrel |-> 4,
           IDacq |-> 4,
           IDrel |-> 5,
           FUacq |-> 6,
           FUrel |-> 7,
           ROB |-> 4,
           RS |-> 4,
           FU |-> 1 ],
         [ ind |-> 4472,
           addr |-> "0x10562",
           COM |-> 7,
           IFacq |-> 4,
           IFrel |-> 5,
           IDacq |-> 5,
           IDrel |-> 6,
           FUacq |-> 6,
           FUrel |-> 7,
           ROB |-> 5,
           RS |-> 5,
           FU |-> 2 ],
         [ ind |-> 4473,
           addr |-> "0x10566",
           COM |-> 8,
           IFacq |-> 4,
           IFrel |-> 5,
           IDacq |-> 5,
           IDrel |-> 6,
           FUacq |-> 7,
           FUrel |-> 8,
           ROB |-> 5,
           RS |-> 5,
           FU |-> 1 ],
         [ ind |-> 4474,
           addr |-> "0x10688",
           COM |-> 8,
           IFacq |-> 5,
           IFrel |-> 6,
           IDacq |-> 6,
           IDrel |-> 7,
           FUacq |-> 7,
           FUrel |-> 8,
           ROB |-> 6,
           RS |-> 6,
           FU |-> 2 ],
         [ ind |-> 4475,
           addr |-> "0x1068c",
           COM |-> 9,
           IFacq |-> 5,
           IFrel |-> 6,
           IDacq |-> 6,
           IDrel |-> 7,
           FUacq |-> 8,
           FUrel |-> 9,
           ROB |-> 6,
           RS |-> 6,
           FU |-> 1 ],
         [ ind |-> 4476,
           addr |-> "0x10690",
           COM |-> 10,
           IFacq |-> 6,
           IFrel |-> 7,
           IDacq |-> 7,
           IDrel |-> 8,
           FUacq |-> 9,
           FUrel |-> 10,
           ROB |-> 7,
           RS |-> 7,
           FU |-> 1 ],
         [ ind |-> 4477,
           addr |-> "0x10692",
           COM |-> 11,
           IFacq |-> 6,
           IFrel |-> 7,
           IDacq |-> 7,
           IDrel |-> 8,
           FUacq |-> 10,
           FUrel |-> 11,
           ROB |-> 7,
           RS |-> 7,
           FU |-> 1 ],
         [ ind |-> 4478,
           addr |-> "0x10568",
           COM |-> 12,
           IFacq |-> 7,
           IFrel |-> 8,
           IDacq |-> 8,
           IDrel |-> 9,
           FUacq |-> 11,
           FUrel |-> 12,
           ROB |-> 8,
           RS |-> 8,
           FU |-> 1 ],
         [ ind |-> 4479,
           addr |-> "0x1056c",
           COM |-> 12,
           IFacq |-> 7,
           IFrel |-> 8,
           IDacq |-> 8,
           IDrel |-> 9,
           FUacq |-> 9,
           FUrel |-> 10,
           ROB |-> 8,
           RS |-> 8,
           FU |-> 2 ],
         [ ind |-> 4480,
           addr |-> "0x10570",
           COM |-> 13,
           IFacq |-> 8,
           IFrel |-> 9,
           IDacq |-> 9,
           IDrel |-> 10,
           FUacq |-> 12,
           FUrel |-> 13,
           ROB |-> 9,
           RS |-> 9,
           FU |-> 1 ],
         [ ind |-> 4481,
           addr |-> "0x10572",
           COM |-> 14,
           IFacq |-> 8,
           IFrel |-> 9,
           IDacq |-> 9,
           IDrel |-> 10,
           FUacq |-> 13,
           FUrel |-> 14,
           ROB |-> 9,
           RS |-> 9,
           FU |-> 1 ],
         [ ind |-> 4482,
           addr |-> "0x10576",
           COM |-> 15,
           IFacq |-> 9,
           IFrel |-> 10,
           IDacq |-> 10,
           IDrel |-> 11,
           FUacq |-> 14,
           FUrel |-> 15,
           ROB |-> 10,
           RS |-> 10,
           FU |-> 1 ],
         [ ind |-> 4483,
           addr |-> "0x1057a",
           COM |-> 15,
           IFacq |-> 9,
           IFrel |-> 10,
           IDacq |-> 10,
           IDrel |-> 11,
           FUacq |-> 11,
           FUrel |-> 12,
           ROB |-> 10,
           RS |-> 10,
           FU |-> 2 ],
         [ ind |-> 4484,
           addr |-> "0x1057e",
           COM |-> 16,
           IFacq |-> 10,
           IFrel |-> 11,
           IDacq |-> 11,
           IDrel |-> 12,
           FUacq |-> 12,
           FUrel |-> 13,
           ROB |-> 11,
           RS |-> 11,
           FU |-> 2 ],
         [ ind |-> 4485,
           addr |-> "0x10582",
           COM |-> 16,
           IFacq |-> 10,
           IFrel |-> 11,
           IDacq |-> 11,
           IDrel |-> 12,
           FUacq |-> 13,
           FUrel |-> 14,
           ROB |-> 11,
           RS |-> 11,
           FU |-> 2 ],
         [ ind |-> 4486,
           addr |-> "0x10586",
           COM |-> 17,
           IFacq |-> 11,
           IFrel |-> 12,
           IDacq |-> 12,
           IDrel |-> 13,
           FUacq |-> 15,
           FUrel |-> 16,
           ROB |-> 12,
           RS |-> 12,
           FU |-> 1 ],
         [ ind |-> 4487,
           addr |-> "0x1058a",
           COM |-> 17,
           IFacq |-> 11,
           IFrel |-> 12,
           IDacq |-> 12,
           IDrel |-> 13,
           FUacq |-> 14,
           FUrel |-> 15,
           ROB |-> 12,
           RS |-> 12,
           FU |-> 2 ],
         [ ind |-> 4488,
           addr |-> "0x1058e",
           COM |-> 18,
           IFacq |-> 12,
           IFrel |-> 13,
           IDacq |-> 13,
           IDrel |-> 14,
           FUacq |-> 16,
           FUrel |-> 17,
           ROB |-> 13,
           RS |-> 13,
           FU |-> 1 ],
         [ ind |-> 4489,
           addr |-> "0x10608",
           COM |-> 18,
           IFacq |-> 12,
           IFrel |-> 13,
           IDacq |-> 13,
           IDrel |-> 14,
           FUacq |-> 17,
           FUrel |-> 18,
           ROB |-> 13,
           RS |-> 13,
           FU |-> 1 ],
         [ ind |-> 4490,
           addr |-> "0x1060c",
           COM |-> 0,
           IFacq |-> 13,
           IFrel |-> 14,
           IDacq |-> 14,
           IDrel |-> 15,
           FUacq |-> 18,
           FUrel |-> 19,
           ROB |-> 14,
           RS |-> 14,
           FU |-> 1 ],
         [ ind |-> 4491,
           addr |-> "0x10610",
           COM |-> 0,
           IFacq |-> 13,
           IFrel |-> 14,
           IDacq |-> 14,
           IDrel |-> 15,
           FUacq |-> 15,
           FUrel |-> 16,
           ROB |-> 14,
           RS |-> 14,
           FU |-> 2 ],
         [ ind |-> 4492,
           addr |-> "0x10614",
           COM |-> 0,
           IFacq |-> 14,
           IFrel |-> 15,
           IDacq |-> 15,
           IDrel |-> 16,
           FUacq |-> 0,
           FUrel |-> 0,
           ROB |-> 15,
           RS |-> 15,
           FU |-> 0 ],
         [ ind |-> 4493,
           addr |-> "0x10616",
           COM |-> 0,
           IFacq |-> 14,
           IFrel |-> 15,
           IDacq |-> 15,
           IDrel |-> 16,
           FUacq |-> 0,
           FUrel |-> 0,
           ROB |-> 15,
           RS |-> 15,
           FU |-> 0 ],
         [ ind |-> 4494,
           addr |-> "0x10618",
           COM |-> 0,
           IFacq |-> 15,
           IFrel |-> 16,
           IDacq |-> 16,
           IDrel |-> 17,
           FUacq |-> 17,
           FUrel |-> 18,
           ROB |-> 16,
           RS |-> 16,
           FU |-> 2 ],
         [ ind |-> 4495,
           addr |-> "0x1061a",
           COM |-> 0,
           IFacq |-> 15,
           IFrel |-> 16,
           IDacq |-> 16,
           IDrel |-> 17,
           FUacq |-> 18,
           FUrel |-> 19,
           ROB |-> 16,
           RS |-> 16,
           FU |-> 2 ] >>,
  edges |->
      { [type |-> "D", source |-> 4466, dest |-> 4468],
        [type |-> "D", source |-> 4474, dest |-> 4475],
        [type |-> "D", source |-> 4480, dest |-> 4481],
        [type |-> "D", source |-> 4489, dest |-> 4490] } ]
/\ currCycle2 = 19
/\ _IF2 = << [ instr |->
         [ ind |-> 4488,
           type |-> "IntAlu",
           r0 |-> "",
           r1 |-> "",
           r2 |-> "",
           addr |-> "0x1058e" ],
     baseLat |-> 1,
     currLat |-> 8 ],
   [ instr |->
         [ ind |-> 4489,
           type |-> "IntAlu",
           r0 |-> "a5",
           r1 |-> "",
           r2 |-> "",
           addr |-> "0x10608" ],
     baseLat |-> 1,
     currLat |-> 8 ] >>
/\ lastBound = 0
/\ graph2 = [ nodes |->
      << [ ind |-> 4466,
           addr |-> "0x10552",
           COM |-> 4,
           IFacq |-> 1,
           IFrel |-> 2,
           IDacq |-> 2,
           IDrel |-> 3,
           FUacq |-> 3,
           FUrel |-> 4,
           ROB |-> 2,
           RS |-> 2,
           FU |-> 1 ],
         [ ind |-> 4467,
           addr |-> "0x10554",
           COM |-> 4,
           IFacq |-> 1,
           IFrel |-> 2,
           IDacq |-> 2,
           IDrel |-> 3,
           FUacq |-> 3,
           FUrel |-> 4,
           ROB |-> 2,
           RS |-> 2,
           FU |-> 2 ],
         [ ind |-> 4468,
           addr |-> "0x10556",
           COM |-> 5,
           IFacq |-> 2,
           IFrel |-> 3,
           IDacq |-> 3,
           IDrel |-> 4,
           FUacq |-> 4,
           FUrel |-> 5,
           ROB |-> 3,
           RS |-> 3,
           FU |-> 1 ],
         [ ind |-> 4469,
           addr |-> "0x10558",
           COM |-> 6,
           IFacq |-> 2,
           IFrel |-> 3,
           IDacq |-> 3,
           IDrel |-> 4,
           FUacq |-> 5,
           FUrel |-> 6,
           ROB |-> 3,
           RS |-> 3,
           FU |-> 1 ],
         [ ind |-> 4470,
           addr |-> "0x1055a",
           COM |-> 6,
           IFacq |-> 3,
           IFrel |-> 4,
           IDacq |-> 4,
           IDrel |-> 5,
           FUacq |-> 5,
           FUrel |-> 6,
           ROB |-> 4,
           RS |-> 4,
           FU |-> 2 ],
         [ ind |-> 4471,
           addr |-> "0x1055e",
           COM |-> 7,
           IFacq |-> 3,
           IFrel |-> 4,
           IDacq |-> 4,
           IDrel |-> 5,
           FUacq |-> 6,
           FUrel |-> 7,
           ROB |-> 4,
           RS |-> 4,
           FU |-> 1 ],
         [ ind |-> 4472,
           addr |-> "0x10562",
           COM |-> 7,
           IFacq |-> 4,
           IFrel |-> 5,
           IDacq |-> 5,
           IDrel |-> 6,
           FUacq |-> 6,
           FUrel |-> 7,
           ROB |-> 5,
           RS |-> 5,
           FU |-> 2 ],
         [ ind |-> 4473,
           addr |-> "0x10566",
           COM |-> 8,
           IFacq |-> 4,
           IFrel |-> 5,
           IDacq |-> 5,
           IDrel |-> 6,
           FUacq |-> 7,
           FUrel |-> 8,
           ROB |-> 5,
           RS |-> 5,
           FU |-> 1 ],
         [ ind |-> 4474,
           addr |-> "0x10688",
           COM |-> 17,
           IFacq |-> 5,
           IFrel |-> 6,
           IDacq |-> 6,
           IDrel |-> 7,
           FUacq |-> 7,
           FUrel |-> 17,
           ROB |-> 6,
           RS |-> 6,
           FU |-> 2 ],
         [ ind |-> 4475,
           addr |-> "0x1068c",
           COM |-> 18,
           IFacq |-> 5,
           IFrel |-> 6,
           IDacq |-> 6,
           IDrel |-> 7,
           FUacq |-> 17,
           FUrel |-> 18,
           ROB |-> 6,
           RS |-> 6,
           FU |-> 1 ],
         [ ind |-> 4476,
           addr |-> "0x10690",
           COM |-> 18,
           IFacq |-> 6,
           IFrel |-> 7,
           IDacq |-> 7,
           IDrel |-> 8,
           FUacq |-> 8,
           FUrel |-> 9,
           ROB |-> 7,
           RS |-> 7,
           FU |-> 1 ],
         [ ind |-> 4477,
           addr |-> "0x10692",
           COM |-> 0,
           IFacq |-> 6,
           IFrel |-> 7,
           IDacq |-> 7,
           IDrel |-> 8,
           FUacq |-> 18,
           FUrel |-> 19,
           ROB |-> 7,
           RS |-> 7,
           FU |-> 1 ],
         [ ind |-> 4478,
           addr |-> "0x10568",
           COM |-> 0,
           IFacq |-> 7,
           IFrel |-> 8,
           IDacq |-> 8,
           IDrel |-> 9,
           FUacq |-> 9,
           FUrel |-> 10,
           ROB |-> 8,
           RS |-> 8,
           FU |-> 1 ],
         [ ind |-> 4479,
           addr |-> "0x1056c",
           COM |-> 0,
           IFacq |-> 7,
           IFrel |-> 8,
           IDacq |-> 8,
           IDrel |-> 9,
           FUacq |-> 17,
           FUrel |-> 18,
           ROB |-> 8,
           RS |-> 8,
           FU |-> 2 ],
         [ ind |-> 4480,
           addr |-> "0x10570",
           COM |-> 0,
           IFacq |-> 8,
           IFrel |-> 9,
           IDacq |-> 9,
           IDrel |-> 10,
           FUacq |-> 10,
           FUrel |-> 11,
           ROB |-> 9,
           RS |-> 9,
           FU |-> 1 ],
         [ ind |-> 4481,
           addr |-> "0x10572",
           COM |-> 0,
           IFacq |-> 8,
           IFrel |-> 9,
           IDacq |-> 9,
           IDrel |-> 10,
           FUacq |-> 0,
           FUrel |-> 0,
           ROB |-> 9,
           RS |-> 9,
           FU |-> 0 ],
         [ ind |-> 4482,
           addr |-> "0x10576",
           COM |-> 0,
           IFacq |-> 9,
           IFrel |-> 10,
           IDacq |-> 10,
           IDrel |-> 11,
           FUacq |-> 11,
           FUrel |-> 12,
           ROB |-> 10,
           RS |-> 10,
           FU |-> 1 ],
         [ ind |-> 4483,
           addr |-> "0x1057a",
           COM |-> 0,
           IFacq |-> 9,
           IFrel |-> 10,
           IDacq |-> 10,
           IDrel |-> 11,
           FUacq |-> 18,
           FUrel |-> 19,
           ROB |-> 10,
           RS |-> 10,
           FU |-> 2 ],
         [ ind |-> 4484,
           addr |-> "0x1057e",
           COM |-> 0,
           IFacq |-> 10,
           IFrel |-> 11,
           IDacq |-> 11,
           IDrel |-> 12,
           FUacq |-> 0,
           FUrel |-> 0,
           ROB |-> 11,
           RS |-> 11,
           FU |-> 0 ],
         [ ind |-> 4485,
           addr |-> "0x10582",
           COM |-> 0,
           IFacq |-> 10,
           IFrel |-> 11,
           IDacq |-> 11,
           IDrel |-> 12,
           FUacq |-> 0,
           FUrel |-> 0,
           ROB |-> 11,
           RS |-> 11,
           FU |-> 0 ],
         [ ind |-> 4486,
           addr |-> "0x10586",
           COM |-> 0,
           IFacq |-> 11,
           IFrel |-> 12,
           IDacq |-> 12,
           IDrel |-> 0,
           FUacq |-> 0,
           FUrel |-> 0,
           ROB |-> 0,
           RS |-> 18,
           FU |-> 0 ],
         [ ind |-> 4487,
           addr |-> "0x1058a",
           COM |-> 0,
           IFacq |-> 11,
           IFrel |-> 12,
           IDacq |-> 12,
           IDrel |-> 0,
           FUacq |-> 0,
           FUrel |-> 0,
           ROB |-> 0,
           RS |-> 18,
           FU |-> 0 ],
         [ ind |-> 4488,
           addr |-> "0x1058e",
           COM |-> 0,
           IFacq |-> 12,
           IFrel |-> 13,
           IDacq |-> 0,
           IDrel |-> 0,
           FUacq |-> 0,
           FUrel |-> 0,
           ROB |-> 0,
           RS |-> 0,
           FU |-> 0 ],
         [ ind |-> 4489,
           addr |-> "0x10608",
           COM |-> 0,
           IFacq |-> 12,
           IFrel |-> 13,
           IDacq |-> 0,
           IDrel |-> 0,
           FUacq |-> 0,
           FUrel |-> 0,
           ROB |-> 0,
           RS |-> 0,
           FU |-> 0 ] >>,
  edges |->
      { [type |-> "D", source |-> 4466, dest |-> 4468],
        [type |-> "D", source |-> 4474, dest |-> 4475],
        [type |-> "D", source |-> 4475, dest |-> 4477] } ]
/\ pc2 = 24
/\ robHead = 25
/\ rob = << [ instr |->
         [ ind |-> 4466,
           type |-> "IntAlu",
           r0 |-> "sp",
           r1 |-> "",
           r2 |-> "",
           addr |-> "0x10552" ],
     done |-> TRUE,
     executed |-> TRUE ],
   [ instr |->
         [ ind |-> 4467,
           type |-> "MemWrite",
           r0 |-> "s0",
           r1 |-> "",
           r2 |-> "",
           addr |-> "0x10554" ],
     done |-> TRUE,
     executed |-> TRUE ],
   [ instr |->
         [ ind |-> 4468,
           type |-> "IntAlu",
           r0 |-> "s0",
           r1 |-> "sp",
           r2 |-> "",
           addr |-> "0x10556" ],
     done |-> TRUE,
     executed |-> TRUE ],
   [ instr |->
         [ ind |-> 4469,
           type |-> "IntAlu",
           r0 |-> "a5",
           r1 |-> "",
           r2 |-> "",
           addr |-> "0x10558" ],
     done |-> TRUE,
     executed |-> TRUE ],
   [ instr |->
         [ ind |-> 4470,
           type |-> "MemWrite",
           r0 |-> "a5",
           r1 |-> "",
           r2 |-> "",
           addr |-> "0x1055a" ],
     done |-> TRUE,
     executed |-> TRUE ],
   [ instr |->
         [ ind |-> 4471,
           type |-> "IntAlu",
           r0 |-> "a5",
           r1 |-> "",
           r2 |-> "",
           addr |-> "0x1055e" ],
     done |-> TRUE,
     executed |-> TRUE ],
   [ instr |->
         [ ind |-> 4472,
           type |-> "MemWrite",
           r0 |-> "zero",
           r1 |-> "",
           r2 |-> "",
           addr |-> "0x10562" ],
     done |-> TRUE,
     executed |-> TRUE ],
   [ instr |->
         [ ind |-> 4473,
           type |-> "IntAlu",
           r0 |-> "",
           r1 |-> "",
           r2 |-> "",
           addr |-> "0x10566" ],
     done |-> TRUE,
     executed |-> TRUE ],
   [ instr |->
         [ ind |-> 4474,
           type |-> "MemRead",
           r0 |-> "a5",
           r1 |-> "",
           r2 |-> "",
           addr |-> "0x10688" ],
     done |-> TRUE,
     executed |-> TRUE ],
   [ instr |->
         [ ind |-> 4475,
           type |-> "IntAlu",
           r0 |-> "a4",
           r1 |-> "a5",
           r2 |-> "",
           addr |-> "0x1068c" ],
     done |-> TRUE,
     executed |-> TRUE ],
   [ instr |->
         [ ind |-> 4476,
           type |-> "IntAlu",
           r0 |-> "a5",
           r1 |-> "",
           r2 |-> "",
           addr |-> "0x10690" ],
     done |-> TRUE,
     executed |-> TRUE ],
   [ instr |->
         [ ind |-> 4477,
           type |-> "IntAlu",
           r0 |-> "a5",
           r1 |-> "a4",
           r2 |-> "",
           addr |-> "0x10692" ],
     done |-> TRUE,
     executed |-> TRUE ],
   [ instr |->
         [ ind |-> 4478,
           type |-> "IntAlu",
           r0 |-> "a5",
           r1 |-> "",
           r2 |-> "",
           addr |-> "0x10568" ],
     done |-> TRUE,
     executed |-> TRUE ],
   [ instr |->
         [ ind |-> 4479,
           type |-> "MemRead",
           r0 |-> "a5",
           r1 |-> "",
           r2 |-> "",
           addr |-> "0x1056c" ],
     done |-> TRUE,
     executed |-> TRUE ],
   [ instr |->
         [ ind |-> 4480,
           type |-> "IntAlu",
           r0 |-> "a5",
           r1 |-> "",
           r2 |-> "",
           addr |-> "0x10570" ],
     done |-> TRUE,
     executed |-> TRUE ],
   [ instr |->
         [ ind |-> 4481,
           type |-> "IntAlu",
           r0 |-> "a4",
           r1 |-> "a5",
           r2 |-> "",
           addr |-> "0x10572" ],
     done |-> TRUE,
     executed |-> TRUE ],
   [ instr |->
         [ ind |-> 4482,
           type |-> "IntAlu",
           r0 |-> "a5",
           r1 |-> "",
           r2 |-> "",
           addr |-> "0x10576" ],
     done |-> TRUE,
     executed |-> TRUE ],
   [ instr |->
         [ ind |-> 4483,
           type |-> "MemWrite",
           r0 |-> "a4",
           r1 |-> "",
           r2 |-> "",
           addr |-> "0x1057a" ],
     done |-> TRUE,
     executed |-> TRUE ],
   [ instr |->
         [ ind |-> 4484,
           type |-> "MemRead",
           r0 |-> "a5",
           r1 |-> "",
           r2 |-> "",
           addr |-> "0x1057e" ],
     done |-> TRUE,
     executed |-> TRUE ],
   [ instr |->
         [ ind |-> 4485,
           type |-> "MemWrite",
           r0 |-> "a5",
           r1 |-> "",
           r2 |-> "",
           addr |-> "0x10582" ],
     done |-> TRUE,
     executed |-> TRUE ],
   [ instr |->
         [ ind |-> 4486,
           type |-> "IntAlu",
           r0 |-> "a5",
           r1 |-> "",
           r2 |-> "",
           addr |-> "0x10586" ],
     done |-> TRUE,
     executed |-> TRUE ],
   [ instr |->
         [ ind |-> 4487,
           type |-> "MemWrite",
           r0 |-> "zero",
           r1 |-> "",
           r2 |-> "",
           addr |-> "0x1058a" ],
     done |-> TRUE,
     executed |-> TRUE ],
   [ instr |->
         [ ind |-> 4488,
           type |-> "IntAlu",
           r0 |-> "",
           r1 |-> "",
           r2 |-> "",
           addr |-> "0x1058e" ],
     done |-> TRUE,
     executed |-> TRUE ],
   [ instr |->
         [ ind |-> 4489,
           type |-> "IntAlu",
           r0 |-> "a5",
           r1 |-> "",
           r2 |-> "",
           addr |-> "0x10608" ],
     done |-> TRUE,
     executed |-> TRUE ],
   [ instr |->
         [ ind |-> 4490,
           type |-> "IntAlu",
           r0 |-> "a4",
           r1 |-> "a5",
           r2 |-> "",
           addr |-> "0x1060c" ],
     done |-> FALSE,
     executed |-> TRUE ],
   [ instr |->
         [ ind |-> 4491,
           type |-> "MemRead",
           r0 |-> "a5",
           r1 |-> "",
           r2 |-> "",
           addr |-> "0x10610" ],
     done |-> FALSE,
     executed |-> TRUE ],
   [ instr |->
         [ ind |-> 4492,
           type |-> "IntAlu",
           r0 |-> "a5",
           r1 |-> "",
           r2 |-> "",
           addr |-> "0x10614" ],
     done |-> FALSE,
     executed |-> FALSE ],
   [ instr |->
         [ ind |-> 4493,
           type |-> "IntAlu",
           r0 |-> "a5",
           r1 |-> "a4",
           r2 |-> "",
           addr |-> "0x10616" ],
     done |-> FALSE,
     executed |-> FALSE ],
   [ instr |->
         [ ind |-> 4494,
           type |-> "MemRead",
           r0 |-> "a3",
           r1 |-> "",
           r2 |-> "",
           addr |-> "0x10618" ],
     done |-> FALSE,
     executed |-> TRUE ],
   [ instr |->
         [ ind |-> 4495,
           type |-> "MemRead",
           r0 |-> "a5",
           r1 |-> "",
           r2 |-> "",
           addr |-> "0x1061a" ],
     done |-> FALSE,
     executed |-> TRUE ] >>
/\ _RS = << { [ ind |-> 4493,
       type |-> "IntAlu",
       r0 |-> "a5",
       r1 |-> "a4",
       r2 |-> "",
       addr |-> "0x10616" ] },
   {},
   {},
   {} >>
/\ currCycle = 19
/\ exec_inst = 1
/\ robHead2 = 12
/\ pc = 30
/\ rob2 = << [ instr |->
         [ ind |-> 4466,
           type |-> "IntAlu",
           r0 |-> "sp",
           r1 |-> "",
           r2 |-> "",
           addr |-> "0x10552" ],
     done |-> TRUE,
     executed |-> TRUE ],
   [ instr |->
         [ ind |-> 4467,
           type |-> "MemWrite",
           r0 |-> "s0",
           r1 |-> "",
           r2 |-> "",
           addr |-> "0x10554" ],
     done |-> TRUE,
     executed |-> TRUE ],
   [ instr |->
         [ ind |-> 4468,
           type |-> "IntAlu",
           r0 |-> "s0",
           r1 |-> "sp",
           r2 |-> "",
           addr |-> "0x10556" ],
     done |-> TRUE,
     executed |-> TRUE ],
   [ instr |->
         [ ind |-> 4469,
           type |-> "IntAlu",
           r0 |-> "a5",
           r1 |-> "",
           r2 |-> "",
           addr |-> "0x10558" ],
     done |-> TRUE,
     executed |-> TRUE ],
   [ instr |->
         [ ind |-> 4470,
           type |-> "MemWrite",
           r0 |-> "a5",
           r1 |-> "",
           r2 |-> "",
           addr |-> "0x1055a" ],
     done |-> TRUE,
     executed |-> TRUE ],
   [ instr |->
         [ ind |-> 4471,
           type |-> "IntAlu",
           r0 |-> "a5",
           r1 |-> "",
           r2 |-> "",
           addr |-> "0x1055e" ],
     done |-> TRUE,
     executed |-> TRUE ],
   [ instr |->
         [ ind |-> 4472,
           type |-> "MemWrite",
           r0 |-> "zero",
           r1 |-> "",
           r2 |-> "",
           addr |-> "0x10562" ],
     done |-> TRUE,
     executed |-> TRUE ],
   [ instr |->
         [ ind |-> 4473,
           type |-> "IntAlu",
           r0 |-> "",
           r1 |-> "",
           r2 |-> "",
           addr |-> "0x10566" ],
     done |-> TRUE,
     executed |-> TRUE ],
   [ instr |->
         [ ind |-> 4474,
           type |-> "MemRead",
           r0 |-> "a5",
           r1 |-> "",
           r2 |-> "",
           addr |-> "0x10688" ],
     done |-> TRUE,
     executed |-> TRUE ],
   [ instr |->
         [ ind |-> 4475,
           type |-> "IntAlu",
           r0 |-> "a4",
           r1 |-> "a5",
           r2 |-> "",
           addr |-> "0x1068c" ],
     done |-> TRUE,
     executed |-> TRUE ],
   [ instr |->
         [ ind |-> 4476,
           type |-> "IntAlu",
           r0 |-> "a5",
           r1 |-> "",
           r2 |-> "",
           addr |-> "0x10690" ],
     done |-> TRUE,
     executed |-> TRUE ],
   [ instr |->
         [ ind |-> 4477,
           type |-> "IntAlu",
           r0 |-> "a5",
           r1 |-> "a4",
           r2 |-> "",
           addr |-> "0x10692" ],
     done |-> FALSE,
     executed |-> TRUE ],
   [ instr |->
         [ ind |-> 4478,
           type |-> "IntAlu",
           r0 |-> "a5",
           r1 |-> "",
           r2 |-> "",
           addr |-> "0x10568" ],
     done |-> FALSE,
     executed |-> TRUE ],
   [ instr |->
         [ ind |-> 4479,
           type |-> "MemRead",
           r0 |-> "a5",
           r1 |-> "",
           r2 |-> "",
           addr |-> "0x1056c" ],
     done |-> FALSE,
     executed |-> TRUE ],
   [ instr |->
         [ ind |-> 4480,
           type |-> "IntAlu",
           r0 |-> "a5",
           r1 |-> "",
           r2 |-> "",
           addr |-> "0x10570" ],
     done |-> FALSE,
     executed |-> TRUE ],
   [ instr |->
         [ ind |-> 4481,
           type |-> "IntAlu",
           r0 |-> "a4",
           r1 |-> "a5",
           r2 |-> "",
           addr |-> "0x10572" ],
     done |-> FALSE,
     executed |-> FALSE ],
   [ instr |->
         [ ind |-> 4482,
           type |-> "IntAlu",
           r0 |-> "a5",
           r1 |-> "",
           r2 |-> "",
           addr |-> "0x10576" ],
     done |-> FALSE,
     executed |-> TRUE ],
   [ instr |->
         [ ind |-> 4483,
           type |-> "MemWrite",
           r0 |-> "a4",
           r1 |-> "",
           r2 |-> "",
           addr |-> "0x1057a" ],
     done |-> FALSE,
     executed |-> TRUE ],
   [ instr |->
         [ ind |-> 4484,
           type |-> "MemRead",
           r0 |-> "a5",
           r1 |-> "",
           r2 |-> "",
           addr |-> "0x1057e" ],
     done |-> FALSE,
     executed |-> FALSE ],
   [ instr |->
         [ ind |-> 4485,
           type |-> "MemWrite",
           r0 |-> "a5",
           r1 |-> "",
           r2 |-> "",
           addr |-> "0x10582" ],
     done |-> FALSE,
     executed |-> FALSE ] >>
/\ _FU = << [ instr |->
         [ ind |-> 4492,
           type |-> "IntAlu",
           r0 |-> "a5",
           r1 |-> "",
           r2 |-> "",
           addr |-> "0x10614" ],
     baseLat |-> 1,
     currLat |-> 1 ],
   [ instr |->
         [ ind |-> 0,
           type |-> "No_OpClass",
           r0 |-> "",
           r1 |-> "",
           r2 |-> "",
           addr |-> "" ],
     baseLat |-> 1,
     currLat |-> 1 ],
   [ instr |->
         [ ind |-> 0,
           type |-> "No_OpClass",
           r0 |-> "",
           r1 |-> "",
           r2 |-> "",
           addr |-> "" ],
     baseLat |-> 1,
     currLat |-> 1 ],
   [ instr |->
         [ ind |-> 0,
           type |-> "No_OpClass",
           r0 |-> "",
           r1 |-> "",
           r2 |-> "",
           addr |-> "" ],
     baseLat |-> 1,
     currLat |-> 1 ] >>

@!@!@ENDMSG 2217 @!@!@
@!@!@STARTMSG 2217:4 @!@!@
21: <Next line 63, col 9 to line 67, col 64 of module pipeline_ooo>
/\ _RS2 = << {},
   { [ ind |-> 4487,
       type |-> "MemWrite",
       r0 |-> "zero",
       r1 |-> "",
       r2 |-> "",
       addr |-> "0x1058a" ] },
   {},
   {} >>
/\ _COM2 = << [ ind |-> 4479,
     type |-> "MemRead",
     r0 |-> "a5",
     r1 |-> "",
     r2 |-> "",
     addr |-> "0x1056c" ],
   [ ind |-> 4480,
     type |-> "IntAlu",
     r0 |-> "a5",
     r1 |-> "",
     r2 |-> "",
     addr |-> "0x10570" ] >>
/\ _ID = << [ ind |-> 0,
     type |-> "No_OpClass",
     r0 |-> "",
     r1 |-> "",
     r2 |-> "",
     addr |-> "" ],
   [ ind |-> 0,
     type |-> "No_OpClass",
     r0 |-> "",
     r1 |-> "",
     r2 |-> "",
     addr |-> "" ] >>
/\ _IF = << [ instr |->
         [ ind |-> 0,
           type |-> "No_OpClass",
           r0 |-> "",
           r1 |-> "",
           r2 |-> "",
           addr |-> "" ],
     baseLat |-> 1,
     currLat |-> 1 ],
   [ instr |->
         [ ind |-> 0,
           type |-> "No_OpClass",
           r0 |-> "",
           r1 |-> "",
           r2 |-> "",
           addr |-> "" ],
     baseLat |-> 1,
     currLat |-> 1 ] >>
/\ _FU2 = << [ instr |->
         [ ind |-> 4486,
           type |-> "IntAlu",
           r0 |-> "a5",
           r1 |-> "",
           r2 |-> "",
           addr |-> "0x10586" ],
     baseLat |-> 1,
     currLat |-> 1 ],
   [ instr |->
         [ ind |-> 4485,
           type |-> "MemWrite",
           r0 |-> "a5",
           r1 |-> "",
           r2 |-> "",
           addr |-> "0x10582" ],
     baseLat |-> 1,
     currLat |-> 1 ],
   [ instr |->
         [ ind |-> 0,
           type |-> "No_OpClass",
           r0 |-> "",
           r1 |-> "",
           r2 |-> "",
           addr |-> "" ],
     baseLat |-> 1,
     currLat |-> 1 ],
   [ instr |->
         [ ind |-> 0,
           type |-> "No_OpClass",
           r0 |-> "",
           r1 |-> "",
           r2 |-> "",
           addr |-> "" ],
     baseLat |-> 1,
     currLat |-> 1 ] >>
/\ _COM = << [ ind |-> 4492,
     type |-> "IntAlu",
     r0 |-> "a5",
     r1 |-> "",
     r2 |-> "",
     addr |-> "0x10614" ],
   [ ind |-> 0,
     type |-> "No_OpClass",
     r0 |-> "",
     r1 |-> "",
     r2 |-> "",
     addr |-> "" ] >>
/\ exec_inst2 = 2
/\ _ID2 = << [ ind |-> 4488,
     type |-> "IntAlu",
     r0 |-> "",
     r1 |-> "",
     r2 |-> "",
     addr |-> "0x1058e" ],
   [ ind |-> 4489,
     type |-> "IntAlu",
     r0 |-> "a5",
     r1 |-> "",
     r2 |-> "",
     addr |-> "0x10608" ] >>
/\ graph = [ nodes |->
      << [ ind |-> 4466,
           addr |-> "0x10552",
           COM |-> 4,
           IFacq |-> 1,
           IFrel |-> 2,
           IDacq |-> 2,
           IDrel |-> 3,
           FUacq |-> 3,
           FUrel |-> 4,
           ROB |-> 2,
           RS |-> 2,
           FU |-> 1 ],
         [ ind |-> 4467,
           addr |-> "0x10554",
           COM |-> 4,
           IFacq |-> 1,
           IFrel |-> 2,
           IDacq |-> 2,
           IDrel |-> 3,
           FUacq |-> 3,
           FUrel |-> 4,
           ROB |-> 2,
           RS |-> 2,
           FU |-> 2 ],
         [ ind |-> 4468,
           addr |-> "0x10556",
           COM |-> 5,
           IFacq |-> 2,
           IFrel |-> 3,
           IDacq |-> 3,
           IDrel |-> 4,
           FUacq |-> 4,
           FUrel |-> 5,
           ROB |-> 3,
           RS |-> 3,
           FU |-> 1 ],
         [ ind |-> 4469,
           addr |-> "0x10558",
           COM |-> 6,
           IFacq |-> 2,
           IFrel |-> 3,
           IDacq |-> 3,
           IDrel |-> 4,
           FUacq |-> 5,
           FUrel |-> 6,
           ROB |-> 3,
           RS |-> 3,
           FU |-> 1 ],
         [ ind |-> 4470,
           addr |-> "0x1055a",
           COM |-> 6,
           IFacq |-> 3,
           IFrel |-> 4,
           IDacq |-> 4,
           IDrel |-> 5,
           FUacq |-> 5,
           FUrel |-> 6,
           ROB |-> 4,
           RS |-> 4,
           FU |-> 2 ],
         [ ind |-> 4471,
           addr |-> "0x1055e",
           COM |-> 7,
           IFacq |-> 3,
           IFrel |-> 4,
           IDacq |-> 4,
           IDrel |-> 5,
           FUacq |-> 6,
           FUrel |-> 7,
           ROB |-> 4,
           RS |-> 4,
           FU |-> 1 ],
         [ ind |-> 4472,
           addr |-> "0x10562",
           COM |-> 7,
           IFacq |-> 4,
           IFrel |-> 5,
           IDacq |-> 5,
           IDrel |-> 6,
           FUacq |-> 6,
           FUrel |-> 7,
           ROB |-> 5,
           RS |-> 5,
           FU |-> 2 ],
         [ ind |-> 4473,
           addr |-> "0x10566",
           COM |-> 8,
           IFacq |-> 4,
           IFrel |-> 5,
           IDacq |-> 5,
           IDrel |-> 6,
           FUacq |-> 7,
           FUrel |-> 8,
           ROB |-> 5,
           RS |-> 5,
           FU |-> 1 ],
         [ ind |-> 4474,
           addr |-> "0x10688",
           COM |-> 8,
           IFacq |-> 5,
           IFrel |-> 6,
           IDacq |-> 6,
           IDrel |-> 7,
           FUacq |-> 7,
           FUrel |-> 8,
           ROB |-> 6,
           RS |-> 6,
           FU |-> 2 ],
         [ ind |-> 4475,
           addr |-> "0x1068c",
           COM |-> 9,
           IFacq |-> 5,
           IFrel |-> 6,
           IDacq |-> 6,
           IDrel |-> 7,
           FUacq |-> 8,
           FUrel |-> 9,
           ROB |-> 6,
           RS |-> 6,
           FU |-> 1 ],
         [ ind |-> 4476,
           addr |-> "0x10690",
           COM |-> 10,
           IFacq |-> 6,
           IFrel |-> 7,
           IDacq |-> 7,
           IDrel |-> 8,
           FUacq |-> 9,
           FUrel |-> 10,
           ROB |-> 7,
           RS |-> 7,
           FU |-> 1 ],
         [ ind |-> 4477,
           addr |-> "0x10692",
           COM |-> 11,
           IFacq |-> 6,
           IFrel |-> 7,
           IDacq |-> 7,
           IDrel |-> 8,
           FUacq |-> 10,
           FUrel |-> 11,
           ROB |-> 7,
           RS |-> 7,
           FU |-> 1 ],
         [ ind |-> 4478,
           addr |-> "0x10568",
           COM |-> 12,
           IFacq |-> 7,
           IFrel |-> 8,
           IDacq |-> 8,
           IDrel |-> 9,
           FUacq |-> 11,
           FUrel |-> 12,
           ROB |-> 8,
           RS |-> 8,
           FU |-> 1 ],
         [ ind |-> 4479,
           addr |-> "0x1056c",
           COM |-> 12,
           IFacq |-> 7,
           IFrel |-> 8,
           IDacq |-> 8,
           IDrel |-> 9,
           FUacq |-> 9,
           FUrel |-> 10,
           ROB |-> 8,
           RS |-> 8,
           FU |-> 2 ],
         [ ind |-> 4480,
           addr |-> "0x10570",
           COM |-> 13,
           IFacq |-> 8,
           IFrel |-> 9,
           IDacq |-> 9,
           IDrel |-> 10,
           FUacq |-> 12,
           FUrel |-> 13,
           ROB |-> 9,
           RS |-> 9,
           FU |-> 1 ],
         [ ind |-> 4481,
           addr |-> "0x10572",
           COM |-> 14,
           IFacq |-> 8,
           IFrel |-> 9,
           IDacq |-> 9,
           IDrel |-> 10,
           FUacq |-> 13,
           FUrel |-> 14,
           ROB |-> 9,
           RS |-> 9,
           FU |-> 1 ],
         [ ind |-> 4482,
           addr |-> "0x10576",
           COM |-> 15,
           IFacq |-> 9,
           IFrel |-> 10,
           IDacq |-> 10,
           IDrel |-> 11,
           FUacq |-> 14,
           FUrel |-> 15,
           ROB |-> 10,
           RS |-> 10,
           FU |-> 1 ],
         [ ind |-> 4483,
           addr |-> "0x1057a",
           COM |-> 15,
           IFacq |-> 9,
           IFrel |-> 10,
           IDacq |-> 10,
           IDrel |-> 11,
           FUacq |-> 11,
           FUrel |-> 12,
           ROB |-> 10,
           RS |-> 10,
           FU |-> 2 ],
         [ ind |-> 4484,
           addr |-> "0x1057e",
           COM |-> 16,
           IFacq |-> 10,
           IFrel |-> 11,
           IDacq |-> 11,
           IDrel |-> 12,
           FUacq |-> 12,
           FUrel |-> 13,
           ROB |-> 11,
           RS |-> 11,
           FU |-> 2 ],
         [ ind |-> 4485,
           addr |-> "0x10582",
           COM |-> 16,
           IFacq |-> 10,
           IFrel |-> 11,
           IDacq |-> 11,
           IDrel |-> 12,
           FUacq |-> 13,
           FUrel |-> 14,
           ROB |-> 11,
           RS |-> 11,
           FU |-> 2 ],
         [ ind |-> 4486,
           addr |-> "0x10586",
           COM |-> 17,
           IFacq |-> 11,
           IFrel |-> 12,
           IDacq |-> 12,
           IDrel |-> 13,
           FUacq |-> 15,
           FUrel |-> 16,
           ROB |-> 12,
           RS |-> 12,
           FU |-> 1 ],
         [ ind |-> 4487,
           addr |-> "0x1058a",
           COM |-> 17,
           IFacq |-> 11,
           IFrel |-> 12,
           IDacq |-> 12,
           IDrel |-> 13,
           FUacq |-> 14,
           FUrel |-> 15,
           ROB |-> 12,
           RS |-> 12,
           FU |-> 2 ],
         [ ind |-> 4488,
           addr |-> "0x1058e",
           COM |-> 18,
           IFacq |-> 12,
           IFrel |-> 13,
           IDacq |-> 13,
           IDrel |-> 14,
           FUacq |-> 16,
           FUrel |-> 17,
           ROB |-> 13,
           RS |-> 13,
           FU |-> 1 ],
         [ ind |-> 4489,
           addr |-> "0x10608",
           COM |-> 18,
           IFacq |-> 12,
           IFrel |-> 13,
           IDacq |-> 13,
           IDrel |-> 14,
           FUacq |-> 17,
           FUrel |-> 18,
           ROB |-> 13,
           RS |-> 13,
           FU |-> 1 ],
         [ ind |-> 4490,
           addr |-> "0x1060c",
           COM |-> 19,
           IFacq |-> 13,
           IFrel |-> 14,
           IDacq |-> 14,
           IDrel |-> 15,
           FUacq |-> 18,
           FUrel |-> 19,
           ROB |-> 14,
           RS |-> 14,
           FU |-> 1 ],
         [ ind |-> 4491,
           addr |-> "0x10610",
           COM |-> 19,
           IFacq |-> 13,
           IFrel |-> 14,
           IDacq |-> 14,
           IDrel |-> 15,
           FUacq |-> 15,
           FUrel |-> 16,
           ROB |-> 14,
           RS |-> 14,
           FU |-> 2 ],
         [ ind |-> 4492,
           addr |-> "0x10614",
           COM |-> 0,
           IFacq |-> 14,
           IFrel |-> 15,
           IDacq |-> 15,
           IDrel |-> 16,
           FUacq |-> 19,
           FUrel |-> 20,
           ROB |-> 15,
           RS |-> 15,
           FU |-> 1 ],
         [ ind |-> 4493,
           addr |-> "0x10616",
           COM |-> 0,
           IFacq |-> 14,
           IFrel |-> 15,
           IDacq |-> 15,
           IDrel |-> 16,
           FUacq |-> 0,
           FUrel |-> 0,
           ROB |-> 15,
           RS |-> 15,
           FU |-> 0 ],
         [ ind |-> 4494,
           addr |-> "0x10618",
           COM |-> 0,
           IFacq |-> 15,
           IFrel |-> 16,
           IDacq |-> 16,
           IDrel |-> 17,
           FUacq |-> 17,
           FUrel |-> 18,
           ROB |-> 16,
           RS |-> 16,
           FU |-> 2 ],
         [ ind |-> 4495,
           addr |-> "0x1061a",
           COM |-> 0,
           IFacq |-> 15,
           IFrel |-> 16,
           IDacq |-> 16,
           IDrel |-> 17,
           FUacq |-> 18,
           FUrel |-> 19,
           ROB |-> 16,
           RS |-> 16,
           FU |-> 2 ] >>,
  edges |->
      { [type |-> "D", source |-> 4466, dest |-> 4468],
        [type |-> "D", source |-> 4474, dest |-> 4475],
        [type |-> "D", source |-> 4480, dest |-> 4481],
        [type |-> "D", source |-> 4489, dest |-> 4490] } ]
/\ currCycle2 = 20
/\ _IF2 = << [ instr |->
         [ ind |-> 4490,
           type |-> "IntAlu",
           r0 |-> "a4",
           r1 |-> "a5",
           r2 |-> "",
           addr |-> "0x1060c" ],
     baseLat |-> 1,
     currLat |-> 1 ],
   [ instr |->
         [ ind |-> 4491,
           type |-> "MemRead",
           r0 |-> "a5",
           r1 |-> "",
           r2 |-> "",
           addr |-> "0x10610" ],
     baseLat |-> 1,
     currLat |-> 1 ] >>
/\ lastBound = 0
/\ graph2 = [ nodes |->
      << [ ind |-> 4466,
           addr |-> "0x10552",
           COM |-> 4,
           IFacq |-> 1,
           IFrel |-> 2,
           IDacq |-> 2,
           IDrel |-> 3,
           FUacq |-> 3,
           FUrel |-> 4,
           ROB |-> 2,
           RS |-> 2,
           FU |-> 1 ],
         [ ind |-> 4467,
           addr |-> "0x10554",
           COM |-> 4,
           IFacq |-> 1,
           IFrel |-> 2,
           IDacq |-> 2,
           IDrel |-> 3,
           FUacq |-> 3,
           FUrel |-> 4,
           ROB |-> 2,
           RS |-> 2,
           FU |-> 2 ],
         [ ind |-> 4468,
           addr |-> "0x10556",
           COM |-> 5,
           IFacq |-> 2,
           IFrel |-> 3,
           IDacq |-> 3,
           IDrel |-> 4,
           FUacq |-> 4,
           FUrel |-> 5,
           ROB |-> 3,
           RS |-> 3,
           FU |-> 1 ],
         [ ind |-> 4469,
           addr |-> "0x10558",
           COM |-> 6,
           IFacq |-> 2,
           IFrel |-> 3,
           IDacq |-> 3,
           IDrel |-> 4,
           FUacq |-> 5,
           FUrel |-> 6,
           ROB |-> 3,
           RS |-> 3,
           FU |-> 1 ],
         [ ind |-> 4470,
           addr |-> "0x1055a",
           COM |-> 6,
           IFacq |-> 3,
           IFrel |-> 4,
           IDacq |-> 4,
           IDrel |-> 5,
           FUacq |-> 5,
           FUrel |-> 6,
           ROB |-> 4,
           RS |-> 4,
           FU |-> 2 ],
         [ ind |-> 4471,
           addr |-> "0x1055e",
           COM |-> 7,
           IFacq |-> 3,
           IFrel |-> 4,
           IDacq |-> 4,
           IDrel |-> 5,
           FUacq |-> 6,
           FUrel |-> 7,
           ROB |-> 4,
           RS |-> 4,
           FU |-> 1 ],
         [ ind |-> 4472,
           addr |-> "0x10562",
           COM |-> 7,
           IFacq |-> 4,
           IFrel |-> 5,
           IDacq |-> 5,
           IDrel |-> 6,
           FUacq |-> 6,
           FUrel |-> 7,
           ROB |-> 5,
           RS |-> 5,
           FU |-> 2 ],
         [ ind |-> 4473,
           addr |-> "0x10566",
           COM |-> 8,
           IFacq |-> 4,
           IFrel |-> 5,
           IDacq |-> 5,
           IDrel |-> 6,
           FUacq |-> 7,
           FUrel |-> 8,
           ROB |-> 5,
           RS |-> 5,
           FU |-> 1 ],
         [ ind |-> 4474,
           addr |-> "0x10688",
           COM |-> 17,
           IFacq |-> 5,
           IFrel |-> 6,
           IDacq |-> 6,
           IDrel |-> 7,
           FUacq |-> 7,
           FUrel |-> 17,
           ROB |-> 6,
           RS |-> 6,
           FU |-> 2 ],
         [ ind |-> 4475,
           addr |-> "0x1068c",
           COM |-> 18,
           IFacq |-> 5,
           IFrel |-> 6,
           IDacq |-> 6,
           IDrel |-> 7,
           FUacq |-> 17,
           FUrel |-> 18,
           ROB |-> 6,
           RS |-> 6,
           FU |-> 1 ],
         [ ind |-> 4476,
           addr |-> "0x10690",
           COM |-> 18,
           IFacq |-> 6,
           IFrel |-> 7,
           IDacq |-> 7,
           IDrel |-> 8,
           FUacq |-> 8,
           FUrel |-> 9,
           ROB |-> 7,
           RS |-> 7,
           FU |-> 1 ],
         [ ind |-> 4477,
           addr |-> "0x10692",
           COM |-> 19,
           IFacq |-> 6,
           IFrel |-> 7,
           IDacq |-> 7,
           IDrel |-> 8,
           FUacq |-> 18,
           FUrel |-> 19,
           ROB |-> 7,
           RS |-> 7,
           FU |-> 1 ],
         [ ind |-> 4478,
           addr |-> "0x10568",
           COM |-> 19,
           IFacq |-> 7,
           IFrel |-> 8,
           IDacq |-> 8,
           IDrel |-> 9,
           FUacq |-> 9,
           FUrel |-> 10,
           ROB |-> 8,
           RS |-> 8,
           FU |-> 1 ],
         [ ind |-> 4479,
           addr |-> "0x1056c",
           COM |-> 0,
           IFacq |-> 7,
           IFrel |-> 8,
           IDacq |-> 8,
           IDrel |-> 9,
           FUacq |-> 17,
           FUrel |-> 18,
           ROB |-> 8,
           RS |-> 8,
           FU |-> 2 ],
         [ ind |-> 4480,
           addr |-> "0x10570",
           COM |-> 0,
           IFacq |-> 8,
           IFrel |-> 9,
           IDacq |-> 9,
           IDrel |-> 10,
           FUacq |-> 10,
           FUrel |-> 11,
           ROB |-> 9,
           RS |-> 9,
           FU |-> 1 ],
         [ ind |-> 4481,
           addr |-> "0x10572",
           COM |-> 0,
           IFacq |-> 8,
           IFrel |-> 9,
           IDacq |-> 9,
           IDrel |-> 10,
           FUacq |-> 19,
           FUrel |-> 20,
           ROB |-> 9,
           RS |-> 9,
           FU |-> 1 ],
         [ ind |-> 4482,
           addr |-> "0x10576",
           COM |-> 0,
           IFacq |-> 9,
           IFrel |-> 10,
           IDacq |-> 10,
           IDrel |-> 11,
           FUacq |-> 11,
           FUrel |-> 12,
           ROB |-> 10,
           RS |-> 10,
           FU |-> 1 ],
         [ ind |-> 4483,
           addr |-> "0x1057a",
           COM |-> 0,
           IFacq |-> 9,
           IFrel |-> 10,
           IDacq |-> 10,
           IDrel |-> 11,
           FUacq |-> 18,
           FUrel |-> 19,
           ROB |-> 10,
           RS |-> 10,
           FU |-> 2 ],
         [ ind |-> 4484,
           addr |-> "0x1057e",
           COM |-> 0,
           IFacq |-> 10,
           IFrel |-> 11,
           IDacq |-> 11,
           IDrel |-> 12,
           FUacq |-> 19,
           FUrel |-> 20,
           ROB |-> 11,
           RS |-> 11,
           FU |-> 2 ],
         [ ind |-> 4485,
           addr |-> "0x10582",
           COM |-> 0,
           IFacq |-> 10,
           IFrel |-> 11,
           IDacq |-> 11,
           IDrel |-> 12,
           FUacq |-> 0,
           FUrel |-> 0,
           ROB |-> 11,
           RS |-> 11,
           FU |-> 0 ],
         [ ind |-> 4486,
           addr |-> "0x10586",
           COM |-> 0,
           IFacq |-> 11,
           IFrel |-> 12,
           IDacq |-> 12,
           IDrel |-> 20,
           FUacq |-> 0,
           FUrel |-> 0,
           ROB |-> 19,
           RS |-> 19,
           FU |-> 0 ],
         [ ind |-> 4487,
           addr |-> "0x1058a",
           COM |-> 0,
           IFacq |-> 11,
           IFrel |-> 12,
           IDacq |-> 12,
           IDrel |-> 20,
           FUacq |-> 0,
           FUrel |-> 0,
           ROB |-> 19,
           RS |-> 19,
           FU |-> 0 ],
         [ ind |-> 4488,
           addr |-> "0x1058e",
           COM |-> 0,
           IFacq |-> 12,
           IFrel |-> 13,
           IDacq |-> 0,
           IDrel |-> 0,
           FUacq |-> 0,
           FUrel |-> 0,
           ROB |-> 0,
           RS |-> 0,
           FU |-> 0 ],
         [ ind |-> 4489,
           addr |-> "0x10608",
           COM |-> 0,
           IFacq |-> 12,
           IFrel |-> 13,
           IDacq |-> 0,
           IDrel |-> 0,
           FUacq |-> 0,
           FUrel |-> 0,
           ROB |-> 0,
           RS |-> 0,
           FU |-> 0 ] >>,
  edges |->
      { [type |-> "D", source |-> 4466, dest |-> 4468],
        [type |-> "D", source |-> 4474, dest |-> 4475],
        [type |-> "D", source |-> 4475, dest |-> 4477],
        [type |-> "D", source |-> 4477, dest |-> 4481],
        [type |-> "D", source |-> 4478, dest |-> 4481],
        [type |-> "D", source |-> 4479, dest |-> 4481],
        [type |-> "D", source |-> 4480, dest |-> 4481] } ]
/\ pc2 = 26
/\ robHead = 27
/\ rob = << [ instr |->
         [ ind |-> 4466,
           type |-> "IntAlu",
           r0 |-> "sp",
           r1 |-> "",
           r2 |-> "",
           addr |-> "0x10552" ],
     done |-> TRUE,
     executed |-> TRUE ],
   [ instr |->
         [ ind |-> 4467,
           type |-> "MemWrite",
           r0 |-> "s0",
           r1 |-> "",
           r2 |-> "",
           addr |-> "0x10554" ],
     done |-> TRUE,
     executed |-> TRUE ],
   [ instr |->
         [ ind |-> 4468,
           type |-> "IntAlu",
           r0 |-> "s0",
           r1 |-> "sp",
           r2 |-> "",
           addr |-> "0x10556" ],
     done |-> TRUE,
     executed |-> TRUE ],
   [ instr |->
         [ ind |-> 4469,
           type |-> "IntAlu",
           r0 |-> "a5",
           r1 |-> "",
           r2 |-> "",
           addr |-> "0x10558" ],
     done |-> TRUE,
     executed |-> TRUE ],
   [ instr |->
         [ ind |-> 4470,
           type |-> "MemWrite",
           r0 |-> "a5",
           r1 |-> "",
           r2 |-> "",
           addr |-> "0x1055a" ],
     done |-> TRUE,
     executed |-> TRUE ],
   [ instr |->
         [ ind |-> 4471,
           type |-> "IntAlu",
           r0 |-> "a5",
           r1 |-> "",
           r2 |-> "",
           addr |-> "0x1055e" ],
     done |-> TRUE,
     executed |-> TRUE ],
   [ instr |->
         [ ind |-> 4472,
           type |-> "MemWrite",
           r0 |-> "zero",
           r1 |-> "",
           r2 |-> "",
           addr |-> "0x10562" ],
     done |-> TRUE,
     executed |-> TRUE ],
   [ instr |->
         [ ind |-> 4473,
           type |-> "IntAlu",
           r0 |-> "",
           r1 |-> "",
           r2 |-> "",
           addr |-> "0x10566" ],
     done |-> TRUE,
     executed |-> TRUE ],
   [ instr |->
         [ ind |-> 4474,
           type |-> "MemRead",
           r0 |-> "a5",
           r1 |-> "",
           r2 |-> "",
           addr |-> "0x10688" ],
     done |-> TRUE,
     executed |-> TRUE ],
   [ instr |->
         [ ind |-> 4475,
           type |-> "IntAlu",
           r0 |-> "a4",
           r1 |-> "a5",
           r2 |-> "",
           addr |-> "0x1068c" ],
     done |-> TRUE,
     executed |-> TRUE ],
   [ instr |->
         [ ind |-> 4476,
           type |-> "IntAlu",
           r0 |-> "a5",
           r1 |-> "",
           r2 |-> "",
           addr |-> "0x10690" ],
     done |-> TRUE,
     executed |-> TRUE ],
   [ instr |->
         [ ind |-> 4477,
           type |-> "IntAlu",
           r0 |-> "a5",
           r1 |-> "a4",
           r2 |-> "",
           addr |-> "0x10692" ],
     done |-> TRUE,
     executed |-> TRUE ],
   [ instr |->
         [ ind |-> 4478,
           type |-> "IntAlu",
           r0 |-> "a5",
           r1 |-> "",
           r2 |-> "",
           addr |-> "0x10568" ],
     done |-> TRUE,
     executed |-> TRUE ],
   [ instr |->
         [ ind |-> 4479,
           type |-> "MemRead",
           r0 |-> "a5",
           r1 |-> "",
           r2 |-> "",
           addr |-> "0x1056c" ],
     done |-> TRUE,
     executed |-> TRUE ],
   [ instr |->
         [ ind |-> 4480,
           type |-> "IntAlu",
           r0 |-> "a5",
           r1 |-> "",
           r2 |-> "",
           addr |-> "0x10570" ],
     done |-> TRUE,
     executed |-> TRUE ],
   [ instr |->
         [ ind |-> 4481,
           type |-> "IntAlu",
           r0 |-> "a4",
           r1 |-> "a5",
           r2 |-> "",
           addr |-> "0x10572" ],
     done |-> TRUE,
     executed |-> TRUE ],
   [ instr |->
         [ ind |-> 4482,
           type |-> "IntAlu",
           r0 |-> "a5",
           r1 |-> "",
           r2 |-> "",
           addr |-> "0x10576" ],
     done |-> TRUE,
     executed |-> TRUE ],
   [ instr |->
         [ ind |-> 4483,
           type |-> "MemWrite",
           r0 |-> "a4",
           r1 |-> "",
           r2 |-> "",
           addr |-> "0x1057a" ],
     done |-> TRUE,
     executed |-> TRUE ],
   [ instr |->
         [ ind |-> 4484,
           type |-> "MemRead",
           r0 |-> "a5",
           r1 |-> "",
           r2 |-> "",
           addr |-> "0x1057e" ],
     done |-> TRUE,
     executed |-> TRUE ],
   [ instr |->
         [ ind |-> 4485,
           type |-> "MemWrite",
           r0 |-> "a5",
           r1 |-> "",
           r2 |-> "",
           addr |-> "0x10582" ],
     done |-> TRUE,
     executed |-> TRUE ],
   [ instr |->
         [ ind |-> 4486,
           type |-> "IntAlu",
           r0 |-> "a5",
           r1 |-> "",
           r2 |-> "",
           addr |-> "0x10586" ],
     done |-> TRUE,
     executed |-> TRUE ],
   [ instr |->
         [ ind |-> 4487,
           type |-> "MemWrite",
           r0 |-> "zero",
           r1 |-> "",
           r2 |-> "",
           addr |-> "0x1058a" ],
     done |-> TRUE,
     executed |-> TRUE ],
   [ instr |->
         [ ind |-> 4488,
           type |-> "IntAlu",
           r0 |-> "",
           r1 |-> "",
           r2 |-> "",
           addr |-> "0x1058e" ],
     done |-> TRUE,
     executed |-> TRUE ],
   [ instr |->
         [ ind |-> 4489,
           type |-> "IntAlu",
           r0 |-> "a5",
           r1 |-> "",
           r2 |-> "",
           addr |-> "0x10608" ],
     done |-> TRUE,
     executed |-> TRUE ],
   [ instr |->
         [ ind |-> 4490,
           type |-> "IntAlu",
           r0 |-> "a4",
           r1 |-> "a5",
           r2 |-> "",
           addr |-> "0x1060c" ],
     done |-> TRUE,
     executed |-> TRUE ],
   [ instr |->
         [ ind |-> 4491,
           type |-> "MemRead",
           r0 |-> "a5",
           r1 |-> "",
           r2 |-> "",
           addr |-> "0x10610" ],
     done |-> TRUE,
     executed |-> TRUE ],
   [ instr |->
         [ ind |-> 4492,
           type |-> "IntAlu",
           r0 |-> "a5",
           r1 |-> "",
           r2 |-> "",
           addr |-> "0x10614" ],
     done |-> FALSE,
     executed |-> TRUE ],
   [ instr |->
         [ ind |-> 4493,
           type |-> "IntAlu",
           r0 |-> "a5",
           r1 |-> "a4",
           r2 |-> "",
           addr |-> "0x10616" ],
     done |-> FALSE,
     executed |-> FALSE ],
   [ instr |->
         [ ind |-> 4494,
           type |-> "MemRead",
           r0 |-> "a3",
           r1 |-> "",
           r2 |-> "",
           addr |-> "0x10618" ],
     done |-> FALSE,
     executed |-> TRUE ],
   [ instr |->
         [ ind |-> 4495,
           type |-> "MemRead",
           r0 |-> "a5",
           r1 |-> "",
           r2 |-> "",
           addr |-> "0x1061a" ],
     done |-> FALSE,
     executed |-> TRUE ] >>
/\ _RS = <<{}, {}, {}, {}>>
/\ currCycle = 20
/\ exec_inst = 1
/\ robHead2 = 14
/\ pc = 30
/\ rob2 = << [ instr |->
         [ ind |-> 4466,
           type |-> "IntAlu",
           r0 |-> "sp",
           r1 |-> "",
           r2 |-> "",
           addr |-> "0x10552" ],
     done |-> TRUE,
     executed |-> TRUE ],
   [ instr |->
         [ ind |-> 4467,
           type |-> "MemWrite",
           r0 |-> "s0",
           r1 |-> "",
           r2 |-> "",
           addr |-> "0x10554" ],
     done |-> TRUE,
     executed |-> TRUE ],
   [ instr |->
         [ ind |-> 4468,
           type |-> "IntAlu",
           r0 |-> "s0",
           r1 |-> "sp",
           r2 |-> "",
           addr |-> "0x10556" ],
     done |-> TRUE,
     executed |-> TRUE ],
   [ instr |->
         [ ind |-> 4469,
           type |-> "IntAlu",
           r0 |-> "a5",
           r1 |-> "",
           r2 |-> "",
           addr |-> "0x10558" ],
     done |-> TRUE,
     executed |-> TRUE ],
   [ instr |->
         [ ind |-> 4470,
           type |-> "MemWrite",
           r0 |-> "a5",
           r1 |-> "",
           r2 |-> "",
           addr |-> "0x1055a" ],
     done |-> TRUE,
     executed |-> TRUE ],
   [ instr |->
         [ ind |-> 4471,
           type |-> "IntAlu",
           r0 |-> "a5",
           r1 |-> "",
           r2 |-> "",
           addr |-> "0x1055e" ],
     done |-> TRUE,
     executed |-> TRUE ],
   [ instr |->
         [ ind |-> 4472,
           type |-> "MemWrite",
           r0 |-> "zero",
           r1 |-> "",
           r2 |-> "",
           addr |-> "0x10562" ],
     done |-> TRUE,
     executed |-> TRUE ],
   [ instr |->
         [ ind |-> 4473,
           type |-> "IntAlu",
           r0 |-> "",
           r1 |-> "",
           r2 |-> "",
           addr |-> "0x10566" ],
     done |-> TRUE,
     executed |-> TRUE ],
   [ instr |->
         [ ind |-> 4474,
           type |-> "MemRead",
           r0 |-> "a5",
           r1 |-> "",
           r2 |-> "",
           addr |-> "0x10688" ],
     done |-> TRUE,
     executed |-> TRUE ],
   [ instr |->
         [ ind |-> 4475,
           type |-> "IntAlu",
           r0 |-> "a4",
           r1 |-> "a5",
           r2 |-> "",
           addr |-> "0x1068c" ],
     done |-> TRUE,
     executed |-> TRUE ],
   [ instr |->
         [ ind |-> 4476,
           type |-> "IntAlu",
           r0 |-> "a5",
           r1 |-> "",
           r2 |-> "",
           addr |-> "0x10690" ],
     done |-> TRUE,
     executed |-> TRUE ],
   [ instr |->
         [ ind |-> 4477,
           type |-> "IntAlu",
           r0 |-> "a5",
           r1 |-> "a4",
           r2 |-> "",
           addr |-> "0x10692" ],
     done |-> TRUE,
     executed |-> TRUE ],
   [ instr |->
         [ ind |-> 4478,
           type |-> "IntAlu",
           r0 |-> "a5",
           r1 |-> "",
           r2 |-> "",
           addr |-> "0x10568" ],
     done |-> TRUE,
     executed |-> TRUE ],
   [ instr |->
         [ ind |-> 4479,
           type |-> "MemRead",
           r0 |-> "a5",
           r1 |-> "",
           r2 |-> "",
           addr |-> "0x1056c" ],
     done |-> FALSE,
     executed |-> TRUE ],
   [ instr |->
         [ ind |-> 4480,
           type |-> "IntAlu",
           r0 |-> "a5",
           r1 |-> "",
           r2 |-> "",
           addr |-> "0x10570" ],
     done |-> FALSE,
     executed |-> TRUE ],
   [ instr |->
         [ ind |-> 4481,
           type |-> "IntAlu",
           r0 |-> "a4",
           r1 |-> "a5",
           r2 |-> "",
           addr |-> "0x10572" ],
     done |-> FALSE,
     executed |-> TRUE ],
   [ instr |->
         [ ind |-> 4482,
           type |-> "IntAlu",
           r0 |-> "a5",
           r1 |-> "",
           r2 |-> "",
           addr |-> "0x10576" ],
     done |-> FALSE,
     executed |-> TRUE ],
   [ instr |->
         [ ind |-> 4483,
           type |-> "MemWrite",
           r0 |-> "a4",
           r1 |-> "",
           r2 |-> "",
           addr |-> "0x1057a" ],
     done |-> FALSE,
     executed |-> TRUE ],
   [ instr |->
         [ ind |-> 4484,
           type |-> "MemRead",
           r0 |-> "a5",
           r1 |-> "",
           r2 |-> "",
           addr |-> "0x1057e" ],
     done |-> FALSE,
     executed |-> TRUE ],
   [ instr |->
         [ ind |-> 4485,
           type |-> "MemWrite",
           r0 |-> "a5",
           r1 |-> "",
           r2 |-> "",
           addr |-> "0x10582" ],
     done |-> FALSE,
     executed |-> FALSE ],
   [ instr |->
         [ ind |-> 4486,
           type |-> "IntAlu",
           r0 |-> "a5",
           r1 |-> "",
           r2 |-> "",
           addr |-> "0x10586" ],
     done |-> FALSE,
     executed |-> FALSE ],
   [ instr |->
         [ ind |-> 4487,
           type |-> "MemWrite",
           r0 |-> "zero",
           r1 |-> "",
           r2 |-> "",
           addr |-> "0x1058a" ],
     done |-> FALSE,
     executed |-> FALSE ] >>
/\ _FU = << [ instr |->
         [ ind |-> 4493,
           type |-> "IntAlu",
           r0 |-> "a5",
           r1 |-> "a4",
           r2 |-> "",
           addr |-> "0x10616" ],
     baseLat |-> 1,
     currLat |-> 1 ],
   [ instr |->
         [ ind |-> 0,
           type |-> "No_OpClass",
           r0 |-> "",
           r1 |-> "",
           r2 |-> "",
           addr |-> "" ],
     baseLat |-> 1,
     currLat |-> 1 ],
   [ instr |->
         [ ind |-> 0,
           type |-> "No_OpClass",
           r0 |-> "",
           r1 |-> "",
           r2 |-> "",
           addr |-> "" ],
     baseLat |-> 1,
     currLat |-> 1 ],
   [ instr |->
         [ ind |-> 0,
           type |-> "No_OpClass",
           r0 |-> "",
           r1 |-> "",
           r2 |-> "",
           addr |-> "" ],
     baseLat |-> 1,
     currLat |-> 1 ] >>

@!@!@ENDMSG 2217 @!@!@
@!@!@STARTMSG 2217:4 @!@!@
22: <Next line 63, col 9 to line 67, col 64 of module pipeline_ooo>
/\ _RS2 = << { [ ind |-> 4489,
       type |-> "IntAlu",
       r0 |-> "a5",
       r1 |-> "",
       r2 |-> "",
       addr |-> "0x10608" ] },
   {},
   {},
   {} >>
/\ _COM2 = << [ ind |-> 4481,
     type |-> "IntAlu",
     r0 |-> "a4",
     r1 |-> "a5",
     r2 |-> "",
     addr |-> "0x10572" ],
   [ ind |-> 4482,
     type |-> "IntAlu",
     r0 |-> "a5",
     r1 |-> "",
     r2 |-> "",
     addr |-> "0x10576" ] >>
/\ _ID = << [ ind |-> 0,
     type |-> "No_OpClass",
     r0 |-> "",
     r1 |-> "",
     r2 |-> "",
     addr |-> "" ],
   [ ind |-> 0,
     type |-> "No_OpClass",
     r0 |-> "",
     r1 |-> "",
     r2 |-> "",
     addr |-> "" ] >>
/\ _IF = << [ instr |->
         [ ind |-> 0,
           type |-> "No_OpClass",
           r0 |-> "",
           r1 |-> "",
           r2 |-> "",
           addr |-> "" ],
     baseLat |-> 1,
     currLat |-> 1 ],
   [ instr |->
         [ ind |-> 0,
           type |-> "No_OpClass",
           r0 |-> "",
           r1 |-> "",
           r2 |-> "",
           addr |-> "" ],
     baseLat |-> 1,
     currLat |-> 1 ] >>
/\ _FU2 = << [ instr |->
         [ ind |-> 4488,
           type |-> "IntAlu",
           r0 |-> "",
           r1 |-> "",
           r2 |-> "",
           addr |-> "0x1058e" ],
     baseLat |-> 1,
     currLat |-> 1 ],
   [ instr |->
         [ ind |-> 4487,
           type |-> "MemWrite",
           r0 |-> "zero",
           r1 |-> "",
           r2 |-> "",
           addr |-> "0x1058a" ],
     baseLat |-> 1,
     currLat |-> 1 ],
   [ instr |->
         [ ind |-> 0,
           type |-> "No_OpClass",
           r0 |-> "",
           r1 |-> "",
           r2 |-> "",
           addr |-> "" ],
     baseLat |-> 1,
     currLat |-> 1 ],
   [ instr |->
         [ ind |-> 0,
           type |-> "No_OpClass",
           r0 |-> "",
           r1 |-> "",
           r2 |-> "",
           addr |-> "" ],
     baseLat |-> 1,
     currLat |-> 1 ] >>
/\ _COM = << [ ind |-> 4493,
     type |-> "IntAlu",
     r0 |-> "a5",
     r1 |-> "a4",
     r2 |-> "",
     addr |-> "0x10616" ],
   [ ind |-> 4494,
     type |-> "MemRead",
     r0 |-> "a3",
     r1 |-> "",
     r2 |-> "",
     addr |-> "0x10618" ] >>
/\ exec_inst2 = 2
/\ _ID2 = << [ ind |-> 4490,
     type |-> "IntAlu",
     r0 |-> "a4",
     r1 |-> "a5",
     r2 |-> "",
     addr |-> "0x1060c" ],
   [ ind |-> 4491,
     type |-> "MemRead",
     r0 |-> "a5",
     r1 |-> "",
     r2 |-> "",
     addr |-> "0x10610" ] >>
/\ graph = [ nodes |->
      << [ ind |-> 4466,
           addr |-> "0x10552",
           COM |-> 4,
           IFacq |-> 1,
           IFrel |-> 2,
           IDacq |-> 2,
           IDrel |-> 3,
           FUacq |-> 3,
           FUrel |-> 4,
           ROB |-> 2,
           RS |-> 2,
           FU |-> 1 ],
         [ ind |-> 4467,
           addr |-> "0x10554",
           COM |-> 4,
           IFacq |-> 1,
           IFrel |-> 2,
           IDacq |-> 2,
           IDrel |-> 3,
           FUacq |-> 3,
           FUrel |-> 4,
           ROB |-> 2,
           RS |-> 2,
           FU |-> 2 ],
         [ ind |-> 4468,
           addr |-> "0x10556",
           COM |-> 5,
           IFacq |-> 2,
           IFrel |-> 3,
           IDacq |-> 3,
           IDrel |-> 4,
           FUacq |-> 4,
           FUrel |-> 5,
           ROB |-> 3,
           RS |-> 3,
           FU |-> 1 ],
         [ ind |-> 4469,
           addr |-> "0x10558",
           COM |-> 6,
           IFacq |-> 2,
           IFrel |-> 3,
           IDacq |-> 3,
           IDrel |-> 4,
           FUacq |-> 5,
           FUrel |-> 6,
           ROB |-> 3,
           RS |-> 3,
           FU |-> 1 ],
         [ ind |-> 4470,
           addr |-> "0x1055a",
           COM |-> 6,
           IFacq |-> 3,
           IFrel |-> 4,
           IDacq |-> 4,
           IDrel |-> 5,
           FUacq |-> 5,
           FUrel |-> 6,
           ROB |-> 4,
           RS |-> 4,
           FU |-> 2 ],
         [ ind |-> 4471,
           addr |-> "0x1055e",
           COM |-> 7,
           IFacq |-> 3,
           IFrel |-> 4,
           IDacq |-> 4,
           IDrel |-> 5,
           FUacq |-> 6,
           FUrel |-> 7,
           ROB |-> 4,
           RS |-> 4,
           FU |-> 1 ],
         [ ind |-> 4472,
           addr |-> "0x10562",
           COM |-> 7,
           IFacq |-> 4,
           IFrel |-> 5,
           IDacq |-> 5,
           IDrel |-> 6,
           FUacq |-> 6,
           FUrel |-> 7,
           ROB |-> 5,
           RS |-> 5,
           FU |-> 2 ],
         [ ind |-> 4473,
           addr |-> "0x10566",
           COM |-> 8,
           IFacq |-> 4,
           IFrel |-> 5,
           IDacq |-> 5,
           IDrel |-> 6,
           FUacq |-> 7,
           FUrel |-> 8,
           ROB |-> 5,
           RS |-> 5,
           FU |-> 1 ],
         [ ind |-> 4474,
           addr |-> "0x10688",
           COM |-> 8,
           IFacq |-> 5,
           IFrel |-> 6,
           IDacq |-> 6,
           IDrel |-> 7,
           FUacq |-> 7,
           FUrel |-> 8,
           ROB |-> 6,
           RS |-> 6,
           FU |-> 2 ],
         [ ind |-> 4475,
           addr |-> "0x1068c",
           COM |-> 9,
           IFacq |-> 5,
           IFrel |-> 6,
           IDacq |-> 6,
           IDrel |-> 7,
           FUacq |-> 8,
           FUrel |-> 9,
           ROB |-> 6,
           RS |-> 6,
           FU |-> 1 ],
         [ ind |-> 4476,
           addr |-> "0x10690",
           COM |-> 10,
           IFacq |-> 6,
           IFrel |-> 7,
           IDacq |-> 7,
           IDrel |-> 8,
           FUacq |-> 9,
           FUrel |-> 10,
           ROB |-> 7,
           RS |-> 7,
           FU |-> 1 ],
         [ ind |-> 4477,
           addr |-> "0x10692",
           COM |-> 11,
           IFacq |-> 6,
           IFrel |-> 7,
           IDacq |-> 7,
           IDrel |-> 8,
           FUacq |-> 10,
           FUrel |-> 11,
           ROB |-> 7,
           RS |-> 7,
           FU |-> 1 ],
         [ ind |-> 4478,
           addr |-> "0x10568",
           COM |-> 12,
           IFacq |-> 7,
           IFrel |-> 8,
           IDacq |-> 8,
           IDrel |-> 9,
           FUacq |-> 11,
           FUrel |-> 12,
           ROB |-> 8,
           RS |-> 8,
           FU |-> 1 ],
         [ ind |-> 4479,
           addr |-> "0x1056c",
           COM |-> 12,
           IFacq |-> 7,
           IFrel |-> 8,
           IDacq |-> 8,
           IDrel |-> 9,
           FUacq |-> 9,
           FUrel |-> 10,
           ROB |-> 8,
           RS |-> 8,
           FU |-> 2 ],
         [ ind |-> 4480,
           addr |-> "0x10570",
           COM |-> 13,
           IFacq |-> 8,
           IFrel |-> 9,
           IDacq |-> 9,
           IDrel |-> 10,
           FUacq |-> 12,
           FUrel |-> 13,
           ROB |-> 9,
           RS |-> 9,
           FU |-> 1 ],
         [ ind |-> 4481,
           addr |-> "0x10572",
           COM |-> 14,
           IFacq |-> 8,
           IFrel |-> 9,
           IDacq |-> 9,
           IDrel |-> 10,
           FUacq |-> 13,
           FUrel |-> 14,
           ROB |-> 9,
           RS |-> 9,
           FU |-> 1 ],
         [ ind |-> 4482,
           addr |-> "0x10576",
           COM |-> 15,
           IFacq |-> 9,
           IFrel |-> 10,
           IDacq |-> 10,
           IDrel |-> 11,
           FUacq |-> 14,
           FUrel |-> 15,
           ROB |-> 10,
           RS |-> 10,
           FU |-> 1 ],
         [ ind |-> 4483,
           addr |-> "0x1057a",
           COM |-> 15,
           IFacq |-> 9,
           IFrel |-> 10,
           IDacq |-> 10,
           IDrel |-> 11,
           FUacq |-> 11,
           FUrel |-> 12,
           ROB |-> 10,
           RS |-> 10,
           FU |-> 2 ],
         [ ind |-> 4484,
           addr |-> "0x1057e",
           COM |-> 16,
           IFacq |-> 10,
           IFrel |-> 11,
           IDacq |-> 11,
           IDrel |-> 12,
           FUacq |-> 12,
           FUrel |-> 13,
           ROB |-> 11,
           RS |-> 11,
           FU |-> 2 ],
         [ ind |-> 4485,
           addr |-> "0x10582",
           COM |-> 16,
           IFacq |-> 10,
           IFrel |-> 11,
           IDacq |-> 11,
           IDrel |-> 12,
           FUacq |-> 13,
           FUrel |-> 14,
           ROB |-> 11,
           RS |-> 11,
           FU |-> 2 ],
         [ ind |-> 4486,
           addr |-> "0x10586",
           COM |-> 17,
           IFacq |-> 11,
           IFrel |-> 12,
           IDacq |-> 12,
           IDrel |-> 13,
           FUacq |-> 15,
           FUrel |-> 16,
           ROB |-> 12,
           RS |-> 12,
           FU |-> 1 ],
         [ ind |-> 4487,
           addr |-> "0x1058a",
           COM |-> 17,
           IFacq |-> 11,
           IFrel |-> 12,
           IDacq |-> 12,
           IDrel |-> 13,
           FUacq |-> 14,
           FUrel |-> 15,
           ROB |-> 12,
           RS |-> 12,
           FU |-> 2 ],
         [ ind |-> 4488,
           addr |-> "0x1058e",
           COM |-> 18,
           IFacq |-> 12,
           IFrel |-> 13,
           IDacq |-> 13,
           IDrel |-> 14,
           FUacq |-> 16,
           FUrel |-> 17,
           ROB |-> 13,
           RS |-> 13,
           FU |-> 1 ],
         [ ind |-> 4489,
           addr |-> "0x10608",
           COM |-> 18,
           IFacq |-> 12,
           IFrel |-> 13,
           IDacq |-> 13,
           IDrel |-> 14,
           FUacq |-> 17,
           FUrel |-> 18,
           ROB |-> 13,
           RS |-> 13,
           FU |-> 1 ],
         [ ind |-> 4490,
           addr |-> "0x1060c",
           COM |-> 19,
           IFacq |-> 13,
           IFrel |-> 14,
           IDacq |-> 14,
           IDrel |-> 15,
           FUacq |-> 18,
           FUrel |-> 19,
           ROB |-> 14,
           RS |-> 14,
           FU |-> 1 ],
         [ ind |-> 4491,
           addr |-> "0x10610",
           COM |-> 19,
           IFacq |-> 13,
           IFrel |-> 14,
           IDacq |-> 14,
           IDrel |-> 15,
           FUacq |-> 15,
           FUrel |-> 16,
           ROB |-> 14,
           RS |-> 14,
           FU |-> 2 ],
         [ ind |-> 4492,
           addr |-> "0x10614",
           COM |-> 20,
           IFacq |-> 14,
           IFrel |-> 15,
           IDacq |-> 15,
           IDrel |-> 16,
           FUacq |-> 19,
           FUrel |-> 20,
           ROB |-> 15,
           RS |-> 15,
           FU |-> 1 ],
         [ ind |-> 4493,
           addr |-> "0x10616",
           COM |-> 0,
           IFacq |-> 14,
           IFrel |-> 15,
           IDacq |-> 15,
           IDrel |-> 16,
           FUacq |-> 20,
           FUrel |-> 21,
           ROB |-> 15,
           RS |-> 15,
           FU |-> 1 ],
         [ ind |-> 4494,
           addr |-> "0x10618",
           COM |-> 0,
           IFacq |-> 15,
           IFrel |-> 16,
           IDacq |-> 16,
           IDrel |-> 17,
           FUacq |-> 17,
           FUrel |-> 18,
           ROB |-> 16,
           RS |-> 16,
           FU |-> 2 ],
         [ ind |-> 4495,
           addr |-> "0x1061a",
           COM |-> 0,
           IFacq |-> 15,
           IFrel |-> 16,
           IDacq |-> 16,
           IDrel |-> 17,
           FUacq |-> 18,
           FUrel |-> 19,
           ROB |-> 16,
           RS |-> 16,
           FU |-> 2 ] >>,
  edges |->
      { [type |-> "D", source |-> 4466, dest |-> 4468],
        [type |-> "D", source |-> 4474, dest |-> 4475],
        [type |-> "D", source |-> 4480, dest |-> 4481],
        [type |-> "D", source |-> 4489, dest |-> 4490] } ]
/\ currCycle2 = 21
/\ _IF2 = << [ instr |->
         [ ind |-> 4492,
           type |-> "IntAlu",
           r0 |-> "a5",
           r1 |-> "",
           r2 |-> "",
           addr |-> "0x10614" ],
     baseLat |-> 1,
     currLat |-> 1 ],
   [ instr |->
         [ ind |-> 4493,
           type |-> "IntAlu",
           r0 |-> "a5",
           r1 |-> "a4",
           r2 |-> "",
           addr |-> "0x10616" ],
     baseLat |-> 1,
     currLat |-> 1 ] >>
/\ lastBound = 0
/\ graph2 = [ nodes |->
      << [ ind |-> 4466,
           addr |-> "0x10552",
           COM |-> 4,
           IFacq |-> 1,
           IFrel |-> 2,
           IDacq |-> 2,
           IDrel |-> 3,
           FUacq |-> 3,
           FUrel |-> 4,
           ROB |-> 2,
           RS |-> 2,
           FU |-> 1 ],
         [ ind |-> 4467,
           addr |-> "0x10554",
           COM |-> 4,
           IFacq |-> 1,
           IFrel |-> 2,
           IDacq |-> 2,
           IDrel |-> 3,
           FUacq |-> 3,
           FUrel |-> 4,
           ROB |-> 2,
           RS |-> 2,
           FU |-> 2 ],
         [ ind |-> 4468,
           addr |-> "0x10556",
           COM |-> 5,
           IFacq |-> 2,
           IFrel |-> 3,
           IDacq |-> 3,
           IDrel |-> 4,
           FUacq |-> 4,
           FUrel |-> 5,
           ROB |-> 3,
           RS |-> 3,
           FU |-> 1 ],
         [ ind |-> 4469,
           addr |-> "0x10558",
           COM |-> 6,
           IFacq |-> 2,
           IFrel |-> 3,
           IDacq |-> 3,
           IDrel |-> 4,
           FUacq |-> 5,
           FUrel |-> 6,
           ROB |-> 3,
           RS |-> 3,
           FU |-> 1 ],
         [ ind |-> 4470,
           addr |-> "0x1055a",
           COM |-> 6,
           IFacq |-> 3,
           IFrel |-> 4,
           IDacq |-> 4,
           IDrel |-> 5,
           FUacq |-> 5,
           FUrel |-> 6,
           ROB |-> 4,
           RS |-> 4,
           FU |-> 2 ],
         [ ind |-> 4471,
           addr |-> "0x1055e",
           COM |-> 7,
           IFacq |-> 3,
           IFrel |-> 4,
           IDacq |-> 4,
           IDrel |-> 5,
           FUacq |-> 6,
           FUrel |-> 7,
           ROB |-> 4,
           RS |-> 4,
           FU |-> 1 ],
         [ ind |-> 4472,
           addr |-> "0x10562",
           COM |-> 7,
           IFacq |-> 4,
           IFrel |-> 5,
           IDacq |-> 5,
           IDrel |-> 6,
           FUacq |-> 6,
           FUrel |-> 7,
           ROB |-> 5,
           RS |-> 5,
           FU |-> 2 ],
         [ ind |-> 4473,
           addr |-> "0x10566",
           COM |-> 8,
           IFacq |-> 4,
           IFrel |-> 5,
           IDacq |-> 5,
           IDrel |-> 6,
           FUacq |-> 7,
           FUrel |-> 8,
           ROB |-> 5,
           RS |-> 5,
           FU |-> 1 ],
         [ ind |-> 4474,
           addr |-> "0x10688",
           COM |-> 17,
           IFacq |-> 5,
           IFrel |-> 6,
           IDacq |-> 6,
           IDrel |-> 7,
           FUacq |-> 7,
           FUrel |-> 17,
           ROB |-> 6,
           RS |-> 6,
           FU |-> 2 ],
         [ ind |-> 4475,
           addr |-> "0x1068c",
           COM |-> 18,
           IFacq |-> 5,
           IFrel |-> 6,
           IDacq |-> 6,
           IDrel |-> 7,
           FUacq |-> 17,
           FUrel |-> 18,
           ROB |-> 6,
           RS |-> 6,
           FU |-> 1 ],
         [ ind |-> 4476,
           addr |-> "0x10690",
           COM |-> 18,
           IFacq |-> 6,
           IFrel |-> 7,
           IDacq |-> 7,
           IDrel |-> 8,
           FUacq |-> 8,
           FUrel |-> 9,
           ROB |-> 7,
           RS |-> 7,
           FU |-> 1 ],
         [ ind |-> 4477,
           addr |-> "0x10692",
           COM |-> 19,
           IFacq |-> 6,
           IFrel |-> 7,
           IDacq |-> 7,
           IDrel |-> 8,
           FUacq |-> 18,
           FUrel |-> 19,
           ROB |-> 7,
           RS |-> 7,
           FU |-> 1 ],
         [ ind |-> 4478,
           addr |-> "0x10568",
           COM |-> 19,
           IFacq |-> 7,
           IFrel |-> 8,
           IDacq |-> 8,
           IDrel |-> 9,
           FUacq |-> 9,
           FUrel |-> 10,
           ROB |-> 8,
           RS |-> 8,
           FU |-> 1 ],
         [ ind |-> 4479,
           addr |-> "0x1056c",
           COM |-> 20,
           IFacq |-> 7,
           IFrel |-> 8,
           IDacq |-> 8,
           IDrel |-> 9,
           FUacq |-> 17,
           FUrel |-> 18,
           ROB |-> 8,
           RS |-> 8,
           FU |-> 2 ],
         [ ind |-> 4480,
           addr |-> "0x10570",
           COM |-> 20,
           IFacq |-> 8,
           IFrel |-> 9,
           IDacq |-> 9,
           IDrel |-> 10,
           FUacq |-> 10,
           FUrel |-> 11,
           ROB |-> 9,
           RS |-> 9,
           FU |-> 1 ],
         [ ind |-> 4481,
           addr |-> "0x10572",
           COM |-> 0,
           IFacq |-> 8,
           IFrel |-> 9,
           IDacq |-> 9,
           IDrel |-> 10,
           FUacq |-> 19,
           FUrel |-> 20,
           ROB |-> 9,
           RS |-> 9,
           FU |-> 1 ],
         [ ind |-> 4482,
           addr |-> "0x10576",
           COM |-> 0,
           IFacq |-> 9,
           IFrel |-> 10,
           IDacq |-> 10,
           IDrel |-> 11,
           FUacq |-> 11,
           FUrel |-> 12,
           ROB |-> 10,
           RS |-> 10,
           FU |-> 1 ],
         [ ind |-> 4483,
           addr |-> "0x1057a",
           COM |-> 0,
           IFacq |-> 9,
           IFrel |-> 10,
           IDacq |-> 10,
           IDrel |-> 11,
           FUacq |-> 18,
           FUrel |-> 19,
           ROB |-> 10,
           RS |-> 10,
           FU |-> 2 ],
         [ ind |-> 4484,
           addr |-> "0x1057e",
           COM |-> 0,
           IFacq |-> 10,
           IFrel |-> 11,
           IDacq |-> 11,
           IDrel |-> 12,
           FUacq |-> 19,
           FUrel |-> 20,
           ROB |-> 11,
           RS |-> 11,
           FU |-> 2 ],
         [ ind |-> 4485,
           addr |-> "0x10582",
           COM |-> 0,
           IFacq |-> 10,
           IFrel |-> 11,
           IDacq |-> 11,
           IDrel |-> 12,
           FUacq |-> 20,
           FUrel |-> 21,
           ROB |-> 11,
           RS |-> 11,
           FU |-> 2 ],
         [ ind |-> 4486,
           addr |-> "0x10586",
           COM |-> 0,
           IFacq |-> 11,
           IFrel |-> 12,
           IDacq |-> 12,
           IDrel |-> 20,
           FUacq |-> 20,
           FUrel |-> 21,
           ROB |-> 19,
           RS |-> 19,
           FU |-> 1 ],
         [ ind |-> 4487,
           addr |-> "0x1058a",
           COM |-> 0,
           IFacq |-> 11,
           IFrel |-> 12,
           IDacq |-> 12,
           IDrel |-> 20,
           FUacq |-> 0,
           FUrel |-> 0,
           ROB |-> 19,
           RS |-> 19,
           FU |-> 0 ],
         [ ind |-> 4488,
           addr |-> "0x1058e",
           COM |-> 0,
           IFacq |-> 12,
           IFrel |-> 13,
           IDacq |-> 20,
           IDrel |-> 21,
           FUacq |-> 0,
           FUrel |-> 0,
           ROB |-> 20,
           RS |-> 20,
           FU |-> 0 ],
         [ ind |-> 4489,
           addr |-> "0x10608",
           COM |-> 0,
           IFacq |-> 12,
           IFrel |-> 13,
           IDacq |-> 20,
           IDrel |-> 21,
           FUacq |-> 0,
           FUrel |-> 0,
           ROB |-> 20,
           RS |-> 20,
           FU |-> 0 ],
         [ ind |-> 4490,
           addr |-> "0x1060c",
           COM |-> 0,
           IFacq |-> 20,
           IFrel |-> 21,
           IDacq |-> 0,
           IDrel |-> 0,
           FUacq |-> 0,
           FUrel |-> 0,
           ROB |-> 0,
           RS |-> 0,
           FU |-> 0 ],
         [ ind |-> 4491,
           addr |-> "0x10610",
           COM |-> 0,
           IFacq |-> 20,
           IFrel |-> 21,
           IDacq |-> 0,
           IDrel |-> 0,
           FUacq |-> 0,
           FUrel |-> 0,
           ROB |-> 0,
           RS |-> 0,
           FU |-> 0 ] >>,
  edges |->
      { [type |-> "D", source |-> 4466, dest |-> 4468],
        [type |-> "D", source |-> 4474, dest |-> 4475],
        [type |-> "D", source |-> 4475, dest |-> 4477],
        [type |-> "D", source |-> 4477, dest |-> 4481],
        [type |-> "D", source |-> 4478, dest |-> 4481],
        [type |-> "D", source |-> 4479, dest |-> 4481],
        [type |-> "D", source |-> 4480, dest |-> 4481] } ]
/\ pc2 = 28
/\ robHead = 28
/\ rob = << [ instr |->
         [ ind |-> 4466,
           type |-> "IntAlu",
           r0 |-> "sp",
           r1 |-> "",
           r2 |-> "",
           addr |-> "0x10552" ],
     done |-> TRUE,
     executed |-> TRUE ],
   [ instr |->
         [ ind |-> 4467,
           type |-> "MemWrite",
           r0 |-> "s0",
           r1 |-> "",
           r2 |-> "",
           addr |-> "0x10554" ],
     done |-> TRUE,
     executed |-> TRUE ],
   [ instr |->
         [ ind |-> 4468,
           type |-> "IntAlu",
           r0 |-> "s0",
           r1 |-> "sp",
           r2 |-> "",
           addr |-> "0x10556" ],
     done |-> TRUE,
     executed |-> TRUE ],
   [ instr |->
         [ ind |-> 4469,
           type |-> "IntAlu",
           r0 |-> "a5",
           r1 |-> "",
           r2 |-> "",
           addr |-> "0x10558" ],
     done |-> TRUE,
     executed |-> TRUE ],
   [ instr |->
         [ ind |-> 4470,
           type |-> "MemWrite",
           r0 |-> "a5",
           r1 |-> "",
           r2 |-> "",
           addr |-> "0x1055a" ],
     done |-> TRUE,
     executed |-> TRUE ],
   [ instr |->
         [ ind |-> 4471,
           type |-> "IntAlu",
           r0 |-> "a5",
           r1 |-> "",
           r2 |-> "",
           addr |-> "0x1055e" ],
     done |-> TRUE,
     executed |-> TRUE ],
   [ instr |->
         [ ind |-> 4472,
           type |-> "MemWrite",
           r0 |-> "zero",
           r1 |-> "",
           r2 |-> "",
           addr |-> "0x10562" ],
     done |-> TRUE,
     executed |-> TRUE ],
   [ instr |->
         [ ind |-> 4473,
           type |-> "IntAlu",
           r0 |-> "",
           r1 |-> "",
           r2 |-> "",
           addr |-> "0x10566" ],
     done |-> TRUE,
     executed |-> TRUE ],
   [ instr |->
         [ ind |-> 4474,
           type |-> "MemRead",
           r0 |-> "a5",
           r1 |-> "",
           r2 |-> "",
           addr |-> "0x10688" ],
     done |-> TRUE,
     executed |-> TRUE ],
   [ instr |->
         [ ind |-> 4475,
           type |-> "IntAlu",
           r0 |-> "a4",
           r1 |-> "a5",
           r2 |-> "",
           addr |-> "0x1068c" ],
     done |-> TRUE,
     executed |-> TRUE ],
   [ instr |->
         [ ind |-> 4476,
           type |-> "IntAlu",
           r0 |-> "a5",
           r1 |-> "",
           r2 |-> "",
           addr |-> "0x10690" ],
     done |-> TRUE,
     executed |-> TRUE ],
   [ instr |->
         [ ind |-> 4477,
           type |-> "IntAlu",
           r0 |-> "a5",
           r1 |-> "a4",
           r2 |-> "",
           addr |-> "0x10692" ],
     done |-> TRUE,
     executed |-> TRUE ],
   [ instr |->
         [ ind |-> 4478,
           type |-> "IntAlu",
           r0 |-> "a5",
           r1 |-> "",
           r2 |-> "",
           addr |-> "0x10568" ],
     done |-> TRUE,
     executed |-> TRUE ],
   [ instr |->
         [ ind |-> 4479,
           type |-> "MemRead",
           r0 |-> "a5",
           r1 |-> "",
           r2 |-> "",
           addr |-> "0x1056c" ],
     done |-> TRUE,
     executed |-> TRUE ],
   [ instr |->
         [ ind |-> 4480,
           type |-> "IntAlu",
           r0 |-> "a5",
           r1 |-> "",
           r2 |-> "",
           addr |-> "0x10570" ],
     done |-> TRUE,
     executed |-> TRUE ],
   [ instr |->
         [ ind |-> 4481,
           type |-> "IntAlu",
           r0 |-> "a4",
           r1 |-> "a5",
           r2 |-> "",
           addr |-> "0x10572" ],
     done |-> TRUE,
     executed |-> TRUE ],
   [ instr |->
         [ ind |-> 4482,
           type |-> "IntAlu",
           r0 |-> "a5",
           r1 |-> "",
           r2 |-> "",
           addr |-> "0x10576" ],
     done |-> TRUE,
     executed |-> TRUE ],
   [ instr |->
         [ ind |-> 4483,
           type |-> "MemWrite",
           r0 |-> "a4",
           r1 |-> "",
           r2 |-> "",
           addr |-> "0x1057a" ],
     done |-> TRUE,
     executed |-> TRUE ],
   [ instr |->
         [ ind |-> 4484,
           type |-> "MemRead",
           r0 |-> "a5",
           r1 |-> "",
           r2 |-> "",
           addr |-> "0x1057e" ],
     done |-> TRUE,
     executed |-> TRUE ],
   [ instr |->
         [ ind |-> 4485,
           type |-> "MemWrite",
           r0 |-> "a5",
           r1 |-> "",
           r2 |-> "",
           addr |-> "0x10582" ],
     done |-> TRUE,
     executed |-> TRUE ],
   [ instr |->
         [ ind |-> 4486,
           type |-> "IntAlu",
           r0 |-> "a5",
           r1 |-> "",
           r2 |-> "",
           addr |-> "0x10586" ],
     done |-> TRUE,
     executed |-> TRUE ],
   [ instr |->
         [ ind |-> 4487,
           type |-> "MemWrite",
           r0 |-> "zero",
           r1 |-> "",
           r2 |-> "",
           addr |-> "0x1058a" ],
     done |-> TRUE,
     executed |-> TRUE ],
   [ instr |->
         [ ind |-> 4488,
           type |-> "IntAlu",
           r0 |-> "",
           r1 |-> "",
           r2 |-> "",
           addr |-> "0x1058e" ],
     done |-> TRUE,
     executed |-> TRUE ],
   [ instr |->
         [ ind |-> 4489,
           type |-> "IntAlu",
           r0 |-> "a5",
           r1 |-> "",
           r2 |-> "",
           addr |-> "0x10608" ],
     done |-> TRUE,
     executed |-> TRUE ],
   [ instr |->
         [ ind |-> 4490,
           type |-> "IntAlu",
           r0 |-> "a4",
           r1 |-> "a5",
           r2 |-> "",
           addr |-> "0x1060c" ],
     done |-> TRUE,
     executed |-> TRUE ],
   [ instr |->
         [ ind |-> 4491,
           type |-> "MemRead",
           r0 |-> "a5",
           r1 |-> "",
           r2 |-> "",
           addr |-> "0x10610" ],
     done |-> TRUE,
     executed |-> TRUE ],
   [ instr |->
         [ ind |-> 4492,
           type |-> "IntAlu",
           r0 |-> "a5",
           r1 |-> "",
           r2 |-> "",
           addr |-> "0x10614" ],
     done |-> TRUE,
     executed |-> TRUE ],
   [ instr |->
         [ ind |-> 4493,
           type |-> "IntAlu",
           r0 |-> "a5",
           r1 |-> "a4",
           r2 |-> "",
           addr |-> "0x10616" ],
     done |-> FALSE,
     executed |-> TRUE ],
   [ instr |->
         [ ind |-> 4494,
           type |-> "MemRead",
           r0 |-> "a3",
           r1 |-> "",
           r2 |-> "",
           addr |-> "0x10618" ],
     done |-> FALSE,
     executed |-> TRUE ],
   [ instr |->
         [ ind |-> 4495,
           type |-> "MemRead",
           r0 |-> "a5",
           r1 |-> "",
           r2 |-> "",
           addr |-> "0x1061a" ],
     done |-> FALSE,
     executed |-> TRUE ] >>
/\ _RS = <<{}, {}, {}, {}>>
/\ currCycle = 21
/\ exec_inst = 1
/\ robHead2 = 16
/\ pc = 30
/\ rob2 = << [ instr |->
         [ ind |-> 4466,
           type |-> "IntAlu",
           r0 |-> "sp",
           r1 |-> "",
           r2 |-> "",
           addr |-> "0x10552" ],
     done |-> TRUE,
     executed |-> TRUE ],
   [ instr |->
         [ ind |-> 4467,
           type |-> "MemWrite",
           r0 |-> "s0",
           r1 |-> "",
           r2 |-> "",
           addr |-> "0x10554" ],
     done |-> TRUE,
     executed |-> TRUE ],
   [ instr |->
         [ ind |-> 4468,
           type |-> "IntAlu",
           r0 |-> "s0",
           r1 |-> "sp",
           r2 |-> "",
           addr |-> "0x10556" ],
     done |-> TRUE,
     executed |-> TRUE ],
   [ instr |->
         [ ind |-> 4469,
           type |-> "IntAlu",
           r0 |-> "a5",
           r1 |-> "",
           r2 |-> "",
           addr |-> "0x10558" ],
     done |-> TRUE,
     executed |-> TRUE ],
   [ instr |->
         [ ind |-> 4470,
           type |-> "MemWrite",
           r0 |-> "a5",
           r1 |-> "",
           r2 |-> "",
           addr |-> "0x1055a" ],
     done |-> TRUE,
     executed |-> TRUE ],
   [ instr |->
         [ ind |-> 4471,
           type |-> "IntAlu",
           r0 |-> "a5",
           r1 |-> "",
           r2 |-> "",
           addr |-> "0x1055e" ],
     done |-> TRUE,
     executed |-> TRUE ],
   [ instr |->
         [ ind |-> 4472,
           type |-> "MemWrite",
           r0 |-> "zero",
           r1 |-> "",
           r2 |-> "",
           addr |-> "0x10562" ],
     done |-> TRUE,
     executed |-> TRUE ],
   [ instr |->
         [ ind |-> 4473,
           type |-> "IntAlu",
           r0 |-> "",
           r1 |-> "",
           r2 |-> "",
           addr |-> "0x10566" ],
     done |-> TRUE,
     executed |-> TRUE ],
   [ instr |->
         [ ind |-> 4474,
           type |-> "MemRead",
           r0 |-> "a5",
           r1 |-> "",
           r2 |-> "",
           addr |-> "0x10688" ],
     done |-> TRUE,
     executed |-> TRUE ],
   [ instr |->
         [ ind |-> 4475,
           type |-> "IntAlu",
           r0 |-> "a4",
           r1 |-> "a5",
           r2 |-> "",
           addr |-> "0x1068c" ],
     done |-> TRUE,
     executed |-> TRUE ],
   [ instr |->
         [ ind |-> 4476,
           type |-> "IntAlu",
           r0 |-> "a5",
           r1 |-> "",
           r2 |-> "",
           addr |-> "0x10690" ],
     done |-> TRUE,
     executed |-> TRUE ],
   [ instr |->
         [ ind |-> 4477,
           type |-> "IntAlu",
           r0 |-> "a5",
           r1 |-> "a4",
           r2 |-> "",
           addr |-> "0x10692" ],
     done |-> TRUE,
     executed |-> TRUE ],
   [ instr |->
         [ ind |-> 4478,
           type |-> "IntAlu",
           r0 |-> "a5",
           r1 |-> "",
           r2 |-> "",
           addr |-> "0x10568" ],
     done |-> TRUE,
     executed |-> TRUE ],
   [ instr |->
         [ ind |-> 4479,
           type |-> "MemRead",
           r0 |-> "a5",
           r1 |-> "",
           r2 |-> "",
           addr |-> "0x1056c" ],
     done |-> TRUE,
     executed |-> TRUE ],
   [ instr |->
         [ ind |-> 4480,
           type |-> "IntAlu",
           r0 |-> "a5",
           r1 |-> "",
           r2 |-> "",
           addr |-> "0x10570" ],
     done |-> TRUE,
     executed |-> TRUE ],
   [ instr |->
         [ ind |-> 4481,
           type |-> "IntAlu",
           r0 |-> "a4",
           r1 |-> "a5",
           r2 |-> "",
           addr |-> "0x10572" ],
     done |-> FALSE,
     executed |-> TRUE ],
   [ instr |->
         [ ind |-> 4482,
           type |-> "IntAlu",
           r0 |-> "a5",
           r1 |-> "",
           r2 |-> "",
           addr |-> "0x10576" ],
     done |-> FALSE,
     executed |-> TRUE ],
   [ instr |->
         [ ind |-> 4483,
           type |-> "MemWrite",
           r0 |-> "a4",
           r1 |-> "",
           r2 |-> "",
           addr |-> "0x1057a" ],
     done |-> FALSE,
     executed |-> TRUE ],
   [ instr |->
         [ ind |-> 4484,
           type |-> "MemRead",
           r0 |-> "a5",
           r1 |-> "",
           r2 |-> "",
           addr |-> "0x1057e" ],
     done |-> FALSE,
     executed |-> TRUE ],
   [ instr |->
         [ ind |-> 4485,
           type |-> "MemWrite",
           r0 |-> "a5",
           r1 |-> "",
           r2 |-> "",
           addr |-> "0x10582" ],
     done |-> FALSE,
     executed |-> TRUE ],
   [ instr |->
         [ ind |-> 4486,
           type |-> "IntAlu",
           r0 |-> "a5",
           r1 |-> "",
           r2 |-> "",
           addr |-> "0x10586" ],
     done |-> FALSE,
     executed |-> TRUE ],
   [ instr |->
         [ ind |-> 4487,
           type |-> "MemWrite",
           r0 |-> "zero",
           r1 |-> "",
           r2 |-> "",
           addr |-> "0x1058a" ],
     done |-> FALSE,
     executed |-> FALSE ],
   [ instr |->
         [ ind |-> 4488,
           type |-> "IntAlu",
           r0 |-> "",
           r1 |-> "",
           r2 |-> "",
           addr |-> "0x1058e" ],
     done |-> FALSE,
     executed |-> FALSE ],
   [ instr |->
         [ ind |-> 4489,
           type |-> "IntAlu",
           r0 |-> "a5",
           r1 |-> "",
           r2 |-> "",
           addr |-> "0x10608" ],
     done |-> FALSE,
     executed |-> FALSE ] >>
/\ _FU = << [ instr |->
         [ ind |-> 0,
           type |-> "No_OpClass",
           r0 |-> "",
           r1 |-> "",
           r2 |-> "",
           addr |-> "" ],
     baseLat |-> 1,
     currLat |-> 1 ],
   [ instr |->
         [ ind |-> 0,
           type |-> "No_OpClass",
           r0 |-> "",
           r1 |-> "",
           r2 |-> "",
           addr |-> "" ],
     baseLat |-> 1,
     currLat |-> 1 ],
   [ instr |->
         [ ind |-> 0,
           type |-> "No_OpClass",
           r0 |-> "",
           r1 |-> "",
           r2 |-> "",
           addr |-> "" ],
     baseLat |-> 1,
     currLat |-> 1 ],
   [ instr |->
         [ ind |-> 0,
           type |-> "No_OpClass",
           r0 |-> "",
           r1 |-> "",
           r2 |-> "",
           addr |-> "" ],
     baseLat |-> 1,
     currLat |-> 1 ] >>

@!@!@ENDMSG 2217 @!@!@
@!@!@STARTMSG 2217:4 @!@!@
23: <Next line 63, col 9 to line 67, col 64 of module pipeline_ooo>
/\ _RS2 = << { [ ind |-> 4490,
       type |-> "IntAlu",
       r0 |-> "a4",
       r1 |-> "a5",
       r2 |-> "",
       addr |-> "0x1060c" ] },
   {},
   {},
   {} >>
/\ _COM2 = << [ ind |-> 4483,
     type |-> "MemWrite",
     r0 |-> "a4",
     r1 |-> "",
     r2 |-> "",
     addr |-> "0x1057a" ],
   [ ind |-> 4484,
     type |-> "MemRead",
     r0 |-> "a5",
     r1 |-> "",
     r2 |-> "",
     addr |-> "0x1057e" ] >>
/\ _ID = << [ ind |-> 0,
     type |-> "No_OpClass",
     r0 |-> "",
     r1 |-> "",
     r2 |-> "",
     addr |-> "" ],
   [ ind |-> 0,
     type |-> "No_OpClass",
     r0 |-> "",
     r1 |-> "",
     r2 |-> "",
     addr |-> "" ] >>
/\ _IF = << [ instr |->
         [ ind |-> 0,
           type |-> "No_OpClass",
           r0 |-> "",
           r1 |-> "",
           r2 |-> "",
           addr |-> "" ],
     baseLat |-> 1,
     currLat |-> 1 ],
   [ instr |->
         [ ind |-> 0,
           type |-> "No_OpClass",
           r0 |-> "",
           r1 |-> "",
           r2 |-> "",
           addr |-> "" ],
     baseLat |-> 1,
     currLat |-> 1 ] >>
/\ _FU2 = << [ instr |->
         [ ind |-> 4489,
           type |-> "IntAlu",
           r0 |-> "a5",
           r1 |-> "",
           r2 |-> "",
           addr |-> "0x10608" ],
     baseLat |-> 1,
     currLat |-> 1 ],
   [ instr |->
         [ ind |-> 4491,
           type |-> "MemRead",
           r0 |-> "a5",
           r1 |-> "",
           r2 |-> "",
           addr |-> "0x10610" ],
     baseLat |-> 1,
     currLat |-> 1 ],
   [ instr |->
         [ ind |-> 0,
           type |-> "No_OpClass",
           r0 |-> "",
           r1 |-> "",
           r2 |-> "",
           addr |-> "" ],
     baseLat |-> 1,
     currLat |-> 1 ],
   [ instr |->
         [ ind |-> 0,
           type |-> "No_OpClass",
           r0 |-> "",
           r1 |-> "",
           r2 |-> "",
           addr |-> "" ],
     baseLat |-> 1,
     currLat |-> 1 ] >>
/\ _COM = << [ ind |-> 4495,
     type |-> "MemRead",
     r0 |-> "a5",
     r1 |-> "",
     r2 |-> "",
     addr |-> "0x1061a" ],
   [ ind |-> 0,
     type |-> "No_OpClass",
     r0 |-> "",
     r1 |-> "",
     r2 |-> "",
     addr |-> "" ] >>
/\ exec_inst2 = 2
/\ _ID2 = << [ ind |-> 4492,
     type |-> "IntAlu",
     r0 |-> "a5",
     r1 |-> "",
     r2 |-> "",
     addr |-> "0x10614" ],
   [ ind |-> 4493,
     type |-> "IntAlu",
     r0 |-> "a5",
     r1 |-> "a4",
     r2 |-> "",
     addr |-> "0x10616" ] >>
/\ graph = [ nodes |->
      << [ ind |-> 4466,
           addr |-> "0x10552",
           COM |-> 4,
           IFacq |-> 1,
           IFrel |-> 2,
           IDacq |-> 2,
           IDrel |-> 3,
           FUacq |-> 3,
           FUrel |-> 4,
           ROB |-> 2,
           RS |-> 2,
           FU |-> 1 ],
         [ ind |-> 4467,
           addr |-> "0x10554",
           COM |-> 4,
           IFacq |-> 1,
           IFrel |-> 2,
           IDacq |-> 2,
           IDrel |-> 3,
           FUacq |-> 3,
           FUrel |-> 4,
           ROB |-> 2,
           RS |-> 2,
           FU |-> 2 ],
         [ ind |-> 4468,
           addr |-> "0x10556",
           COM |-> 5,
           IFacq |-> 2,
           IFrel |-> 3,
           IDacq |-> 3,
           IDrel |-> 4,
           FUacq |-> 4,
           FUrel |-> 5,
           ROB |-> 3,
           RS |-> 3,
           FU |-> 1 ],
         [ ind |-> 4469,
           addr |-> "0x10558",
           COM |-> 6,
           IFacq |-> 2,
           IFrel |-> 3,
           IDacq |-> 3,
           IDrel |-> 4,
           FUacq |-> 5,
           FUrel |-> 6,
           ROB |-> 3,
           RS |-> 3,
           FU |-> 1 ],
         [ ind |-> 4470,
           addr |-> "0x1055a",
           COM |-> 6,
           IFacq |-> 3,
           IFrel |-> 4,
           IDacq |-> 4,
           IDrel |-> 5,
           FUacq |-> 5,
           FUrel |-> 6,
           ROB |-> 4,
           RS |-> 4,
           FU |-> 2 ],
         [ ind |-> 4471,
           addr |-> "0x1055e",
           COM |-> 7,
           IFacq |-> 3,
           IFrel |-> 4,
           IDacq |-> 4,
           IDrel |-> 5,
           FUacq |-> 6,
           FUrel |-> 7,
           ROB |-> 4,
           RS |-> 4,
           FU |-> 1 ],
         [ ind |-> 4472,
           addr |-> "0x10562",
           COM |-> 7,
           IFacq |-> 4,
           IFrel |-> 5,
           IDacq |-> 5,
           IDrel |-> 6,
           FUacq |-> 6,
           FUrel |-> 7,
           ROB |-> 5,
           RS |-> 5,
           FU |-> 2 ],
         [ ind |-> 4473,
           addr |-> "0x10566",
           COM |-> 8,
           IFacq |-> 4,
           IFrel |-> 5,
           IDacq |-> 5,
           IDrel |-> 6,
           FUacq |-> 7,
           FUrel |-> 8,
           ROB |-> 5,
           RS |-> 5,
           FU |-> 1 ],
         [ ind |-> 4474,
           addr |-> "0x10688",
           COM |-> 8,
           IFacq |-> 5,
           IFrel |-> 6,
           IDacq |-> 6,
           IDrel |-> 7,
           FUacq |-> 7,
           FUrel |-> 8,
           ROB |-> 6,
           RS |-> 6,
           FU |-> 2 ],
         [ ind |-> 4475,
           addr |-> "0x1068c",
           COM |-> 9,
           IFacq |-> 5,
           IFrel |-> 6,
           IDacq |-> 6,
           IDrel |-> 7,
           FUacq |-> 8,
           FUrel |-> 9,
           ROB |-> 6,
           RS |-> 6,
           FU |-> 1 ],
         [ ind |-> 4476,
           addr |-> "0x10690",
           COM |-> 10,
           IFacq |-> 6,
           IFrel |-> 7,
           IDacq |-> 7,
           IDrel |-> 8,
           FUacq |-> 9,
           FUrel |-> 10,
           ROB |-> 7,
           RS |-> 7,
           FU |-> 1 ],
         [ ind |-> 4477,
           addr |-> "0x10692",
           COM |-> 11,
           IFacq |-> 6,
           IFrel |-> 7,
           IDacq |-> 7,
           IDrel |-> 8,
           FUacq |-> 10,
           FUrel |-> 11,
           ROB |-> 7,
           RS |-> 7,
           FU |-> 1 ],
         [ ind |-> 4478,
           addr |-> "0x10568",
           COM |-> 12,
           IFacq |-> 7,
           IFrel |-> 8,
           IDacq |-> 8,
           IDrel |-> 9,
           FUacq |-> 11,
           FUrel |-> 12,
           ROB |-> 8,
           RS |-> 8,
           FU |-> 1 ],
         [ ind |-> 4479,
           addr |-> "0x1056c",
           COM |-> 12,
           IFacq |-> 7,
           IFrel |-> 8,
           IDacq |-> 8,
           IDrel |-> 9,
           FUacq |-> 9,
           FUrel |-> 10,
           ROB |-> 8,
           RS |-> 8,
           FU |-> 2 ],
         [ ind |-> 4480,
           addr |-> "0x10570",
           COM |-> 13,
           IFacq |-> 8,
           IFrel |-> 9,
           IDacq |-> 9,
           IDrel |-> 10,
           FUacq |-> 12,
           FUrel |-> 13,
           ROB |-> 9,
           RS |-> 9,
           FU |-> 1 ],
         [ ind |-> 4481,
           addr |-> "0x10572",
           COM |-> 14,
           IFacq |-> 8,
           IFrel |-> 9,
           IDacq |-> 9,
           IDrel |-> 10,
           FUacq |-> 13,
           FUrel |-> 14,
           ROB |-> 9,
           RS |-> 9,
           FU |-> 1 ],
         [ ind |-> 4482,
           addr |-> "0x10576",
           COM |-> 15,
           IFacq |-> 9,
           IFrel |-> 10,
           IDacq |-> 10,
           IDrel |-> 11,
           FUacq |-> 14,
           FUrel |-> 15,
           ROB |-> 10,
           RS |-> 10,
           FU |-> 1 ],
         [ ind |-> 4483,
           addr |-> "0x1057a",
           COM |-> 15,
           IFacq |-> 9,
           IFrel |-> 10,
           IDacq |-> 10,
           IDrel |-> 11,
           FUacq |-> 11,
           FUrel |-> 12,
           ROB |-> 10,
           RS |-> 10,
           FU |-> 2 ],
         [ ind |-> 4484,
           addr |-> "0x1057e",
           COM |-> 16,
           IFacq |-> 10,
           IFrel |-> 11,
           IDacq |-> 11,
           IDrel |-> 12,
           FUacq |-> 12,
           FUrel |-> 13,
           ROB |-> 11,
           RS |-> 11,
           FU |-> 2 ],
         [ ind |-> 4485,
           addr |-> "0x10582",
           COM |-> 16,
           IFacq |-> 10,
           IFrel |-> 11,
           IDacq |-> 11,
           IDrel |-> 12,
           FUacq |-> 13,
           FUrel |-> 14,
           ROB |-> 11,
           RS |-> 11,
           FU |-> 2 ],
         [ ind |-> 4486,
           addr |-> "0x10586",
           COM |-> 17,
           IFacq |-> 11,
           IFrel |-> 12,
           IDacq |-> 12,
           IDrel |-> 13,
           FUacq |-> 15,
           FUrel |-> 16,
           ROB |-> 12,
           RS |-> 12,
           FU |-> 1 ],
         [ ind |-> 4487,
           addr |-> "0x1058a",
           COM |-> 17,
           IFacq |-> 11,
           IFrel |-> 12,
           IDacq |-> 12,
           IDrel |-> 13,
           FUacq |-> 14,
           FUrel |-> 15,
           ROB |-> 12,
           RS |-> 12,
           FU |-> 2 ],
         [ ind |-> 4488,
           addr |-> "0x1058e",
           COM |-> 18,
           IFacq |-> 12,
           IFrel |-> 13,
           IDacq |-> 13,
           IDrel |-> 14,
           FUacq |-> 16,
           FUrel |-> 17,
           ROB |-> 13,
           RS |-> 13,
           FU |-> 1 ],
         [ ind |-> 4489,
           addr |-> "0x10608",
           COM |-> 18,
           IFacq |-> 12,
           IFrel |-> 13,
           IDacq |-> 13,
           IDrel |-> 14,
           FUacq |-> 17,
           FUrel |-> 18,
           ROB |-> 13,
           RS |-> 13,
           FU |-> 1 ],
         [ ind |-> 4490,
           addr |-> "0x1060c",
           COM |-> 19,
           IFacq |-> 13,
           IFrel |-> 14,
           IDacq |-> 14,
           IDrel |-> 15,
           FUacq |-> 18,
           FUrel |-> 19,
           ROB |-> 14,
           RS |-> 14,
           FU |-> 1 ],
         [ ind |-> 4491,
           addr |-> "0x10610",
           COM |-> 19,
           IFacq |-> 13,
           IFrel |-> 14,
           IDacq |-> 14,
           IDrel |-> 15,
           FUacq |-> 15,
           FUrel |-> 16,
           ROB |-> 14,
           RS |-> 14,
           FU |-> 2 ],
         [ ind |-> 4492,
           addr |-> "0x10614",
           COM |-> 20,
           IFacq |-> 14,
           IFrel |-> 15,
           IDacq |-> 15,
           IDrel |-> 16,
           FUacq |-> 19,
           FUrel |-> 20,
           ROB |-> 15,
           RS |-> 15,
           FU |-> 1 ],
         [ ind |-> 4493,
           addr |-> "0x10616",
           COM |-> 21,
           IFacq |-> 14,
           IFrel |-> 15,
           IDacq |-> 15,
           IDrel |-> 16,
           FUacq |-> 20,
           FUrel |-> 21,
           ROB |-> 15,
           RS |-> 15,
           FU |-> 1 ],
         [ ind |-> 4494,
           addr |-> "0x10618",
           COM |-> 21,
           IFacq |-> 15,
           IFrel |-> 16,
           IDacq |-> 16,
           IDrel |-> 17,
           FUacq |-> 17,
           FUrel |-> 18,
           ROB |-> 16,
           RS |-> 16,
           FU |-> 2 ],
         [ ind |-> 4495,
           addr |-> "0x1061a",
           COM |-> 0,
           IFacq |-> 15,
           IFrel |-> 16,
           IDacq |-> 16,
           IDrel |-> 17,
           FUacq |-> 18,
           FUrel |-> 19,
           ROB |-> 16,
           RS |-> 16,
           FU |-> 2 ] >>,
  edges |->
      { [type |-> "D", source |-> 4466, dest |-> 4468],
        [type |-> "D", source |-> 4474, dest |-> 4475],
        [type |-> "D", source |-> 4480, dest |-> 4481],
        [type |-> "D", source |-> 4489, dest |-> 4490] } ]
/\ currCycle2 = 22
/\ _IF2 = << [ instr |->
         [ ind |-> 4494,
           type |-> "MemRead",
           r0 |-> "a3",
           r1 |-> "",
           r2 |-> "",
           addr |-> "0x10618" ],
     baseLat |-> 1,
     currLat |-> 1 ],
   [ instr |->
         [ ind |-> 4495,
           type |-> "MemRead",
           r0 |-> "a5",
           r1 |-> "",
           r2 |-> "",
           addr |-> "0x1061a" ],
     baseLat |-> 1,
     currLat |-> 1 ] >>
/\ lastBound = 0
/\ graph2 = [ nodes |->
      << [ ind |-> 4466,
           addr |-> "0x10552",
           COM |-> 4,
           IFacq |-> 1,
           IFrel |-> 2,
           IDacq |-> 2,
           IDrel |-> 3,
           FUacq |-> 3,
           FUrel |-> 4,
           ROB |-> 2,
           RS |-> 2,
           FU |-> 1 ],
         [ ind |-> 4467,
           addr |-> "0x10554",
           COM |-> 4,
           IFacq |-> 1,
           IFrel |-> 2,
           IDacq |-> 2,
           IDrel |-> 3,
           FUacq |-> 3,
           FUrel |-> 4,
           ROB |-> 2,
           RS |-> 2,
           FU |-> 2 ],
         [ ind |-> 4468,
           addr |-> "0x10556",
           COM |-> 5,
           IFacq |-> 2,
           IFrel |-> 3,
           IDacq |-> 3,
           IDrel |-> 4,
           FUacq |-> 4,
           FUrel |-> 5,
           ROB |-> 3,
           RS |-> 3,
           FU |-> 1 ],
         [ ind |-> 4469,
           addr |-> "0x10558",
           COM |-> 6,
           IFacq |-> 2,
           IFrel |-> 3,
           IDacq |-> 3,
           IDrel |-> 4,
           FUacq |-> 5,
           FUrel |-> 6,
           ROB |-> 3,
           RS |-> 3,
           FU |-> 1 ],
         [ ind |-> 4470,
           addr |-> "0x1055a",
           COM |-> 6,
           IFacq |-> 3,
           IFrel |-> 4,
           IDacq |-> 4,
           IDrel |-> 5,
           FUacq |-> 5,
           FUrel |-> 6,
           ROB |-> 4,
           RS |-> 4,
           FU |-> 2 ],
         [ ind |-> 4471,
           addr |-> "0x1055e",
           COM |-> 7,
           IFacq |-> 3,
           IFrel |-> 4,
           IDacq |-> 4,
           IDrel |-> 5,
           FUacq |-> 6,
           FUrel |-> 7,
           ROB |-> 4,
           RS |-> 4,
           FU |-> 1 ],
         [ ind |-> 4472,
           addr |-> "0x10562",
           COM |-> 7,
           IFacq |-> 4,
           IFrel |-> 5,
           IDacq |-> 5,
           IDrel |-> 6,
           FUacq |-> 6,
           FUrel |-> 7,
           ROB |-> 5,
           RS |-> 5,
           FU |-> 2 ],
         [ ind |-> 4473,
           addr |-> "0x10566",
           COM |-> 8,
           IFacq |-> 4,
           IFrel |-> 5,
           IDacq |-> 5,
           IDrel |-> 6,
           FUacq |-> 7,
           FUrel |-> 8,
           ROB |-> 5,
           RS |-> 5,
           FU |-> 1 ],
         [ ind |-> 4474,
           addr |-> "0x10688",
           COM |-> 17,
           IFacq |-> 5,
           IFrel |-> 6,
           IDacq |-> 6,
           IDrel |-> 7,
           FUacq |-> 7,
           FUrel |-> 17,
           ROB |-> 6,
           RS |-> 6,
           FU |-> 2 ],
         [ ind |-> 4475,
           addr |-> "0x1068c",
           COM |-> 18,
           IFacq |-> 5,
           IFrel |-> 6,
           IDacq |-> 6,
           IDrel |-> 7,
           FUacq |-> 17,
           FUrel |-> 18,
           ROB |-> 6,
           RS |-> 6,
           FU |-> 1 ],
         [ ind |-> 4476,
           addr |-> "0x10690",
           COM |-> 18,
           IFacq |-> 6,
           IFrel |-> 7,
           IDacq |-> 7,
           IDrel |-> 8,
           FUacq |-> 8,
           FUrel |-> 9,
           ROB |-> 7,
           RS |-> 7,
           FU |-> 1 ],
         [ ind |-> 4477,
           addr |-> "0x10692",
           COM |-> 19,
           IFacq |-> 6,
           IFrel |-> 7,
           IDacq |-> 7,
           IDrel |-> 8,
           FUacq |-> 18,
           FUrel |-> 19,
           ROB |-> 7,
           RS |-> 7,
           FU |-> 1 ],
         [ ind |-> 4478,
           addr |-> "0x10568",
           COM |-> 19,
           IFacq |-> 7,
           IFrel |-> 8,
           IDacq |-> 8,
           IDrel |-> 9,
           FUacq |-> 9,
           FUrel |-> 10,
           ROB |-> 8,
           RS |-> 8,
           FU |-> 1 ],
         [ ind |-> 4479,
           addr |-> "0x1056c",
           COM |-> 20,
           IFacq |-> 7,
           IFrel |-> 8,
           IDacq |-> 8,
           IDrel |-> 9,
           FUacq |-> 17,
           FUrel |-> 18,
           ROB |-> 8,
           RS |-> 8,
           FU |-> 2 ],
         [ ind |-> 4480,
           addr |-> "0x10570",
           COM |-> 20,
           IFacq |-> 8,
           IFrel |-> 9,
           IDacq |-> 9,
           IDrel |-> 10,
           FUacq |-> 10,
           FUrel |-> 11,
           ROB |-> 9,
           RS |-> 9,
           FU |-> 1 ],
         [ ind |-> 4481,
           addr |-> "0x10572",
           COM |-> 21,
           IFacq |-> 8,
           IFrel |-> 9,
           IDacq |-> 9,
           IDrel |-> 10,
           FUacq |-> 19,
           FUrel |-> 20,
           ROB |-> 9,
           RS |-> 9,
           FU |-> 1 ],
         [ ind |-> 4482,
           addr |-> "0x10576",
           COM |-> 21,
           IFacq |-> 9,
           IFrel |-> 10,
           IDacq |-> 10,
           IDrel |-> 11,
           FUacq |-> 11,
           FUrel |-> 12,
           ROB |-> 10,
           RS |-> 10,
           FU |-> 1 ],
         [ ind |-> 4483,
           addr |-> "0x1057a",
           COM |-> 0,
           IFacq |-> 9,
           IFrel |-> 10,
           IDacq |-> 10,
           IDrel |-> 11,
           FUacq |-> 18,
           FUrel |-> 19,
           ROB |-> 10,
           RS |-> 10,
           FU |-> 2 ],
         [ ind |-> 4484,
           addr |-> "0x1057e",
           COM |-> 0,
           IFacq |-> 10,
           IFrel |-> 11,
           IDacq |-> 11,
           IDrel |-> 12,
           FUacq |-> 19,
           FUrel |-> 20,
           ROB |-> 11,
           RS |-> 11,
           FU |-> 2 ],
         [ ind |-> 4485,
           addr |-> "0x10582",
           COM |-> 0,
           IFacq |-> 10,
           IFrel |-> 11,
           IDacq |-> 11,
           IDrel |-> 12,
           FUacq |-> 20,
           FUrel |-> 21,
           ROB |-> 11,
           RS |-> 11,
           FU |-> 2 ],
         [ ind |-> 4486,
           addr |-> "0x10586",
           COM |-> 0,
           IFacq |-> 11,
           IFrel |-> 12,
           IDacq |-> 12,
           IDrel |-> 20,
           FUacq |-> 20,
           FUrel |-> 21,
           ROB |-> 19,
           RS |-> 19,
           FU |-> 1 ],
         [ ind |-> 4487,
           addr |-> "0x1058a",
           COM |-> 0,
           IFacq |-> 11,
           IFrel |-> 12,
           IDacq |-> 12,
           IDrel |-> 20,
           FUacq |-> 21,
           FUrel |-> 22,
           ROB |-> 19,
           RS |-> 19,
           FU |-> 2 ],
         [ ind |-> 4488,
           addr |-> "0x1058e",
           COM |-> 0,
           IFacq |-> 12,
           IFrel |-> 13,
           IDacq |-> 20,
           IDrel |-> 21,
           FUacq |-> 21,
           FUrel |-> 22,
           ROB |-> 20,
           RS |-> 20,
           FU |-> 1 ],
         [ ind |-> 4489,
           addr |-> "0x10608",
           COM |-> 0,
           IFacq |-> 12,
           IFrel |-> 13,
           IDacq |-> 20,
           IDrel |-> 21,
           FUacq |-> 0,
           FUrel |-> 0,
           ROB |-> 20,
           RS |-> 20,
           FU |-> 0 ],
         [ ind |-> 4490,
           addr |-> "0x1060c",
           COM |-> 0,
           IFacq |-> 20,
           IFrel |-> 21,
           IDacq |-> 21,
           IDrel |-> 22,
           FUacq |-> 0,
           FUrel |-> 0,
           ROB |-> 21,
           RS |-> 21,
           FU |-> 0 ],
         [ ind |-> 4491,
           addr |-> "0x10610",
           COM |-> 0,
           IFacq |-> 20,
           IFrel |-> 21,
           IDacq |-> 21,
           IDrel |-> 22,
           FUacq |-> 0,
           FUrel |-> 0,
           ROB |-> 21,
           RS |-> 21,
           FU |-> 0 ],
         [ ind |-> 4492,
           addr |-> "0x10614",
           COM |-> 0,
           IFacq |-> 21,
           IFrel |-> 22,
           IDacq |-> 0,
           IDrel |-> 0,
           FUacq |-> 0,
           FUrel |-> 0,
           ROB |-> 0,
           RS |-> 0,
           FU |-> 0 ],
         [ ind |-> 4493,
           addr |-> "0x10616",
           COM |-> 0,
           IFacq |-> 21,
           IFrel |-> 22,
           IDacq |-> 0,
           IDrel |-> 0,
           FUacq |-> 0,
           FUrel |-> 0,
           ROB |-> 0,
           RS |-> 0,
           FU |-> 0 ] >>,
  edges |->
      { [type |-> "D", source |-> 4466, dest |-> 4468],
        [type |-> "D", source |-> 4474, dest |-> 4475],
        [type |-> "D", source |-> 4475, dest |-> 4477],
        [type |-> "D", source |-> 4477, dest |-> 4481],
        [type |-> "D", source |-> 4478, dest |-> 4481],
        [type |-> "D", source |-> 4479, dest |-> 4481],
        [type |-> "D", source |-> 4480, dest |-> 4481] } ]
/\ pc2 = 30
/\ robHead = 30
/\ rob = << [ instr |->
         [ ind |-> 4466,
           type |-> "IntAlu",
           r0 |-> "sp",
           r1 |-> "",
           r2 |-> "",
           addr |-> "0x10552" ],
     done |-> TRUE,
     executed |-> TRUE ],
   [ instr |->
         [ ind |-> 4467,
           type |-> "MemWrite",
           r0 |-> "s0",
           r1 |-> "",
           r2 |-> "",
           addr |-> "0x10554" ],
     done |-> TRUE,
     executed |-> TRUE ],
   [ instr |->
         [ ind |-> 4468,
           type |-> "IntAlu",
           r0 |-> "s0",
           r1 |-> "sp",
           r2 |-> "",
           addr |-> "0x10556" ],
     done |-> TRUE,
     executed |-> TRUE ],
   [ instr |->
         [ ind |-> 4469,
           type |-> "IntAlu",
           r0 |-> "a5",
           r1 |-> "",
           r2 |-> "",
           addr |-> "0x10558" ],
     done |-> TRUE,
     executed |-> TRUE ],
   [ instr |->
         [ ind |-> 4470,
           type |-> "MemWrite",
           r0 |-> "a5",
           r1 |-> "",
           r2 |-> "",
           addr |-> "0x1055a" ],
     done |-> TRUE,
     executed |-> TRUE ],
   [ instr |->
         [ ind |-> 4471,
           type |-> "IntAlu",
           r0 |-> "a5",
           r1 |-> "",
           r2 |-> "",
           addr |-> "0x1055e" ],
     done |-> TRUE,
     executed |-> TRUE ],
   [ instr |->
         [ ind |-> 4472,
           type |-> "MemWrite",
           r0 |-> "zero",
           r1 |-> "",
           r2 |-> "",
           addr |-> "0x10562" ],
     done |-> TRUE,
     executed |-> TRUE ],
   [ instr |->
         [ ind |-> 4473,
           type |-> "IntAlu",
           r0 |-> "",
           r1 |-> "",
           r2 |-> "",
           addr |-> "0x10566" ],
     done |-> TRUE,
     executed |-> TRUE ],
   [ instr |->
         [ ind |-> 4474,
           type |-> "MemRead",
           r0 |-> "a5",
           r1 |-> "",
           r2 |-> "",
           addr |-> "0x10688" ],
     done |-> TRUE,
     executed |-> TRUE ],
   [ instr |->
         [ ind |-> 4475,
           type |-> "IntAlu",
           r0 |-> "a4",
           r1 |-> "a5",
           r2 |-> "",
           addr |-> "0x1068c" ],
     done |-> TRUE,
     executed |-> TRUE ],
   [ instr |->
         [ ind |-> 4476,
           type |-> "IntAlu",
           r0 |-> "a5",
           r1 |-> "",
           r2 |-> "",
           addr |-> "0x10690" ],
     done |-> TRUE,
     executed |-> TRUE ],
   [ instr |->
         [ ind |-> 4477,
           type |-> "IntAlu",
           r0 |-> "a5",
           r1 |-> "a4",
           r2 |-> "",
           addr |-> "0x10692" ],
     done |-> TRUE,
     executed |-> TRUE ],
   [ instr |->
         [ ind |-> 4478,
           type |-> "IntAlu",
           r0 |-> "a5",
           r1 |-> "",
           r2 |-> "",
           addr |-> "0x10568" ],
     done |-> TRUE,
     executed |-> TRUE ],
   [ instr |->
         [ ind |-> 4479,
           type |-> "MemRead",
           r0 |-> "a5",
           r1 |-> "",
           r2 |-> "",
           addr |-> "0x1056c" ],
     done |-> TRUE,
     executed |-> TRUE ],
   [ instr |->
         [ ind |-> 4480,
           type |-> "IntAlu",
           r0 |-> "a5",
           r1 |-> "",
           r2 |-> "",
           addr |-> "0x10570" ],
     done |-> TRUE,
     executed |-> TRUE ],
   [ instr |->
         [ ind |-> 4481,
           type |-> "IntAlu",
           r0 |-> "a4",
           r1 |-> "a5",
           r2 |-> "",
           addr |-> "0x10572" ],
     done |-> TRUE,
     executed |-> TRUE ],
   [ instr |->
         [ ind |-> 4482,
           type |-> "IntAlu",
           r0 |-> "a5",
           r1 |-> "",
           r2 |-> "",
           addr |-> "0x10576" ],
     done |-> TRUE,
     executed |-> TRUE ],
   [ instr |->
         [ ind |-> 4483,
           type |-> "MemWrite",
           r0 |-> "a4",
           r1 |-> "",
           r2 |-> "",
           addr |-> "0x1057a" ],
     done |-> TRUE,
     executed |-> TRUE ],
   [ instr |->
         [ ind |-> 4484,
           type |-> "MemRead",
           r0 |-> "a5",
           r1 |-> "",
           r2 |-> "",
           addr |-> "0x1057e" ],
     done |-> TRUE,
     executed |-> TRUE ],
   [ instr |->
         [ ind |-> 4485,
           type |-> "MemWrite",
           r0 |-> "a5",
           r1 |-> "",
           r2 |-> "",
           addr |-> "0x10582" ],
     done |-> TRUE,
     executed |-> TRUE ],
   [ instr |->
         [ ind |-> 4486,
           type |-> "IntAlu",
           r0 |-> "a5",
           r1 |-> "",
           r2 |-> "",
           addr |-> "0x10586" ],
     done |-> TRUE,
     executed |-> TRUE ],
   [ instr |->
         [ ind |-> 4487,
           type |-> "MemWrite",
           r0 |-> "zero",
           r1 |-> "",
           r2 |-> "",
           addr |-> "0x1058a" ],
     done |-> TRUE,
     executed |-> TRUE ],
   [ instr |->
         [ ind |-> 4488,
           type |-> "IntAlu",
           r0 |-> "",
           r1 |-> "",
           r2 |-> "",
           addr |-> "0x1058e" ],
     done |-> TRUE,
     executed |-> TRUE ],
   [ instr |->
         [ ind |-> 4489,
           type |-> "IntAlu",
           r0 |-> "a5",
           r1 |-> "",
           r2 |-> "",
           addr |-> "0x10608" ],
     done |-> TRUE,
     executed |-> TRUE ],
   [ instr |->
         [ ind |-> 4490,
           type |-> "IntAlu",
           r0 |-> "a4",
           r1 |-> "a5",
           r2 |-> "",
           addr |-> "0x1060c" ],
     done |-> TRUE,
     executed |-> TRUE ],
   [ instr |->
         [ ind |-> 4491,
           type |-> "MemRead",
           r0 |-> "a5",
           r1 |-> "",
           r2 |-> "",
           addr |-> "0x10610" ],
     done |-> TRUE,
     executed |-> TRUE ],
   [ instr |->
         [ ind |-> 4492,
           type |-> "IntAlu",
           r0 |-> "a5",
           r1 |-> "",
           r2 |-> "",
           addr |-> "0x10614" ],
     done |-> TRUE,
     executed |-> TRUE ],
   [ instr |->
         [ ind |-> 4493,
           type |-> "IntAlu",
           r0 |-> "a5",
           r1 |-> "a4",
           r2 |-> "",
           addr |-> "0x10616" ],
     done |-> TRUE,
     executed |-> TRUE ],
   [ instr |->
         [ ind |-> 4494,
           type |-> "MemRead",
           r0 |-> "a3",
           r1 |-> "",
           r2 |-> "",
           addr |-> "0x10618" ],
     done |-> TRUE,
     executed |-> TRUE ],
   [ instr |->
         [ ind |-> 4495,
           type |-> "MemRead",
           r0 |-> "a5",
           r1 |-> "",
           r2 |-> "",
           addr |-> "0x1061a" ],
     done |-> FALSE,
     executed |-> TRUE ] >>
/\ _RS = <<{}, {}, {}, {}>>
/\ currCycle = 22
/\ exec_inst = 1
/\ robHead2 = 18
/\ pc = 30
/\ rob2 = << [ instr |->
         [ ind |-> 4466,
           type |-> "IntAlu",
           r0 |-> "sp",
           r1 |-> "",
           r2 |-> "",
           addr |-> "0x10552" ],
     done |-> TRUE,
     executed |-> TRUE ],
   [ instr |->
         [ ind |-> 4467,
           type |-> "MemWrite",
           r0 |-> "s0",
           r1 |-> "",
           r2 |-> "",
           addr |-> "0x10554" ],
     done |-> TRUE,
     executed |-> TRUE ],
   [ instr |->
         [ ind |-> 4468,
           type |-> "IntAlu",
           r0 |-> "s0",
           r1 |-> "sp",
           r2 |-> "",
           addr |-> "0x10556" ],
     done |-> TRUE,
     executed |-> TRUE ],
   [ instr |->
         [ ind |-> 4469,
           type |-> "IntAlu",
           r0 |-> "a5",
           r1 |-> "",
           r2 |-> "",
           addr |-> "0x10558" ],
     done |-> TRUE,
     executed |-> TRUE ],
   [ instr |->
         [ ind |-> 4470,
           type |-> "MemWrite",
           r0 |-> "a5",
           r1 |-> "",
           r2 |-> "",
           addr |-> "0x1055a" ],
     done |-> TRUE,
     executed |-> TRUE ],
   [ instr |->
         [ ind |-> 4471,
           type |-> "IntAlu",
           r0 |-> "a5",
           r1 |-> "",
           r2 |-> "",
           addr |-> "0x1055e" ],
     done |-> TRUE,
     executed |-> TRUE ],
   [ instr |->
         [ ind |-> 4472,
           type |-> "MemWrite",
           r0 |-> "zero",
           r1 |-> "",
           r2 |-> "",
           addr |-> "0x10562" ],
     done |-> TRUE,
     executed |-> TRUE ],
   [ instr |->
         [ ind |-> 4473,
           type |-> "IntAlu",
           r0 |-> "",
           r1 |-> "",
           r2 |-> "",
           addr |-> "0x10566" ],
     done |-> TRUE,
     executed |-> TRUE ],
   [ instr |->
         [ ind |-> 4474,
           type |-> "MemRead",
           r0 |-> "a5",
           r1 |-> "",
           r2 |-> "",
           addr |-> "0x10688" ],
     done |-> TRUE,
     executed |-> TRUE ],
   [ instr |->
         [ ind |-> 4475,
           type |-> "IntAlu",
           r0 |-> "a4",
           r1 |-> "a5",
           r2 |-> "",
           addr |-> "0x1068c" ],
     done |-> TRUE,
     executed |-> TRUE ],
   [ instr |->
         [ ind |-> 4476,
           type |-> "IntAlu",
           r0 |-> "a5",
           r1 |-> "",
           r2 |-> "",
           addr |-> "0x10690" ],
     done |-> TRUE,
     executed |-> TRUE ],
   [ instr |->
         [ ind |-> 4477,
           type |-> "IntAlu",
           r0 |-> "a5",
           r1 |-> "a4",
           r2 |-> "",
           addr |-> "0x10692" ],
     done |-> TRUE,
     executed |-> TRUE ],
   [ instr |->
         [ ind |-> 4478,
           type |-> "IntAlu",
           r0 |-> "a5",
           r1 |-> "",
           r2 |-> "",
           addr |-> "0x10568" ],
     done |-> TRUE,
     executed |-> TRUE ],
   [ instr |->
         [ ind |-> 4479,
           type |-> "MemRead",
           r0 |-> "a5",
           r1 |-> "",
           r2 |-> "",
           addr |-> "0x1056c" ],
     done |-> TRUE,
     executed |-> TRUE ],
   [ instr |->
         [ ind |-> 4480,
           type |-> "IntAlu",
           r0 |-> "a5",
           r1 |-> "",
           r2 |-> "",
           addr |-> "0x10570" ],
     done |-> TRUE,
     executed |-> TRUE ],
   [ instr |->
         [ ind |-> 4481,
           type |-> "IntAlu",
           r0 |-> "a4",
           r1 |-> "a5",
           r2 |-> "",
           addr |-> "0x10572" ],
     done |-> TRUE,
     executed |-> TRUE ],
   [ instr |->
         [ ind |-> 4482,
           type |-> "IntAlu",
           r0 |-> "a5",
           r1 |-> "",
           r2 |-> "",
           addr |-> "0x10576" ],
     done |-> TRUE,
     executed |-> TRUE ],
   [ instr |->
         [ ind |-> 4483,
           type |-> "MemWrite",
           r0 |-> "a4",
           r1 |-> "",
           r2 |-> "",
           addr |-> "0x1057a" ],
     done |-> FALSE,
     executed |-> TRUE ],
   [ instr |->
         [ ind |-> 4484,
           type |-> "MemRead",
           r0 |-> "a5",
           r1 |-> "",
           r2 |-> "",
           addr |-> "0x1057e" ],
     done |-> FALSE,
     executed |-> TRUE ],
   [ instr |->
         [ ind |-> 4485,
           type |-> "MemWrite",
           r0 |-> "a5",
           r1 |-> "",
           r2 |-> "",
           addr |-> "0x10582" ],
     done |-> FALSE,
     executed |-> TRUE ],
   [ instr |->
         [ ind |-> 4486,
           type |-> "IntAlu",
           r0 |-> "a5",
           r1 |-> "",
           r2 |-> "",
           addr |-> "0x10586" ],
     done |-> FALSE,
     executed |-> TRUE ],
   [ instr |->
         [ ind |-> 4487,
           type |-> "MemWrite",
           r0 |-> "zero",
           r1 |-> "",
           r2 |-> "",
           addr |-> "0x1058a" ],
     done |-> FALSE,
     executed |-> TRUE ],
   [ instr |->
         [ ind |-> 4488,
           type |-> "IntAlu",
           r0 |-> "",
           r1 |-> "",
           r2 |-> "",
           addr |-> "0x1058e" ],
     done |-> FALSE,
     executed |-> TRUE ],
   [ instr |->
         [ ind |-> 4489,
           type |-> "IntAlu",
           r0 |-> "a5",
           r1 |-> "",
           r2 |-> "",
           addr |-> "0x10608" ],
     done |-> FALSE,
     executed |-> FALSE ],
   [ instr |->
         [ ind |-> 4490,
           type |-> "IntAlu",
           r0 |-> "a4",
           r1 |-> "a5",
           r2 |-> "",
           addr |-> "0x1060c" ],
     done |-> FALSE,
     executed |-> FALSE ],
   [ instr |->
         [ ind |-> 4491,
           type |-> "MemRead",
           r0 |-> "a5",
           r1 |-> "",
           r2 |-> "",
           addr |-> "0x10610" ],
     done |-> FALSE,
     executed |-> FALSE ] >>
/\ _FU = << [ instr |->
         [ ind |-> 0,
           type |-> "No_OpClass",
           r0 |-> "",
           r1 |-> "",
           r2 |-> "",
           addr |-> "" ],
     baseLat |-> 1,
     currLat |-> 1 ],
   [ instr |->
         [ ind |-> 0,
           type |-> "No_OpClass",
           r0 |-> "",
           r1 |-> "",
           r2 |-> "",
           addr |-> "" ],
     baseLat |-> 1,
     currLat |-> 1 ],
   [ instr |->
         [ ind |-> 0,
           type |-> "No_OpClass",
           r0 |-> "",
           r1 |-> "",
           r2 |-> "",
           addr |-> "" ],
     baseLat |-> 1,
     currLat |-> 1 ],
   [ instr |->
         [ ind |-> 0,
           type |-> "No_OpClass",
           r0 |-> "",
           r1 |-> "",
           r2 |-> "",
           addr |-> "" ],
     baseLat |-> 1,
     currLat |-> 1 ] >>

@!@!@ENDMSG 2217 @!@!@
@!@!@STARTMSG 2217:4 @!@!@
24: <Next line 63, col 9 to line 67, col 64 of module pipeline_ooo>
/\ _RS2 = << { [ ind |-> 4492,
       type |-> "IntAlu",
       r0 |-> "a5",
       r1 |-> "",
       r2 |-> "",
       addr |-> "0x10614" ],
     [ ind |-> 4493,
       type |-> "IntAlu",
       r0 |-> "a5",
       r1 |-> "a4",
       r2 |-> "",
       addr |-> "0x10616" ] },
   {},
   {},
   {} >>
/\ _COM2 = << [ ind |-> 4485,
     type |-> "MemWrite",
     r0 |-> "a5",
     r1 |-> "",
     r2 |-> "",
     addr |-> "0x10582" ],
   [ ind |-> 4486,
     type |-> "IntAlu",
     r0 |-> "a5",
     r1 |-> "",
     r2 |-> "",
     addr |-> "0x10586" ] >>
/\ _ID = << [ ind |-> 0,
     type |-> "No_OpClass",
     r0 |-> "",
     r1 |-> "",
     r2 |-> "",
     addr |-> "" ],
   [ ind |-> 0,
     type |-> "No_OpClass",
     r0 |-> "",
     r1 |-> "",
     r2 |-> "",
     addr |-> "" ] >>
/\ _IF = << [ instr |->
         [ ind |-> 0,
           type |-> "No_OpClass",
           r0 |-> "",
           r1 |-> "",
           r2 |-> "",
           addr |-> "" ],
     baseLat |-> 1,
     currLat |-> 1 ],
   [ instr |->
         [ ind |-> 0,
           type |-> "No_OpClass",
           r0 |-> "",
           r1 |-> "",
           r2 |-> "",
           addr |-> "" ],
     baseLat |-> 1,
     currLat |-> 1 ] >>
/\ _FU2 = << [ instr |->
         [ ind |-> 4490,
           type |-> "IntAlu",
           r0 |-> "a4",
           r1 |-> "a5",
           r2 |-> "",
           addr |-> "0x1060c" ],
     baseLat |-> 1,
     currLat |-> 1 ],
   [ instr |->
         [ ind |-> 0,
           type |-> "No_OpClass",
           r0 |-> "",
           r1 |-> "",
           r2 |-> "",
           addr |-> "" ],
     baseLat |-> 1,
     currLat |-> 1 ],
   [ instr |->
         [ ind |-> 0,
           type |-> "No_OpClass",
           r0 |-> "",
           r1 |-> "",
           r2 |-> "",
           addr |-> "" ],
     baseLat |-> 1,
     currLat |-> 1 ],
   [ instr |->
         [ ind |-> 0,
           type |-> "No_OpClass",
           r0 |-> "",
           r1 |-> "",
           r2 |-> "",
           addr |-> "" ],
     baseLat |-> 1,
     currLat |-> 1 ] >>
/\ _COM = << [ ind |-> 0,
     type |-> "No_OpClass",
     r0 |-> "",
     r1 |-> "",
     r2 |-> "",
     addr |-> "" ],
   [ ind |-> 0,
     type |-> "No_OpClass",
     r0 |-> "",
     r1 |-> "",
     r2 |-> "",
     addr |-> "" ] >>
/\ exec_inst2 = 2
/\ _ID2 = << [ ind |-> 4494,
     type |-> "MemRead",
     r0 |-> "a3",
     r1 |-> "",
     r2 |-> "",
     addr |-> "0x10618" ],
   [ ind |-> 4495,
     type |-> "MemRead",
     r0 |-> "a5",
     r1 |-> "",
     r2 |-> "",
     addr |-> "0x1061a" ] >>
/\ graph = [ nodes |->
      << [ ind |-> 4466,
           addr |-> "0x10552",
           COM |-> 4,
           IFacq |-> 1,
           IFrel |-> 2,
           IDacq |-> 2,
           IDrel |-> 3,
           FUacq |-> 3,
           FUrel |-> 4,
           ROB |-> 2,
           RS |-> 2,
           FU |-> 1 ],
         [ ind |-> 4467,
           addr |-> "0x10554",
           COM |-> 4,
           IFacq |-> 1,
           IFrel |-> 2,
           IDacq |-> 2,
           IDrel |-> 3,
           FUacq |-> 3,
           FUrel |-> 4,
           ROB |-> 2,
           RS |-> 2,
           FU |-> 2 ],
         [ ind |-> 4468,
           addr |-> "0x10556",
           COM |-> 5,
           IFacq |-> 2,
           IFrel |-> 3,
           IDacq |-> 3,
           IDrel |-> 4,
           FUacq |-> 4,
           FUrel |-> 5,
           ROB |-> 3,
           RS |-> 3,
           FU |-> 1 ],
         [ ind |-> 4469,
           addr |-> "0x10558",
           COM |-> 6,
           IFacq |-> 2,
           IFrel |-> 3,
           IDacq |-> 3,
           IDrel |-> 4,
           FUacq |-> 5,
           FUrel |-> 6,
           ROB |-> 3,
           RS |-> 3,
           FU |-> 1 ],
         [ ind |-> 4470,
           addr |-> "0x1055a",
           COM |-> 6,
           IFacq |-> 3,
           IFrel |-> 4,
           IDacq |-> 4,
           IDrel |-> 5,
           FUacq |-> 5,
           FUrel |-> 6,
           ROB |-> 4,
           RS |-> 4,
           FU |-> 2 ],
         [ ind |-> 4471,
           addr |-> "0x1055e",
           COM |-> 7,
           IFacq |-> 3,
           IFrel |-> 4,
           IDacq |-> 4,
           IDrel |-> 5,
           FUacq |-> 6,
           FUrel |-> 7,
           ROB |-> 4,
           RS |-> 4,
           FU |-> 1 ],
         [ ind |-> 4472,
           addr |-> "0x10562",
           COM |-> 7,
           IFacq |-> 4,
           IFrel |-> 5,
           IDacq |-> 5,
           IDrel |-> 6,
           FUacq |-> 6,
           FUrel |-> 7,
           ROB |-> 5,
           RS |-> 5,
           FU |-> 2 ],
         [ ind |-> 4473,
           addr |-> "0x10566",
           COM |-> 8,
           IFacq |-> 4,
           IFrel |-> 5,
           IDacq |-> 5,
           IDrel |-> 6,
           FUacq |-> 7,
           FUrel |-> 8,
           ROB |-> 5,
           RS |-> 5,
           FU |-> 1 ],
         [ ind |-> 4474,
           addr |-> "0x10688",
           COM |-> 8,
           IFacq |-> 5,
           IFrel |-> 6,
           IDacq |-> 6,
           IDrel |-> 7,
           FUacq |-> 7,
           FUrel |-> 8,
           ROB |-> 6,
           RS |-> 6,
           FU |-> 2 ],
         [ ind |-> 4475,
           addr |-> "0x1068c",
           COM |-> 9,
           IFacq |-> 5,
           IFrel |-> 6,
           IDacq |-> 6,
           IDrel |-> 7,
           FUacq |-> 8,
           FUrel |-> 9,
           ROB |-> 6,
           RS |-> 6,
           FU |-> 1 ],
         [ ind |-> 4476,
           addr |-> "0x10690",
           COM |-> 10,
           IFacq |-> 6,
           IFrel |-> 7,
           IDacq |-> 7,
           IDrel |-> 8,
           FUacq |-> 9,
           FUrel |-> 10,
           ROB |-> 7,
           RS |-> 7,
           FU |-> 1 ],
         [ ind |-> 4477,
           addr |-> "0x10692",
           COM |-> 11,
           IFacq |-> 6,
           IFrel |-> 7,
           IDacq |-> 7,
           IDrel |-> 8,
           FUacq |-> 10,
           FUrel |-> 11,
           ROB |-> 7,
           RS |-> 7,
           FU |-> 1 ],
         [ ind |-> 4478,
           addr |-> "0x10568",
           COM |-> 12,
           IFacq |-> 7,
           IFrel |-> 8,
           IDacq |-> 8,
           IDrel |-> 9,
           FUacq |-> 11,
           FUrel |-> 12,
           ROB |-> 8,
           RS |-> 8,
           FU |-> 1 ],
         [ ind |-> 4479,
           addr |-> "0x1056c",
           COM |-> 12,
           IFacq |-> 7,
           IFrel |-> 8,
           IDacq |-> 8,
           IDrel |-> 9,
           FUacq |-> 9,
           FUrel |-> 10,
           ROB |-> 8,
           RS |-> 8,
           FU |-> 2 ],
         [ ind |-> 4480,
           addr |-> "0x10570",
           COM |-> 13,
           IFacq |-> 8,
           IFrel |-> 9,
           IDacq |-> 9,
           IDrel |-> 10,
           FUacq |-> 12,
           FUrel |-> 13,
           ROB |-> 9,
           RS |-> 9,
           FU |-> 1 ],
         [ ind |-> 4481,
           addr |-> "0x10572",
           COM |-> 14,
           IFacq |-> 8,
           IFrel |-> 9,
           IDacq |-> 9,
           IDrel |-> 10,
           FUacq |-> 13,
           FUrel |-> 14,
           ROB |-> 9,
           RS |-> 9,
           FU |-> 1 ],
         [ ind |-> 4482,
           addr |-> "0x10576",
           COM |-> 15,
           IFacq |-> 9,
           IFrel |-> 10,
           IDacq |-> 10,
           IDrel |-> 11,
           FUacq |-> 14,
           FUrel |-> 15,
           ROB |-> 10,
           RS |-> 10,
           FU |-> 1 ],
         [ ind |-> 4483,
           addr |-> "0x1057a",
           COM |-> 15,
           IFacq |-> 9,
           IFrel |-> 10,
           IDacq |-> 10,
           IDrel |-> 11,
           FUacq |-> 11,
           FUrel |-> 12,
           ROB |-> 10,
           RS |-> 10,
           FU |-> 2 ],
         [ ind |-> 4484,
           addr |-> "0x1057e",
           COM |-> 16,
           IFacq |-> 10,
           IFrel |-> 11,
           IDacq |-> 11,
           IDrel |-> 12,
           FUacq |-> 12,
           FUrel |-> 13,
           ROB |-> 11,
           RS |-> 11,
           FU |-> 2 ],
         [ ind |-> 4485,
           addr |-> "0x10582",
           COM |-> 16,
           IFacq |-> 10,
           IFrel |-> 11,
           IDacq |-> 11,
           IDrel |-> 12,
           FUacq |-> 13,
           FUrel |-> 14,
           ROB |-> 11,
           RS |-> 11,
           FU |-> 2 ],
         [ ind |-> 4486,
           addr |-> "0x10586",
           COM |-> 17,
           IFacq |-> 11,
           IFrel |-> 12,
           IDacq |-> 12,
           IDrel |-> 13,
           FUacq |-> 15,
           FUrel |-> 16,
           ROB |-> 12,
           RS |-> 12,
           FU |-> 1 ],
         [ ind |-> 4487,
           addr |-> "0x1058a",
           COM |-> 17,
           IFacq |-> 11,
           IFrel |-> 12,
           IDacq |-> 12,
           IDrel |-> 13,
           FUacq |-> 14,
           FUrel |-> 15,
           ROB |-> 12,
           RS |-> 12,
           FU |-> 2 ],
         [ ind |-> 4488,
           addr |-> "0x1058e",
           COM |-> 18,
           IFacq |-> 12,
           IFrel |-> 13,
           IDacq |-> 13,
           IDrel |-> 14,
           FUacq |-> 16,
           FUrel |-> 17,
           ROB |-> 13,
           RS |-> 13,
           FU |-> 1 ],
         [ ind |-> 4489,
           addr |-> "0x10608",
           COM |-> 18,
           IFacq |-> 12,
           IFrel |-> 13,
           IDacq |-> 13,
           IDrel |-> 14,
           FUacq |-> 17,
           FUrel |-> 18,
           ROB |-> 13,
           RS |-> 13,
           FU |-> 1 ],
         [ ind |-> 4490,
           addr |-> "0x1060c",
           COM |-> 19,
           IFacq |-> 13,
           IFrel |-> 14,
           IDacq |-> 14,
           IDrel |-> 15,
           FUacq |-> 18,
           FUrel |-> 19,
           ROB |-> 14,
           RS |-> 14,
           FU |-> 1 ],
         [ ind |-> 4491,
           addr |-> "0x10610",
           COM |-> 19,
           IFacq |-> 13,
           IFrel |-> 14,
           IDacq |-> 14,
           IDrel |-> 15,
           FUacq |-> 15,
           FUrel |-> 16,
           ROB |-> 14,
           RS |-> 14,
           FU |-> 2 ],
         [ ind |-> 4492,
           addr |-> "0x10614",
           COM |-> 20,
           IFacq |-> 14,
           IFrel |-> 15,
           IDacq |-> 15,
           IDrel |-> 16,
           FUacq |-> 19,
           FUrel |-> 20,
           ROB |-> 15,
           RS |-> 15,
           FU |-> 1 ],
         [ ind |-> 4493,
           addr |-> "0x10616",
           COM |-> 21,
           IFacq |-> 14,
           IFrel |-> 15,
           IDacq |-> 15,
           IDrel |-> 16,
           FUacq |-> 20,
           FUrel |-> 21,
           ROB |-> 15,
           RS |-> 15,
           FU |-> 1 ],
         [ ind |-> 4494,
           addr |-> "0x10618",
           COM |-> 21,
           IFacq |-> 15,
           IFrel |-> 16,
           IDacq |-> 16,
           IDrel |-> 17,
           FUacq |-> 17,
           FUrel |-> 18,
           ROB |-> 16,
           RS |-> 16,
           FU |-> 2 ],
         [ ind |-> 4495,
           addr |-> "0x1061a",
           COM |-> 22,
           IFacq |-> 15,
           IFrel |-> 16,
           IDacq |-> 16,
           IDrel |-> 17,
           FUacq |-> 18,
           FUrel |-> 19,
           ROB |-> 16,
           RS |-> 16,
           FU |-> 2 ] >>,
  edges |->
      { [type |-> "D", source |-> 4466, dest |-> 4468],
        [type |-> "D", source |-> 4474, dest |-> 4475],
        [type |-> "D", source |-> 4480, dest |-> 4481],
        [type |-> "D", source |-> 4489, dest |-> 4490] } ]
/\ currCycle2 = 23
/\ _IF2 = << [ instr |->
         [ ind |-> 0,
           type |-> "No_OpClass",
           r0 |-> "",
           r1 |-> "",
           r2 |-> "",
           addr |-> "" ],
     baseLat |-> 1,
     currLat |-> 1 ],
   [ instr |->
         [ ind |-> 0,
           type |-> "No_OpClass",
           r0 |-> "",
           r1 |-> "",
           r2 |-> "",
           addr |-> "" ],
     baseLat |-> 1,
     currLat |-> 1 ] >>
/\ lastBound = 0
/\ graph2 = [ nodes |->
      << [ ind |-> 4466,
           addr |-> "0x10552",
           COM |-> 4,
           IFacq |-> 1,
           IFrel |-> 2,
           IDacq |-> 2,
           IDrel |-> 3,
           FUacq |-> 3,
           FUrel |-> 4,
           ROB |-> 2,
           RS |-> 2,
           FU |-> 1 ],
         [ ind |-> 4467,
           addr |-> "0x10554",
           COM |-> 4,
           IFacq |-> 1,
           IFrel |-> 2,
           IDacq |-> 2,
           IDrel |-> 3,
           FUacq |-> 3,
           FUrel |-> 4,
           ROB |-> 2,
           RS |-> 2,
           FU |-> 2 ],
         [ ind |-> 4468,
           addr |-> "0x10556",
           COM |-> 5,
           IFacq |-> 2,
           IFrel |-> 3,
           IDacq |-> 3,
           IDrel |-> 4,
           FUacq |-> 4,
           FUrel |-> 5,
           ROB |-> 3,
           RS |-> 3,
           FU |-> 1 ],
         [ ind |-> 4469,
           addr |-> "0x10558",
           COM |-> 6,
           IFacq |-> 2,
           IFrel |-> 3,
           IDacq |-> 3,
           IDrel |-> 4,
           FUacq |-> 5,
           FUrel |-> 6,
           ROB |-> 3,
           RS |-> 3,
           FU |-> 1 ],
         [ ind |-> 4470,
           addr |-> "0x1055a",
           COM |-> 6,
           IFacq |-> 3,
           IFrel |-> 4,
           IDacq |-> 4,
           IDrel |-> 5,
           FUacq |-> 5,
           FUrel |-> 6,
           ROB |-> 4,
           RS |-> 4,
           FU |-> 2 ],
         [ ind |-> 4471,
           addr |-> "0x1055e",
           COM |-> 7,
           IFacq |-> 3,
           IFrel |-> 4,
           IDacq |-> 4,
           IDrel |-> 5,
           FUacq |-> 6,
           FUrel |-> 7,
           ROB |-> 4,
           RS |-> 4,
           FU |-> 1 ],
         [ ind |-> 4472,
           addr |-> "0x10562",
           COM |-> 7,
           IFacq |-> 4,
           IFrel |-> 5,
           IDacq |-> 5,
           IDrel |-> 6,
           FUacq |-> 6,
           FUrel |-> 7,
           ROB |-> 5,
           RS |-> 5,
           FU |-> 2 ],
         [ ind |-> 4473,
           addr |-> "0x10566",
           COM |-> 8,
           IFacq |-> 4,
           IFrel |-> 5,
           IDacq |-> 5,
           IDrel |-> 6,
           FUacq |-> 7,
           FUrel |-> 8,
           ROB |-> 5,
           RS |-> 5,
           FU |-> 1 ],
         [ ind |-> 4474,
           addr |-> "0x10688",
           COM |-> 17,
           IFacq |-> 5,
           IFrel |-> 6,
           IDacq |-> 6,
           IDrel |-> 7,
           FUacq |-> 7,
           FUrel |-> 17,
           ROB |-> 6,
           RS |-> 6,
           FU |-> 2 ],
         [ ind |-> 4475,
           addr |-> "0x1068c",
           COM |-> 18,
           IFacq |-> 5,
           IFrel |-> 6,
           IDacq |-> 6,
           IDrel |-> 7,
           FUacq |-> 17,
           FUrel |-> 18,
           ROB |-> 6,
           RS |-> 6,
           FU |-> 1 ],
         [ ind |-> 4476,
           addr |-> "0x10690",
           COM |-> 18,
           IFacq |-> 6,
           IFrel |-> 7,
           IDacq |-> 7,
           IDrel |-> 8,
           FUacq |-> 8,
           FUrel |-> 9,
           ROB |-> 7,
           RS |-> 7,
           FU |-> 1 ],
         [ ind |-> 4477,
           addr |-> "0x10692",
           COM |-> 19,
           IFacq |-> 6,
           IFrel |-> 7,
           IDacq |-> 7,
           IDrel |-> 8,
           FUacq |-> 18,
           FUrel |-> 19,
           ROB |-> 7,
           RS |-> 7,
           FU |-> 1 ],
         [ ind |-> 4478,
           addr |-> "0x10568",
           COM |-> 19,
           IFacq |-> 7,
           IFrel |-> 8,
           IDacq |-> 8,
           IDrel |-> 9,
           FUacq |-> 9,
           FUrel |-> 10,
           ROB |-> 8,
           RS |-> 8,
           FU |-> 1 ],
         [ ind |-> 4479,
           addr |-> "0x1056c",
           COM |-> 20,
           IFacq |-> 7,
           IFrel |-> 8,
           IDacq |-> 8,
           IDrel |-> 9,
           FUacq |-> 17,
           FUrel |-> 18,
           ROB |-> 8,
           RS |-> 8,
           FU |-> 2 ],
         [ ind |-> 4480,
           addr |-> "0x10570",
           COM |-> 20,
           IFacq |-> 8,
           IFrel |-> 9,
           IDacq |-> 9,
           IDrel |-> 10,
           FUacq |-> 10,
           FUrel |-> 11,
           ROB |-> 9,
           RS |-> 9,
           FU |-> 1 ],
         [ ind |-> 4481,
           addr |-> "0x10572",
           COM |-> 21,
           IFacq |-> 8,
           IFrel |-> 9,
           IDacq |-> 9,
           IDrel |-> 10,
           FUacq |-> 19,
           FUrel |-> 20,
           ROB |-> 9,
           RS |-> 9,
           FU |-> 1 ],
         [ ind |-> 4482,
           addr |-> "0x10576",
           COM |-> 21,
           IFacq |-> 9,
           IFrel |-> 10,
           IDacq |-> 10,
           IDrel |-> 11,
           FUacq |-> 11,
           FUrel |-> 12,
           ROB |-> 10,
           RS |-> 10,
           FU |-> 1 ],
         [ ind |-> 4483,
           addr |-> "0x1057a",
           COM |-> 22,
           IFacq |-> 9,
           IFrel |-> 10,
           IDacq |-> 10,
           IDrel |-> 11,
           FUacq |-> 18,
           FUrel |-> 19,
           ROB |-> 10,
           RS |-> 10,
           FU |-> 2 ],
         [ ind |-> 4484,
           addr |-> "0x1057e",
           COM |-> 22,
           IFacq |-> 10,
           IFrel |-> 11,
           IDacq |-> 11,
           IDrel |-> 12,
           FUacq |-> 19,
           FUrel |-> 20,
           ROB |-> 11,
           RS |-> 11,
           FU |-> 2 ],
         [ ind |-> 4485,
           addr |-> "0x10582",
           COM |-> 0,
           IFacq |-> 10,
           IFrel |-> 11,
           IDacq |-> 11,
           IDrel |-> 12,
           FUacq |-> 20,
           FUrel |-> 21,
           ROB |-> 11,
           RS |-> 11,
           FU |-> 2 ],
         [ ind |-> 4486,
           addr |-> "0x10586",
           COM |-> 0,
           IFacq |-> 11,
           IFrel |-> 12,
           IDacq |-> 12,
           IDrel |-> 20,
           FUacq |-> 20,
           FUrel |-> 21,
           ROB |-> 19,
           RS |-> 19,
           FU |-> 1 ],
         [ ind |-> 4487,
           addr |-> "0x1058a",
           COM |-> 0,
           IFacq |-> 11,
           IFrel |-> 12,
           IDacq |-> 12,
           IDrel |-> 20,
           FUacq |-> 21,
           FUrel |-> 22,
           ROB |-> 19,
           RS |-> 19,
           FU |-> 2 ],
         [ ind |-> 4488,
           addr |-> "0x1058e",
           COM |-> 0,
           IFacq |-> 12,
           IFrel |-> 13,
           IDacq |-> 20,
           IDrel |-> 21,
           FUacq |-> 21,
           FUrel |-> 22,
           ROB |-> 20,
           RS |-> 20,
           FU |-> 1 ],
         [ ind |-> 4489,
           addr |-> "0x10608",
           COM |-> 0,
           IFacq |-> 12,
           IFrel |-> 13,
           IDacq |-> 20,
           IDrel |-> 21,
           FUacq |-> 22,
           FUrel |-> 23,
           ROB |-> 20,
           RS |-> 20,
           FU |-> 1 ],
         [ ind |-> 4490,
           addr |-> "0x1060c",
           COM |-> 0,
           IFacq |-> 20,
           IFrel |-> 21,
           IDacq |-> 21,
           IDrel |-> 22,
           FUacq |-> 0,
           FUrel |-> 0,
           ROB |-> 21,
           RS |-> 21,
           FU |-> 0 ],
         [ ind |-> 4491,
           addr |-> "0x10610",
           COM |-> 0,
           IFacq |-> 20,
           IFrel |-> 21,
           IDacq |-> 21,
           IDrel |-> 22,
           FUacq |-> 22,
           FUrel |-> 23,
           ROB |-> 21,
           RS |-> 21,
           FU |-> 2 ],
         [ ind |-> 4492,
           addr |-> "0x10614",
           COM |-> 0,
           IFacq |-> 21,
           IFrel |-> 22,
           IDacq |-> 22,
           IDrel |-> 23,
           FUacq |-> 0,
           FUrel |-> 0,
           ROB |-> 22,
           RS |-> 22,
           FU |-> 0 ],
         [ ind |-> 4493,
           addr |-> "0x10616",
           COM |-> 0,
           IFacq |-> 21,
           IFrel |-> 22,
           IDacq |-> 22,
           IDrel |-> 23,
           FUacq |-> 0,
           FUrel |-> 0,
           ROB |-> 22,
           RS |-> 22,
           FU |-> 0 ],
         [ ind |-> 4494,
           addr |-> "0x10618",
           COM |-> 0,
           IFacq |-> 22,
           IFrel |-> 23,
           IDacq |-> 0,
           IDrel |-> 0,
           FUacq |-> 0,
           FUrel |-> 0,
           ROB |-> 0,
           RS |-> 0,
           FU |-> 0 ],
         [ ind |-> 4495,
           addr |-> "0x1061a",
           COM |-> 0,
           IFacq |-> 22,
           IFrel |-> 23,
           IDacq |-> 0,
           IDrel |-> 0,
           FUacq |-> 0,
           FUrel |-> 0,
           ROB |-> 0,
           RS |-> 0,
           FU |-> 0 ] >>,
  edges |->
      { [type |-> "D", source |-> 4466, dest |-> 4468],
        [type |-> "D", source |-> 4474, dest |-> 4475],
        [type |-> "D", source |-> 4475, dest |-> 4477],
        [type |-> "D", source |-> 4477, dest |-> 4481],
        [type |-> "D", source |-> 4478, dest |-> 4481],
        [type |-> "D", source |-> 4479, dest |-> 4481],
        [type |-> "D", source |-> 4480, dest |-> 4481] } ]
/\ pc2 = 30
/\ robHead = 31
/\ rob = << [ instr |->
         [ ind |-> 4466,
           type |-> "IntAlu",
           r0 |-> "sp",
           r1 |-> "",
           r2 |-> "",
           addr |-> "0x10552" ],
     done |-> TRUE,
     executed |-> TRUE ],
   [ instr |->
         [ ind |-> 4467,
           type |-> "MemWrite",
           r0 |-> "s0",
           r1 |-> "",
           r2 |-> "",
           addr |-> "0x10554" ],
     done |-> TRUE,
     executed |-> TRUE ],
   [ instr |->
         [ ind |-> 4468,
           type |-> "IntAlu",
           r0 |-> "s0",
           r1 |-> "sp",
           r2 |-> "",
           addr |-> "0x10556" ],
     done |-> TRUE,
     executed |-> TRUE ],
   [ instr |->
         [ ind |-> 4469,
           type |-> "IntAlu",
           r0 |-> "a5",
           r1 |-> "",
           r2 |-> "",
           addr |-> "0x10558" ],
     done |-> TRUE,
     executed |-> TRUE ],
   [ instr |->
         [ ind |-> 4470,
           type |-> "MemWrite",
           r0 |-> "a5",
           r1 |-> "",
           r2 |-> "",
           addr |-> "0x1055a" ],
     done |-> TRUE,
     executed |-> TRUE ],
   [ instr |->
         [ ind |-> 4471,
           type |-> "IntAlu",
           r0 |-> "a5",
           r1 |-> "",
           r2 |-> "",
           addr |-> "0x1055e" ],
     done |-> TRUE,
     executed |-> TRUE ],
   [ instr |->
         [ ind |-> 4472,
           type |-> "MemWrite",
           r0 |-> "zero",
           r1 |-> "",
           r2 |-> "",
           addr |-> "0x10562" ],
     done |-> TRUE,
     executed |-> TRUE ],
   [ instr |->
         [ ind |-> 4473,
           type |-> "IntAlu",
           r0 |-> "",
           r1 |-> "",
           r2 |-> "",
           addr |-> "0x10566" ],
     done |-> TRUE,
     executed |-> TRUE ],
   [ instr |->
         [ ind |-> 4474,
           type |-> "MemRead",
           r0 |-> "a5",
           r1 |-> "",
           r2 |-> "",
           addr |-> "0x10688" ],
     done |-> TRUE,
     executed |-> TRUE ],
   [ instr |->
         [ ind |-> 4475,
           type |-> "IntAlu",
           r0 |-> "a4",
           r1 |-> "a5",
           r2 |-> "",
           addr |-> "0x1068c" ],
     done |-> TRUE,
     executed |-> TRUE ],
   [ instr |->
         [ ind |-> 4476,
           type |-> "IntAlu",
           r0 |-> "a5",
           r1 |-> "",
           r2 |-> "",
           addr |-> "0x10690" ],
     done |-> TRUE,
     executed |-> TRUE ],
   [ instr |->
         [ ind |-> 4477,
           type |-> "IntAlu",
           r0 |-> "a5",
           r1 |-> "a4",
           r2 |-> "",
           addr |-> "0x10692" ],
     done |-> TRUE,
     executed |-> TRUE ],
   [ instr |->
         [ ind |-> 4478,
           type |-> "IntAlu",
           r0 |-> "a5",
           r1 |-> "",
           r2 |-> "",
           addr |-> "0x10568" ],
     done |-> TRUE,
     executed |-> TRUE ],
   [ instr |->
         [ ind |-> 4479,
           type |-> "MemRead",
           r0 |-> "a5",
           r1 |-> "",
           r2 |-> "",
           addr |-> "0x1056c" ],
     done |-> TRUE,
     executed |-> TRUE ],
   [ instr |->
         [ ind |-> 4480,
           type |-> "IntAlu",
           r0 |-> "a5",
           r1 |-> "",
           r2 |-> "",
           addr |-> "0x10570" ],
     done |-> TRUE,
     executed |-> TRUE ],
   [ instr |->
         [ ind |-> 4481,
           type |-> "IntAlu",
           r0 |-> "a4",
           r1 |-> "a5",
           r2 |-> "",
           addr |-> "0x10572" ],
     done |-> TRUE,
     executed |-> TRUE ],
   [ instr |->
         [ ind |-> 4482,
           type |-> "IntAlu",
           r0 |-> "a5",
           r1 |-> "",
           r2 |-> "",
           addr |-> "0x10576" ],
     done |-> TRUE,
     executed |-> TRUE ],
   [ instr |->
         [ ind |-> 4483,
           type |-> "MemWrite",
           r0 |-> "a4",
           r1 |-> "",
           r2 |-> "",
           addr |-> "0x1057a" ],
     done |-> TRUE,
     executed |-> TRUE ],
   [ instr |->
         [ ind |-> 4484,
           type |-> "MemRead",
           r0 |-> "a5",
           r1 |-> "",
           r2 |-> "",
           addr |-> "0x1057e" ],
     done |-> TRUE,
     executed |-> TRUE ],
   [ instr |->
         [ ind |-> 4485,
           type |-> "MemWrite",
           r0 |-> "a5",
           r1 |-> "",
           r2 |-> "",
           addr |-> "0x10582" ],
     done |-> TRUE,
     executed |-> TRUE ],
   [ instr |->
         [ ind |-> 4486,
           type |-> "IntAlu",
           r0 |-> "a5",
           r1 |-> "",
           r2 |-> "",
           addr |-> "0x10586" ],
     done |-> TRUE,
     executed |-> TRUE ],
   [ instr |->
         [ ind |-> 4487,
           type |-> "MemWrite",
           r0 |-> "zero",
           r1 |-> "",
           r2 |-> "",
           addr |-> "0x1058a" ],
     done |-> TRUE,
     executed |-> TRUE ],
   [ instr |->
         [ ind |-> 4488,
           type |-> "IntAlu",
           r0 |-> "",
           r1 |-> "",
           r2 |-> "",
           addr |-> "0x1058e" ],
     done |-> TRUE,
     executed |-> TRUE ],
   [ instr |->
         [ ind |-> 4489,
           type |-> "IntAlu",
           r0 |-> "a5",
           r1 |-> "",
           r2 |-> "",
           addr |-> "0x10608" ],
     done |-> TRUE,
     executed |-> TRUE ],
   [ instr |->
         [ ind |-> 4490,
           type |-> "IntAlu",
           r0 |-> "a4",
           r1 |-> "a5",
           r2 |-> "",
           addr |-> "0x1060c" ],
     done |-> TRUE,
     executed |-> TRUE ],
   [ instr |->
         [ ind |-> 4491,
           type |-> "MemRead",
           r0 |-> "a5",
           r1 |-> "",
           r2 |-> "",
           addr |-> "0x10610" ],
     done |-> TRUE,
     executed |-> TRUE ],
   [ instr |->
         [ ind |-> 4492,
           type |-> "IntAlu",
           r0 |-> "a5",
           r1 |-> "",
           r2 |-> "",
           addr |-> "0x10614" ],
     done |-> TRUE,
     executed |-> TRUE ],
   [ instr |->
         [ ind |-> 4493,
           type |-> "IntAlu",
           r0 |-> "a5",
           r1 |-> "a4",
           r2 |-> "",
           addr |-> "0x10616" ],
     done |-> TRUE,
     executed |-> TRUE ],
   [ instr |->
         [ ind |-> 4494,
           type |-> "MemRead",
           r0 |-> "a3",
           r1 |-> "",
           r2 |-> "",
           addr |-> "0x10618" ],
     done |-> TRUE,
     executed |-> TRUE ],
   [ instr |->
         [ ind |-> 4495,
           type |-> "MemRead",
           r0 |-> "a5",
           r1 |-> "",
           r2 |-> "",
           addr |-> "0x1061a" ],
     done |-> TRUE,
     executed |-> TRUE ] >>
/\ _RS = <<{}, {}, {}, {}>>
/\ currCycle = 23
/\ exec_inst = 1
/\ robHead2 = 20
/\ pc = 30
/\ rob2 = << [ instr |->
         [ ind |-> 4466,
           type |-> "IntAlu",
           r0 |-> "sp",
           r1 |-> "",
           r2 |-> "",
           addr |-> "0x10552" ],
     done |-> TRUE,
     executed |-> TRUE ],
   [ instr |->
         [ ind |-> 4467,
           type |-> "MemWrite",
           r0 |-> "s0",
           r1 |-> "",
           r2 |-> "",
           addr |-> "0x10554" ],
     done |-> TRUE,
     executed |-> TRUE ],
   [ instr |->
         [ ind |-> 4468,
           type |-> "IntAlu",
           r0 |-> "s0",
           r1 |-> "sp",
           r2 |-> "",
           addr |-> "0x10556" ],
     done |-> TRUE,
     executed |-> TRUE ],
   [ instr |->
         [ ind |-> 4469,
           type |-> "IntAlu",
           r0 |-> "a5",
           r1 |-> "",
           r2 |-> "",
           addr |-> "0x10558" ],
     done |-> TRUE,
     executed |-> TRUE ],
   [ instr |->
         [ ind |-> 4470,
           type |-> "MemWrite",
           r0 |-> "a5",
           r1 |-> "",
           r2 |-> "",
           addr |-> "0x1055a" ],
     done |-> TRUE,
     executed |-> TRUE ],
   [ instr |->
         [ ind |-> 4471,
           type |-> "IntAlu",
           r0 |-> "a5",
           r1 |-> "",
           r2 |-> "",
           addr |-> "0x1055e" ],
     done |-> TRUE,
     executed |-> TRUE ],
   [ instr |->
         [ ind |-> 4472,
           type |-> "MemWrite",
           r0 |-> "zero",
           r1 |-> "",
           r2 |-> "",
           addr |-> "0x10562" ],
     done |-> TRUE,
     executed |-> TRUE ],
   [ instr |->
         [ ind |-> 4473,
           type |-> "IntAlu",
           r0 |-> "",
           r1 |-> "",
           r2 |-> "",
           addr |-> "0x10566" ],
     done |-> TRUE,
     executed |-> TRUE ],
   [ instr |->
         [ ind |-> 4474,
           type |-> "MemRead",
           r0 |-> "a5",
           r1 |-> "",
           r2 |-> "",
           addr |-> "0x10688" ],
     done |-> TRUE,
     executed |-> TRUE ],
   [ instr |->
         [ ind |-> 4475,
           type |-> "IntAlu",
           r0 |-> "a4",
           r1 |-> "a5",
           r2 |-> "",
           addr |-> "0x1068c" ],
     done |-> TRUE,
     executed |-> TRUE ],
   [ instr |->
         [ ind |-> 4476,
           type |-> "IntAlu",
           r0 |-> "a5",
           r1 |-> "",
           r2 |-> "",
           addr |-> "0x10690" ],
     done |-> TRUE,
     executed |-> TRUE ],
   [ instr |->
         [ ind |-> 4477,
           type |-> "IntAlu",
           r0 |-> "a5",
           r1 |-> "a4",
           r2 |-> "",
           addr |-> "0x10692" ],
     done |-> TRUE,
     executed |-> TRUE ],
   [ instr |->
         [ ind |-> 4478,
           type |-> "IntAlu",
           r0 |-> "a5",
           r1 |-> "",
           r2 |-> "",
           addr |-> "0x10568" ],
     done |-> TRUE,
     executed |-> TRUE ],
   [ instr |->
         [ ind |-> 4479,
           type |-> "MemRead",
           r0 |-> "a5",
           r1 |-> "",
           r2 |-> "",
           addr |-> "0x1056c" ],
     done |-> TRUE,
     executed |-> TRUE ],
   [ instr |->
         [ ind |-> 4480,
           type |-> "IntAlu",
           r0 |-> "a5",
           r1 |-> "",
           r2 |-> "",
           addr |-> "0x10570" ],
     done |-> TRUE,
     executed |-> TRUE ],
   [ instr |->
         [ ind |-> 4481,
           type |-> "IntAlu",
           r0 |-> "a4",
           r1 |-> "a5",
           r2 |-> "",
           addr |-> "0x10572" ],
     done |-> TRUE,
     executed |-> TRUE ],
   [ instr |->
         [ ind |-> 4482,
           type |-> "IntAlu",
           r0 |-> "a5",
           r1 |-> "",
           r2 |-> "",
           addr |-> "0x10576" ],
     done |-> TRUE,
     executed |-> TRUE ],
   [ instr |->
         [ ind |-> 4483,
           type |-> "MemWrite",
           r0 |-> "a4",
           r1 |-> "",
           r2 |-> "",
           addr |-> "0x1057a" ],
     done |-> TRUE,
     executed |-> TRUE ],
   [ instr |->
         [ ind |-> 4484,
           type |-> "MemRead",
           r0 |-> "a5",
           r1 |-> "",
           r2 |-> "",
           addr |-> "0x1057e" ],
     done |-> TRUE,
     executed |-> TRUE ],
   [ instr |->
         [ ind |-> 4485,
           type |-> "MemWrite",
           r0 |-> "a5",
           r1 |-> "",
           r2 |-> "",
           addr |-> "0x10582" ],
     done |-> FALSE,
     executed |-> TRUE ],
   [ instr |->
         [ ind |-> 4486,
           type |-> "IntAlu",
           r0 |-> "a5",
           r1 |-> "",
           r2 |-> "",
           addr |-> "0x10586" ],
     done |-> FALSE,
     executed |-> TRUE ],
   [ instr |->
         [ ind |-> 4487,
           type |-> "MemWrite",
           r0 |-> "zero",
           r1 |-> "",
           r2 |-> "",
           addr |-> "0x1058a" ],
     done |-> FALSE,
     executed |-> TRUE ],
   [ instr |->
         [ ind |-> 4488,
           type |-> "IntAlu",
           r0 |-> "",
           r1 |-> "",
           r2 |-> "",
           addr |-> "0x1058e" ],
     done |-> FALSE,
     executed |-> TRUE ],
   [ instr |->
         [ ind |-> 4489,
           type |-> "IntAlu",
           r0 |-> "a5",
           r1 |-> "",
           r2 |-> "",
           addr |-> "0x10608" ],
     done |-> FALSE,
     executed |-> TRUE ],
   [ instr |->
         [ ind |-> 4490,
           type |-> "IntAlu",
           r0 |-> "a4",
           r1 |-> "a5",
           r2 |-> "",
           addr |-> "0x1060c" ],
     done |-> FALSE,
     executed |-> FALSE ],
   [ instr |->
         [ ind |-> 4491,
           type |-> "MemRead",
           r0 |-> "a5",
           r1 |-> "",
           r2 |-> "",
           addr |-> "0x10610" ],
     done |-> FALSE,
     executed |-> TRUE ],
   [ instr |->
         [ ind |-> 4492,
           type |-> "IntAlu",
           r0 |-> "a5",
           r1 |-> "",
           r2 |-> "",
           addr |-> "0x10614" ],
     done |-> FALSE,
     executed |-> FALSE ],
   [ instr |->
         [ ind |-> 4493,
           type |-> "IntAlu",
           r0 |-> "a5",
           r1 |-> "a4",
           r2 |-> "",
           addr |-> "0x10616" ],
     done |-> FALSE,
     executed |-> FALSE ] >>
/\ _FU = << [ instr |->
         [ ind |-> 0,
           type |-> "No_OpClass",
           r0 |-> "",
           r1 |-> "",
           r2 |-> "",
           addr |-> "" ],
     baseLat |-> 1,
     currLat |-> 1 ],
   [ instr |->
         [ ind |-> 0,
           type |-> "No_OpClass",
           r0 |-> "",
           r1 |-> "",
           r2 |-> "",
           addr |-> "" ],
     baseLat |-> 1,
     currLat |-> 1 ],
   [ instr |->
         [ ind |-> 0,
           type |-> "No_OpClass",
           r0 |-> "",
           r1 |-> "",
           r2 |-> "",
           addr |-> "" ],
     baseLat |-> 1,
     currLat |-> 1 ],
   [ instr |->
         [ ind |-> 0,
           type |-> "No_OpClass",
           r0 |-> "",
           r1 |-> "",
           r2 |-> "",
           addr |-> "" ],
     baseLat |-> 1,
     currLat |-> 1 ] >>

@!@!@ENDMSG 2217 @!@!@
@!@!@STARTMSG 2217:4 @!@!@
25: <Next line 63, col 9 to line 67, col 64 of module pipeline_ooo>
/\ _RS2 = << { [ ind |-> 4493,
       type |-> "IntAlu",
       r0 |-> "a5",
       r1 |-> "a4",
       r2 |-> "",
       addr |-> "0x10616" ] },
   { [ ind |-> 4495,
       type |-> "MemRead",
       r0 |-> "a5",
       r1 |-> "",
       r2 |-> "",
       addr |-> "0x1061a" ] },
   {},
   {} >>
/\ _COM2 = << [ ind |-> 4487,
     type |-> "MemWrite",
     r0 |-> "zero",
     r1 |-> "",
     r2 |-> "",
     addr |-> "0x1058a" ],
   [ ind |-> 4488,
     type |-> "IntAlu",
     r0 |-> "",
     r1 |-> "",
     r2 |-> "",
     addr |-> "0x1058e" ] >>
/\ _ID = << [ ind |-> 0,
     type |-> "No_OpClass",
     r0 |-> "",
     r1 |-> "",
     r2 |-> "",
     addr |-> "" ],
   [ ind |-> 0,
     type |-> "No_OpClass",
     r0 |-> "",
     r1 |-> "",
     r2 |-> "",
     addr |-> "" ] >>
/\ _IF = << [ instr |->
         [ ind |-> 0,
           type |-> "No_OpClass",
           r0 |-> "",
           r1 |-> "",
           r2 |-> "",
           addr |-> "" ],
     baseLat |-> 1,
     currLat |-> 1 ],
   [ instr |->
         [ ind |-> 0,
           type |-> "No_OpClass",
           r0 |-> "",
           r1 |-> "",
           r2 |-> "",
           addr |-> "" ],
     baseLat |-> 1,
     currLat |-> 1 ] >>
/\ _FU2 = << [ instr |->
         [ ind |-> 4492,
           type |-> "IntAlu",
           r0 |-> "a5",
           r1 |-> "",
           r2 |-> "",
           addr |-> "0x10614" ],
     baseLat |-> 1,
     currLat |-> 1 ],
   [ instr |->
         [ ind |-> 4494,
           type |-> "MemRead",
           r0 |-> "a3",
           r1 |-> "",
           r2 |-> "",
           addr |-> "0x10618" ],
     baseLat |-> 1,
     currLat |-> 1 ],
   [ instr |->
         [ ind |-> 0,
           type |-> "No_OpClass",
           r0 |-> "",
           r1 |-> "",
           r2 |-> "",
           addr |-> "" ],
     baseLat |-> 1,
     currLat |-> 1 ],
   [ instr |->
         [ ind |-> 0,
           type |-> "No_OpClass",
           r0 |-> "",
           r1 |-> "",
           r2 |-> "",
           addr |-> "" ],
     baseLat |-> 1,
     currLat |-> 1 ] >>
/\ _COM = << [ ind |-> 0,
     type |-> "No_OpClass",
     r0 |-> "",
     r1 |-> "",
     r2 |-> "",
     addr |-> "" ],
   [ ind |-> 0,
     type |-> "No_OpClass",
     r0 |-> "",
     r1 |-> "",
     r2 |-> "",
     addr |-> "" ] >>
/\ exec_inst2 = 2
/\ _ID2 = << [ ind |-> 0,
     type |-> "No_OpClass",
     r0 |-> "",
     r1 |-> "",
     r2 |-> "",
     addr |-> "" ],
   [ ind |-> 0,
     type |-> "No_OpClass",
     r0 |-> "",
     r1 |-> "",
     r2 |-> "",
     addr |-> "" ] >>
/\ graph = [ nodes |->
      << [ ind |-> 4466,
           addr |-> "0x10552",
           COM |-> 4,
           IFacq |-> 1,
           IFrel |-> 2,
           IDacq |-> 2,
           IDrel |-> 3,
           FUacq |-> 3,
           FUrel |-> 4,
           ROB |-> 2,
           RS |-> 2,
           FU |-> 1 ],
         [ ind |-> 4467,
           addr |-> "0x10554",
           COM |-> 4,
           IFacq |-> 1,
           IFrel |-> 2,
           IDacq |-> 2,
           IDrel |-> 3,
           FUacq |-> 3,
           FUrel |-> 4,
           ROB |-> 2,
           RS |-> 2,
           FU |-> 2 ],
         [ ind |-> 4468,
           addr |-> "0x10556",
           COM |-> 5,
           IFacq |-> 2,
           IFrel |-> 3,
           IDacq |-> 3,
           IDrel |-> 4,
           FUacq |-> 4,
           FUrel |-> 5,
           ROB |-> 3,
           RS |-> 3,
           FU |-> 1 ],
         [ ind |-> 4469,
           addr |-> "0x10558",
           COM |-> 6,
           IFacq |-> 2,
           IFrel |-> 3,
           IDacq |-> 3,
           IDrel |-> 4,
           FUacq |-> 5,
           FUrel |-> 6,
           ROB |-> 3,
           RS |-> 3,
           FU |-> 1 ],
         [ ind |-> 4470,
           addr |-> "0x1055a",
           COM |-> 6,
           IFacq |-> 3,
           IFrel |-> 4,
           IDacq |-> 4,
           IDrel |-> 5,
           FUacq |-> 5,
           FUrel |-> 6,
           ROB |-> 4,
           RS |-> 4,
           FU |-> 2 ],
         [ ind |-> 4471,
           addr |-> "0x1055e",
           COM |-> 7,
           IFacq |-> 3,
           IFrel |-> 4,
           IDacq |-> 4,
           IDrel |-> 5,
           FUacq |-> 6,
           FUrel |-> 7,
           ROB |-> 4,
           RS |-> 4,
           FU |-> 1 ],
         [ ind |-> 4472,
           addr |-> "0x10562",
           COM |-> 7,
           IFacq |-> 4,
           IFrel |-> 5,
           IDacq |-> 5,
           IDrel |-> 6,
           FUacq |-> 6,
           FUrel |-> 7,
           ROB |-> 5,
           RS |-> 5,
           FU |-> 2 ],
         [ ind |-> 4473,
           addr |-> "0x10566",
           COM |-> 8,
           IFacq |-> 4,
           IFrel |-> 5,
           IDacq |-> 5,
           IDrel |-> 6,
           FUacq |-> 7,
           FUrel |-> 8,
           ROB |-> 5,
           RS |-> 5,
           FU |-> 1 ],
         [ ind |-> 4474,
           addr |-> "0x10688",
           COM |-> 8,
           IFacq |-> 5,
           IFrel |-> 6,
           IDacq |-> 6,
           IDrel |-> 7,
           FUacq |-> 7,
           FUrel |-> 8,
           ROB |-> 6,
           RS |-> 6,
           FU |-> 2 ],
         [ ind |-> 4475,
           addr |-> "0x1068c",
           COM |-> 9,
           IFacq |-> 5,
           IFrel |-> 6,
           IDacq |-> 6,
           IDrel |-> 7,
           FUacq |-> 8,
           FUrel |-> 9,
           ROB |-> 6,
           RS |-> 6,
           FU |-> 1 ],
         [ ind |-> 4476,
           addr |-> "0x10690",
           COM |-> 10,
           IFacq |-> 6,
           IFrel |-> 7,
           IDacq |-> 7,
           IDrel |-> 8,
           FUacq |-> 9,
           FUrel |-> 10,
           ROB |-> 7,
           RS |-> 7,
           FU |-> 1 ],
         [ ind |-> 4477,
           addr |-> "0x10692",
           COM |-> 11,
           IFacq |-> 6,
           IFrel |-> 7,
           IDacq |-> 7,
           IDrel |-> 8,
           FUacq |-> 10,
           FUrel |-> 11,
           ROB |-> 7,
           RS |-> 7,
           FU |-> 1 ],
         [ ind |-> 4478,
           addr |-> "0x10568",
           COM |-> 12,
           IFacq |-> 7,
           IFrel |-> 8,
           IDacq |-> 8,
           IDrel |-> 9,
           FUacq |-> 11,
           FUrel |-> 12,
           ROB |-> 8,
           RS |-> 8,
           FU |-> 1 ],
         [ ind |-> 4479,
           addr |-> "0x1056c",
           COM |-> 12,
           IFacq |-> 7,
           IFrel |-> 8,
           IDacq |-> 8,
           IDrel |-> 9,
           FUacq |-> 9,
           FUrel |-> 10,
           ROB |-> 8,
           RS |-> 8,
           FU |-> 2 ],
         [ ind |-> 4480,
           addr |-> "0x10570",
           COM |-> 13,
           IFacq |-> 8,
           IFrel |-> 9,
           IDacq |-> 9,
           IDrel |-> 10,
           FUacq |-> 12,
           FUrel |-> 13,
           ROB |-> 9,
           RS |-> 9,
           FU |-> 1 ],
         [ ind |-> 4481,
           addr |-> "0x10572",
           COM |-> 14,
           IFacq |-> 8,
           IFrel |-> 9,
           IDacq |-> 9,
           IDrel |-> 10,
           FUacq |-> 13,
           FUrel |-> 14,
           ROB |-> 9,
           RS |-> 9,
           FU |-> 1 ],
         [ ind |-> 4482,
           addr |-> "0x10576",
           COM |-> 15,
           IFacq |-> 9,
           IFrel |-> 10,
           IDacq |-> 10,
           IDrel |-> 11,
           FUacq |-> 14,
           FUrel |-> 15,
           ROB |-> 10,
           RS |-> 10,
           FU |-> 1 ],
         [ ind |-> 4483,
           addr |-> "0x1057a",
           COM |-> 15,
           IFacq |-> 9,
           IFrel |-> 10,
           IDacq |-> 10,
           IDrel |-> 11,
           FUacq |-> 11,
           FUrel |-> 12,
           ROB |-> 10,
           RS |-> 10,
           FU |-> 2 ],
         [ ind |-> 4484,
           addr |-> "0x1057e",
           COM |-> 16,
           IFacq |-> 10,
           IFrel |-> 11,
           IDacq |-> 11,
           IDrel |-> 12,
           FUacq |-> 12,
           FUrel |-> 13,
           ROB |-> 11,
           RS |-> 11,
           FU |-> 2 ],
         [ ind |-> 4485,
           addr |-> "0x10582",
           COM |-> 16,
           IFacq |-> 10,
           IFrel |-> 11,
           IDacq |-> 11,
           IDrel |-> 12,
           FUacq |-> 13,
           FUrel |-> 14,
           ROB |-> 11,
           RS |-> 11,
           FU |-> 2 ],
         [ ind |-> 4486,
           addr |-> "0x10586",
           COM |-> 17,
           IFacq |-> 11,
           IFrel |-> 12,
           IDacq |-> 12,
           IDrel |-> 13,
           FUacq |-> 15,
           FUrel |-> 16,
           ROB |-> 12,
           RS |-> 12,
           FU |-> 1 ],
         [ ind |-> 4487,
           addr |-> "0x1058a",
           COM |-> 17,
           IFacq |-> 11,
           IFrel |-> 12,
           IDacq |-> 12,
           IDrel |-> 13,
           FUacq |-> 14,
           FUrel |-> 15,
           ROB |-> 12,
           RS |-> 12,
           FU |-> 2 ],
         [ ind |-> 4488,
           addr |-> "0x1058e",
           COM |-> 18,
           IFacq |-> 12,
           IFrel |-> 13,
           IDacq |-> 13,
           IDrel |-> 14,
           FUacq |-> 16,
           FUrel |-> 17,
           ROB |-> 13,
           RS |-> 13,
           FU |-> 1 ],
         [ ind |-> 4489,
           addr |-> "0x10608",
           COM |-> 18,
           IFacq |-> 12,
           IFrel |-> 13,
           IDacq |-> 13,
           IDrel |-> 14,
           FUacq |-> 17,
           FUrel |-> 18,
           ROB |-> 13,
           RS |-> 13,
           FU |-> 1 ],
         [ ind |-> 4490,
           addr |-> "0x1060c",
           COM |-> 19,
           IFacq |-> 13,
           IFrel |-> 14,
           IDacq |-> 14,
           IDrel |-> 15,
           FUacq |-> 18,
           FUrel |-> 19,
           ROB |-> 14,
           RS |-> 14,
           FU |-> 1 ],
         [ ind |-> 4491,
           addr |-> "0x10610",
           COM |-> 19,
           IFacq |-> 13,
           IFrel |-> 14,
           IDacq |-> 14,
           IDrel |-> 15,
           FUacq |-> 15,
           FUrel |-> 16,
           ROB |-> 14,
           RS |-> 14,
           FU |-> 2 ],
         [ ind |-> 4492,
           addr |-> "0x10614",
           COM |-> 20,
           IFacq |-> 14,
           IFrel |-> 15,
           IDacq |-> 15,
           IDrel |-> 16,
           FUacq |-> 19,
           FUrel |-> 20,
           ROB |-> 15,
           RS |-> 15,
           FU |-> 1 ],
         [ ind |-> 4493,
           addr |-> "0x10616",
           COM |-> 21,
           IFacq |-> 14,
           IFrel |-> 15,
           IDacq |-> 15,
           IDrel |-> 16,
           FUacq |-> 20,
           FUrel |-> 21,
           ROB |-> 15,
           RS |-> 15,
           FU |-> 1 ],
         [ ind |-> 4494,
           addr |-> "0x10618",
           COM |-> 21,
           IFacq |-> 15,
           IFrel |-> 16,
           IDacq |-> 16,
           IDrel |-> 17,
           FUacq |-> 17,
           FUrel |-> 18,
           ROB |-> 16,
           RS |-> 16,
           FU |-> 2 ],
         [ ind |-> 4495,
           addr |-> "0x1061a",
           COM |-> 22,
           IFacq |-> 15,
           IFrel |-> 16,
           IDacq |-> 16,
           IDrel |-> 17,
           FUacq |-> 18,
           FUrel |-> 19,
           ROB |-> 16,
           RS |-> 16,
           FU |-> 2 ] >>,
  edges |->
      { [type |-> "D", source |-> 4466, dest |-> 4468],
        [type |-> "D", source |-> 4474, dest |-> 4475],
        [type |-> "D", source |-> 4480, dest |-> 4481],
        [type |-> "D", source |-> 4489, dest |-> 4490] } ]
/\ currCycle2 = 24
/\ _IF2 = << [ instr |->
         [ ind |-> 0,
           type |-> "No_OpClass",
           r0 |-> "",
           r1 |-> "",
           r2 |-> "",
           addr |-> "" ],
     baseLat |-> 1,
     currLat |-> 1 ],
   [ instr |->
         [ ind |-> 0,
           type |-> "No_OpClass",
           r0 |-> "",
           r1 |-> "",
           r2 |-> "",
           addr |-> "" ],
     baseLat |-> 1,
     currLat |-> 1 ] >>
/\ lastBound = 0
/\ graph2 = [ nodes |->
      << [ ind |-> 4466,
           addr |-> "0x10552",
           COM |-> 4,
           IFacq |-> 1,
           IFrel |-> 2,
           IDacq |-> 2,
           IDrel |-> 3,
           FUacq |-> 3,
           FUrel |-> 4,
           ROB |-> 2,
           RS |-> 2,
           FU |-> 1 ],
         [ ind |-> 4467,
           addr |-> "0x10554",
           COM |-> 4,
           IFacq |-> 1,
           IFrel |-> 2,
           IDacq |-> 2,
           IDrel |-> 3,
           FUacq |-> 3,
           FUrel |-> 4,
           ROB |-> 2,
           RS |-> 2,
           FU |-> 2 ],
         [ ind |-> 4468,
           addr |-> "0x10556",
           COM |-> 5,
           IFacq |-> 2,
           IFrel |-> 3,
           IDacq |-> 3,
           IDrel |-> 4,
           FUacq |-> 4,
           FUrel |-> 5,
           ROB |-> 3,
           RS |-> 3,
           FU |-> 1 ],
         [ ind |-> 4469,
           addr |-> "0x10558",
           COM |-> 6,
           IFacq |-> 2,
           IFrel |-> 3,
           IDacq |-> 3,
           IDrel |-> 4,
           FUacq |-> 5,
           FUrel |-> 6,
           ROB |-> 3,
           RS |-> 3,
           FU |-> 1 ],
         [ ind |-> 4470,
           addr |-> "0x1055a",
           COM |-> 6,
           IFacq |-> 3,
           IFrel |-> 4,
           IDacq |-> 4,
           IDrel |-> 5,
           FUacq |-> 5,
           FUrel |-> 6,
           ROB |-> 4,
           RS |-> 4,
           FU |-> 2 ],
         [ ind |-> 4471,
           addr |-> "0x1055e",
           COM |-> 7,
           IFacq |-> 3,
           IFrel |-> 4,
           IDacq |-> 4,
           IDrel |-> 5,
           FUacq |-> 6,
           FUrel |-> 7,
           ROB |-> 4,
           RS |-> 4,
           FU |-> 1 ],
         [ ind |-> 4472,
           addr |-> "0x10562",
           COM |-> 7,
           IFacq |-> 4,
           IFrel |-> 5,
           IDacq |-> 5,
           IDrel |-> 6,
           FUacq |-> 6,
           FUrel |-> 7,
           ROB |-> 5,
           RS |-> 5,
           FU |-> 2 ],
         [ ind |-> 4473,
           addr |-> "0x10566",
           COM |-> 8,
           IFacq |-> 4,
           IFrel |-> 5,
           IDacq |-> 5,
           IDrel |-> 6,
           FUacq |-> 7,
           FUrel |-> 8,
           ROB |-> 5,
           RS |-> 5,
           FU |-> 1 ],
         [ ind |-> 4474,
           addr |-> "0x10688",
           COM |-> 17,
           IFacq |-> 5,
           IFrel |-> 6,
           IDacq |-> 6,
           IDrel |-> 7,
           FUacq |-> 7,
           FUrel |-> 17,
           ROB |-> 6,
           RS |-> 6,
           FU |-> 2 ],
         [ ind |-> 4475,
           addr |-> "0x1068c",
           COM |-> 18,
           IFacq |-> 5,
           IFrel |-> 6,
           IDacq |-> 6,
           IDrel |-> 7,
           FUacq |-> 17,
           FUrel |-> 18,
           ROB |-> 6,
           RS |-> 6,
           FU |-> 1 ],
         [ ind |-> 4476,
           addr |-> "0x10690",
           COM |-> 18,
           IFacq |-> 6,
           IFrel |-> 7,
           IDacq |-> 7,
           IDrel |-> 8,
           FUacq |-> 8,
           FUrel |-> 9,
           ROB |-> 7,
           RS |-> 7,
           FU |-> 1 ],
         [ ind |-> 4477,
           addr |-> "0x10692",
           COM |-> 19,
           IFacq |-> 6,
           IFrel |-> 7,
           IDacq |-> 7,
           IDrel |-> 8,
           FUacq |-> 18,
           FUrel |-> 19,
           ROB |-> 7,
           RS |-> 7,
           FU |-> 1 ],
         [ ind |-> 4478,
           addr |-> "0x10568",
           COM |-> 19,
           IFacq |-> 7,
           IFrel |-> 8,
           IDacq |-> 8,
           IDrel |-> 9,
           FUacq |-> 9,
           FUrel |-> 10,
           ROB |-> 8,
           RS |-> 8,
           FU |-> 1 ],
         [ ind |-> 4479,
           addr |-> "0x1056c",
           COM |-> 20,
           IFacq |-> 7,
           IFrel |-> 8,
           IDacq |-> 8,
           IDrel |-> 9,
           FUacq |-> 17,
           FUrel |-> 18,
           ROB |-> 8,
           RS |-> 8,
           FU |-> 2 ],
         [ ind |-> 4480,
           addr |-> "0x10570",
           COM |-> 20,
           IFacq |-> 8,
           IFrel |-> 9,
           IDacq |-> 9,
           IDrel |-> 10,
           FUacq |-> 10,
           FUrel |-> 11,
           ROB |-> 9,
           RS |-> 9,
           FU |-> 1 ],
         [ ind |-> 4481,
           addr |-> "0x10572",
           COM |-> 21,
           IFacq |-> 8,
           IFrel |-> 9,
           IDacq |-> 9,
           IDrel |-> 10,
           FUacq |-> 19,
           FUrel |-> 20,
           ROB |-> 9,
           RS |-> 9,
           FU |-> 1 ],
         [ ind |-> 4482,
           addr |-> "0x10576",
           COM |-> 21,
           IFacq |-> 9,
           IFrel |-> 10,
           IDacq |-> 10,
           IDrel |-> 11,
           FUacq |-> 11,
           FUrel |-> 12,
           ROB |-> 10,
           RS |-> 10,
           FU |-> 1 ],
         [ ind |-> 4483,
           addr |-> "0x1057a",
           COM |-> 22,
           IFacq |-> 9,
           IFrel |-> 10,
           IDacq |-> 10,
           IDrel |-> 11,
           FUacq |-> 18,
           FUrel |-> 19,
           ROB |-> 10,
           RS |-> 10,
           FU |-> 2 ],
         [ ind |-> 4484,
           addr |-> "0x1057e",
           COM |-> 22,
           IFacq |-> 10,
           IFrel |-> 11,
           IDacq |-> 11,
           IDrel |-> 12,
           FUacq |-> 19,
           FUrel |-> 20,
           ROB |-> 11,
           RS |-> 11,
           FU |-> 2 ],
         [ ind |-> 4485,
           addr |-> "0x10582",
           COM |-> 23,
           IFacq |-> 10,
           IFrel |-> 11,
           IDacq |-> 11,
           IDrel |-> 12,
           FUacq |-> 20,
           FUrel |-> 21,
           ROB |-> 11,
           RS |-> 11,
           FU |-> 2 ],
         [ ind |-> 4486,
           addr |-> "0x10586",
           COM |-> 23,
           IFacq |-> 11,
           IFrel |-> 12,
           IDacq |-> 12,
           IDrel |-> 20,
           FUacq |-> 20,
           FUrel |-> 21,
           ROB |-> 19,
           RS |-> 19,
           FU |-> 1 ],
         [ ind |-> 4487,
           addr |-> "0x1058a",
           COM |-> 0,
           IFacq |-> 11,
           IFrel |-> 12,
           IDacq |-> 12,
           IDrel |-> 20,
           FUacq |-> 21,
           FUrel |-> 22,
           ROB |-> 19,
           RS |-> 19,
           FU |-> 2 ],
         [ ind |-> 4488,
           addr |-> "0x1058e",
           COM |-> 0,
           IFacq |-> 12,
           IFrel |-> 13,
           IDacq |-> 20,
           IDrel |-> 21,
           FUacq |-> 21,
           FUrel |-> 22,
           ROB |-> 20,
           RS |-> 20,
           FU |-> 1 ],
         [ ind |-> 4489,
           addr |-> "0x10608",
           COM |-> 0,
           IFacq |-> 12,
           IFrel |-> 13,
           IDacq |-> 20,
           IDrel |-> 21,
           FUacq |-> 22,
           FUrel |-> 23,
           ROB |-> 20,
           RS |-> 20,
           FU |-> 1 ],
         [ ind |-> 4490,
           addr |-> "0x1060c",
           COM |-> 0,
           IFacq |-> 20,
           IFrel |-> 21,
           IDacq |-> 21,
           IDrel |-> 22,
           FUacq |-> 23,
           FUrel |-> 24,
           ROB |-> 21,
           RS |-> 21,
           FU |-> 1 ],
         [ ind |-> 4491,
           addr |-> "0x10610",
           COM |-> 0,
           IFacq |-> 20,
           IFrel |-> 21,
           IDacq |-> 21,
           IDrel |-> 22,
           FUacq |-> 22,
           FUrel |-> 23,
           ROB |-> 21,
           RS |-> 21,
           FU |-> 2 ],
         [ ind |-> 4492,
           addr |-> "0x10614",
           COM |-> 0,
           IFacq |-> 21,
           IFrel |-> 22,
           IDacq |-> 22,
           IDrel |-> 23,
           FUacq |-> 0,
           FUrel |-> 0,
           ROB |-> 22,
           RS |-> 22,
           FU |-> 0 ],
         [ ind |-> 4493,
           addr |-> "0x10616",
           COM |-> 0,
           IFacq |-> 21,
           IFrel |-> 22,
           IDacq |-> 22,
           IDrel |-> 23,
           FUacq |-> 0,
           FUrel |-> 0,
           ROB |-> 22,
           RS |-> 22,
           FU |-> 0 ],
         [ ind |-> 4494,
           addr |-> "0x10618",
           COM |-> 0,
           IFacq |-> 22,
           IFrel |-> 23,
           IDacq |-> 23,
           IDrel |-> 24,
           FUacq |-> 0,
           FUrel |-> 0,
           ROB |-> 23,
           RS |-> 23,
           FU |-> 0 ],
         [ ind |-> 4495,
           addr |-> "0x1061a",
           COM |-> 0,
           IFacq |-> 22,
           IFrel |-> 23,
           IDacq |-> 23,
           IDrel |-> 24,
           FUacq |-> 0,
           FUrel |-> 0,
           ROB |-> 23,
           RS |-> 23,
           FU |-> 0 ] >>,
  edges |->
      { [type |-> "D", source |-> 4466, dest |-> 4468],
        [type |-> "D", source |-> 4474, dest |-> 4475],
        [type |-> "D", source |-> 4475, dest |-> 4477],
        [type |-> "D", source |-> 4477, dest |-> 4481],
        [type |-> "D", source |-> 4478, dest |-> 4481],
        [type |-> "D", source |-> 4479, dest |-> 4481],
        [type |-> "D", source |-> 4480, dest |-> 4481],
        [type |-> "D", source |-> 4485, dest |-> 4490],
        [type |-> "D", source |-> 4486, dest |-> 4490],
        [type |-> "D", source |-> 4489, dest |-> 4490] } ]
/\ pc2 = 30
/\ robHead = 31
/\ rob = << [ instr |->
         [ ind |-> 4466,
           type |-> "IntAlu",
           r0 |-> "sp",
           r1 |-> "",
           r2 |-> "",
           addr |-> "0x10552" ],
     done |-> TRUE,
     executed |-> TRUE ],
   [ instr |->
         [ ind |-> 4467,
           type |-> "MemWrite",
           r0 |-> "s0",
           r1 |-> "",
           r2 |-> "",
           addr |-> "0x10554" ],
     done |-> TRUE,
     executed |-> TRUE ],
   [ instr |->
         [ ind |-> 4468,
           type |-> "IntAlu",
           r0 |-> "s0",
           r1 |-> "sp",
           r2 |-> "",
           addr |-> "0x10556" ],
     done |-> TRUE,
     executed |-> TRUE ],
   [ instr |->
         [ ind |-> 4469,
           type |-> "IntAlu",
           r0 |-> "a5",
           r1 |-> "",
           r2 |-> "",
           addr |-> "0x10558" ],
     done |-> TRUE,
     executed |-> TRUE ],
   [ instr |->
         [ ind |-> 4470,
           type |-> "MemWrite",
           r0 |-> "a5",
           r1 |-> "",
           r2 |-> "",
           addr |-> "0x1055a" ],
     done |-> TRUE,
     executed |-> TRUE ],
   [ instr |->
         [ ind |-> 4471,
           type |-> "IntAlu",
           r0 |-> "a5",
           r1 |-> "",
           r2 |-> "",
           addr |-> "0x1055e" ],
     done |-> TRUE,
     executed |-> TRUE ],
   [ instr |->
         [ ind |-> 4472,
           type |-> "MemWrite",
           r0 |-> "zero",
           r1 |-> "",
           r2 |-> "",
           addr |-> "0x10562" ],
     done |-> TRUE,
     executed |-> TRUE ],
   [ instr |->
         [ ind |-> 4473,
           type |-> "IntAlu",
           r0 |-> "",
           r1 |-> "",
           r2 |-> "",
           addr |-> "0x10566" ],
     done |-> TRUE,
     executed |-> TRUE ],
   [ instr |->
         [ ind |-> 4474,
           type |-> "MemRead",
           r0 |-> "a5",
           r1 |-> "",
           r2 |-> "",
           addr |-> "0x10688" ],
     done |-> TRUE,
     executed |-> TRUE ],
   [ instr |->
         [ ind |-> 4475,
           type |-> "IntAlu",
           r0 |-> "a4",
           r1 |-> "a5",
           r2 |-> "",
           addr |-> "0x1068c" ],
     done |-> TRUE,
     executed |-> TRUE ],
   [ instr |->
         [ ind |-> 4476,
           type |-> "IntAlu",
           r0 |-> "a5",
           r1 |-> "",
           r2 |-> "",
           addr |-> "0x10690" ],
     done |-> TRUE,
     executed |-> TRUE ],
   [ instr |->
         [ ind |-> 4477,
           type |-> "IntAlu",
           r0 |-> "a5",
           r1 |-> "a4",
           r2 |-> "",
           addr |-> "0x10692" ],
     done |-> TRUE,
     executed |-> TRUE ],
   [ instr |->
         [ ind |-> 4478,
           type |-> "IntAlu",
           r0 |-> "a5",
           r1 |-> "",
           r2 |-> "",
           addr |-> "0x10568" ],
     done |-> TRUE,
     executed |-> TRUE ],
   [ instr |->
         [ ind |-> 4479,
           type |-> "MemRead",
           r0 |-> "a5",
           r1 |-> "",
           r2 |-> "",
           addr |-> "0x1056c" ],
     done |-> TRUE,
     executed |-> TRUE ],
   [ instr |->
         [ ind |-> 4480,
           type |-> "IntAlu",
           r0 |-> "a5",
           r1 |-> "",
           r2 |-> "",
           addr |-> "0x10570" ],
     done |-> TRUE,
     executed |-> TRUE ],
   [ instr |->
         [ ind |-> 4481,
           type |-> "IntAlu",
           r0 |-> "a4",
           r1 |-> "a5",
           r2 |-> "",
           addr |-> "0x10572" ],
     done |-> TRUE,
     executed |-> TRUE ],
   [ instr |->
         [ ind |-> 4482,
           type |-> "IntAlu",
           r0 |-> "a5",
           r1 |-> "",
           r2 |-> "",
           addr |-> "0x10576" ],
     done |-> TRUE,
     executed |-> TRUE ],
   [ instr |->
         [ ind |-> 4483,
           type |-> "MemWrite",
           r0 |-> "a4",
           r1 |-> "",
           r2 |-> "",
           addr |-> "0x1057a" ],
     done |-> TRUE,
     executed |-> TRUE ],
   [ instr |->
         [ ind |-> 4484,
           type |-> "MemRead",
           r0 |-> "a5",
           r1 |-> "",
           r2 |-> "",
           addr |-> "0x1057e" ],
     done |-> TRUE,
     executed |-> TRUE ],
   [ instr |->
         [ ind |-> 4485,
           type |-> "MemWrite",
           r0 |-> "a5",
           r1 |-> "",
           r2 |-> "",
           addr |-> "0x10582" ],
     done |-> TRUE,
     executed |-> TRUE ],
   [ instr |->
         [ ind |-> 4486,
           type |-> "IntAlu",
           r0 |-> "a5",
           r1 |-> "",
           r2 |-> "",
           addr |-> "0x10586" ],
     done |-> TRUE,
     executed |-> TRUE ],
   [ instr |->
         [ ind |-> 4487,
           type |-> "MemWrite",
           r0 |-> "zero",
           r1 |-> "",
           r2 |-> "",
           addr |-> "0x1058a" ],
     done |-> TRUE,
     executed |-> TRUE ],
   [ instr |->
         [ ind |-> 4488,
           type |-> "IntAlu",
           r0 |-> "",
           r1 |-> "",
           r2 |-> "",
           addr |-> "0x1058e" ],
     done |-> TRUE,
     executed |-> TRUE ],
   [ instr |->
         [ ind |-> 4489,
           type |-> "IntAlu",
           r0 |-> "a5",
           r1 |-> "",
           r2 |-> "",
           addr |-> "0x10608" ],
     done |-> TRUE,
     executed |-> TRUE ],
   [ instr |->
         [ ind |-> 4490,
           type |-> "IntAlu",
           r0 |-> "a4",
           r1 |-> "a5",
           r2 |-> "",
           addr |-> "0x1060c" ],
     done |-> TRUE,
     executed |-> TRUE ],
   [ instr |->
         [ ind |-> 4491,
           type |-> "MemRead",
           r0 |-> "a5",
           r1 |-> "",
           r2 |-> "",
           addr |-> "0x10610" ],
     done |-> TRUE,
     executed |-> TRUE ],
   [ instr |->
         [ ind |-> 4492,
           type |-> "IntAlu",
           r0 |-> "a5",
           r1 |-> "",
           r2 |-> "",
           addr |-> "0x10614" ],
     done |-> TRUE,
     executed |-> TRUE ],
   [ instr |->
         [ ind |-> 4493,
           type |-> "IntAlu",
           r0 |-> "a5",
           r1 |-> "a4",
           r2 |-> "",
           addr |-> "0x10616" ],
     done |-> TRUE,
     executed |-> TRUE ],
   [ instr |->
         [ ind |-> 4494,
           type |-> "MemRead",
           r0 |-> "a3",
           r1 |-> "",
           r2 |-> "",
           addr |-> "0x10618" ],
     done |-> TRUE,
     executed |-> TRUE ],
   [ instr |->
         [ ind |-> 4495,
           type |-> "MemRead",
           r0 |-> "a5",
           r1 |-> "",
           r2 |-> "",
           addr |-> "0x1061a" ],
     done |-> TRUE,
     executed |-> TRUE ] >>
/\ _RS = <<{}, {}, {}, {}>>
/\ currCycle = 23
/\ exec_inst = 1
/\ robHead2 = 22
/\ pc = 30
/\ rob2 = << [ instr |->
         [ ind |-> 4466,
           type |-> "IntAlu",
           r0 |-> "sp",
           r1 |-> "",
           r2 |-> "",
           addr |-> "0x10552" ],
     done |-> TRUE,
     executed |-> TRUE ],
   [ instr |->
         [ ind |-> 4467,
           type |-> "MemWrite",
           r0 |-> "s0",
           r1 |-> "",
           r2 |-> "",
           addr |-> "0x10554" ],
     done |-> TRUE,
     executed |-> TRUE ],
   [ instr |->
         [ ind |-> 4468,
           type |-> "IntAlu",
           r0 |-> "s0",
           r1 |-> "sp",
           r2 |-> "",
           addr |-> "0x10556" ],
     done |-> TRUE,
     executed |-> TRUE ],
   [ instr |->
         [ ind |-> 4469,
           type |-> "IntAlu",
           r0 |-> "a5",
           r1 |-> "",
           r2 |-> "",
           addr |-> "0x10558" ],
     done |-> TRUE,
     executed |-> TRUE ],
   [ instr |->
         [ ind |-> 4470,
           type |-> "MemWrite",
           r0 |-> "a5",
           r1 |-> "",
           r2 |-> "",
           addr |-> "0x1055a" ],
     done |-> TRUE,
     executed |-> TRUE ],
   [ instr |->
         [ ind |-> 4471,
           type |-> "IntAlu",
           r0 |-> "a5",
           r1 |-> "",
           r2 |-> "",
           addr |-> "0x1055e" ],
     done |-> TRUE,
     executed |-> TRUE ],
   [ instr |->
         [ ind |-> 4472,
           type |-> "MemWrite",
           r0 |-> "zero",
           r1 |-> "",
           r2 |-> "",
           addr |-> "0x10562" ],
     done |-> TRUE,
     executed |-> TRUE ],
   [ instr |->
         [ ind |-> 4473,
           type |-> "IntAlu",
           r0 |-> "",
           r1 |-> "",
           r2 |-> "",
           addr |-> "0x10566" ],
     done |-> TRUE,
     executed |-> TRUE ],
   [ instr |->
         [ ind |-> 4474,
           type |-> "MemRead",
           r0 |-> "a5",
           r1 |-> "",
           r2 |-> "",
           addr |-> "0x10688" ],
     done |-> TRUE,
     executed |-> TRUE ],
   [ instr |->
         [ ind |-> 4475,
           type |-> "IntAlu",
           r0 |-> "a4",
           r1 |-> "a5",
           r2 |-> "",
           addr |-> "0x1068c" ],
     done |-> TRUE,
     executed |-> TRUE ],
   [ instr |->
         [ ind |-> 4476,
           type |-> "IntAlu",
           r0 |-> "a5",
           r1 |-> "",
           r2 |-> "",
           addr |-> "0x10690" ],
     done |-> TRUE,
     executed |-> TRUE ],
   [ instr |->
         [ ind |-> 4477,
           type |-> "IntAlu",
           r0 |-> "a5",
           r1 |-> "a4",
           r2 |-> "",
           addr |-> "0x10692" ],
     done |-> TRUE,
     executed |-> TRUE ],
   [ instr |->
         [ ind |-> 4478,
           type |-> "IntAlu",
           r0 |-> "a5",
           r1 |-> "",
           r2 |-> "",
           addr |-> "0x10568" ],
     done |-> TRUE,
     executed |-> TRUE ],
   [ instr |->
         [ ind |-> 4479,
           type |-> "MemRead",
           r0 |-> "a5",
           r1 |-> "",
           r2 |-> "",
           addr |-> "0x1056c" ],
     done |-> TRUE,
     executed |-> TRUE ],
   [ instr |->
         [ ind |-> 4480,
           type |-> "IntAlu",
           r0 |-> "a5",
           r1 |-> "",
           r2 |-> "",
           addr |-> "0x10570" ],
     done |-> TRUE,
     executed |-> TRUE ],
   [ instr |->
         [ ind |-> 4481,
           type |-> "IntAlu",
           r0 |-> "a4",
           r1 |-> "a5",
           r2 |-> "",
           addr |-> "0x10572" ],
     done |-> TRUE,
     executed |-> TRUE ],
   [ instr |->
         [ ind |-> 4482,
           type |-> "IntAlu",
           r0 |-> "a5",
           r1 |-> "",
           r2 |-> "",
           addr |-> "0x10576" ],
     done |-> TRUE,
     executed |-> TRUE ],
   [ instr |->
         [ ind |-> 4483,
           type |-> "MemWrite",
           r0 |-> "a4",
           r1 |-> "",
           r2 |-> "",
           addr |-> "0x1057a" ],
     done |-> TRUE,
     executed |-> TRUE ],
   [ instr |->
         [ ind |-> 4484,
           type |-> "MemRead",
           r0 |-> "a5",
           r1 |-> "",
           r2 |-> "",
           addr |-> "0x1057e" ],
     done |-> TRUE,
     executed |-> TRUE ],
   [ instr |->
         [ ind |-> 4485,
           type |-> "MemWrite",
           r0 |-> "a5",
           r1 |-> "",
           r2 |-> "",
           addr |-> "0x10582" ],
     done |-> TRUE,
     executed |-> TRUE ],
   [ instr |->
         [ ind |-> 4486,
           type |-> "IntAlu",
           r0 |-> "a5",
           r1 |-> "",
           r2 |-> "",
           addr |-> "0x10586" ],
     done |-> TRUE,
     executed |-> TRUE ],
   [ instr |->
         [ ind |-> 4487,
           type |-> "MemWrite",
           r0 |-> "zero",
           r1 |-> "",
           r2 |-> "",
           addr |-> "0x1058a" ],
     done |-> FALSE,
     executed |-> TRUE ],
   [ instr |->
         [ ind |-> 4488,
           type |-> "IntAlu",
           r0 |-> "",
           r1 |-> "",
           r2 |-> "",
           addr |-> "0x1058e" ],
     done |-> FALSE,
     executed |-> TRUE ],
   [ instr |->
         [ ind |-> 4489,
           type |-> "IntAlu",
           r0 |-> "a5",
           r1 |-> "",
           r2 |-> "",
           addr |-> "0x10608" ],
     done |-> FALSE,
     executed |-> TRUE ],
   [ instr |->
         [ ind |-> 4490,
           type |-> "IntAlu",
           r0 |-> "a4",
           r1 |-> "a5",
           r2 |-> "",
           addr |-> "0x1060c" ],
     done |-> FALSE,
     executed |-> TRUE ],
   [ instr |->
         [ ind |-> 4491,
           type |-> "MemRead",
           r0 |-> "a5",
           r1 |-> "",
           r2 |-> "",
           addr |-> "0x10610" ],
     done |-> FALSE,
     executed |-> TRUE ],
   [ instr |->
         [ ind |-> 4492,
           type |-> "IntAlu",
           r0 |-> "a5",
           r1 |-> "",
           r2 |-> "",
           addr |-> "0x10614" ],
     done |-> FALSE,
     executed |-> FALSE ],
   [ instr |->
         [ ind |-> 4493,
           type |-> "IntAlu",
           r0 |-> "a5",
           r1 |-> "a4",
           r2 |-> "",
           addr |-> "0x10616" ],
     done |-> FALSE,
     executed |-> FALSE ],
   [ instr |->
         [ ind |-> 4494,
           type |-> "MemRead",
           r0 |-> "a3",
           r1 |-> "",
           r2 |-> "",
           addr |-> "0x10618" ],
     done |-> FALSE,
     executed |-> FALSE ],
   [ instr |->
         [ ind |-> 4495,
           type |-> "MemRead",
           r0 |-> "a5",
           r1 |-> "",
           r2 |-> "",
           addr |-> "0x1061a" ],
     done |-> FALSE,
     executed |-> FALSE ] >>
/\ _FU = << [ instr |->
         [ ind |-> 0,
           type |-> "No_OpClass",
           r0 |-> "",
           r1 |-> "",
           r2 |-> "",
           addr |-> "" ],
     baseLat |-> 1,
     currLat |-> 1 ],
   [ instr |->
         [ ind |-> 0,
           type |-> "No_OpClass",
           r0 |-> "",
           r1 |-> "",
           r2 |-> "",
           addr |-> "" ],
     baseLat |-> 1,
     currLat |-> 1 ],
   [ instr |->
         [ ind |-> 0,
           type |-> "No_OpClass",
           r0 |-> "",
           r1 |-> "",
           r2 |-> "",
           addr |-> "" ],
     baseLat |-> 1,
     currLat |-> 1 ],
   [ instr |->
         [ ind |-> 0,
           type |-> "No_OpClass",
           r0 |-> "",
           r1 |-> "",
           r2 |-> "",
           addr |-> "" ],
     baseLat |-> 1,
     currLat |-> 1 ] >>

@!@!@ENDMSG 2217 @!@!@
@!@!@STARTMSG 2217:4 @!@!@
26: <Next line 63, col 9 to line 67, col 64 of module pipeline_ooo>
/\ _RS2 = <<{}, {}, {}, {}>>
/\ _COM2 = << [ ind |-> 4489,
     type |-> "IntAlu",
     r0 |-> "a5",
     r1 |-> "",
     r2 |-> "",
     addr |-> "0x10608" ],
   [ ind |-> 4490,
     type |-> "IntAlu",
     r0 |-> "a4",
     r1 |-> "a5",
     r2 |-> "",
     addr |-> "0x1060c" ] >>
/\ _ID = << [ ind |-> 0,
     type |-> "No_OpClass",
     r0 |-> "",
     r1 |-> "",
     r2 |-> "",
     addr |-> "" ],
   [ ind |-> 0,
     type |-> "No_OpClass",
     r0 |-> "",
     r1 |-> "",
     r2 |-> "",
     addr |-> "" ] >>
/\ _IF = << [ instr |->
         [ ind |-> 0,
           type |-> "No_OpClass",
           r0 |-> "",
           r1 |-> "",
           r2 |-> "",
           addr |-> "" ],
     baseLat |-> 1,
     currLat |-> 1 ],
   [ instr |->
         [ ind |-> 0,
           type |-> "No_OpClass",
           r0 |-> "",
           r1 |-> "",
           r2 |-> "",
           addr |-> "" ],
     baseLat |-> 1,
     currLat |-> 1 ] >>
/\ _FU2 = << [ instr |->
         [ ind |-> 4493,
           type |-> "IntAlu",
           r0 |-> "a5",
           r1 |-> "a4",
           r2 |-> "",
           addr |-> "0x10616" ],
     baseLat |-> 1,
     currLat |-> 1 ],
   [ instr |->
         [ ind |-> 4495,
           type |-> "MemRead",
           r0 |-> "a5",
           r1 |-> "",
           r2 |-> "",
           addr |-> "0x1061a" ],
     baseLat |-> 1,
     currLat |-> 1 ],
   [ instr |->
         [ ind |-> 0,
           type |-> "No_OpClass",
           r0 |-> "",
           r1 |-> "",
           r2 |-> "",
           addr |-> "" ],
     baseLat |-> 1,
     currLat |-> 1 ],
   [ instr |->
         [ ind |-> 0,
           type |-> "No_OpClass",
           r0 |-> "",
           r1 |-> "",
           r2 |-> "",
           addr |-> "" ],
     baseLat |-> 1,
     currLat |-> 1 ] >>
/\ _COM = << [ ind |-> 0,
     type |-> "No_OpClass",
     r0 |-> "",
     r1 |-> "",
     r2 |-> "",
     addr |-> "" ],
   [ ind |-> 0,
     type |-> "No_OpClass",
     r0 |-> "",
     r1 |-> "",
     r2 |-> "",
     addr |-> "" ] >>
/\ exec_inst2 = 2
/\ _ID2 = << [ ind |-> 0,
     type |-> "No_OpClass",
     r0 |-> "",
     r1 |-> "",
     r2 |-> "",
     addr |-> "" ],
   [ ind |-> 0,
     type |-> "No_OpClass",
     r0 |-> "",
     r1 |-> "",
     r2 |-> "",
     addr |-> "" ] >>
/\ graph = [ nodes |->
      << [ ind |-> 4466,
           addr |-> "0x10552",
           COM |-> 4,
           IFacq |-> 1,
           IFrel |-> 2,
           IDacq |-> 2,
           IDrel |-> 3,
           FUacq |-> 3,
           FUrel |-> 4,
           ROB |-> 2,
           RS |-> 2,
           FU |-> 1 ],
         [ ind |-> 4467,
           addr |-> "0x10554",
           COM |-> 4,
           IFacq |-> 1,
           IFrel |-> 2,
           IDacq |-> 2,
           IDrel |-> 3,
           FUacq |-> 3,
           FUrel |-> 4,
           ROB |-> 2,
           RS |-> 2,
           FU |-> 2 ],
         [ ind |-> 4468,
           addr |-> "0x10556",
           COM |-> 5,
           IFacq |-> 2,
           IFrel |-> 3,
           IDacq |-> 3,
           IDrel |-> 4,
           FUacq |-> 4,
           FUrel |-> 5,
           ROB |-> 3,
           RS |-> 3,
           FU |-> 1 ],
         [ ind |-> 4469,
           addr |-> "0x10558",
           COM |-> 6,
           IFacq |-> 2,
           IFrel |-> 3,
           IDacq |-> 3,
           IDrel |-> 4,
           FUacq |-> 5,
           FUrel |-> 6,
           ROB |-> 3,
           RS |-> 3,
           FU |-> 1 ],
         [ ind |-> 4470,
           addr |-> "0x1055a",
           COM |-> 6,
           IFacq |-> 3,
           IFrel |-> 4,
           IDacq |-> 4,
           IDrel |-> 5,
           FUacq |-> 5,
           FUrel |-> 6,
           ROB |-> 4,
           RS |-> 4,
           FU |-> 2 ],
         [ ind |-> 4471,
           addr |-> "0x1055e",
           COM |-> 7,
           IFacq |-> 3,
           IFrel |-> 4,
           IDacq |-> 4,
           IDrel |-> 5,
           FUacq |-> 6,
           FUrel |-> 7,
           ROB |-> 4,
           RS |-> 4,
           FU |-> 1 ],
         [ ind |-> 4472,
           addr |-> "0x10562",
           COM |-> 7,
           IFacq |-> 4,
           IFrel |-> 5,
           IDacq |-> 5,
           IDrel |-> 6,
           FUacq |-> 6,
           FUrel |-> 7,
           ROB |-> 5,
           RS |-> 5,
           FU |-> 2 ],
         [ ind |-> 4473,
           addr |-> "0x10566",
           COM |-> 8,
           IFacq |-> 4,
           IFrel |-> 5,
           IDacq |-> 5,
           IDrel |-> 6,
           FUacq |-> 7,
           FUrel |-> 8,
           ROB |-> 5,
           RS |-> 5,
           FU |-> 1 ],
         [ ind |-> 4474,
           addr |-> "0x10688",
           COM |-> 8,
           IFacq |-> 5,
           IFrel |-> 6,
           IDacq |-> 6,
           IDrel |-> 7,
           FUacq |-> 7,
           FUrel |-> 8,
           ROB |-> 6,
           RS |-> 6,
           FU |-> 2 ],
         [ ind |-> 4475,
           addr |-> "0x1068c",
           COM |-> 9,
           IFacq |-> 5,
           IFrel |-> 6,
           IDacq |-> 6,
           IDrel |-> 7,
           FUacq |-> 8,
           FUrel |-> 9,
           ROB |-> 6,
           RS |-> 6,
           FU |-> 1 ],
         [ ind |-> 4476,
           addr |-> "0x10690",
           COM |-> 10,
           IFacq |-> 6,
           IFrel |-> 7,
           IDacq |-> 7,
           IDrel |-> 8,
           FUacq |-> 9,
           FUrel |-> 10,
           ROB |-> 7,
           RS |-> 7,
           FU |-> 1 ],
         [ ind |-> 4477,
           addr |-> "0x10692",
           COM |-> 11,
           IFacq |-> 6,
           IFrel |-> 7,
           IDacq |-> 7,
           IDrel |-> 8,
           FUacq |-> 10,
           FUrel |-> 11,
           ROB |-> 7,
           RS |-> 7,
           FU |-> 1 ],
         [ ind |-> 4478,
           addr |-> "0x10568",
           COM |-> 12,
           IFacq |-> 7,
           IFrel |-> 8,
           IDacq |-> 8,
           IDrel |-> 9,
           FUacq |-> 11,
           FUrel |-> 12,
           ROB |-> 8,
           RS |-> 8,
           FU |-> 1 ],
         [ ind |-> 4479,
           addr |-> "0x1056c",
           COM |-> 12,
           IFacq |-> 7,
           IFrel |-> 8,
           IDacq |-> 8,
           IDrel |-> 9,
           FUacq |-> 9,
           FUrel |-> 10,
           ROB |-> 8,
           RS |-> 8,
           FU |-> 2 ],
         [ ind |-> 4480,
           addr |-> "0x10570",
           COM |-> 13,
           IFacq |-> 8,
           IFrel |-> 9,
           IDacq |-> 9,
           IDrel |-> 10,
           FUacq |-> 12,
           FUrel |-> 13,
           ROB |-> 9,
           RS |-> 9,
           FU |-> 1 ],
         [ ind |-> 4481,
           addr |-> "0x10572",
           COM |-> 14,
           IFacq |-> 8,
           IFrel |-> 9,
           IDacq |-> 9,
           IDrel |-> 10,
           FUacq |-> 13,
           FUrel |-> 14,
           ROB |-> 9,
           RS |-> 9,
           FU |-> 1 ],
         [ ind |-> 4482,
           addr |-> "0x10576",
           COM |-> 15,
           IFacq |-> 9,
           IFrel |-> 10,
           IDacq |-> 10,
           IDrel |-> 11,
           FUacq |-> 14,
           FUrel |-> 15,
           ROB |-> 10,
           RS |-> 10,
           FU |-> 1 ],
         [ ind |-> 4483,
           addr |-> "0x1057a",
           COM |-> 15,
           IFacq |-> 9,
           IFrel |-> 10,
           IDacq |-> 10,
           IDrel |-> 11,
           FUacq |-> 11,
           FUrel |-> 12,
           ROB |-> 10,
           RS |-> 10,
           FU |-> 2 ],
         [ ind |-> 4484,
           addr |-> "0x1057e",
           COM |-> 16,
           IFacq |-> 10,
           IFrel |-> 11,
           IDacq |-> 11,
           IDrel |-> 12,
           FUacq |-> 12,
           FUrel |-> 13,
           ROB |-> 11,
           RS |-> 11,
           FU |-> 2 ],
         [ ind |-> 4485,
           addr |-> "0x10582",
           COM |-> 16,
           IFacq |-> 10,
           IFrel |-> 11,
           IDacq |-> 11,
           IDrel |-> 12,
           FUacq |-> 13,
           FUrel |-> 14,
           ROB |-> 11,
           RS |-> 11,
           FU |-> 2 ],
         [ ind |-> 4486,
           addr |-> "0x10586",
           COM |-> 17,
           IFacq |-> 11,
           IFrel |-> 12,
           IDacq |-> 12,
           IDrel |-> 13,
           FUacq |-> 15,
           FUrel |-> 16,
           ROB |-> 12,
           RS |-> 12,
           FU |-> 1 ],
         [ ind |-> 4487,
           addr |-> "0x1058a",
           COM |-> 17,
           IFacq |-> 11,
           IFrel |-> 12,
           IDacq |-> 12,
           IDrel |-> 13,
           FUacq |-> 14,
           FUrel |-> 15,
           ROB |-> 12,
           RS |-> 12,
           FU |-> 2 ],
         [ ind |-> 4488,
           addr |-> "0x1058e",
           COM |-> 18,
           IFacq |-> 12,
           IFrel |-> 13,
           IDacq |-> 13,
           IDrel |-> 14,
           FUacq |-> 16,
           FUrel |-> 17,
           ROB |-> 13,
           RS |-> 13,
           FU |-> 1 ],
         [ ind |-> 4489,
           addr |-> "0x10608",
           COM |-> 18,
           IFacq |-> 12,
           IFrel |-> 13,
           IDacq |-> 13,
           IDrel |-> 14,
           FUacq |-> 17,
           FUrel |-> 18,
           ROB |-> 13,
           RS |-> 13,
           FU |-> 1 ],
         [ ind |-> 4490,
           addr |-> "0x1060c",
           COM |-> 19,
           IFacq |-> 13,
           IFrel |-> 14,
           IDacq |-> 14,
           IDrel |-> 15,
           FUacq |-> 18,
           FUrel |-> 19,
           ROB |-> 14,
           RS |-> 14,
           FU |-> 1 ],
         [ ind |-> 4491,
           addr |-> "0x10610",
           COM |-> 19,
           IFacq |-> 13,
           IFrel |-> 14,
           IDacq |-> 14,
           IDrel |-> 15,
           FUacq |-> 15,
           FUrel |-> 16,
           ROB |-> 14,
           RS |-> 14,
           FU |-> 2 ],
         [ ind |-> 4492,
           addr |-> "0x10614",
           COM |-> 20,
           IFacq |-> 14,
           IFrel |-> 15,
           IDacq |-> 15,
           IDrel |-> 16,
           FUacq |-> 19,
           FUrel |-> 20,
           ROB |-> 15,
           RS |-> 15,
           FU |-> 1 ],
         [ ind |-> 4493,
           addr |-> "0x10616",
           COM |-> 21,
           IFacq |-> 14,
           IFrel |-> 15,
           IDacq |-> 15,
           IDrel |-> 16,
           FUacq |-> 20,
           FUrel |-> 21,
           ROB |-> 15,
           RS |-> 15,
           FU |-> 1 ],
         [ ind |-> 4494,
           addr |-> "0x10618",
           COM |-> 21,
           IFacq |-> 15,
           IFrel |-> 16,
           IDacq |-> 16,
           IDrel |-> 17,
           FUacq |-> 17,
           FUrel |-> 18,
           ROB |-> 16,
           RS |-> 16,
           FU |-> 2 ],
         [ ind |-> 4495,
           addr |-> "0x1061a",
           COM |-> 22,
           IFacq |-> 15,
           IFrel |-> 16,
           IDacq |-> 16,
           IDrel |-> 17,
           FUacq |-> 18,
           FUrel |-> 19,
           ROB |-> 16,
           RS |-> 16,
           FU |-> 2 ] >>,
  edges |->
      { [type |-> "D", source |-> 4466, dest |-> 4468],
        [type |-> "D", source |-> 4474, dest |-> 4475],
        [type |-> "D", source |-> 4480, dest |-> 4481],
        [type |-> "D", source |-> 4489, dest |-> 4490] } ]
/\ currCycle2 = 25
/\ _IF2 = << [ instr |->
         [ ind |-> 0,
           type |-> "No_OpClass",
           r0 |-> "",
           r1 |-> "",
           r2 |-> "",
           addr |-> "" ],
     baseLat |-> 1,
     currLat |-> 1 ],
   [ instr |->
         [ ind |-> 0,
           type |-> "No_OpClass",
           r0 |-> "",
           r1 |-> "",
           r2 |-> "",
           addr |-> "" ],
     baseLat |-> 1,
     currLat |-> 1 ] >>
/\ lastBound = 0
/\ graph2 = [ nodes |->
      << [ ind |-> 4466,
           addr |-> "0x10552",
           COM |-> 4,
           IFacq |-> 1,
           IFrel |-> 2,
           IDacq |-> 2,
           IDrel |-> 3,
           FUacq |-> 3,
           FUrel |-> 4,
           ROB |-> 2,
           RS |-> 2,
           FU |-> 1 ],
         [ ind |-> 4467,
           addr |-> "0x10554",
           COM |-> 4,
           IFacq |-> 1,
           IFrel |-> 2,
           IDacq |-> 2,
           IDrel |-> 3,
           FUacq |-> 3,
           FUrel |-> 4,
           ROB |-> 2,
           RS |-> 2,
           FU |-> 2 ],
         [ ind |-> 4468,
           addr |-> "0x10556",
           COM |-> 5,
           IFacq |-> 2,
           IFrel |-> 3,
           IDacq |-> 3,
           IDrel |-> 4,
           FUacq |-> 4,
           FUrel |-> 5,
           ROB |-> 3,
           RS |-> 3,
           FU |-> 1 ],
         [ ind |-> 4469,
           addr |-> "0x10558",
           COM |-> 6,
           IFacq |-> 2,
           IFrel |-> 3,
           IDacq |-> 3,
           IDrel |-> 4,
           FUacq |-> 5,
           FUrel |-> 6,
           ROB |-> 3,
           RS |-> 3,
           FU |-> 1 ],
         [ ind |-> 4470,
           addr |-> "0x1055a",
           COM |-> 6,
           IFacq |-> 3,
           IFrel |-> 4,
           IDacq |-> 4,
           IDrel |-> 5,
           FUacq |-> 5,
           FUrel |-> 6,
           ROB |-> 4,
           RS |-> 4,
           FU |-> 2 ],
         [ ind |-> 4471,
           addr |-> "0x1055e",
           COM |-> 7,
           IFacq |-> 3,
           IFrel |-> 4,
           IDacq |-> 4,
           IDrel |-> 5,
           FUacq |-> 6,
           FUrel |-> 7,
           ROB |-> 4,
           RS |-> 4,
           FU |-> 1 ],
         [ ind |-> 4472,
           addr |-> "0x10562",
           COM |-> 7,
           IFacq |-> 4,
           IFrel |-> 5,
           IDacq |-> 5,
           IDrel |-> 6,
           FUacq |-> 6,
           FUrel |-> 7,
           ROB |-> 5,
           RS |-> 5,
           FU |-> 2 ],
         [ ind |-> 4473,
           addr |-> "0x10566",
           COM |-> 8,
           IFacq |-> 4,
           IFrel |-> 5,
           IDacq |-> 5,
           IDrel |-> 6,
           FUacq |-> 7,
           FUrel |-> 8,
           ROB |-> 5,
           RS |-> 5,
           FU |-> 1 ],
         [ ind |-> 4474,
           addr |-> "0x10688",
           COM |-> 17,
           IFacq |-> 5,
           IFrel |-> 6,
           IDacq |-> 6,
           IDrel |-> 7,
           FUacq |-> 7,
           FUrel |-> 17,
           ROB |-> 6,
           RS |-> 6,
           FU |-> 2 ],
         [ ind |-> 4475,
           addr |-> "0x1068c",
           COM |-> 18,
           IFacq |-> 5,
           IFrel |-> 6,
           IDacq |-> 6,
           IDrel |-> 7,
           FUacq |-> 17,
           FUrel |-> 18,
           ROB |-> 6,
           RS |-> 6,
           FU |-> 1 ],
         [ ind |-> 4476,
           addr |-> "0x10690",
           COM |-> 18,
           IFacq |-> 6,
           IFrel |-> 7,
           IDacq |-> 7,
           IDrel |-> 8,
           FUacq |-> 8,
           FUrel |-> 9,
           ROB |-> 7,
           RS |-> 7,
           FU |-> 1 ],
         [ ind |-> 4477,
           addr |-> "0x10692",
           COM |-> 19,
           IFacq |-> 6,
           IFrel |-> 7,
           IDacq |-> 7,
           IDrel |-> 8,
           FUacq |-> 18,
           FUrel |-> 19,
           ROB |-> 7,
           RS |-> 7,
           FU |-> 1 ],
         [ ind |-> 4478,
           addr |-> "0x10568",
           COM |-> 19,
           IFacq |-> 7,
           IFrel |-> 8,
           IDacq |-> 8,
           IDrel |-> 9,
           FUacq |-> 9,
           FUrel |-> 10,
           ROB |-> 8,
           RS |-> 8,
           FU |-> 1 ],
         [ ind |-> 4479,
           addr |-> "0x1056c",
           COM |-> 20,
           IFacq |-> 7,
           IFrel |-> 8,
           IDacq |-> 8,
           IDrel |-> 9,
           FUacq |-> 17,
           FUrel |-> 18,
           ROB |-> 8,
           RS |-> 8,
           FU |-> 2 ],
         [ ind |-> 4480,
           addr |-> "0x10570",
           COM |-> 20,
           IFacq |-> 8,
           IFrel |-> 9,
           IDacq |-> 9,
           IDrel |-> 10,
           FUacq |-> 10,
           FUrel |-> 11,
           ROB |-> 9,
           RS |-> 9,
           FU |-> 1 ],
         [ ind |-> 4481,
           addr |-> "0x10572",
           COM |-> 21,
           IFacq |-> 8,
           IFrel |-> 9,
           IDacq |-> 9,
           IDrel |-> 10,
           FUacq |-> 19,
           FUrel |-> 20,
           ROB |-> 9,
           RS |-> 9,
           FU |-> 1 ],
         [ ind |-> 4482,
           addr |-> "0x10576",
           COM |-> 21,
           IFacq |-> 9,
           IFrel |-> 10,
           IDacq |-> 10,
           IDrel |-> 11,
           FUacq |-> 11,
           FUrel |-> 12,
           ROB |-> 10,
           RS |-> 10,
           FU |-> 1 ],
         [ ind |-> 4483,
           addr |-> "0x1057a",
           COM |-> 22,
           IFacq |-> 9,
           IFrel |-> 10,
           IDacq |-> 10,
           IDrel |-> 11,
           FUacq |-> 18,
           FUrel |-> 19,
           ROB |-> 10,
           RS |-> 10,
           FU |-> 2 ],
         [ ind |-> 4484,
           addr |-> "0x1057e",
           COM |-> 22,
           IFacq |-> 10,
           IFrel |-> 11,
           IDacq |-> 11,
           IDrel |-> 12,
           FUacq |-> 19,
           FUrel |-> 20,
           ROB |-> 11,
           RS |-> 11,
           FU |-> 2 ],
         [ ind |-> 4485,
           addr |-> "0x10582",
           COM |-> 23,
           IFacq |-> 10,
           IFrel |-> 11,
           IDacq |-> 11,
           IDrel |-> 12,
           FUacq |-> 20,
           FUrel |-> 21,
           ROB |-> 11,
           RS |-> 11,
           FU |-> 2 ],
         [ ind |-> 4486,
           addr |-> "0x10586",
           COM |-> 23,
           IFacq |-> 11,
           IFrel |-> 12,
           IDacq |-> 12,
           IDrel |-> 20,
           FUacq |-> 20,
           FUrel |-> 21,
           ROB |-> 19,
           RS |-> 19,
           FU |-> 1 ],
         [ ind |-> 4487,
           addr |-> "0x1058a",
           COM |-> 24,
           IFacq |-> 11,
           IFrel |-> 12,
           IDacq |-> 12,
           IDrel |-> 20,
           FUacq |-> 21,
           FUrel |-> 22,
           ROB |-> 19,
           RS |-> 19,
           FU |-> 2 ],
         [ ind |-> 4488,
           addr |-> "0x1058e",
           COM |-> 24,
           IFacq |-> 12,
           IFrel |-> 13,
           IDacq |-> 20,
           IDrel |-> 21,
           FUacq |-> 21,
           FUrel |-> 22,
           ROB |-> 20,
           RS |-> 20,
           FU |-> 1 ],
         [ ind |-> 4489,
           addr |-> "0x10608",
           COM |-> 0,
           IFacq |-> 12,
           IFrel |-> 13,
           IDacq |-> 20,
           IDrel |-> 21,
           FUacq |-> 22,
           FUrel |-> 23,
           ROB |-> 20,
           RS |-> 20,
           FU |-> 1 ],
         [ ind |-> 4490,
           addr |-> "0x1060c",
           COM |-> 0,
           IFacq |-> 20,
           IFrel |-> 21,
           IDacq |-> 21,
           IDrel |-> 22,
           FUacq |-> 23,
           FUrel |-> 24,
           ROB |-> 21,
           RS |-> 21,
           FU |-> 1 ],
         [ ind |-> 4491,
           addr |-> "0x10610",
           COM |-> 0,
           IFacq |-> 20,
           IFrel |-> 21,
           IDacq |-> 21,
           IDrel |-> 22,
           FUacq |-> 22,
           FUrel |-> 23,
           ROB |-> 21,
           RS |-> 21,
           FU |-> 2 ],
         [ ind |-> 4492,
           addr |-> "0x10614",
           COM |-> 0,
           IFacq |-> 21,
           IFrel |-> 22,
           IDacq |-> 22,
           IDrel |-> 23,
           FUacq |-> 24,
           FUrel |-> 25,
           ROB |-> 22,
           RS |-> 22,
           FU |-> 1 ],
         [ ind |-> 4493,
           addr |-> "0x10616",
           COM |-> 0,
           IFacq |-> 21,
           IFrel |-> 22,
           IDacq |-> 22,
           IDrel |-> 23,
           FUacq |-> 0,
           FUrel |-> 0,
           ROB |-> 22,
           RS |-> 22,
           FU |-> 0 ],
         [ ind |-> 4494,
           addr |-> "0x10618",
           COM |-> 0,
           IFacq |-> 22,
           IFrel |-> 23,
           IDacq |-> 23,
           IDrel |-> 24,
           FUacq |-> 24,
           FUrel |-> 25,
           ROB |-> 23,
           RS |-> 23,
           FU |-> 2 ],
         [ ind |-> 4495,
           addr |-> "0x1061a",
           COM |-> 0,
           IFacq |-> 22,
           IFrel |-> 23,
           IDacq |-> 23,
           IDrel |-> 24,
           FUacq |-> 0,
           FUrel |-> 0,
           ROB |-> 23,
           RS |-> 23,
           FU |-> 0 ] >>,
  edges |->
      { [type |-> "D", source |-> 4466, dest |-> 4468],
        [type |-> "D", source |-> 4474, dest |-> 4475],
        [type |-> "D", source |-> 4475, dest |-> 4477],
        [type |-> "D", source |-> 4477, dest |-> 4481],
        [type |-> "D", source |-> 4478, dest |-> 4481],
        [type |-> "D", source |-> 4479, dest |-> 4481],
        [type |-> "D", source |-> 4480, dest |-> 4481],
        [type |-> "D", source |-> 4485, dest |-> 4490],
        [type |-> "D", source |-> 4486, dest |-> 4490],
        [type |-> "D", source |-> 4489, dest |-> 4490] } ]
/\ pc2 = 30
/\ robHead = 31
/\ rob = << [ instr |->
         [ ind |-> 4466,
           type |-> "IntAlu",
           r0 |-> "sp",
           r1 |-> "",
           r2 |-> "",
           addr |-> "0x10552" ],
     done |-> TRUE,
     executed |-> TRUE ],
   [ instr |->
         [ ind |-> 4467,
           type |-> "MemWrite",
           r0 |-> "s0",
           r1 |-> "",
           r2 |-> "",
           addr |-> "0x10554" ],
     done |-> TRUE,
     executed |-> TRUE ],
   [ instr |->
         [ ind |-> 4468,
           type |-> "IntAlu",
           r0 |-> "s0",
           r1 |-> "sp",
           r2 |-> "",
           addr |-> "0x10556" ],
     done |-> TRUE,
     executed |-> TRUE ],
   [ instr |->
         [ ind |-> 4469,
           type |-> "IntAlu",
           r0 |-> "a5",
           r1 |-> "",
           r2 |-> "",
           addr |-> "0x10558" ],
     done |-> TRUE,
     executed |-> TRUE ],
   [ instr |->
         [ ind |-> 4470,
           type |-> "MemWrite",
           r0 |-> "a5",
           r1 |-> "",
           r2 |-> "",
           addr |-> "0x1055a" ],
     done |-> TRUE,
     executed |-> TRUE ],
   [ instr |->
         [ ind |-> 4471,
           type |-> "IntAlu",
           r0 |-> "a5",
           r1 |-> "",
           r2 |-> "",
           addr |-> "0x1055e" ],
     done |-> TRUE,
     executed |-> TRUE ],
   [ instr |->
         [ ind |-> 4472,
           type |-> "MemWrite",
           r0 |-> "zero",
           r1 |-> "",
           r2 |-> "",
           addr |-> "0x10562" ],
     done |-> TRUE,
     executed |-> TRUE ],
   [ instr |->
         [ ind |-> 4473,
           type |-> "IntAlu",
           r0 |-> "",
           r1 |-> "",
           r2 |-> "",
           addr |-> "0x10566" ],
     done |-> TRUE,
     executed |-> TRUE ],
   [ instr |->
         [ ind |-> 4474,
           type |-> "MemRead",
           r0 |-> "a5",
           r1 |-> "",
           r2 |-> "",
           addr |-> "0x10688" ],
     done |-> TRUE,
     executed |-> TRUE ],
   [ instr |->
         [ ind |-> 4475,
           type |-> "IntAlu",
           r0 |-> "a4",
           r1 |-> "a5",
           r2 |-> "",
           addr |-> "0x1068c" ],
     done |-> TRUE,
     executed |-> TRUE ],
   [ instr |->
         [ ind |-> 4476,
           type |-> "IntAlu",
           r0 |-> "a5",
           r1 |-> "",
           r2 |-> "",
           addr |-> "0x10690" ],
     done |-> TRUE,
     executed |-> TRUE ],
   [ instr |->
         [ ind |-> 4477,
           type |-> "IntAlu",
           r0 |-> "a5",
           r1 |-> "a4",
           r2 |-> "",
           addr |-> "0x10692" ],
     done |-> TRUE,
     executed |-> TRUE ],
   [ instr |->
         [ ind |-> 4478,
           type |-> "IntAlu",
           r0 |-> "a5",
           r1 |-> "",
           r2 |-> "",
           addr |-> "0x10568" ],
     done |-> TRUE,
     executed |-> TRUE ],
   [ instr |->
         [ ind |-> 4479,
           type |-> "MemRead",
           r0 |-> "a5",
           r1 |-> "",
           r2 |-> "",
           addr |-> "0x1056c" ],
     done |-> TRUE,
     executed |-> TRUE ],
   [ instr |->
         [ ind |-> 4480,
           type |-> "IntAlu",
           r0 |-> "a5",
           r1 |-> "",
           r2 |-> "",
           addr |-> "0x10570" ],
     done |-> TRUE,
     executed |-> TRUE ],
   [ instr |->
         [ ind |-> 4481,
           type |-> "IntAlu",
           r0 |-> "a4",
           r1 |-> "a5",
           r2 |-> "",
           addr |-> "0x10572" ],
     done |-> TRUE,
     executed |-> TRUE ],
   [ instr |->
         [ ind |-> 4482,
           type |-> "IntAlu",
           r0 |-> "a5",
           r1 |-> "",
           r2 |-> "",
           addr |-> "0x10576" ],
     done |-> TRUE,
     executed |-> TRUE ],
   [ instr |->
         [ ind |-> 4483,
           type |-> "MemWrite",
           r0 |-> "a4",
           r1 |-> "",
           r2 |-> "",
           addr |-> "0x1057a" ],
     done |-> TRUE,
     executed |-> TRUE ],
   [ instr |->
         [ ind |-> 4484,
           type |-> "MemRead",
           r0 |-> "a5",
           r1 |-> "",
           r2 |-> "",
           addr |-> "0x1057e" ],
     done |-> TRUE,
     executed |-> TRUE ],
   [ instr |->
         [ ind |-> 4485,
           type |-> "MemWrite",
           r0 |-> "a5",
           r1 |-> "",
           r2 |-> "",
           addr |-> "0x10582" ],
     done |-> TRUE,
     executed |-> TRUE ],
   [ instr |->
         [ ind |-> 4486,
           type |-> "IntAlu",
           r0 |-> "a5",
           r1 |-> "",
           r2 |-> "",
           addr |-> "0x10586" ],
     done |-> TRUE,
     executed |-> TRUE ],
   [ instr |->
         [ ind |-> 4487,
           type |-> "MemWrite",
           r0 |-> "zero",
           r1 |-> "",
           r2 |-> "",
           addr |-> "0x1058a" ],
     done |-> TRUE,
     executed |-> TRUE ],
   [ instr |->
         [ ind |-> 4488,
           type |-> "IntAlu",
           r0 |-> "",
           r1 |-> "",
           r2 |-> "",
           addr |-> "0x1058e" ],
     done |-> TRUE,
     executed |-> TRUE ],
   [ instr |->
         [ ind |-> 4489,
           type |-> "IntAlu",
           r0 |-> "a5",
           r1 |-> "",
           r2 |-> "",
           addr |-> "0x10608" ],
     done |-> TRUE,
     executed |-> TRUE ],
   [ instr |->
         [ ind |-> 4490,
           type |-> "IntAlu",
           r0 |-> "a4",
           r1 |-> "a5",
           r2 |-> "",
           addr |-> "0x1060c" ],
     done |-> TRUE,
     executed |-> TRUE ],
   [ instr |->
         [ ind |-> 4491,
           type |-> "MemRead",
           r0 |-> "a5",
           r1 |-> "",
           r2 |-> "",
           addr |-> "0x10610" ],
     done |-> TRUE,
     executed |-> TRUE ],
   [ instr |->
         [ ind |-> 4492,
           type |-> "IntAlu",
           r0 |-> "a5",
           r1 |-> "",
           r2 |-> "",
           addr |-> "0x10614" ],
     done |-> TRUE,
     executed |-> TRUE ],
   [ instr |->
         [ ind |-> 4493,
           type |-> "IntAlu",
           r0 |-> "a5",
           r1 |-> "a4",
           r2 |-> "",
           addr |-> "0x10616" ],
     done |-> TRUE,
     executed |-> TRUE ],
   [ instr |->
         [ ind |-> 4494,
           type |-> "MemRead",
           r0 |-> "a3",
           r1 |-> "",
           r2 |-> "",
           addr |-> "0x10618" ],
     done |-> TRUE,
     executed |-> TRUE ],
   [ instr |->
         [ ind |-> 4495,
           type |-> "MemRead",
           r0 |-> "a5",
           r1 |-> "",
           r2 |-> "",
           addr |-> "0x1061a" ],
     done |-> TRUE,
     executed |-> TRUE ] >>
/\ _RS = <<{}, {}, {}, {}>>
/\ currCycle = 23
/\ exec_inst = 1
/\ robHead2 = 24
/\ pc = 30
/\ rob2 = << [ instr |->
         [ ind |-> 4466,
           type |-> "IntAlu",
           r0 |-> "sp",
           r1 |-> "",
           r2 |-> "",
           addr |-> "0x10552" ],
     done |-> TRUE,
     executed |-> TRUE ],
   [ instr |->
         [ ind |-> 4467,
           type |-> "MemWrite",
           r0 |-> "s0",
           r1 |-> "",
           r2 |-> "",
           addr |-> "0x10554" ],
     done |-> TRUE,
     executed |-> TRUE ],
   [ instr |->
         [ ind |-> 4468,
           type |-> "IntAlu",
           r0 |-> "s0",
           r1 |-> "sp",
           r2 |-> "",
           addr |-> "0x10556" ],
     done |-> TRUE,
     executed |-> TRUE ],
   [ instr |->
         [ ind |-> 4469,
           type |-> "IntAlu",
           r0 |-> "a5",
           r1 |-> "",
           r2 |-> "",
           addr |-> "0x10558" ],
     done |-> TRUE,
     executed |-> TRUE ],
   [ instr |->
         [ ind |-> 4470,
           type |-> "MemWrite",
           r0 |-> "a5",
           r1 |-> "",
           r2 |-> "",
           addr |-> "0x1055a" ],
     done |-> TRUE,
     executed |-> TRUE ],
   [ instr |->
         [ ind |-> 4471,
           type |-> "IntAlu",
           r0 |-> "a5",
           r1 |-> "",
           r2 |-> "",
           addr |-> "0x1055e" ],
     done |-> TRUE,
     executed |-> TRUE ],
   [ instr |->
         [ ind |-> 4472,
           type |-> "MemWrite",
           r0 |-> "zero",
           r1 |-> "",
           r2 |-> "",
           addr |-> "0x10562" ],
     done |-> TRUE,
     executed |-> TRUE ],
   [ instr |->
         [ ind |-> 4473,
           type |-> "IntAlu",
           r0 |-> "",
           r1 |-> "",
           r2 |-> "",
           addr |-> "0x10566" ],
     done |-> TRUE,
     executed |-> TRUE ],
   [ instr |->
         [ ind |-> 4474,
           type |-> "MemRead",
           r0 |-> "a5",
           r1 |-> "",
           r2 |-> "",
           addr |-> "0x10688" ],
     done |-> TRUE,
     executed |-> TRUE ],
   [ instr |->
         [ ind |-> 4475,
           type |-> "IntAlu",
           r0 |-> "a4",
           r1 |-> "a5",
           r2 |-> "",
           addr |-> "0x1068c" ],
     done |-> TRUE,
     executed |-> TRUE ],
   [ instr |->
         [ ind |-> 4476,
           type |-> "IntAlu",
           r0 |-> "a5",
           r1 |-> "",
           r2 |-> "",
           addr |-> "0x10690" ],
     done |-> TRUE,
     executed |-> TRUE ],
   [ instr |->
         [ ind |-> 4477,
           type |-> "IntAlu",
           r0 |-> "a5",
           r1 |-> "a4",
           r2 |-> "",
           addr |-> "0x10692" ],
     done |-> TRUE,
     executed |-> TRUE ],
   [ instr |->
         [ ind |-> 4478,
           type |-> "IntAlu",
           r0 |-> "a5",
           r1 |-> "",
           r2 |-> "",
           addr |-> "0x10568" ],
     done |-> TRUE,
     executed |-> TRUE ],
   [ instr |->
         [ ind |-> 4479,
           type |-> "MemRead",
           r0 |-> "a5",
           r1 |-> "",
           r2 |-> "",
           addr |-> "0x1056c" ],
     done |-> TRUE,
     executed |-> TRUE ],
   [ instr |->
         [ ind |-> 4480,
           type |-> "IntAlu",
           r0 |-> "a5",
           r1 |-> "",
           r2 |-> "",
           addr |-> "0x10570" ],
     done |-> TRUE,
     executed |-> TRUE ],
   [ instr |->
         [ ind |-> 4481,
           type |-> "IntAlu",
           r0 |-> "a4",
           r1 |-> "a5",
           r2 |-> "",
           addr |-> "0x10572" ],
     done |-> TRUE,
     executed |-> TRUE ],
   [ instr |->
         [ ind |-> 4482,
           type |-> "IntAlu",
           r0 |-> "a5",
           r1 |-> "",
           r2 |-> "",
           addr |-> "0x10576" ],
     done |-> TRUE,
     executed |-> TRUE ],
   [ instr |->
         [ ind |-> 4483,
           type |-> "MemWrite",
           r0 |-> "a4",
           r1 |-> "",
           r2 |-> "",
           addr |-> "0x1057a" ],
     done |-> TRUE,
     executed |-> TRUE ],
   [ instr |->
         [ ind |-> 4484,
           type |-> "MemRead",
           r0 |-> "a5",
           r1 |-> "",
           r2 |-> "",
           addr |-> "0x1057e" ],
     done |-> TRUE,
     executed |-> TRUE ],
   [ instr |->
         [ ind |-> 4485,
           type |-> "MemWrite",
           r0 |-> "a5",
           r1 |-> "",
           r2 |-> "",
           addr |-> "0x10582" ],
     done |-> TRUE,
     executed |-> TRUE ],
   [ instr |->
         [ ind |-> 4486,
           type |-> "IntAlu",
           r0 |-> "a5",
           r1 |-> "",
           r2 |-> "",
           addr |-> "0x10586" ],
     done |-> TRUE,
     executed |-> TRUE ],
   [ instr |->
         [ ind |-> 4487,
           type |-> "MemWrite",
           r0 |-> "zero",
           r1 |-> "",
           r2 |-> "",
           addr |-> "0x1058a" ],
     done |-> TRUE,
     executed |-> TRUE ],
   [ instr |->
         [ ind |-> 4488,
           type |-> "IntAlu",
           r0 |-> "",
           r1 |-> "",
           r2 |-> "",
           addr |-> "0x1058e" ],
     done |-> TRUE,
     executed |-> TRUE ],
   [ instr |->
         [ ind |-> 4489,
           type |-> "IntAlu",
           r0 |-> "a5",
           r1 |-> "",
           r2 |-> "",
           addr |-> "0x10608" ],
     done |-> FALSE,
     executed |-> TRUE ],
   [ instr |->
         [ ind |-> 4490,
           type |-> "IntAlu",
           r0 |-> "a4",
           r1 |-> "a5",
           r2 |-> "",
           addr |-> "0x1060c" ],
     done |-> FALSE,
     executed |-> TRUE ],
   [ instr |->
         [ ind |-> 4491,
           type |-> "MemRead",
           r0 |-> "a5",
           r1 |-> "",
           r2 |-> "",
           addr |-> "0x10610" ],
     done |-> FALSE,
     executed |-> TRUE ],
   [ instr |->
         [ ind |-> 4492,
           type |-> "IntAlu",
           r0 |-> "a5",
           r1 |-> "",
           r2 |-> "",
           addr |-> "0x10614" ],
     done |-> FALSE,
     executed |-> TRUE ],
   [ instr |->
         [ ind |-> 4493,
           type |-> "IntAlu",
           r0 |-> "a5",
           r1 |-> "a4",
           r2 |-> "",
           addr |-> "0x10616" ],
     done |-> FALSE,
     executed |-> FALSE ],
   [ instr |->
         [ ind |-> 4494,
           type |-> "MemRead",
           r0 |-> "a3",
           r1 |-> "",
           r2 |-> "",
           addr |-> "0x10618" ],
     done |-> FALSE,
     executed |-> TRUE ],
   [ instr |->
         [ ind |-> 4495,
           type |-> "MemRead",
           r0 |-> "a5",
           r1 |-> "",
           r2 |-> "",
           addr |-> "0x1061a" ],
     done |-> FALSE,
     executed |-> FALSE ] >>
/\ _FU = << [ instr |->
         [ ind |-> 0,
           type |-> "No_OpClass",
           r0 |-> "",
           r1 |-> "",
           r2 |-> "",
           addr |-> "" ],
     baseLat |-> 1,
     currLat |-> 1 ],
   [ instr |->
         [ ind |-> 0,
           type |-> "No_OpClass",
           r0 |-> "",
           r1 |-> "",
           r2 |-> "",
           addr |-> "" ],
     baseLat |-> 1,
     currLat |-> 1 ],
   [ instr |->
         [ ind |-> 0,
           type |-> "No_OpClass",
           r0 |-> "",
           r1 |-> "",
           r2 |-> "",
           addr |-> "" ],
     baseLat |-> 1,
     currLat |-> 1 ],
   [ instr |->
         [ ind |-> 0,
           type |-> "No_OpClass",
           r0 |-> "",
           r1 |-> "",
           r2 |-> "",
           addr |-> "" ],
     baseLat |-> 1,
     currLat |-> 1 ] >>

@!@!@ENDMSG 2217 @!@!@
@!@!@STARTMSG 2217:4 @!@!@
27: <Next line 63, col 9 to line 67, col 64 of module pipeline_ooo>
/\ _RS2 = <<{}, {}, {}, {}>>
/\ _COM2 = << [ ind |-> 4491,
     type |-> "MemRead",
     r0 |-> "a5",
     r1 |-> "",
     r2 |-> "",
     addr |-> "0x10610" ],
   [ ind |-> 4492,
     type |-> "IntAlu",
     r0 |-> "a5",
     r1 |-> "",
     r2 |-> "",
     addr |-> "0x10614" ] >>
/\ _ID = << [ ind |-> 0,
     type |-> "No_OpClass",
     r0 |-> "",
     r1 |-> "",
     r2 |-> "",
     addr |-> "" ],
   [ ind |-> 0,
     type |-> "No_OpClass",
     r0 |-> "",
     r1 |-> "",
     r2 |-> "",
     addr |-> "" ] >>
/\ _IF = << [ instr |->
         [ ind |-> 0,
           type |-> "No_OpClass",
           r0 |-> "",
           r1 |-> "",
           r2 |-> "",
           addr |-> "" ],
     baseLat |-> 1,
     currLat |-> 1 ],
   [ instr |->
         [ ind |-> 0,
           type |-> "No_OpClass",
           r0 |-> "",
           r1 |-> "",
           r2 |-> "",
           addr |-> "" ],
     baseLat |-> 1,
     currLat |-> 1 ] >>
/\ _FU2 = << [ instr |->
         [ ind |-> 0,
           type |-> "No_OpClass",
           r0 |-> "",
           r1 |-> "",
           r2 |-> "",
           addr |-> "" ],
     baseLat |-> 1,
     currLat |-> 1 ],
   [ instr |->
         [ ind |-> 0,
           type |-> "No_OpClass",
           r0 |-> "",
           r1 |-> "",
           r2 |-> "",
           addr |-> "" ],
     baseLat |-> 1,
     currLat |-> 1 ],
   [ instr |->
         [ ind |-> 0,
           type |-> "No_OpClass",
           r0 |-> "",
           r1 |-> "",
           r2 |-> "",
           addr |-> "" ],
     baseLat |-> 1,
     currLat |-> 1 ],
   [ instr |->
         [ ind |-> 0,
           type |-> "No_OpClass",
           r0 |-> "",
           r1 |-> "",
           r2 |-> "",
           addr |-> "" ],
     baseLat |-> 1,
     currLat |-> 1 ] >>
/\ _COM = << [ ind |-> 0,
     type |-> "No_OpClass",
     r0 |-> "",
     r1 |-> "",
     r2 |-> "",
     addr |-> "" ],
   [ ind |-> 0,
     type |-> "No_OpClass",
     r0 |-> "",
     r1 |-> "",
     r2 |-> "",
     addr |-> "" ] >>
/\ exec_inst2 = 2
/\ _ID2 = << [ ind |-> 0,
     type |-> "No_OpClass",
     r0 |-> "",
     r1 |-> "",
     r2 |-> "",
     addr |-> "" ],
   [ ind |-> 0,
     type |-> "No_OpClass",
     r0 |-> "",
     r1 |-> "",
     r2 |-> "",
     addr |-> "" ] >>
/\ graph = [ nodes |->
      << [ ind |-> 4466,
           addr |-> "0x10552",
           COM |-> 4,
           IFacq |-> 1,
           IFrel |-> 2,
           IDacq |-> 2,
           IDrel |-> 3,
           FUacq |-> 3,
           FUrel |-> 4,
           ROB |-> 2,
           RS |-> 2,
           FU |-> 1 ],
         [ ind |-> 4467,
           addr |-> "0x10554",
           COM |-> 4,
           IFacq |-> 1,
           IFrel |-> 2,
           IDacq |-> 2,
           IDrel |-> 3,
           FUacq |-> 3,
           FUrel |-> 4,
           ROB |-> 2,
           RS |-> 2,
           FU |-> 2 ],
         [ ind |-> 4468,
           addr |-> "0x10556",
           COM |-> 5,
           IFacq |-> 2,
           IFrel |-> 3,
           IDacq |-> 3,
           IDrel |-> 4,
           FUacq |-> 4,
           FUrel |-> 5,
           ROB |-> 3,
           RS |-> 3,
           FU |-> 1 ],
         [ ind |-> 4469,
           addr |-> "0x10558",
           COM |-> 6,
           IFacq |-> 2,
           IFrel |-> 3,
           IDacq |-> 3,
           IDrel |-> 4,
           FUacq |-> 5,
           FUrel |-> 6,
           ROB |-> 3,
           RS |-> 3,
           FU |-> 1 ],
         [ ind |-> 4470,
           addr |-> "0x1055a",
           COM |-> 6,
           IFacq |-> 3,
           IFrel |-> 4,
           IDacq |-> 4,
           IDrel |-> 5,
           FUacq |-> 5,
           FUrel |-> 6,
           ROB |-> 4,
           RS |-> 4,
           FU |-> 2 ],
         [ ind |-> 4471,
           addr |-> "0x1055e",
           COM |-> 7,
           IFacq |-> 3,
           IFrel |-> 4,
           IDacq |-> 4,
           IDrel |-> 5,
           FUacq |-> 6,
           FUrel |-> 7,
           ROB |-> 4,
           RS |-> 4,
           FU |-> 1 ],
         [ ind |-> 4472,
           addr |-> "0x10562",
           COM |-> 7,
           IFacq |-> 4,
           IFrel |-> 5,
           IDacq |-> 5,
           IDrel |-> 6,
           FUacq |-> 6,
           FUrel |-> 7,
           ROB |-> 5,
           RS |-> 5,
           FU |-> 2 ],
         [ ind |-> 4473,
           addr |-> "0x10566",
           COM |-> 8,
           IFacq |-> 4,
           IFrel |-> 5,
           IDacq |-> 5,
           IDrel |-> 6,
           FUacq |-> 7,
           FUrel |-> 8,
           ROB |-> 5,
           RS |-> 5,
           FU |-> 1 ],
         [ ind |-> 4474,
           addr |-> "0x10688",
           COM |-> 8,
           IFacq |-> 5,
           IFrel |-> 6,
           IDacq |-> 6,
           IDrel |-> 7,
           FUacq |-> 7,
           FUrel |-> 8,
           ROB |-> 6,
           RS |-> 6,
           FU |-> 2 ],
         [ ind |-> 4475,
           addr |-> "0x1068c",
           COM |-> 9,
           IFacq |-> 5,
           IFrel |-> 6,
           IDacq |-> 6,
           IDrel |-> 7,
           FUacq |-> 8,
           FUrel |-> 9,
           ROB |-> 6,
           RS |-> 6,
           FU |-> 1 ],
         [ ind |-> 4476,
           addr |-> "0x10690",
           COM |-> 10,
           IFacq |-> 6,
           IFrel |-> 7,
           IDacq |-> 7,
           IDrel |-> 8,
           FUacq |-> 9,
           FUrel |-> 10,
           ROB |-> 7,
           RS |-> 7,
           FU |-> 1 ],
         [ ind |-> 4477,
           addr |-> "0x10692",
           COM |-> 11,
           IFacq |-> 6,
           IFrel |-> 7,
           IDacq |-> 7,
           IDrel |-> 8,
           FUacq |-> 10,
           FUrel |-> 11,
           ROB |-> 7,
           RS |-> 7,
           FU |-> 1 ],
         [ ind |-> 4478,
           addr |-> "0x10568",
           COM |-> 12,
           IFacq |-> 7,
           IFrel |-> 8,
           IDacq |-> 8,
           IDrel |-> 9,
           FUacq |-> 11,
           FUrel |-> 12,
           ROB |-> 8,
           RS |-> 8,
           FU |-> 1 ],
         [ ind |-> 4479,
           addr |-> "0x1056c",
           COM |-> 12,
           IFacq |-> 7,
           IFrel |-> 8,
           IDacq |-> 8,
           IDrel |-> 9,
           FUacq |-> 9,
           FUrel |-> 10,
           ROB |-> 8,
           RS |-> 8,
           FU |-> 2 ],
         [ ind |-> 4480,
           addr |-> "0x10570",
           COM |-> 13,
           IFacq |-> 8,
           IFrel |-> 9,
           IDacq |-> 9,
           IDrel |-> 10,
           FUacq |-> 12,
           FUrel |-> 13,
           ROB |-> 9,
           RS |-> 9,
           FU |-> 1 ],
         [ ind |-> 4481,
           addr |-> "0x10572",
           COM |-> 14,
           IFacq |-> 8,
           IFrel |-> 9,
           IDacq |-> 9,
           IDrel |-> 10,
           FUacq |-> 13,
           FUrel |-> 14,
           ROB |-> 9,
           RS |-> 9,
           FU |-> 1 ],
         [ ind |-> 4482,
           addr |-> "0x10576",
           COM |-> 15,
           IFacq |-> 9,
           IFrel |-> 10,
           IDacq |-> 10,
           IDrel |-> 11,
           FUacq |-> 14,
           FUrel |-> 15,
           ROB |-> 10,
           RS |-> 10,
           FU |-> 1 ],
         [ ind |-> 4483,
           addr |-> "0x1057a",
           COM |-> 15,
           IFacq |-> 9,
           IFrel |-> 10,
           IDacq |-> 10,
           IDrel |-> 11,
           FUacq |-> 11,
           FUrel |-> 12,
           ROB |-> 10,
           RS |-> 10,
           FU |-> 2 ],
         [ ind |-> 4484,
           addr |-> "0x1057e",
           COM |-> 16,
           IFacq |-> 10,
           IFrel |-> 11,
           IDacq |-> 11,
           IDrel |-> 12,
           FUacq |-> 12,
           FUrel |-> 13,
           ROB |-> 11,
           RS |-> 11,
           FU |-> 2 ],
         [ ind |-> 4485,
           addr |-> "0x10582",
           COM |-> 16,
           IFacq |-> 10,
           IFrel |-> 11,
           IDacq |-> 11,
           IDrel |-> 12,
           FUacq |-> 13,
           FUrel |-> 14,
           ROB |-> 11,
           RS |-> 11,
           FU |-> 2 ],
         [ ind |-> 4486,
           addr |-> "0x10586",
           COM |-> 17,
           IFacq |-> 11,
           IFrel |-> 12,
           IDacq |-> 12,
           IDrel |-> 13,
           FUacq |-> 15,
           FUrel |-> 16,
           ROB |-> 12,
           RS |-> 12,
           FU |-> 1 ],
         [ ind |-> 4487,
           addr |-> "0x1058a",
           COM |-> 17,
           IFacq |-> 11,
           IFrel |-> 12,
           IDacq |-> 12,
           IDrel |-> 13,
           FUacq |-> 14,
           FUrel |-> 15,
           ROB |-> 12,
           RS |-> 12,
           FU |-> 2 ],
         [ ind |-> 4488,
           addr |-> "0x1058e",
           COM |-> 18,
           IFacq |-> 12,
           IFrel |-> 13,
           IDacq |-> 13,
           IDrel |-> 14,
           FUacq |-> 16,
           FUrel |-> 17,
           ROB |-> 13,
           RS |-> 13,
           FU |-> 1 ],
         [ ind |-> 4489,
           addr |-> "0x10608",
           COM |-> 18,
           IFacq |-> 12,
           IFrel |-> 13,
           IDacq |-> 13,
           IDrel |-> 14,
           FUacq |-> 17,
           FUrel |-> 18,
           ROB |-> 13,
           RS |-> 13,
           FU |-> 1 ],
         [ ind |-> 4490,
           addr |-> "0x1060c",
           COM |-> 19,
           IFacq |-> 13,
           IFrel |-> 14,
           IDacq |-> 14,
           IDrel |-> 15,
           FUacq |-> 18,
           FUrel |-> 19,
           ROB |-> 14,
           RS |-> 14,
           FU |-> 1 ],
         [ ind |-> 4491,
           addr |-> "0x10610",
           COM |-> 19,
           IFacq |-> 13,
           IFrel |-> 14,
           IDacq |-> 14,
           IDrel |-> 15,
           FUacq |-> 15,
           FUrel |-> 16,
           ROB |-> 14,
           RS |-> 14,
           FU |-> 2 ],
         [ ind |-> 4492,
           addr |-> "0x10614",
           COM |-> 20,
           IFacq |-> 14,
           IFrel |-> 15,
           IDacq |-> 15,
           IDrel |-> 16,
           FUacq |-> 19,
           FUrel |-> 20,
           ROB |-> 15,
           RS |-> 15,
           FU |-> 1 ],
         [ ind |-> 4493,
           addr |-> "0x10616",
           COM |-> 21,
           IFacq |-> 14,
           IFrel |-> 15,
           IDacq |-> 15,
           IDrel |-> 16,
           FUacq |-> 20,
           FUrel |-> 21,
           ROB |-> 15,
           RS |-> 15,
           FU |-> 1 ],
         [ ind |-> 4494,
           addr |-> "0x10618",
           COM |-> 21,
           IFacq |-> 15,
           IFrel |-> 16,
           IDacq |-> 16,
           IDrel |-> 17,
           FUacq |-> 17,
           FUrel |-> 18,
           ROB |-> 16,
           RS |-> 16,
           FU |-> 2 ],
         [ ind |-> 4495,
           addr |-> "0x1061a",
           COM |-> 22,
           IFacq |-> 15,
           IFrel |-> 16,
           IDacq |-> 16,
           IDrel |-> 17,
           FUacq |-> 18,
           FUrel |-> 19,
           ROB |-> 16,
           RS |-> 16,
           FU |-> 2 ] >>,
  edges |->
      { [type |-> "D", source |-> 4466, dest |-> 4468],
        [type |-> "D", source |-> 4474, dest |-> 4475],
        [type |-> "D", source |-> 4480, dest |-> 4481],
        [type |-> "D", source |-> 4489, dest |-> 4490] } ]
/\ currCycle2 = 26
/\ _IF2 = << [ instr |->
         [ ind |-> 0,
           type |-> "No_OpClass",
           r0 |-> "",
           r1 |-> "",
           r2 |-> "",
           addr |-> "" ],
     baseLat |-> 1,
     currLat |-> 1 ],
   [ instr |->
         [ ind |-> 0,
           type |-> "No_OpClass",
           r0 |-> "",
           r1 |-> "",
           r2 |-> "",
           addr |-> "" ],
     baseLat |-> 1,
     currLat |-> 1 ] >>
/\ lastBound = 0
/\ graph2 = [ nodes |->
      << [ ind |-> 4466,
           addr |-> "0x10552",
           COM |-> 4,
           IFacq |-> 1,
           IFrel |-> 2,
           IDacq |-> 2,
           IDrel |-> 3,
           FUacq |-> 3,
           FUrel |-> 4,
           ROB |-> 2,
           RS |-> 2,
           FU |-> 1 ],
         [ ind |-> 4467,
           addr |-> "0x10554",
           COM |-> 4,
           IFacq |-> 1,
           IFrel |-> 2,
           IDacq |-> 2,
           IDrel |-> 3,
           FUacq |-> 3,
           FUrel |-> 4,
           ROB |-> 2,
           RS |-> 2,
           FU |-> 2 ],
         [ ind |-> 4468,
           addr |-> "0x10556",
           COM |-> 5,
           IFacq |-> 2,
           IFrel |-> 3,
           IDacq |-> 3,
           IDrel |-> 4,
           FUacq |-> 4,
           FUrel |-> 5,
           ROB |-> 3,
           RS |-> 3,
           FU |-> 1 ],
         [ ind |-> 4469,
           addr |-> "0x10558",
           COM |-> 6,
           IFacq |-> 2,
           IFrel |-> 3,
           IDacq |-> 3,
           IDrel |-> 4,
           FUacq |-> 5,
           FUrel |-> 6,
           ROB |-> 3,
           RS |-> 3,
           FU |-> 1 ],
         [ ind |-> 4470,
           addr |-> "0x1055a",
           COM |-> 6,
           IFacq |-> 3,
           IFrel |-> 4,
           IDacq |-> 4,
           IDrel |-> 5,
           FUacq |-> 5,
           FUrel |-> 6,
           ROB |-> 4,
           RS |-> 4,
           FU |-> 2 ],
         [ ind |-> 4471,
           addr |-> "0x1055e",
           COM |-> 7,
           IFacq |-> 3,
           IFrel |-> 4,
           IDacq |-> 4,
           IDrel |-> 5,
           FUacq |-> 6,
           FUrel |-> 7,
           ROB |-> 4,
           RS |-> 4,
           FU |-> 1 ],
         [ ind |-> 4472,
           addr |-> "0x10562",
           COM |-> 7,
           IFacq |-> 4,
           IFrel |-> 5,
           IDacq |-> 5,
           IDrel |-> 6,
           FUacq |-> 6,
           FUrel |-> 7,
           ROB |-> 5,
           RS |-> 5,
           FU |-> 2 ],
         [ ind |-> 4473,
           addr |-> "0x10566",
           COM |-> 8,
           IFacq |-> 4,
           IFrel |-> 5,
           IDacq |-> 5,
           IDrel |-> 6,
           FUacq |-> 7,
           FUrel |-> 8,
           ROB |-> 5,
           RS |-> 5,
           FU |-> 1 ],
         [ ind |-> 4474,
           addr |-> "0x10688",
           COM |-> 17,
           IFacq |-> 5,
           IFrel |-> 6,
           IDacq |-> 6,
           IDrel |-> 7,
           FUacq |-> 7,
           FUrel |-> 17,
           ROB |-> 6,
           RS |-> 6,
           FU |-> 2 ],
         [ ind |-> 4475,
           addr |-> "0x1068c",
           COM |-> 18,
           IFacq |-> 5,
           IFrel |-> 6,
           IDacq |-> 6,
           IDrel |-> 7,
           FUacq |-> 17,
           FUrel |-> 18,
           ROB |-> 6,
           RS |-> 6,
           FU |-> 1 ],
         [ ind |-> 4476,
           addr |-> "0x10690",
           COM |-> 18,
           IFacq |-> 6,
           IFrel |-> 7,
           IDacq |-> 7,
           IDrel |-> 8,
           FUacq |-> 8,
           FUrel |-> 9,
           ROB |-> 7,
           RS |-> 7,
           FU |-> 1 ],
         [ ind |-> 4477,
           addr |-> "0x10692",
           COM |-> 19,
           IFacq |-> 6,
           IFrel |-> 7,
           IDacq |-> 7,
           IDrel |-> 8,
           FUacq |-> 18,
           FUrel |-> 19,
           ROB |-> 7,
           RS |-> 7,
           FU |-> 1 ],
         [ ind |-> 4478,
           addr |-> "0x10568",
           COM |-> 19,
           IFacq |-> 7,
           IFrel |-> 8,
           IDacq |-> 8,
           IDrel |-> 9,
           FUacq |-> 9,
           FUrel |-> 10,
           ROB |-> 8,
           RS |-> 8,
           FU |-> 1 ],
         [ ind |-> 4479,
           addr |-> "0x1056c",
           COM |-> 20,
           IFacq |-> 7,
           IFrel |-> 8,
           IDacq |-> 8,
           IDrel |-> 9,
           FUacq |-> 17,
           FUrel |-> 18,
           ROB |-> 8,
           RS |-> 8,
           FU |-> 2 ],
         [ ind |-> 4480,
           addr |-> "0x10570",
           COM |-> 20,
           IFacq |-> 8,
           IFrel |-> 9,
           IDacq |-> 9,
           IDrel |-> 10,
           FUacq |-> 10,
           FUrel |-> 11,
           ROB |-> 9,
           RS |-> 9,
           FU |-> 1 ],
         [ ind |-> 4481,
           addr |-> "0x10572",
           COM |-> 21,
           IFacq |-> 8,
           IFrel |-> 9,
           IDacq |-> 9,
           IDrel |-> 10,
           FUacq |-> 19,
           FUrel |-> 20,
           ROB |-> 9,
           RS |-> 9,
           FU |-> 1 ],
         [ ind |-> 4482,
           addr |-> "0x10576",
           COM |-> 21,
           IFacq |-> 9,
           IFrel |-> 10,
           IDacq |-> 10,
           IDrel |-> 11,
           FUacq |-> 11,
           FUrel |-> 12,
           ROB |-> 10,
           RS |-> 10,
           FU |-> 1 ],
         [ ind |-> 4483,
           addr |-> "0x1057a",
           COM |-> 22,
           IFacq |-> 9,
           IFrel |-> 10,
           IDacq |-> 10,
           IDrel |-> 11,
           FUacq |-> 18,
           FUrel |-> 19,
           ROB |-> 10,
           RS |-> 10,
           FU |-> 2 ],
         [ ind |-> 4484,
           addr |-> "0x1057e",
           COM |-> 22,
           IFacq |-> 10,
           IFrel |-> 11,
           IDacq |-> 11,
           IDrel |-> 12,
           FUacq |-> 19,
           FUrel |-> 20,
           ROB |-> 11,
           RS |-> 11,
           FU |-> 2 ],
         [ ind |-> 4485,
           addr |-> "0x10582",
           COM |-> 23,
           IFacq |-> 10,
           IFrel |-> 11,
           IDacq |-> 11,
           IDrel |-> 12,
           FUacq |-> 20,
           FUrel |-> 21,
           ROB |-> 11,
           RS |-> 11,
           FU |-> 2 ],
         [ ind |-> 4486,
           addr |-> "0x10586",
           COM |-> 23,
           IFacq |-> 11,
           IFrel |-> 12,
           IDacq |-> 12,
           IDrel |-> 20,
           FUacq |-> 20,
           FUrel |-> 21,
           ROB |-> 19,
           RS |-> 19,
           FU |-> 1 ],
         [ ind |-> 4487,
           addr |-> "0x1058a",
           COM |-> 24,
           IFacq |-> 11,
           IFrel |-> 12,
           IDacq |-> 12,
           IDrel |-> 20,
           FUacq |-> 21,
           FUrel |-> 22,
           ROB |-> 19,
           RS |-> 19,
           FU |-> 2 ],
         [ ind |-> 4488,
           addr |-> "0x1058e",
           COM |-> 24,
           IFacq |-> 12,
           IFrel |-> 13,
           IDacq |-> 20,
           IDrel |-> 21,
           FUacq |-> 21,
           FUrel |-> 22,
           ROB |-> 20,
           RS |-> 20,
           FU |-> 1 ],
         [ ind |-> 4489,
           addr |-> "0x10608",
           COM |-> 25,
           IFacq |-> 12,
           IFrel |-> 13,
           IDacq |-> 20,
           IDrel |-> 21,
           FUacq |-> 22,
           FUrel |-> 23,
           ROB |-> 20,
           RS |-> 20,
           FU |-> 1 ],
         [ ind |-> 4490,
           addr |-> "0x1060c",
           COM |-> 25,
           IFacq |-> 20,
           IFrel |-> 21,
           IDacq |-> 21,
           IDrel |-> 22,
           FUacq |-> 23,
           FUrel |-> 24,
           ROB |-> 21,
           RS |-> 21,
           FU |-> 1 ],
         [ ind |-> 4491,
           addr |-> "0x10610",
           COM |-> 0,
           IFacq |-> 20,
           IFrel |-> 21,
           IDacq |-> 21,
           IDrel |-> 22,
           FUacq |-> 22,
           FUrel |-> 23,
           ROB |-> 21,
           RS |-> 21,
           FU |-> 2 ],
         [ ind |-> 4492,
           addr |-> "0x10614",
           COM |-> 0,
           IFacq |-> 21,
           IFrel |-> 22,
           IDacq |-> 22,
           IDrel |-> 23,
           FUacq |-> 24,
           FUrel |-> 25,
           ROB |-> 22,
           RS |-> 22,
           FU |-> 1 ],
         [ ind |-> 4493,
           addr |-> "0x10616",
           COM |-> 0,
           IFacq |-> 21,
           IFrel |-> 22,
           IDacq |-> 22,
           IDrel |-> 23,
           FUacq |-> 25,
           FUrel |-> 26,
           ROB |-> 22,
           RS |-> 22,
           FU |-> 1 ],
         [ ind |-> 4494,
           addr |-> "0x10618",
           COM |-> 0,
           IFacq |-> 22,
           IFrel |-> 23,
           IDacq |-> 23,
           IDrel |-> 24,
           FUacq |-> 24,
           FUrel |-> 25,
           ROB |-> 23,
           RS |-> 23,
           FU |-> 2 ],
         [ ind |-> 4495,
           addr |-> "0x1061a",
           COM |-> 0,
           IFacq |-> 22,
           IFrel |-> 23,
           IDacq |-> 23,
           IDrel |-> 24,
           FUacq |-> 25,
           FUrel |-> 26,
           ROB |-> 23,
           RS |-> 23,
           FU |-> 2 ] >>,
  edges |->
      { [type |-> "D", source |-> 4466, dest |-> 4468],
        [type |-> "D", source |-> 4474, dest |-> 4475],
        [type |-> "D", source |-> 4475, dest |-> 4477],
        [type |-> "D", source |-> 4477, dest |-> 4481],
        [type |-> "D", source |-> 4478, dest |-> 4481],
        [type |-> "D", source |-> 4479, dest |-> 4481],
        [type |-> "D", source |-> 4480, dest |-> 4481],
        [type |-> "D", source |-> 4485, dest |-> 4490],
        [type |-> "D", source |-> 4486, dest |-> 4490],
        [type |-> "D", source |-> 4489, dest |-> 4490],
        [type |-> "D", source |-> 4490, dest |-> 4493] } ]
/\ pc2 = 30
/\ robHead = 31
/\ rob = << [ instr |->
         [ ind |-> 4466,
           type |-> "IntAlu",
           r0 |-> "sp",
           r1 |-> "",
           r2 |-> "",
           addr |-> "0x10552" ],
     done |-> TRUE,
     executed |-> TRUE ],
   [ instr |->
         [ ind |-> 4467,
           type |-> "MemWrite",
           r0 |-> "s0",
           r1 |-> "",
           r2 |-> "",
           addr |-> "0x10554" ],
     done |-> TRUE,
     executed |-> TRUE ],
   [ instr |->
         [ ind |-> 4468,
           type |-> "IntAlu",
           r0 |-> "s0",
           r1 |-> "sp",
           r2 |-> "",
           addr |-> "0x10556" ],
     done |-> TRUE,
     executed |-> TRUE ],
   [ instr |->
         [ ind |-> 4469,
           type |-> "IntAlu",
           r0 |-> "a5",
           r1 |-> "",
           r2 |-> "",
           addr |-> "0x10558" ],
     done |-> TRUE,
     executed |-> TRUE ],
   [ instr |->
         [ ind |-> 4470,
           type |-> "MemWrite",
           r0 |-> "a5",
           r1 |-> "",
           r2 |-> "",
           addr |-> "0x1055a" ],
     done |-> TRUE,
     executed |-> TRUE ],
   [ instr |->
         [ ind |-> 4471,
           type |-> "IntAlu",
           r0 |-> "a5",
           r1 |-> "",
           r2 |-> "",
           addr |-> "0x1055e" ],
     done |-> TRUE,
     executed |-> TRUE ],
   [ instr |->
         [ ind |-> 4472,
           type |-> "MemWrite",
           r0 |-> "zero",
           r1 |-> "",
           r2 |-> "",
           addr |-> "0x10562" ],
     done |-> TRUE,
     executed |-> TRUE ],
   [ instr |->
         [ ind |-> 4473,
           type |-> "IntAlu",
           r0 |-> "",
           r1 |-> "",
           r2 |-> "",
           addr |-> "0x10566" ],
     done |-> TRUE,
     executed |-> TRUE ],
   [ instr |->
         [ ind |-> 4474,
           type |-> "MemRead",
           r0 |-> "a5",
           r1 |-> "",
           r2 |-> "",
           addr |-> "0x10688" ],
     done |-> TRUE,
     executed |-> TRUE ],
   [ instr |->
         [ ind |-> 4475,
           type |-> "IntAlu",
           r0 |-> "a4",
           r1 |-> "a5",
           r2 |-> "",
           addr |-> "0x1068c" ],
     done |-> TRUE,
     executed |-> TRUE ],
   [ instr |->
         [ ind |-> 4476,
           type |-> "IntAlu",
           r0 |-> "a5",
           r1 |-> "",
           r2 |-> "",
           addr |-> "0x10690" ],
     done |-> TRUE,
     executed |-> TRUE ],
   [ instr |->
         [ ind |-> 4477,
           type |-> "IntAlu",
           r0 |-> "a5",
           r1 |-> "a4",
           r2 |-> "",
           addr |-> "0x10692" ],
     done |-> TRUE,
     executed |-> TRUE ],
   [ instr |->
         [ ind |-> 4478,
           type |-> "IntAlu",
           r0 |-> "a5",
           r1 |-> "",
           r2 |-> "",
           addr |-> "0x10568" ],
     done |-> TRUE,
     executed |-> TRUE ],
   [ instr |->
         [ ind |-> 4479,
           type |-> "MemRead",
           r0 |-> "a5",
           r1 |-> "",
           r2 |-> "",
           addr |-> "0x1056c" ],
     done |-> TRUE,
     executed |-> TRUE ],
   [ instr |->
         [ ind |-> 4480,
           type |-> "IntAlu",
           r0 |-> "a5",
           r1 |-> "",
           r2 |-> "",
           addr |-> "0x10570" ],
     done |-> TRUE,
     executed |-> TRUE ],
   [ instr |->
         [ ind |-> 4481,
           type |-> "IntAlu",
           r0 |-> "a4",
           r1 |-> "a5",
           r2 |-> "",
           addr |-> "0x10572" ],
     done |-> TRUE,
     executed |-> TRUE ],
   [ instr |->
         [ ind |-> 4482,
           type |-> "IntAlu",
           r0 |-> "a5",
           r1 |-> "",
           r2 |-> "",
           addr |-> "0x10576" ],
     done |-> TRUE,
     executed |-> TRUE ],
   [ instr |->
         [ ind |-> 4483,
           type |-> "MemWrite",
           r0 |-> "a4",
           r1 |-> "",
           r2 |-> "",
           addr |-> "0x1057a" ],
     done |-> TRUE,
     executed |-> TRUE ],
   [ instr |->
         [ ind |-> 4484,
           type |-> "MemRead",
           r0 |-> "a5",
           r1 |-> "",
           r2 |-> "",
           addr |-> "0x1057e" ],
     done |-> TRUE,
     executed |-> TRUE ],
   [ instr |->
         [ ind |-> 4485,
           type |-> "MemWrite",
           r0 |-> "a5",
           r1 |-> "",
           r2 |-> "",
           addr |-> "0x10582" ],
     done |-> TRUE,
     executed |-> TRUE ],
   [ instr |->
         [ ind |-> 4486,
           type |-> "IntAlu",
           r0 |-> "a5",
           r1 |-> "",
           r2 |-> "",
           addr |-> "0x10586" ],
     done |-> TRUE,
     executed |-> TRUE ],
   [ instr |->
         [ ind |-> 4487,
           type |-> "MemWrite",
           r0 |-> "zero",
           r1 |-> "",
           r2 |-> "",
           addr |-> "0x1058a" ],
     done |-> TRUE,
     executed |-> TRUE ],
   [ instr |->
         [ ind |-> 4488,
           type |-> "IntAlu",
           r0 |-> "",
           r1 |-> "",
           r2 |-> "",
           addr |-> "0x1058e" ],
     done |-> TRUE,
     executed |-> TRUE ],
   [ instr |->
         [ ind |-> 4489,
           type |-> "IntAlu",
           r0 |-> "a5",
           r1 |-> "",
           r2 |-> "",
           addr |-> "0x10608" ],
     done |-> TRUE,
     executed |-> TRUE ],
   [ instr |->
         [ ind |-> 4490,
           type |-> "IntAlu",
           r0 |-> "a4",
           r1 |-> "a5",
           r2 |-> "",
           addr |-> "0x1060c" ],
     done |-> TRUE,
     executed |-> TRUE ],
   [ instr |->
         [ ind |-> 4491,
           type |-> "MemRead",
           r0 |-> "a5",
           r1 |-> "",
           r2 |-> "",
           addr |-> "0x10610" ],
     done |-> TRUE,
     executed |-> TRUE ],
   [ instr |->
         [ ind |-> 4492,
           type |-> "IntAlu",
           r0 |-> "a5",
           r1 |-> "",
           r2 |-> "",
           addr |-> "0x10614" ],
     done |-> TRUE,
     executed |-> TRUE ],
   [ instr |->
         [ ind |-> 4493,
           type |-> "IntAlu",
           r0 |-> "a5",
           r1 |-> "a4",
           r2 |-> "",
           addr |-> "0x10616" ],
     done |-> TRUE,
     executed |-> TRUE ],
   [ instr |->
         [ ind |-> 4494,
           type |-> "MemRead",
           r0 |-> "a3",
           r1 |-> "",
           r2 |-> "",
           addr |-> "0x10618" ],
     done |-> TRUE,
     executed |-> TRUE ],
   [ instr |->
         [ ind |-> 4495,
           type |-> "MemRead",
           r0 |-> "a5",
           r1 |-> "",
           r2 |-> "",
           addr |-> "0x1061a" ],
     done |-> TRUE,
     executed |-> TRUE ] >>
/\ _RS = <<{}, {}, {}, {}>>
/\ currCycle = 23
/\ exec_inst = 1
/\ robHead2 = 26
/\ pc = 30
/\ rob2 = << [ instr |->
         [ ind |-> 4466,
           type |-> "IntAlu",
           r0 |-> "sp",
           r1 |-> "",
           r2 |-> "",
           addr |-> "0x10552" ],
     done |-> TRUE,
     executed |-> TRUE ],
   [ instr |->
         [ ind |-> 4467,
           type |-> "MemWrite",
           r0 |-> "s0",
           r1 |-> "",
           r2 |-> "",
           addr |-> "0x10554" ],
     done |-> TRUE,
     executed |-> TRUE ],
   [ instr |->
         [ ind |-> 4468,
           type |-> "IntAlu",
           r0 |-> "s0",
           r1 |-> "sp",
           r2 |-> "",
           addr |-> "0x10556" ],
     done |-> TRUE,
     executed |-> TRUE ],
   [ instr |->
         [ ind |-> 4469,
           type |-> "IntAlu",
           r0 |-> "a5",
           r1 |-> "",
           r2 |-> "",
           addr |-> "0x10558" ],
     done |-> TRUE,
     executed |-> TRUE ],
   [ instr |->
         [ ind |-> 4470,
           type |-> "MemWrite",
           r0 |-> "a5",
           r1 |-> "",
           r2 |-> "",
           addr |-> "0x1055a" ],
     done |-> TRUE,
     executed |-> TRUE ],
   [ instr |->
         [ ind |-> 4471,
           type |-> "IntAlu",
           r0 |-> "a5",
           r1 |-> "",
           r2 |-> "",
           addr |-> "0x1055e" ],
     done |-> TRUE,
     executed |-> TRUE ],
   [ instr |->
         [ ind |-> 4472,
           type |-> "MemWrite",
           r0 |-> "zero",
           r1 |-> "",
           r2 |-> "",
           addr |-> "0x10562" ],
     done |-> TRUE,
     executed |-> TRUE ],
   [ instr |->
         [ ind |-> 4473,
           type |-> "IntAlu",
           r0 |-> "",
           r1 |-> "",
           r2 |-> "",
           addr |-> "0x10566" ],
     done |-> TRUE,
     executed |-> TRUE ],
   [ instr |->
         [ ind |-> 4474,
           type |-> "MemRead",
           r0 |-> "a5",
           r1 |-> "",
           r2 |-> "",
           addr |-> "0x10688" ],
     done |-> TRUE,
     executed |-> TRUE ],
   [ instr |->
         [ ind |-> 4475,
           type |-> "IntAlu",
           r0 |-> "a4",
           r1 |-> "a5",
           r2 |-> "",
           addr |-> "0x1068c" ],
     done |-> TRUE,
     executed |-> TRUE ],
   [ instr |->
         [ ind |-> 4476,
           type |-> "IntAlu",
           r0 |-> "a5",
           r1 |-> "",
           r2 |-> "",
           addr |-> "0x10690" ],
     done |-> TRUE,
     executed |-> TRUE ],
   [ instr |->
         [ ind |-> 4477,
           type |-> "IntAlu",
           r0 |-> "a5",
           r1 |-> "a4",
           r2 |-> "",
           addr |-> "0x10692" ],
     done |-> TRUE,
     executed |-> TRUE ],
   [ instr |->
         [ ind |-> 4478,
           type |-> "IntAlu",
           r0 |-> "a5",
           r1 |-> "",
           r2 |-> "",
           addr |-> "0x10568" ],
     done |-> TRUE,
     executed |-> TRUE ],
   [ instr |->
         [ ind |-> 4479,
           type |-> "MemRead",
           r0 |-> "a5",
           r1 |-> "",
           r2 |-> "",
           addr |-> "0x1056c" ],
     done |-> TRUE,
     executed |-> TRUE ],
   [ instr |->
         [ ind |-> 4480,
           type |-> "IntAlu",
           r0 |-> "a5",
           r1 |-> "",
           r2 |-> "",
           addr |-> "0x10570" ],
     done |-> TRUE,
     executed |-> TRUE ],
   [ instr |->
         [ ind |-> 4481,
           type |-> "IntAlu",
           r0 |-> "a4",
           r1 |-> "a5",
           r2 |-> "",
           addr |-> "0x10572" ],
     done |-> TRUE,
     executed |-> TRUE ],
   [ instr |->
         [ ind |-> 4482,
           type |-> "IntAlu",
           r0 |-> "a5",
           r1 |-> "",
           r2 |-> "",
           addr |-> "0x10576" ],
     done |-> TRUE,
     executed |-> TRUE ],
   [ instr |->
         [ ind |-> 4483,
           type |-> "MemWrite",
           r0 |-> "a4",
           r1 |-> "",
           r2 |-> "",
           addr |-> "0x1057a" ],
     done |-> TRUE,
     executed |-> TRUE ],
   [ instr |->
         [ ind |-> 4484,
           type |-> "MemRead",
           r0 |-> "a5",
           r1 |-> "",
           r2 |-> "",
           addr |-> "0x1057e" ],
     done |-> TRUE,
     executed |-> TRUE ],
   [ instr |->
         [ ind |-> 4485,
           type |-> "MemWrite",
           r0 |-> "a5",
           r1 |-> "",
           r2 |-> "",
           addr |-> "0x10582" ],
     done |-> TRUE,
     executed |-> TRUE ],
   [ instr |->
         [ ind |-> 4486,
           type |-> "IntAlu",
           r0 |-> "a5",
           r1 |-> "",
           r2 |-> "",
           addr |-> "0x10586" ],
     done |-> TRUE,
     executed |-> TRUE ],
   [ instr |->
         [ ind |-> 4487,
           type |-> "MemWrite",
           r0 |-> "zero",
           r1 |-> "",
           r2 |-> "",
           addr |-> "0x1058a" ],
     done |-> TRUE,
     executed |-> TRUE ],
   [ instr |->
         [ ind |-> 4488,
           type |-> "IntAlu",
           r0 |-> "",
           r1 |-> "",
           r2 |-> "",
           addr |-> "0x1058e" ],
     done |-> TRUE,
     executed |-> TRUE ],
   [ instr |->
         [ ind |-> 4489,
           type |-> "IntAlu",
           r0 |-> "a5",
           r1 |-> "",
           r2 |-> "",
           addr |-> "0x10608" ],
     done |-> TRUE,
     executed |-> TRUE ],
   [ instr |->
         [ ind |-> 4490,
           type |-> "IntAlu",
           r0 |-> "a4",
           r1 |-> "a5",
           r2 |-> "",
           addr |-> "0x1060c" ],
     done |-> TRUE,
     executed |-> TRUE ],
   [ instr |->
         [ ind |-> 4491,
           type |-> "MemRead",
           r0 |-> "a5",
           r1 |-> "",
           r2 |-> "",
           addr |-> "0x10610" ],
     done |-> FALSE,
     executed |-> TRUE ],
   [ instr |->
         [ ind |-> 4492,
           type |-> "IntAlu",
           r0 |-> "a5",
           r1 |-> "",
           r2 |-> "",
           addr |-> "0x10614" ],
     done |-> FALSE,
     executed |-> TRUE ],
   [ instr |->
         [ ind |-> 4493,
           type |-> "IntAlu",
           r0 |-> "a5",
           r1 |-> "a4",
           r2 |-> "",
           addr |-> "0x10616" ],
     done |-> FALSE,
     executed |-> TRUE ],
   [ instr |->
         [ ind |-> 4494,
           type |-> "MemRead",
           r0 |-> "a3",
           r1 |-> "",
           r2 |-> "",
           addr |-> "0x10618" ],
     done |-> FALSE,
     executed |-> TRUE ],
   [ instr |->
         [ ind |-> 4495,
           type |-> "MemRead",
           r0 |-> "a5",
           r1 |-> "",
           r2 |-> "",
           addr |-> "0x1061a" ],
     done |-> FALSE,
     executed |-> TRUE ] >>
/\ _FU = << [ instr |->
         [ ind |-> 0,
           type |-> "No_OpClass",
           r0 |-> "",
           r1 |-> "",
           r2 |-> "",
           addr |-> "" ],
     baseLat |-> 1,
     currLat |-> 1 ],
   [ instr |->
         [ ind |-> 0,
           type |-> "No_OpClass",
           r0 |-> "",
           r1 |-> "",
           r2 |-> "",
           addr |-> "" ],
     baseLat |-> 1,
     currLat |-> 1 ],
   [ instr |->
         [ ind |-> 0,
           type |-> "No_OpClass",
           r0 |-> "",
           r1 |-> "",
           r2 |-> "",
           addr |-> "" ],
     baseLat |-> 1,
     currLat |-> 1 ],
   [ instr |->
         [ ind |-> 0,
           type |-> "No_OpClass",
           r0 |-> "",
           r1 |-> "",
           r2 |-> "",
           addr |-> "" ],
     baseLat |-> 1,
     currLat |-> 1 ] >>

@!@!@ENDMSG 2217 @!@!@
@!@!@STARTMSG 2217:4 @!@!@
28: <Next line 63, col 9 to line 67, col 64 of module pipeline_ooo>
/\ _RS2 = <<{}, {}, {}, {}>>
/\ _COM2 = << [ ind |-> 4493,
     type |-> "IntAlu",
     r0 |-> "a5",
     r1 |-> "a4",
     r2 |-> "",
     addr |-> "0x10616" ],
   [ ind |-> 4494,
     type |-> "MemRead",
     r0 |-> "a3",
     r1 |-> "",
     r2 |-> "",
     addr |-> "0x10618" ] >>
/\ _ID = << [ ind |-> 0,
     type |-> "No_OpClass",
     r0 |-> "",
     r1 |-> "",
     r2 |-> "",
     addr |-> "" ],
   [ ind |-> 0,
     type |-> "No_OpClass",
     r0 |-> "",
     r1 |-> "",
     r2 |-> "",
     addr |-> "" ] >>
/\ _IF = << [ instr |->
         [ ind |-> 0,
           type |-> "No_OpClass",
           r0 |-> "",
           r1 |-> "",
           r2 |-> "",
           addr |-> "" ],
     baseLat |-> 1,
     currLat |-> 1 ],
   [ instr |->
         [ ind |-> 0,
           type |-> "No_OpClass",
           r0 |-> "",
           r1 |-> "",
           r2 |-> "",
           addr |-> "" ],
     baseLat |-> 1,
     currLat |-> 1 ] >>
/\ _FU2 = << [ instr |->
         [ ind |-> 0,
           type |-> "No_OpClass",
           r0 |-> "",
           r1 |-> "",
           r2 |-> "",
           addr |-> "" ],
     baseLat |-> 1,
     currLat |-> 1 ],
   [ instr |->
         [ ind |-> 0,
           type |-> "No_OpClass",
           r0 |-> "",
           r1 |-> "",
           r2 |-> "",
           addr |-> "" ],
     baseLat |-> 1,
     currLat |-> 1 ],
   [ instr |->
         [ ind |-> 0,
           type |-> "No_OpClass",
           r0 |-> "",
           r1 |-> "",
           r2 |-> "",
           addr |-> "" ],
     baseLat |-> 1,
     currLat |-> 1 ],
   [ instr |->
         [ ind |-> 0,
           type |-> "No_OpClass",
           r0 |-> "",
           r1 |-> "",
           r2 |-> "",
           addr |-> "" ],
     baseLat |-> 1,
     currLat |-> 1 ] >>
/\ _COM = << [ ind |-> 0,
     type |-> "No_OpClass",
     r0 |-> "",
     r1 |-> "",
     r2 |-> "",
     addr |-> "" ],
   [ ind |-> 0,
     type |-> "No_OpClass",
     r0 |-> "",
     r1 |-> "",
     r2 |-> "",
     addr |-> "" ] >>
/\ exec_inst2 = 2
/\ _ID2 = << [ ind |-> 0,
     type |-> "No_OpClass",
     r0 |-> "",
     r1 |-> "",
     r2 |-> "",
     addr |-> "" ],
   [ ind |-> 0,
     type |-> "No_OpClass",
     r0 |-> "",
     r1 |-> "",
     r2 |-> "",
     addr |-> "" ] >>
/\ graph = [ nodes |->
      << [ ind |-> 4466,
           addr |-> "0x10552",
           COM |-> 4,
           IFacq |-> 1,
           IFrel |-> 2,
           IDacq |-> 2,
           IDrel |-> 3,
           FUacq |-> 3,
           FUrel |-> 4,
           ROB |-> 2,
           RS |-> 2,
           FU |-> 1 ],
         [ ind |-> 4467,
           addr |-> "0x10554",
           COM |-> 4,
           IFacq |-> 1,
           IFrel |-> 2,
           IDacq |-> 2,
           IDrel |-> 3,
           FUacq |-> 3,
           FUrel |-> 4,
           ROB |-> 2,
           RS |-> 2,
           FU |-> 2 ],
         [ ind |-> 4468,
           addr |-> "0x10556",
           COM |-> 5,
           IFacq |-> 2,
           IFrel |-> 3,
           IDacq |-> 3,
           IDrel |-> 4,
           FUacq |-> 4,
           FUrel |-> 5,
           ROB |-> 3,
           RS |-> 3,
           FU |-> 1 ],
         [ ind |-> 4469,
           addr |-> "0x10558",
           COM |-> 6,
           IFacq |-> 2,
           IFrel |-> 3,
           IDacq |-> 3,
           IDrel |-> 4,
           FUacq |-> 5,
           FUrel |-> 6,
           ROB |-> 3,
           RS |-> 3,
           FU |-> 1 ],
         [ ind |-> 4470,
           addr |-> "0x1055a",
           COM |-> 6,
           IFacq |-> 3,
           IFrel |-> 4,
           IDacq |-> 4,
           IDrel |-> 5,
           FUacq |-> 5,
           FUrel |-> 6,
           ROB |-> 4,
           RS |-> 4,
           FU |-> 2 ],
         [ ind |-> 4471,
           addr |-> "0x1055e",
           COM |-> 7,
           IFacq |-> 3,
           IFrel |-> 4,
           IDacq |-> 4,
           IDrel |-> 5,
           FUacq |-> 6,
           FUrel |-> 7,
           ROB |-> 4,
           RS |-> 4,
           FU |-> 1 ],
         [ ind |-> 4472,
           addr |-> "0x10562",
           COM |-> 7,
           IFacq |-> 4,
           IFrel |-> 5,
           IDacq |-> 5,
           IDrel |-> 6,
           FUacq |-> 6,
           FUrel |-> 7,
           ROB |-> 5,
           RS |-> 5,
           FU |-> 2 ],
         [ ind |-> 4473,
           addr |-> "0x10566",
           COM |-> 8,
           IFacq |-> 4,
           IFrel |-> 5,
           IDacq |-> 5,
           IDrel |-> 6,
           FUacq |-> 7,
           FUrel |-> 8,
           ROB |-> 5,
           RS |-> 5,
           FU |-> 1 ],
         [ ind |-> 4474,
           addr |-> "0x10688",
           COM |-> 8,
           IFacq |-> 5,
           IFrel |-> 6,
           IDacq |-> 6,
           IDrel |-> 7,
           FUacq |-> 7,
           FUrel |-> 8,
           ROB |-> 6,
           RS |-> 6,
           FU |-> 2 ],
         [ ind |-> 4475,
           addr |-> "0x1068c",
           COM |-> 9,
           IFacq |-> 5,
           IFrel |-> 6,
           IDacq |-> 6,
           IDrel |-> 7,
           FUacq |-> 8,
           FUrel |-> 9,
           ROB |-> 6,
           RS |-> 6,
           FU |-> 1 ],
         [ ind |-> 4476,
           addr |-> "0x10690",
           COM |-> 10,
           IFacq |-> 6,
           IFrel |-> 7,
           IDacq |-> 7,
           IDrel |-> 8,
           FUacq |-> 9,
           FUrel |-> 10,
           ROB |-> 7,
           RS |-> 7,
           FU |-> 1 ],
         [ ind |-> 4477,
           addr |-> "0x10692",
           COM |-> 11,
           IFacq |-> 6,
           IFrel |-> 7,
           IDacq |-> 7,
           IDrel |-> 8,
           FUacq |-> 10,
           FUrel |-> 11,
           ROB |-> 7,
           RS |-> 7,
           FU |-> 1 ],
         [ ind |-> 4478,
           addr |-> "0x10568",
           COM |-> 12,
           IFacq |-> 7,
           IFrel |-> 8,
           IDacq |-> 8,
           IDrel |-> 9,
           FUacq |-> 11,
           FUrel |-> 12,
           ROB |-> 8,
           RS |-> 8,
           FU |-> 1 ],
         [ ind |-> 4479,
           addr |-> "0x1056c",
           COM |-> 12,
           IFacq |-> 7,
           IFrel |-> 8,
           IDacq |-> 8,
           IDrel |-> 9,
           FUacq |-> 9,
           FUrel |-> 10,
           ROB |-> 8,
           RS |-> 8,
           FU |-> 2 ],
         [ ind |-> 4480,
           addr |-> "0x10570",
           COM |-> 13,
           IFacq |-> 8,
           IFrel |-> 9,
           IDacq |-> 9,
           IDrel |-> 10,
           FUacq |-> 12,
           FUrel |-> 13,
           ROB |-> 9,
           RS |-> 9,
           FU |-> 1 ],
         [ ind |-> 4481,
           addr |-> "0x10572",
           COM |-> 14,
           IFacq |-> 8,
           IFrel |-> 9,
           IDacq |-> 9,
           IDrel |-> 10,
           FUacq |-> 13,
           FUrel |-> 14,
           ROB |-> 9,
           RS |-> 9,
           FU |-> 1 ],
         [ ind |-> 4482,
           addr |-> "0x10576",
           COM |-> 15,
           IFacq |-> 9,
           IFrel |-> 10,
           IDacq |-> 10,
           IDrel |-> 11,
           FUacq |-> 14,
           FUrel |-> 15,
           ROB |-> 10,
           RS |-> 10,
           FU |-> 1 ],
         [ ind |-> 4483,
           addr |-> "0x1057a",
           COM |-> 15,
           IFacq |-> 9,
           IFrel |-> 10,
           IDacq |-> 10,
           IDrel |-> 11,
           FUacq |-> 11,
           FUrel |-> 12,
           ROB |-> 10,
           RS |-> 10,
           FU |-> 2 ],
         [ ind |-> 4484,
           addr |-> "0x1057e",
           COM |-> 16,
           IFacq |-> 10,
           IFrel |-> 11,
           IDacq |-> 11,
           IDrel |-> 12,
           FUacq |-> 12,
           FUrel |-> 13,
           ROB |-> 11,
           RS |-> 11,
           FU |-> 2 ],
         [ ind |-> 4485,
           addr |-> "0x10582",
           COM |-> 16,
           IFacq |-> 10,
           IFrel |-> 11,
           IDacq |-> 11,
           IDrel |-> 12,
           FUacq |-> 13,
           FUrel |-> 14,
           ROB |-> 11,
           RS |-> 11,
           FU |-> 2 ],
         [ ind |-> 4486,
           addr |-> "0x10586",
           COM |-> 17,
           IFacq |-> 11,
           IFrel |-> 12,
           IDacq |-> 12,
           IDrel |-> 13,
           FUacq |-> 15,
           FUrel |-> 16,
           ROB |-> 12,
           RS |-> 12,
           FU |-> 1 ],
         [ ind |-> 4487,
           addr |-> "0x1058a",
           COM |-> 17,
           IFacq |-> 11,
           IFrel |-> 12,
           IDacq |-> 12,
           IDrel |-> 13,
           FUacq |-> 14,
           FUrel |-> 15,
           ROB |-> 12,
           RS |-> 12,
           FU |-> 2 ],
         [ ind |-> 4488,
           addr |-> "0x1058e",
           COM |-> 18,
           IFacq |-> 12,
           IFrel |-> 13,
           IDacq |-> 13,
           IDrel |-> 14,
           FUacq |-> 16,
           FUrel |-> 17,
           ROB |-> 13,
           RS |-> 13,
           FU |-> 1 ],
         [ ind |-> 4489,
           addr |-> "0x10608",
           COM |-> 18,
           IFacq |-> 12,
           IFrel |-> 13,
           IDacq |-> 13,
           IDrel |-> 14,
           FUacq |-> 17,
           FUrel |-> 18,
           ROB |-> 13,
           RS |-> 13,
           FU |-> 1 ],
         [ ind |-> 4490,
           addr |-> "0x1060c",
           COM |-> 19,
           IFacq |-> 13,
           IFrel |-> 14,
           IDacq |-> 14,
           IDrel |-> 15,
           FUacq |-> 18,
           FUrel |-> 19,
           ROB |-> 14,
           RS |-> 14,
           FU |-> 1 ],
         [ ind |-> 4491,
           addr |-> "0x10610",
           COM |-> 19,
           IFacq |-> 13,
           IFrel |-> 14,
           IDacq |-> 14,
           IDrel |-> 15,
           FUacq |-> 15,
           FUrel |-> 16,
           ROB |-> 14,
           RS |-> 14,
           FU |-> 2 ],
         [ ind |-> 4492,
           addr |-> "0x10614",
           COM |-> 20,
           IFacq |-> 14,
           IFrel |-> 15,
           IDacq |-> 15,
           IDrel |-> 16,
           FUacq |-> 19,
           FUrel |-> 20,
           ROB |-> 15,
           RS |-> 15,
           FU |-> 1 ],
         [ ind |-> 4493,
           addr |-> "0x10616",
           COM |-> 21,
           IFacq |-> 14,
           IFrel |-> 15,
           IDacq |-> 15,
           IDrel |-> 16,
           FUacq |-> 20,
           FUrel |-> 21,
           ROB |-> 15,
           RS |-> 15,
           FU |-> 1 ],
         [ ind |-> 4494,
           addr |-> "0x10618",
           COM |-> 21,
           IFacq |-> 15,
           IFrel |-> 16,
           IDacq |-> 16,
           IDrel |-> 17,
           FUacq |-> 17,
           FUrel |-> 18,
           ROB |-> 16,
           RS |-> 16,
           FU |-> 2 ],
         [ ind |-> 4495,
           addr |-> "0x1061a",
           COM |-> 22,
           IFacq |-> 15,
           IFrel |-> 16,
           IDacq |-> 16,
           IDrel |-> 17,
           FUacq |-> 18,
           FUrel |-> 19,
           ROB |-> 16,
           RS |-> 16,
           FU |-> 2 ] >>,
  edges |->
      { [type |-> "D", source |-> 4466, dest |-> 4468],
        [type |-> "D", source |-> 4474, dest |-> 4475],
        [type |-> "D", source |-> 4480, dest |-> 4481],
        [type |-> "D", source |-> 4489, dest |-> 4490] } ]
/\ currCycle2 = 27
/\ _IF2 = << [ instr |->
         [ ind |-> 0,
           type |-> "No_OpClass",
           r0 |-> "",
           r1 |-> "",
           r2 |-> "",
           addr |-> "" ],
     baseLat |-> 1,
     currLat |-> 1 ],
   [ instr |->
         [ ind |-> 0,
           type |-> "No_OpClass",
           r0 |-> "",
           r1 |-> "",
           r2 |-> "",
           addr |-> "" ],
     baseLat |-> 1,
     currLat |-> 1 ] >>
/\ lastBound = 0
/\ graph2 = [ nodes |->
      << [ ind |-> 4466,
           addr |-> "0x10552",
           COM |-> 4,
           IFacq |-> 1,
           IFrel |-> 2,
           IDacq |-> 2,
           IDrel |-> 3,
           FUacq |-> 3,
           FUrel |-> 4,
           ROB |-> 2,
           RS |-> 2,
           FU |-> 1 ],
         [ ind |-> 4467,
           addr |-> "0x10554",
           COM |-> 4,
           IFacq |-> 1,
           IFrel |-> 2,
           IDacq |-> 2,
           IDrel |-> 3,
           FUacq |-> 3,
           FUrel |-> 4,
           ROB |-> 2,
           RS |-> 2,
           FU |-> 2 ],
         [ ind |-> 4468,
           addr |-> "0x10556",
           COM |-> 5,
           IFacq |-> 2,
           IFrel |-> 3,
           IDacq |-> 3,
           IDrel |-> 4,
           FUacq |-> 4,
           FUrel |-> 5,
           ROB |-> 3,
           RS |-> 3,
           FU |-> 1 ],
         [ ind |-> 4469,
           addr |-> "0x10558",
           COM |-> 6,
           IFacq |-> 2,
           IFrel |-> 3,
           IDacq |-> 3,
           IDrel |-> 4,
           FUacq |-> 5,
           FUrel |-> 6,
           ROB |-> 3,
           RS |-> 3,
           FU |-> 1 ],
         [ ind |-> 4470,
           addr |-> "0x1055a",
           COM |-> 6,
           IFacq |-> 3,
           IFrel |-> 4,
           IDacq |-> 4,
           IDrel |-> 5,
           FUacq |-> 5,
           FUrel |-> 6,
           ROB |-> 4,
           RS |-> 4,
           FU |-> 2 ],
         [ ind |-> 4471,
           addr |-> "0x1055e",
           COM |-> 7,
           IFacq |-> 3,
           IFrel |-> 4,
           IDacq |-> 4,
           IDrel |-> 5,
           FUacq |-> 6,
           FUrel |-> 7,
           ROB |-> 4,
           RS |-> 4,
           FU |-> 1 ],
         [ ind |-> 4472,
           addr |-> "0x10562",
           COM |-> 7,
           IFacq |-> 4,
           IFrel |-> 5,
           IDacq |-> 5,
           IDrel |-> 6,
           FUacq |-> 6,
           FUrel |-> 7,
           ROB |-> 5,
           RS |-> 5,
           FU |-> 2 ],
         [ ind |-> 4473,
           addr |-> "0x10566",
           COM |-> 8,
           IFacq |-> 4,
           IFrel |-> 5,
           IDacq |-> 5,
           IDrel |-> 6,
           FUacq |-> 7,
           FUrel |-> 8,
           ROB |-> 5,
           RS |-> 5,
           FU |-> 1 ],
         [ ind |-> 4474,
           addr |-> "0x10688",
           COM |-> 17,
           IFacq |-> 5,
           IFrel |-> 6,
           IDacq |-> 6,
           IDrel |-> 7,
           FUacq |-> 7,
           FUrel |-> 17,
           ROB |-> 6,
           RS |-> 6,
           FU |-> 2 ],
         [ ind |-> 4475,
           addr |-> "0x1068c",
           COM |-> 18,
           IFacq |-> 5,
           IFrel |-> 6,
           IDacq |-> 6,
           IDrel |-> 7,
           FUacq |-> 17,
           FUrel |-> 18,
           ROB |-> 6,
           RS |-> 6,
           FU |-> 1 ],
         [ ind |-> 4476,
           addr |-> "0x10690",
           COM |-> 18,
           IFacq |-> 6,
           IFrel |-> 7,
           IDacq |-> 7,
           IDrel |-> 8,
           FUacq |-> 8,
           FUrel |-> 9,
           ROB |-> 7,
           RS |-> 7,
           FU |-> 1 ],
         [ ind |-> 4477,
           addr |-> "0x10692",
           COM |-> 19,
           IFacq |-> 6,
           IFrel |-> 7,
           IDacq |-> 7,
           IDrel |-> 8,
           FUacq |-> 18,
           FUrel |-> 19,
           ROB |-> 7,
           RS |-> 7,
           FU |-> 1 ],
         [ ind |-> 4478,
           addr |-> "0x10568",
           COM |-> 19,
           IFacq |-> 7,
           IFrel |-> 8,
           IDacq |-> 8,
           IDrel |-> 9,
           FUacq |-> 9,
           FUrel |-> 10,
           ROB |-> 8,
           RS |-> 8,
           FU |-> 1 ],
         [ ind |-> 4479,
           addr |-> "0x1056c",
           COM |-> 20,
           IFacq |-> 7,
           IFrel |-> 8,
           IDacq |-> 8,
           IDrel |-> 9,
           FUacq |-> 17,
           FUrel |-> 18,
           ROB |-> 8,
           RS |-> 8,
           FU |-> 2 ],
         [ ind |-> 4480,
           addr |-> "0x10570",
           COM |-> 20,
           IFacq |-> 8,
           IFrel |-> 9,
           IDacq |-> 9,
           IDrel |-> 10,
           FUacq |-> 10,
           FUrel |-> 11,
           ROB |-> 9,
           RS |-> 9,
           FU |-> 1 ],
         [ ind |-> 4481,
           addr |-> "0x10572",
           COM |-> 21,
           IFacq |-> 8,
           IFrel |-> 9,
           IDacq |-> 9,
           IDrel |-> 10,
           FUacq |-> 19,
           FUrel |-> 20,
           ROB |-> 9,
           RS |-> 9,
           FU |-> 1 ],
         [ ind |-> 4482,
           addr |-> "0x10576",
           COM |-> 21,
           IFacq |-> 9,
           IFrel |-> 10,
           IDacq |-> 10,
           IDrel |-> 11,
           FUacq |-> 11,
           FUrel |-> 12,
           ROB |-> 10,
           RS |-> 10,
           FU |-> 1 ],
         [ ind |-> 4483,
           addr |-> "0x1057a",
           COM |-> 22,
           IFacq |-> 9,
           IFrel |-> 10,
           IDacq |-> 10,
           IDrel |-> 11,
           FUacq |-> 18,
           FUrel |-> 19,
           ROB |-> 10,
           RS |-> 10,
           FU |-> 2 ],
         [ ind |-> 4484,
           addr |-> "0x1057e",
           COM |-> 22,
           IFacq |-> 10,
           IFrel |-> 11,
           IDacq |-> 11,
           IDrel |-> 12,
           FUacq |-> 19,
           FUrel |-> 20,
           ROB |-> 11,
           RS |-> 11,
           FU |-> 2 ],
         [ ind |-> 4485,
           addr |-> "0x10582",
           COM |-> 23,
           IFacq |-> 10,
           IFrel |-> 11,
           IDacq |-> 11,
           IDrel |-> 12,
           FUacq |-> 20,
           FUrel |-> 21,
           ROB |-> 11,
           RS |-> 11,
           FU |-> 2 ],
         [ ind |-> 4486,
           addr |-> "0x10586",
           COM |-> 23,
           IFacq |-> 11,
           IFrel |-> 12,
           IDacq |-> 12,
           IDrel |-> 20,
           FUacq |-> 20,
           FUrel |-> 21,
           ROB |-> 19,
           RS |-> 19,
           FU |-> 1 ],
         [ ind |-> 4487,
           addr |-> "0x1058a",
           COM |-> 24,
           IFacq |-> 11,
           IFrel |-> 12,
           IDacq |-> 12,
           IDrel |-> 20,
           FUacq |-> 21,
           FUrel |-> 22,
           ROB |-> 19,
           RS |-> 19,
           FU |-> 2 ],
         [ ind |-> 4488,
           addr |-> "0x1058e",
           COM |-> 24,
           IFacq |-> 12,
           IFrel |-> 13,
           IDacq |-> 20,
           IDrel |-> 21,
           FUacq |-> 21,
           FUrel |-> 22,
           ROB |-> 20,
           RS |-> 20,
           FU |-> 1 ],
         [ ind |-> 4489,
           addr |-> "0x10608",
           COM |-> 25,
           IFacq |-> 12,
           IFrel |-> 13,
           IDacq |-> 20,
           IDrel |-> 21,
           FUacq |-> 22,
           FUrel |-> 23,
           ROB |-> 20,
           RS |-> 20,
           FU |-> 1 ],
         [ ind |-> 4490,
           addr |-> "0x1060c",
           COM |-> 25,
           IFacq |-> 20,
           IFrel |-> 21,
           IDacq |-> 21,
           IDrel |-> 22,
           FUacq |-> 23,
           FUrel |-> 24,
           ROB |-> 21,
           RS |-> 21,
           FU |-> 1 ],
         [ ind |-> 4491,
           addr |-> "0x10610",
           COM |-> 26,
           IFacq |-> 20,
           IFrel |-> 21,
           IDacq |-> 21,
           IDrel |-> 22,
           FUacq |-> 22,
           FUrel |-> 23,
           ROB |-> 21,
           RS |-> 21,
           FU |-> 2 ],
         [ ind |-> 4492,
           addr |-> "0x10614",
           COM |-> 26,
           IFacq |-> 21,
           IFrel |-> 22,
           IDacq |-> 22,
           IDrel |-> 23,
           FUacq |-> 24,
           FUrel |-> 25,
           ROB |-> 22,
           RS |-> 22,
           FU |-> 1 ],
         [ ind |-> 4493,
           addr |-> "0x10616",
           COM |-> 0,
           IFacq |-> 21,
           IFrel |-> 22,
           IDacq |-> 22,
           IDrel |-> 23,
           FUacq |-> 25,
           FUrel |-> 26,
           ROB |-> 22,
           RS |-> 22,
           FU |-> 1 ],
         [ ind |-> 4494,
           addr |-> "0x10618",
           COM |-> 0,
           IFacq |-> 22,
           IFrel |-> 23,
           IDacq |-> 23,
           IDrel |-> 24,
           FUacq |-> 24,
           FUrel |-> 25,
           ROB |-> 23,
           RS |-> 23,
           FU |-> 2 ],
         [ ind |-> 4495,
           addr |-> "0x1061a",
           COM |-> 0,
           IFacq |-> 22,
           IFrel |-> 23,
           IDacq |-> 23,
           IDrel |-> 24,
           FUacq |-> 25,
           FUrel |-> 26,
           ROB |-> 23,
           RS |-> 23,
           FU |-> 2 ] >>,
  edges |->
      { [type |-> "D", source |-> 4466, dest |-> 4468],
        [type |-> "D", source |-> 4474, dest |-> 4475],
        [type |-> "D", source |-> 4475, dest |-> 4477],
        [type |-> "D", source |-> 4477, dest |-> 4481],
        [type |-> "D", source |-> 4478, dest |-> 4481],
        [type |-> "D", source |-> 4479, dest |-> 4481],
        [type |-> "D", source |-> 4480, dest |-> 4481],
        [type |-> "D", source |-> 4485, dest |-> 4490],
        [type |-> "D", source |-> 4486, dest |-> 4490],
        [type |-> "D", source |-> 4489, dest |-> 4490],
        [type |-> "D", source |-> 4490, dest |-> 4493] } ]
/\ pc2 = 30
/\ robHead = 31
/\ rob = << [ instr |->
         [ ind |-> 4466,
           type |-> "IntAlu",
           r0 |-> "sp",
           r1 |-> "",
           r2 |-> "",
           addr |-> "0x10552" ],
     done |-> TRUE,
     executed |-> TRUE ],
   [ instr |->
         [ ind |-> 4467,
           type |-> "MemWrite",
           r0 |-> "s0",
           r1 |-> "",
           r2 |-> "",
           addr |-> "0x10554" ],
     done |-> TRUE,
     executed |-> TRUE ],
   [ instr |->
         [ ind |-> 4468,
           type |-> "IntAlu",
           r0 |-> "s0",
           r1 |-> "sp",
           r2 |-> "",
           addr |-> "0x10556" ],
     done |-> TRUE,
     executed |-> TRUE ],
   [ instr |->
         [ ind |-> 4469,
           type |-> "IntAlu",
           r0 |-> "a5",
           r1 |-> "",
           r2 |-> "",
           addr |-> "0x10558" ],
     done |-> TRUE,
     executed |-> TRUE ],
   [ instr |->
         [ ind |-> 4470,
           type |-> "MemWrite",
           r0 |-> "a5",
           r1 |-> "",
           r2 |-> "",
           addr |-> "0x1055a" ],
     done |-> TRUE,
     executed |-> TRUE ],
   [ instr |->
         [ ind |-> 4471,
           type |-> "IntAlu",
           r0 |-> "a5",
           r1 |-> "",
           r2 |-> "",
           addr |-> "0x1055e" ],
     done |-> TRUE,
     executed |-> TRUE ],
   [ instr |->
         [ ind |-> 4472,
           type |-> "MemWrite",
           r0 |-> "zero",
           r1 |-> "",
           r2 |-> "",
           addr |-> "0x10562" ],
     done |-> TRUE,
     executed |-> TRUE ],
   [ instr |->
         [ ind |-> 4473,
           type |-> "IntAlu",
           r0 |-> "",
           r1 |-> "",
           r2 |-> "",
           addr |-> "0x10566" ],
     done |-> TRUE,
     executed |-> TRUE ],
   [ instr |->
         [ ind |-> 4474,
           type |-> "MemRead",
           r0 |-> "a5",
           r1 |-> "",
           r2 |-> "",
           addr |-> "0x10688" ],
     done |-> TRUE,
     executed |-> TRUE ],
   [ instr |->
         [ ind |-> 4475,
           type |-> "IntAlu",
           r0 |-> "a4",
           r1 |-> "a5",
           r2 |-> "",
           addr |-> "0x1068c" ],
     done |-> TRUE,
     executed |-> TRUE ],
   [ instr |->
         [ ind |-> 4476,
           type |-> "IntAlu",
           r0 |-> "a5",
           r1 |-> "",
           r2 |-> "",
           addr |-> "0x10690" ],
     done |-> TRUE,
     executed |-> TRUE ],
   [ instr |->
         [ ind |-> 4477,
           type |-> "IntAlu",
           r0 |-> "a5",
           r1 |-> "a4",
           r2 |-> "",
           addr |-> "0x10692" ],
     done |-> TRUE,
     executed |-> TRUE ],
   [ instr |->
         [ ind |-> 4478,
           type |-> "IntAlu",
           r0 |-> "a5",
           r1 |-> "",
           r2 |-> "",
           addr |-> "0x10568" ],
     done |-> TRUE,
     executed |-> TRUE ],
   [ instr |->
         [ ind |-> 4479,
           type |-> "MemRead",
           r0 |-> "a5",
           r1 |-> "",
           r2 |-> "",
           addr |-> "0x1056c" ],
     done |-> TRUE,
     executed |-> TRUE ],
   [ instr |->
         [ ind |-> 4480,
           type |-> "IntAlu",
           r0 |-> "a5",
           r1 |-> "",
           r2 |-> "",
           addr |-> "0x10570" ],
     done |-> TRUE,
     executed |-> TRUE ],
   [ instr |->
         [ ind |-> 4481,
           type |-> "IntAlu",
           r0 |-> "a4",
           r1 |-> "a5",
           r2 |-> "",
           addr |-> "0x10572" ],
     done |-> TRUE,
     executed |-> TRUE ],
   [ instr |->
         [ ind |-> 4482,
           type |-> "IntAlu",
           r0 |-> "a5",
           r1 |-> "",
           r2 |-> "",
           addr |-> "0x10576" ],
     done |-> TRUE,
     executed |-> TRUE ],
   [ instr |->
         [ ind |-> 4483,
           type |-> "MemWrite",
           r0 |-> "a4",
           r1 |-> "",
           r2 |-> "",
           addr |-> "0x1057a" ],
     done |-> TRUE,
     executed |-> TRUE ],
   [ instr |->
         [ ind |-> 4484,
           type |-> "MemRead",
           r0 |-> "a5",
           r1 |-> "",
           r2 |-> "",
           addr |-> "0x1057e" ],
     done |-> TRUE,
     executed |-> TRUE ],
   [ instr |->
         [ ind |-> 4485,
           type |-> "MemWrite",
           r0 |-> "a5",
           r1 |-> "",
           r2 |-> "",
           addr |-> "0x10582" ],
     done |-> TRUE,
     executed |-> TRUE ],
   [ instr |->
         [ ind |-> 4486,
           type |-> "IntAlu",
           r0 |-> "a5",
           r1 |-> "",
           r2 |-> "",
           addr |-> "0x10586" ],
     done |-> TRUE,
     executed |-> TRUE ],
   [ instr |->
         [ ind |-> 4487,
           type |-> "MemWrite",
           r0 |-> "zero",
           r1 |-> "",
           r2 |-> "",
           addr |-> "0x1058a" ],
     done |-> TRUE,
     executed |-> TRUE ],
   [ instr |->
         [ ind |-> 4488,
           type |-> "IntAlu",
           r0 |-> "",
           r1 |-> "",
           r2 |-> "",
           addr |-> "0x1058e" ],
     done |-> TRUE,
     executed |-> TRUE ],
   [ instr |->
         [ ind |-> 4489,
           type |-> "IntAlu",
           r0 |-> "a5",
           r1 |-> "",
           r2 |-> "",
           addr |-> "0x10608" ],
     done |-> TRUE,
     executed |-> TRUE ],
   [ instr |->
         [ ind |-> 4490,
           type |-> "IntAlu",
           r0 |-> "a4",
           r1 |-> "a5",
           r2 |-> "",
           addr |-> "0x1060c" ],
     done |-> TRUE,
     executed |-> TRUE ],
   [ instr |->
         [ ind |-> 4491,
           type |-> "MemRead",
           r0 |-> "a5",
           r1 |-> "",
           r2 |-> "",
           addr |-> "0x10610" ],
     done |-> TRUE,
     executed |-> TRUE ],
   [ instr |->
         [ ind |-> 4492,
           type |-> "IntAlu",
           r0 |-> "a5",
           r1 |-> "",
           r2 |-> "",
           addr |-> "0x10614" ],
     done |-> TRUE,
     executed |-> TRUE ],
   [ instr |->
         [ ind |-> 4493,
           type |-> "IntAlu",
           r0 |-> "a5",
           r1 |-> "a4",
           r2 |-> "",
           addr |-> "0x10616" ],
     done |-> TRUE,
     executed |-> TRUE ],
   [ instr |->
         [ ind |-> 4494,
           type |-> "MemRead",
           r0 |-> "a3",
           r1 |-> "",
           r2 |-> "",
           addr |-> "0x10618" ],
     done |-> TRUE,
     executed |-> TRUE ],
   [ instr |->
         [ ind |-> 4495,
           type |-> "MemRead",
           r0 |-> "a5",
           r1 |-> "",
           r2 |-> "",
           addr |-> "0x1061a" ],
     done |-> TRUE,
     executed |-> TRUE ] >>
/\ _RS = <<{}, {}, {}, {}>>
/\ currCycle = 23
/\ exec_inst = 1
/\ robHead2 = 28
/\ pc = 30
/\ rob2 = << [ instr |->
         [ ind |-> 4466,
           type |-> "IntAlu",
           r0 |-> "sp",
           r1 |-> "",
           r2 |-> "",
           addr |-> "0x10552" ],
     done |-> TRUE,
     executed |-> TRUE ],
   [ instr |->
         [ ind |-> 4467,
           type |-> "MemWrite",
           r0 |-> "s0",
           r1 |-> "",
           r2 |-> "",
           addr |-> "0x10554" ],
     done |-> TRUE,
     executed |-> TRUE ],
   [ instr |->
         [ ind |-> 4468,
           type |-> "IntAlu",
           r0 |-> "s0",
           r1 |-> "sp",
           r2 |-> "",
           addr |-> "0x10556" ],
     done |-> TRUE,
     executed |-> TRUE ],
   [ instr |->
         [ ind |-> 4469,
           type |-> "IntAlu",
           r0 |-> "a5",
           r1 |-> "",
           r2 |-> "",
           addr |-> "0x10558" ],
     done |-> TRUE,
     executed |-> TRUE ],
   [ instr |->
         [ ind |-> 4470,
           type |-> "MemWrite",
           r0 |-> "a5",
           r1 |-> "",
           r2 |-> "",
           addr |-> "0x1055a" ],
     done |-> TRUE,
     executed |-> TRUE ],
   [ instr |->
         [ ind |-> 4471,
           type |-> "IntAlu",
           r0 |-> "a5",
           r1 |-> "",
           r2 |-> "",
           addr |-> "0x1055e" ],
     done |-> TRUE,
     executed |-> TRUE ],
   [ instr |->
         [ ind |-> 4472,
           type |-> "MemWrite",
           r0 |-> "zero",
           r1 |-> "",
           r2 |-> "",
           addr |-> "0x10562" ],
     done |-> TRUE,
     executed |-> TRUE ],
   [ instr |->
         [ ind |-> 4473,
           type |-> "IntAlu",
           r0 |-> "",
           r1 |-> "",
           r2 |-> "",
           addr |-> "0x10566" ],
     done |-> TRUE,
     executed |-> TRUE ],
   [ instr |->
         [ ind |-> 4474,
           type |-> "MemRead",
           r0 |-> "a5",
           r1 |-> "",
           r2 |-> "",
           addr |-> "0x10688" ],
     done |-> TRUE,
     executed |-> TRUE ],
   [ instr |->
         [ ind |-> 4475,
           type |-> "IntAlu",
           r0 |-> "a4",
           r1 |-> "a5",
           r2 |-> "",
           addr |-> "0x1068c" ],
     done |-> TRUE,
     executed |-> TRUE ],
   [ instr |->
         [ ind |-> 4476,
           type |-> "IntAlu",
           r0 |-> "a5",
           r1 |-> "",
           r2 |-> "",
           addr |-> "0x10690" ],
     done |-> TRUE,
     executed |-> TRUE ],
   [ instr |->
         [ ind |-> 4477,
           type |-> "IntAlu",
           r0 |-> "a5",
           r1 |-> "a4",
           r2 |-> "",
           addr |-> "0x10692" ],
     done |-> TRUE,
     executed |-> TRUE ],
   [ instr |->
         [ ind |-> 4478,
           type |-> "IntAlu",
           r0 |-> "a5",
           r1 |-> "",
           r2 |-> "",
           addr |-> "0x10568" ],
     done |-> TRUE,
     executed |-> TRUE ],
   [ instr |->
         [ ind |-> 4479,
           type |-> "MemRead",
           r0 |-> "a5",
           r1 |-> "",
           r2 |-> "",
           addr |-> "0x1056c" ],
     done |-> TRUE,
     executed |-> TRUE ],
   [ instr |->
         [ ind |-> 4480,
           type |-> "IntAlu",
           r0 |-> "a5",
           r1 |-> "",
           r2 |-> "",
           addr |-> "0x10570" ],
     done |-> TRUE,
     executed |-> TRUE ],
   [ instr |->
         [ ind |-> 4481,
           type |-> "IntAlu",
           r0 |-> "a4",
           r1 |-> "a5",
           r2 |-> "",
           addr |-> "0x10572" ],
     done |-> TRUE,
     executed |-> TRUE ],
   [ instr |->
         [ ind |-> 4482,
           type |-> "IntAlu",
           r0 |-> "a5",
           r1 |-> "",
           r2 |-> "",
           addr |-> "0x10576" ],
     done |-> TRUE,
     executed |-> TRUE ],
   [ instr |->
         [ ind |-> 4483,
           type |-> "MemWrite",
           r0 |-> "a4",
           r1 |-> "",
           r2 |-> "",
           addr |-> "0x1057a" ],
     done |-> TRUE,
     executed |-> TRUE ],
   [ instr |->
         [ ind |-> 4484,
           type |-> "MemRead",
           r0 |-> "a5",
           r1 |-> "",
           r2 |-> "",
           addr |-> "0x1057e" ],
     done |-> TRUE,
     executed |-> TRUE ],
   [ instr |->
         [ ind |-> 4485,
           type |-> "MemWrite",
           r0 |-> "a5",
           r1 |-> "",
           r2 |-> "",
           addr |-> "0x10582" ],
     done |-> TRUE,
     executed |-> TRUE ],
   [ instr |->
         [ ind |-> 4486,
           type |-> "IntAlu",
           r0 |-> "a5",
           r1 |-> "",
           r2 |-> "",
           addr |-> "0x10586" ],
     done |-> TRUE,
     executed |-> TRUE ],
   [ instr |->
         [ ind |-> 4487,
           type |-> "MemWrite",
           r0 |-> "zero",
           r1 |-> "",
           r2 |-> "",
           addr |-> "0x1058a" ],
     done |-> TRUE,
     executed |-> TRUE ],
   [ instr |->
         [ ind |-> 4488,
           type |-> "IntAlu",
           r0 |-> "",
           r1 |-> "",
           r2 |-> "",
           addr |-> "0x1058e" ],
     done |-> TRUE,
     executed |-> TRUE ],
   [ instr |->
         [ ind |-> 4489,
           type |-> "IntAlu",
           r0 |-> "a5",
           r1 |-> "",
           r2 |-> "",
           addr |-> "0x10608" ],
     done |-> TRUE,
     executed |-> TRUE ],
   [ instr |->
         [ ind |-> 4490,
           type |-> "IntAlu",
           r0 |-> "a4",
           r1 |-> "a5",
           r2 |-> "",
           addr |-> "0x1060c" ],
     done |-> TRUE,
     executed |-> TRUE ],
   [ instr |->
         [ ind |-> 4491,
           type |-> "MemRead",
           r0 |-> "a5",
           r1 |-> "",
           r2 |-> "",
           addr |-> "0x10610" ],
     done |-> TRUE,
     executed |-> TRUE ],
   [ instr |->
         [ ind |-> 4492,
           type |-> "IntAlu",
           r0 |-> "a5",
           r1 |-> "",
           r2 |-> "",
           addr |-> "0x10614" ],
     done |-> TRUE,
     executed |-> TRUE ],
   [ instr |->
         [ ind |-> 4493,
           type |-> "IntAlu",
           r0 |-> "a5",
           r1 |-> "a4",
           r2 |-> "",
           addr |-> "0x10616" ],
     done |-> FALSE,
     executed |-> TRUE ],
   [ instr |->
         [ ind |-> 4494,
           type |-> "MemRead",
           r0 |-> "a3",
           r1 |-> "",
           r2 |-> "",
           addr |-> "0x10618" ],
     done |-> FALSE,
     executed |-> TRUE ],
   [ instr |->
         [ ind |-> 4495,
           type |-> "MemRead",
           r0 |-> "a5",
           r1 |-> "",
           r2 |-> "",
           addr |-> "0x1061a" ],
     done |-> FALSE,
     executed |-> TRUE ] >>
/\ _FU = << [ instr |->
         [ ind |-> 0,
           type |-> "No_OpClass",
           r0 |-> "",
           r1 |-> "",
           r2 |-> "",
           addr |-> "" ],
     baseLat |-> 1,
     currLat |-> 1 ],
   [ instr |->
         [ ind |-> 0,
           type |-> "No_OpClass",
           r0 |-> "",
           r1 |-> "",
           r2 |-> "",
           addr |-> "" ],
     baseLat |-> 1,
     currLat |-> 1 ],
   [ instr |->
         [ ind |-> 0,
           type |-> "No_OpClass",
           r0 |-> "",
           r1 |-> "",
           r2 |-> "",
           addr |-> "" ],
     baseLat |-> 1,
     currLat |-> 1 ],
   [ instr |->
         [ ind |-> 0,
           type |-> "No_OpClass",
           r0 |-> "",
           r1 |-> "",
           r2 |-> "",
           addr |-> "" ],
     baseLat |-> 1,
     currLat |-> 1 ] >>

@!@!@ENDMSG 2217 @!@!@
@!@!@STARTMSG 2217:4 @!@!@
29: <Next line 63, col 9 to line 67, col 64 of module pipeline_ooo>
/\ _RS2 = <<{}, {}, {}, {}>>
/\ _COM2 = << [ ind |-> 4495,
     type |-> "MemRead",
     r0 |-> "a5",
     r1 |-> "",
     r2 |-> "",
     addr |-> "0x1061a" ],
   [ ind |-> 0,
     type |-> "No_OpClass",
     r0 |-> "",
     r1 |-> "",
     r2 |-> "",
     addr |-> "" ] >>
/\ _ID = << [ ind |-> 0,
     type |-> "No_OpClass",
     r0 |-> "",
     r1 |-> "",
     r2 |-> "",
     addr |-> "" ],
   [ ind |-> 0,
     type |-> "No_OpClass",
     r0 |-> "",
     r1 |-> "",
     r2 |-> "",
     addr |-> "" ] >>
/\ _IF = << [ instr |->
         [ ind |-> 0,
           type |-> "No_OpClass",
           r0 |-> "",
           r1 |-> "",
           r2 |-> "",
           addr |-> "" ],
     baseLat |-> 1,
     currLat |-> 1 ],
   [ instr |->
         [ ind |-> 0,
           type |-> "No_OpClass",
           r0 |-> "",
           r1 |-> "",
           r2 |-> "",
           addr |-> "" ],
     baseLat |-> 1,
     currLat |-> 1 ] >>
/\ _FU2 = << [ instr |->
         [ ind |-> 0,
           type |-> "No_OpClass",
           r0 |-> "",
           r1 |-> "",
           r2 |-> "",
           addr |-> "" ],
     baseLat |-> 1,
     currLat |-> 1 ],
   [ instr |->
         [ ind |-> 0,
           type |-> "No_OpClass",
           r0 |-> "",
           r1 |-> "",
           r2 |-> "",
           addr |-> "" ],
     baseLat |-> 1,
     currLat |-> 1 ],
   [ instr |->
         [ ind |-> 0,
           type |-> "No_OpClass",
           r0 |-> "",
           r1 |-> "",
           r2 |-> "",
           addr |-> "" ],
     baseLat |-> 1,
     currLat |-> 1 ],
   [ instr |->
         [ ind |-> 0,
           type |-> "No_OpClass",
           r0 |-> "",
           r1 |-> "",
           r2 |-> "",
           addr |-> "" ],
     baseLat |-> 1,
     currLat |-> 1 ] >>
/\ _COM = << [ ind |-> 0,
     type |-> "No_OpClass",
     r0 |-> "",
     r1 |-> "",
     r2 |-> "",
     addr |-> "" ],
   [ ind |-> 0,
     type |-> "No_OpClass",
     r0 |-> "",
     r1 |-> "",
     r2 |-> "",
     addr |-> "" ] >>
/\ exec_inst2 = 2
/\ _ID2 = << [ ind |-> 0,
     type |-> "No_OpClass",
     r0 |-> "",
     r1 |-> "",
     r2 |-> "",
     addr |-> "" ],
   [ ind |-> 0,
     type |-> "No_OpClass",
     r0 |-> "",
     r1 |-> "",
     r2 |-> "",
     addr |-> "" ] >>
/\ graph = [ nodes |->
      << [ ind |-> 4466,
           addr |-> "0x10552",
           COM |-> 4,
           IFacq |-> 1,
           IFrel |-> 2,
           IDacq |-> 2,
           IDrel |-> 3,
           FUacq |-> 3,
           FUrel |-> 4,
           ROB |-> 2,
           RS |-> 2,
           FU |-> 1 ],
         [ ind |-> 4467,
           addr |-> "0x10554",
           COM |-> 4,
           IFacq |-> 1,
           IFrel |-> 2,
           IDacq |-> 2,
           IDrel |-> 3,
           FUacq |-> 3,
           FUrel |-> 4,
           ROB |-> 2,
           RS |-> 2,
           FU |-> 2 ],
         [ ind |-> 4468,
           addr |-> "0x10556",
           COM |-> 5,
           IFacq |-> 2,
           IFrel |-> 3,
           IDacq |-> 3,
           IDrel |-> 4,
           FUacq |-> 4,
           FUrel |-> 5,
           ROB |-> 3,
           RS |-> 3,
           FU |-> 1 ],
         [ ind |-> 4469,
           addr |-> "0x10558",
           COM |-> 6,
           IFacq |-> 2,
           IFrel |-> 3,
           IDacq |-> 3,
           IDrel |-> 4,
           FUacq |-> 5,
           FUrel |-> 6,
           ROB |-> 3,
           RS |-> 3,
           FU |-> 1 ],
         [ ind |-> 4470,
           addr |-> "0x1055a",
           COM |-> 6,
           IFacq |-> 3,
           IFrel |-> 4,
           IDacq |-> 4,
           IDrel |-> 5,
           FUacq |-> 5,
           FUrel |-> 6,
           ROB |-> 4,
           RS |-> 4,
           FU |-> 2 ],
         [ ind |-> 4471,
           addr |-> "0x1055e",
           COM |-> 7,
           IFacq |-> 3,
           IFrel |-> 4,
           IDacq |-> 4,
           IDrel |-> 5,
           FUacq |-> 6,
           FUrel |-> 7,
           ROB |-> 4,
           RS |-> 4,
           FU |-> 1 ],
         [ ind |-> 4472,
           addr |-> "0x10562",
           COM |-> 7,
           IFacq |-> 4,
           IFrel |-> 5,
           IDacq |-> 5,
           IDrel |-> 6,
           FUacq |-> 6,
           FUrel |-> 7,
           ROB |-> 5,
           RS |-> 5,
           FU |-> 2 ],
         [ ind |-> 4473,
           addr |-> "0x10566",
           COM |-> 8,
           IFacq |-> 4,
           IFrel |-> 5,
           IDacq |-> 5,
           IDrel |-> 6,
           FUacq |-> 7,
           FUrel |-> 8,
           ROB |-> 5,
           RS |-> 5,
           FU |-> 1 ],
         [ ind |-> 4474,
           addr |-> "0x10688",
           COM |-> 8,
           IFacq |-> 5,
           IFrel |-> 6,
           IDacq |-> 6,
           IDrel |-> 7,
           FUacq |-> 7,
           FUrel |-> 8,
           ROB |-> 6,
           RS |-> 6,
           FU |-> 2 ],
         [ ind |-> 4475,
           addr |-> "0x1068c",
           COM |-> 9,
           IFacq |-> 5,
           IFrel |-> 6,
           IDacq |-> 6,
           IDrel |-> 7,
           FUacq |-> 8,
           FUrel |-> 9,
           ROB |-> 6,
           RS |-> 6,
           FU |-> 1 ],
         [ ind |-> 4476,
           addr |-> "0x10690",
           COM |-> 10,
           IFacq |-> 6,
           IFrel |-> 7,
           IDacq |-> 7,
           IDrel |-> 8,
           FUacq |-> 9,
           FUrel |-> 10,
           ROB |-> 7,
           RS |-> 7,
           FU |-> 1 ],
         [ ind |-> 4477,
           addr |-> "0x10692",
           COM |-> 11,
           IFacq |-> 6,
           IFrel |-> 7,
           IDacq |-> 7,
           IDrel |-> 8,
           FUacq |-> 10,
           FUrel |-> 11,
           ROB |-> 7,
           RS |-> 7,
           FU |-> 1 ],
         [ ind |-> 4478,
           addr |-> "0x10568",
           COM |-> 12,
           IFacq |-> 7,
           IFrel |-> 8,
           IDacq |-> 8,
           IDrel |-> 9,
           FUacq |-> 11,
           FUrel |-> 12,
           ROB |-> 8,
           RS |-> 8,
           FU |-> 1 ],
         [ ind |-> 4479,
           addr |-> "0x1056c",
           COM |-> 12,
           IFacq |-> 7,
           IFrel |-> 8,
           IDacq |-> 8,
           IDrel |-> 9,
           FUacq |-> 9,
           FUrel |-> 10,
           ROB |-> 8,
           RS |-> 8,
           FU |-> 2 ],
         [ ind |-> 4480,
           addr |-> "0x10570",
           COM |-> 13,
           IFacq |-> 8,
           IFrel |-> 9,
           IDacq |-> 9,
           IDrel |-> 10,
           FUacq |-> 12,
           FUrel |-> 13,
           ROB |-> 9,
           RS |-> 9,
           FU |-> 1 ],
         [ ind |-> 4481,
           addr |-> "0x10572",
           COM |-> 14,
           IFacq |-> 8,
           IFrel |-> 9,
           IDacq |-> 9,
           IDrel |-> 10,
           FUacq |-> 13,
           FUrel |-> 14,
           ROB |-> 9,
           RS |-> 9,
           FU |-> 1 ],
         [ ind |-> 4482,
           addr |-> "0x10576",
           COM |-> 15,
           IFacq |-> 9,
           IFrel |-> 10,
           IDacq |-> 10,
           IDrel |-> 11,
           FUacq |-> 14,
           FUrel |-> 15,
           ROB |-> 10,
           RS |-> 10,
           FU |-> 1 ],
         [ ind |-> 4483,
           addr |-> "0x1057a",
           COM |-> 15,
           IFacq |-> 9,
           IFrel |-> 10,
           IDacq |-> 10,
           IDrel |-> 11,
           FUacq |-> 11,
           FUrel |-> 12,
           ROB |-> 10,
           RS |-> 10,
           FU |-> 2 ],
         [ ind |-> 4484,
           addr |-> "0x1057e",
           COM |-> 16,
           IFacq |-> 10,
           IFrel |-> 11,
           IDacq |-> 11,
           IDrel |-> 12,
           FUacq |-> 12,
           FUrel |-> 13,
           ROB |-> 11,
           RS |-> 11,
           FU |-> 2 ],
         [ ind |-> 4485,
           addr |-> "0x10582",
           COM |-> 16,
           IFacq |-> 10,
           IFrel |-> 11,
           IDacq |-> 11,
           IDrel |-> 12,
           FUacq |-> 13,
           FUrel |-> 14,
           ROB |-> 11,
           RS |-> 11,
           FU |-> 2 ],
         [ ind |-> 4486,
           addr |-> "0x10586",
           COM |-> 17,
           IFacq |-> 11,
           IFrel |-> 12,
           IDacq |-> 12,
           IDrel |-> 13,
           FUacq |-> 15,
           FUrel |-> 16,
           ROB |-> 12,
           RS |-> 12,
           FU |-> 1 ],
         [ ind |-> 4487,
           addr |-> "0x1058a",
           COM |-> 17,
           IFacq |-> 11,
           IFrel |-> 12,
           IDacq |-> 12,
           IDrel |-> 13,
           FUacq |-> 14,
           FUrel |-> 15,
           ROB |-> 12,
           RS |-> 12,
           FU |-> 2 ],
         [ ind |-> 4488,
           addr |-> "0x1058e",
           COM |-> 18,
           IFacq |-> 12,
           IFrel |-> 13,
           IDacq |-> 13,
           IDrel |-> 14,
           FUacq |-> 16,
           FUrel |-> 17,
           ROB |-> 13,
           RS |-> 13,
           FU |-> 1 ],
         [ ind |-> 4489,
           addr |-> "0x10608",
           COM |-> 18,
           IFacq |-> 12,
           IFrel |-> 13,
           IDacq |-> 13,
           IDrel |-> 14,
           FUacq |-> 17,
           FUrel |-> 18,
           ROB |-> 13,
           RS |-> 13,
           FU |-> 1 ],
         [ ind |-> 4490,
           addr |-> "0x1060c",
           COM |-> 19,
           IFacq |-> 13,
           IFrel |-> 14,
           IDacq |-> 14,
           IDrel |-> 15,
           FUacq |-> 18,
           FUrel |-> 19,
           ROB |-> 14,
           RS |-> 14,
           FU |-> 1 ],
         [ ind |-> 4491,
           addr |-> "0x10610",
           COM |-> 19,
           IFacq |-> 13,
           IFrel |-> 14,
           IDacq |-> 14,
           IDrel |-> 15,
           FUacq |-> 15,
           FUrel |-> 16,
           ROB |-> 14,
           RS |-> 14,
           FU |-> 2 ],
         [ ind |-> 4492,
           addr |-> "0x10614",
           COM |-> 20,
           IFacq |-> 14,
           IFrel |-> 15,
           IDacq |-> 15,
           IDrel |-> 16,
           FUacq |-> 19,
           FUrel |-> 20,
           ROB |-> 15,
           RS |-> 15,
           FU |-> 1 ],
         [ ind |-> 4493,
           addr |-> "0x10616",
           COM |-> 21,
           IFacq |-> 14,
           IFrel |-> 15,
           IDacq |-> 15,
           IDrel |-> 16,
           FUacq |-> 20,
           FUrel |-> 21,
           ROB |-> 15,
           RS |-> 15,
           FU |-> 1 ],
         [ ind |-> 4494,
           addr |-> "0x10618",
           COM |-> 21,
           IFacq |-> 15,
           IFrel |-> 16,
           IDacq |-> 16,
           IDrel |-> 17,
           FUacq |-> 17,
           FUrel |-> 18,
           ROB |-> 16,
           RS |-> 16,
           FU |-> 2 ],
         [ ind |-> 4495,
           addr |-> "0x1061a",
           COM |-> 22,
           IFacq |-> 15,
           IFrel |-> 16,
           IDacq |-> 16,
           IDrel |-> 17,
           FUacq |-> 18,
           FUrel |-> 19,
           ROB |-> 16,
           RS |-> 16,
           FU |-> 2 ] >>,
  edges |->
      { [type |-> "D", source |-> 4466, dest |-> 4468],
        [type |-> "D", source |-> 4474, dest |-> 4475],
        [type |-> "D", source |-> 4480, dest |-> 4481],
        [type |-> "D", source |-> 4489, dest |-> 4490] } ]
/\ currCycle2 = 28
/\ _IF2 = << [ instr |->
         [ ind |-> 0,
           type |-> "No_OpClass",
           r0 |-> "",
           r1 |-> "",
           r2 |-> "",
           addr |-> "" ],
     baseLat |-> 1,
     currLat |-> 1 ],
   [ instr |->
         [ ind |-> 0,
           type |-> "No_OpClass",
           r0 |-> "",
           r1 |-> "",
           r2 |-> "",
           addr |-> "" ],
     baseLat |-> 1,
     currLat |-> 1 ] >>
/\ lastBound = 0
/\ graph2 = [ nodes |->
      << [ ind |-> 4466,
           addr |-> "0x10552",
           COM |-> 4,
           IFacq |-> 1,
           IFrel |-> 2,
           IDacq |-> 2,
           IDrel |-> 3,
           FUacq |-> 3,
           FUrel |-> 4,
           ROB |-> 2,
           RS |-> 2,
           FU |-> 1 ],
         [ ind |-> 4467,
           addr |-> "0x10554",
           COM |-> 4,
           IFacq |-> 1,
           IFrel |-> 2,
           IDacq |-> 2,
           IDrel |-> 3,
           FUacq |-> 3,
           FUrel |-> 4,
           ROB |-> 2,
           RS |-> 2,
           FU |-> 2 ],
         [ ind |-> 4468,
           addr |-> "0x10556",
           COM |-> 5,
           IFacq |-> 2,
           IFrel |-> 3,
           IDacq |-> 3,
           IDrel |-> 4,
           FUacq |-> 4,
           FUrel |-> 5,
           ROB |-> 3,
           RS |-> 3,
           FU |-> 1 ],
         [ ind |-> 4469,
           addr |-> "0x10558",
           COM |-> 6,
           IFacq |-> 2,
           IFrel |-> 3,
           IDacq |-> 3,
           IDrel |-> 4,
           FUacq |-> 5,
           FUrel |-> 6,
           ROB |-> 3,
           RS |-> 3,
           FU |-> 1 ],
         [ ind |-> 4470,
           addr |-> "0x1055a",
           COM |-> 6,
           IFacq |-> 3,
           IFrel |-> 4,
           IDacq |-> 4,
           IDrel |-> 5,
           FUacq |-> 5,
           FUrel |-> 6,
           ROB |-> 4,
           RS |-> 4,
           FU |-> 2 ],
         [ ind |-> 4471,
           addr |-> "0x1055e",
           COM |-> 7,
           IFacq |-> 3,
           IFrel |-> 4,
           IDacq |-> 4,
           IDrel |-> 5,
           FUacq |-> 6,
           FUrel |-> 7,
           ROB |-> 4,
           RS |-> 4,
           FU |-> 1 ],
         [ ind |-> 4472,
           addr |-> "0x10562",
           COM |-> 7,
           IFacq |-> 4,
           IFrel |-> 5,
           IDacq |-> 5,
           IDrel |-> 6,
           FUacq |-> 6,
           FUrel |-> 7,
           ROB |-> 5,
           RS |-> 5,
           FU |-> 2 ],
         [ ind |-> 4473,
           addr |-> "0x10566",
           COM |-> 8,
           IFacq |-> 4,
           IFrel |-> 5,
           IDacq |-> 5,
           IDrel |-> 6,
           FUacq |-> 7,
           FUrel |-> 8,
           ROB |-> 5,
           RS |-> 5,
           FU |-> 1 ],
         [ ind |-> 4474,
           addr |-> "0x10688",
           COM |-> 17,
           IFacq |-> 5,
           IFrel |-> 6,
           IDacq |-> 6,
           IDrel |-> 7,
           FUacq |-> 7,
           FUrel |-> 17,
           ROB |-> 6,
           RS |-> 6,
           FU |-> 2 ],
         [ ind |-> 4475,
           addr |-> "0x1068c",
           COM |-> 18,
           IFacq |-> 5,
           IFrel |-> 6,
           IDacq |-> 6,
           IDrel |-> 7,
           FUacq |-> 17,
           FUrel |-> 18,
           ROB |-> 6,
           RS |-> 6,
           FU |-> 1 ],
         [ ind |-> 4476,
           addr |-> "0x10690",
           COM |-> 18,
           IFacq |-> 6,
           IFrel |-> 7,
           IDacq |-> 7,
           IDrel |-> 8,
           FUacq |-> 8,
           FUrel |-> 9,
           ROB |-> 7,
           RS |-> 7,
           FU |-> 1 ],
         [ ind |-> 4477,
           addr |-> "0x10692",
           COM |-> 19,
           IFacq |-> 6,
           IFrel |-> 7,
           IDacq |-> 7,
           IDrel |-> 8,
           FUacq |-> 18,
           FUrel |-> 19,
           ROB |-> 7,
           RS |-> 7,
           FU |-> 1 ],
         [ ind |-> 4478,
           addr |-> "0x10568",
           COM |-> 19,
           IFacq |-> 7,
           IFrel |-> 8,
           IDacq |-> 8,
           IDrel |-> 9,
           FUacq |-> 9,
           FUrel |-> 10,
           ROB |-> 8,
           RS |-> 8,
           FU |-> 1 ],
         [ ind |-> 4479,
           addr |-> "0x1056c",
           COM |-> 20,
           IFacq |-> 7,
           IFrel |-> 8,
           IDacq |-> 8,
           IDrel |-> 9,
           FUacq |-> 17,
           FUrel |-> 18,
           ROB |-> 8,
           RS |-> 8,
           FU |-> 2 ],
         [ ind |-> 4480,
           addr |-> "0x10570",
           COM |-> 20,
           IFacq |-> 8,
           IFrel |-> 9,
           IDacq |-> 9,
           IDrel |-> 10,
           FUacq |-> 10,
           FUrel |-> 11,
           ROB |-> 9,
           RS |-> 9,
           FU |-> 1 ],
         [ ind |-> 4481,
           addr |-> "0x10572",
           COM |-> 21,
           IFacq |-> 8,
           IFrel |-> 9,
           IDacq |-> 9,
           IDrel |-> 10,
           FUacq |-> 19,
           FUrel |-> 20,
           ROB |-> 9,
           RS |-> 9,
           FU |-> 1 ],
         [ ind |-> 4482,
           addr |-> "0x10576",
           COM |-> 21,
           IFacq |-> 9,
           IFrel |-> 10,
           IDacq |-> 10,
           IDrel |-> 11,
           FUacq |-> 11,
           FUrel |-> 12,
           ROB |-> 10,
           RS |-> 10,
           FU |-> 1 ],
         [ ind |-> 4483,
           addr |-> "0x1057a",
           COM |-> 22,
           IFacq |-> 9,
           IFrel |-> 10,
           IDacq |-> 10,
           IDrel |-> 11,
           FUacq |-> 18,
           FUrel |-> 19,
           ROB |-> 10,
           RS |-> 10,
           FU |-> 2 ],
         [ ind |-> 4484,
           addr |-> "0x1057e",
           COM |-> 22,
           IFacq |-> 10,
           IFrel |-> 11,
           IDacq |-> 11,
           IDrel |-> 12,
           FUacq |-> 19,
           FUrel |-> 20,
           ROB |-> 11,
           RS |-> 11,
           FU |-> 2 ],
         [ ind |-> 4485,
           addr |-> "0x10582",
           COM |-> 23,
           IFacq |-> 10,
           IFrel |-> 11,
           IDacq |-> 11,
           IDrel |-> 12,
           FUacq |-> 20,
           FUrel |-> 21,
           ROB |-> 11,
           RS |-> 11,
           FU |-> 2 ],
         [ ind |-> 4486,
           addr |-> "0x10586",
           COM |-> 23,
           IFacq |-> 11,
           IFrel |-> 12,
           IDacq |-> 12,
           IDrel |-> 20,
           FUacq |-> 20,
           FUrel |-> 21,
           ROB |-> 19,
           RS |-> 19,
           FU |-> 1 ],
         [ ind |-> 4487,
           addr |-> "0x1058a",
           COM |-> 24,
           IFacq |-> 11,
           IFrel |-> 12,
           IDacq |-> 12,
           IDrel |-> 20,
           FUacq |-> 21,
           FUrel |-> 22,
           ROB |-> 19,
           RS |-> 19,
           FU |-> 2 ],
         [ ind |-> 4488,
           addr |-> "0x1058e",
           COM |-> 24,
           IFacq |-> 12,
           IFrel |-> 13,
           IDacq |-> 20,
           IDrel |-> 21,
           FUacq |-> 21,
           FUrel |-> 22,
           ROB |-> 20,
           RS |-> 20,
           FU |-> 1 ],
         [ ind |-> 4489,
           addr |-> "0x10608",
           COM |-> 25,
           IFacq |-> 12,
           IFrel |-> 13,
           IDacq |-> 20,
           IDrel |-> 21,
           FUacq |-> 22,
           FUrel |-> 23,
           ROB |-> 20,
           RS |-> 20,
           FU |-> 1 ],
         [ ind |-> 4490,
           addr |-> "0x1060c",
           COM |-> 25,
           IFacq |-> 20,
           IFrel |-> 21,
           IDacq |-> 21,
           IDrel |-> 22,
           FUacq |-> 23,
           FUrel |-> 24,
           ROB |-> 21,
           RS |-> 21,
           FU |-> 1 ],
         [ ind |-> 4491,
           addr |-> "0x10610",
           COM |-> 26,
           IFacq |-> 20,
           IFrel |-> 21,
           IDacq |-> 21,
           IDrel |-> 22,
           FUacq |-> 22,
           FUrel |-> 23,
           ROB |-> 21,
           RS |-> 21,
           FU |-> 2 ],
         [ ind |-> 4492,
           addr |-> "0x10614",
           COM |-> 26,
           IFacq |-> 21,
           IFrel |-> 22,
           IDacq |-> 22,
           IDrel |-> 23,
           FUacq |-> 24,
           FUrel |-> 25,
           ROB |-> 22,
           RS |-> 22,
           FU |-> 1 ],
         [ ind |-> 4493,
           addr |-> "0x10616",
           COM |-> 27,
           IFacq |-> 21,
           IFrel |-> 22,
           IDacq |-> 22,
           IDrel |-> 23,
           FUacq |-> 25,
           FUrel |-> 26,
           ROB |-> 22,
           RS |-> 22,
           FU |-> 1 ],
         [ ind |-> 4494,
           addr |-> "0x10618",
           COM |-> 27,
           IFacq |-> 22,
           IFrel |-> 23,
           IDacq |-> 23,
           IDrel |-> 24,
           FUacq |-> 24,
           FUrel |-> 25,
           ROB |-> 23,
           RS |-> 23,
           FU |-> 2 ],
         [ ind |-> 4495,
           addr |-> "0x1061a",
           COM |-> 0,
           IFacq |-> 22,
           IFrel |-> 23,
           IDacq |-> 23,
           IDrel |-> 24,
           FUacq |-> 25,
           FUrel |-> 26,
           ROB |-> 23,
           RS |-> 23,
           FU |-> 2 ] >>,
  edges |->
      { [type |-> "D", source |-> 4466, dest |-> 4468],
        [type |-> "D", source |-> 4474, dest |-> 4475],
        [type |-> "D", source |-> 4475, dest |-> 4477],
        [type |-> "D", source |-> 4477, dest |-> 4481],
        [type |-> "D", source |-> 4478, dest |-> 4481],
        [type |-> "D", source |-> 4479, dest |-> 4481],
        [type |-> "D", source |-> 4480, dest |-> 4481],
        [type |-> "D", source |-> 4485, dest |-> 4490],
        [type |-> "D", source |-> 4486, dest |-> 4490],
        [type |-> "D", source |-> 4489, dest |-> 4490],
        [type |-> "D", source |-> 4490, dest |-> 4493] } ]
/\ pc2 = 30
/\ robHead = 31
/\ rob = << [ instr |->
         [ ind |-> 4466,
           type |-> "IntAlu",
           r0 |-> "sp",
           r1 |-> "",
           r2 |-> "",
           addr |-> "0x10552" ],
     done |-> TRUE,
     executed |-> TRUE ],
   [ instr |->
         [ ind |-> 4467,
           type |-> "MemWrite",
           r0 |-> "s0",
           r1 |-> "",
           r2 |-> "",
           addr |-> "0x10554" ],
     done |-> TRUE,
     executed |-> TRUE ],
   [ instr |->
         [ ind |-> 4468,
           type |-> "IntAlu",
           r0 |-> "s0",
           r1 |-> "sp",
           r2 |-> "",
           addr |-> "0x10556" ],
     done |-> TRUE,
     executed |-> TRUE ],
   [ instr |->
         [ ind |-> 4469,
           type |-> "IntAlu",
           r0 |-> "a5",
           r1 |-> "",
           r2 |-> "",
           addr |-> "0x10558" ],
     done |-> TRUE,
     executed |-> TRUE ],
   [ instr |->
         [ ind |-> 4470,
           type |-> "MemWrite",
           r0 |-> "a5",
           r1 |-> "",
           r2 |-> "",
           addr |-> "0x1055a" ],
     done |-> TRUE,
     executed |-> TRUE ],
   [ instr |->
         [ ind |-> 4471,
           type |-> "IntAlu",
           r0 |-> "a5",
           r1 |-> "",
           r2 |-> "",
           addr |-> "0x1055e" ],
     done |-> TRUE,
     executed |-> TRUE ],
   [ instr |->
         [ ind |-> 4472,
           type |-> "MemWrite",
           r0 |-> "zero",
           r1 |-> "",
           r2 |-> "",
           addr |-> "0x10562" ],
     done |-> TRUE,
     executed |-> TRUE ],
   [ instr |->
         [ ind |-> 4473,
           type |-> "IntAlu",
           r0 |-> "",
           r1 |-> "",
           r2 |-> "",
           addr |-> "0x10566" ],
     done |-> TRUE,
     executed |-> TRUE ],
   [ instr |->
         [ ind |-> 4474,
           type |-> "MemRead",
           r0 |-> "a5",
           r1 |-> "",
           r2 |-> "",
           addr |-> "0x10688" ],
     done |-> TRUE,
     executed |-> TRUE ],
   [ instr |->
         [ ind |-> 4475,
           type |-> "IntAlu",
           r0 |-> "a4",
           r1 |-> "a5",
           r2 |-> "",
           addr |-> "0x1068c" ],
     done |-> TRUE,
     executed |-> TRUE ],
   [ instr |->
         [ ind |-> 4476,
           type |-> "IntAlu",
           r0 |-> "a5",
           r1 |-> "",
           r2 |-> "",
           addr |-> "0x10690" ],
     done |-> TRUE,
     executed |-> TRUE ],
   [ instr |->
         [ ind |-> 4477,
           type |-> "IntAlu",
           r0 |-> "a5",
           r1 |-> "a4",
           r2 |-> "",
           addr |-> "0x10692" ],
     done |-> TRUE,
     executed |-> TRUE ],
   [ instr |->
         [ ind |-> 4478,
           type |-> "IntAlu",
           r0 |-> "a5",
           r1 |-> "",
           r2 |-> "",
           addr |-> "0x10568" ],
     done |-> TRUE,
     executed |-> TRUE ],
   [ instr |->
         [ ind |-> 4479,
           type |-> "MemRead",
           r0 |-> "a5",
           r1 |-> "",
           r2 |-> "",
           addr |-> "0x1056c" ],
     done |-> TRUE,
     executed |-> TRUE ],
   [ instr |->
         [ ind |-> 4480,
           type |-> "IntAlu",
           r0 |-> "a5",
           r1 |-> "",
           r2 |-> "",
           addr |-> "0x10570" ],
     done |-> TRUE,
     executed |-> TRUE ],
   [ instr |->
         [ ind |-> 4481,
           type |-> "IntAlu",
           r0 |-> "a4",
           r1 |-> "a5",
           r2 |-> "",
           addr |-> "0x10572" ],
     done |-> TRUE,
     executed |-> TRUE ],
   [ instr |->
         [ ind |-> 4482,
           type |-> "IntAlu",
           r0 |-> "a5",
           r1 |-> "",
           r2 |-> "",
           addr |-> "0x10576" ],
     done |-> TRUE,
     executed |-> TRUE ],
   [ instr |->
         [ ind |-> 4483,
           type |-> "MemWrite",
           r0 |-> "a4",
           r1 |-> "",
           r2 |-> "",
           addr |-> "0x1057a" ],
     done |-> TRUE,
     executed |-> TRUE ],
   [ instr |->
         [ ind |-> 4484,
           type |-> "MemRead",
           r0 |-> "a5",
           r1 |-> "",
           r2 |-> "",
           addr |-> "0x1057e" ],
     done |-> TRUE,
     executed |-> TRUE ],
   [ instr |->
         [ ind |-> 4485,
           type |-> "MemWrite",
           r0 |-> "a5",
           r1 |-> "",
           r2 |-> "",
           addr |-> "0x10582" ],
     done |-> TRUE,
     executed |-> TRUE ],
   [ instr |->
         [ ind |-> 4486,
           type |-> "IntAlu",
           r0 |-> "a5",
           r1 |-> "",
           r2 |-> "",
           addr |-> "0x10586" ],
     done |-> TRUE,
     executed |-> TRUE ],
   [ instr |->
         [ ind |-> 4487,
           type |-> "MemWrite",
           r0 |-> "zero",
           r1 |-> "",
           r2 |-> "",
           addr |-> "0x1058a" ],
     done |-> TRUE,
     executed |-> TRUE ],
   [ instr |->
         [ ind |-> 4488,
           type |-> "IntAlu",
           r0 |-> "",
           r1 |-> "",
           r2 |-> "",
           addr |-> "0x1058e" ],
     done |-> TRUE,
     executed |-> TRUE ],
   [ instr |->
         [ ind |-> 4489,
           type |-> "IntAlu",
           r0 |-> "a5",
           r1 |-> "",
           r2 |-> "",
           addr |-> "0x10608" ],
     done |-> TRUE,
     executed |-> TRUE ],
   [ instr |->
         [ ind |-> 4490,
           type |-> "IntAlu",
           r0 |-> "a4",
           r1 |-> "a5",
           r2 |-> "",
           addr |-> "0x1060c" ],
     done |-> TRUE,
     executed |-> TRUE ],
   [ instr |->
         [ ind |-> 4491,
           type |-> "MemRead",
           r0 |-> "a5",
           r1 |-> "",
           r2 |-> "",
           addr |-> "0x10610" ],
     done |-> TRUE,
     executed |-> TRUE ],
   [ instr |->
         [ ind |-> 4492,
           type |-> "IntAlu",
           r0 |-> "a5",
           r1 |-> "",
           r2 |-> "",
           addr |-> "0x10614" ],
     done |-> TRUE,
     executed |-> TRUE ],
   [ instr |->
         [ ind |-> 4493,
           type |-> "IntAlu",
           r0 |-> "a5",
           r1 |-> "a4",
           r2 |-> "",
           addr |-> "0x10616" ],
     done |-> TRUE,
     executed |-> TRUE ],
   [ instr |->
         [ ind |-> 4494,
           type |-> "MemRead",
           r0 |-> "a3",
           r1 |-> "",
           r2 |-> "",
           addr |-> "0x10618" ],
     done |-> TRUE,
     executed |-> TRUE ],
   [ instr |->
         [ ind |-> 4495,
           type |-> "MemRead",
           r0 |-> "a5",
           r1 |-> "",
           r2 |-> "",
           addr |-> "0x1061a" ],
     done |-> TRUE,
     executed |-> TRUE ] >>
/\ _RS = <<{}, {}, {}, {}>>
/\ currCycle = 23
/\ exec_inst = 1
/\ robHead2 = 30
/\ pc = 30
/\ rob2 = << [ instr |->
         [ ind |-> 4466,
           type |-> "IntAlu",
           r0 |-> "sp",
           r1 |-> "",
           r2 |-> "",
           addr |-> "0x10552" ],
     done |-> TRUE,
     executed |-> TRUE ],
   [ instr |->
         [ ind |-> 4467,
           type |-> "MemWrite",
           r0 |-> "s0",
           r1 |-> "",
           r2 |-> "",
           addr |-> "0x10554" ],
     done |-> TRUE,
     executed |-> TRUE ],
   [ instr |->
         [ ind |-> 4468,
           type |-> "IntAlu",
           r0 |-> "s0",
           r1 |-> "sp",
           r2 |-> "",
           addr |-> "0x10556" ],
     done |-> TRUE,
     executed |-> TRUE ],
   [ instr |->
         [ ind |-> 4469,
           type |-> "IntAlu",
           r0 |-> "a5",
           r1 |-> "",
           r2 |-> "",
           addr |-> "0x10558" ],
     done |-> TRUE,
     executed |-> TRUE ],
   [ instr |->
         [ ind |-> 4470,
           type |-> "MemWrite",
           r0 |-> "a5",
           r1 |-> "",
           r2 |-> "",
           addr |-> "0x1055a" ],
     done |-> TRUE,
     executed |-> TRUE ],
   [ instr |->
         [ ind |-> 4471,
           type |-> "IntAlu",
           r0 |-> "a5",
           r1 |-> "",
           r2 |-> "",
           addr |-> "0x1055e" ],
     done |-> TRUE,
     executed |-> TRUE ],
   [ instr |->
         [ ind |-> 4472,
           type |-> "MemWrite",
           r0 |-> "zero",
           r1 |-> "",
           r2 |-> "",
           addr |-> "0x10562" ],
     done |-> TRUE,
     executed |-> TRUE ],
   [ instr |->
         [ ind |-> 4473,
           type |-> "IntAlu",
           r0 |-> "",
           r1 |-> "",
           r2 |-> "",
           addr |-> "0x10566" ],
     done |-> TRUE,
     executed |-> TRUE ],
   [ instr |->
         [ ind |-> 4474,
           type |-> "MemRead",
           r0 |-> "a5",
           r1 |-> "",
           r2 |-> "",
           addr |-> "0x10688" ],
     done |-> TRUE,
     executed |-> TRUE ],
   [ instr |->
         [ ind |-> 4475,
           type |-> "IntAlu",
           r0 |-> "a4",
           r1 |-> "a5",
           r2 |-> "",
           addr |-> "0x1068c" ],
     done |-> TRUE,
     executed |-> TRUE ],
   [ instr |->
         [ ind |-> 4476,
           type |-> "IntAlu",
           r0 |-> "a5",
           r1 |-> "",
           r2 |-> "",
           addr |-> "0x10690" ],
     done |-> TRUE,
     executed |-> TRUE ],
   [ instr |->
         [ ind |-> 4477,
           type |-> "IntAlu",
           r0 |-> "a5",
           r1 |-> "a4",
           r2 |-> "",
           addr |-> "0x10692" ],
     done |-> TRUE,
     executed |-> TRUE ],
   [ instr |->
         [ ind |-> 4478,
           type |-> "IntAlu",
           r0 |-> "a5",
           r1 |-> "",
           r2 |-> "",
           addr |-> "0x10568" ],
     done |-> TRUE,
     executed |-> TRUE ],
   [ instr |->
         [ ind |-> 4479,
           type |-> "MemRead",
           r0 |-> "a5",
           r1 |-> "",
           r2 |-> "",
           addr |-> "0x1056c" ],
     done |-> TRUE,
     executed |-> TRUE ],
   [ instr |->
         [ ind |-> 4480,
           type |-> "IntAlu",
           r0 |-> "a5",
           r1 |-> "",
           r2 |-> "",
           addr |-> "0x10570" ],
     done |-> TRUE,
     executed |-> TRUE ],
   [ instr |->
         [ ind |-> 4481,
           type |-> "IntAlu",
           r0 |-> "a4",
           r1 |-> "a5",
           r2 |-> "",
           addr |-> "0x10572" ],
     done |-> TRUE,
     executed |-> TRUE ],
   [ instr |->
         [ ind |-> 4482,
           type |-> "IntAlu",
           r0 |-> "a5",
           r1 |-> "",
           r2 |-> "",
           addr |-> "0x10576" ],
     done |-> TRUE,
     executed |-> TRUE ],
   [ instr |->
         [ ind |-> 4483,
           type |-> "MemWrite",
           r0 |-> "a4",
           r1 |-> "",
           r2 |-> "",
           addr |-> "0x1057a" ],
     done |-> TRUE,
     executed |-> TRUE ],
   [ instr |->
         [ ind |-> 4484,
           type |-> "MemRead",
           r0 |-> "a5",
           r1 |-> "",
           r2 |-> "",
           addr |-> "0x1057e" ],
     done |-> TRUE,
     executed |-> TRUE ],
   [ instr |->
         [ ind |-> 4485,
           type |-> "MemWrite",
           r0 |-> "a5",
           r1 |-> "",
           r2 |-> "",
           addr |-> "0x10582" ],
     done |-> TRUE,
     executed |-> TRUE ],
   [ instr |->
         [ ind |-> 4486,
           type |-> "IntAlu",
           r0 |-> "a5",
           r1 |-> "",
           r2 |-> "",
           addr |-> "0x10586" ],
     done |-> TRUE,
     executed |-> TRUE ],
   [ instr |->
         [ ind |-> 4487,
           type |-> "MemWrite",
           r0 |-> "zero",
           r1 |-> "",
           r2 |-> "",
           addr |-> "0x1058a" ],
     done |-> TRUE,
     executed |-> TRUE ],
   [ instr |->
         [ ind |-> 4488,
           type |-> "IntAlu",
           r0 |-> "",
           r1 |-> "",
           r2 |-> "",
           addr |-> "0x1058e" ],
     done |-> TRUE,
     executed |-> TRUE ],
   [ instr |->
         [ ind |-> 4489,
           type |-> "IntAlu",
           r0 |-> "a5",
           r1 |-> "",
           r2 |-> "",
           addr |-> "0x10608" ],
     done |-> TRUE,
     executed |-> TRUE ],
   [ instr |->
         [ ind |-> 4490,
           type |-> "IntAlu",
           r0 |-> "a4",
           r1 |-> "a5",
           r2 |-> "",
           addr |-> "0x1060c" ],
     done |-> TRUE,
     executed |-> TRUE ],
   [ instr |->
         [ ind |-> 4491,
           type |-> "MemRead",
           r0 |-> "a5",
           r1 |-> "",
           r2 |-> "",
           addr |-> "0x10610" ],
     done |-> TRUE,
     executed |-> TRUE ],
   [ instr |->
         [ ind |-> 4492,
           type |-> "IntAlu",
           r0 |-> "a5",
           r1 |-> "",
           r2 |-> "",
           addr |-> "0x10614" ],
     done |-> TRUE,
     executed |-> TRUE ],
   [ instr |->
         [ ind |-> 4493,
           type |-> "IntAlu",
           r0 |-> "a5",
           r1 |-> "a4",
           r2 |-> "",
           addr |-> "0x10616" ],
     done |-> TRUE,
     executed |-> TRUE ],
   [ instr |->
         [ ind |-> 4494,
           type |-> "MemRead",
           r0 |-> "a3",
           r1 |-> "",
           r2 |-> "",
           addr |-> "0x10618" ],
     done |-> TRUE,
     executed |-> TRUE ],
   [ instr |->
         [ ind |-> 4495,
           type |-> "MemRead",
           r0 |-> "a5",
           r1 |-> "",
           r2 |-> "",
           addr |-> "0x1061a" ],
     done |-> FALSE,
     executed |-> TRUE ] >>
/\ _FU = << [ instr |->
         [ ind |-> 0,
           type |-> "No_OpClass",
           r0 |-> "",
           r1 |-> "",
           r2 |-> "",
           addr |-> "" ],
     baseLat |-> 1,
     currLat |-> 1 ],
   [ instr |->
         [ ind |-> 0,
           type |-> "No_OpClass",
           r0 |-> "",
           r1 |-> "",
           r2 |-> "",
           addr |-> "" ],
     baseLat |-> 1,
     currLat |-> 1 ],
   [ instr |->
         [ ind |-> 0,
           type |-> "No_OpClass",
           r0 |-> "",
           r1 |-> "",
           r2 |-> "",
           addr |-> "" ],
     baseLat |-> 1,
     currLat |-> 1 ],
   [ instr |->
         [ ind |-> 0,
           type |-> "No_OpClass",
           r0 |-> "",
           r1 |-> "",
           r2 |-> "",
           addr |-> "" ],
     baseLat |-> 1,
     currLat |-> 1 ] >>

@!@!@ENDMSG 2217 @!@!@
@!@!@STARTMSG 2217:4 @!@!@
30: <Next line 63, col 9 to line 67, col 64 of module pipeline_ooo>
/\ _RS2 = <<{}, {}, {}, {}>>
/\ _COM2 = << [ ind |-> 0,
     type |-> "No_OpClass",
     r0 |-> "",
     r1 |-> "",
     r2 |-> "",
     addr |-> "" ],
   [ ind |-> 0,
     type |-> "No_OpClass",
     r0 |-> "",
     r1 |-> "",
     r2 |-> "",
     addr |-> "" ] >>
/\ _ID = << [ ind |-> 0,
     type |-> "No_OpClass",
     r0 |-> "",
     r1 |-> "",
     r2 |-> "",
     addr |-> "" ],
   [ ind |-> 0,
     type |-> "No_OpClass",
     r0 |-> "",
     r1 |-> "",
     r2 |-> "",
     addr |-> "" ] >>
/\ _IF = << [ instr |->
         [ ind |-> 0,
           type |-> "No_OpClass",
           r0 |-> "",
           r1 |-> "",
           r2 |-> "",
           addr |-> "" ],
     baseLat |-> 1,
     currLat |-> 1 ],
   [ instr |->
         [ ind |-> 0,
           type |-> "No_OpClass",
           r0 |-> "",
           r1 |-> "",
           r2 |-> "",
           addr |-> "" ],
     baseLat |-> 1,
     currLat |-> 1 ] >>
/\ _FU2 = << [ instr |->
         [ ind |-> 0,
           type |-> "No_OpClass",
           r0 |-> "",
           r1 |-> "",
           r2 |-> "",
           addr |-> "" ],
     baseLat |-> 1,
     currLat |-> 1 ],
   [ instr |->
         [ ind |-> 0,
           type |-> "No_OpClass",
           r0 |-> "",
           r1 |-> "",
           r2 |-> "",
           addr |-> "" ],
     baseLat |-> 1,
     currLat |-> 1 ],
   [ instr |->
         [ ind |-> 0,
           type |-> "No_OpClass",
           r0 |-> "",
           r1 |-> "",
           r2 |-> "",
           addr |-> "" ],
     baseLat |-> 1,
     currLat |-> 1 ],
   [ instr |->
         [ ind |-> 0,
           type |-> "No_OpClass",
           r0 |-> "",
           r1 |-> "",
           r2 |-> "",
           addr |-> "" ],
     baseLat |-> 1,
     currLat |-> 1 ] >>
/\ _COM = << [ ind |-> 0,
     type |-> "No_OpClass",
     r0 |-> "",
     r1 |-> "",
     r2 |-> "",
     addr |-> "" ],
   [ ind |-> 0,
     type |-> "No_OpClass",
     r0 |-> "",
     r1 |-> "",
     r2 |-> "",
     addr |-> "" ] >>
/\ exec_inst2 = 2
/\ _ID2 = << [ ind |-> 0,
     type |-> "No_OpClass",
     r0 |-> "",
     r1 |-> "",
     r2 |-> "",
     addr |-> "" ],
   [ ind |-> 0,
     type |-> "No_OpClass",
     r0 |-> "",
     r1 |-> "",
     r2 |-> "",
     addr |-> "" ] >>
/\ graph = [ nodes |->
      << [ ind |-> 4466,
           addr |-> "0x10552",
           COM |-> 4,
           IFacq |-> 1,
           IFrel |-> 2,
           IDacq |-> 2,
           IDrel |-> 3,
           FUacq |-> 3,
           FUrel |-> 4,
           ROB |-> 2,
           RS |-> 2,
           FU |-> 1 ],
         [ ind |-> 4467,
           addr |-> "0x10554",
           COM |-> 4,
           IFacq |-> 1,
           IFrel |-> 2,
           IDacq |-> 2,
           IDrel |-> 3,
           FUacq |-> 3,
           FUrel |-> 4,
           ROB |-> 2,
           RS |-> 2,
           FU |-> 2 ],
         [ ind |-> 4468,
           addr |-> "0x10556",
           COM |-> 5,
           IFacq |-> 2,
           IFrel |-> 3,
           IDacq |-> 3,
           IDrel |-> 4,
           FUacq |-> 4,
           FUrel |-> 5,
           ROB |-> 3,
           RS |-> 3,
           FU |-> 1 ],
         [ ind |-> 4469,
           addr |-> "0x10558",
           COM |-> 6,
           IFacq |-> 2,
           IFrel |-> 3,
           IDacq |-> 3,
           IDrel |-> 4,
           FUacq |-> 5,
           FUrel |-> 6,
           ROB |-> 3,
           RS |-> 3,
           FU |-> 1 ],
         [ ind |-> 4470,
           addr |-> "0x1055a",
           COM |-> 6,
           IFacq |-> 3,
           IFrel |-> 4,
           IDacq |-> 4,
           IDrel |-> 5,
           FUacq |-> 5,
           FUrel |-> 6,
           ROB |-> 4,
           RS |-> 4,
           FU |-> 2 ],
         [ ind |-> 4471,
           addr |-> "0x1055e",
           COM |-> 7,
           IFacq |-> 3,
           IFrel |-> 4,
           IDacq |-> 4,
           IDrel |-> 5,
           FUacq |-> 6,
           FUrel |-> 7,
           ROB |-> 4,
           RS |-> 4,
           FU |-> 1 ],
         [ ind |-> 4472,
           addr |-> "0x10562",
           COM |-> 7,
           IFacq |-> 4,
           IFrel |-> 5,
           IDacq |-> 5,
           IDrel |-> 6,
           FUacq |-> 6,
           FUrel |-> 7,
           ROB |-> 5,
           RS |-> 5,
           FU |-> 2 ],
         [ ind |-> 4473,
           addr |-> "0x10566",
           COM |-> 8,
           IFacq |-> 4,
           IFrel |-> 5,
           IDacq |-> 5,
           IDrel |-> 6,
           FUacq |-> 7,
           FUrel |-> 8,
           ROB |-> 5,
           RS |-> 5,
           FU |-> 1 ],
         [ ind |-> 4474,
           addr |-> "0x10688",
           COM |-> 8,
           IFacq |-> 5,
           IFrel |-> 6,
           IDacq |-> 6,
           IDrel |-> 7,
           FUacq |-> 7,
           FUrel |-> 8,
           ROB |-> 6,
           RS |-> 6,
           FU |-> 2 ],
         [ ind |-> 4475,
           addr |-> "0x1068c",
           COM |-> 9,
           IFacq |-> 5,
           IFrel |-> 6,
           IDacq |-> 6,
           IDrel |-> 7,
           FUacq |-> 8,
           FUrel |-> 9,
           ROB |-> 6,
           RS |-> 6,
           FU |-> 1 ],
         [ ind |-> 4476,
           addr |-> "0x10690",
           COM |-> 10,
           IFacq |-> 6,
           IFrel |-> 7,
           IDacq |-> 7,
           IDrel |-> 8,
           FUacq |-> 9,
           FUrel |-> 10,
           ROB |-> 7,
           RS |-> 7,
           FU |-> 1 ],
         [ ind |-> 4477,
           addr |-> "0x10692",
           COM |-> 11,
           IFacq |-> 6,
           IFrel |-> 7,
           IDacq |-> 7,
           IDrel |-> 8,
           FUacq |-> 10,
           FUrel |-> 11,
           ROB |-> 7,
           RS |-> 7,
           FU |-> 1 ],
         [ ind |-> 4478,
           addr |-> "0x10568",
           COM |-> 12,
           IFacq |-> 7,
           IFrel |-> 8,
           IDacq |-> 8,
           IDrel |-> 9,
           FUacq |-> 11,
           FUrel |-> 12,
           ROB |-> 8,
           RS |-> 8,
           FU |-> 1 ],
         [ ind |-> 4479,
           addr |-> "0x1056c",
           COM |-> 12,
           IFacq |-> 7,
           IFrel |-> 8,
           IDacq |-> 8,
           IDrel |-> 9,
           FUacq |-> 9,
           FUrel |-> 10,
           ROB |-> 8,
           RS |-> 8,
           FU |-> 2 ],
         [ ind |-> 4480,
           addr |-> "0x10570",
           COM |-> 13,
           IFacq |-> 8,
           IFrel |-> 9,
           IDacq |-> 9,
           IDrel |-> 10,
           FUacq |-> 12,
           FUrel |-> 13,
           ROB |-> 9,
           RS |-> 9,
           FU |-> 1 ],
         [ ind |-> 4481,
           addr |-> "0x10572",
           COM |-> 14,
           IFacq |-> 8,
           IFrel |-> 9,
           IDacq |-> 9,
           IDrel |-> 10,
           FUacq |-> 13,
           FUrel |-> 14,
           ROB |-> 9,
           RS |-> 9,
           FU |-> 1 ],
         [ ind |-> 4482,
           addr |-> "0x10576",
           COM |-> 15,
           IFacq |-> 9,
           IFrel |-> 10,
           IDacq |-> 10,
           IDrel |-> 11,
           FUacq |-> 14,
           FUrel |-> 15,
           ROB |-> 10,
           RS |-> 10,
           FU |-> 1 ],
         [ ind |-> 4483,
           addr |-> "0x1057a",
           COM |-> 15,
           IFacq |-> 9,
           IFrel |-> 10,
           IDacq |-> 10,
           IDrel |-> 11,
           FUacq |-> 11,
           FUrel |-> 12,
           ROB |-> 10,
           RS |-> 10,
           FU |-> 2 ],
         [ ind |-> 4484,
           addr |-> "0x1057e",
           COM |-> 16,
           IFacq |-> 10,
           IFrel |-> 11,
           IDacq |-> 11,
           IDrel |-> 12,
           FUacq |-> 12,
           FUrel |-> 13,
           ROB |-> 11,
           RS |-> 11,
           FU |-> 2 ],
         [ ind |-> 4485,
           addr |-> "0x10582",
           COM |-> 16,
           IFacq |-> 10,
           IFrel |-> 11,
           IDacq |-> 11,
           IDrel |-> 12,
           FUacq |-> 13,
           FUrel |-> 14,
           ROB |-> 11,
           RS |-> 11,
           FU |-> 2 ],
         [ ind |-> 4486,
           addr |-> "0x10586",
           COM |-> 17,
           IFacq |-> 11,
           IFrel |-> 12,
           IDacq |-> 12,
           IDrel |-> 13,
           FUacq |-> 15,
           FUrel |-> 16,
           ROB |-> 12,
           RS |-> 12,
           FU |-> 1 ],
         [ ind |-> 4487,
           addr |-> "0x1058a",
           COM |-> 17,
           IFacq |-> 11,
           IFrel |-> 12,
           IDacq |-> 12,
           IDrel |-> 13,
           FUacq |-> 14,
           FUrel |-> 15,
           ROB |-> 12,
           RS |-> 12,
           FU |-> 2 ],
         [ ind |-> 4488,
           addr |-> "0x1058e",
           COM |-> 18,
           IFacq |-> 12,
           IFrel |-> 13,
           IDacq |-> 13,
           IDrel |-> 14,
           FUacq |-> 16,
           FUrel |-> 17,
           ROB |-> 13,
           RS |-> 13,
           FU |-> 1 ],
         [ ind |-> 4489,
           addr |-> "0x10608",
           COM |-> 18,
           IFacq |-> 12,
           IFrel |-> 13,
           IDacq |-> 13,
           IDrel |-> 14,
           FUacq |-> 17,
           FUrel |-> 18,
           ROB |-> 13,
           RS |-> 13,
           FU |-> 1 ],
         [ ind |-> 4490,
           addr |-> "0x1060c",
           COM |-> 19,
           IFacq |-> 13,
           IFrel |-> 14,
           IDacq |-> 14,
           IDrel |-> 15,
           FUacq |-> 18,
           FUrel |-> 19,
           ROB |-> 14,
           RS |-> 14,
           FU |-> 1 ],
         [ ind |-> 4491,
           addr |-> "0x10610",
           COM |-> 19,
           IFacq |-> 13,
           IFrel |-> 14,
           IDacq |-> 14,
           IDrel |-> 15,
           FUacq |-> 15,
           FUrel |-> 16,
           ROB |-> 14,
           RS |-> 14,
           FU |-> 2 ],
         [ ind |-> 4492,
           addr |-> "0x10614",
           COM |-> 20,
           IFacq |-> 14,
           IFrel |-> 15,
           IDacq |-> 15,
           IDrel |-> 16,
           FUacq |-> 19,
           FUrel |-> 20,
           ROB |-> 15,
           RS |-> 15,
           FU |-> 1 ],
         [ ind |-> 4493,
           addr |-> "0x10616",
           COM |-> 21,
           IFacq |-> 14,
           IFrel |-> 15,
           IDacq |-> 15,
           IDrel |-> 16,
           FUacq |-> 20,
           FUrel |-> 21,
           ROB |-> 15,
           RS |-> 15,
           FU |-> 1 ],
         [ ind |-> 4494,
           addr |-> "0x10618",
           COM |-> 21,
           IFacq |-> 15,
           IFrel |-> 16,
           IDacq |-> 16,
           IDrel |-> 17,
           FUacq |-> 17,
           FUrel |-> 18,
           ROB |-> 16,
           RS |-> 16,
           FU |-> 2 ],
         [ ind |-> 4495,
           addr |-> "0x1061a",
           COM |-> 22,
           IFacq |-> 15,
           IFrel |-> 16,
           IDacq |-> 16,
           IDrel |-> 17,
           FUacq |-> 18,
           FUrel |-> 19,
           ROB |-> 16,
           RS |-> 16,
           FU |-> 2 ] >>,
  edges |->
      { [type |-> "D", source |-> 4466, dest |-> 4468],
        [type |-> "D", source |-> 4474, dest |-> 4475],
        [type |-> "D", source |-> 4480, dest |-> 4481],
        [type |-> "D", source |-> 4489, dest |-> 4490] } ]
/\ currCycle2 = 29
/\ _IF2 = << [ instr |->
         [ ind |-> 0,
           type |-> "No_OpClass",
           r0 |-> "",
           r1 |-> "",
           r2 |-> "",
           addr |-> "" ],
     baseLat |-> 1,
     currLat |-> 1 ],
   [ instr |->
         [ ind |-> 0,
           type |-> "No_OpClass",
           r0 |-> "",
           r1 |-> "",
           r2 |-> "",
           addr |-> "" ],
     baseLat |-> 1,
     currLat |-> 1 ] >>
/\ lastBound = 0
/\ graph2 = [ nodes |->
      << [ ind |-> 4466,
           addr |-> "0x10552",
           COM |-> 4,
           IFacq |-> 1,
           IFrel |-> 2,
           IDacq |-> 2,
           IDrel |-> 3,
           FUacq |-> 3,
           FUrel |-> 4,
           ROB |-> 2,
           RS |-> 2,
           FU |-> 1 ],
         [ ind |-> 4467,
           addr |-> "0x10554",
           COM |-> 4,
           IFacq |-> 1,
           IFrel |-> 2,
           IDacq |-> 2,
           IDrel |-> 3,
           FUacq |-> 3,
           FUrel |-> 4,
           ROB |-> 2,
           RS |-> 2,
           FU |-> 2 ],
         [ ind |-> 4468,
           addr |-> "0x10556",
           COM |-> 5,
           IFacq |-> 2,
           IFrel |-> 3,
           IDacq |-> 3,
           IDrel |-> 4,
           FUacq |-> 4,
           FUrel |-> 5,
           ROB |-> 3,
           RS |-> 3,
           FU |-> 1 ],
         [ ind |-> 4469,
           addr |-> "0x10558",
           COM |-> 6,
           IFacq |-> 2,
           IFrel |-> 3,
           IDacq |-> 3,
           IDrel |-> 4,
           FUacq |-> 5,
           FUrel |-> 6,
           ROB |-> 3,
           RS |-> 3,
           FU |-> 1 ],
         [ ind |-> 4470,
           addr |-> "0x1055a",
           COM |-> 6,
           IFacq |-> 3,
           IFrel |-> 4,
           IDacq |-> 4,
           IDrel |-> 5,
           FUacq |-> 5,
           FUrel |-> 6,
           ROB |-> 4,
           RS |-> 4,
           FU |-> 2 ],
         [ ind |-> 4471,
           addr |-> "0x1055e",
           COM |-> 7,
           IFacq |-> 3,
           IFrel |-> 4,
           IDacq |-> 4,
           IDrel |-> 5,
           FUacq |-> 6,
           FUrel |-> 7,
           ROB |-> 4,
           RS |-> 4,
           FU |-> 1 ],
         [ ind |-> 4472,
           addr |-> "0x10562",
           COM |-> 7,
           IFacq |-> 4,
           IFrel |-> 5,
           IDacq |-> 5,
           IDrel |-> 6,
           FUacq |-> 6,
           FUrel |-> 7,
           ROB |-> 5,
           RS |-> 5,
           FU |-> 2 ],
         [ ind |-> 4473,
           addr |-> "0x10566",
           COM |-> 8,
           IFacq |-> 4,
           IFrel |-> 5,
           IDacq |-> 5,
           IDrel |-> 6,
           FUacq |-> 7,
           FUrel |-> 8,
           ROB |-> 5,
           RS |-> 5,
           FU |-> 1 ],
         [ ind |-> 4474,
           addr |-> "0x10688",
           COM |-> 17,
           IFacq |-> 5,
           IFrel |-> 6,
           IDacq |-> 6,
           IDrel |-> 7,
           FUacq |-> 7,
           FUrel |-> 17,
           ROB |-> 6,
           RS |-> 6,
           FU |-> 2 ],
         [ ind |-> 4475,
           addr |-> "0x1068c",
           COM |-> 18,
           IFacq |-> 5,
           IFrel |-> 6,
           IDacq |-> 6,
           IDrel |-> 7,
           FUacq |-> 17,
           FUrel |-> 18,
           ROB |-> 6,
           RS |-> 6,
           FU |-> 1 ],
         [ ind |-> 4476,
           addr |-> "0x10690",
           COM |-> 18,
           IFacq |-> 6,
           IFrel |-> 7,
           IDacq |-> 7,
           IDrel |-> 8,
           FUacq |-> 8,
           FUrel |-> 9,
           ROB |-> 7,
           RS |-> 7,
           FU |-> 1 ],
         [ ind |-> 4477,
           addr |-> "0x10692",
           COM |-> 19,
           IFacq |-> 6,
           IFrel |-> 7,
           IDacq |-> 7,
           IDrel |-> 8,
           FUacq |-> 18,
           FUrel |-> 19,
           ROB |-> 7,
           RS |-> 7,
           FU |-> 1 ],
         [ ind |-> 4478,
           addr |-> "0x10568",
           COM |-> 19,
           IFacq |-> 7,
           IFrel |-> 8,
           IDacq |-> 8,
           IDrel |-> 9,
           FUacq |-> 9,
           FUrel |-> 10,
           ROB |-> 8,
           RS |-> 8,
           FU |-> 1 ],
         [ ind |-> 4479,
           addr |-> "0x1056c",
           COM |-> 20,
           IFacq |-> 7,
           IFrel |-> 8,
           IDacq |-> 8,
           IDrel |-> 9,
           FUacq |-> 17,
           FUrel |-> 18,
           ROB |-> 8,
           RS |-> 8,
           FU |-> 2 ],
         [ ind |-> 4480,
           addr |-> "0x10570",
           COM |-> 20,
           IFacq |-> 8,
           IFrel |-> 9,
           IDacq |-> 9,
           IDrel |-> 10,
           FUacq |-> 10,
           FUrel |-> 11,
           ROB |-> 9,
           RS |-> 9,
           FU |-> 1 ],
         [ ind |-> 4481,
           addr |-> "0x10572",
           COM |-> 21,
           IFacq |-> 8,
           IFrel |-> 9,
           IDacq |-> 9,
           IDrel |-> 10,
           FUacq |-> 19,
           FUrel |-> 20,
           ROB |-> 9,
           RS |-> 9,
           FU |-> 1 ],
         [ ind |-> 4482,
           addr |-> "0x10576",
           COM |-> 21,
           IFacq |-> 9,
           IFrel |-> 10,
           IDacq |-> 10,
           IDrel |-> 11,
           FUacq |-> 11,
           FUrel |-> 12,
           ROB |-> 10,
           RS |-> 10,
           FU |-> 1 ],
         [ ind |-> 4483,
           addr |-> "0x1057a",
           COM |-> 22,
           IFacq |-> 9,
           IFrel |-> 10,
           IDacq |-> 10,
           IDrel |-> 11,
           FUacq |-> 18,
           FUrel |-> 19,
           ROB |-> 10,
           RS |-> 10,
           FU |-> 2 ],
         [ ind |-> 4484,
           addr |-> "0x1057e",
           COM |-> 22,
           IFacq |-> 10,
           IFrel |-> 11,
           IDacq |-> 11,
           IDrel |-> 12,
           FUacq |-> 19,
           FUrel |-> 20,
           ROB |-> 11,
           RS |-> 11,
           FU |-> 2 ],
         [ ind |-> 4485,
           addr |-> "0x10582",
           COM |-> 23,
           IFacq |-> 10,
           IFrel |-> 11,
           IDacq |-> 11,
           IDrel |-> 12,
           FUacq |-> 20,
           FUrel |-> 21,
           ROB |-> 11,
           RS |-> 11,
           FU |-> 2 ],
         [ ind |-> 4486,
           addr |-> "0x10586",
           COM |-> 23,
           IFacq |-> 11,
           IFrel |-> 12,
           IDacq |-> 12,
           IDrel |-> 20,
           FUacq |-> 20,
           FUrel |-> 21,
           ROB |-> 19,
           RS |-> 19,
           FU |-> 1 ],
         [ ind |-> 4487,
           addr |-> "0x1058a",
           COM |-> 24,
           IFacq |-> 11,
           IFrel |-> 12,
           IDacq |-> 12,
           IDrel |-> 20,
           FUacq |-> 21,
           FUrel |-> 22,
           ROB |-> 19,
           RS |-> 19,
           FU |-> 2 ],
         [ ind |-> 4488,
           addr |-> "0x1058e",
           COM |-> 24,
           IFacq |-> 12,
           IFrel |-> 13,
           IDacq |-> 20,
           IDrel |-> 21,
           FUacq |-> 21,
           FUrel |-> 22,
           ROB |-> 20,
           RS |-> 20,
           FU |-> 1 ],
         [ ind |-> 4489,
           addr |-> "0x10608",
           COM |-> 25,
           IFacq |-> 12,
           IFrel |-> 13,
           IDacq |-> 20,
           IDrel |-> 21,
           FUacq |-> 22,
           FUrel |-> 23,
           ROB |-> 20,
           RS |-> 20,
           FU |-> 1 ],
         [ ind |-> 4490,
           addr |-> "0x1060c",
           COM |-> 25,
           IFacq |-> 20,
           IFrel |-> 21,
           IDacq |-> 21,
           IDrel |-> 22,
           FUacq |-> 23,
           FUrel |-> 24,
           ROB |-> 21,
           RS |-> 21,
           FU |-> 1 ],
         [ ind |-> 4491,
           addr |-> "0x10610",
           COM |-> 26,
           IFacq |-> 20,
           IFrel |-> 21,
           IDacq |-> 21,
           IDrel |-> 22,
           FUacq |-> 22,
           FUrel |-> 23,
           ROB |-> 21,
           RS |-> 21,
           FU |-> 2 ],
         [ ind |-> 4492,
           addr |-> "0x10614",
           COM |-> 26,
           IFacq |-> 21,
           IFrel |-> 22,
           IDacq |-> 22,
           IDrel |-> 23,
           FUacq |-> 24,
           FUrel |-> 25,
           ROB |-> 22,
           RS |-> 22,
           FU |-> 1 ],
         [ ind |-> 4493,
           addr |-> "0x10616",
           COM |-> 27,
           IFacq |-> 21,
           IFrel |-> 22,
           IDacq |-> 22,
           IDrel |-> 23,
           FUacq |-> 25,
           FUrel |-> 26,
           ROB |-> 22,
           RS |-> 22,
           FU |-> 1 ],
         [ ind |-> 4494,
           addr |-> "0x10618",
           COM |-> 27,
           IFacq |-> 22,
           IFrel |-> 23,
           IDacq |-> 23,
           IDrel |-> 24,
           FUacq |-> 24,
           FUrel |-> 25,
           ROB |-> 23,
           RS |-> 23,
           FU |-> 2 ],
         [ ind |-> 4495,
           addr |-> "0x1061a",
           COM |-> 28,
           IFacq |-> 22,
           IFrel |-> 23,
           IDacq |-> 23,
           IDrel |-> 24,
           FUacq |-> 25,
           FUrel |-> 26,
           ROB |-> 23,
           RS |-> 23,
           FU |-> 2 ] >>,
  edges |->
      { [type |-> "D", source |-> 4466, dest |-> 4468],
        [type |-> "D", source |-> 4474, dest |-> 4475],
        [type |-> "D", source |-> 4475, dest |-> 4477],
        [type |-> "D", source |-> 4477, dest |-> 4481],
        [type |-> "D", source |-> 4478, dest |-> 4481],
        [type |-> "D", source |-> 4479, dest |-> 4481],
        [type |-> "D", source |-> 4480, dest |-> 4481],
        [type |-> "D", source |-> 4485, dest |-> 4490],
        [type |-> "D", source |-> 4486, dest |-> 4490],
        [type |-> "D", source |-> 4489, dest |-> 4490],
        [type |-> "D", source |-> 4490, dest |-> 4493] } ]
/\ pc2 = 30
/\ robHead = 31
/\ rob = << [ instr |->
         [ ind |-> 4466,
           type |-> "IntAlu",
           r0 |-> "sp",
           r1 |-> "",
           r2 |-> "",
           addr |-> "0x10552" ],
     done |-> TRUE,
     executed |-> TRUE ],
   [ instr |->
         [ ind |-> 4467,
           type |-> "MemWrite",
           r0 |-> "s0",
           r1 |-> "",
           r2 |-> "",
           addr |-> "0x10554" ],
     done |-> TRUE,
     executed |-> TRUE ],
   [ instr |->
         [ ind |-> 4468,
           type |-> "IntAlu",
           r0 |-> "s0",
           r1 |-> "sp",
           r2 |-> "",
           addr |-> "0x10556" ],
     done |-> TRUE,
     executed |-> TRUE ],
   [ instr |->
         [ ind |-> 4469,
           type |-> "IntAlu",
           r0 |-> "a5",
           r1 |-> "",
           r2 |-> "",
           addr |-> "0x10558" ],
     done |-> TRUE,
     executed |-> TRUE ],
   [ instr |->
         [ ind |-> 4470,
           type |-> "MemWrite",
           r0 |-> "a5",
           r1 |-> "",
           r2 |-> "",
           addr |-> "0x1055a" ],
     done |-> TRUE,
     executed |-> TRUE ],
   [ instr |->
         [ ind |-> 4471,
           type |-> "IntAlu",
           r0 |-> "a5",
           r1 |-> "",
           r2 |-> "",
           addr |-> "0x1055e" ],
     done |-> TRUE,
     executed |-> TRUE ],
   [ instr |->
         [ ind |-> 4472,
           type |-> "MemWrite",
           r0 |-> "zero",
           r1 |-> "",
           r2 |-> "",
           addr |-> "0x10562" ],
     done |-> TRUE,
     executed |-> TRUE ],
   [ instr |->
         [ ind |-> 4473,
           type |-> "IntAlu",
           r0 |-> "",
           r1 |-> "",
           r2 |-> "",
           addr |-> "0x10566" ],
     done |-> TRUE,
     executed |-> TRUE ],
   [ instr |->
         [ ind |-> 4474,
           type |-> "MemRead",
           r0 |-> "a5",
           r1 |-> "",
           r2 |-> "",
           addr |-> "0x10688" ],
     done |-> TRUE,
     executed |-> TRUE ],
   [ instr |->
         [ ind |-> 4475,
           type |-> "IntAlu",
           r0 |-> "a4",
           r1 |-> "a5",
           r2 |-> "",
           addr |-> "0x1068c" ],
     done |-> TRUE,
     executed |-> TRUE ],
   [ instr |->
         [ ind |-> 4476,
           type |-> "IntAlu",
           r0 |-> "a5",
           r1 |-> "",
           r2 |-> "",
           addr |-> "0x10690" ],
     done |-> TRUE,
     executed |-> TRUE ],
   [ instr |->
         [ ind |-> 4477,
           type |-> "IntAlu",
           r0 |-> "a5",
           r1 |-> "a4",
           r2 |-> "",
           addr |-> "0x10692" ],
     done |-> TRUE,
     executed |-> TRUE ],
   [ instr |->
         [ ind |-> 4478,
           type |-> "IntAlu",
           r0 |-> "a5",
           r1 |-> "",
           r2 |-> "",
           addr |-> "0x10568" ],
     done |-> TRUE,
     executed |-> TRUE ],
   [ instr |->
         [ ind |-> 4479,
           type |-> "MemRead",
           r0 |-> "a5",
           r1 |-> "",
           r2 |-> "",
           addr |-> "0x1056c" ],
     done |-> TRUE,
     executed |-> TRUE ],
   [ instr |->
         [ ind |-> 4480,
           type |-> "IntAlu",
           r0 |-> "a5",
           r1 |-> "",
           r2 |-> "",
           addr |-> "0x10570" ],
     done |-> TRUE,
     executed |-> TRUE ],
   [ instr |->
         [ ind |-> 4481,
           type |-> "IntAlu",
           r0 |-> "a4",
           r1 |-> "a5",
           r2 |-> "",
           addr |-> "0x10572" ],
     done |-> TRUE,
     executed |-> TRUE ],
   [ instr |->
         [ ind |-> 4482,
           type |-> "IntAlu",
           r0 |-> "a5",
           r1 |-> "",
           r2 |-> "",
           addr |-> "0x10576" ],
     done |-> TRUE,
     executed |-> TRUE ],
   [ instr |->
         [ ind |-> 4483,
           type |-> "MemWrite",
           r0 |-> "a4",
           r1 |-> "",
           r2 |-> "",
           addr |-> "0x1057a" ],
     done |-> TRUE,
     executed |-> TRUE ],
   [ instr |->
         [ ind |-> 4484,
           type |-> "MemRead",
           r0 |-> "a5",
           r1 |-> "",
           r2 |-> "",
           addr |-> "0x1057e" ],
     done |-> TRUE,
     executed |-> TRUE ],
   [ instr |->
         [ ind |-> 4485,
           type |-> "MemWrite",
           r0 |-> "a5",
           r1 |-> "",
           r2 |-> "",
           addr |-> "0x10582" ],
     done |-> TRUE,
     executed |-> TRUE ],
   [ instr |->
         [ ind |-> 4486,
           type |-> "IntAlu",
           r0 |-> "a5",
           r1 |-> "",
           r2 |-> "",
           addr |-> "0x10586" ],
     done |-> TRUE,
     executed |-> TRUE ],
   [ instr |->
         [ ind |-> 4487,
           type |-> "MemWrite",
           r0 |-> "zero",
           r1 |-> "",
           r2 |-> "",
           addr |-> "0x1058a" ],
     done |-> TRUE,
     executed |-> TRUE ],
   [ instr |->
         [ ind |-> 4488,
           type |-> "IntAlu",
           r0 |-> "",
           r1 |-> "",
           r2 |-> "",
           addr |-> "0x1058e" ],
     done |-> TRUE,
     executed |-> TRUE ],
   [ instr |->
         [ ind |-> 4489,
           type |-> "IntAlu",
           r0 |-> "a5",
           r1 |-> "",
           r2 |-> "",
           addr |-> "0x10608" ],
     done |-> TRUE,
     executed |-> TRUE ],
   [ instr |->
         [ ind |-> 4490,
           type |-> "IntAlu",
           r0 |-> "a4",
           r1 |-> "a5",
           r2 |-> "",
           addr |-> "0x1060c" ],
     done |-> TRUE,
     executed |-> TRUE ],
   [ instr |->
         [ ind |-> 4491,
           type |-> "MemRead",
           r0 |-> "a5",
           r1 |-> "",
           r2 |-> "",
           addr |-> "0x10610" ],
     done |-> TRUE,
     executed |-> TRUE ],
   [ instr |->
         [ ind |-> 4492,
           type |-> "IntAlu",
           r0 |-> "a5",
           r1 |-> "",
           r2 |-> "",
           addr |-> "0x10614" ],
     done |-> TRUE,
     executed |-> TRUE ],
   [ instr |->
         [ ind |-> 4493,
           type |-> "IntAlu",
           r0 |-> "a5",
           r1 |-> "a4",
           r2 |-> "",
           addr |-> "0x10616" ],
     done |-> TRUE,
     executed |-> TRUE ],
   [ instr |->
         [ ind |-> 4494,
           type |-> "MemRead",
           r0 |-> "a3",
           r1 |-> "",
           r2 |-> "",
           addr |-> "0x10618" ],
     done |-> TRUE,
     executed |-> TRUE ],
   [ instr |->
         [ ind |-> 4495,
           type |-> "MemRead",
           r0 |-> "a5",
           r1 |-> "",
           r2 |-> "",
           addr |-> "0x1061a" ],
     done |-> TRUE,
     executed |-> TRUE ] >>
/\ _RS = <<{}, {}, {}, {}>>
/\ currCycle = 23
/\ exec_inst = 1
/\ robHead2 = 31
/\ pc = 30
/\ rob2 = << [ instr |->
         [ ind |-> 4466,
           type |-> "IntAlu",
           r0 |-> "sp",
           r1 |-> "",
           r2 |-> "",
           addr |-> "0x10552" ],
     done |-> TRUE,
     executed |-> TRUE ],
   [ instr |->
         [ ind |-> 4467,
           type |-> "MemWrite",
           r0 |-> "s0",
           r1 |-> "",
           r2 |-> "",
           addr |-> "0x10554" ],
     done |-> TRUE,
     executed |-> TRUE ],
   [ instr |->
         [ ind |-> 4468,
           type |-> "IntAlu",
           r0 |-> "s0",
           r1 |-> "sp",
           r2 |-> "",
           addr |-> "0x10556" ],
     done |-> TRUE,
     executed |-> TRUE ],
   [ instr |->
         [ ind |-> 4469,
           type |-> "IntAlu",
           r0 |-> "a5",
           r1 |-> "",
           r2 |-> "",
           addr |-> "0x10558" ],
     done |-> TRUE,
     executed |-> TRUE ],
   [ instr |->
         [ ind |-> 4470,
           type |-> "MemWrite",
           r0 |-> "a5",
           r1 |-> "",
           r2 |-> "",
           addr |-> "0x1055a" ],
     done |-> TRUE,
     executed |-> TRUE ],
   [ instr |->
         [ ind |-> 4471,
           type |-> "IntAlu",
           r0 |-> "a5",
           r1 |-> "",
           r2 |-> "",
           addr |-> "0x1055e" ],
     done |-> TRUE,
     executed |-> TRUE ],
   [ instr |->
         [ ind |-> 4472,
           type |-> "MemWrite",
           r0 |-> "zero",
           r1 |-> "",
           r2 |-> "",
           addr |-> "0x10562" ],
     done |-> TRUE,
     executed |-> TRUE ],
   [ instr |->
         [ ind |-> 4473,
           type |-> "IntAlu",
           r0 |-> "",
           r1 |-> "",
           r2 |-> "",
           addr |-> "0x10566" ],
     done |-> TRUE,
     executed |-> TRUE ],
   [ instr |->
         [ ind |-> 4474,
           type |-> "MemRead",
           r0 |-> "a5",
           r1 |-> "",
           r2 |-> "",
           addr |-> "0x10688" ],
     done |-> TRUE,
     executed |-> TRUE ],
   [ instr |->
         [ ind |-> 4475,
           type |-> "IntAlu",
           r0 |-> "a4",
           r1 |-> "a5",
           r2 |-> "",
           addr |-> "0x1068c" ],
     done |-> TRUE,
     executed |-> TRUE ],
   [ instr |->
         [ ind |-> 4476,
           type |-> "IntAlu",
           r0 |-> "a5",
           r1 |-> "",
           r2 |-> "",
           addr |-> "0x10690" ],
     done |-> TRUE,
     executed |-> TRUE ],
   [ instr |->
         [ ind |-> 4477,
           type |-> "IntAlu",
           r0 |-> "a5",
           r1 |-> "a4",
           r2 |-> "",
           addr |-> "0x10692" ],
     done |-> TRUE,
     executed |-> TRUE ],
   [ instr |->
         [ ind |-> 4478,
           type |-> "IntAlu",
           r0 |-> "a5",
           r1 |-> "",
           r2 |-> "",
           addr |-> "0x10568" ],
     done |-> TRUE,
     executed |-> TRUE ],
   [ instr |->
         [ ind |-> 4479,
           type |-> "MemRead",
           r0 |-> "a5",
           r1 |-> "",
           r2 |-> "",
           addr |-> "0x1056c" ],
     done |-> TRUE,
     executed |-> TRUE ],
   [ instr |->
         [ ind |-> 4480,
           type |-> "IntAlu",
           r0 |-> "a5",
           r1 |-> "",
           r2 |-> "",
           addr |-> "0x10570" ],
     done |-> TRUE,
     executed |-> TRUE ],
   [ instr |->
         [ ind |-> 4481,
           type |-> "IntAlu",
           r0 |-> "a4",
           r1 |-> "a5",
           r2 |-> "",
           addr |-> "0x10572" ],
     done |-> TRUE,
     executed |-> TRUE ],
   [ instr |->
         [ ind |-> 4482,
           type |-> "IntAlu",
           r0 |-> "a5",
           r1 |-> "",
           r2 |-> "",
           addr |-> "0x10576" ],
     done |-> TRUE,
     executed |-> TRUE ],
   [ instr |->
         [ ind |-> 4483,
           type |-> "MemWrite",
           r0 |-> "a4",
           r1 |-> "",
           r2 |-> "",
           addr |-> "0x1057a" ],
     done |-> TRUE,
     executed |-> TRUE ],
   [ instr |->
         [ ind |-> 4484,
           type |-> "MemRead",
           r0 |-> "a5",
           r1 |-> "",
           r2 |-> "",
           addr |-> "0x1057e" ],
     done |-> TRUE,
     executed |-> TRUE ],
   [ instr |->
         [ ind |-> 4485,
           type |-> "MemWrite",
           r0 |-> "a5",
           r1 |-> "",
           r2 |-> "",
           addr |-> "0x10582" ],
     done |-> TRUE,
     executed |-> TRUE ],
   [ instr |->
         [ ind |-> 4486,
           type |-> "IntAlu",
           r0 |-> "a5",
           r1 |-> "",
           r2 |-> "",
           addr |-> "0x10586" ],
     done |-> TRUE,
     executed |-> TRUE ],
   [ instr |->
         [ ind |-> 4487,
           type |-> "MemWrite",
           r0 |-> "zero",
           r1 |-> "",
           r2 |-> "",
           addr |-> "0x1058a" ],
     done |-> TRUE,
     executed |-> TRUE ],
   [ instr |->
         [ ind |-> 4488,
           type |-> "IntAlu",
           r0 |-> "",
           r1 |-> "",
           r2 |-> "",
           addr |-> "0x1058e" ],
     done |-> TRUE,
     executed |-> TRUE ],
   [ instr |->
         [ ind |-> 4489,
           type |-> "IntAlu",
           r0 |-> "a5",
           r1 |-> "",
           r2 |-> "",
           addr |-> "0x10608" ],
     done |-> TRUE,
     executed |-> TRUE ],
   [ instr |->
         [ ind |-> 4490,
           type |-> "IntAlu",
           r0 |-> "a4",
           r1 |-> "a5",
           r2 |-> "",
           addr |-> "0x1060c" ],
     done |-> TRUE,
     executed |-> TRUE ],
   [ instr |->
         [ ind |-> 4491,
           type |-> "MemRead",
           r0 |-> "a5",
           r1 |-> "",
           r2 |-> "",
           addr |-> "0x10610" ],
     done |-> TRUE,
     executed |-> TRUE ],
   [ instr |->
         [ ind |-> 4492,
           type |-> "IntAlu",
           r0 |-> "a5",
           r1 |-> "",
           r2 |-> "",
           addr |-> "0x10614" ],
     done |-> TRUE,
     executed |-> TRUE ],
   [ instr |->
         [ ind |-> 4493,
           type |-> "IntAlu",
           r0 |-> "a5",
           r1 |-> "a4",
           r2 |-> "",
           addr |-> "0x10616" ],
     done |-> TRUE,
     executed |-> TRUE ],
   [ instr |->
         [ ind |-> 4494,
           type |-> "MemRead",
           r0 |-> "a3",
           r1 |-> "",
           r2 |-> "",
           addr |-> "0x10618" ],
     done |-> TRUE,
     executed |-> TRUE ],
   [ instr |->
         [ ind |-> 4495,
           type |-> "MemRead",
           r0 |-> "a5",
           r1 |-> "",
           r2 |-> "",
           addr |-> "0x1061a" ],
     done |-> TRUE,
     executed |-> TRUE ] >>
/\ _FU = << [ instr |->
         [ ind |-> 0,
           type |-> "No_OpClass",
           r0 |-> "",
           r1 |-> "",
           r2 |-> "",
           addr |-> "" ],
     baseLat |-> 1,
     currLat |-> 1 ],
   [ instr |->
         [ ind |-> 0,
           type |-> "No_OpClass",
           r0 |-> "",
           r1 |-> "",
           r2 |-> "",
           addr |-> "" ],
     baseLat |-> 1,
     currLat |-> 1 ],
   [ instr |->
         [ ind |-> 0,
           type |-> "No_OpClass",
           r0 |-> "",
           r1 |-> "",
           r2 |-> "",
           addr |-> "" ],
     baseLat |-> 1,
     currLat |-> 1 ],
   [ instr |->
         [ ind |-> 0,
           type |-> "No_OpClass",
           r0 |-> "",
           r1 |-> "",
           r2 |-> "",
           addr |-> "" ],
     baseLat |-> 1,
     currLat |-> 1 ] >>

@!@!@ENDMSG 2217 @!@!@
@!@!@STARTMSG 2200:0 @!@!@
Progress(37) at 2022-08-17 18:39:22: 456 states generated (1 520 s/min), 455 distinct states found (1 517 ds/min), 33 states left on queue.
@!@!@ENDMSG 2200 @!@!@
@!@!@STARTMSG 2199:0 @!@!@
456 states generated, 455 distinct states found, 33 states left on queue.
@!@!@ENDMSG 2199 @!@!@
@!@!@STARTMSG 2194:0 @!@!@
The depth of the complete state graph search is 37.
@!@!@ENDMSG 2194 @!@!@
@!@!@STARTMSG 2268:0 @!@!@
The average outdegree of the complete state graph is 1 (minimum is 0, the maximum 2 and the 95th percentile is 2).
@!@!@ENDMSG 2268 @!@!@
@!@!@STARTMSG 2186:0 @!@!@
Finished in 17997ms at (2022-08-17 18:39:22)
@!@!@ENDMSG 2186 @!@!@
