@!@!@STARTMSG 2262:0 @!@!@
TLC2 Version 2.16 of 31 December 2020 (rev: cdddf55)
@!@!@ENDMSG 2262 @!@!@
@!@!@STARTMSG 2187:0 @!@!@
Running breadth-first search Model-Checking with fp 10 and seed 6468503087634923722 with 4 workers on 8 cores with 2380MB heap and 5351MB offheap memory [pid: 9541] (Mac OS X 10.16 x86_64, AdoptOpenJDK 14.0.1 x86_64, OffHeapDiskFPSet, DiskStateQueue).
@!@!@ENDMSG 2187 @!@!@
@!@!@STARTMSG 2220:0 @!@!@
Starting SANY...
@!@!@ENDMSG 2220 @!@!@
Parsing file /Users/benjaminbinder/Desktop/These/timing-anomalies/tla/OoO/detection_procedure/pipeline_ooo.toolbox/bench_bsort/MC.tla
Parsing file /Users/benjaminbinder/Desktop/These/timing-anomalies/tla/OoO/detection_procedure/pipeline_ooo.toolbox/bench_bsort/pipeline_ooo.tla
Parsing file /Applications/TLA+ Toolbox.app/Contents/Eclipse/plugins/org.lamport.tlatools_1.0.0.202012311918/tla2sany/StandardModules/TLC.tla
Parsing file /Applications/TLA+ Toolbox.app/Contents/Eclipse/plugins/org.lamport.tlatools_1.0.0.202012311918/tla2sany/StandardModules/Sequences.tla
Parsing file /Users/benjaminbinder/Desktop/These/timing-anomalies/tla/OoO/detection_procedure/pipeline_ooo.toolbox/bench_bsort/instructions_ooo.tla
Parsing file /Applications/TLA+ Toolbox.app/Contents/Eclipse/plugins/org.lamport.tlatools_1.0.0.202012311918/tla2sany/StandardModules/Integers.tla
Parsing file /Applications/TLA+ Toolbox.app/Contents/Eclipse/plugins/org.lamport.tlatools_1.0.0.202012311918/tla2sany/StandardModules/FiniteSets.tla
Parsing file /Users/benjaminbinder/Desktop/These/timing-anomalies/tla/OoO/detection_procedure/lib/TAExpl.tla
Parsing file /Applications/TLA+ Toolbox.app/Contents/Eclipse/plugins/org.lamport.tlatools_1.0.0.202012311918/tla2sany/StandardModules/Naturals.tla
Parsing file /Users/benjaminbinder/Desktop/These/timing-anomalies/tla/OoO/detection_procedure/pipeline_ooo.toolbox/bench_bsort/pipeline_exec_ooo.tla
Semantic processing of module Naturals
Semantic processing of module Sequences
Semantic processing of module Integers
Semantic processing of module FiniteSets
Semantic processing of module instructions_ooo
Semantic processing of module TLC
Semantic processing of module TAExpl
Semantic processing of module pipeline_exec_ooo
Semantic processing of module pipeline_ooo
Semantic processing of module MC
@!@!@STARTMSG 2219:0 @!@!@
SANY finished.
@!@!@ENDMSG 2219 @!@!@
@!@!@STARTMSG 2185:0 @!@!@
Starting... (2023-01-19 19:06:11)
@!@!@ENDMSG 2185 @!@!@
@!@!@STARTMSG 2168:0 @!@!@
Loading InitOutputFile operator override from file:/Users/benjaminbinder/Desktop/These/timing-anomalies/tla/OoO/detection_procedure/lib/TAExpl.class with signature: <Java Method: public static tlc2.value.impl.Value TAExpl.InitOutputFile(tlc2.value.impl.Value,tlc2.value.impl.Value,tlc2.value.impl.Value,tlc2.value.impl.Value,tlc2.value.impl.Value,tlc2.value.impl.Value,tlc2.value.impl.Value) throws java.io.IOException,java.lang.InterruptedException>.
@!@!@ENDMSG 2168 @!@!@
@!@!@STARTMSG 2168:0 @!@!@
Loading HasTA operator override from file:/Users/benjaminbinder/Desktop/These/timing-anomalies/tla/OoO/detection_procedure/lib/TAExpl.class with signature: <Java Method: public static tlc2.value.impl.Value TAExpl.HasTA(tlc2.value.impl.Value,tlc2.value.impl.Value,tlc2.value.impl.Value,tlc2.value.impl.BoolValue) throws java.io.IOException,java.lang.InterruptedException>.
@!@!@ENDMSG 2168 @!@!@
/Users/benjaminbinder/Desktop/These/timing-anomalies/tla/OoO/detection_procedure/tlc_graphs/bsort-exp.txt
<<"$!@$!@$!@$!@$!", 100>>
@!@!@STARTMSG 2189:0 @!@!@
Computing initial states...
@!@!@ENDMSG 2189 @!@!@
@!@!@STARTMSG 2190:0 @!@!@
Finished computing initial states: 1 distinct state generated at 2023-01-19 19:06:12.
@!@!@ENDMSG 2190 @!@!@
@!@!@STARTMSG 2110:1 @!@!@
Invariant inv_167415157050049000 is violated.
@!@!@ENDMSG 2110 @!@!@
@!@!@STARTMSG 2121:1 @!@!@
The behavior up to this point is:
@!@!@ENDMSG 2121 @!@!@
@!@!@STARTMSG 2217:4 @!@!@
1: <Initial predicate>
/\ _RS2 = <<{}, {}, {}, {}, {}>>
/\ _COM2 = << [ ind |-> 0,
     type |-> "No_OpClass",
     r0 |-> "",
     r1 |-> "",
     r2 |-> "",
     addr |-> "" ],
   [ ind |-> 0,
     type |-> "No_OpClass",
     r0 |-> "",
     r1 |-> "",
     r2 |-> "",
     addr |-> "" ],
   [ ind |-> 0,
     type |-> "No_OpClass",
     r0 |-> "",
     r1 |-> "",
     r2 |-> "",
     addr |-> "" ],
   [ ind |-> 0,
     type |-> "No_OpClass",
     r0 |-> "",
     r1 |-> "",
     r2 |-> "",
     addr |-> "" ] >>
/\ _ID = << [ ind |-> 0,
     type |-> "No_OpClass",
     r0 |-> "",
     r1 |-> "",
     r2 |-> "",
     addr |-> "" ],
   [ ind |-> 0,
     type |-> "No_OpClass",
     r0 |-> "",
     r1 |-> "",
     r2 |-> "",
     addr |-> "" ],
   [ ind |-> 0,
     type |-> "No_OpClass",
     r0 |-> "",
     r1 |-> "",
     r2 |-> "",
     addr |-> "" ],
   [ ind |-> 0,
     type |-> "No_OpClass",
     r0 |-> "",
     r1 |-> "",
     r2 |-> "",
     addr |-> "" ] >>
/\ _IF = << [ instr |->
         [ ind |-> 0,
           type |-> "No_OpClass",
           r0 |-> "",
           r1 |-> "",
           r2 |-> "",
           addr |-> "" ],
     baseLat |-> 1,
     currLat |-> 1 ],
   [ instr |->
         [ ind |-> 0,
           type |-> "No_OpClass",
           r0 |-> "",
           r1 |-> "",
           r2 |-> "",
           addr |-> "" ],
     baseLat |-> 1,
     currLat |-> 1 ],
   [ instr |->
         [ ind |-> 0,
           type |-> "No_OpClass",
           r0 |-> "",
           r1 |-> "",
           r2 |-> "",
           addr |-> "" ],
     baseLat |-> 1,
     currLat |-> 1 ],
   [ instr |->
         [ ind |-> 0,
           type |-> "No_OpClass",
           r0 |-> "",
           r1 |-> "",
           r2 |-> "",
           addr |-> "" ],
     baseLat |-> 1,
     currLat |-> 1 ] >>
/\ _FU2 = << [ instr |->
         [ ind |-> 0,
           type |-> "No_OpClass",
           r0 |-> "",
           r1 |-> "",
           r2 |-> "",
           addr |-> "" ],
     baseLat |-> 1,
     currLat |-> 1 ],
   [ instr |->
         [ ind |-> 0,
           type |-> "No_OpClass",
           r0 |-> "",
           r1 |-> "",
           r2 |-> "",
           addr |-> "" ],
     baseLat |-> 1,
     currLat |-> 1 ],
   [ instr |->
         [ ind |-> 0,
           type |-> "No_OpClass",
           r0 |-> "",
           r1 |-> "",
           r2 |-> "",
           addr |-> "" ],
     baseLat |-> 1,
     currLat |-> 1 ],
   [ instr |->
         [ ind |-> 0,
           type |-> "No_OpClass",
           r0 |-> "",
           r1 |-> "",
           r2 |-> "",
           addr |-> "" ],
     baseLat |-> 1,
     currLat |-> 1 ],
   [ instr |->
         [ ind |-> 0,
           type |-> "No_OpClass",
           r0 |-> "",
           r1 |-> "",
           r2 |-> "",
           addr |-> "" ],
     baseLat |-> 1,
     currLat |-> 1 ] >>
/\ _COM = << [ ind |-> 0,
     type |-> "No_OpClass",
     r0 |-> "",
     r1 |-> "",
     r2 |-> "",
     addr |-> "" ],
   [ ind |-> 0,
     type |-> "No_OpClass",
     r0 |-> "",
     r1 |-> "",
     r2 |-> "",
     addr |-> "" ],
   [ ind |-> 0,
     type |-> "No_OpClass",
     r0 |-> "",
     r1 |-> "",
     r2 |-> "",
     addr |-> "" ],
   [ ind |-> 0,
     type |-> "No_OpClass",
     r0 |-> "",
     r1 |-> "",
     r2 |-> "",
     addr |-> "" ] >>
/\ exec_inst2 = 2
/\ _ID2 = << [ ind |-> 0,
     type |-> "No_OpClass",
     r0 |-> "",
     r1 |-> "",
     r2 |-> "",
     addr |-> "" ],
   [ ind |-> 0,
     type |-> "No_OpClass",
     r0 |-> "",
     r1 |-> "",
     r2 |-> "",
     addr |-> "" ],
   [ ind |-> 0,
     type |-> "No_OpClass",
     r0 |-> "",
     r1 |-> "",
     r2 |-> "",
     addr |-> "" ],
   [ ind |-> 0,
     type |-> "No_OpClass",
     r0 |-> "",
     r1 |-> "",
     r2 |-> "",
     addr |-> "" ] >>
/\ graph = [nodes |-> <<>>, edges |-> {}]
/\ currCycle2 = 0
/\ _IF2 = << [ instr |->
         [ ind |-> 0,
           type |-> "No_OpClass",
           r0 |-> "",
           r1 |-> "",
           r2 |-> "",
           addr |-> "" ],
     baseLat |-> 1,
     currLat |-> 1 ],
   [ instr |->
         [ ind |-> 0,
           type |-> "No_OpClass",
           r0 |-> "",
           r1 |-> "",
           r2 |-> "",
           addr |-> "" ],
     baseLat |-> 1,
     currLat |-> 1 ],
   [ instr |->
         [ ind |-> 0,
           type |-> "No_OpClass",
           r0 |-> "",
           r1 |-> "",
           r2 |-> "",
           addr |-> "" ],
     baseLat |-> 1,
     currLat |-> 1 ],
   [ instr |->
         [ ind |-> 0,
           type |-> "No_OpClass",
           r0 |-> "",
           r1 |-> "",
           r2 |-> "",
           addr |-> "" ],
     baseLat |-> 1,
     currLat |-> 1 ] >>
/\ lastBound = 0
/\ graph2 = [nodes |-> <<>>, edges |-> {}]
/\ pc2 = 0
/\ robHead = 1
/\ rob = <<>>
/\ _RS = <<{}, {}, {}, {}, {}>>
/\ currCycle = 0
/\ exec_inst = 1
/\ robHead2 = 1
/\ pc = 0
/\ rob2 = <<>>
/\ _FU = << [ instr |->
         [ ind |-> 0,
           type |-> "No_OpClass",
           r0 |-> "",
           r1 |-> "",
           r2 |-> "",
           addr |-> "" ],
     baseLat |-> 1,
     currLat |-> 1 ],
   [ instr |->
         [ ind |-> 0,
           type |-> "No_OpClass",
           r0 |-> "",
           r1 |-> "",
           r2 |-> "",
           addr |-> "" ],
     baseLat |-> 1,
     currLat |-> 1 ],
   [ instr |->
         [ ind |-> 0,
           type |-> "No_OpClass",
           r0 |-> "",
           r1 |-> "",
           r2 |-> "",
           addr |-> "" ],
     baseLat |-> 1,
     currLat |-> 1 ],
   [ instr |->
         [ ind |-> 0,
           type |-> "No_OpClass",
           r0 |-> "",
           r1 |-> "",
           r2 |-> "",
           addr |-> "" ],
     baseLat |-> 1,
     currLat |-> 1 ],
   [ instr |->
         [ ind |-> 0,
           type |-> "No_OpClass",
           r0 |-> "",
           r1 |-> "",
           r2 |-> "",
           addr |-> "" ],
     baseLat |-> 1,
     currLat |-> 1 ] >>

@!@!@ENDMSG 2217 @!@!@
@!@!@STARTMSG 2217:4 @!@!@
2: <Next line 52, col 9 to line 56, col 64 of module pipeline_ooo>
/\ _RS2 = <<{}, {}, {}, {}, {}>>
/\ _COM2 = << [ ind |-> 0,
     type |-> "No_OpClass",
     r0 |-> "",
     r1 |-> "",
     r2 |-> "",
     addr |-> "" ],
   [ ind |-> 0,
     type |-> "No_OpClass",
     r0 |-> "",
     r1 |-> "",
     r2 |-> "",
     addr |-> "" ],
   [ ind |-> 0,
     type |-> "No_OpClass",
     r0 |-> "",
     r1 |-> "",
     r2 |-> "",
     addr |-> "" ],
   [ ind |-> 0,
     type |-> "No_OpClass",
     r0 |-> "",
     r1 |-> "",
     r2 |-> "",
     addr |-> "" ] >>
/\ _ID = << [ ind |-> 0,
     type |-> "No_OpClass",
     r0 |-> "",
     r1 |-> "",
     r2 |-> "",
     addr |-> "" ],
   [ ind |-> 0,
     type |-> "No_OpClass",
     r0 |-> "",
     r1 |-> "",
     r2 |-> "",
     addr |-> "" ],
   [ ind |-> 0,
     type |-> "No_OpClass",
     r0 |-> "",
     r1 |-> "",
     r2 |-> "",
     addr |-> "" ],
   [ ind |-> 0,
     type |-> "No_OpClass",
     r0 |-> "",
     r1 |-> "",
     r2 |-> "",
     addr |-> "" ] >>
/\ _IF = << [ instr |->
         [ ind |-> 5687,
           type |-> "IntAlu",
           r0 |-> "sp",
           r1 |-> "",
           r2 |-> "",
           addr |-> "0x105e2" ],
     baseLat |-> 1,
     currLat |-> 1 ],
   [ instr |->
         [ ind |-> 5688,
           type |-> "MemWrite",
           r0 |-> "ra",
           r1 |-> "",
           r2 |-> "",
           addr |-> "0x105e4" ],
     baseLat |-> 1,
     currLat |-> 1 ],
   [ instr |->
         [ ind |-> 5689,
           type |-> "MemWrite",
           r0 |-> "s0",
           r1 |-> "",
           r2 |-> "",
           addr |-> "0x105e6" ],
     baseLat |-> 1,
     currLat |-> 1 ],
   [ instr |->
         [ ind |-> 5690,
           type |-> "IntAlu",
           r0 |-> "s0",
           r1 |-> "sp",
           r2 |-> "",
           addr |-> "0x105e8" ],
     baseLat |-> 1,
     currLat |-> 1 ] >>
/\ _FU2 = << [ instr |->
         [ ind |-> 0,
           type |-> "No_OpClass",
           r0 |-> "",
           r1 |-> "",
           r2 |-> "",
           addr |-> "" ],
     baseLat |-> 1,
     currLat |-> 1 ],
   [ instr |->
         [ ind |-> 0,
           type |-> "No_OpClass",
           r0 |-> "",
           r1 |-> "",
           r2 |-> "",
           addr |-> "" ],
     baseLat |-> 1,
     currLat |-> 1 ],
   [ instr |->
         [ ind |-> 0,
           type |-> "No_OpClass",
           r0 |-> "",
           r1 |-> "",
           r2 |-> "",
           addr |-> "" ],
     baseLat |-> 1,
     currLat |-> 1 ],
   [ instr |->
         [ ind |-> 0,
           type |-> "No_OpClass",
           r0 |-> "",
           r1 |-> "",
           r2 |-> "",
           addr |-> "" ],
     baseLat |-> 1,
     currLat |-> 1 ],
   [ instr |->
         [ ind |-> 0,
           type |-> "No_OpClass",
           r0 |-> "",
           r1 |-> "",
           r2 |-> "",
           addr |-> "" ],
     baseLat |-> 1,
     currLat |-> 1 ] >>
/\ _COM = << [ ind |-> 0,
     type |-> "No_OpClass",
     r0 |-> "",
     r1 |-> "",
     r2 |-> "",
     addr |-> "" ],
   [ ind |-> 0,
     type |-> "No_OpClass",
     r0 |-> "",
     r1 |-> "",
     r2 |-> "",
     addr |-> "" ],
   [ ind |-> 0,
     type |-> "No_OpClass",
     r0 |-> "",
     r1 |-> "",
     r2 |-> "",
     addr |-> "" ],
   [ ind |-> 0,
     type |-> "No_OpClass",
     r0 |-> "",
     r1 |-> "",
     r2 |-> "",
     addr |-> "" ] >>
/\ exec_inst2 = 2
/\ _ID2 = << [ ind |-> 0,
     type |-> "No_OpClass",
     r0 |-> "",
     r1 |-> "",
     r2 |-> "",
     addr |-> "" ],
   [ ind |-> 0,
     type |-> "No_OpClass",
     r0 |-> "",
     r1 |-> "",
     r2 |-> "",
     addr |-> "" ],
   [ ind |-> 0,
     type |-> "No_OpClass",
     r0 |-> "",
     r1 |-> "",
     r2 |-> "",
     addr |-> "" ],
   [ ind |-> 0,
     type |-> "No_OpClass",
     r0 |-> "",
     r1 |-> "",
     r2 |-> "",
     addr |-> "" ] >>
/\ graph = [nodes |-> <<>>, edges |-> {}]
/\ currCycle2 = 1
/\ _IF2 = << [ instr |->
         [ ind |-> 5687,
           type |-> "IntAlu",
           r0 |-> "sp",
           r1 |-> "",
           r2 |-> "",
           addr |-> "0x105e2" ],
     baseLat |-> 1,
     currLat |-> 1 ],
   [ instr |->
         [ ind |-> 5688,
           type |-> "MemWrite",
           r0 |-> "ra",
           r1 |-> "",
           r2 |-> "",
           addr |-> "0x105e4" ],
     baseLat |-> 1,
     currLat |-> 1 ],
   [ instr |->
         [ ind |-> 5689,
           type |-> "MemWrite",
           r0 |-> "s0",
           r1 |-> "",
           r2 |-> "",
           addr |-> "0x105e6" ],
     baseLat |-> 1,
     currLat |-> 1 ],
   [ instr |->
         [ ind |-> 5690,
           type |-> "IntAlu",
           r0 |-> "s0",
           r1 |-> "sp",
           r2 |-> "",
           addr |-> "0x105e8" ],
     baseLat |-> 1,
     currLat |-> 1 ] >>
/\ lastBound = 0
/\ graph2 = [nodes |-> <<>>, edges |-> {}]
/\ pc2 = 4
/\ robHead = 1
/\ rob = <<>>
/\ _RS = <<{}, {}, {}, {}, {}>>
/\ currCycle = 1
/\ exec_inst = 1
/\ robHead2 = 1
/\ pc = 4
/\ rob2 = <<>>
/\ _FU = << [ instr |->
         [ ind |-> 0,
           type |-> "No_OpClass",
           r0 |-> "",
           r1 |-> "",
           r2 |-> "",
           addr |-> "" ],
     baseLat |-> 1,
     currLat |-> 1 ],
   [ instr |->
         [ ind |-> 0,
           type |-> "No_OpClass",
           r0 |-> "",
           r1 |-> "",
           r2 |-> "",
           addr |-> "" ],
     baseLat |-> 1,
     currLat |-> 1 ],
   [ instr |->
         [ ind |-> 0,
           type |-> "No_OpClass",
           r0 |-> "",
           r1 |-> "",
           r2 |-> "",
           addr |-> "" ],
     baseLat |-> 1,
     currLat |-> 1 ],
   [ instr |->
         [ ind |-> 0,
           type |-> "No_OpClass",
           r0 |-> "",
           r1 |-> "",
           r2 |-> "",
           addr |-> "" ],
     baseLat |-> 1,
     currLat |-> 1 ],
   [ instr |->
         [ ind |-> 0,
           type |-> "No_OpClass",
           r0 |-> "",
           r1 |-> "",
           r2 |-> "",
           addr |-> "" ],
     baseLat |-> 1,
     currLat |-> 1 ] >>

@!@!@ENDMSG 2217 @!@!@
@!@!@STARTMSG 2217:4 @!@!@
3: <Next line 52, col 9 to line 56, col 64 of module pipeline_ooo>
/\ _RS2 = <<{}, {}, {}, {}, {}>>
/\ _COM2 = << [ ind |-> 0,
     type |-> "No_OpClass",
     r0 |-> "",
     r1 |-> "",
     r2 |-> "",
     addr |-> "" ],
   [ ind |-> 0,
     type |-> "No_OpClass",
     r0 |-> "",
     r1 |-> "",
     r2 |-> "",
     addr |-> "" ],
   [ ind |-> 0,
     type |-> "No_OpClass",
     r0 |-> "",
     r1 |-> "",
     r2 |-> "",
     addr |-> "" ],
   [ ind |-> 0,
     type |-> "No_OpClass",
     r0 |-> "",
     r1 |-> "",
     r2 |-> "",
     addr |-> "" ] >>
/\ _ID = << [ ind |-> 5687,
     type |-> "IntAlu",
     r0 |-> "sp",
     r1 |-> "",
     r2 |-> "",
     addr |-> "0x105e2" ],
   [ ind |-> 5688,
     type |-> "MemWrite",
     r0 |-> "ra",
     r1 |-> "",
     r2 |-> "",
     addr |-> "0x105e4" ],
   [ ind |-> 5689,
     type |-> "MemWrite",
     r0 |-> "s0",
     r1 |-> "",
     r2 |-> "",
     addr |-> "0x105e6" ],
   [ ind |-> 5690,
     type |-> "IntAlu",
     r0 |-> "s0",
     r1 |-> "sp",
     r2 |-> "",
     addr |-> "0x105e8" ] >>
/\ _IF = << [ instr |->
         [ ind |-> 5691,
           type |-> "IntAlu",
           r0 |-> "a0",
           r1 |-> "gp",
           r2 |-> "",
           addr |-> "0x105ea" ],
     baseLat |-> 1,
     currLat |-> 1 ],
   [ instr |->
         [ ind |-> 5692,
           type |-> "IntAlu",
           r0 |-> "ra",
           r1 |-> "",
           r2 |-> "",
           addr |-> "0x105ee" ],
     baseLat |-> 1,
     currLat |-> 1 ],
   [ instr |->
         [ ind |-> 5693,
           type |-> "IntAlu",
           r0 |-> "sp",
           r1 |-> "",
           r2 |-> "",
           addr |-> "0x104ee" ],
     baseLat |-> 1,
     currLat |-> 1 ],
   [ instr |->
         [ ind |-> 5694,
           type |-> "MemWrite",
           r0 |-> "s0",
           r1 |-> "",
           r2 |-> "",
           addr |-> "0x104f0" ],
     baseLat |-> 1,
     currLat |-> 1 ] >>
/\ _FU2 = << [ instr |->
         [ ind |-> 0,
           type |-> "No_OpClass",
           r0 |-> "",
           r1 |-> "",
           r2 |-> "",
           addr |-> "" ],
     baseLat |-> 1,
     currLat |-> 1 ],
   [ instr |->
         [ ind |-> 0,
           type |-> "No_OpClass",
           r0 |-> "",
           r1 |-> "",
           r2 |-> "",
           addr |-> "" ],
     baseLat |-> 1,
     currLat |-> 1 ],
   [ instr |->
         [ ind |-> 0,
           type |-> "No_OpClass",
           r0 |-> "",
           r1 |-> "",
           r2 |-> "",
           addr |-> "" ],
     baseLat |-> 1,
     currLat |-> 1 ],
   [ instr |->
         [ ind |-> 0,
           type |-> "No_OpClass",
           r0 |-> "",
           r1 |-> "",
           r2 |-> "",
           addr |-> "" ],
     baseLat |-> 1,
     currLat |-> 1 ],
   [ instr |->
         [ ind |-> 0,
           type |-> "No_OpClass",
           r0 |-> "",
           r1 |-> "",
           r2 |-> "",
           addr |-> "" ],
     baseLat |-> 1,
     currLat |-> 1 ] >>
/\ _COM = << [ ind |-> 0,
     type |-> "No_OpClass",
     r0 |-> "",
     r1 |-> "",
     r2 |-> "",
     addr |-> "" ],
   [ ind |-> 0,
     type |-> "No_OpClass",
     r0 |-> "",
     r1 |-> "",
     r2 |-> "",
     addr |-> "" ],
   [ ind |-> 0,
     type |-> "No_OpClass",
     r0 |-> "",
     r1 |-> "",
     r2 |-> "",
     addr |-> "" ],
   [ ind |-> 0,
     type |-> "No_OpClass",
     r0 |-> "",
     r1 |-> "",
     r2 |-> "",
     addr |-> "" ] >>
/\ exec_inst2 = 2
/\ _ID2 = << [ ind |-> 5687,
     type |-> "IntAlu",
     r0 |-> "sp",
     r1 |-> "",
     r2 |-> "",
     addr |-> "0x105e2" ],
   [ ind |-> 5688,
     type |-> "MemWrite",
     r0 |-> "ra",
     r1 |-> "",
     r2 |-> "",
     addr |-> "0x105e4" ],
   [ ind |-> 5689,
     type |-> "MemWrite",
     r0 |-> "s0",
     r1 |-> "",
     r2 |-> "",
     addr |-> "0x105e6" ],
   [ ind |-> 5690,
     type |-> "IntAlu",
     r0 |-> "s0",
     r1 |-> "sp",
     r2 |-> "",
     addr |-> "0x105e8" ] >>
/\ graph = [ nodes |->
      << [ ind |-> 5687,
           addr |-> "0x105e2",
           COM |-> 0,
           IFacq |-> 1,
           IFrel |-> 2,
           IDacq |-> 0,
           IDrel |-> 0,
           FUacq |-> 0,
           FUrel |-> 0,
           ROB |-> 0,
           RS |-> 0,
           FU |-> 0 ],
         [ ind |-> 5688,
           addr |-> "0x105e4",
           COM |-> 0,
           IFacq |-> 1,
           IFrel |-> 2,
           IDacq |-> 0,
           IDrel |-> 0,
           FUacq |-> 0,
           FUrel |-> 0,
           ROB |-> 0,
           RS |-> 0,
           FU |-> 0 ],
         [ ind |-> 5689,
           addr |-> "0x105e6",
           COM |-> 0,
           IFacq |-> 1,
           IFrel |-> 2,
           IDacq |-> 0,
           IDrel |-> 0,
           FUacq |-> 0,
           FUrel |-> 0,
           ROB |-> 0,
           RS |-> 0,
           FU |-> 0 ],
         [ ind |-> 5690,
           addr |-> "0x105e8",
           COM |-> 0,
           IFacq |-> 1,
           IFrel |-> 2,
           IDacq |-> 0,
           IDrel |-> 0,
           FUacq |-> 0,
           FUrel |-> 0,
           ROB |-> 0,
           RS |-> 0,
           FU |-> 0 ] >>,
  edges |-> {} ]
/\ currCycle2 = 2
/\ _IF2 = << [ instr |->
         [ ind |-> 5691,
           type |-> "IntAlu",
           r0 |-> "a0",
           r1 |-> "gp",
           r2 |-> "",
           addr |-> "0x105ea" ],
     baseLat |-> 1,
     currLat |-> 1 ],
   [ instr |->
         [ ind |-> 5692,
           type |-> "IntAlu",
           r0 |-> "ra",
           r1 |-> "",
           r2 |-> "",
           addr |-> "0x105ee" ],
     baseLat |-> 1,
     currLat |-> 1 ],
   [ instr |->
         [ ind |-> 5693,
           type |-> "IntAlu",
           r0 |-> "sp",
           r1 |-> "",
           r2 |-> "",
           addr |-> "0x104ee" ],
     baseLat |-> 1,
     currLat |-> 1 ],
   [ instr |->
         [ ind |-> 5694,
           type |-> "MemWrite",
           r0 |-> "s0",
           r1 |-> "",
           r2 |-> "",
           addr |-> "0x104f0" ],
     baseLat |-> 1,
     currLat |-> 1 ] >>
/\ lastBound = 0
/\ graph2 = [ nodes |->
      << [ ind |-> 5687,
           addr |-> "0x105e2",
           COM |-> 0,
           IFacq |-> 1,
           IFrel |-> 2,
           IDacq |-> 0,
           IDrel |-> 0,
           FUacq |-> 0,
           FUrel |-> 0,
           ROB |-> 0,
           RS |-> 0,
           FU |-> 0 ],
         [ ind |-> 5688,
           addr |-> "0x105e4",
           COM |-> 0,
           IFacq |-> 1,
           IFrel |-> 2,
           IDacq |-> 0,
           IDrel |-> 0,
           FUacq |-> 0,
           FUrel |-> 0,
           ROB |-> 0,
           RS |-> 0,
           FU |-> 0 ],
         [ ind |-> 5689,
           addr |-> "0x105e6",
           COM |-> 0,
           IFacq |-> 1,
           IFrel |-> 2,
           IDacq |-> 0,
           IDrel |-> 0,
           FUacq |-> 0,
           FUrel |-> 0,
           ROB |-> 0,
           RS |-> 0,
           FU |-> 0 ],
         [ ind |-> 5690,
           addr |-> "0x105e8",
           COM |-> 0,
           IFacq |-> 1,
           IFrel |-> 2,
           IDacq |-> 0,
           IDrel |-> 0,
           FUacq |-> 0,
           FUrel |-> 0,
           ROB |-> 0,
           RS |-> 0,
           FU |-> 0 ] >>,
  edges |-> {} ]
/\ pc2 = 8
/\ robHead = 1
/\ rob = <<>>
/\ _RS = <<{}, {}, {}, {}, {}>>
/\ currCycle = 2
/\ exec_inst = 1
/\ robHead2 = 1
/\ pc = 8
/\ rob2 = <<>>
/\ _FU = << [ instr |->
         [ ind |-> 0,
           type |-> "No_OpClass",
           r0 |-> "",
           r1 |-> "",
           r2 |-> "",
           addr |-> "" ],
     baseLat |-> 1,
     currLat |-> 1 ],
   [ instr |->
         [ ind |-> 0,
           type |-> "No_OpClass",
           r0 |-> "",
           r1 |-> "",
           r2 |-> "",
           addr |-> "" ],
     baseLat |-> 1,
     currLat |-> 1 ],
   [ instr |->
         [ ind |-> 0,
           type |-> "No_OpClass",
           r0 |-> "",
           r1 |-> "",
           r2 |-> "",
           addr |-> "" ],
     baseLat |-> 1,
     currLat |-> 1 ],
   [ instr |->
         [ ind |-> 0,
           type |-> "No_OpClass",
           r0 |-> "",
           r1 |-> "",
           r2 |-> "",
           addr |-> "" ],
     baseLat |-> 1,
     currLat |-> 1 ],
   [ instr |->
         [ ind |-> 0,
           type |-> "No_OpClass",
           r0 |-> "",
           r1 |-> "",
           r2 |-> "",
           addr |-> "" ],
     baseLat |-> 1,
     currLat |-> 1 ] >>

@!@!@ENDMSG 2217 @!@!@
@!@!@STARTMSG 2217:4 @!@!@
4: <Next line 52, col 9 to line 56, col 64 of module pipeline_ooo>
/\ _RS2 = << { [ ind |-> 5690,
       type |-> "IntAlu",
       r0 |-> "s0",
       r1 |-> "sp",
       r2 |-> "",
       addr |-> "0x105e8" ] },
   { [ ind |-> 5689,
       type |-> "MemWrite",
       r0 |-> "s0",
       r1 |-> "",
       r2 |-> "",
       addr |-> "0x105e6" ] },
   {},
   {},
   {} >>
/\ _COM2 = << [ ind |-> 0,
     type |-> "No_OpClass",
     r0 |-> "",
     r1 |-> "",
     r2 |-> "",
     addr |-> "" ],
   [ ind |-> 0,
     type |-> "No_OpClass",
     r0 |-> "",
     r1 |-> "",
     r2 |-> "",
     addr |-> "" ],
   [ ind |-> 0,
     type |-> "No_OpClass",
     r0 |-> "",
     r1 |-> "",
     r2 |-> "",
     addr |-> "" ],
   [ ind |-> 0,
     type |-> "No_OpClass",
     r0 |-> "",
     r1 |-> "",
     r2 |-> "",
     addr |-> "" ] >>
/\ _ID = << [ ind |-> 5691,
     type |-> "IntAlu",
     r0 |-> "a0",
     r1 |-> "gp",
     r2 |-> "",
     addr |-> "0x105ea" ],
   [ ind |-> 5692,
     type |-> "IntAlu",
     r0 |-> "ra",
     r1 |-> "",
     r2 |-> "",
     addr |-> "0x105ee" ],
   [ ind |-> 5693,
     type |-> "IntAlu",
     r0 |-> "sp",
     r1 |-> "",
     r2 |-> "",
     addr |-> "0x104ee" ],
   [ ind |-> 5694,
     type |-> "MemWrite",
     r0 |-> "s0",
     r1 |-> "",
     r2 |-> "",
     addr |-> "0x104f0" ] >>
/\ _IF = << [ instr |->
         [ ind |-> 5695,
           type |-> "IntAlu",
           r0 |-> "s0",
           r1 |-> "sp",
           r2 |-> "",
           addr |-> "0x104f2" ],
     baseLat |-> 1,
     currLat |-> 1 ],
   [ instr |->
         [ ind |-> 5696,
           type |-> "MemWrite",
           r0 |-> "a0",
           r1 |-> "",
           r2 |-> "",
           addr |-> "0x104f4" ],
     baseLat |-> 1,
     currLat |-> 1 ],
   [ instr |->
         [ ind |-> 5697,
           type |-> "MemWrite",
           r0 |-> "zero",
           r1 |-> "",
           r2 |-> "",
           addr |-> "0x104f8" ],
     baseLat |-> 1,
     currLat |-> 1 ],
   [ instr |->
         [ ind |-> 5698,
           type |-> "MemWrite",
           r0 |-> "zero",
           r1 |-> "",
           r2 |-> "",
           addr |-> "0x104fc" ],
     baseLat |-> 1,
     currLat |-> 1 ] >>
/\ _FU2 = << [ instr |->
         [ ind |-> 5687,
           type |-> "IntAlu",
           r0 |-> "sp",
           r1 |-> "",
           r2 |-> "",
           addr |-> "0x105e2" ],
     baseLat |-> 1,
     currLat |-> 1 ],
   [ instr |->
         [ ind |-> 5688,
           type |-> "MemWrite",
           r0 |-> "ra",
           r1 |-> "",
           r2 |-> "",
           addr |-> "0x105e4" ],
     baseLat |-> 1,
     currLat |-> 1 ],
   [ instr |->
         [ ind |-> 0,
           type |-> "No_OpClass",
           r0 |-> "",
           r1 |-> "",
           r2 |-> "",
           addr |-> "" ],
     baseLat |-> 1,
     currLat |-> 1 ],
   [ instr |->
         [ ind |-> 0,
           type |-> "No_OpClass",
           r0 |-> "",
           r1 |-> "",
           r2 |-> "",
           addr |-> "" ],
     baseLat |-> 1,
     currLat |-> 1 ],
   [ instr |->
         [ ind |-> 0,
           type |-> "No_OpClass",
           r0 |-> "",
           r1 |-> "",
           r2 |-> "",
           addr |-> "" ],
     baseLat |-> 1,
     currLat |-> 1 ] >>
/\ _COM = << [ ind |-> 0,
     type |-> "No_OpClass",
     r0 |-> "",
     r1 |-> "",
     r2 |-> "",
     addr |-> "" ],
   [ ind |-> 0,
     type |-> "No_OpClass",
     r0 |-> "",
     r1 |-> "",
     r2 |-> "",
     addr |-> "" ],
   [ ind |-> 0,
     type |-> "No_OpClass",
     r0 |-> "",
     r1 |-> "",
     r2 |-> "",
     addr |-> "" ],
   [ ind |-> 0,
     type |-> "No_OpClass",
     r0 |-> "",
     r1 |-> "",
     r2 |-> "",
     addr |-> "" ] >>
/\ exec_inst2 = 2
/\ _ID2 = << [ ind |-> 5691,
     type |-> "IntAlu",
     r0 |-> "a0",
     r1 |-> "gp",
     r2 |-> "",
     addr |-> "0x105ea" ],
   [ ind |-> 5692,
     type |-> "IntAlu",
     r0 |-> "ra",
     r1 |-> "",
     r2 |-> "",
     addr |-> "0x105ee" ],
   [ ind |-> 5693,
     type |-> "IntAlu",
     r0 |-> "sp",
     r1 |-> "",
     r2 |-> "",
     addr |-> "0x104ee" ],
   [ ind |-> 5694,
     type |-> "MemWrite",
     r0 |-> "s0",
     r1 |-> "",
     r2 |-> "",
     addr |-> "0x104f0" ] >>
/\ graph = [ nodes |->
      << [ ind |-> 5687,
           addr |-> "0x105e2",
           COM |-> 0,
           IFacq |-> 1,
           IFrel |-> 2,
           IDacq |-> 2,
           IDrel |-> 3,
           FUacq |-> 0,
           FUrel |-> 0,
           ROB |-> 2,
           RS |-> 2,
           FU |-> 0 ],
         [ ind |-> 5688,
           addr |-> "0x105e4",
           COM |-> 0,
           IFacq |-> 1,
           IFrel |-> 2,
           IDacq |-> 2,
           IDrel |-> 3,
           FUacq |-> 0,
           FUrel |-> 0,
           ROB |-> 2,
           RS |-> 2,
           FU |-> 0 ],
         [ ind |-> 5689,
           addr |-> "0x105e6",
           COM |-> 0,
           IFacq |-> 1,
           IFrel |-> 2,
           IDacq |-> 2,
           IDrel |-> 3,
           FUacq |-> 0,
           FUrel |-> 0,
           ROB |-> 2,
           RS |-> 2,
           FU |-> 0 ],
         [ ind |-> 5690,
           addr |-> "0x105e8",
           COM |-> 0,
           IFacq |-> 1,
           IFrel |-> 2,
           IDacq |-> 2,
           IDrel |-> 3,
           FUacq |-> 0,
           FUrel |-> 0,
           ROB |-> 2,
           RS |-> 2,
           FU |-> 0 ],
         [ ind |-> 5691,
           addr |-> "0x105ea",
           COM |-> 0,
           IFacq |-> 2,
           IFrel |-> 3,
           IDacq |-> 0,
           IDrel |-> 0,
           FUacq |-> 0,
           FUrel |-> 0,
           ROB |-> 0,
           RS |-> 0,
           FU |-> 0 ],
         [ ind |-> 5692,
           addr |-> "0x105ee",
           COM |-> 0,
           IFacq |-> 2,
           IFrel |-> 3,
           IDacq |-> 0,
           IDrel |-> 0,
           FUacq |-> 0,
           FUrel |-> 0,
           ROB |-> 0,
           RS |-> 0,
           FU |-> 0 ],
         [ ind |-> 5693,
           addr |-> "0x104ee",
           COM |-> 0,
           IFacq |-> 2,
           IFrel |-> 3,
           IDacq |-> 0,
           IDrel |-> 0,
           FUacq |-> 0,
           FUrel |-> 0,
           ROB |-> 0,
           RS |-> 0,
           FU |-> 0 ],
         [ ind |-> 5694,
           addr |-> "0x104f0",
           COM |-> 0,
           IFacq |-> 2,
           IFrel |-> 3,
           IDacq |-> 0,
           IDrel |-> 0,
           FUacq |-> 0,
           FUrel |-> 0,
           ROB |-> 0,
           RS |-> 0,
           FU |-> 0 ] >>,
  edges |-> {} ]
/\ currCycle2 = 3
/\ _IF2 = << [ instr |->
         [ ind |-> 5695,
           type |-> "IntAlu",
           r0 |-> "s0",
           r1 |-> "sp",
           r2 |-> "",
           addr |-> "0x104f2" ],
     baseLat |-> 1,
     currLat |-> 1 ],
   [ instr |->
         [ ind |-> 5696,
           type |-> "MemWrite",
           r0 |-> "a0",
           r1 |-> "",
           r2 |-> "",
           addr |-> "0x104f4" ],
     baseLat |-> 1,
     currLat |-> 1 ],
   [ instr |->
         [ ind |-> 5697,
           type |-> "MemWrite",
           r0 |-> "zero",
           r1 |-> "",
           r2 |-> "",
           addr |-> "0x104f8" ],
     baseLat |-> 1,
     currLat |-> 1 ],
   [ instr |->
         [ ind |-> 5698,
           type |-> "MemWrite",
           r0 |-> "zero",
           r1 |-> "",
           r2 |-> "",
           addr |-> "0x104fc" ],
     baseLat |-> 1,
     currLat |-> 1 ] >>
/\ lastBound = 0
/\ graph2 = [ nodes |->
      << [ ind |-> 5687,
           addr |-> "0x105e2",
           COM |-> 0,
           IFacq |-> 1,
           IFrel |-> 2,
           IDacq |-> 2,
           IDrel |-> 3,
           FUacq |-> 0,
           FUrel |-> 0,
           ROB |-> 2,
           RS |-> 2,
           FU |-> 0 ],
         [ ind |-> 5688,
           addr |-> "0x105e4",
           COM |-> 0,
           IFacq |-> 1,
           IFrel |-> 2,
           IDacq |-> 2,
           IDrel |-> 3,
           FUacq |-> 0,
           FUrel |-> 0,
           ROB |-> 2,
           RS |-> 2,
           FU |-> 0 ],
         [ ind |-> 5689,
           addr |-> "0x105e6",
           COM |-> 0,
           IFacq |-> 1,
           IFrel |-> 2,
           IDacq |-> 2,
           IDrel |-> 3,
           FUacq |-> 0,
           FUrel |-> 0,
           ROB |-> 2,
           RS |-> 2,
           FU |-> 0 ],
         [ ind |-> 5690,
           addr |-> "0x105e8",
           COM |-> 0,
           IFacq |-> 1,
           IFrel |-> 2,
           IDacq |-> 2,
           IDrel |-> 3,
           FUacq |-> 0,
           FUrel |-> 0,
           ROB |-> 2,
           RS |-> 2,
           FU |-> 0 ],
         [ ind |-> 5691,
           addr |-> "0x105ea",
           COM |-> 0,
           IFacq |-> 2,
           IFrel |-> 3,
           IDacq |-> 0,
           IDrel |-> 0,
           FUacq |-> 0,
           FUrel |-> 0,
           ROB |-> 0,
           RS |-> 0,
           FU |-> 0 ],
         [ ind |-> 5692,
           addr |-> "0x105ee",
           COM |-> 0,
           IFacq |-> 2,
           IFrel |-> 3,
           IDacq |-> 0,
           IDrel |-> 0,
           FUacq |-> 0,
           FUrel |-> 0,
           ROB |-> 0,
           RS |-> 0,
           FU |-> 0 ],
         [ ind |-> 5693,
           addr |-> "0x104ee",
           COM |-> 0,
           IFacq |-> 2,
           IFrel |-> 3,
           IDacq |-> 0,
           IDrel |-> 0,
           FUacq |-> 0,
           FUrel |-> 0,
           ROB |-> 0,
           RS |-> 0,
           FU |-> 0 ],
         [ ind |-> 5694,
           addr |-> "0x104f0",
           COM |-> 0,
           IFacq |-> 2,
           IFrel |-> 3,
           IDacq |-> 0,
           IDrel |-> 0,
           FUacq |-> 0,
           FUrel |-> 0,
           ROB |-> 0,
           RS |-> 0,
           FU |-> 0 ] >>,
  edges |-> {} ]
/\ pc2 = 12
/\ robHead = 1
/\ rob = << [ instr |->
         [ ind |-> 5687,
           type |-> "IntAlu",
           r0 |-> "sp",
           r1 |-> "",
           r2 |-> "",
           addr |-> "0x105e2" ],
     done |-> FALSE,
     executed |-> FALSE ],
   [ instr |->
         [ ind |-> 5688,
           type |-> "MemWrite",
           r0 |-> "ra",
           r1 |-> "",
           r2 |-> "",
           addr |-> "0x105e4" ],
     done |-> FALSE,
     executed |-> FALSE ],
   [ instr |->
         [ ind |-> 5689,
           type |-> "MemWrite",
           r0 |-> "s0",
           r1 |-> "",
           r2 |-> "",
           addr |-> "0x105e6" ],
     done |-> FALSE,
     executed |-> FALSE ],
   [ instr |->
         [ ind |-> 5690,
           type |-> "IntAlu",
           r0 |-> "s0",
           r1 |-> "sp",
           r2 |-> "",
           addr |-> "0x105e8" ],
     done |-> FALSE,
     executed |-> FALSE ] >>
/\ _RS = << { [ ind |-> 5690,
       type |-> "IntAlu",
       r0 |-> "s0",
       r1 |-> "sp",
       r2 |-> "",
       addr |-> "0x105e8" ] },
   { [ ind |-> 5689,
       type |-> "MemWrite",
       r0 |-> "s0",
       r1 |-> "",
       r2 |-> "",
       addr |-> "0x105e6" ] },
   {},
   {},
   {} >>
/\ currCycle = 3
/\ exec_inst = 1
/\ robHead2 = 1
/\ pc = 12
/\ rob2 = << [ instr |->
         [ ind |-> 5687,
           type |-> "IntAlu",
           r0 |-> "sp",
           r1 |-> "",
           r2 |-> "",
           addr |-> "0x105e2" ],
     done |-> FALSE,
     executed |-> FALSE ],
   [ instr |->
         [ ind |-> 5688,
           type |-> "MemWrite",
           r0 |-> "ra",
           r1 |-> "",
           r2 |-> "",
           addr |-> "0x105e4" ],
     done |-> FALSE,
     executed |-> FALSE ],
   [ instr |->
         [ ind |-> 5689,
           type |-> "MemWrite",
           r0 |-> "s0",
           r1 |-> "",
           r2 |-> "",
           addr |-> "0x105e6" ],
     done |-> FALSE,
     executed |-> FALSE ],
   [ instr |->
         [ ind |-> 5690,
           type |-> "IntAlu",
           r0 |-> "s0",
           r1 |-> "sp",
           r2 |-> "",
           addr |-> "0x105e8" ],
     done |-> FALSE,
     executed |-> FALSE ] >>
/\ _FU = << [ instr |->
         [ ind |-> 5687,
           type |-> "IntAlu",
           r0 |-> "sp",
           r1 |-> "",
           r2 |-> "",
           addr |-> "0x105e2" ],
     baseLat |-> 1,
     currLat |-> 1 ],
   [ instr |->
         [ ind |-> 5688,
           type |-> "MemWrite",
           r0 |-> "ra",
           r1 |-> "",
           r2 |-> "",
           addr |-> "0x105e4" ],
     baseLat |-> 1,
     currLat |-> 1 ],
   [ instr |->
         [ ind |-> 0,
           type |-> "No_OpClass",
           r0 |-> "",
           r1 |-> "",
           r2 |-> "",
           addr |-> "" ],
     baseLat |-> 1,
     currLat |-> 1 ],
   [ instr |->
         [ ind |-> 0,
           type |-> "No_OpClass",
           r0 |-> "",
           r1 |-> "",
           r2 |-> "",
           addr |-> "" ],
     baseLat |-> 1,
     currLat |-> 1 ],
   [ instr |->
         [ ind |-> 0,
           type |-> "No_OpClass",
           r0 |-> "",
           r1 |-> "",
           r2 |-> "",
           addr |-> "" ],
     baseLat |-> 1,
     currLat |-> 1 ] >>

@!@!@ENDMSG 2217 @!@!@
@!@!@STARTMSG 2217:4 @!@!@
5: <Next line 52, col 9 to line 56, col 64 of module pipeline_ooo>
/\ _RS2 = << { [ ind |-> 5691,
       type |-> "IntAlu",
       r0 |-> "a0",
       r1 |-> "gp",
       r2 |-> "",
       addr |-> "0x105ea" ],
     [ ind |-> 5692,
       type |-> "IntAlu",
       r0 |-> "ra",
       r1 |-> "",
       r2 |-> "",
       addr |-> "0x105ee" ],
     [ ind |-> 5693,
       type |-> "IntAlu",
       r0 |-> "sp",
       r1 |-> "",
       r2 |-> "",
       addr |-> "0x104ee" ] },
   { [ ind |-> 5694,
       type |-> "MemWrite",
       r0 |-> "s0",
       r1 |-> "",
       r2 |-> "",
       addr |-> "0x104f0" ] },
   {},
   {},
   {} >>
/\ _COM2 = << [ ind |-> 5687,
     type |-> "IntAlu",
     r0 |-> "sp",
     r1 |-> "",
     r2 |-> "",
     addr |-> "0x105e2" ],
   [ ind |-> 5688,
     type |-> "MemWrite",
     r0 |-> "ra",
     r1 |-> "",
     r2 |-> "",
     addr |-> "0x105e4" ],
   [ ind |-> 0,
     type |-> "No_OpClass",
     r0 |-> "",
     r1 |-> "",
     r2 |-> "",
     addr |-> "" ],
   [ ind |-> 0,
     type |-> "No_OpClass",
     r0 |-> "",
     r1 |-> "",
     r2 |-> "",
     addr |-> "" ] >>
/\ _ID = << [ ind |-> 5695,
     type |-> "IntAlu",
     r0 |-> "s0",
     r1 |-> "sp",
     r2 |-> "",
     addr |-> "0x104f2" ],
   [ ind |-> 5696,
     type |-> "MemWrite",
     r0 |-> "a0",
     r1 |-> "",
     r2 |-> "",
     addr |-> "0x104f4" ],
   [ ind |-> 5697,
     type |-> "MemWrite",
     r0 |-> "zero",
     r1 |-> "",
     r2 |-> "",
     addr |-> "0x104f8" ],
   [ ind |-> 5698,
     type |-> "MemWrite",
     r0 |-> "zero",
     r1 |-> "",
     r2 |-> "",
     addr |-> "0x104fc" ] >>
/\ _IF = << [ instr |->
         [ ind |-> 5699,
           type |-> "IntAlu",
           r0 |-> "",
           r1 |-> "",
           r2 |-> "",
           addr |-> "0x10500" ],
     baseLat |-> 1,
     currLat |-> 1 ],
   [ instr |->
         [ ind |-> 5700,
           type |-> "MemRead",
           r0 |-> "a5",
           r1 |-> "",
           r2 |-> "",
           addr |-> "0x105c4" ],
     baseLat |-> 1,
     currLat |-> 1 ],
   [ instr |->
         [ ind |-> 5701,
           type |-> "IntAlu",
           r0 |-> "a4",
           r1 |-> "a5",
           r2 |-> "",
           addr |-> "0x105c8" ],
     baseLat |-> 1,
     currLat |-> 1 ],
   [ instr |->
         [ ind |-> 5702,
           type |-> "IntAlu",
           r0 |-> "a5",
           r1 |-> "zero",
           r2 |-> "",
           addr |-> "0x105cc" ],
     baseLat |-> 1,
     currLat |-> 1 ] >>
/\ _FU2 = << [ instr |->
         [ ind |-> 5690,
           type |-> "IntAlu",
           r0 |-> "s0",
           r1 |-> "sp",
           r2 |-> "",
           addr |-> "0x105e8" ],
     baseLat |-> 1,
     currLat |-> 1 ],
   [ instr |->
         [ ind |-> 5689,
           type |-> "MemWrite",
           r0 |-> "s0",
           r1 |-> "",
           r2 |-> "",
           addr |-> "0x105e6" ],
     baseLat |-> 1,
     currLat |-> 1 ],
   [ instr |->
         [ ind |-> 0,
           type |-> "No_OpClass",
           r0 |-> "",
           r1 |-> "",
           r2 |-> "",
           addr |-> "" ],
     baseLat |-> 1,
     currLat |-> 1 ],
   [ instr |->
         [ ind |-> 0,
           type |-> "No_OpClass",
           r0 |-> "",
           r1 |-> "",
           r2 |-> "",
           addr |-> "" ],
     baseLat |-> 1,
     currLat |-> 1 ],
   [ instr |->
         [ ind |-> 0,
           type |-> "No_OpClass",
           r0 |-> "",
           r1 |-> "",
           r2 |-> "",
           addr |-> "" ],
     baseLat |-> 1,
     currLat |-> 1 ] >>
/\ _COM = << [ ind |-> 5687,
     type |-> "IntAlu",
     r0 |-> "sp",
     r1 |-> "",
     r2 |-> "",
     addr |-> "0x105e2" ],
   [ ind |-> 5688,
     type |-> "MemWrite",
     r0 |-> "ra",
     r1 |-> "",
     r2 |-> "",
     addr |-> "0x105e4" ],
   [ ind |-> 0,
     type |-> "No_OpClass",
     r0 |-> "",
     r1 |-> "",
     r2 |-> "",
     addr |-> "" ],
   [ ind |-> 0,
     type |-> "No_OpClass",
     r0 |-> "",
     r1 |-> "",
     r2 |-> "",
     addr |-> "" ] >>
/\ exec_inst2 = 2
/\ _ID2 = << [ ind |-> 5695,
     type |-> "IntAlu",
     r0 |-> "s0",
     r1 |-> "sp",
     r2 |-> "",
     addr |-> "0x104f2" ],
   [ ind |-> 5696,
     type |-> "MemWrite",
     r0 |-> "a0",
     r1 |-> "",
     r2 |-> "",
     addr |-> "0x104f4" ],
   [ ind |-> 5697,
     type |-> "MemWrite",
     r0 |-> "zero",
     r1 |-> "",
     r2 |-> "",
     addr |-> "0x104f8" ],
   [ ind |-> 5698,
     type |-> "MemWrite",
     r0 |-> "zero",
     r1 |-> "",
     r2 |-> "",
     addr |-> "0x104fc" ] >>
/\ graph = [ nodes |->
      << [ ind |-> 5687,
           addr |-> "0x105e2",
           COM |-> 0,
           IFacq |-> 1,
           IFrel |-> 2,
           IDacq |-> 2,
           IDrel |-> 3,
           FUacq |-> 3,
           FUrel |-> 4,
           ROB |-> 2,
           RS |-> 2,
           FU |-> 1 ],
         [ ind |-> 5688,
           addr |-> "0x105e4",
           COM |-> 0,
           IFacq |-> 1,
           IFrel |-> 2,
           IDacq |-> 2,
           IDrel |-> 3,
           FUacq |-> 3,
           FUrel |-> 4,
           ROB |-> 2,
           RS |-> 2,
           FU |-> 2 ],
         [ ind |-> 5689,
           addr |-> "0x105e6",
           COM |-> 0,
           IFacq |-> 1,
           IFrel |-> 2,
           IDacq |-> 2,
           IDrel |-> 3,
           FUacq |-> 0,
           FUrel |-> 0,
           ROB |-> 2,
           RS |-> 2,
           FU |-> 0 ],
         [ ind |-> 5690,
           addr |-> "0x105e8",
           COM |-> 0,
           IFacq |-> 1,
           IFrel |-> 2,
           IDacq |-> 2,
           IDrel |-> 3,
           FUacq |-> 0,
           FUrel |-> 0,
           ROB |-> 2,
           RS |-> 2,
           FU |-> 0 ],
         [ ind |-> 5691,
           addr |-> "0x105ea",
           COM |-> 0,
           IFacq |-> 2,
           IFrel |-> 3,
           IDacq |-> 3,
           IDrel |-> 4,
           FUacq |-> 0,
           FUrel |-> 0,
           ROB |-> 3,
           RS |-> 3,
           FU |-> 0 ],
         [ ind |-> 5692,
           addr |-> "0x105ee",
           COM |-> 0,
           IFacq |-> 2,
           IFrel |-> 3,
           IDacq |-> 3,
           IDrel |-> 4,
           FUacq |-> 0,
           FUrel |-> 0,
           ROB |-> 3,
           RS |-> 3,
           FU |-> 0 ],
         [ ind |-> 5693,
           addr |-> "0x104ee",
           COM |-> 0,
           IFacq |-> 2,
           IFrel |-> 3,
           IDacq |-> 3,
           IDrel |-> 4,
           FUacq |-> 0,
           FUrel |-> 0,
           ROB |-> 3,
           RS |-> 3,
           FU |-> 0 ],
         [ ind |-> 5694,
           addr |-> "0x104f0",
           COM |-> 0,
           IFacq |-> 2,
           IFrel |-> 3,
           IDacq |-> 3,
           IDrel |-> 4,
           FUacq |-> 0,
           FUrel |-> 0,
           ROB |-> 3,
           RS |-> 3,
           FU |-> 0 ],
         [ ind |-> 5695,
           addr |-> "0x104f2",
           COM |-> 0,
           IFacq |-> 3,
           IFrel |-> 4,
           IDacq |-> 0,
           IDrel |-> 0,
           FUacq |-> 0,
           FUrel |-> 0,
           ROB |-> 0,
           RS |-> 0,
           FU |-> 0 ],
         [ ind |-> 5696,
           addr |-> "0x104f4",
           COM |-> 0,
           IFacq |-> 3,
           IFrel |-> 4,
           IDacq |-> 0,
           IDrel |-> 0,
           FUacq |-> 0,
           FUrel |-> 0,
           ROB |-> 0,
           RS |-> 0,
           FU |-> 0 ],
         [ ind |-> 5697,
           addr |-> "0x104f8",
           COM |-> 0,
           IFacq |-> 3,
           IFrel |-> 4,
           IDacq |-> 0,
           IDrel |-> 0,
           FUacq |-> 0,
           FUrel |-> 0,
           ROB |-> 0,
           RS |-> 0,
           FU |-> 0 ],
         [ ind |-> 5698,
           addr |-> "0x104fc",
           COM |-> 0,
           IFacq |-> 3,
           IFrel |-> 4,
           IDacq |-> 0,
           IDrel |-> 0,
           FUacq |-> 0,
           FUrel |-> 0,
           ROB |-> 0,
           RS |-> 0,
           FU |-> 0 ] >>,
  edges |-> {} ]
/\ currCycle2 = 4
/\ _IF2 = << [ instr |->
         [ ind |-> 5699,
           type |-> "IntAlu",
           r0 |-> "",
           r1 |-> "",
           r2 |-> "",
           addr |-> "0x10500" ],
     baseLat |-> 1,
     currLat |-> 1 ],
   [ instr |->
         [ ind |-> 5700,
           type |-> "MemRead",
           r0 |-> "a5",
           r1 |-> "",
           r2 |-> "",
           addr |-> "0x105c4" ],
     baseLat |-> 1,
     currLat |-> 1 ],
   [ instr |->
         [ ind |-> 5701,
           type |-> "IntAlu",
           r0 |-> "a4",
           r1 |-> "a5",
           r2 |-> "",
           addr |-> "0x105c8" ],
     baseLat |-> 1,
     currLat |-> 1 ],
   [ instr |->
         [ ind |-> 5702,
           type |-> "IntAlu",
           r0 |-> "a5",
           r1 |-> "zero",
           r2 |-> "",
           addr |-> "0x105cc" ],
     baseLat |-> 1,
     currLat |-> 1 ] >>
/\ lastBound = 0
/\ graph2 = [ nodes |->
      << [ ind |-> 5687,
           addr |-> "0x105e2",
           COM |-> 0,
           IFacq |-> 1,
           IFrel |-> 2,
           IDacq |-> 2,
           IDrel |-> 3,
           FUacq |-> 3,
           FUrel |-> 4,
           ROB |-> 2,
           RS |-> 2,
           FU |-> 1 ],
         [ ind |-> 5688,
           addr |-> "0x105e4",
           COM |-> 0,
           IFacq |-> 1,
           IFrel |-> 2,
           IDacq |-> 2,
           IDrel |-> 3,
           FUacq |-> 3,
           FUrel |-> 4,
           ROB |-> 2,
           RS |-> 2,
           FU |-> 2 ],
         [ ind |-> 5689,
           addr |-> "0x105e6",
           COM |-> 0,
           IFacq |-> 1,
           IFrel |-> 2,
           IDacq |-> 2,
           IDrel |-> 3,
           FUacq |-> 0,
           FUrel |-> 0,
           ROB |-> 2,
           RS |-> 2,
           FU |-> 0 ],
         [ ind |-> 5690,
           addr |-> "0x105e8",
           COM |-> 0,
           IFacq |-> 1,
           IFrel |-> 2,
           IDacq |-> 2,
           IDrel |-> 3,
           FUacq |-> 0,
           FUrel |-> 0,
           ROB |-> 2,
           RS |-> 2,
           FU |-> 0 ],
         [ ind |-> 5691,
           addr |-> "0x105ea",
           COM |-> 0,
           IFacq |-> 2,
           IFrel |-> 3,
           IDacq |-> 3,
           IDrel |-> 4,
           FUacq |-> 0,
           FUrel |-> 0,
           ROB |-> 3,
           RS |-> 3,
           FU |-> 0 ],
         [ ind |-> 5692,
           addr |-> "0x105ee",
           COM |-> 0,
           IFacq |-> 2,
           IFrel |-> 3,
           IDacq |-> 3,
           IDrel |-> 4,
           FUacq |-> 0,
           FUrel |-> 0,
           ROB |-> 3,
           RS |-> 3,
           FU |-> 0 ],
         [ ind |-> 5693,
           addr |-> "0x104ee",
           COM |-> 0,
           IFacq |-> 2,
           IFrel |-> 3,
           IDacq |-> 3,
           IDrel |-> 4,
           FUacq |-> 0,
           FUrel |-> 0,
           ROB |-> 3,
           RS |-> 3,
           FU |-> 0 ],
         [ ind |-> 5694,
           addr |-> "0x104f0",
           COM |-> 0,
           IFacq |-> 2,
           IFrel |-> 3,
           IDacq |-> 3,
           IDrel |-> 4,
           FUacq |-> 0,
           FUrel |-> 0,
           ROB |-> 3,
           RS |-> 3,
           FU |-> 0 ],
         [ ind |-> 5695,
           addr |-> "0x104f2",
           COM |-> 0,
           IFacq |-> 3,
           IFrel |-> 4,
           IDacq |-> 0,
           IDrel |-> 0,
           FUacq |-> 0,
           FUrel |-> 0,
           ROB |-> 0,
           RS |-> 0,
           FU |-> 0 ],
         [ ind |-> 5696,
           addr |-> "0x104f4",
           COM |-> 0,
           IFacq |-> 3,
           IFrel |-> 4,
           IDacq |-> 0,
           IDrel |-> 0,
           FUacq |-> 0,
           FUrel |-> 0,
           ROB |-> 0,
           RS |-> 0,
           FU |-> 0 ],
         [ ind |-> 5697,
           addr |-> "0x104f8",
           COM |-> 0,
           IFacq |-> 3,
           IFrel |-> 4,
           IDacq |-> 0,
           IDrel |-> 0,
           FUacq |-> 0,
           FUrel |-> 0,
           ROB |-> 0,
           RS |-> 0,
           FU |-> 0 ],
         [ ind |-> 5698,
           addr |-> "0x104fc",
           COM |-> 0,
           IFacq |-> 3,
           IFrel |-> 4,
           IDacq |-> 0,
           IDrel |-> 0,
           FUacq |-> 0,
           FUrel |-> 0,
           ROB |-> 0,
           RS |-> 0,
           FU |-> 0 ] >>,
  edges |-> {} ]
/\ pc2 = 16
/\ robHead = 1
/\ rob = << [ instr |->
         [ ind |-> 5687,
           type |-> "IntAlu",
           r0 |-> "sp",
           r1 |-> "",
           r2 |-> "",
           addr |-> "0x105e2" ],
     done |-> FALSE,
     executed |-> TRUE ],
   [ instr |->
         [ ind |-> 5688,
           type |-> "MemWrite",
           r0 |-> "ra",
           r1 |-> "",
           r2 |-> "",
           addr |-> "0x105e4" ],
     done |-> FALSE,
     executed |-> TRUE ],
   [ instr |->
         [ ind |-> 5689,
           type |-> "MemWrite",
           r0 |-> "s0",
           r1 |-> "",
           r2 |-> "",
           addr |-> "0x105e6" ],
     done |-> FALSE,
     executed |-> FALSE ],
   [ instr |->
         [ ind |-> 5690,
           type |-> "IntAlu",
           r0 |-> "s0",
           r1 |-> "sp",
           r2 |-> "",
           addr |-> "0x105e8" ],
     done |-> FALSE,
     executed |-> FALSE ],
   [ instr |->
         [ ind |-> 5691,
           type |-> "IntAlu",
           r0 |-> "a0",
           r1 |-> "gp",
           r2 |-> "",
           addr |-> "0x105ea" ],
     done |-> FALSE,
     executed |-> FALSE ],
   [ instr |->
         [ ind |-> 5692,
           type |-> "IntAlu",
           r0 |-> "ra",
           r1 |-> "",
           r2 |-> "",
           addr |-> "0x105ee" ],
     done |-> FALSE,
     executed |-> FALSE ],
   [ instr |->
         [ ind |-> 5693,
           type |-> "IntAlu",
           r0 |-> "sp",
           r1 |-> "",
           r2 |-> "",
           addr |-> "0x104ee" ],
     done |-> FALSE,
     executed |-> FALSE ],
   [ instr |->
         [ ind |-> 5694,
           type |-> "MemWrite",
           r0 |-> "s0",
           r1 |-> "",
           r2 |-> "",
           addr |-> "0x104f0" ],
     done |-> FALSE,
     executed |-> FALSE ] >>
/\ _RS = << { [ ind |-> 5691,
       type |-> "IntAlu",
       r0 |-> "a0",
       r1 |-> "gp",
       r2 |-> "",
       addr |-> "0x105ea" ],
     [ ind |-> 5692,
       type |-> "IntAlu",
       r0 |-> "ra",
       r1 |-> "",
       r2 |-> "",
       addr |-> "0x105ee" ],
     [ ind |-> 5693,
       type |-> "IntAlu",
       r0 |-> "sp",
       r1 |-> "",
       r2 |-> "",
       addr |-> "0x104ee" ] },
   { [ ind |-> 5694,
       type |-> "MemWrite",
       r0 |-> "s0",
       r1 |-> "",
       r2 |-> "",
       addr |-> "0x104f0" ] },
   {},
   {},
   {} >>
/\ currCycle = 4
/\ exec_inst = 1
/\ robHead2 = 1
/\ pc = 16
/\ rob2 = << [ instr |->
         [ ind |-> 5687,
           type |-> "IntAlu",
           r0 |-> "sp",
           r1 |-> "",
           r2 |-> "",
           addr |-> "0x105e2" ],
     done |-> FALSE,
     executed |-> TRUE ],
   [ instr |->
         [ ind |-> 5688,
           type |-> "MemWrite",
           r0 |-> "ra",
           r1 |-> "",
           r2 |-> "",
           addr |-> "0x105e4" ],
     done |-> FALSE,
     executed |-> TRUE ],
   [ instr |->
         [ ind |-> 5689,
           type |-> "MemWrite",
           r0 |-> "s0",
           r1 |-> "",
           r2 |-> "",
           addr |-> "0x105e6" ],
     done |-> FALSE,
     executed |-> FALSE ],
   [ instr |->
         [ ind |-> 5690,
           type |-> "IntAlu",
           r0 |-> "s0",
           r1 |-> "sp",
           r2 |-> "",
           addr |-> "0x105e8" ],
     done |-> FALSE,
     executed |-> FALSE ],
   [ instr |->
         [ ind |-> 5691,
           type |-> "IntAlu",
           r0 |-> "a0",
           r1 |-> "gp",
           r2 |-> "",
           addr |-> "0x105ea" ],
     done |-> FALSE,
     executed |-> FALSE ],
   [ instr |->
         [ ind |-> 5692,
           type |-> "IntAlu",
           r0 |-> "ra",
           r1 |-> "",
           r2 |-> "",
           addr |-> "0x105ee" ],
     done |-> FALSE,
     executed |-> FALSE ],
   [ instr |->
         [ ind |-> 5693,
           type |-> "IntAlu",
           r0 |-> "sp",
           r1 |-> "",
           r2 |-> "",
           addr |-> "0x104ee" ],
     done |-> FALSE,
     executed |-> FALSE ],
   [ instr |->
         [ ind |-> 5694,
           type |-> "MemWrite",
           r0 |-> "s0",
           r1 |-> "",
           r2 |-> "",
           addr |-> "0x104f0" ],
     done |-> FALSE,
     executed |-> FALSE ] >>
/\ _FU = << [ instr |->
         [ ind |-> 5690,
           type |-> "IntAlu",
           r0 |-> "s0",
           r1 |-> "sp",
           r2 |-> "",
           addr |-> "0x105e8" ],
     baseLat |-> 1,
     currLat |-> 1 ],
   [ instr |->
         [ ind |-> 5689,
           type |-> "MemWrite",
           r0 |-> "s0",
           r1 |-> "",
           r2 |-> "",
           addr |-> "0x105e6" ],
     baseLat |-> 1,
     currLat |-> 1 ],
   [ instr |->
         [ ind |-> 0,
           type |-> "No_OpClass",
           r0 |-> "",
           r1 |-> "",
           r2 |-> "",
           addr |-> "" ],
     baseLat |-> 1,
     currLat |-> 1 ],
   [ instr |->
         [ ind |-> 0,
           type |-> "No_OpClass",
           r0 |-> "",
           r1 |-> "",
           r2 |-> "",
           addr |-> "" ],
     baseLat |-> 1,
     currLat |-> 1 ],
   [ instr |->
         [ ind |-> 0,
           type |-> "No_OpClass",
           r0 |-> "",
           r1 |-> "",
           r2 |-> "",
           addr |-> "" ],
     baseLat |-> 1,
     currLat |-> 1 ] >>

@!@!@ENDMSG 2217 @!@!@
@!@!@STARTMSG 2217:4 @!@!@
6: <Next line 52, col 9 to line 56, col 64 of module pipeline_ooo>
/\ _RS2 = << { [ ind |-> 5692,
       type |-> "IntAlu",
       r0 |-> "ra",
       r1 |-> "",
       r2 |-> "",
       addr |-> "0x105ee" ],
     [ ind |-> 5693,
       type |-> "IntAlu",
       r0 |-> "sp",
       r1 |-> "",
       r2 |-> "",
       addr |-> "0x104ee" ],
     [ ind |-> 5695,
       type |-> "IntAlu",
       r0 |-> "s0",
       r1 |-> "sp",
       r2 |-> "",
       addr |-> "0x104f2" ] },
   { [ ind |-> 5696,
       type |-> "MemWrite",
       r0 |-> "a0",
       r1 |-> "",
       r2 |-> "",
       addr |-> "0x104f4" ],
     [ ind |-> 5697,
       type |-> "MemWrite",
       r0 |-> "zero",
       r1 |-> "",
       r2 |-> "",
       addr |-> "0x104f8" ],
     [ ind |-> 5698,
       type |-> "MemWrite",
       r0 |-> "zero",
       r1 |-> "",
       r2 |-> "",
       addr |-> "0x104fc" ] },
   {},
   {},
   {} >>
/\ _COM2 = << [ ind |-> 5689,
     type |-> "MemWrite",
     r0 |-> "s0",
     r1 |-> "",
     r2 |-> "",
     addr |-> "0x105e6" ],
   [ ind |-> 5690,
     type |-> "IntAlu",
     r0 |-> "s0",
     r1 |-> "sp",
     r2 |-> "",
     addr |-> "0x105e8" ],
   [ ind |-> 0,
     type |-> "No_OpClass",
     r0 |-> "",
     r1 |-> "",
     r2 |-> "",
     addr |-> "" ],
   [ ind |-> 0,
     type |-> "No_OpClass",
     r0 |-> "",
     r1 |-> "",
     r2 |-> "",
     addr |-> "" ] >>
/\ _ID = << [ ind |-> 5699,
     type |-> "IntAlu",
     r0 |-> "",
     r1 |-> "",
     r2 |-> "",
     addr |-> "0x10500" ],
   [ ind |-> 5700,
     type |-> "MemRead",
     r0 |-> "a5",
     r1 |-> "",
     r2 |-> "",
     addr |-> "0x105c4" ],
   [ ind |-> 5701,
     type |-> "IntAlu",
     r0 |-> "a4",
     r1 |-> "a5",
     r2 |-> "",
     addr |-> "0x105c8" ],
   [ ind |-> 5702,
     type |-> "IntAlu",
     r0 |-> "a5",
     r1 |-> "zero",
     r2 |-> "",
     addr |-> "0x105cc" ] >>
/\ _IF = << [ instr |->
         [ ind |-> 5703,
           type |-> "IntAlu",
           r0 |-> "a5",
           r1 |-> "a4",
           r2 |-> "",
           addr |-> "0x105d0" ],
     baseLat |-> 1,
     currLat |-> 1 ],
   [ instr |->
         [ ind |-> 5704,
           type |-> "IntAlu",
           r0 |-> "a5",
           r1 |-> "",
           r2 |-> "",
           addr |-> "0x10502" ],
     baseLat |-> 1,
     currLat |-> 1 ],
   [ instr |->
         [ ind |-> 5705,
           type |-> "MemWrite",
           r0 |-> "a5",
           r1 |-> "",
           r2 |-> "",
           addr |-> "0x10504" ],
     baseLat |-> 1,
     currLat |-> 1 ],
   [ instr |->
         [ ind |-> 5706,
           type |-> "MemWrite",
           r0 |-> "zero",
           r1 |-> "",
           r2 |-> "",
           addr |-> "0x10508" ],
     baseLat |-> 1,
     currLat |-> 1 ] >>
/\ _FU2 = << [ instr |->
         [ ind |-> 5691,
           type |-> "IntAlu",
           r0 |-> "a0",
           r1 |-> "gp",
           r2 |-> "",
           addr |-> "0x105ea" ],
     baseLat |-> 1,
     currLat |-> 1 ],
   [ instr |->
         [ ind |-> 5694,
           type |-> "MemWrite",
           r0 |-> "s0",
           r1 |-> "",
           r2 |-> "",
           addr |-> "0x104f0" ],
     baseLat |-> 1,
     currLat |-> 1 ],
   [ instr |->
         [ ind |-> 0,
           type |-> "No_OpClass",
           r0 |-> "",
           r1 |-> "",
           r2 |-> "",
           addr |-> "" ],
     baseLat |-> 1,
     currLat |-> 1 ],
   [ instr |->
         [ ind |-> 0,
           type |-> "No_OpClass",
           r0 |-> "",
           r1 |-> "",
           r2 |-> "",
           addr |-> "" ],
     baseLat |-> 1,
     currLat |-> 1 ],
   [ instr |->
         [ ind |-> 0,
           type |-> "No_OpClass",
           r0 |-> "",
           r1 |-> "",
           r2 |-> "",
           addr |-> "" ],
     baseLat |-> 1,
     currLat |-> 1 ] >>
/\ _COM = << [ ind |-> 5689,
     type |-> "MemWrite",
     r0 |-> "s0",
     r1 |-> "",
     r2 |-> "",
     addr |-> "0x105e6" ],
   [ ind |-> 5690,
     type |-> "IntAlu",
     r0 |-> "s0",
     r1 |-> "sp",
     r2 |-> "",
     addr |-> "0x105e8" ],
   [ ind |-> 0,
     type |-> "No_OpClass",
     r0 |-> "",
     r1 |-> "",
     r2 |-> "",
     addr |-> "" ],
   [ ind |-> 0,
     type |-> "No_OpClass",
     r0 |-> "",
     r1 |-> "",
     r2 |-> "",
     addr |-> "" ] >>
/\ exec_inst2 = 2
/\ _ID2 = << [ ind |-> 5699,
     type |-> "IntAlu",
     r0 |-> "",
     r1 |-> "",
     r2 |-> "",
     addr |-> "0x10500" ],
   [ ind |-> 5700,
     type |-> "MemRead",
     r0 |-> "a5",
     r1 |-> "",
     r2 |-> "",
     addr |-> "0x105c4" ],
   [ ind |-> 5701,
     type |-> "IntAlu",
     r0 |-> "a4",
     r1 |-> "a5",
     r2 |-> "",
     addr |-> "0x105c8" ],
   [ ind |-> 5702,
     type |-> "IntAlu",
     r0 |-> "a5",
     r1 |-> "zero",
     r2 |-> "",
     addr |-> "0x105cc" ] >>
/\ graph = [ nodes |->
      << [ ind |-> 5687,
           addr |-> "0x105e2",
           COM |-> 4,
           IFacq |-> 1,
           IFrel |-> 2,
           IDacq |-> 2,
           IDrel |-> 3,
           FUacq |-> 3,
           FUrel |-> 4,
           ROB |-> 2,
           RS |-> 2,
           FU |-> 1 ],
         [ ind |-> 5688,
           addr |-> "0x105e4",
           COM |-> 4,
           IFacq |-> 1,
           IFrel |-> 2,
           IDacq |-> 2,
           IDrel |-> 3,
           FUacq |-> 3,
           FUrel |-> 4,
           ROB |-> 2,
           RS |-> 2,
           FU |-> 2 ],
         [ ind |-> 5689,
           addr |-> "0x105e6",
           COM |-> 0,
           IFacq |-> 1,
           IFrel |-> 2,
           IDacq |-> 2,
           IDrel |-> 3,
           FUacq |-> 4,
           FUrel |-> 5,
           ROB |-> 2,
           RS |-> 2,
           FU |-> 2 ],
         [ ind |-> 5690,
           addr |-> "0x105e8",
           COM |-> 0,
           IFacq |-> 1,
           IFrel |-> 2,
           IDacq |-> 2,
           IDrel |-> 3,
           FUacq |-> 4,
           FUrel |-> 5,
           ROB |-> 2,
           RS |-> 2,
           FU |-> 1 ],
         [ ind |-> 5691,
           addr |-> "0x105ea",
           COM |-> 0,
           IFacq |-> 2,
           IFrel |-> 3,
           IDacq |-> 3,
           IDrel |-> 4,
           FUacq |-> 0,
           FUrel |-> 0,
           ROB |-> 3,
           RS |-> 3,
           FU |-> 0 ],
         [ ind |-> 5692,
           addr |-> "0x105ee",
           COM |-> 0,
           IFacq |-> 2,
           IFrel |-> 3,
           IDacq |-> 3,
           IDrel |-> 4,
           FUacq |-> 0,
           FUrel |-> 0,
           ROB |-> 3,
           RS |-> 3,
           FU |-> 0 ],
         [ ind |-> 5693,
           addr |-> "0x104ee",
           COM |-> 0,
           IFacq |-> 2,
           IFrel |-> 3,
           IDacq |-> 3,
           IDrel |-> 4,
           FUacq |-> 0,
           FUrel |-> 0,
           ROB |-> 3,
           RS |-> 3,
           FU |-> 0 ],
         [ ind |-> 5694,
           addr |-> "0x104f0",
           COM |-> 0,
           IFacq |-> 2,
           IFrel |-> 3,
           IDacq |-> 3,
           IDrel |-> 4,
           FUacq |-> 0,
           FUrel |-> 0,
           ROB |-> 3,
           RS |-> 3,
           FU |-> 0 ],
         [ ind |-> 5695,
           addr |-> "0x104f2",
           COM |-> 0,
           IFacq |-> 3,
           IFrel |-> 4,
           IDacq |-> 4,
           IDrel |-> 5,
           FUacq |-> 0,
           FUrel |-> 0,
           ROB |-> 4,
           RS |-> 4,
           FU |-> 0 ],
         [ ind |-> 5696,
           addr |-> "0x104f4",
           COM |-> 0,
           IFacq |-> 3,
           IFrel |-> 4,
           IDacq |-> 4,
           IDrel |-> 5,
           FUacq |-> 0,
           FUrel |-> 0,
           ROB |-> 4,
           RS |-> 4,
           FU |-> 0 ],
         [ ind |-> 5697,
           addr |-> "0x104f8",
           COM |-> 0,
           IFacq |-> 3,
           IFrel |-> 4,
           IDacq |-> 4,
           IDrel |-> 5,
           FUacq |-> 0,
           FUrel |-> 0,
           ROB |-> 4,
           RS |-> 4,
           FU |-> 0 ],
         [ ind |-> 5698,
           addr |-> "0x104fc",
           COM |-> 0,
           IFacq |-> 3,
           IFrel |-> 4,
           IDacq |-> 4,
           IDrel |-> 5,
           FUacq |-> 0,
           FUrel |-> 0,
           ROB |-> 4,
           RS |-> 4,
           FU |-> 0 ],
         [ ind |-> 5699,
           addr |-> "0x10500",
           COM |-> 0,
           IFacq |-> 4,
           IFrel |-> 5,
           IDacq |-> 0,
           IDrel |-> 0,
           FUacq |-> 0,
           FUrel |-> 0,
           ROB |-> 0,
           RS |-> 0,
           FU |-> 0 ],
         [ ind |-> 5700,
           addr |-> "0x105c4",
           COM |-> 0,
           IFacq |-> 4,
           IFrel |-> 5,
           IDacq |-> 0,
           IDrel |-> 0,
           FUacq |-> 0,
           FUrel |-> 0,
           ROB |-> 0,
           RS |-> 0,
           FU |-> 0 ],
         [ ind |-> 5701,
           addr |-> "0x105c8",
           COM |-> 0,
           IFacq |-> 4,
           IFrel |-> 5,
           IDacq |-> 0,
           IDrel |-> 0,
           FUacq |-> 0,
           FUrel |-> 0,
           ROB |-> 0,
           RS |-> 0,
           FU |-> 0 ],
         [ ind |-> 5702,
           addr |-> "0x105cc",
           COM |-> 0,
           IFacq |-> 4,
           IFrel |-> 5,
           IDacq |-> 0,
           IDrel |-> 0,
           FUacq |-> 0,
           FUrel |-> 0,
           ROB |-> 0,
           RS |-> 0,
           FU |-> 0 ] >>,
  edges |-> {[type |-> "D", source |-> 5687, dest |-> 5690]} ]
/\ currCycle2 = 5
/\ _IF2 = << [ instr |->
         [ ind |-> 5703,
           type |-> "IntAlu",
           r0 |-> "a5",
           r1 |-> "a4",
           r2 |-> "",
           addr |-> "0x105d0" ],
     baseLat |-> 1,
     currLat |-> 1 ],
   [ instr |->
         [ ind |-> 5704,
           type |-> "IntAlu",
           r0 |-> "a5",
           r1 |-> "",
           r2 |-> "",
           addr |-> "0x10502" ],
     baseLat |-> 1,
     currLat |-> 1 ],
   [ instr |->
         [ ind |-> 5705,
           type |-> "MemWrite",
           r0 |-> "a5",
           r1 |-> "",
           r2 |-> "",
           addr |-> "0x10504" ],
     baseLat |-> 1,
     currLat |-> 1 ],
   [ instr |->
         [ ind |-> 5706,
           type |-> "MemWrite",
           r0 |-> "zero",
           r1 |-> "",
           r2 |-> "",
           addr |-> "0x10508" ],
     baseLat |-> 1,
     currLat |-> 1 ] >>
/\ lastBound = 0
/\ graph2 = [ nodes |->
      << [ ind |-> 5687,
           addr |-> "0x105e2",
           COM |-> 4,
           IFacq |-> 1,
           IFrel |-> 2,
           IDacq |-> 2,
           IDrel |-> 3,
           FUacq |-> 3,
           FUrel |-> 4,
           ROB |-> 2,
           RS |-> 2,
           FU |-> 1 ],
         [ ind |-> 5688,
           addr |-> "0x105e4",
           COM |-> 4,
           IFacq |-> 1,
           IFrel |-> 2,
           IDacq |-> 2,
           IDrel |-> 3,
           FUacq |-> 3,
           FUrel |-> 4,
           ROB |-> 2,
           RS |-> 2,
           FU |-> 2 ],
         [ ind |-> 5689,
           addr |-> "0x105e6",
           COM |-> 0,
           IFacq |-> 1,
           IFrel |-> 2,
           IDacq |-> 2,
           IDrel |-> 3,
           FUacq |-> 4,
           FUrel |-> 5,
           ROB |-> 2,
           RS |-> 2,
           FU |-> 2 ],
         [ ind |-> 5690,
           addr |-> "0x105e8",
           COM |-> 0,
           IFacq |-> 1,
           IFrel |-> 2,
           IDacq |-> 2,
           IDrel |-> 3,
           FUacq |-> 4,
           FUrel |-> 5,
           ROB |-> 2,
           RS |-> 2,
           FU |-> 1 ],
         [ ind |-> 5691,
           addr |-> "0x105ea",
           COM |-> 0,
           IFacq |-> 2,
           IFrel |-> 3,
           IDacq |-> 3,
           IDrel |-> 4,
           FUacq |-> 0,
           FUrel |-> 0,
           ROB |-> 3,
           RS |-> 3,
           FU |-> 0 ],
         [ ind |-> 5692,
           addr |-> "0x105ee",
           COM |-> 0,
           IFacq |-> 2,
           IFrel |-> 3,
           IDacq |-> 3,
           IDrel |-> 4,
           FUacq |-> 0,
           FUrel |-> 0,
           ROB |-> 3,
           RS |-> 3,
           FU |-> 0 ],
         [ ind |-> 5693,
           addr |-> "0x104ee",
           COM |-> 0,
           IFacq |-> 2,
           IFrel |-> 3,
           IDacq |-> 3,
           IDrel |-> 4,
           FUacq |-> 0,
           FUrel |-> 0,
           ROB |-> 3,
           RS |-> 3,
           FU |-> 0 ],
         [ ind |-> 5694,
           addr |-> "0x104f0",
           COM |-> 0,
           IFacq |-> 2,
           IFrel |-> 3,
           IDacq |-> 3,
           IDrel |-> 4,
           FUacq |-> 0,
           FUrel |-> 0,
           ROB |-> 3,
           RS |-> 3,
           FU |-> 0 ],
         [ ind |-> 5695,
           addr |-> "0x104f2",
           COM |-> 0,
           IFacq |-> 3,
           IFrel |-> 4,
           IDacq |-> 4,
           IDrel |-> 5,
           FUacq |-> 0,
           FUrel |-> 0,
           ROB |-> 4,
           RS |-> 4,
           FU |-> 0 ],
         [ ind |-> 5696,
           addr |-> "0x104f4",
           COM |-> 0,
           IFacq |-> 3,
           IFrel |-> 4,
           IDacq |-> 4,
           IDrel |-> 5,
           FUacq |-> 0,
           FUrel |-> 0,
           ROB |-> 4,
           RS |-> 4,
           FU |-> 0 ],
         [ ind |-> 5697,
           addr |-> "0x104f8",
           COM |-> 0,
           IFacq |-> 3,
           IFrel |-> 4,
           IDacq |-> 4,
           IDrel |-> 5,
           FUacq |-> 0,
           FUrel |-> 0,
           ROB |-> 4,
           RS |-> 4,
           FU |-> 0 ],
         [ ind |-> 5698,
           addr |-> "0x104fc",
           COM |-> 0,
           IFacq |-> 3,
           IFrel |-> 4,
           IDacq |-> 4,
           IDrel |-> 5,
           FUacq |-> 0,
           FUrel |-> 0,
           ROB |-> 4,
           RS |-> 4,
           FU |-> 0 ],
         [ ind |-> 5699,
           addr |-> "0x10500",
           COM |-> 0,
           IFacq |-> 4,
           IFrel |-> 5,
           IDacq |-> 0,
           IDrel |-> 0,
           FUacq |-> 0,
           FUrel |-> 0,
           ROB |-> 0,
           RS |-> 0,
           FU |-> 0 ],
         [ ind |-> 5700,
           addr |-> "0x105c4",
           COM |-> 0,
           IFacq |-> 4,
           IFrel |-> 5,
           IDacq |-> 0,
           IDrel |-> 0,
           FUacq |-> 0,
           FUrel |-> 0,
           ROB |-> 0,
           RS |-> 0,
           FU |-> 0 ],
         [ ind |-> 5701,
           addr |-> "0x105c8",
           COM |-> 0,
           IFacq |-> 4,
           IFrel |-> 5,
           IDacq |-> 0,
           IDrel |-> 0,
           FUacq |-> 0,
           FUrel |-> 0,
           ROB |-> 0,
           RS |-> 0,
           FU |-> 0 ],
         [ ind |-> 5702,
           addr |-> "0x105cc",
           COM |-> 0,
           IFacq |-> 4,
           IFrel |-> 5,
           IDacq |-> 0,
           IDrel |-> 0,
           FUacq |-> 0,
           FUrel |-> 0,
           ROB |-> 0,
           RS |-> 0,
           FU |-> 0 ] >>,
  edges |-> {[type |-> "D", source |-> 5687, dest |-> 5690]} ]
/\ pc2 = 20
/\ robHead = 3
/\ rob = << [ instr |->
         [ ind |-> 5687,
           type |-> "IntAlu",
           r0 |-> "sp",
           r1 |-> "",
           r2 |-> "",
           addr |-> "0x105e2" ],
     done |-> TRUE,
     executed |-> TRUE ],
   [ instr |->
         [ ind |-> 5688,
           type |-> "MemWrite",
           r0 |-> "ra",
           r1 |-> "",
           r2 |-> "",
           addr |-> "0x105e4" ],
     done |-> TRUE,
     executed |-> TRUE ],
   [ instr |->
         [ ind |-> 5689,
           type |-> "MemWrite",
           r0 |-> "s0",
           r1 |-> "",
           r2 |-> "",
           addr |-> "0x105e6" ],
     done |-> FALSE,
     executed |-> TRUE ],
   [ instr |->
         [ ind |-> 5690,
           type |-> "IntAlu",
           r0 |-> "s0",
           r1 |-> "sp",
           r2 |-> "",
           addr |-> "0x105e8" ],
     done |-> FALSE,
     executed |-> TRUE ],
   [ instr |->
         [ ind |-> 5691,
           type |-> "IntAlu",
           r0 |-> "a0",
           r1 |-> "gp",
           r2 |-> "",
           addr |-> "0x105ea" ],
     done |-> FALSE,
     executed |-> FALSE ],
   [ instr |->
         [ ind |-> 5692,
           type |-> "IntAlu",
           r0 |-> "ra",
           r1 |-> "",
           r2 |-> "",
           addr |-> "0x105ee" ],
     done |-> FALSE,
     executed |-> FALSE ],
   [ instr |->
         [ ind |-> 5693,
           type |-> "IntAlu",
           r0 |-> "sp",
           r1 |-> "",
           r2 |-> "",
           addr |-> "0x104ee" ],
     done |-> FALSE,
     executed |-> FALSE ],
   [ instr |->
         [ ind |-> 5694,
           type |-> "MemWrite",
           r0 |-> "s0",
           r1 |-> "",
           r2 |-> "",
           addr |-> "0x104f0" ],
     done |-> FALSE,
     executed |-> FALSE ],
   [ instr |->
         [ ind |-> 5695,
           type |-> "IntAlu",
           r0 |-> "s0",
           r1 |-> "sp",
           r2 |-> "",
           addr |-> "0x104f2" ],
     done |-> FALSE,
     executed |-> FALSE ],
   [ instr |->
         [ ind |-> 5696,
           type |-> "MemWrite",
           r0 |-> "a0",
           r1 |-> "",
           r2 |-> "",
           addr |-> "0x104f4" ],
     done |-> FALSE,
     executed |-> FALSE ],
   [ instr |->
         [ ind |-> 5697,
           type |-> "MemWrite",
           r0 |-> "zero",
           r1 |-> "",
           r2 |-> "",
           addr |-> "0x104f8" ],
     done |-> FALSE,
     executed |-> FALSE ],
   [ instr |->
         [ ind |-> 5698,
           type |-> "MemWrite",
           r0 |-> "zero",
           r1 |-> "",
           r2 |-> "",
           addr |-> "0x104fc" ],
     done |-> FALSE,
     executed |-> FALSE ] >>
/\ _RS = << { [ ind |-> 5692,
       type |-> "IntAlu",
       r0 |-> "ra",
       r1 |-> "",
       r2 |-> "",
       addr |-> "0x105ee" ],
     [ ind |-> 5693,
       type |-> "IntAlu",
       r0 |-> "sp",
       r1 |-> "",
       r2 |-> "",
       addr |-> "0x104ee" ],
     [ ind |-> 5695,
       type |-> "IntAlu",
       r0 |-> "s0",
       r1 |-> "sp",
       r2 |-> "",
       addr |-> "0x104f2" ] },
   { [ ind |-> 5696,
       type |-> "MemWrite",
       r0 |-> "a0",
       r1 |-> "",
       r2 |-> "",
       addr |-> "0x104f4" ],
     [ ind |-> 5697,
       type |-> "MemWrite",
       r0 |-> "zero",
       r1 |-> "",
       r2 |-> "",
       addr |-> "0x104f8" ],
     [ ind |-> 5698,
       type |-> "MemWrite",
       r0 |-> "zero",
       r1 |-> "",
       r2 |-> "",
       addr |-> "0x104fc" ] },
   {},
   {},
   {} >>
/\ currCycle = 5
/\ exec_inst = 1
/\ robHead2 = 3
/\ pc = 20
/\ rob2 = << [ instr |->
         [ ind |-> 5687,
           type |-> "IntAlu",
           r0 |-> "sp",
           r1 |-> "",
           r2 |-> "",
           addr |-> "0x105e2" ],
     done |-> TRUE,
     executed |-> TRUE ],
   [ instr |->
         [ ind |-> 5688,
           type |-> "MemWrite",
           r0 |-> "ra",
           r1 |-> "",
           r2 |-> "",
           addr |-> "0x105e4" ],
     done |-> TRUE,
     executed |-> TRUE ],
   [ instr |->
         [ ind |-> 5689,
           type |-> "MemWrite",
           r0 |-> "s0",
           r1 |-> "",
           r2 |-> "",
           addr |-> "0x105e6" ],
     done |-> FALSE,
     executed |-> TRUE ],
   [ instr |->
         [ ind |-> 5690,
           type |-> "IntAlu",
           r0 |-> "s0",
           r1 |-> "sp",
           r2 |-> "",
           addr |-> "0x105e8" ],
     done |-> FALSE,
     executed |-> TRUE ],
   [ instr |->
         [ ind |-> 5691,
           type |-> "IntAlu",
           r0 |-> "a0",
           r1 |-> "gp",
           r2 |-> "",
           addr |-> "0x105ea" ],
     done |-> FALSE,
     executed |-> FALSE ],
   [ instr |->
         [ ind |-> 5692,
           type |-> "IntAlu",
           r0 |-> "ra",
           r1 |-> "",
           r2 |-> "",
           addr |-> "0x105ee" ],
     done |-> FALSE,
     executed |-> FALSE ],
   [ instr |->
         [ ind |-> 5693,
           type |-> "IntAlu",
           r0 |-> "sp",
           r1 |-> "",
           r2 |-> "",
           addr |-> "0x104ee" ],
     done |-> FALSE,
     executed |-> FALSE ],
   [ instr |->
         [ ind |-> 5694,
           type |-> "MemWrite",
           r0 |-> "s0",
           r1 |-> "",
           r2 |-> "",
           addr |-> "0x104f0" ],
     done |-> FALSE,
     executed |-> FALSE ],
   [ instr |->
         [ ind |-> 5695,
           type |-> "IntAlu",
           r0 |-> "s0",
           r1 |-> "sp",
           r2 |-> "",
           addr |-> "0x104f2" ],
     done |-> FALSE,
     executed |-> FALSE ],
   [ instr |->
         [ ind |-> 5696,
           type |-> "MemWrite",
           r0 |-> "a0",
           r1 |-> "",
           r2 |-> "",
           addr |-> "0x104f4" ],
     done |-> FALSE,
     executed |-> FALSE ],
   [ instr |->
         [ ind |-> 5697,
           type |-> "MemWrite",
           r0 |-> "zero",
           r1 |-> "",
           r2 |-> "",
           addr |-> "0x104f8" ],
     done |-> FALSE,
     executed |-> FALSE ],
   [ instr |->
         [ ind |-> 5698,
           type |-> "MemWrite",
           r0 |-> "zero",
           r1 |-> "",
           r2 |-> "",
           addr |-> "0x104fc" ],
     done |-> FALSE,
     executed |-> FALSE ] >>
/\ _FU = << [ instr |->
         [ ind |-> 5691,
           type |-> "IntAlu",
           r0 |-> "a0",
           r1 |-> "gp",
           r2 |-> "",
           addr |-> "0x105ea" ],
     baseLat |-> 1,
     currLat |-> 1 ],
   [ instr |->
         [ ind |-> 5694,
           type |-> "MemWrite",
           r0 |-> "s0",
           r1 |-> "",
           r2 |-> "",
           addr |-> "0x104f0" ],
     baseLat |-> 1,
     currLat |-> 1 ],
   [ instr |->
         [ ind |-> 0,
           type |-> "No_OpClass",
           r0 |-> "",
           r1 |-> "",
           r2 |-> "",
           addr |-> "" ],
     baseLat |-> 1,
     currLat |-> 1 ],
   [ instr |->
         [ ind |-> 0,
           type |-> "No_OpClass",
           r0 |-> "",
           r1 |-> "",
           r2 |-> "",
           addr |-> "" ],
     baseLat |-> 1,
     currLat |-> 1 ],
   [ instr |->
         [ ind |-> 0,
           type |-> "No_OpClass",
           r0 |-> "",
           r1 |-> "",
           r2 |-> "",
           addr |-> "" ],
     baseLat |-> 1,
     currLat |-> 1 ] >>

@!@!@ENDMSG 2217 @!@!@
@!@!@STARTMSG 2217:4 @!@!@
7: <Next line 52, col 9 to line 56, col 64 of module pipeline_ooo>
/\ _RS2 = << { [ ind |-> 5693,
       type |-> "IntAlu",
       r0 |-> "sp",
       r1 |-> "",
       r2 |-> "",
       addr |-> "0x104ee" ],
     [ ind |-> 5695,
       type |-> "IntAlu",
       r0 |-> "s0",
       r1 |-> "sp",
       r2 |-> "",
       addr |-> "0x104f2" ] },
   { [ ind |-> 5697,
       type |-> "MemWrite",
       r0 |-> "zero",
       r1 |-> "",
       r2 |-> "",
       addr |-> "0x104f8" ],
     [ ind |-> 5698,
       type |-> "MemWrite",
       r0 |-> "zero",
       r1 |-> "",
       r2 |-> "",
       addr |-> "0x104fc" ] },
   {},
   {},
   {} >>
/\ _COM2 = << [ ind |-> 5691,
     type |-> "IntAlu",
     r0 |-> "a0",
     r1 |-> "gp",
     r2 |-> "",
     addr |-> "0x105ea" ],
   [ ind |-> 0,
     type |-> "No_OpClass",
     r0 |-> "",
     r1 |-> "",
     r2 |-> "",
     addr |-> "" ],
   [ ind |-> 0,
     type |-> "No_OpClass",
     r0 |-> "",
     r1 |-> "",
     r2 |-> "",
     addr |-> "" ],
   [ ind |-> 0,
     type |-> "No_OpClass",
     r0 |-> "",
     r1 |-> "",
     r2 |-> "",
     addr |-> "" ] >>
/\ _ID = << [ ind |-> 5699,
     type |-> "IntAlu",
     r0 |-> "",
     r1 |-> "",
     r2 |-> "",
     addr |-> "0x10500" ],
   [ ind |-> 5700,
     type |-> "MemRead",
     r0 |-> "a5",
     r1 |-> "",
     r2 |-> "",
     addr |-> "0x105c4" ],
   [ ind |-> 5701,
     type |-> "IntAlu",
     r0 |-> "a4",
     r1 |-> "a5",
     r2 |-> "",
     addr |-> "0x105c8" ],
   [ ind |-> 5702,
     type |-> "IntAlu",
     r0 |-> "a5",
     r1 |-> "zero",
     r2 |-> "",
     addr |-> "0x105cc" ] >>
/\ _IF = << [ instr |->
         [ ind |-> 5703,
           type |-> "IntAlu",
           r0 |-> "a5",
           r1 |-> "a4",
           r2 |-> "",
           addr |-> "0x105d0" ],
     baseLat |-> 1,
     currLat |-> 2 ],
   [ instr |->
         [ ind |-> 5704,
           type |-> "IntAlu",
           r0 |-> "a5",
           r1 |-> "",
           r2 |-> "",
           addr |-> "0x10502" ],
     baseLat |-> 1,
     currLat |-> 2 ],
   [ instr |->
         [ ind |-> 5705,
           type |-> "MemWrite",
           r0 |-> "a5",
           r1 |-> "",
           r2 |-> "",
           addr |-> "0x10504" ],
     baseLat |-> 1,
     currLat |-> 2 ],
   [ instr |->
         [ ind |-> 5706,
           type |-> "MemWrite",
           r0 |-> "zero",
           r1 |-> "",
           r2 |-> "",
           addr |-> "0x10508" ],
     baseLat |-> 1,
     currLat |-> 2 ] >>
/\ _FU2 = << [ instr |->
         [ ind |-> 5692,
           type |-> "IntAlu",
           r0 |-> "ra",
           r1 |-> "",
           r2 |-> "",
           addr |-> "0x105ee" ],
     baseLat |-> 1,
     currLat |-> 1 ],
   [ instr |->
         [ ind |-> 5696,
           type |-> "MemWrite",
           r0 |-> "a0",
           r1 |-> "",
           r2 |-> "",
           addr |-> "0x104f4" ],
     baseLat |-> 1,
     currLat |-> 1 ],
   [ instr |->
         [ ind |-> 0,
           type |-> "No_OpClass",
           r0 |-> "",
           r1 |-> "",
           r2 |-> "",
           addr |-> "" ],
     baseLat |-> 1,
     currLat |-> 1 ],
   [ instr |->
         [ ind |-> 0,
           type |-> "No_OpClass",
           r0 |-> "",
           r1 |-> "",
           r2 |-> "",
           addr |-> "" ],
     baseLat |-> 1,
     currLat |-> 1 ],
   [ instr |->
         [ ind |-> 0,
           type |-> "No_OpClass",
           r0 |-> "",
           r1 |-> "",
           r2 |-> "",
           addr |-> "" ],
     baseLat |-> 1,
     currLat |-> 1 ] >>
/\ _COM = << [ ind |-> 5691,
     type |-> "IntAlu",
     r0 |-> "a0",
     r1 |-> "gp",
     r2 |-> "",
     addr |-> "0x105ea" ],
   [ ind |-> 0,
     type |-> "No_OpClass",
     r0 |-> "",
     r1 |-> "",
     r2 |-> "",
     addr |-> "" ],
   [ ind |-> 0,
     type |-> "No_OpClass",
     r0 |-> "",
     r1 |-> "",
     r2 |-> "",
     addr |-> "" ],
   [ ind |-> 0,
     type |-> "No_OpClass",
     r0 |-> "",
     r1 |-> "",
     r2 |-> "",
     addr |-> "" ] >>
/\ exec_inst2 = 2
/\ _ID2 = << [ ind |-> 5699,
     type |-> "IntAlu",
     r0 |-> "",
     r1 |-> "",
     r2 |-> "",
     addr |-> "0x10500" ],
   [ ind |-> 5700,
     type |-> "MemRead",
     r0 |-> "a5",
     r1 |-> "",
     r2 |-> "",
     addr |-> "0x105c4" ],
   [ ind |-> 5701,
     type |-> "IntAlu",
     r0 |-> "a4",
     r1 |-> "a5",
     r2 |-> "",
     addr |-> "0x105c8" ],
   [ ind |-> 5702,
     type |-> "IntAlu",
     r0 |-> "a5",
     r1 |-> "zero",
     r2 |-> "",
     addr |-> "0x105cc" ] >>
/\ graph = [ nodes |->
      << [ ind |-> 5687,
           addr |-> "0x105e2",
           COM |-> 4,
           IFacq |-> 1,
           IFrel |-> 2,
           IDacq |-> 2,
           IDrel |-> 3,
           FUacq |-> 3,
           FUrel |-> 4,
           ROB |-> 2,
           RS |-> 2,
           FU |-> 1 ],
         [ ind |-> 5688,
           addr |-> "0x105e4",
           COM |-> 4,
           IFacq |-> 1,
           IFrel |-> 2,
           IDacq |-> 2,
           IDrel |-> 3,
           FUacq |-> 3,
           FUrel |-> 4,
           ROB |-> 2,
           RS |-> 2,
           FU |-> 2 ],
         [ ind |-> 5689,
           addr |-> "0x105e6",
           COM |-> 5,
           IFacq |-> 1,
           IFrel |-> 2,
           IDacq |-> 2,
           IDrel |-> 3,
           FUacq |-> 4,
           FUrel |-> 5,
           ROB |-> 2,
           RS |-> 2,
           FU |-> 2 ],
         [ ind |-> 5690,
           addr |-> "0x105e8",
           COM |-> 5,
           IFacq |-> 1,
           IFrel |-> 2,
           IDacq |-> 2,
           IDrel |-> 3,
           FUacq |-> 4,
           FUrel |-> 5,
           ROB |-> 2,
           RS |-> 2,
           FU |-> 1 ],
         [ ind |-> 5691,
           addr |-> "0x105ea",
           COM |-> 0,
           IFacq |-> 2,
           IFrel |-> 3,
           IDacq |-> 3,
           IDrel |-> 4,
           FUacq |-> 5,
           FUrel |-> 6,
           ROB |-> 3,
           RS |-> 3,
           FU |-> 1 ],
         [ ind |-> 5692,
           addr |-> "0x105ee",
           COM |-> 0,
           IFacq |-> 2,
           IFrel |-> 3,
           IDacq |-> 3,
           IDrel |-> 4,
           FUacq |-> 0,
           FUrel |-> 0,
           ROB |-> 3,
           RS |-> 3,
           FU |-> 0 ],
         [ ind |-> 5693,
           addr |-> "0x104ee",
           COM |-> 0,
           IFacq |-> 2,
           IFrel |-> 3,
           IDacq |-> 3,
           IDrel |-> 4,
           FUacq |-> 0,
           FUrel |-> 0,
           ROB |-> 3,
           RS |-> 3,
           FU |-> 0 ],
         [ ind |-> 5694,
           addr |-> "0x104f0",
           COM |-> 0,
           IFacq |-> 2,
           IFrel |-> 3,
           IDacq |-> 3,
           IDrel |-> 4,
           FUacq |-> 5,
           FUrel |-> 6,
           ROB |-> 3,
           RS |-> 3,
           FU |-> 2 ],
         [ ind |-> 5695,
           addr |-> "0x104f2",
           COM |-> 0,
           IFacq |-> 3,
           IFrel |-> 4,
           IDacq |-> 4,
           IDrel |-> 5,
           FUacq |-> 0,
           FUrel |-> 0,
           ROB |-> 4,
           RS |-> 4,
           FU |-> 0 ],
         [ ind |-> 5696,
           addr |-> "0x104f4",
           COM |-> 0,
           IFacq |-> 3,
           IFrel |-> 4,
           IDacq |-> 4,
           IDrel |-> 5,
           FUacq |-> 0,
           FUrel |-> 0,
           ROB |-> 4,
           RS |-> 4,
           FU |-> 0 ],
         [ ind |-> 5697,
           addr |-> "0x104f8",
           COM |-> 0,
           IFacq |-> 3,
           IFrel |-> 4,
           IDacq |-> 4,
           IDrel |-> 5,
           FUacq |-> 0,
           FUrel |-> 0,
           ROB |-> 4,
           RS |-> 4,
           FU |-> 0 ],
         [ ind |-> 5698,
           addr |-> "0x104fc",
           COM |-> 0,
           IFacq |-> 3,
           IFrel |-> 4,
           IDacq |-> 4,
           IDrel |-> 5,
           FUacq |-> 0,
           FUrel |-> 0,
           ROB |-> 4,
           RS |-> 4,
           FU |-> 0 ],
         [ ind |-> 5699,
           addr |-> "0x10500",
           COM |-> 0,
           IFacq |-> 4,
           IFrel |-> 5,
           IDacq |-> 5,
           IDrel |-> 0,
           FUacq |-> 0,
           FUrel |-> 0,
           ROB |-> 0,
           RS |-> 5,
           FU |-> 0 ],
         [ ind |-> 5700,
           addr |-> "0x105c4",
           COM |-> 0,
           IFacq |-> 4,
           IFrel |-> 5,
           IDacq |-> 5,
           IDrel |-> 0,
           FUacq |-> 0,
           FUrel |-> 0,
           ROB |-> 0,
           RS |-> 5,
           FU |-> 0 ],
         [ ind |-> 5701,
           addr |-> "0x105c8",
           COM |-> 0,
           IFacq |-> 4,
           IFrel |-> 5,
           IDacq |-> 5,
           IDrel |-> 0,
           FUacq |-> 0,
           FUrel |-> 0,
           ROB |-> 0,
           RS |-> 5,
           FU |-> 0 ],
         [ ind |-> 5702,
           addr |-> "0x105cc",
           COM |-> 0,
           IFacq |-> 4,
           IFrel |-> 5,
           IDacq |-> 5,
           IDrel |-> 0,
           FUacq |-> 0,
           FUrel |-> 0,
           ROB |-> 0,
           RS |-> 5,
           FU |-> 0 ],
         [ ind |-> 5703,
           addr |-> "0x105d0",
           COM |-> 0,
           IFacq |-> 5,
           IFrel |-> 6,
           IDacq |-> 0,
           IDrel |-> 0,
           FUacq |-> 0,
           FUrel |-> 0,
           ROB |-> 0,
           RS |-> 0,
           FU |-> 0 ],
         [ ind |-> 5704,
           addr |-> "0x10502",
           COM |-> 0,
           IFacq |-> 5,
           IFrel |-> 6,
           IDacq |-> 0,
           IDrel |-> 0,
           FUacq |-> 0,
           FUrel |-> 0,
           ROB |-> 0,
           RS |-> 0,
           FU |-> 0 ],
         [ ind |-> 5705,
           addr |-> "0x10504",
           COM |-> 0,
           IFacq |-> 5,
           IFrel |-> 6,
           IDacq |-> 0,
           IDrel |-> 0,
           FUacq |-> 0,
           FUrel |-> 0,
           ROB |-> 0,
           RS |-> 0,
           FU |-> 0 ],
         [ ind |-> 5706,
           addr |-> "0x10508",
           COM |-> 0,
           IFacq |-> 5,
           IFrel |-> 6,
           IDacq |-> 0,
           IDrel |-> 0,
           FUacq |-> 0,
           FUrel |-> 0,
           ROB |-> 0,
           RS |-> 0,
           FU |-> 0 ] >>,
  edges |-> {[type |-> "D", source |-> 5687, dest |-> 5690]} ]
/\ currCycle2 = 6
/\ _IF2 = << [ instr |->
         [ ind |-> 5703,
           type |-> "IntAlu",
           r0 |-> "a5",
           r1 |-> "a4",
           r2 |-> "",
           addr |-> "0x105d0" ],
     baseLat |-> 1,
     currLat |-> 2 ],
   [ instr |->
         [ ind |-> 5704,
           type |-> "IntAlu",
           r0 |-> "a5",
           r1 |-> "",
           r2 |-> "",
           addr |-> "0x10502" ],
     baseLat |-> 1,
     currLat |-> 2 ],
   [ instr |->
         [ ind |-> 5705,
           type |-> "MemWrite",
           r0 |-> "a5",
           r1 |-> "",
           r2 |-> "",
           addr |-> "0x10504" ],
     baseLat |-> 1,
     currLat |-> 2 ],
   [ instr |->
         [ ind |-> 5706,
           type |-> "MemWrite",
           r0 |-> "zero",
           r1 |-> "",
           r2 |-> "",
           addr |-> "0x10508" ],
     baseLat |-> 1,
     currLat |-> 2 ] >>
/\ lastBound = 0
/\ graph2 = [ nodes |->
      << [ ind |-> 5687,
           addr |-> "0x105e2",
           COM |-> 4,
           IFacq |-> 1,
           IFrel |-> 2,
           IDacq |-> 2,
           IDrel |-> 3,
           FUacq |-> 3,
           FUrel |-> 4,
           ROB |-> 2,
           RS |-> 2,
           FU |-> 1 ],
         [ ind |-> 5688,
           addr |-> "0x105e4",
           COM |-> 4,
           IFacq |-> 1,
           IFrel |-> 2,
           IDacq |-> 2,
           IDrel |-> 3,
           FUacq |-> 3,
           FUrel |-> 4,
           ROB |-> 2,
           RS |-> 2,
           FU |-> 2 ],
         [ ind |-> 5689,
           addr |-> "0x105e6",
           COM |-> 5,
           IFacq |-> 1,
           IFrel |-> 2,
           IDacq |-> 2,
           IDrel |-> 3,
           FUacq |-> 4,
           FUrel |-> 5,
           ROB |-> 2,
           RS |-> 2,
           FU |-> 2 ],
         [ ind |-> 5690,
           addr |-> "0x105e8",
           COM |-> 5,
           IFacq |-> 1,
           IFrel |-> 2,
           IDacq |-> 2,
           IDrel |-> 3,
           FUacq |-> 4,
           FUrel |-> 5,
           ROB |-> 2,
           RS |-> 2,
           FU |-> 1 ],
         [ ind |-> 5691,
           addr |-> "0x105ea",
           COM |-> 0,
           IFacq |-> 2,
           IFrel |-> 3,
           IDacq |-> 3,
           IDrel |-> 4,
           FUacq |-> 5,
           FUrel |-> 6,
           ROB |-> 3,
           RS |-> 3,
           FU |-> 1 ],
         [ ind |-> 5692,
           addr |-> "0x105ee",
           COM |-> 0,
           IFacq |-> 2,
           IFrel |-> 3,
           IDacq |-> 3,
           IDrel |-> 4,
           FUacq |-> 0,
           FUrel |-> 0,
           ROB |-> 3,
           RS |-> 3,
           FU |-> 0 ],
         [ ind |-> 5693,
           addr |-> "0x104ee",
           COM |-> 0,
           IFacq |-> 2,
           IFrel |-> 3,
           IDacq |-> 3,
           IDrel |-> 4,
           FUacq |-> 0,
           FUrel |-> 0,
           ROB |-> 3,
           RS |-> 3,
           FU |-> 0 ],
         [ ind |-> 5694,
           addr |-> "0x104f0",
           COM |-> 0,
           IFacq |-> 2,
           IFrel |-> 3,
           IDacq |-> 3,
           IDrel |-> 4,
           FUacq |-> 5,
           FUrel |-> 6,
           ROB |-> 3,
           RS |-> 3,
           FU |-> 2 ],
         [ ind |-> 5695,
           addr |-> "0x104f2",
           COM |-> 0,
           IFacq |-> 3,
           IFrel |-> 4,
           IDacq |-> 4,
           IDrel |-> 5,
           FUacq |-> 0,
           FUrel |-> 0,
           ROB |-> 4,
           RS |-> 4,
           FU |-> 0 ],
         [ ind |-> 5696,
           addr |-> "0x104f4",
           COM |-> 0,
           IFacq |-> 3,
           IFrel |-> 4,
           IDacq |-> 4,
           IDrel |-> 5,
           FUacq |-> 0,
           FUrel |-> 0,
           ROB |-> 4,
           RS |-> 4,
           FU |-> 0 ],
         [ ind |-> 5697,
           addr |-> "0x104f8",
           COM |-> 0,
           IFacq |-> 3,
           IFrel |-> 4,
           IDacq |-> 4,
           IDrel |-> 5,
           FUacq |-> 0,
           FUrel |-> 0,
           ROB |-> 4,
           RS |-> 4,
           FU |-> 0 ],
         [ ind |-> 5698,
           addr |-> "0x104fc",
           COM |-> 0,
           IFacq |-> 3,
           IFrel |-> 4,
           IDacq |-> 4,
           IDrel |-> 5,
           FUacq |-> 0,
           FUrel |-> 0,
           ROB |-> 4,
           RS |-> 4,
           FU |-> 0 ],
         [ ind |-> 5699,
           addr |-> "0x10500",
           COM |-> 0,
           IFacq |-> 4,
           IFrel |-> 5,
           IDacq |-> 5,
           IDrel |-> 0,
           FUacq |-> 0,
           FUrel |-> 0,
           ROB |-> 0,
           RS |-> 5,
           FU |-> 0 ],
         [ ind |-> 5700,
           addr |-> "0x105c4",
           COM |-> 0,
           IFacq |-> 4,
           IFrel |-> 5,
           IDacq |-> 5,
           IDrel |-> 0,
           FUacq |-> 0,
           FUrel |-> 0,
           ROB |-> 0,
           RS |-> 5,
           FU |-> 0 ],
         [ ind |-> 5701,
           addr |-> "0x105c8",
           COM |-> 0,
           IFacq |-> 4,
           IFrel |-> 5,
           IDacq |-> 5,
           IDrel |-> 0,
           FUacq |-> 0,
           FUrel |-> 0,
           ROB |-> 0,
           RS |-> 5,
           FU |-> 0 ],
         [ ind |-> 5702,
           addr |-> "0x105cc",
           COM |-> 0,
           IFacq |-> 4,
           IFrel |-> 5,
           IDacq |-> 5,
           IDrel |-> 0,
           FUacq |-> 0,
           FUrel |-> 0,
           ROB |-> 0,
           RS |-> 5,
           FU |-> 0 ],
         [ ind |-> 5703,
           addr |-> "0x105d0",
           COM |-> 0,
           IFacq |-> 5,
           IFrel |-> 6,
           IDacq |-> 0,
           IDrel |-> 0,
           FUacq |-> 0,
           FUrel |-> 0,
           ROB |-> 0,
           RS |-> 0,
           FU |-> 0 ],
         [ ind |-> 5704,
           addr |-> "0x10502",
           COM |-> 0,
           IFacq |-> 5,
           IFrel |-> 6,
           IDacq |-> 0,
           IDrel |-> 0,
           FUacq |-> 0,
           FUrel |-> 0,
           ROB |-> 0,
           RS |-> 0,
           FU |-> 0 ],
         [ ind |-> 5705,
           addr |-> "0x10504",
           COM |-> 0,
           IFacq |-> 5,
           IFrel |-> 6,
           IDacq |-> 0,
           IDrel |-> 0,
           FUacq |-> 0,
           FUrel |-> 0,
           ROB |-> 0,
           RS |-> 0,
           FU |-> 0 ],
         [ ind |-> 5706,
           addr |-> "0x10508",
           COM |-> 0,
           IFacq |-> 5,
           IFrel |-> 6,
           IDacq |-> 0,
           IDrel |-> 0,
           FUacq |-> 0,
           FUrel |-> 0,
           ROB |-> 0,
           RS |-> 0,
           FU |-> 0 ] >>,
  edges |-> {[type |-> "D", source |-> 5687, dest |-> 5690]} ]
/\ pc2 = 20
/\ robHead = 5
/\ rob = << [ instr |->
         [ ind |-> 5687,
           type |-> "IntAlu",
           r0 |-> "sp",
           r1 |-> "",
           r2 |-> "",
           addr |-> "0x105e2" ],
     done |-> TRUE,
     executed |-> TRUE ],
   [ instr |->
         [ ind |-> 5688,
           type |-> "MemWrite",
           r0 |-> "ra",
           r1 |-> "",
           r2 |-> "",
           addr |-> "0x105e4" ],
     done |-> TRUE,
     executed |-> TRUE ],
   [ instr |->
         [ ind |-> 5689,
           type |-> "MemWrite",
           r0 |-> "s0",
           r1 |-> "",
           r2 |-> "",
           addr |-> "0x105e6" ],
     done |-> TRUE,
     executed |-> TRUE ],
   [ instr |->
         [ ind |-> 5690,
           type |-> "IntAlu",
           r0 |-> "s0",
           r1 |-> "sp",
           r2 |-> "",
           addr |-> "0x105e8" ],
     done |-> TRUE,
     executed |-> TRUE ],
   [ instr |->
         [ ind |-> 5691,
           type |-> "IntAlu",
           r0 |-> "a0",
           r1 |-> "gp",
           r2 |-> "",
           addr |-> "0x105ea" ],
     done |-> FALSE,
     executed |-> TRUE ],
   [ instr |->
         [ ind |-> 5692,
           type |-> "IntAlu",
           r0 |-> "ra",
           r1 |-> "",
           r2 |-> "",
           addr |-> "0x105ee" ],
     done |-> FALSE,
     executed |-> FALSE ],
   [ instr |->
         [ ind |-> 5693,
           type |-> "IntAlu",
           r0 |-> "sp",
           r1 |-> "",
           r2 |-> "",
           addr |-> "0x104ee" ],
     done |-> FALSE,
     executed |-> FALSE ],
   [ instr |->
         [ ind |-> 5694,
           type |-> "MemWrite",
           r0 |-> "s0",
           r1 |-> "",
           r2 |-> "",
           addr |-> "0x104f0" ],
     done |-> FALSE,
     executed |-> TRUE ],
   [ instr |->
         [ ind |-> 5695,
           type |-> "IntAlu",
           r0 |-> "s0",
           r1 |-> "sp",
           r2 |-> "",
           addr |-> "0x104f2" ],
     done |-> FALSE,
     executed |-> FALSE ],
   [ instr |->
         [ ind |-> 5696,
           type |-> "MemWrite",
           r0 |-> "a0",
           r1 |-> "",
           r2 |-> "",
           addr |-> "0x104f4" ],
     done |-> FALSE,
     executed |-> FALSE ],
   [ instr |->
         [ ind |-> 5697,
           type |-> "MemWrite",
           r0 |-> "zero",
           r1 |-> "",
           r2 |-> "",
           addr |-> "0x104f8" ],
     done |-> FALSE,
     executed |-> FALSE ],
   [ instr |->
         [ ind |-> 5698,
           type |-> "MemWrite",
           r0 |-> "zero",
           r1 |-> "",
           r2 |-> "",
           addr |-> "0x104fc" ],
     done |-> FALSE,
     executed |-> FALSE ] >>
/\ _RS = << { [ ind |-> 5693,
       type |-> "IntAlu",
       r0 |-> "sp",
       r1 |-> "",
       r2 |-> "",
       addr |-> "0x104ee" ],
     [ ind |-> 5695,
       type |-> "IntAlu",
       r0 |-> "s0",
       r1 |-> "sp",
       r2 |-> "",
       addr |-> "0x104f2" ] },
   { [ ind |-> 5697,
       type |-> "MemWrite",
       r0 |-> "zero",
       r1 |-> "",
       r2 |-> "",
       addr |-> "0x104f8" ],
     [ ind |-> 5698,
       type |-> "MemWrite",
       r0 |-> "zero",
       r1 |-> "",
       r2 |-> "",
       addr |-> "0x104fc" ] },
   {},
   {},
   {} >>
/\ currCycle = 6
/\ exec_inst = 1
/\ robHead2 = 5
/\ pc = 20
/\ rob2 = << [ instr |->
         [ ind |-> 5687,
           type |-> "IntAlu",
           r0 |-> "sp",
           r1 |-> "",
           r2 |-> "",
           addr |-> "0x105e2" ],
     done |-> TRUE,
     executed |-> TRUE ],
   [ instr |->
         [ ind |-> 5688,
           type |-> "MemWrite",
           r0 |-> "ra",
           r1 |-> "",
           r2 |-> "",
           addr |-> "0x105e4" ],
     done |-> TRUE,
     executed |-> TRUE ],
   [ instr |->
         [ ind |-> 5689,
           type |-> "MemWrite",
           r0 |-> "s0",
           r1 |-> "",
           r2 |-> "",
           addr |-> "0x105e6" ],
     done |-> TRUE,
     executed |-> TRUE ],
   [ instr |->
         [ ind |-> 5690,
           type |-> "IntAlu",
           r0 |-> "s0",
           r1 |-> "sp",
           r2 |-> "",
           addr |-> "0x105e8" ],
     done |-> TRUE,
     executed |-> TRUE ],
   [ instr |->
         [ ind |-> 5691,
           type |-> "IntAlu",
           r0 |-> "a0",
           r1 |-> "gp",
           r2 |-> "",
           addr |-> "0x105ea" ],
     done |-> FALSE,
     executed |-> TRUE ],
   [ instr |->
         [ ind |-> 5692,
           type |-> "IntAlu",
           r0 |-> "ra",
           r1 |-> "",
           r2 |-> "",
           addr |-> "0x105ee" ],
     done |-> FALSE,
     executed |-> FALSE ],
   [ instr |->
         [ ind |-> 5693,
           type |-> "IntAlu",
           r0 |-> "sp",
           r1 |-> "",
           r2 |-> "",
           addr |-> "0x104ee" ],
     done |-> FALSE,
     executed |-> FALSE ],
   [ instr |->
         [ ind |-> 5694,
           type |-> "MemWrite",
           r0 |-> "s0",
           r1 |-> "",
           r2 |-> "",
           addr |-> "0x104f0" ],
     done |-> FALSE,
     executed |-> TRUE ],
   [ instr |->
         [ ind |-> 5695,
           type |-> "IntAlu",
           r0 |-> "s0",
           r1 |-> "sp",
           r2 |-> "",
           addr |-> "0x104f2" ],
     done |-> FALSE,
     executed |-> FALSE ],
   [ instr |->
         [ ind |-> 5696,
           type |-> "MemWrite",
           r0 |-> "a0",
           r1 |-> "",
           r2 |-> "",
           addr |-> "0x104f4" ],
     done |-> FALSE,
     executed |-> FALSE ],
   [ instr |->
         [ ind |-> 5697,
           type |-> "MemWrite",
           r0 |-> "zero",
           r1 |-> "",
           r2 |-> "",
           addr |-> "0x104f8" ],
     done |-> FALSE,
     executed |-> FALSE ],
   [ instr |->
         [ ind |-> 5698,
           type |-> "MemWrite",
           r0 |-> "zero",
           r1 |-> "",
           r2 |-> "",
           addr |-> "0x104fc" ],
     done |-> FALSE,
     executed |-> FALSE ] >>
/\ _FU = << [ instr |->
         [ ind |-> 5692,
           type |-> "IntAlu",
           r0 |-> "ra",
           r1 |-> "",
           r2 |-> "",
           addr |-> "0x105ee" ],
     baseLat |-> 1,
     currLat |-> 1 ],
   [ instr |->
         [ ind |-> 5696,
           type |-> "MemWrite",
           r0 |-> "a0",
           r1 |-> "",
           r2 |-> "",
           addr |-> "0x104f4" ],
     baseLat |-> 1,
     currLat |-> 1 ],
   [ instr |->
         [ ind |-> 0,
           type |-> "No_OpClass",
           r0 |-> "",
           r1 |-> "",
           r2 |-> "",
           addr |-> "" ],
     baseLat |-> 1,
     currLat |-> 1 ],
   [ instr |->
         [ ind |-> 0,
           type |-> "No_OpClass",
           r0 |-> "",
           r1 |-> "",
           r2 |-> "",
           addr |-> "" ],
     baseLat |-> 1,
     currLat |-> 1 ],
   [ instr |->
         [ ind |-> 0,
           type |-> "No_OpClass",
           r0 |-> "",
           r1 |-> "",
           r2 |-> "",
           addr |-> "" ],
     baseLat |-> 1,
     currLat |-> 1 ] >>

@!@!@ENDMSG 2217 @!@!@
@!@!@STARTMSG 2217:4 @!@!@
8: <Next line 52, col 9 to line 56, col 64 of module pipeline_ooo>
/\ _RS2 = << { [ ind |-> 5695,
       type |-> "IntAlu",
       r0 |-> "s0",
       r1 |-> "sp",
       r2 |-> "",
       addr |-> "0x104f2" ],
     [ ind |-> 5699,
       type |-> "IntAlu",
       r0 |-> "",
       r1 |-> "",
       r2 |-> "",
       addr |-> "0x10500" ],
     [ ind |-> 5701,
       type |-> "IntAlu",
       r0 |-> "a4",
       r1 |-> "a5",
       r2 |-> "",
       addr |-> "0x105c8" ],
     [ ind |-> 5702,
       type |-> "IntAlu",
       r0 |-> "a5",
       r1 |-> "zero",
       r2 |-> "",
       addr |-> "0x105cc" ] },
   { [ ind |-> 5698,
       type |-> "MemWrite",
       r0 |-> "zero",
       r1 |-> "",
       r2 |-> "",
       addr |-> "0x104fc" ],
     [ ind |-> 5700,
       type |-> "MemRead",
       r0 |-> "a5",
       r1 |-> "",
       r2 |-> "",
       addr |-> "0x105c4" ] },
   {},
   {},
   {} >>
/\ _COM2 = << [ ind |-> 5692,
     type |-> "IntAlu",
     r0 |-> "ra",
     r1 |-> "",
     r2 |-> "",
     addr |-> "0x105ee" ],
   [ ind |-> 0,
     type |-> "No_OpClass",
     r0 |-> "",
     r1 |-> "",
     r2 |-> "",
     addr |-> "" ],
   [ ind |-> 0,
     type |-> "No_OpClass",
     r0 |-> "",
     r1 |-> "",
     r2 |-> "",
     addr |-> "" ],
   [ ind |-> 0,
     type |-> "No_OpClass",
     r0 |-> "",
     r1 |-> "",
     r2 |-> "",
     addr |-> "" ] >>
/\ _ID = << [ ind |-> 5703,
     type |-> "IntAlu",
     r0 |-> "a5",
     r1 |-> "a4",
     r2 |-> "",
     addr |-> "0x105d0" ],
   [ ind |-> 5704,
     type |-> "IntAlu",
     r0 |-> "a5",
     r1 |-> "",
     r2 |-> "",
     addr |-> "0x10502" ],
   [ ind |-> 5705,
     type |-> "MemWrite",
     r0 |-> "a5",
     r1 |-> "",
     r2 |-> "",
     addr |-> "0x10504" ],
   [ ind |-> 5706,
     type |-> "MemWrite",
     r0 |-> "zero",
     r1 |-> "",
     r2 |-> "",
     addr |-> "0x10508" ] >>
/\ _IF = << [ instr |->
         [ ind |-> 5707,
           type |-> "IntAlu",
           r0 |-> "",
           r1 |-> "",
           r2 |-> "",
           addr |-> "0x1050c" ],
     baseLat |-> 1,
     currLat |-> 1 ],
   [ instr |->
         [ ind |-> 5708,
           type |-> "MemRead",
           r0 |-> "a5",
           r1 |-> "",
           r2 |-> "",
           addr |-> "0x1059e" ],
     baseLat |-> 1,
     currLat |-> 1 ],
   [ instr |->
         [ ind |-> 5709,
           type |-> "IntAlu",
           r0 |-> "a4",
           r1 |-> "a5",
           r2 |-> "",
           addr |-> "0x105a2" ],
     baseLat |-> 1,
     currLat |-> 1 ],
   [ instr |->
         [ ind |-> 5710,
           type |-> "IntAlu",
           r0 |-> "a5",
           r1 |-> "zero",
           r2 |-> "",
           addr |-> "0x105a6" ],
     baseLat |-> 1,
     currLat |-> 1 ] >>
/\ _FU2 = << [ instr |->
         [ ind |-> 5693,
           type |-> "IntAlu",
           r0 |-> "sp",
           r1 |-> "",
           r2 |-> "",
           addr |-> "0x104ee" ],
     baseLat |-> 1,
     currLat |-> 1 ],
   [ instr |->
         [ ind |-> 5697,
           type |-> "MemWrite",
           r0 |-> "zero",
           r1 |-> "",
           r2 |-> "",
           addr |-> "0x104f8" ],
     baseLat |-> 1,
     currLat |-> 1 ],
   [ instr |->
         [ ind |-> 0,
           type |-> "No_OpClass",
           r0 |-> "",
           r1 |-> "",
           r2 |-> "",
           addr |-> "" ],
     baseLat |-> 1,
     currLat |-> 1 ],
   [ instr |->
         [ ind |-> 0,
           type |-> "No_OpClass",
           r0 |-> "",
           r1 |-> "",
           r2 |-> "",
           addr |-> "" ],
     baseLat |-> 1,
     currLat |-> 1 ],
   [ instr |->
         [ ind |-> 0,
           type |-> "No_OpClass",
           r0 |-> "",
           r1 |-> "",
           r2 |-> "",
           addr |-> "" ],
     baseLat |-> 1,
     currLat |-> 1 ] >>
/\ _COM = << [ ind |-> 5692,
     type |-> "IntAlu",
     r0 |-> "ra",
     r1 |-> "",
     r2 |-> "",
     addr |-> "0x105ee" ],
   [ ind |-> 0,
     type |-> "No_OpClass",
     r0 |-> "",
     r1 |-> "",
     r2 |-> "",
     addr |-> "" ],
   [ ind |-> 0,
     type |-> "No_OpClass",
     r0 |-> "",
     r1 |-> "",
     r2 |-> "",
     addr |-> "" ],
   [ ind |-> 0,
     type |-> "No_OpClass",
     r0 |-> "",
     r1 |-> "",
     r2 |-> "",
     addr |-> "" ] >>
/\ exec_inst2 = 2
/\ _ID2 = << [ ind |-> 5703,
     type |-> "IntAlu",
     r0 |-> "a5",
     r1 |-> "a4",
     r2 |-> "",
     addr |-> "0x105d0" ],
   [ ind |-> 5704,
     type |-> "IntAlu",
     r0 |-> "a5",
     r1 |-> "",
     r2 |-> "",
     addr |-> "0x10502" ],
   [ ind |-> 5705,
     type |-> "MemWrite",
     r0 |-> "a5",
     r1 |-> "",
     r2 |-> "",
     addr |-> "0x10504" ],
   [ ind |-> 5706,
     type |-> "MemWrite",
     r0 |-> "zero",
     r1 |-> "",
     r2 |-> "",
     addr |-> "0x10508" ] >>
/\ graph = [ nodes |->
      << [ ind |-> 5687,
           addr |-> "0x105e2",
           COM |-> 4,
           IFacq |-> 1,
           IFrel |-> 2,
           IDacq |-> 2,
           IDrel |-> 3,
           FUacq |-> 3,
           FUrel |-> 4,
           ROB |-> 2,
           RS |-> 2,
           FU |-> 1 ],
         [ ind |-> 5688,
           addr |-> "0x105e4",
           COM |-> 4,
           IFacq |-> 1,
           IFrel |-> 2,
           IDacq |-> 2,
           IDrel |-> 3,
           FUacq |-> 3,
           FUrel |-> 4,
           ROB |-> 2,
           RS |-> 2,
           FU |-> 2 ],
         [ ind |-> 5689,
           addr |-> "0x105e6",
           COM |-> 5,
           IFacq |-> 1,
           IFrel |-> 2,
           IDacq |-> 2,
           IDrel |-> 3,
           FUacq |-> 4,
           FUrel |-> 5,
           ROB |-> 2,
           RS |-> 2,
           FU |-> 2 ],
         [ ind |-> 5690,
           addr |-> "0x105e8",
           COM |-> 5,
           IFacq |-> 1,
           IFrel |-> 2,
           IDacq |-> 2,
           IDrel |-> 3,
           FUacq |-> 4,
           FUrel |-> 5,
           ROB |-> 2,
           RS |-> 2,
           FU |-> 1 ],
         [ ind |-> 5691,
           addr |-> "0x105ea",
           COM |-> 6,
           IFacq |-> 2,
           IFrel |-> 3,
           IDacq |-> 3,
           IDrel |-> 4,
           FUacq |-> 5,
           FUrel |-> 6,
           ROB |-> 3,
           RS |-> 3,
           FU |-> 1 ],
         [ ind |-> 5692,
           addr |-> "0x105ee",
           COM |-> 0,
           IFacq |-> 2,
           IFrel |-> 3,
           IDacq |-> 3,
           IDrel |-> 4,
           FUacq |-> 6,
           FUrel |-> 7,
           ROB |-> 3,
           RS |-> 3,
           FU |-> 1 ],
         [ ind |-> 5693,
           addr |-> "0x104ee",
           COM |-> 0,
           IFacq |-> 2,
           IFrel |-> 3,
           IDacq |-> 3,
           IDrel |-> 4,
           FUacq |-> 0,
           FUrel |-> 0,
           ROB |-> 3,
           RS |-> 3,
           FU |-> 0 ],
         [ ind |-> 5694,
           addr |-> "0x104f0",
           COM |-> 0,
           IFacq |-> 2,
           IFrel |-> 3,
           IDacq |-> 3,
           IDrel |-> 4,
           FUacq |-> 5,
           FUrel |-> 6,
           ROB |-> 3,
           RS |-> 3,
           FU |-> 2 ],
         [ ind |-> 5695,
           addr |-> "0x104f2",
           COM |-> 0,
           IFacq |-> 3,
           IFrel |-> 4,
           IDacq |-> 4,
           IDrel |-> 5,
           FUacq |-> 0,
           FUrel |-> 0,
           ROB |-> 4,
           RS |-> 4,
           FU |-> 0 ],
         [ ind |-> 5696,
           addr |-> "0x104f4",
           COM |-> 0,
           IFacq |-> 3,
           IFrel |-> 4,
           IDacq |-> 4,
           IDrel |-> 5,
           FUacq |-> 6,
           FUrel |-> 7,
           ROB |-> 4,
           RS |-> 4,
           FU |-> 2 ],
         [ ind |-> 5697,
           addr |-> "0x104f8",
           COM |-> 0,
           IFacq |-> 3,
           IFrel |-> 4,
           IDacq |-> 4,
           IDrel |-> 5,
           FUacq |-> 0,
           FUrel |-> 0,
           ROB |-> 4,
           RS |-> 4,
           FU |-> 0 ],
         [ ind |-> 5698,
           addr |-> "0x104fc",
           COM |-> 0,
           IFacq |-> 3,
           IFrel |-> 4,
           IDacq |-> 4,
           IDrel |-> 5,
           FUacq |-> 0,
           FUrel |-> 0,
           ROB |-> 4,
           RS |-> 4,
           FU |-> 0 ],
         [ ind |-> 5699,
           addr |-> "0x10500",
           COM |-> 0,
           IFacq |-> 4,
           IFrel |-> 5,
           IDacq |-> 5,
           IDrel |-> 7,
           FUacq |-> 0,
           FUrel |-> 0,
           ROB |-> 6,
           RS |-> 6,
           FU |-> 0 ],
         [ ind |-> 5700,
           addr |-> "0x105c4",
           COM |-> 0,
           IFacq |-> 4,
           IFrel |-> 5,
           IDacq |-> 5,
           IDrel |-> 7,
           FUacq |-> 0,
           FUrel |-> 0,
           ROB |-> 6,
           RS |-> 6,
           FU |-> 0 ],
         [ ind |-> 5701,
           addr |-> "0x105c8",
           COM |-> 0,
           IFacq |-> 4,
           IFrel |-> 5,
           IDacq |-> 5,
           IDrel |-> 7,
           FUacq |-> 0,
           FUrel |-> 0,
           ROB |-> 6,
           RS |-> 6,
           FU |-> 0 ],
         [ ind |-> 5702,
           addr |-> "0x105cc",
           COM |-> 0,
           IFacq |-> 4,
           IFrel |-> 5,
           IDacq |-> 5,
           IDrel |-> 7,
           FUacq |-> 0,
           FUrel |-> 0,
           ROB |-> 6,
           RS |-> 6,
           FU |-> 0 ],
         [ ind |-> 5703,
           addr |-> "0x105d0",
           COM |-> 0,
           IFacq |-> 5,
           IFrel |-> 6,
           IDacq |-> 0,
           IDrel |-> 0,
           FUacq |-> 0,
           FUrel |-> 0,
           ROB |-> 0,
           RS |-> 0,
           FU |-> 0 ],
         [ ind |-> 5704,
           addr |-> "0x10502",
           COM |-> 0,
           IFacq |-> 5,
           IFrel |-> 6,
           IDacq |-> 0,
           IDrel |-> 0,
           FUacq |-> 0,
           FUrel |-> 0,
           ROB |-> 0,
           RS |-> 0,
           FU |-> 0 ],
         [ ind |-> 5705,
           addr |-> "0x10504",
           COM |-> 0,
           IFacq |-> 5,
           IFrel |-> 6,
           IDacq |-> 0,
           IDrel |-> 0,
           FUacq |-> 0,
           FUrel |-> 0,
           ROB |-> 0,
           RS |-> 0,
           FU |-> 0 ],
         [ ind |-> 5706,
           addr |-> "0x10508",
           COM |-> 0,
           IFacq |-> 5,
           IFrel |-> 6,
           IDacq |-> 0,
           IDrel |-> 0,
           FUacq |-> 0,
           FUrel |-> 0,
           ROB |-> 0,
           RS |-> 0,
           FU |-> 0 ] >>,
  edges |-> {[type |-> "D", source |-> 5687, dest |-> 5690]} ]
/\ currCycle2 = 7
/\ _IF2 = << [ instr |->
         [ ind |-> 5707,
           type |-> "IntAlu",
           r0 |-> "",
           r1 |-> "",
           r2 |-> "",
           addr |-> "0x1050c" ],
     baseLat |-> 1,
     currLat |-> 1 ],
   [ instr |->
         [ ind |-> 5708,
           type |-> "MemRead",
           r0 |-> "a5",
           r1 |-> "",
           r2 |-> "",
           addr |-> "0x1059e" ],
     baseLat |-> 1,
     currLat |-> 1 ],
   [ instr |->
         [ ind |-> 5709,
           type |-> "IntAlu",
           r0 |-> "a4",
           r1 |-> "a5",
           r2 |-> "",
           addr |-> "0x105a2" ],
     baseLat |-> 1,
     currLat |-> 1 ],
   [ instr |->
         [ ind |-> 5710,
           type |-> "IntAlu",
           r0 |-> "a5",
           r1 |-> "zero",
           r2 |-> "",
           addr |-> "0x105a6" ],
     baseLat |-> 1,
     currLat |-> 1 ] >>
/\ lastBound = 0
/\ graph2 = [ nodes |->
      << [ ind |-> 5687,
           addr |-> "0x105e2",
           COM |-> 4,
           IFacq |-> 1,
           IFrel |-> 2,
           IDacq |-> 2,
           IDrel |-> 3,
           FUacq |-> 3,
           FUrel |-> 4,
           ROB |-> 2,
           RS |-> 2,
           FU |-> 1 ],
         [ ind |-> 5688,
           addr |-> "0x105e4",
           COM |-> 4,
           IFacq |-> 1,
           IFrel |-> 2,
           IDacq |-> 2,
           IDrel |-> 3,
           FUacq |-> 3,
           FUrel |-> 4,
           ROB |-> 2,
           RS |-> 2,
           FU |-> 2 ],
         [ ind |-> 5689,
           addr |-> "0x105e6",
           COM |-> 5,
           IFacq |-> 1,
           IFrel |-> 2,
           IDacq |-> 2,
           IDrel |-> 3,
           FUacq |-> 4,
           FUrel |-> 5,
           ROB |-> 2,
           RS |-> 2,
           FU |-> 2 ],
         [ ind |-> 5690,
           addr |-> "0x105e8",
           COM |-> 5,
           IFacq |-> 1,
           IFrel |-> 2,
           IDacq |-> 2,
           IDrel |-> 3,
           FUacq |-> 4,
           FUrel |-> 5,
           ROB |-> 2,
           RS |-> 2,
           FU |-> 1 ],
         [ ind |-> 5691,
           addr |-> "0x105ea",
           COM |-> 6,
           IFacq |-> 2,
           IFrel |-> 3,
           IDacq |-> 3,
           IDrel |-> 4,
           FUacq |-> 5,
           FUrel |-> 6,
           ROB |-> 3,
           RS |-> 3,
           FU |-> 1 ],
         [ ind |-> 5692,
           addr |-> "0x105ee",
           COM |-> 0,
           IFacq |-> 2,
           IFrel |-> 3,
           IDacq |-> 3,
           IDrel |-> 4,
           FUacq |-> 6,
           FUrel |-> 7,
           ROB |-> 3,
           RS |-> 3,
           FU |-> 1 ],
         [ ind |-> 5693,
           addr |-> "0x104ee",
           COM |-> 0,
           IFacq |-> 2,
           IFrel |-> 3,
           IDacq |-> 3,
           IDrel |-> 4,
           FUacq |-> 0,
           FUrel |-> 0,
           ROB |-> 3,
           RS |-> 3,
           FU |-> 0 ],
         [ ind |-> 5694,
           addr |-> "0x104f0",
           COM |-> 0,
           IFacq |-> 2,
           IFrel |-> 3,
           IDacq |-> 3,
           IDrel |-> 4,
           FUacq |-> 5,
           FUrel |-> 6,
           ROB |-> 3,
           RS |-> 3,
           FU |-> 2 ],
         [ ind |-> 5695,
           addr |-> "0x104f2",
           COM |-> 0,
           IFacq |-> 3,
           IFrel |-> 4,
           IDacq |-> 4,
           IDrel |-> 5,
           FUacq |-> 0,
           FUrel |-> 0,
           ROB |-> 4,
           RS |-> 4,
           FU |-> 0 ],
         [ ind |-> 5696,
           addr |-> "0x104f4",
           COM |-> 0,
           IFacq |-> 3,
           IFrel |-> 4,
           IDacq |-> 4,
           IDrel |-> 5,
           FUacq |-> 6,
           FUrel |-> 7,
           ROB |-> 4,
           RS |-> 4,
           FU |-> 2 ],
         [ ind |-> 5697,
           addr |-> "0x104f8",
           COM |-> 0,
           IFacq |-> 3,
           IFrel |-> 4,
           IDacq |-> 4,
           IDrel |-> 5,
           FUacq |-> 0,
           FUrel |-> 0,
           ROB |-> 4,
           RS |-> 4,
           FU |-> 0 ],
         [ ind |-> 5698,
           addr |-> "0x104fc",
           COM |-> 0,
           IFacq |-> 3,
           IFrel |-> 4,
           IDacq |-> 4,
           IDrel |-> 5,
           FUacq |-> 0,
           FUrel |-> 0,
           ROB |-> 4,
           RS |-> 4,
           FU |-> 0 ],
         [ ind |-> 5699,
           addr |-> "0x10500",
           COM |-> 0,
           IFacq |-> 4,
           IFrel |-> 5,
           IDacq |-> 5,
           IDrel |-> 7,
           FUacq |-> 0,
           FUrel |-> 0,
           ROB |-> 6,
           RS |-> 6,
           FU |-> 0 ],
         [ ind |-> 5700,
           addr |-> "0x105c4",
           COM |-> 0,
           IFacq |-> 4,
           IFrel |-> 5,
           IDacq |-> 5,
           IDrel |-> 7,
           FUacq |-> 0,
           FUrel |-> 0,
           ROB |-> 6,
           RS |-> 6,
           FU |-> 0 ],
         [ ind |-> 5701,
           addr |-> "0x105c8",
           COM |-> 0,
           IFacq |-> 4,
           IFrel |-> 5,
           IDacq |-> 5,
           IDrel |-> 7,
           FUacq |-> 0,
           FUrel |-> 0,
           ROB |-> 6,
           RS |-> 6,
           FU |-> 0 ],
         [ ind |-> 5702,
           addr |-> "0x105cc",
           COM |-> 0,
           IFacq |-> 4,
           IFrel |-> 5,
           IDacq |-> 5,
           IDrel |-> 7,
           FUacq |-> 0,
           FUrel |-> 0,
           ROB |-> 6,
           RS |-> 6,
           FU |-> 0 ],
         [ ind |-> 5703,
           addr |-> "0x105d0",
           COM |-> 0,
           IFacq |-> 5,
           IFrel |-> 6,
           IDacq |-> 0,
           IDrel |-> 0,
           FUacq |-> 0,
           FUrel |-> 0,
           ROB |-> 0,
           RS |-> 0,
           FU |-> 0 ],
         [ ind |-> 5704,
           addr |-> "0x10502",
           COM |-> 0,
           IFacq |-> 5,
           IFrel |-> 6,
           IDacq |-> 0,
           IDrel |-> 0,
           FUacq |-> 0,
           FUrel |-> 0,
           ROB |-> 0,
           RS |-> 0,
           FU |-> 0 ],
         [ ind |-> 5705,
           addr |-> "0x10504",
           COM |-> 0,
           IFacq |-> 5,
           IFrel |-> 6,
           IDacq |-> 0,
           IDrel |-> 0,
           FUacq |-> 0,
           FUrel |-> 0,
           ROB |-> 0,
           RS |-> 0,
           FU |-> 0 ],
         [ ind |-> 5706,
           addr |-> "0x10508",
           COM |-> 0,
           IFacq |-> 5,
           IFrel |-> 6,
           IDacq |-> 0,
           IDrel |-> 0,
           FUacq |-> 0,
           FUrel |-> 0,
           ROB |-> 0,
           RS |-> 0,
           FU |-> 0 ] >>,
  edges |-> {[type |-> "D", source |-> 5687, dest |-> 5690]} ]
/\ pc2 = 24
/\ robHead = 6
/\ rob = << [ instr |->
         [ ind |-> 5687,
           type |-> "IntAlu",
           r0 |-> "sp",
           r1 |-> "",
           r2 |-> "",
           addr |-> "0x105e2" ],
     done |-> TRUE,
     executed |-> TRUE ],
   [ instr |->
         [ ind |-> 5688,
           type |-> "MemWrite",
           r0 |-> "ra",
           r1 |-> "",
           r2 |-> "",
           addr |-> "0x105e4" ],
     done |-> TRUE,
     executed |-> TRUE ],
   [ instr |->
         [ ind |-> 5689,
           type |-> "MemWrite",
           r0 |-> "s0",
           r1 |-> "",
           r2 |-> "",
           addr |-> "0x105e6" ],
     done |-> TRUE,
     executed |-> TRUE ],
   [ instr |->
         [ ind |-> 5690,
           type |-> "IntAlu",
           r0 |-> "s0",
           r1 |-> "sp",
           r2 |-> "",
           addr |-> "0x105e8" ],
     done |-> TRUE,
     executed |-> TRUE ],
   [ instr |->
         [ ind |-> 5691,
           type |-> "IntAlu",
           r0 |-> "a0",
           r1 |-> "gp",
           r2 |-> "",
           addr |-> "0x105ea" ],
     done |-> TRUE,
     executed |-> TRUE ],
   [ instr |->
         [ ind |-> 5692,
           type |-> "IntAlu",
           r0 |-> "ra",
           r1 |-> "",
           r2 |-> "",
           addr |-> "0x105ee" ],
     done |-> FALSE,
     executed |-> TRUE ],
   [ instr |->
         [ ind |-> 5693,
           type |-> "IntAlu",
           r0 |-> "sp",
           r1 |-> "",
           r2 |-> "",
           addr |-> "0x104ee" ],
     done |-> FALSE,
     executed |-> FALSE ],
   [ instr |->
         [ ind |-> 5694,
           type |-> "MemWrite",
           r0 |-> "s0",
           r1 |-> "",
           r2 |-> "",
           addr |-> "0x104f0" ],
     done |-> FALSE,
     executed |-> TRUE ],
   [ instr |->
         [ ind |-> 5695,
           type |-> "IntAlu",
           r0 |-> "s0",
           r1 |-> "sp",
           r2 |-> "",
           addr |-> "0x104f2" ],
     done |-> FALSE,
     executed |-> FALSE ],
   [ instr |->
         [ ind |-> 5696,
           type |-> "MemWrite",
           r0 |-> "a0",
           r1 |-> "",
           r2 |-> "",
           addr |-> "0x104f4" ],
     done |-> FALSE,
     executed |-> TRUE ],
   [ instr |->
         [ ind |-> 5697,
           type |-> "MemWrite",
           r0 |-> "zero",
           r1 |-> "",
           r2 |-> "",
           addr |-> "0x104f8" ],
     done |-> FALSE,
     executed |-> FALSE ],
   [ instr |->
         [ ind |-> 5698,
           type |-> "MemWrite",
           r0 |-> "zero",
           r1 |-> "",
           r2 |-> "",
           addr |-> "0x104fc" ],
     done |-> FALSE,
     executed |-> FALSE ],
   [ instr |->
         [ ind |-> 5699,
           type |-> "IntAlu",
           r0 |-> "",
           r1 |-> "",
           r2 |-> "",
           addr |-> "0x10500" ],
     done |-> FALSE,
     executed |-> FALSE ],
   [ instr |->
         [ ind |-> 5700,
           type |-> "MemRead",
           r0 |-> "a5",
           r1 |-> "",
           r2 |-> "",
           addr |-> "0x105c4" ],
     done |-> FALSE,
     executed |-> FALSE ],
   [ instr |->
         [ ind |-> 5701,
           type |-> "IntAlu",
           r0 |-> "a4",
           r1 |-> "a5",
           r2 |-> "",
           addr |-> "0x105c8" ],
     done |-> FALSE,
     executed |-> FALSE ],
   [ instr |->
         [ ind |-> 5702,
           type |-> "IntAlu",
           r0 |-> "a5",
           r1 |-> "zero",
           r2 |-> "",
           addr |-> "0x105cc" ],
     done |-> FALSE,
     executed |-> FALSE ] >>
/\ _RS = << { [ ind |-> 5695,
       type |-> "IntAlu",
       r0 |-> "s0",
       r1 |-> "sp",
       r2 |-> "",
       addr |-> "0x104f2" ],
     [ ind |-> 5699,
       type |-> "IntAlu",
       r0 |-> "",
       r1 |-> "",
       r2 |-> "",
       addr |-> "0x10500" ],
     [ ind |-> 5701,
       type |-> "IntAlu",
       r0 |-> "a4",
       r1 |-> "a5",
       r2 |-> "",
       addr |-> "0x105c8" ],
     [ ind |-> 5702,
       type |-> "IntAlu",
       r0 |-> "a5",
       r1 |-> "zero",
       r2 |-> "",
       addr |-> "0x105cc" ] },
   { [ ind |-> 5698,
       type |-> "MemWrite",
       r0 |-> "zero",
       r1 |-> "",
       r2 |-> "",
       addr |-> "0x104fc" ],
     [ ind |-> 5700,
       type |-> "MemRead",
       r0 |-> "a5",
       r1 |-> "",
       r2 |-> "",
       addr |-> "0x105c4" ] },
   {},
   {},
   {} >>
/\ currCycle = 7
/\ exec_inst = 1
/\ robHead2 = 6
/\ pc = 24
/\ rob2 = << [ instr |->
         [ ind |-> 5687,
           type |-> "IntAlu",
           r0 |-> "sp",
           r1 |-> "",
           r2 |-> "",
           addr |-> "0x105e2" ],
     done |-> TRUE,
     executed |-> TRUE ],
   [ instr |->
         [ ind |-> 5688,
           type |-> "MemWrite",
           r0 |-> "ra",
           r1 |-> "",
           r2 |-> "",
           addr |-> "0x105e4" ],
     done |-> TRUE,
     executed |-> TRUE ],
   [ instr |->
         [ ind |-> 5689,
           type |-> "MemWrite",
           r0 |-> "s0",
           r1 |-> "",
           r2 |-> "",
           addr |-> "0x105e6" ],
     done |-> TRUE,
     executed |-> TRUE ],
   [ instr |->
         [ ind |-> 5690,
           type |-> "IntAlu",
           r0 |-> "s0",
           r1 |-> "sp",
           r2 |-> "",
           addr |-> "0x105e8" ],
     done |-> TRUE,
     executed |-> TRUE ],
   [ instr |->
         [ ind |-> 5691,
           type |-> "IntAlu",
           r0 |-> "a0",
           r1 |-> "gp",
           r2 |-> "",
           addr |-> "0x105ea" ],
     done |-> TRUE,
     executed |-> TRUE ],
   [ instr |->
         [ ind |-> 5692,
           type |-> "IntAlu",
           r0 |-> "ra",
           r1 |-> "",
           r2 |-> "",
           addr |-> "0x105ee" ],
     done |-> FALSE,
     executed |-> TRUE ],
   [ instr |->
         [ ind |-> 5693,
           type |-> "IntAlu",
           r0 |-> "sp",
           r1 |-> "",
           r2 |-> "",
           addr |-> "0x104ee" ],
     done |-> FALSE,
     executed |-> FALSE ],
   [ instr |->
         [ ind |-> 5694,
           type |-> "MemWrite",
           r0 |-> "s0",
           r1 |-> "",
           r2 |-> "",
           addr |-> "0x104f0" ],
     done |-> FALSE,
     executed |-> TRUE ],
   [ instr |->
         [ ind |-> 5695,
           type |-> "IntAlu",
           r0 |-> "s0",
           r1 |-> "sp",
           r2 |-> "",
           addr |-> "0x104f2" ],
     done |-> FALSE,
     executed |-> FALSE ],
   [ instr |->
         [ ind |-> 5696,
           type |-> "MemWrite",
           r0 |-> "a0",
           r1 |-> "",
           r2 |-> "",
           addr |-> "0x104f4" ],
     done |-> FALSE,
     executed |-> TRUE ],
   [ instr |->
         [ ind |-> 5697,
           type |-> "MemWrite",
           r0 |-> "zero",
           r1 |-> "",
           r2 |-> "",
           addr |-> "0x104f8" ],
     done |-> FALSE,
     executed |-> FALSE ],
   [ instr |->
         [ ind |-> 5698,
           type |-> "MemWrite",
           r0 |-> "zero",
           r1 |-> "",
           r2 |-> "",
           addr |-> "0x104fc" ],
     done |-> FALSE,
     executed |-> FALSE ],
   [ instr |->
         [ ind |-> 5699,
           type |-> "IntAlu",
           r0 |-> "",
           r1 |-> "",
           r2 |-> "",
           addr |-> "0x10500" ],
     done |-> FALSE,
     executed |-> FALSE ],
   [ instr |->
         [ ind |-> 5700,
           type |-> "MemRead",
           r0 |-> "a5",
           r1 |-> "",
           r2 |-> "",
           addr |-> "0x105c4" ],
     done |-> FALSE,
     executed |-> FALSE ],
   [ instr |->
         [ ind |-> 5701,
           type |-> "IntAlu",
           r0 |-> "a4",
           r1 |-> "a5",
           r2 |-> "",
           addr |-> "0x105c8" ],
     done |-> FALSE,
     executed |-> FALSE ],
   [ instr |->
         [ ind |-> 5702,
           type |-> "IntAlu",
           r0 |-> "a5",
           r1 |-> "zero",
           r2 |-> "",
           addr |-> "0x105cc" ],
     done |-> FALSE,
     executed |-> FALSE ] >>
/\ _FU = << [ instr |->
         [ ind |-> 5693,
           type |-> "IntAlu",
           r0 |-> "sp",
           r1 |-> "",
           r2 |-> "",
           addr |-> "0x104ee" ],
     baseLat |-> 1,
     currLat |-> 1 ],
   [ instr |->
         [ ind |-> 5697,
           type |-> "MemWrite",
           r0 |-> "zero",
           r1 |-> "",
           r2 |-> "",
           addr |-> "0x104f8" ],
     baseLat |-> 1,
     currLat |-> 1 ],
   [ instr |->
         [ ind |-> 0,
           type |-> "No_OpClass",
           r0 |-> "",
           r1 |-> "",
           r2 |-> "",
           addr |-> "" ],
     baseLat |-> 1,
     currLat |-> 1 ],
   [ instr |->
         [ ind |-> 0,
           type |-> "No_OpClass",
           r0 |-> "",
           r1 |-> "",
           r2 |-> "",
           addr |-> "" ],
     baseLat |-> 1,
     currLat |-> 1 ],
   [ instr |->
         [ ind |-> 0,
           type |-> "No_OpClass",
           r0 |-> "",
           r1 |-> "",
           r2 |-> "",
           addr |-> "" ],
     baseLat |-> 1,
     currLat |-> 1 ] >>

@!@!@ENDMSG 2217 @!@!@
@!@!@STARTMSG 2217:4 @!@!@
9: <Next line 52, col 9 to line 56, col 64 of module pipeline_ooo>
/\ _RS2 = << { [ ind |-> 5699,
       type |-> "IntAlu",
       r0 |-> "",
       r1 |-> "",
       r2 |-> "",
       addr |-> "0x10500" ],
     [ ind |-> 5701,
       type |-> "IntAlu",
       r0 |-> "a4",
       r1 |-> "a5",
       r2 |-> "",
       addr |-> "0x105c8" ],
     [ ind |-> 5702,
       type |-> "IntAlu",
       r0 |-> "a5",
       r1 |-> "zero",
       r2 |-> "",
       addr |-> "0x105cc" ] },
   { [ ind |-> 5700,
       type |-> "MemRead",
       r0 |-> "a5",
       r1 |-> "",
       r2 |-> "",
       addr |-> "0x105c4" ] },
   {},
   {},
   {} >>
/\ _COM2 = << [ ind |-> 5693,
     type |-> "IntAlu",
     r0 |-> "sp",
     r1 |-> "",
     r2 |-> "",
     addr |-> "0x104ee" ],
   [ ind |-> 5694,
     type |-> "MemWrite",
     r0 |-> "s0",
     r1 |-> "",
     r2 |-> "",
     addr |-> "0x104f0" ],
   [ ind |-> 0,
     type |-> "No_OpClass",
     r0 |-> "",
     r1 |-> "",
     r2 |-> "",
     addr |-> "" ],
   [ ind |-> 0,
     type |-> "No_OpClass",
     r0 |-> "",
     r1 |-> "",
     r2 |-> "",
     addr |-> "" ] >>
/\ _ID = << [ ind |-> 5703,
     type |-> "IntAlu",
     r0 |-> "a5",
     r1 |-> "a4",
     r2 |-> "",
     addr |-> "0x105d0" ],
   [ ind |-> 5704,
     type |-> "IntAlu",
     r0 |-> "a5",
     r1 |-> "",
     r2 |-> "",
     addr |-> "0x10502" ],
   [ ind |-> 5705,
     type |-> "MemWrite",
     r0 |-> "a5",
     r1 |-> "",
     r2 |-> "",
     addr |-> "0x10504" ],
   [ ind |-> 5706,
     type |-> "MemWrite",
     r0 |-> "zero",
     r1 |-> "",
     r2 |-> "",
     addr |-> "0x10508" ] >>
/\ _IF = << [ instr |->
         [ ind |-> 5707,
           type |-> "IntAlu",
           r0 |-> "",
           r1 |-> "",
           r2 |-> "",
           addr |-> "0x1050c" ],
     baseLat |-> 1,
     currLat |-> 2 ],
   [ instr |->
         [ ind |-> 5708,
           type |-> "MemRead",
           r0 |-> "a5",
           r1 |-> "",
           r2 |-> "",
           addr |-> "0x1059e" ],
     baseLat |-> 1,
     currLat |-> 2 ],
   [ instr |->
         [ ind |-> 5709,
           type |-> "IntAlu",
           r0 |-> "a4",
           r1 |-> "a5",
           r2 |-> "",
           addr |-> "0x105a2" ],
     baseLat |-> 1,
     currLat |-> 2 ],
   [ instr |->
         [ ind |-> 5710,
           type |-> "IntAlu",
           r0 |-> "a5",
           r1 |-> "zero",
           r2 |-> "",
           addr |-> "0x105a6" ],
     baseLat |-> 1,
     currLat |-> 2 ] >>
/\ _FU2 = << [ instr |->
         [ ind |-> 5695,
           type |-> "IntAlu",
           r0 |-> "s0",
           r1 |-> "sp",
           r2 |-> "",
           addr |-> "0x104f2" ],
     baseLat |-> 1,
     currLat |-> 1 ],
   [ instr |->
         [ ind |-> 5698,
           type |-> "MemWrite",
           r0 |-> "zero",
           r1 |-> "",
           r2 |-> "",
           addr |-> "0x104fc" ],
     baseLat |-> 1,
     currLat |-> 1 ],
   [ instr |->
         [ ind |-> 0,
           type |-> "No_OpClass",
           r0 |-> "",
           r1 |-> "",
           r2 |-> "",
           addr |-> "" ],
     baseLat |-> 1,
     currLat |-> 1 ],
   [ instr |->
         [ ind |-> 0,
           type |-> "No_OpClass",
           r0 |-> "",
           r1 |-> "",
           r2 |-> "",
           addr |-> "" ],
     baseLat |-> 1,
     currLat |-> 1 ],
   [ instr |->
         [ ind |-> 0,
           type |-> "No_OpClass",
           r0 |-> "",
           r1 |-> "",
           r2 |-> "",
           addr |-> "" ],
     baseLat |-> 1,
     currLat |-> 1 ] >>
/\ _COM = << [ ind |-> 5693,
     type |-> "IntAlu",
     r0 |-> "sp",
     r1 |-> "",
     r2 |-> "",
     addr |-> "0x104ee" ],
   [ ind |-> 5694,
     type |-> "MemWrite",
     r0 |-> "s0",
     r1 |-> "",
     r2 |-> "",
     addr |-> "0x104f0" ],
   [ ind |-> 0,
     type |-> "No_OpClass",
     r0 |-> "",
     r1 |-> "",
     r2 |-> "",
     addr |-> "" ],
   [ ind |-> 0,
     type |-> "No_OpClass",
     r0 |-> "",
     r1 |-> "",
     r2 |-> "",
     addr |-> "" ] >>
/\ exec_inst2 = 2
/\ _ID2 = << [ ind |-> 5703,
     type |-> "IntAlu",
     r0 |-> "a5",
     r1 |-> "a4",
     r2 |-> "",
     addr |-> "0x105d0" ],
   [ ind |-> 5704,
     type |-> "IntAlu",
     r0 |-> "a5",
     r1 |-> "",
     r2 |-> "",
     addr |-> "0x10502" ],
   [ ind |-> 5705,
     type |-> "MemWrite",
     r0 |-> "a5",
     r1 |-> "",
     r2 |-> "",
     addr |-> "0x10504" ],
   [ ind |-> 5706,
     type |-> "MemWrite",
     r0 |-> "zero",
     r1 |-> "",
     r2 |-> "",
     addr |-> "0x10508" ] >>
/\ graph = [ nodes |->
      << [ ind |-> 5687,
           addr |-> "0x105e2",
           COM |-> 4,
           IFacq |-> 1,
           IFrel |-> 2,
           IDacq |-> 2,
           IDrel |-> 3,
           FUacq |-> 3,
           FUrel |-> 4,
           ROB |-> 2,
           RS |-> 2,
           FU |-> 1 ],
         [ ind |-> 5688,
           addr |-> "0x105e4",
           COM |-> 4,
           IFacq |-> 1,
           IFrel |-> 2,
           IDacq |-> 2,
           IDrel |-> 3,
           FUacq |-> 3,
           FUrel |-> 4,
           ROB |-> 2,
           RS |-> 2,
           FU |-> 2 ],
         [ ind |-> 5689,
           addr |-> "0x105e6",
           COM |-> 5,
           IFacq |-> 1,
           IFrel |-> 2,
           IDacq |-> 2,
           IDrel |-> 3,
           FUacq |-> 4,
           FUrel |-> 5,
           ROB |-> 2,
           RS |-> 2,
           FU |-> 2 ],
         [ ind |-> 5690,
           addr |-> "0x105e8",
           COM |-> 5,
           IFacq |-> 1,
           IFrel |-> 2,
           IDacq |-> 2,
           IDrel |-> 3,
           FUacq |-> 4,
           FUrel |-> 5,
           ROB |-> 2,
           RS |-> 2,
           FU |-> 1 ],
         [ ind |-> 5691,
           addr |-> "0x105ea",
           COM |-> 6,
           IFacq |-> 2,
           IFrel |-> 3,
           IDacq |-> 3,
           IDrel |-> 4,
           FUacq |-> 5,
           FUrel |-> 6,
           ROB |-> 3,
           RS |-> 3,
           FU |-> 1 ],
         [ ind |-> 5692,
           addr |-> "0x105ee",
           COM |-> 7,
           IFacq |-> 2,
           IFrel |-> 3,
           IDacq |-> 3,
           IDrel |-> 4,
           FUacq |-> 6,
           FUrel |-> 7,
           ROB |-> 3,
           RS |-> 3,
           FU |-> 1 ],
         [ ind |-> 5693,
           addr |-> "0x104ee",
           COM |-> 0,
           IFacq |-> 2,
           IFrel |-> 3,
           IDacq |-> 3,
           IDrel |-> 4,
           FUacq |-> 7,
           FUrel |-> 8,
           ROB |-> 3,
           RS |-> 3,
           FU |-> 1 ],
         [ ind |-> 5694,
           addr |-> "0x104f0",
           COM |-> 0,
           IFacq |-> 2,
           IFrel |-> 3,
           IDacq |-> 3,
           IDrel |-> 4,
           FUacq |-> 5,
           FUrel |-> 6,
           ROB |-> 3,
           RS |-> 3,
           FU |-> 2 ],
         [ ind |-> 5695,
           addr |-> "0x104f2",
           COM |-> 0,
           IFacq |-> 3,
           IFrel |-> 4,
           IDacq |-> 4,
           IDrel |-> 5,
           FUacq |-> 0,
           FUrel |-> 0,
           ROB |-> 4,
           RS |-> 4,
           FU |-> 0 ],
         [ ind |-> 5696,
           addr |-> "0x104f4",
           COM |-> 0,
           IFacq |-> 3,
           IFrel |-> 4,
           IDacq |-> 4,
           IDrel |-> 5,
           FUacq |-> 6,
           FUrel |-> 7,
           ROB |-> 4,
           RS |-> 4,
           FU |-> 2 ],
         [ ind |-> 5697,
           addr |-> "0x104f8",
           COM |-> 0,
           IFacq |-> 3,
           IFrel |-> 4,
           IDacq |-> 4,
           IDrel |-> 5,
           FUacq |-> 7,
           FUrel |-> 8,
           ROB |-> 4,
           RS |-> 4,
           FU |-> 2 ],
         [ ind |-> 5698,
           addr |-> "0x104fc",
           COM |-> 0,
           IFacq |-> 3,
           IFrel |-> 4,
           IDacq |-> 4,
           IDrel |-> 5,
           FUacq |-> 0,
           FUrel |-> 0,
           ROB |-> 4,
           RS |-> 4,
           FU |-> 0 ],
         [ ind |-> 5699,
           addr |-> "0x10500",
           COM |-> 0,
           IFacq |-> 4,
           IFrel |-> 5,
           IDacq |-> 5,
           IDrel |-> 7,
           FUacq |-> 0,
           FUrel |-> 0,
           ROB |-> 6,
           RS |-> 6,
           FU |-> 0 ],
         [ ind |-> 5700,
           addr |-> "0x105c4",
           COM |-> 0,
           IFacq |-> 4,
           IFrel |-> 5,
           IDacq |-> 5,
           IDrel |-> 7,
           FUacq |-> 0,
           FUrel |-> 0,
           ROB |-> 6,
           RS |-> 6,
           FU |-> 0 ],
         [ ind |-> 5701,
           addr |-> "0x105c8",
           COM |-> 0,
           IFacq |-> 4,
           IFrel |-> 5,
           IDacq |-> 5,
           IDrel |-> 7,
           FUacq |-> 0,
           FUrel |-> 0,
           ROB |-> 6,
           RS |-> 6,
           FU |-> 0 ],
         [ ind |-> 5702,
           addr |-> "0x105cc",
           COM |-> 0,
           IFacq |-> 4,
           IFrel |-> 5,
           IDacq |-> 5,
           IDrel |-> 7,
           FUacq |-> 0,
           FUrel |-> 0,
           ROB |-> 6,
           RS |-> 6,
           FU |-> 0 ],
         [ ind |-> 5703,
           addr |-> "0x105d0",
           COM |-> 0,
           IFacq |-> 5,
           IFrel |-> 6,
           IDacq |-> 7,
           IDrel |-> 0,
           FUacq |-> 0,
           FUrel |-> 0,
           ROB |-> 0,
           RS |-> 7,
           FU |-> 0 ],
         [ ind |-> 5704,
           addr |-> "0x10502",
           COM |-> 0,
           IFacq |-> 5,
           IFrel |-> 6,
           IDacq |-> 7,
           IDrel |-> 0,
           FUacq |-> 0,
           FUrel |-> 0,
           ROB |-> 0,
           RS |-> 7,
           FU |-> 0 ],
         [ ind |-> 5705,
           addr |-> "0x10504",
           COM |-> 0,
           IFacq |-> 5,
           IFrel |-> 6,
           IDacq |-> 7,
           IDrel |-> 0,
           FUacq |-> 0,
           FUrel |-> 0,
           ROB |-> 0,
           RS |-> 7,
           FU |-> 0 ],
         [ ind |-> 5706,
           addr |-> "0x10508",
           COM |-> 0,
           IFacq |-> 5,
           IFrel |-> 6,
           IDacq |-> 7,
           IDrel |-> 0,
           FUacq |-> 0,
           FUrel |-> 0,
           ROB |-> 0,
           RS |-> 7,
           FU |-> 0 ],
         [ ind |-> 5707,
           addr |-> "0x1050c",
           COM |-> 0,
           IFacq |-> 7,
           IFrel |-> 8,
           IDacq |-> 0,
           IDrel |-> 0,
           FUacq |-> 0,
           FUrel |-> 0,
           ROB |-> 0,
           RS |-> 0,
           FU |-> 0 ],
         [ ind |-> 5708,
           addr |-> "0x1059e",
           COM |-> 0,
           IFacq |-> 7,
           IFrel |-> 8,
           IDacq |-> 0,
           IDrel |-> 0,
           FUacq |-> 0,
           FUrel |-> 0,
           ROB |-> 0,
           RS |-> 0,
           FU |-> 0 ],
         [ ind |-> 5709,
           addr |-> "0x105a2",
           COM |-> 0,
           IFacq |-> 7,
           IFrel |-> 8,
           IDacq |-> 0,
           IDrel |-> 0,
           FUacq |-> 0,
           FUrel |-> 0,
           ROB |-> 0,
           RS |-> 0,
           FU |-> 0 ],
         [ ind |-> 5710,
           addr |-> "0x105a6",
           COM |-> 0,
           IFacq |-> 7,
           IFrel |-> 8,
           IDacq |-> 0,
           IDrel |-> 0,
           FUacq |-> 0,
           FUrel |-> 0,
           ROB |-> 0,
           RS |-> 0,
           FU |-> 0 ] >>,
  edges |-> {[type |-> "D", source |-> 5687, dest |-> 5690]} ]
/\ currCycle2 = 8
/\ _IF2 = << [ instr |->
         [ ind |-> 5707,
           type |-> "IntAlu",
           r0 |-> "",
           r1 |-> "",
           r2 |-> "",
           addr |-> "0x1050c" ],
     baseLat |-> 1,
     currLat |-> 2 ],
   [ instr |->
         [ ind |-> 5708,
           type |-> "MemRead",
           r0 |-> "a5",
           r1 |-> "",
           r2 |-> "",
           addr |-> "0x1059e" ],
     baseLat |-> 1,
     currLat |-> 2 ],
   [ instr |->
         [ ind |-> 5709,
           type |-> "IntAlu",
           r0 |-> "a4",
           r1 |-> "a5",
           r2 |-> "",
           addr |-> "0x105a2" ],
     baseLat |-> 1,
     currLat |-> 2 ],
   [ instr |->
         [ ind |-> 5710,
           type |-> "IntAlu",
           r0 |-> "a5",
           r1 |-> "zero",
           r2 |-> "",
           addr |-> "0x105a6" ],
     baseLat |-> 1,
     currLat |-> 2 ] >>
/\ lastBound = 0
/\ graph2 = [ nodes |->
      << [ ind |-> 5687,
           addr |-> "0x105e2",
           COM |-> 4,
           IFacq |-> 1,
           IFrel |-> 2,
           IDacq |-> 2,
           IDrel |-> 3,
           FUacq |-> 3,
           FUrel |-> 4,
           ROB |-> 2,
           RS |-> 2,
           FU |-> 1 ],
         [ ind |-> 5688,
           addr |-> "0x105e4",
           COM |-> 4,
           IFacq |-> 1,
           IFrel |-> 2,
           IDacq |-> 2,
           IDrel |-> 3,
           FUacq |-> 3,
           FUrel |-> 4,
           ROB |-> 2,
           RS |-> 2,
           FU |-> 2 ],
         [ ind |-> 5689,
           addr |-> "0x105e6",
           COM |-> 5,
           IFacq |-> 1,
           IFrel |-> 2,
           IDacq |-> 2,
           IDrel |-> 3,
           FUacq |-> 4,
           FUrel |-> 5,
           ROB |-> 2,
           RS |-> 2,
           FU |-> 2 ],
         [ ind |-> 5690,
           addr |-> "0x105e8",
           COM |-> 5,
           IFacq |-> 1,
           IFrel |-> 2,
           IDacq |-> 2,
           IDrel |-> 3,
           FUacq |-> 4,
           FUrel |-> 5,
           ROB |-> 2,
           RS |-> 2,
           FU |-> 1 ],
         [ ind |-> 5691,
           addr |-> "0x105ea",
           COM |-> 6,
           IFacq |-> 2,
           IFrel |-> 3,
           IDacq |-> 3,
           IDrel |-> 4,
           FUacq |-> 5,
           FUrel |-> 6,
           ROB |-> 3,
           RS |-> 3,
           FU |-> 1 ],
         [ ind |-> 5692,
           addr |-> "0x105ee",
           COM |-> 7,
           IFacq |-> 2,
           IFrel |-> 3,
           IDacq |-> 3,
           IDrel |-> 4,
           FUacq |-> 6,
           FUrel |-> 7,
           ROB |-> 3,
           RS |-> 3,
           FU |-> 1 ],
         [ ind |-> 5693,
           addr |-> "0x104ee",
           COM |-> 0,
           IFacq |-> 2,
           IFrel |-> 3,
           IDacq |-> 3,
           IDrel |-> 4,
           FUacq |-> 7,
           FUrel |-> 8,
           ROB |-> 3,
           RS |-> 3,
           FU |-> 1 ],
         [ ind |-> 5694,
           addr |-> "0x104f0",
           COM |-> 0,
           IFacq |-> 2,
           IFrel |-> 3,
           IDacq |-> 3,
           IDrel |-> 4,
           FUacq |-> 5,
           FUrel |-> 6,
           ROB |-> 3,
           RS |-> 3,
           FU |-> 2 ],
         [ ind |-> 5695,
           addr |-> "0x104f2",
           COM |-> 0,
           IFacq |-> 3,
           IFrel |-> 4,
           IDacq |-> 4,
           IDrel |-> 5,
           FUacq |-> 0,
           FUrel |-> 0,
           ROB |-> 4,
           RS |-> 4,
           FU |-> 0 ],
         [ ind |-> 5696,
           addr |-> "0x104f4",
           COM |-> 0,
           IFacq |-> 3,
           IFrel |-> 4,
           IDacq |-> 4,
           IDrel |-> 5,
           FUacq |-> 6,
           FUrel |-> 7,
           ROB |-> 4,
           RS |-> 4,
           FU |-> 2 ],
         [ ind |-> 5697,
           addr |-> "0x104f8",
           COM |-> 0,
           IFacq |-> 3,
           IFrel |-> 4,
           IDacq |-> 4,
           IDrel |-> 5,
           FUacq |-> 7,
           FUrel |-> 8,
           ROB |-> 4,
           RS |-> 4,
           FU |-> 2 ],
         [ ind |-> 5698,
           addr |-> "0x104fc",
           COM |-> 0,
           IFacq |-> 3,
           IFrel |-> 4,
           IDacq |-> 4,
           IDrel |-> 5,
           FUacq |-> 0,
           FUrel |-> 0,
           ROB |-> 4,
           RS |-> 4,
           FU |-> 0 ],
         [ ind |-> 5699,
           addr |-> "0x10500",
           COM |-> 0,
           IFacq |-> 4,
           IFrel |-> 5,
           IDacq |-> 5,
           IDrel |-> 7,
           FUacq |-> 0,
           FUrel |-> 0,
           ROB |-> 6,
           RS |-> 6,
           FU |-> 0 ],
         [ ind |-> 5700,
           addr |-> "0x105c4",
           COM |-> 0,
           IFacq |-> 4,
           IFrel |-> 5,
           IDacq |-> 5,
           IDrel |-> 7,
           FUacq |-> 0,
           FUrel |-> 0,
           ROB |-> 6,
           RS |-> 6,
           FU |-> 0 ],
         [ ind |-> 5701,
           addr |-> "0x105c8",
           COM |-> 0,
           IFacq |-> 4,
           IFrel |-> 5,
           IDacq |-> 5,
           IDrel |-> 7,
           FUacq |-> 0,
           FUrel |-> 0,
           ROB |-> 6,
           RS |-> 6,
           FU |-> 0 ],
         [ ind |-> 5702,
           addr |-> "0x105cc",
           COM |-> 0,
           IFacq |-> 4,
           IFrel |-> 5,
           IDacq |-> 5,
           IDrel |-> 7,
           FUacq |-> 0,
           FUrel |-> 0,
           ROB |-> 6,
           RS |-> 6,
           FU |-> 0 ],
         [ ind |-> 5703,
           addr |-> "0x105d0",
           COM |-> 0,
           IFacq |-> 5,
           IFrel |-> 6,
           IDacq |-> 7,
           IDrel |-> 0,
           FUacq |-> 0,
           FUrel |-> 0,
           ROB |-> 0,
           RS |-> 7,
           FU |-> 0 ],
         [ ind |-> 5704,
           addr |-> "0x10502",
           COM |-> 0,
           IFacq |-> 5,
           IFrel |-> 6,
           IDacq |-> 7,
           IDrel |-> 0,
           FUacq |-> 0,
           FUrel |-> 0,
           ROB |-> 0,
           RS |-> 7,
           FU |-> 0 ],
         [ ind |-> 5705,
           addr |-> "0x10504",
           COM |-> 0,
           IFacq |-> 5,
           IFrel |-> 6,
           IDacq |-> 7,
           IDrel |-> 0,
           FUacq |-> 0,
           FUrel |-> 0,
           ROB |-> 0,
           RS |-> 7,
           FU |-> 0 ],
         [ ind |-> 5706,
           addr |-> "0x10508",
           COM |-> 0,
           IFacq |-> 5,
           IFrel |-> 6,
           IDacq |-> 7,
           IDrel |-> 0,
           FUacq |-> 0,
           FUrel |-> 0,
           ROB |-> 0,
           RS |-> 7,
           FU |-> 0 ],
         [ ind |-> 5707,
           addr |-> "0x1050c",
           COM |-> 0,
           IFacq |-> 7,
           IFrel |-> 8,
           IDacq |-> 0,
           IDrel |-> 0,
           FUacq |-> 0,
           FUrel |-> 0,
           ROB |-> 0,
           RS |-> 0,
           FU |-> 0 ],
         [ ind |-> 5708,
           addr |-> "0x1059e",
           COM |-> 0,
           IFacq |-> 7,
           IFrel |-> 8,
           IDacq |-> 0,
           IDrel |-> 0,
           FUacq |-> 0,
           FUrel |-> 0,
           ROB |-> 0,
           RS |-> 0,
           FU |-> 0 ],
         [ ind |-> 5709,
           addr |-> "0x105a2",
           COM |-> 0,
           IFacq |-> 7,
           IFrel |-> 8,
           IDacq |-> 0,
           IDrel |-> 0,
           FUacq |-> 0,
           FUrel |-> 0,
           ROB |-> 0,
           RS |-> 0,
           FU |-> 0 ],
         [ ind |-> 5710,
           addr |-> "0x105a6",
           COM |-> 0,
           IFacq |-> 7,
           IFrel |-> 8,
           IDacq |-> 0,
           IDrel |-> 0,
           FUacq |-> 0,
           FUrel |-> 0,
           ROB |-> 0,
           RS |-> 0,
           FU |-> 0 ] >>,
  edges |-> {[type |-> "D", source |-> 5687, dest |-> 5690]} ]
/\ pc2 = 24
/\ robHead = 7
/\ rob = << [ instr |->
         [ ind |-> 5687,
           type |-> "IntAlu",
           r0 |-> "sp",
           r1 |-> "",
           r2 |-> "",
           addr |-> "0x105e2" ],
     done |-> TRUE,
     executed |-> TRUE ],
   [ instr |->
         [ ind |-> 5688,
           type |-> "MemWrite",
           r0 |-> "ra",
           r1 |-> "",
           r2 |-> "",
           addr |-> "0x105e4" ],
     done |-> TRUE,
     executed |-> TRUE ],
   [ instr |->
         [ ind |-> 5689,
           type |-> "MemWrite",
           r0 |-> "s0",
           r1 |-> "",
           r2 |-> "",
           addr |-> "0x105e6" ],
     done |-> TRUE,
     executed |-> TRUE ],
   [ instr |->
         [ ind |-> 5690,
           type |-> "IntAlu",
           r0 |-> "s0",
           r1 |-> "sp",
           r2 |-> "",
           addr |-> "0x105e8" ],
     done |-> TRUE,
     executed |-> TRUE ],
   [ instr |->
         [ ind |-> 5691,
           type |-> "IntAlu",
           r0 |-> "a0",
           r1 |-> "gp",
           r2 |-> "",
           addr |-> "0x105ea" ],
     done |-> TRUE,
     executed |-> TRUE ],
   [ instr |->
         [ ind |-> 5692,
           type |-> "IntAlu",
           r0 |-> "ra",
           r1 |-> "",
           r2 |-> "",
           addr |-> "0x105ee" ],
     done |-> TRUE,
     executed |-> TRUE ],
   [ instr |->
         [ ind |-> 5693,
           type |-> "IntAlu",
           r0 |-> "sp",
           r1 |-> "",
           r2 |-> "",
           addr |-> "0x104ee" ],
     done |-> FALSE,
     executed |-> TRUE ],
   [ instr |->
         [ ind |-> 5694,
           type |-> "MemWrite",
           r0 |-> "s0",
           r1 |-> "",
           r2 |-> "",
           addr |-> "0x104f0" ],
     done |-> FALSE,
     executed |-> TRUE ],
   [ instr |->
         [ ind |-> 5695,
           type |-> "IntAlu",
           r0 |-> "s0",
           r1 |-> "sp",
           r2 |-> "",
           addr |-> "0x104f2" ],
     done |-> FALSE,
     executed |-> FALSE ],
   [ instr |->
         [ ind |-> 5696,
           type |-> "MemWrite",
           r0 |-> "a0",
           r1 |-> "",
           r2 |-> "",
           addr |-> "0x104f4" ],
     done |-> FALSE,
     executed |-> TRUE ],
   [ instr |->
         [ ind |-> 5697,
           type |-> "MemWrite",
           r0 |-> "zero",
           r1 |-> "",
           r2 |-> "",
           addr |-> "0x104f8" ],
     done |-> FALSE,
     executed |-> TRUE ],
   [ instr |->
         [ ind |-> 5698,
           type |-> "MemWrite",
           r0 |-> "zero",
           r1 |-> "",
           r2 |-> "",
           addr |-> "0x104fc" ],
     done |-> FALSE,
     executed |-> FALSE ],
   [ instr |->
         [ ind |-> 5699,
           type |-> "IntAlu",
           r0 |-> "",
           r1 |-> "",
           r2 |-> "",
           addr |-> "0x10500" ],
     done |-> FALSE,
     executed |-> FALSE ],
   [ instr |->
         [ ind |-> 5700,
           type |-> "MemRead",
           r0 |-> "a5",
           r1 |-> "",
           r2 |-> "",
           addr |-> "0x105c4" ],
     done |-> FALSE,
     executed |-> FALSE ],
   [ instr |->
         [ ind |-> 5701,
           type |-> "IntAlu",
           r0 |-> "a4",
           r1 |-> "a5",
           r2 |-> "",
           addr |-> "0x105c8" ],
     done |-> FALSE,
     executed |-> FALSE ],
   [ instr |->
         [ ind |-> 5702,
           type |-> "IntAlu",
           r0 |-> "a5",
           r1 |-> "zero",
           r2 |-> "",
           addr |-> "0x105cc" ],
     done |-> FALSE,
     executed |-> FALSE ] >>
/\ _RS = << { [ ind |-> 5699,
       type |-> "IntAlu",
       r0 |-> "",
       r1 |-> "",
       r2 |-> "",
       addr |-> "0x10500" ],
     [ ind |-> 5701,
       type |-> "IntAlu",
       r0 |-> "a4",
       r1 |-> "a5",
       r2 |-> "",
       addr |-> "0x105c8" ],
     [ ind |-> 5702,
       type |-> "IntAlu",
       r0 |-> "a5",
       r1 |-> "zero",
       r2 |-> "",
       addr |-> "0x105cc" ] },
   { [ ind |-> 5700,
       type |-> "MemRead",
       r0 |-> "a5",
       r1 |-> "",
       r2 |-> "",
       addr |-> "0x105c4" ] },
   {},
   {},
   {} >>
/\ currCycle = 8
/\ exec_inst = 1
/\ robHead2 = 7
/\ pc = 24
/\ rob2 = << [ instr |->
         [ ind |-> 5687,
           type |-> "IntAlu",
           r0 |-> "sp",
           r1 |-> "",
           r2 |-> "",
           addr |-> "0x105e2" ],
     done |-> TRUE,
     executed |-> TRUE ],
   [ instr |->
         [ ind |-> 5688,
           type |-> "MemWrite",
           r0 |-> "ra",
           r1 |-> "",
           r2 |-> "",
           addr |-> "0x105e4" ],
     done |-> TRUE,
     executed |-> TRUE ],
   [ instr |->
         [ ind |-> 5689,
           type |-> "MemWrite",
           r0 |-> "s0",
           r1 |-> "",
           r2 |-> "",
           addr |-> "0x105e6" ],
     done |-> TRUE,
     executed |-> TRUE ],
   [ instr |->
         [ ind |-> 5690,
           type |-> "IntAlu",
           r0 |-> "s0",
           r1 |-> "sp",
           r2 |-> "",
           addr |-> "0x105e8" ],
     done |-> TRUE,
     executed |-> TRUE ],
   [ instr |->
         [ ind |-> 5691,
           type |-> "IntAlu",
           r0 |-> "a0",
           r1 |-> "gp",
           r2 |-> "",
           addr |-> "0x105ea" ],
     done |-> TRUE,
     executed |-> TRUE ],
   [ instr |->
         [ ind |-> 5692,
           type |-> "IntAlu",
           r0 |-> "ra",
           r1 |-> "",
           r2 |-> "",
           addr |-> "0x105ee" ],
     done |-> TRUE,
     executed |-> TRUE ],
   [ instr |->
         [ ind |-> 5693,
           type |-> "IntAlu",
           r0 |-> "sp",
           r1 |-> "",
           r2 |-> "",
           addr |-> "0x104ee" ],
     done |-> FALSE,
     executed |-> TRUE ],
   [ instr |->
         [ ind |-> 5694,
           type |-> "MemWrite",
           r0 |-> "s0",
           r1 |-> "",
           r2 |-> "",
           addr |-> "0x104f0" ],
     done |-> FALSE,
     executed |-> TRUE ],
   [ instr |->
         [ ind |-> 5695,
           type |-> "IntAlu",
           r0 |-> "s0",
           r1 |-> "sp",
           r2 |-> "",
           addr |-> "0x104f2" ],
     done |-> FALSE,
     executed |-> FALSE ],
   [ instr |->
         [ ind |-> 5696,
           type |-> "MemWrite",
           r0 |-> "a0",
           r1 |-> "",
           r2 |-> "",
           addr |-> "0x104f4" ],
     done |-> FALSE,
     executed |-> TRUE ],
   [ instr |->
         [ ind |-> 5697,
           type |-> "MemWrite",
           r0 |-> "zero",
           r1 |-> "",
           r2 |-> "",
           addr |-> "0x104f8" ],
     done |-> FALSE,
     executed |-> TRUE ],
   [ instr |->
         [ ind |-> 5698,
           type |-> "MemWrite",
           r0 |-> "zero",
           r1 |-> "",
           r2 |-> "",
           addr |-> "0x104fc" ],
     done |-> FALSE,
     executed |-> FALSE ],
   [ instr |->
         [ ind |-> 5699,
           type |-> "IntAlu",
           r0 |-> "",
           r1 |-> "",
           r2 |-> "",
           addr |-> "0x10500" ],
     done |-> FALSE,
     executed |-> FALSE ],
   [ instr |->
         [ ind |-> 5700,
           type |-> "MemRead",
           r0 |-> "a5",
           r1 |-> "",
           r2 |-> "",
           addr |-> "0x105c4" ],
     done |-> FALSE,
     executed |-> FALSE ],
   [ instr |->
         [ ind |-> 5701,
           type |-> "IntAlu",
           r0 |-> "a4",
           r1 |-> "a5",
           r2 |-> "",
           addr |-> "0x105c8" ],
     done |-> FALSE,
     executed |-> FALSE ],
   [ instr |->
         [ ind |-> 5702,
           type |-> "IntAlu",
           r0 |-> "a5",
           r1 |-> "zero",
           r2 |-> "",
           addr |-> "0x105cc" ],
     done |-> FALSE,
     executed |-> FALSE ] >>
/\ _FU = << [ instr |->
         [ ind |-> 5695,
           type |-> "IntAlu",
           r0 |-> "s0",
           r1 |-> "sp",
           r2 |-> "",
           addr |-> "0x104f2" ],
     baseLat |-> 1,
     currLat |-> 1 ],
   [ instr |->
         [ ind |-> 5698,
           type |-> "MemWrite",
           r0 |-> "zero",
           r1 |-> "",
           r2 |-> "",
           addr |-> "0x104fc" ],
     baseLat |-> 1,
     currLat |-> 1 ],
   [ instr |->
         [ ind |-> 0,
           type |-> "No_OpClass",
           r0 |-> "",
           r1 |-> "",
           r2 |-> "",
           addr |-> "" ],
     baseLat |-> 1,
     currLat |-> 1 ],
   [ instr |->
         [ ind |-> 0,
           type |-> "No_OpClass",
           r0 |-> "",
           r1 |-> "",
           r2 |-> "",
           addr |-> "" ],
     baseLat |-> 1,
     currLat |-> 1 ],
   [ instr |->
         [ ind |-> 0,
           type |-> "No_OpClass",
           r0 |-> "",
           r1 |-> "",
           r2 |-> "",
           addr |-> "" ],
     baseLat |-> 1,
     currLat |-> 1 ] >>

@!@!@ENDMSG 2217 @!@!@
@!@!@STARTMSG 2217:4 @!@!@
10: <Next line 52, col 9 to line 56, col 64 of module pipeline_ooo>
/\ _RS2 = << { [ ind |-> 5701,
       type |-> "IntAlu",
       r0 |-> "a4",
       r1 |-> "a5",
       r2 |-> "",
       addr |-> "0x105c8" ],
     [ ind |-> 5702,
       type |-> "IntAlu",
       r0 |-> "a5",
       r1 |-> "zero",
       r2 |-> "",
       addr |-> "0x105cc" ] },
   {},
   {},
   {},
   {} >>
/\ _COM2 = << [ ind |-> 5695,
     type |-> "IntAlu",
     r0 |-> "s0",
     r1 |-> "sp",
     r2 |-> "",
     addr |-> "0x104f2" ],
   [ ind |-> 5696,
     type |-> "MemWrite",
     r0 |-> "a0",
     r1 |-> "",
     r2 |-> "",
     addr |-> "0x104f4" ],
   [ ind |-> 5697,
     type |-> "MemWrite",
     r0 |-> "zero",
     r1 |-> "",
     r2 |-> "",
     addr |-> "0x104f8" ],
   [ ind |-> 5698,
     type |-> "MemWrite",
     r0 |-> "zero",
     r1 |-> "",
     r2 |-> "",
     addr |-> "0x104fc" ] >>
/\ _ID = << [ ind |-> 5703,
     type |-> "IntAlu",
     r0 |-> "a5",
     r1 |-> "a4",
     r2 |-> "",
     addr |-> "0x105d0" ],
   [ ind |-> 5704,
     type |-> "IntAlu",
     r0 |-> "a5",
     r1 |-> "",
     r2 |-> "",
     addr |-> "0x10502" ],
   [ ind |-> 5705,
     type |-> "MemWrite",
     r0 |-> "a5",
     r1 |-> "",
     r2 |-> "",
     addr |-> "0x10504" ],
   [ ind |-> 5706,
     type |-> "MemWrite",
     r0 |-> "zero",
     r1 |-> "",
     r2 |-> "",
     addr |-> "0x10508" ] >>
/\ _IF = << [ instr |->
         [ ind |-> 5707,
           type |-> "IntAlu",
           r0 |-> "",
           r1 |-> "",
           r2 |-> "",
           addr |-> "0x1050c" ],
     baseLat |-> 1,
     currLat |-> 3 ],
   [ instr |->
         [ ind |-> 5708,
           type |-> "MemRead",
           r0 |-> "a5",
           r1 |-> "",
           r2 |-> "",
           addr |-> "0x1059e" ],
     baseLat |-> 1,
     currLat |-> 3 ],
   [ instr |->
         [ ind |-> 5709,
           type |-> "IntAlu",
           r0 |-> "a4",
           r1 |-> "a5",
           r2 |-> "",
           addr |-> "0x105a2" ],
     baseLat |-> 1,
     currLat |-> 3 ],
   [ instr |->
         [ ind |-> 5710,
           type |-> "IntAlu",
           r0 |-> "a5",
           r1 |-> "zero",
           r2 |-> "",
           addr |-> "0x105a6" ],
     baseLat |-> 1,
     currLat |-> 3 ] >>
/\ _FU2 = << [ instr |->
         [ ind |-> 5699,
           type |-> "IntAlu",
           r0 |-> "",
           r1 |-> "",
           r2 |-> "",
           addr |-> "0x10500" ],
     baseLat |-> 1,
     currLat |-> 1 ],
   [ instr |->
         [ ind |-> 5700,
           type |-> "MemRead",
           r0 |-> "a5",
           r1 |-> "",
           r2 |-> "",
           addr |-> "0x105c4" ],
     baseLat |-> 1,
     currLat |-> 1 ],
   [ instr |->
         [ ind |-> 0,
           type |-> "No_OpClass",
           r0 |-> "",
           r1 |-> "",
           r2 |-> "",
           addr |-> "" ],
     baseLat |-> 1,
     currLat |-> 1 ],
   [ instr |->
         [ ind |-> 0,
           type |-> "No_OpClass",
           r0 |-> "",
           r1 |-> "",
           r2 |-> "",
           addr |-> "" ],
     baseLat |-> 1,
     currLat |-> 1 ],
   [ instr |->
         [ ind |-> 0,
           type |-> "No_OpClass",
           r0 |-> "",
           r1 |-> "",
           r2 |-> "",
           addr |-> "" ],
     baseLat |-> 1,
     currLat |-> 1 ] >>
/\ _COM = << [ ind |-> 5695,
     type |-> "IntAlu",
     r0 |-> "s0",
     r1 |-> "sp",
     r2 |-> "",
     addr |-> "0x104f2" ],
   [ ind |-> 5696,
     type |-> "MemWrite",
     r0 |-> "a0",
     r1 |-> "",
     r2 |-> "",
     addr |-> "0x104f4" ],
   [ ind |-> 5697,
     type |-> "MemWrite",
     r0 |-> "zero",
     r1 |-> "",
     r2 |-> "",
     addr |-> "0x104f8" ],
   [ ind |-> 5698,
     type |-> "MemWrite",
     r0 |-> "zero",
     r1 |-> "",
     r2 |-> "",
     addr |-> "0x104fc" ] >>
/\ exec_inst2 = 2
/\ _ID2 = << [ ind |-> 5703,
     type |-> "IntAlu",
     r0 |-> "a5",
     r1 |-> "a4",
     r2 |-> "",
     addr |-> "0x105d0" ],
   [ ind |-> 5704,
     type |-> "IntAlu",
     r0 |-> "a5",
     r1 |-> "",
     r2 |-> "",
     addr |-> "0x10502" ],
   [ ind |-> 5705,
     type |-> "MemWrite",
     r0 |-> "a5",
     r1 |-> "",
     r2 |-> "",
     addr |-> "0x10504" ],
   [ ind |-> 5706,
     type |-> "MemWrite",
     r0 |-> "zero",
     r1 |-> "",
     r2 |-> "",
     addr |-> "0x10508" ] >>
/\ graph = [ nodes |->
      << [ ind |-> 5687,
           addr |-> "0x105e2",
           COM |-> 4,
           IFacq |-> 1,
           IFrel |-> 2,
           IDacq |-> 2,
           IDrel |-> 3,
           FUacq |-> 3,
           FUrel |-> 4,
           ROB |-> 2,
           RS |-> 2,
           FU |-> 1 ],
         [ ind |-> 5688,
           addr |-> "0x105e4",
           COM |-> 4,
           IFacq |-> 1,
           IFrel |-> 2,
           IDacq |-> 2,
           IDrel |-> 3,
           FUacq |-> 3,
           FUrel |-> 4,
           ROB |-> 2,
           RS |-> 2,
           FU |-> 2 ],
         [ ind |-> 5689,
           addr |-> "0x105e6",
           COM |-> 5,
           IFacq |-> 1,
           IFrel |-> 2,
           IDacq |-> 2,
           IDrel |-> 3,
           FUacq |-> 4,
           FUrel |-> 5,
           ROB |-> 2,
           RS |-> 2,
           FU |-> 2 ],
         [ ind |-> 5690,
           addr |-> "0x105e8",
           COM |-> 5,
           IFacq |-> 1,
           IFrel |-> 2,
           IDacq |-> 2,
           IDrel |-> 3,
           FUacq |-> 4,
           FUrel |-> 5,
           ROB |-> 2,
           RS |-> 2,
           FU |-> 1 ],
         [ ind |-> 5691,
           addr |-> "0x105ea",
           COM |-> 6,
           IFacq |-> 2,
           IFrel |-> 3,
           IDacq |-> 3,
           IDrel |-> 4,
           FUacq |-> 5,
           FUrel |-> 6,
           ROB |-> 3,
           RS |-> 3,
           FU |-> 1 ],
         [ ind |-> 5692,
           addr |-> "0x105ee",
           COM |-> 7,
           IFacq |-> 2,
           IFrel |-> 3,
           IDacq |-> 3,
           IDrel |-> 4,
           FUacq |-> 6,
           FUrel |-> 7,
           ROB |-> 3,
           RS |-> 3,
           FU |-> 1 ],
         [ ind |-> 5693,
           addr |-> "0x104ee",
           COM |-> 8,
           IFacq |-> 2,
           IFrel |-> 3,
           IDacq |-> 3,
           IDrel |-> 4,
           FUacq |-> 7,
           FUrel |-> 8,
           ROB |-> 3,
           RS |-> 3,
           FU |-> 1 ],
         [ ind |-> 5694,
           addr |-> "0x104f0",
           COM |-> 8,
           IFacq |-> 2,
           IFrel |-> 3,
           IDacq |-> 3,
           IDrel |-> 4,
           FUacq |-> 5,
           FUrel |-> 6,
           ROB |-> 3,
           RS |-> 3,
           FU |-> 2 ],
         [ ind |-> 5695,
           addr |-> "0x104f2",
           COM |-> 0,
           IFacq |-> 3,
           IFrel |-> 4,
           IDacq |-> 4,
           IDrel |-> 5,
           FUacq |-> 8,
           FUrel |-> 9,
           ROB |-> 4,
           RS |-> 4,
           FU |-> 1 ],
         [ ind |-> 5696,
           addr |-> "0x104f4",
           COM |-> 0,
           IFacq |-> 3,
           IFrel |-> 4,
           IDacq |-> 4,
           IDrel |-> 5,
           FUacq |-> 6,
           FUrel |-> 7,
           ROB |-> 4,
           RS |-> 4,
           FU |-> 2 ],
         [ ind |-> 5697,
           addr |-> "0x104f8",
           COM |-> 0,
           IFacq |-> 3,
           IFrel |-> 4,
           IDacq |-> 4,
           IDrel |-> 5,
           FUacq |-> 7,
           FUrel |-> 8,
           ROB |-> 4,
           RS |-> 4,
           FU |-> 2 ],
         [ ind |-> 5698,
           addr |-> "0x104fc",
           COM |-> 0,
           IFacq |-> 3,
           IFrel |-> 4,
           IDacq |-> 4,
           IDrel |-> 5,
           FUacq |-> 8,
           FUrel |-> 9,
           ROB |-> 4,
           RS |-> 4,
           FU |-> 2 ],
         [ ind |-> 5699,
           addr |-> "0x10500",
           COM |-> 0,
           IFacq |-> 4,
           IFrel |-> 5,
           IDacq |-> 5,
           IDrel |-> 7,
           FUacq |-> 0,
           FUrel |-> 0,
           ROB |-> 6,
           RS |-> 6,
           FU |-> 0 ],
         [ ind |-> 5700,
           addr |-> "0x105c4",
           COM |-> 0,
           IFacq |-> 4,
           IFrel |-> 5,
           IDacq |-> 5,
           IDrel |-> 7,
           FUacq |-> 0,
           FUrel |-> 0,
           ROB |-> 6,
           RS |-> 6,
           FU |-> 0 ],
         [ ind |-> 5701,
           addr |-> "0x105c8",
           COM |-> 0,
           IFacq |-> 4,
           IFrel |-> 5,
           IDacq |-> 5,
           IDrel |-> 7,
           FUacq |-> 0,
           FUrel |-> 0,
           ROB |-> 6,
           RS |-> 6,
           FU |-> 0 ],
         [ ind |-> 5702,
           addr |-> "0x105cc",
           COM |-> 0,
           IFacq |-> 4,
           IFrel |-> 5,
           IDacq |-> 5,
           IDrel |-> 7,
           FUacq |-> 0,
           FUrel |-> 0,
           ROB |-> 6,
           RS |-> 6,
           FU |-> 0 ],
         [ ind |-> 5703,
           addr |-> "0x105d0",
           COM |-> 0,
           IFacq |-> 5,
           IFrel |-> 6,
           IDacq |-> 7,
           IDrel |-> 0,
           FUacq |-> 0,
           FUrel |-> 0,
           ROB |-> 0,
           RS |-> 8,
           FU |-> 0 ],
         [ ind |-> 5704,
           addr |-> "0x10502",
           COM |-> 0,
           IFacq |-> 5,
           IFrel |-> 6,
           IDacq |-> 7,
           IDrel |-> 0,
           FUacq |-> 0,
           FUrel |-> 0,
           ROB |-> 0,
           RS |-> 8,
           FU |-> 0 ],
         [ ind |-> 5705,
           addr |-> "0x10504",
           COM |-> 0,
           IFacq |-> 5,
           IFrel |-> 6,
           IDacq |-> 7,
           IDrel |-> 0,
           FUacq |-> 0,
           FUrel |-> 0,
           ROB |-> 0,
           RS |-> 8,
           FU |-> 0 ],
         [ ind |-> 5706,
           addr |-> "0x10508",
           COM |-> 0,
           IFacq |-> 5,
           IFrel |-> 6,
           IDacq |-> 7,
           IDrel |-> 0,
           FUacq |-> 0,
           FUrel |-> 0,
           ROB |-> 0,
           RS |-> 8,
           FU |-> 0 ],
         [ ind |-> 5707,
           addr |-> "0x1050c",
           COM |-> 0,
           IFacq |-> 7,
           IFrel |-> 8,
           IDacq |-> 0,
           IDrel |-> 0,
           FUacq |-> 0,
           FUrel |-> 0,
           ROB |-> 0,
           RS |-> 0,
           FU |-> 0 ],
         [ ind |-> 5708,
           addr |-> "0x1059e",
           COM |-> 0,
           IFacq |-> 7,
           IFrel |-> 8,
           IDacq |-> 0,
           IDrel |-> 0,
           FUacq |-> 0,
           FUrel |-> 0,
           ROB |-> 0,
           RS |-> 0,
           FU |-> 0 ],
         [ ind |-> 5709,
           addr |-> "0x105a2",
           COM |-> 0,
           IFacq |-> 7,
           IFrel |-> 8,
           IDacq |-> 0,
           IDrel |-> 0,
           FUacq |-> 0,
           FUrel |-> 0,
           ROB |-> 0,
           RS |-> 0,
           FU |-> 0 ],
         [ ind |-> 5710,
           addr |-> "0x105a6",
           COM |-> 0,
           IFacq |-> 7,
           IFrel |-> 8,
           IDacq |-> 0,
           IDrel |-> 0,
           FUacq |-> 0,
           FUrel |-> 0,
           ROB |-> 0,
           RS |-> 0,
           FU |-> 0 ] >>,
  edges |->
      { [type |-> "D", source |-> 5687, dest |-> 5690],
        [type |-> "D", source |-> 5693, dest |-> 5695] } ]
/\ currCycle2 = 9
/\ _IF2 = << [ instr |->
         [ ind |-> 5707,
           type |-> "IntAlu",
           r0 |-> "",
           r1 |-> "",
           r2 |-> "",
           addr |-> "0x1050c" ],
     baseLat |-> 1,
     currLat |-> 3 ],
   [ instr |->
         [ ind |-> 5708,
           type |-> "MemRead",
           r0 |-> "a5",
           r1 |-> "",
           r2 |-> "",
           addr |-> "0x1059e" ],
     baseLat |-> 1,
     currLat |-> 3 ],
   [ instr |->
         [ ind |-> 5709,
           type |-> "IntAlu",
           r0 |-> "a4",
           r1 |-> "a5",
           r2 |-> "",
           addr |-> "0x105a2" ],
     baseLat |-> 1,
     currLat |-> 3 ],
   [ instr |->
         [ ind |-> 5710,
           type |-> "IntAlu",
           r0 |-> "a5",
           r1 |-> "zero",
           r2 |-> "",
           addr |-> "0x105a6" ],
     baseLat |-> 1,
     currLat |-> 3 ] >>
/\ lastBound = 0
/\ graph2 = [ nodes |->
      << [ ind |-> 5687,
           addr |-> "0x105e2",
           COM |-> 4,
           IFacq |-> 1,
           IFrel |-> 2,
           IDacq |-> 2,
           IDrel |-> 3,
           FUacq |-> 3,
           FUrel |-> 4,
           ROB |-> 2,
           RS |-> 2,
           FU |-> 1 ],
         [ ind |-> 5688,
           addr |-> "0x105e4",
           COM |-> 4,
           IFacq |-> 1,
           IFrel |-> 2,
           IDacq |-> 2,
           IDrel |-> 3,
           FUacq |-> 3,
           FUrel |-> 4,
           ROB |-> 2,
           RS |-> 2,
           FU |-> 2 ],
         [ ind |-> 5689,
           addr |-> "0x105e6",
           COM |-> 5,
           IFacq |-> 1,
           IFrel |-> 2,
           IDacq |-> 2,
           IDrel |-> 3,
           FUacq |-> 4,
           FUrel |-> 5,
           ROB |-> 2,
           RS |-> 2,
           FU |-> 2 ],
         [ ind |-> 5690,
           addr |-> "0x105e8",
           COM |-> 5,
           IFacq |-> 1,
           IFrel |-> 2,
           IDacq |-> 2,
           IDrel |-> 3,
           FUacq |-> 4,
           FUrel |-> 5,
           ROB |-> 2,
           RS |-> 2,
           FU |-> 1 ],
         [ ind |-> 5691,
           addr |-> "0x105ea",
           COM |-> 6,
           IFacq |-> 2,
           IFrel |-> 3,
           IDacq |-> 3,
           IDrel |-> 4,
           FUacq |-> 5,
           FUrel |-> 6,
           ROB |-> 3,
           RS |-> 3,
           FU |-> 1 ],
         [ ind |-> 5692,
           addr |-> "0x105ee",
           COM |-> 7,
           IFacq |-> 2,
           IFrel |-> 3,
           IDacq |-> 3,
           IDrel |-> 4,
           FUacq |-> 6,
           FUrel |-> 7,
           ROB |-> 3,
           RS |-> 3,
           FU |-> 1 ],
         [ ind |-> 5693,
           addr |-> "0x104ee",
           COM |-> 8,
           IFacq |-> 2,
           IFrel |-> 3,
           IDacq |-> 3,
           IDrel |-> 4,
           FUacq |-> 7,
           FUrel |-> 8,
           ROB |-> 3,
           RS |-> 3,
           FU |-> 1 ],
         [ ind |-> 5694,
           addr |-> "0x104f0",
           COM |-> 8,
           IFacq |-> 2,
           IFrel |-> 3,
           IDacq |-> 3,
           IDrel |-> 4,
           FUacq |-> 5,
           FUrel |-> 6,
           ROB |-> 3,
           RS |-> 3,
           FU |-> 2 ],
         [ ind |-> 5695,
           addr |-> "0x104f2",
           COM |-> 0,
           IFacq |-> 3,
           IFrel |-> 4,
           IDacq |-> 4,
           IDrel |-> 5,
           FUacq |-> 8,
           FUrel |-> 9,
           ROB |-> 4,
           RS |-> 4,
           FU |-> 1 ],
         [ ind |-> 5696,
           addr |-> "0x104f4",
           COM |-> 0,
           IFacq |-> 3,
           IFrel |-> 4,
           IDacq |-> 4,
           IDrel |-> 5,
           FUacq |-> 6,
           FUrel |-> 7,
           ROB |-> 4,
           RS |-> 4,
           FU |-> 2 ],
         [ ind |-> 5697,
           addr |-> "0x104f8",
           COM |-> 0,
           IFacq |-> 3,
           IFrel |-> 4,
           IDacq |-> 4,
           IDrel |-> 5,
           FUacq |-> 7,
           FUrel |-> 8,
           ROB |-> 4,
           RS |-> 4,
           FU |-> 2 ],
         [ ind |-> 5698,
           addr |-> "0x104fc",
           COM |-> 0,
           IFacq |-> 3,
           IFrel |-> 4,
           IDacq |-> 4,
           IDrel |-> 5,
           FUacq |-> 8,
           FUrel |-> 9,
           ROB |-> 4,
           RS |-> 4,
           FU |-> 2 ],
         [ ind |-> 5699,
           addr |-> "0x10500",
           COM |-> 0,
           IFacq |-> 4,
           IFrel |-> 5,
           IDacq |-> 5,
           IDrel |-> 7,
           FUacq |-> 0,
           FUrel |-> 0,
           ROB |-> 6,
           RS |-> 6,
           FU |-> 0 ],
         [ ind |-> 5700,
           addr |-> "0x105c4",
           COM |-> 0,
           IFacq |-> 4,
           IFrel |-> 5,
           IDacq |-> 5,
           IDrel |-> 7,
           FUacq |-> 0,
           FUrel |-> 0,
           ROB |-> 6,
           RS |-> 6,
           FU |-> 0 ],
         [ ind |-> 5701,
           addr |-> "0x105c8",
           COM |-> 0,
           IFacq |-> 4,
           IFrel |-> 5,
           IDacq |-> 5,
           IDrel |-> 7,
           FUacq |-> 0,
           FUrel |-> 0,
           ROB |-> 6,
           RS |-> 6,
           FU |-> 0 ],
         [ ind |-> 5702,
           addr |-> "0x105cc",
           COM |-> 0,
           IFacq |-> 4,
           IFrel |-> 5,
           IDacq |-> 5,
           IDrel |-> 7,
           FUacq |-> 0,
           FUrel |-> 0,
           ROB |-> 6,
           RS |-> 6,
           FU |-> 0 ],
         [ ind |-> 5703,
           addr |-> "0x105d0",
           COM |-> 0,
           IFacq |-> 5,
           IFrel |-> 6,
           IDacq |-> 7,
           IDrel |-> 0,
           FUacq |-> 0,
           FUrel |-> 0,
           ROB |-> 0,
           RS |-> 8,
           FU |-> 0 ],
         [ ind |-> 5704,
           addr |-> "0x10502",
           COM |-> 0,
           IFacq |-> 5,
           IFrel |-> 6,
           IDacq |-> 7,
           IDrel |-> 0,
           FUacq |-> 0,
           FUrel |-> 0,
           ROB |-> 0,
           RS |-> 8,
           FU |-> 0 ],
         [ ind |-> 5705,
           addr |-> "0x10504",
           COM |-> 0,
           IFacq |-> 5,
           IFrel |-> 6,
           IDacq |-> 7,
           IDrel |-> 0,
           FUacq |-> 0,
           FUrel |-> 0,
           ROB |-> 0,
           RS |-> 8,
           FU |-> 0 ],
         [ ind |-> 5706,
           addr |-> "0x10508",
           COM |-> 0,
           IFacq |-> 5,
           IFrel |-> 6,
           IDacq |-> 7,
           IDrel |-> 0,
           FUacq |-> 0,
           FUrel |-> 0,
           ROB |-> 0,
           RS |-> 8,
           FU |-> 0 ],
         [ ind |-> 5707,
           addr |-> "0x1050c",
           COM |-> 0,
           IFacq |-> 7,
           IFrel |-> 8,
           IDacq |-> 0,
           IDrel |-> 0,
           FUacq |-> 0,
           FUrel |-> 0,
           ROB |-> 0,
           RS |-> 0,
           FU |-> 0 ],
         [ ind |-> 5708,
           addr |-> "0x1059e",
           COM |-> 0,
           IFacq |-> 7,
           IFrel |-> 8,
           IDacq |-> 0,
           IDrel |-> 0,
           FUacq |-> 0,
           FUrel |-> 0,
           ROB |-> 0,
           RS |-> 0,
           FU |-> 0 ],
         [ ind |-> 5709,
           addr |-> "0x105a2",
           COM |-> 0,
           IFacq |-> 7,
           IFrel |-> 8,
           IDacq |-> 0,
           IDrel |-> 0,
           FUacq |-> 0,
           FUrel |-> 0,
           ROB |-> 0,
           RS |-> 0,
           FU |-> 0 ],
         [ ind |-> 5710,
           addr |-> "0x105a6",
           COM |-> 0,
           IFacq |-> 7,
           IFrel |-> 8,
           IDacq |-> 0,
           IDrel |-> 0,
           FUacq |-> 0,
           FUrel |-> 0,
           ROB |-> 0,
           RS |-> 0,
           FU |-> 0 ] >>,
  edges |->
      { [type |-> "D", source |-> 5687, dest |-> 5690],
        [type |-> "D", source |-> 5693, dest |-> 5695] } ]
/\ pc2 = 24
/\ robHead = 9
/\ rob = << [ instr |->
         [ ind |-> 5687,
           type |-> "IntAlu",
           r0 |-> "sp",
           r1 |-> "",
           r2 |-> "",
           addr |-> "0x105e2" ],
     done |-> TRUE,
     executed |-> TRUE ],
   [ instr |->
         [ ind |-> 5688,
           type |-> "MemWrite",
           r0 |-> "ra",
           r1 |-> "",
           r2 |-> "",
           addr |-> "0x105e4" ],
     done |-> TRUE,
     executed |-> TRUE ],
   [ instr |->
         [ ind |-> 5689,
           type |-> "MemWrite",
           r0 |-> "s0",
           r1 |-> "",
           r2 |-> "",
           addr |-> "0x105e6" ],
     done |-> TRUE,
     executed |-> TRUE ],
   [ instr |->
         [ ind |-> 5690,
           type |-> "IntAlu",
           r0 |-> "s0",
           r1 |-> "sp",
           r2 |-> "",
           addr |-> "0x105e8" ],
     done |-> TRUE,
     executed |-> TRUE ],
   [ instr |->
         [ ind |-> 5691,
           type |-> "IntAlu",
           r0 |-> "a0",
           r1 |-> "gp",
           r2 |-> "",
           addr |-> "0x105ea" ],
     done |-> TRUE,
     executed |-> TRUE ],
   [ instr |->
         [ ind |-> 5692,
           type |-> "IntAlu",
           r0 |-> "ra",
           r1 |-> "",
           r2 |-> "",
           addr |-> "0x105ee" ],
     done |-> TRUE,
     executed |-> TRUE ],
   [ instr |->
         [ ind |-> 5693,
           type |-> "IntAlu",
           r0 |-> "sp",
           r1 |-> "",
           r2 |-> "",
           addr |-> "0x104ee" ],
     done |-> TRUE,
     executed |-> TRUE ],
   [ instr |->
         [ ind |-> 5694,
           type |-> "MemWrite",
           r0 |-> "s0",
           r1 |-> "",
           r2 |-> "",
           addr |-> "0x104f0" ],
     done |-> TRUE,
     executed |-> TRUE ],
   [ instr |->
         [ ind |-> 5695,
           type |-> "IntAlu",
           r0 |-> "s0",
           r1 |-> "sp",
           r2 |-> "",
           addr |-> "0x104f2" ],
     done |-> FALSE,
     executed |-> TRUE ],
   [ instr |->
         [ ind |-> 5696,
           type |-> "MemWrite",
           r0 |-> "a0",
           r1 |-> "",
           r2 |-> "",
           addr |-> "0x104f4" ],
     done |-> FALSE,
     executed |-> TRUE ],
   [ instr |->
         [ ind |-> 5697,
           type |-> "MemWrite",
           r0 |-> "zero",
           r1 |-> "",
           r2 |-> "",
           addr |-> "0x104f8" ],
     done |-> FALSE,
     executed |-> TRUE ],
   [ instr |->
         [ ind |-> 5698,
           type |-> "MemWrite",
           r0 |-> "zero",
           r1 |-> "",
           r2 |-> "",
           addr |-> "0x104fc" ],
     done |-> FALSE,
     executed |-> TRUE ],
   [ instr |->
         [ ind |-> 5699,
           type |-> "IntAlu",
           r0 |-> "",
           r1 |-> "",
           r2 |-> "",
           addr |-> "0x10500" ],
     done |-> FALSE,
     executed |-> FALSE ],
   [ instr |->
         [ ind |-> 5700,
           type |-> "MemRead",
           r0 |-> "a5",
           r1 |-> "",
           r2 |-> "",
           addr |-> "0x105c4" ],
     done |-> FALSE,
     executed |-> FALSE ],
   [ instr |->
         [ ind |-> 5701,
           type |-> "IntAlu",
           r0 |-> "a4",
           r1 |-> "a5",
           r2 |-> "",
           addr |-> "0x105c8" ],
     done |-> FALSE,
     executed |-> FALSE ],
   [ instr |->
         [ ind |-> 5702,
           type |-> "IntAlu",
           r0 |-> "a5",
           r1 |-> "zero",
           r2 |-> "",
           addr |-> "0x105cc" ],
     done |-> FALSE,
     executed |-> FALSE ] >>
/\ _RS = << { [ ind |-> 5701,
       type |-> "IntAlu",
       r0 |-> "a4",
       r1 |-> "a5",
       r2 |-> "",
       addr |-> "0x105c8" ],
     [ ind |-> 5702,
       type |-> "IntAlu",
       r0 |-> "a5",
       r1 |-> "zero",
       r2 |-> "",
       addr |-> "0x105cc" ] },
   {},
   {},
   {},
   {} >>
/\ currCycle = 9
/\ exec_inst = 1
/\ robHead2 = 9
/\ pc = 24
/\ rob2 = << [ instr |->
         [ ind |-> 5687,
           type |-> "IntAlu",
           r0 |-> "sp",
           r1 |-> "",
           r2 |-> "",
           addr |-> "0x105e2" ],
     done |-> TRUE,
     executed |-> TRUE ],
   [ instr |->
         [ ind |-> 5688,
           type |-> "MemWrite",
           r0 |-> "ra",
           r1 |-> "",
           r2 |-> "",
           addr |-> "0x105e4" ],
     done |-> TRUE,
     executed |-> TRUE ],
   [ instr |->
         [ ind |-> 5689,
           type |-> "MemWrite",
           r0 |-> "s0",
           r1 |-> "",
           r2 |-> "",
           addr |-> "0x105e6" ],
     done |-> TRUE,
     executed |-> TRUE ],
   [ instr |->
         [ ind |-> 5690,
           type |-> "IntAlu",
           r0 |-> "s0",
           r1 |-> "sp",
           r2 |-> "",
           addr |-> "0x105e8" ],
     done |-> TRUE,
     executed |-> TRUE ],
   [ instr |->
         [ ind |-> 5691,
           type |-> "IntAlu",
           r0 |-> "a0",
           r1 |-> "gp",
           r2 |-> "",
           addr |-> "0x105ea" ],
     done |-> TRUE,
     executed |-> TRUE ],
   [ instr |->
         [ ind |-> 5692,
           type |-> "IntAlu",
           r0 |-> "ra",
           r1 |-> "",
           r2 |-> "",
           addr |-> "0x105ee" ],
     done |-> TRUE,
     executed |-> TRUE ],
   [ instr |->
         [ ind |-> 5693,
           type |-> "IntAlu",
           r0 |-> "sp",
           r1 |-> "",
           r2 |-> "",
           addr |-> "0x104ee" ],
     done |-> TRUE,
     executed |-> TRUE ],
   [ instr |->
         [ ind |-> 5694,
           type |-> "MemWrite",
           r0 |-> "s0",
           r1 |-> "",
           r2 |-> "",
           addr |-> "0x104f0" ],
     done |-> TRUE,
     executed |-> TRUE ],
   [ instr |->
         [ ind |-> 5695,
           type |-> "IntAlu",
           r0 |-> "s0",
           r1 |-> "sp",
           r2 |-> "",
           addr |-> "0x104f2" ],
     done |-> FALSE,
     executed |-> TRUE ],
   [ instr |->
         [ ind |-> 5696,
           type |-> "MemWrite",
           r0 |-> "a0",
           r1 |-> "",
           r2 |-> "",
           addr |-> "0x104f4" ],
     done |-> FALSE,
     executed |-> TRUE ],
   [ instr |->
         [ ind |-> 5697,
           type |-> "MemWrite",
           r0 |-> "zero",
           r1 |-> "",
           r2 |-> "",
           addr |-> "0x104f8" ],
     done |-> FALSE,
     executed |-> TRUE ],
   [ instr |->
         [ ind |-> 5698,
           type |-> "MemWrite",
           r0 |-> "zero",
           r1 |-> "",
           r2 |-> "",
           addr |-> "0x104fc" ],
     done |-> FALSE,
     executed |-> TRUE ],
   [ instr |->
         [ ind |-> 5699,
           type |-> "IntAlu",
           r0 |-> "",
           r1 |-> "",
           r2 |-> "",
           addr |-> "0x10500" ],
     done |-> FALSE,
     executed |-> FALSE ],
   [ instr |->
         [ ind |-> 5700,
           type |-> "MemRead",
           r0 |-> "a5",
           r1 |-> "",
           r2 |-> "",
           addr |-> "0x105c4" ],
     done |-> FALSE,
     executed |-> FALSE ],
   [ instr |->
         [ ind |-> 5701,
           type |-> "IntAlu",
           r0 |-> "a4",
           r1 |-> "a5",
           r2 |-> "",
           addr |-> "0x105c8" ],
     done |-> FALSE,
     executed |-> FALSE ],
   [ instr |->
         [ ind |-> 5702,
           type |-> "IntAlu",
           r0 |-> "a5",
           r1 |-> "zero",
           r2 |-> "",
           addr |-> "0x105cc" ],
     done |-> FALSE,
     executed |-> FALSE ] >>
/\ _FU = << [ instr |->
         [ ind |-> 5699,
           type |-> "IntAlu",
           r0 |-> "",
           r1 |-> "",
           r2 |-> "",
           addr |-> "0x10500" ],
     baseLat |-> 1,
     currLat |-> 1 ],
   [ instr |->
         [ ind |-> 5700,
           type |-> "MemRead",
           r0 |-> "a5",
           r1 |-> "",
           r2 |-> "",
           addr |-> "0x105c4" ],
     baseLat |-> 1,
     currLat |-> 1 ],
   [ instr |->
         [ ind |-> 0,
           type |-> "No_OpClass",
           r0 |-> "",
           r1 |-> "",
           r2 |-> "",
           addr |-> "" ],
     baseLat |-> 1,
     currLat |-> 1 ],
   [ instr |->
         [ ind |-> 0,
           type |-> "No_OpClass",
           r0 |-> "",
           r1 |-> "",
           r2 |-> "",
           addr |-> "" ],
     baseLat |-> 1,
     currLat |-> 1 ],
   [ instr |->
         [ ind |-> 0,
           type |-> "No_OpClass",
           r0 |-> "",
           r1 |-> "",
           r2 |-> "",
           addr |-> "" ],
     baseLat |-> 1,
     currLat |-> 1 ] >>

@!@!@ENDMSG 2217 @!@!@
@!@!@STARTMSG 2217:4 @!@!@
11: <Next line 52, col 9 to line 56, col 64 of module pipeline_ooo>
/\ _RS2 = << { [ ind |-> 5702,
       type |-> "IntAlu",
       r0 |-> "a5",
       r1 |-> "zero",
       r2 |-> "",
       addr |-> "0x105cc" ],
     [ ind |-> 5703,
       type |-> "IntAlu",
       r0 |-> "a5",
       r1 |-> "a4",
       r2 |-> "",
       addr |-> "0x105d0" ],
     [ ind |-> 5704,
       type |-> "IntAlu",
       r0 |-> "a5",
       r1 |-> "",
       r2 |-> "",
       addr |-> "0x10502" ] },
   { [ ind |-> 5706,
       type |-> "MemWrite",
       r0 |-> "zero",
       r1 |-> "",
       r2 |-> "",
       addr |-> "0x10508" ] },
   {},
   {},
   {} >>
/\ _COM2 = << [ ind |-> 5699,
     type |-> "IntAlu",
     r0 |-> "",
     r1 |-> "",
     r2 |-> "",
     addr |-> "0x10500" ],
   [ ind |-> 5700,
     type |-> "MemRead",
     r0 |-> "a5",
     r1 |-> "",
     r2 |-> "",
     addr |-> "0x105c4" ],
   [ ind |-> 0,
     type |-> "No_OpClass",
     r0 |-> "",
     r1 |-> "",
     r2 |-> "",
     addr |-> "" ],
   [ ind |-> 0,
     type |-> "No_OpClass",
     r0 |-> "",
     r1 |-> "",
     r2 |-> "",
     addr |-> "" ] >>
/\ _ID = << [ ind |-> 5707,
     type |-> "IntAlu",
     r0 |-> "",
     r1 |-> "",
     r2 |-> "",
     addr |-> "0x1050c" ],
   [ ind |-> 5708,
     type |-> "MemRead",
     r0 |-> "a5",
     r1 |-> "",
     r2 |-> "",
     addr |-> "0x1059e" ],
   [ ind |-> 5709,
     type |-> "IntAlu",
     r0 |-> "a4",
     r1 |-> "a5",
     r2 |-> "",
     addr |-> "0x105a2" ],
   [ ind |-> 5710,
     type |-> "IntAlu",
     r0 |-> "a5",
     r1 |-> "zero",
     r2 |-> "",
     addr |-> "0x105a6" ] >>
/\ _IF = << [ instr |->
         [ ind |-> 5711,
           type |-> "IntAlu",
           r0 |-> "a5",
           r1 |-> "a4",
           r2 |-> "",
           addr |-> "0x105aa" ],
     baseLat |-> 1,
     currLat |-> 1 ],
   [ instr |->
         [ ind |-> 5712,
           type |-> "IntAlu",
           r0 |-> "a4",
           r1 |-> "zero",
           r2 |-> "",
           addr |-> "0x1050e" ],
     baseLat |-> 1,
     currLat |-> 1 ],
   [ instr |->
         [ ind |-> 5713,
           type |-> "MemRead",
           r0 |-> "a5",
           r1 |-> "",
           r2 |-> "",
           addr |-> "0x10512" ],
     baseLat |-> 1,
     currLat |-> 1 ],
   [ instr |->
         [ ind |-> 5714,
           type |-> "IntAlu",
           r0 |-> "a5",
           r1 |-> "a4",
           r2 |-> "a5",
           addr |-> "0x10516" ],
     baseLat |-> 1,
     currLat |-> 1 ] >>
/\ _FU2 = << [ instr |->
         [ ind |-> 5701,
           type |-> "IntAlu",
           r0 |-> "a4",
           r1 |-> "a5",
           r2 |-> "",
           addr |-> "0x105c8" ],
     baseLat |-> 1,
     currLat |-> 1 ],
   [ instr |->
         [ ind |-> 5705,
           type |-> "MemWrite",
           r0 |-> "a5",
           r1 |-> "",
           r2 |-> "",
           addr |-> "0x10504" ],
     baseLat |-> 1,
     currLat |-> 1 ],
   [ instr |->
         [ ind |-> 0,
           type |-> "No_OpClass",
           r0 |-> "",
           r1 |-> "",
           r2 |-> "",
           addr |-> "" ],
     baseLat |-> 1,
     currLat |-> 1 ],
   [ instr |->
         [ ind |-> 0,
           type |-> "No_OpClass",
           r0 |-> "",
           r1 |-> "",
           r2 |-> "",
           addr |-> "" ],
     baseLat |-> 1,
     currLat |-> 1 ],
   [ instr |->
         [ ind |-> 0,
           type |-> "No_OpClass",
           r0 |-> "",
           r1 |-> "",
           r2 |-> "",
           addr |-> "" ],
     baseLat |-> 1,
     currLat |-> 1 ] >>
/\ _COM = << [ ind |-> 5699,
     type |-> "IntAlu",
     r0 |-> "",
     r1 |-> "",
     r2 |-> "",
     addr |-> "0x10500" ],
   [ ind |-> 5700,
     type |-> "MemRead",
     r0 |-> "a5",
     r1 |-> "",
     r2 |-> "",
     addr |-> "0x105c4" ],
   [ ind |-> 0,
     type |-> "No_OpClass",
     r0 |-> "",
     r1 |-> "",
     r2 |-> "",
     addr |-> "" ],
   [ ind |-> 0,
     type |-> "No_OpClass",
     r0 |-> "",
     r1 |-> "",
     r2 |-> "",
     addr |-> "" ] >>
/\ exec_inst2 = 2
/\ _ID2 = << [ ind |-> 5707,
     type |-> "IntAlu",
     r0 |-> "",
     r1 |-> "",
     r2 |-> "",
     addr |-> "0x1050c" ],
   [ ind |-> 5708,
     type |-> "MemRead",
     r0 |-> "a5",
     r1 |-> "",
     r2 |-> "",
     addr |-> "0x1059e" ],
   [ ind |-> 5709,
     type |-> "IntAlu",
     r0 |-> "a4",
     r1 |-> "a5",
     r2 |-> "",
     addr |-> "0x105a2" ],
   [ ind |-> 5710,
     type |-> "IntAlu",
     r0 |-> "a5",
     r1 |-> "zero",
     r2 |-> "",
     addr |-> "0x105a6" ] >>
/\ graph = [ nodes |->
      << [ ind |-> 5687,
           addr |-> "0x105e2",
           COM |-> 4,
           IFacq |-> 1,
           IFrel |-> 2,
           IDacq |-> 2,
           IDrel |-> 3,
           FUacq |-> 3,
           FUrel |-> 4,
           ROB |-> 2,
           RS |-> 2,
           FU |-> 1 ],
         [ ind |-> 5688,
           addr |-> "0x105e4",
           COM |-> 4,
           IFacq |-> 1,
           IFrel |-> 2,
           IDacq |-> 2,
           IDrel |-> 3,
           FUacq |-> 3,
           FUrel |-> 4,
           ROB |-> 2,
           RS |-> 2,
           FU |-> 2 ],
         [ ind |-> 5689,
           addr |-> "0x105e6",
           COM |-> 5,
           IFacq |-> 1,
           IFrel |-> 2,
           IDacq |-> 2,
           IDrel |-> 3,
           FUacq |-> 4,
           FUrel |-> 5,
           ROB |-> 2,
           RS |-> 2,
           FU |-> 2 ],
         [ ind |-> 5690,
           addr |-> "0x105e8",
           COM |-> 5,
           IFacq |-> 1,
           IFrel |-> 2,
           IDacq |-> 2,
           IDrel |-> 3,
           FUacq |-> 4,
           FUrel |-> 5,
           ROB |-> 2,
           RS |-> 2,
           FU |-> 1 ],
         [ ind |-> 5691,
           addr |-> "0x105ea",
           COM |-> 6,
           IFacq |-> 2,
           IFrel |-> 3,
           IDacq |-> 3,
           IDrel |-> 4,
           FUacq |-> 5,
           FUrel |-> 6,
           ROB |-> 3,
           RS |-> 3,
           FU |-> 1 ],
         [ ind |-> 5692,
           addr |-> "0x105ee",
           COM |-> 7,
           IFacq |-> 2,
           IFrel |-> 3,
           IDacq |-> 3,
           IDrel |-> 4,
           FUacq |-> 6,
           FUrel |-> 7,
           ROB |-> 3,
           RS |-> 3,
           FU |-> 1 ],
         [ ind |-> 5693,
           addr |-> "0x104ee",
           COM |-> 8,
           IFacq |-> 2,
           IFrel |-> 3,
           IDacq |-> 3,
           IDrel |-> 4,
           FUacq |-> 7,
           FUrel |-> 8,
           ROB |-> 3,
           RS |-> 3,
           FU |-> 1 ],
         [ ind |-> 5694,
           addr |-> "0x104f0",
           COM |-> 8,
           IFacq |-> 2,
           IFrel |-> 3,
           IDacq |-> 3,
           IDrel |-> 4,
           FUacq |-> 5,
           FUrel |-> 6,
           ROB |-> 3,
           RS |-> 3,
           FU |-> 2 ],
         [ ind |-> 5695,
           addr |-> "0x104f2",
           COM |-> 9,
           IFacq |-> 3,
           IFrel |-> 4,
           IDacq |-> 4,
           IDrel |-> 5,
           FUacq |-> 8,
           FUrel |-> 9,
           ROB |-> 4,
           RS |-> 4,
           FU |-> 1 ],
         [ ind |-> 5696,
           addr |-> "0x104f4",
           COM |-> 9,
           IFacq |-> 3,
           IFrel |-> 4,
           IDacq |-> 4,
           IDrel |-> 5,
           FUacq |-> 6,
           FUrel |-> 7,
           ROB |-> 4,
           RS |-> 4,
           FU |-> 2 ],
         [ ind |-> 5697,
           addr |-> "0x104f8",
           COM |-> 9,
           IFacq |-> 3,
           IFrel |-> 4,
           IDacq |-> 4,
           IDrel |-> 5,
           FUacq |-> 7,
           FUrel |-> 8,
           ROB |-> 4,
           RS |-> 4,
           FU |-> 2 ],
         [ ind |-> 5698,
           addr |-> "0x104fc",
           COM |-> 9,
           IFacq |-> 3,
           IFrel |-> 4,
           IDacq |-> 4,
           IDrel |-> 5,
           FUacq |-> 8,
           FUrel |-> 9,
           ROB |-> 4,
           RS |-> 4,
           FU |-> 2 ],
         [ ind |-> 5699,
           addr |-> "0x10500",
           COM |-> 0,
           IFacq |-> 4,
           IFrel |-> 5,
           IDacq |-> 5,
           IDrel |-> 7,
           FUacq |-> 9,
           FUrel |-> 10,
           ROB |-> 6,
           RS |-> 6,
           FU |-> 1 ],
         [ ind |-> 5700,
           addr |-> "0x105c4",
           COM |-> 0,
           IFacq |-> 4,
           IFrel |-> 5,
           IDacq |-> 5,
           IDrel |-> 7,
           FUacq |-> 9,
           FUrel |-> 10,
           ROB |-> 6,
           RS |-> 6,
           FU |-> 2 ],
         [ ind |-> 5701,
           addr |-> "0x105c8",
           COM |-> 0,
           IFacq |-> 4,
           IFrel |-> 5,
           IDacq |-> 5,
           IDrel |-> 7,
           FUacq |-> 0,
           FUrel |-> 0,
           ROB |-> 6,
           RS |-> 6,
           FU |-> 0 ],
         [ ind |-> 5702,
           addr |-> "0x105cc",
           COM |-> 0,
           IFacq |-> 4,
           IFrel |-> 5,
           IDacq |-> 5,
           IDrel |-> 7,
           FUacq |-> 0,
           FUrel |-> 0,
           ROB |-> 6,
           RS |-> 6,
           FU |-> 0 ],
         [ ind |-> 5703,
           addr |-> "0x105d0",
           COM |-> 0,
           IFacq |-> 5,
           IFrel |-> 6,
           IDacq |-> 7,
           IDrel |-> 10,
           FUacq |-> 0,
           FUrel |-> 0,
           ROB |-> 9,
           RS |-> 9,
           FU |-> 0 ],
         [ ind |-> 5704,
           addr |-> "0x10502",
           COM |-> 0,
           IFacq |-> 5,
           IFrel |-> 6,
           IDacq |-> 7,
           IDrel |-> 10,
           FUacq |-> 0,
           FUrel |-> 0,
           ROB |-> 9,
           RS |-> 9,
           FU |-> 0 ],
         [ ind |-> 5705,
           addr |-> "0x10504",
           COM |-> 0,
           IFacq |-> 5,
           IFrel |-> 6,
           IDacq |-> 7,
           IDrel |-> 10,
           FUacq |-> 0,
           FUrel |-> 0,
           ROB |-> 9,
           RS |-> 9,
           FU |-> 0 ],
         [ ind |-> 5706,
           addr |-> "0x10508",
           COM |-> 0,
           IFacq |-> 5,
           IFrel |-> 6,
           IDacq |-> 7,
           IDrel |-> 10,
           FUacq |-> 0,
           FUrel |-> 0,
           ROB |-> 9,
           RS |-> 9,
           FU |-> 0 ],
         [ ind |-> 5707,
           addr |-> "0x1050c",
           COM |-> 0,
           IFacq |-> 7,
           IFrel |-> 8,
           IDacq |-> 0,
           IDrel |-> 0,
           FUacq |-> 0,
           FUrel |-> 0,
           ROB |-> 0,
           RS |-> 0,
           FU |-> 0 ],
         [ ind |-> 5708,
           addr |-> "0x1059e",
           COM |-> 0,
           IFacq |-> 7,
           IFrel |-> 8,
           IDacq |-> 0,
           IDrel |-> 0,
           FUacq |-> 0,
           FUrel |-> 0,
           ROB |-> 0,
           RS |-> 0,
           FU |-> 0 ],
         [ ind |-> 5709,
           addr |-> "0x105a2",
           COM |-> 0,
           IFacq |-> 7,
           IFrel |-> 8,
           IDacq |-> 0,
           IDrel |-> 0,
           FUacq |-> 0,
           FUrel |-> 0,
           ROB |-> 0,
           RS |-> 0,
           FU |-> 0 ],
         [ ind |-> 5710,
           addr |-> "0x105a6",
           COM |-> 0,
           IFacq |-> 7,
           IFrel |-> 8,
           IDacq |-> 0,
           IDrel |-> 0,
           FUacq |-> 0,
           FUrel |-> 0,
           ROB |-> 0,
           RS |-> 0,
           FU |-> 0 ] >>,
  edges |->
      { [type |-> "D", source |-> 5687, dest |-> 5690],
        [type |-> "D", source |-> 5693, dest |-> 5695] } ]
/\ currCycle2 = 10
/\ _IF2 = << [ instr |->
         [ ind |-> 5711,
           type |-> "IntAlu",
           r0 |-> "a5",
           r1 |-> "a4",
           r2 |-> "",
           addr |-> "0x105aa" ],
     baseLat |-> 1,
     currLat |-> 1 ],
   [ instr |->
         [ ind |-> 5712,
           type |-> "IntAlu",
           r0 |-> "a4",
           r1 |-> "zero",
           r2 |-> "",
           addr |-> "0x1050e" ],
     baseLat |-> 1,
     currLat |-> 1 ],
   [ instr |->
         [ ind |-> 5713,
           type |-> "MemRead",
           r0 |-> "a5",
           r1 |-> "",
           r2 |-> "",
           addr |-> "0x10512" ],
     baseLat |-> 1,
     currLat |-> 1 ],
   [ instr |->
         [ ind |-> 5714,
           type |-> "IntAlu",
           r0 |-> "a5",
           r1 |-> "a4",
           r2 |-> "a5",
           addr |-> "0x10516" ],
     baseLat |-> 1,
     currLat |-> 1 ] >>
/\ lastBound = 0
/\ graph2 = [ nodes |->
      << [ ind |-> 5687,
           addr |-> "0x105e2",
           COM |-> 4,
           IFacq |-> 1,
           IFrel |-> 2,
           IDacq |-> 2,
           IDrel |-> 3,
           FUacq |-> 3,
           FUrel |-> 4,
           ROB |-> 2,
           RS |-> 2,
           FU |-> 1 ],
         [ ind |-> 5688,
           addr |-> "0x105e4",
           COM |-> 4,
           IFacq |-> 1,
           IFrel |-> 2,
           IDacq |-> 2,
           IDrel |-> 3,
           FUacq |-> 3,
           FUrel |-> 4,
           ROB |-> 2,
           RS |-> 2,
           FU |-> 2 ],
         [ ind |-> 5689,
           addr |-> "0x105e6",
           COM |-> 5,
           IFacq |-> 1,
           IFrel |-> 2,
           IDacq |-> 2,
           IDrel |-> 3,
           FUacq |-> 4,
           FUrel |-> 5,
           ROB |-> 2,
           RS |-> 2,
           FU |-> 2 ],
         [ ind |-> 5690,
           addr |-> "0x105e8",
           COM |-> 5,
           IFacq |-> 1,
           IFrel |-> 2,
           IDacq |-> 2,
           IDrel |-> 3,
           FUacq |-> 4,
           FUrel |-> 5,
           ROB |-> 2,
           RS |-> 2,
           FU |-> 1 ],
         [ ind |-> 5691,
           addr |-> "0x105ea",
           COM |-> 6,
           IFacq |-> 2,
           IFrel |-> 3,
           IDacq |-> 3,
           IDrel |-> 4,
           FUacq |-> 5,
           FUrel |-> 6,
           ROB |-> 3,
           RS |-> 3,
           FU |-> 1 ],
         [ ind |-> 5692,
           addr |-> "0x105ee",
           COM |-> 7,
           IFacq |-> 2,
           IFrel |-> 3,
           IDacq |-> 3,
           IDrel |-> 4,
           FUacq |-> 6,
           FUrel |-> 7,
           ROB |-> 3,
           RS |-> 3,
           FU |-> 1 ],
         [ ind |-> 5693,
           addr |-> "0x104ee",
           COM |-> 8,
           IFacq |-> 2,
           IFrel |-> 3,
           IDacq |-> 3,
           IDrel |-> 4,
           FUacq |-> 7,
           FUrel |-> 8,
           ROB |-> 3,
           RS |-> 3,
           FU |-> 1 ],
         [ ind |-> 5694,
           addr |-> "0x104f0",
           COM |-> 8,
           IFacq |-> 2,
           IFrel |-> 3,
           IDacq |-> 3,
           IDrel |-> 4,
           FUacq |-> 5,
           FUrel |-> 6,
           ROB |-> 3,
           RS |-> 3,
           FU |-> 2 ],
         [ ind |-> 5695,
           addr |-> "0x104f2",
           COM |-> 9,
           IFacq |-> 3,
           IFrel |-> 4,
           IDacq |-> 4,
           IDrel |-> 5,
           FUacq |-> 8,
           FUrel |-> 9,
           ROB |-> 4,
           RS |-> 4,
           FU |-> 1 ],
         [ ind |-> 5696,
           addr |-> "0x104f4",
           COM |-> 9,
           IFacq |-> 3,
           IFrel |-> 4,
           IDacq |-> 4,
           IDrel |-> 5,
           FUacq |-> 6,
           FUrel |-> 7,
           ROB |-> 4,
           RS |-> 4,
           FU |-> 2 ],
         [ ind |-> 5697,
           addr |-> "0x104f8",
           COM |-> 9,
           IFacq |-> 3,
           IFrel |-> 4,
           IDacq |-> 4,
           IDrel |-> 5,
           FUacq |-> 7,
           FUrel |-> 8,
           ROB |-> 4,
           RS |-> 4,
           FU |-> 2 ],
         [ ind |-> 5698,
           addr |-> "0x104fc",
           COM |-> 9,
           IFacq |-> 3,
           IFrel |-> 4,
           IDacq |-> 4,
           IDrel |-> 5,
           FUacq |-> 8,
           FUrel |-> 9,
           ROB |-> 4,
           RS |-> 4,
           FU |-> 2 ],
         [ ind |-> 5699,
           addr |-> "0x10500",
           COM |-> 0,
           IFacq |-> 4,
           IFrel |-> 5,
           IDacq |-> 5,
           IDrel |-> 7,
           FUacq |-> 9,
           FUrel |-> 10,
           ROB |-> 6,
           RS |-> 6,
           FU |-> 1 ],
         [ ind |-> 5700,
           addr |-> "0x105c4",
           COM |-> 0,
           IFacq |-> 4,
           IFrel |-> 5,
           IDacq |-> 5,
           IDrel |-> 7,
           FUacq |-> 9,
           FUrel |-> 10,
           ROB |-> 6,
           RS |-> 6,
           FU |-> 2 ],
         [ ind |-> 5701,
           addr |-> "0x105c8",
           COM |-> 0,
           IFacq |-> 4,
           IFrel |-> 5,
           IDacq |-> 5,
           IDrel |-> 7,
           FUacq |-> 0,
           FUrel |-> 0,
           ROB |-> 6,
           RS |-> 6,
           FU |-> 0 ],
         [ ind |-> 5702,
           addr |-> "0x105cc",
           COM |-> 0,
           IFacq |-> 4,
           IFrel |-> 5,
           IDacq |-> 5,
           IDrel |-> 7,
           FUacq |-> 0,
           FUrel |-> 0,
           ROB |-> 6,
           RS |-> 6,
           FU |-> 0 ],
         [ ind |-> 5703,
           addr |-> "0x105d0",
           COM |-> 0,
           IFacq |-> 5,
           IFrel |-> 6,
           IDacq |-> 7,
           IDrel |-> 10,
           FUacq |-> 0,
           FUrel |-> 0,
           ROB |-> 9,
           RS |-> 9,
           FU |-> 0 ],
         [ ind |-> 5704,
           addr |-> "0x10502",
           COM |-> 0,
           IFacq |-> 5,
           IFrel |-> 6,
           IDacq |-> 7,
           IDrel |-> 10,
           FUacq |-> 0,
           FUrel |-> 0,
           ROB |-> 9,
           RS |-> 9,
           FU |-> 0 ],
         [ ind |-> 5705,
           addr |-> "0x10504",
           COM |-> 0,
           IFacq |-> 5,
           IFrel |-> 6,
           IDacq |-> 7,
           IDrel |-> 10,
           FUacq |-> 0,
           FUrel |-> 0,
           ROB |-> 9,
           RS |-> 9,
           FU |-> 0 ],
         [ ind |-> 5706,
           addr |-> "0x10508",
           COM |-> 0,
           IFacq |-> 5,
           IFrel |-> 6,
           IDacq |-> 7,
           IDrel |-> 10,
           FUacq |-> 0,
           FUrel |-> 0,
           ROB |-> 9,
           RS |-> 9,
           FU |-> 0 ],
         [ ind |-> 5707,
           addr |-> "0x1050c",
           COM |-> 0,
           IFacq |-> 7,
           IFrel |-> 8,
           IDacq |-> 0,
           IDrel |-> 0,
           FUacq |-> 0,
           FUrel |-> 0,
           ROB |-> 0,
           RS |-> 0,
           FU |-> 0 ],
         [ ind |-> 5708,
           addr |-> "0x1059e",
           COM |-> 0,
           IFacq |-> 7,
           IFrel |-> 8,
           IDacq |-> 0,
           IDrel |-> 0,
           FUacq |-> 0,
           FUrel |-> 0,
           ROB |-> 0,
           RS |-> 0,
           FU |-> 0 ],
         [ ind |-> 5709,
           addr |-> "0x105a2",
           COM |-> 0,
           IFacq |-> 7,
           IFrel |-> 8,
           IDacq |-> 0,
           IDrel |-> 0,
           FUacq |-> 0,
           FUrel |-> 0,
           ROB |-> 0,
           RS |-> 0,
           FU |-> 0 ],
         [ ind |-> 5710,
           addr |-> "0x105a6",
           COM |-> 0,
           IFacq |-> 7,
           IFrel |-> 8,
           IDacq |-> 0,
           IDrel |-> 0,
           FUacq |-> 0,
           FUrel |-> 0,
           ROB |-> 0,
           RS |-> 0,
           FU |-> 0 ] >>,
  edges |->
      { [type |-> "D", source |-> 5687, dest |-> 5690],
        [type |-> "D", source |-> 5693, dest |-> 5695] } ]
/\ pc2 = 28
/\ robHead = 13
/\ rob = << [ instr |->
         [ ind |-> 5687,
           type |-> "IntAlu",
           r0 |-> "sp",
           r1 |-> "",
           r2 |-> "",
           addr |-> "0x105e2" ],
     done |-> TRUE,
     executed |-> TRUE ],
   [ instr |->
         [ ind |-> 5688,
           type |-> "MemWrite",
           r0 |-> "ra",
           r1 |-> "",
           r2 |-> "",
           addr |-> "0x105e4" ],
     done |-> TRUE,
     executed |-> TRUE ],
   [ instr |->
         [ ind |-> 5689,
           type |-> "MemWrite",
           r0 |-> "s0",
           r1 |-> "",
           r2 |-> "",
           addr |-> "0x105e6" ],
     done |-> TRUE,
     executed |-> TRUE ],
   [ instr |->
         [ ind |-> 5690,
           type |-> "IntAlu",
           r0 |-> "s0",
           r1 |-> "sp",
           r2 |-> "",
           addr |-> "0x105e8" ],
     done |-> TRUE,
     executed |-> TRUE ],
   [ instr |->
         [ ind |-> 5691,
           type |-> "IntAlu",
           r0 |-> "a0",
           r1 |-> "gp",
           r2 |-> "",
           addr |-> "0x105ea" ],
     done |-> TRUE,
     executed |-> TRUE ],
   [ instr |->
         [ ind |-> 5692,
           type |-> "IntAlu",
           r0 |-> "ra",
           r1 |-> "",
           r2 |-> "",
           addr |-> "0x105ee" ],
     done |-> TRUE,
     executed |-> TRUE ],
   [ instr |->
         [ ind |-> 5693,
           type |-> "IntAlu",
           r0 |-> "sp",
           r1 |-> "",
           r2 |-> "",
           addr |-> "0x104ee" ],
     done |-> TRUE,
     executed |-> TRUE ],
   [ instr |->
         [ ind |-> 5694,
           type |-> "MemWrite",
           r0 |-> "s0",
           r1 |-> "",
           r2 |-> "",
           addr |-> "0x104f0" ],
     done |-> TRUE,
     executed |-> TRUE ],
   [ instr |->
         [ ind |-> 5695,
           type |-> "IntAlu",
           r0 |-> "s0",
           r1 |-> "sp",
           r2 |-> "",
           addr |-> "0x104f2" ],
     done |-> TRUE,
     executed |-> TRUE ],
   [ instr |->
         [ ind |-> 5696,
           type |-> "MemWrite",
           r0 |-> "a0",
           r1 |-> "",
           r2 |-> "",
           addr |-> "0x104f4" ],
     done |-> TRUE,
     executed |-> TRUE ],
   [ instr |->
         [ ind |-> 5697,
           type |-> "MemWrite",
           r0 |-> "zero",
           r1 |-> "",
           r2 |-> "",
           addr |-> "0x104f8" ],
     done |-> TRUE,
     executed |-> TRUE ],
   [ instr |->
         [ ind |-> 5698,
           type |-> "MemWrite",
           r0 |-> "zero",
           r1 |-> "",
           r2 |-> "",
           addr |-> "0x104fc" ],
     done |-> TRUE,
     executed |-> TRUE ],
   [ instr |->
         [ ind |-> 5699,
           type |-> "IntAlu",
           r0 |-> "",
           r1 |-> "",
           r2 |-> "",
           addr |-> "0x10500" ],
     done |-> FALSE,
     executed |-> TRUE ],
   [ instr |->
         [ ind |-> 5700,
           type |-> "MemRead",
           r0 |-> "a5",
           r1 |-> "",
           r2 |-> "",
           addr |-> "0x105c4" ],
     done |-> FALSE,
     executed |-> TRUE ],
   [ instr |->
         [ ind |-> 5701,
           type |-> "IntAlu",
           r0 |-> "a4",
           r1 |-> "a5",
           r2 |-> "",
           addr |-> "0x105c8" ],
     done |-> FALSE,
     executed |-> FALSE ],
   [ instr |->
         [ ind |-> 5702,
           type |-> "IntAlu",
           r0 |-> "a5",
           r1 |-> "zero",
           r2 |-> "",
           addr |-> "0x105cc" ],
     done |-> FALSE,
     executed |-> FALSE ],
   [ instr |->
         [ ind |-> 5703,
           type |-> "IntAlu",
           r0 |-> "a5",
           r1 |-> "a4",
           r2 |-> "",
           addr |-> "0x105d0" ],
     done |-> FALSE,
     executed |-> FALSE ],
   [ instr |->
         [ ind |-> 5704,
           type |-> "IntAlu",
           r0 |-> "a5",
           r1 |-> "",
           r2 |-> "",
           addr |-> "0x10502" ],
     done |-> FALSE,
     executed |-> FALSE ],
   [ instr |->
         [ ind |-> 5705,
           type |-> "MemWrite",
           r0 |-> "a5",
           r1 |-> "",
           r2 |-> "",
           addr |-> "0x10504" ],
     done |-> FALSE,
     executed |-> FALSE ],
   [ instr |->
         [ ind |-> 5706,
           type |-> "MemWrite",
           r0 |-> "zero",
           r1 |-> "",
           r2 |-> "",
           addr |-> "0x10508" ],
     done |-> FALSE,
     executed |-> FALSE ] >>
/\ _RS = << { [ ind |-> 5702,
       type |-> "IntAlu",
       r0 |-> "a5",
       r1 |-> "zero",
       r2 |-> "",
       addr |-> "0x105cc" ],
     [ ind |-> 5703,
       type |-> "IntAlu",
       r0 |-> "a5",
       r1 |-> "a4",
       r2 |-> "",
       addr |-> "0x105d0" ],
     [ ind |-> 5704,
       type |-> "IntAlu",
       r0 |-> "a5",
       r1 |-> "",
       r2 |-> "",
       addr |-> "0x10502" ] },
   { [ ind |-> 5706,
       type |-> "MemWrite",
       r0 |-> "zero",
       r1 |-> "",
       r2 |-> "",
       addr |-> "0x10508" ] },
   {},
   {},
   {} >>
/\ currCycle = 10
/\ exec_inst = 1
/\ robHead2 = 13
/\ pc = 28
/\ rob2 = << [ instr |->
         [ ind |-> 5687,
           type |-> "IntAlu",
           r0 |-> "sp",
           r1 |-> "",
           r2 |-> "",
           addr |-> "0x105e2" ],
     done |-> TRUE,
     executed |-> TRUE ],
   [ instr |->
         [ ind |-> 5688,
           type |-> "MemWrite",
           r0 |-> "ra",
           r1 |-> "",
           r2 |-> "",
           addr |-> "0x105e4" ],
     done |-> TRUE,
     executed |-> TRUE ],
   [ instr |->
         [ ind |-> 5689,
           type |-> "MemWrite",
           r0 |-> "s0",
           r1 |-> "",
           r2 |-> "",
           addr |-> "0x105e6" ],
     done |-> TRUE,
     executed |-> TRUE ],
   [ instr |->
         [ ind |-> 5690,
           type |-> "IntAlu",
           r0 |-> "s0",
           r1 |-> "sp",
           r2 |-> "",
           addr |-> "0x105e8" ],
     done |-> TRUE,
     executed |-> TRUE ],
   [ instr |->
         [ ind |-> 5691,
           type |-> "IntAlu",
           r0 |-> "a0",
           r1 |-> "gp",
           r2 |-> "",
           addr |-> "0x105ea" ],
     done |-> TRUE,
     executed |-> TRUE ],
   [ instr |->
         [ ind |-> 5692,
           type |-> "IntAlu",
           r0 |-> "ra",
           r1 |-> "",
           r2 |-> "",
           addr |-> "0x105ee" ],
     done |-> TRUE,
     executed |-> TRUE ],
   [ instr |->
         [ ind |-> 5693,
           type |-> "IntAlu",
           r0 |-> "sp",
           r1 |-> "",
           r2 |-> "",
           addr |-> "0x104ee" ],
     done |-> TRUE,
     executed |-> TRUE ],
   [ instr |->
         [ ind |-> 5694,
           type |-> "MemWrite",
           r0 |-> "s0",
           r1 |-> "",
           r2 |-> "",
           addr |-> "0x104f0" ],
     done |-> TRUE,
     executed |-> TRUE ],
   [ instr |->
         [ ind |-> 5695,
           type |-> "IntAlu",
           r0 |-> "s0",
           r1 |-> "sp",
           r2 |-> "",
           addr |-> "0x104f2" ],
     done |-> TRUE,
     executed |-> TRUE ],
   [ instr |->
         [ ind |-> 5696,
           type |-> "MemWrite",
           r0 |-> "a0",
           r1 |-> "",
           r2 |-> "",
           addr |-> "0x104f4" ],
     done |-> TRUE,
     executed |-> TRUE ],
   [ instr |->
         [ ind |-> 5697,
           type |-> "MemWrite",
           r0 |-> "zero",
           r1 |-> "",
           r2 |-> "",
           addr |-> "0x104f8" ],
     done |-> TRUE,
     executed |-> TRUE ],
   [ instr |->
         [ ind |-> 5698,
           type |-> "MemWrite",
           r0 |-> "zero",
           r1 |-> "",
           r2 |-> "",
           addr |-> "0x104fc" ],
     done |-> TRUE,
     executed |-> TRUE ],
   [ instr |->
         [ ind |-> 5699,
           type |-> "IntAlu",
           r0 |-> "",
           r1 |-> "",
           r2 |-> "",
           addr |-> "0x10500" ],
     done |-> FALSE,
     executed |-> TRUE ],
   [ instr |->
         [ ind |-> 5700,
           type |-> "MemRead",
           r0 |-> "a5",
           r1 |-> "",
           r2 |-> "",
           addr |-> "0x105c4" ],
     done |-> FALSE,
     executed |-> TRUE ],
   [ instr |->
         [ ind |-> 5701,
           type |-> "IntAlu",
           r0 |-> "a4",
           r1 |-> "a5",
           r2 |-> "",
           addr |-> "0x105c8" ],
     done |-> FALSE,
     executed |-> FALSE ],
   [ instr |->
         [ ind |-> 5702,
           type |-> "IntAlu",
           r0 |-> "a5",
           r1 |-> "zero",
           r2 |-> "",
           addr |-> "0x105cc" ],
     done |-> FALSE,
     executed |-> FALSE ],
   [ instr |->
         [ ind |-> 5703,
           type |-> "IntAlu",
           r0 |-> "a5",
           r1 |-> "a4",
           r2 |-> "",
           addr |-> "0x105d0" ],
     done |-> FALSE,
     executed |-> FALSE ],
   [ instr |->
         [ ind |-> 5704,
           type |-> "IntAlu",
           r0 |-> "a5",
           r1 |-> "",
           r2 |-> "",
           addr |-> "0x10502" ],
     done |-> FALSE,
     executed |-> FALSE ],
   [ instr |->
         [ ind |-> 5705,
           type |-> "MemWrite",
           r0 |-> "a5",
           r1 |-> "",
           r2 |-> "",
           addr |-> "0x10504" ],
     done |-> FALSE,
     executed |-> FALSE ],
   [ instr |->
         [ ind |-> 5706,
           type |-> "MemWrite",
           r0 |-> "zero",
           r1 |-> "",
           r2 |-> "",
           addr |-> "0x10508" ],
     done |-> FALSE,
     executed |-> FALSE ] >>
/\ _FU = << [ instr |->
         [ ind |-> 5701,
           type |-> "IntAlu",
           r0 |-> "a4",
           r1 |-> "a5",
           r2 |-> "",
           addr |-> "0x105c8" ],
     baseLat |-> 1,
     currLat |-> 1 ],
   [ instr |->
         [ ind |-> 5705,
           type |-> "MemWrite",
           r0 |-> "a5",
           r1 |-> "",
           r2 |-> "",
           addr |-> "0x10504" ],
     baseLat |-> 1,
     currLat |-> 1 ],
   [ instr |->
         [ ind |-> 0,
           type |-> "No_OpClass",
           r0 |-> "",
           r1 |-> "",
           r2 |-> "",
           addr |-> "" ],
     baseLat |-> 1,
     currLat |-> 1 ],
   [ instr |->
         [ ind |-> 0,
           type |-> "No_OpClass",
           r0 |-> "",
           r1 |-> "",
           r2 |-> "",
           addr |-> "" ],
     baseLat |-> 1,
     currLat |-> 1 ],
   [ instr |->
         [ ind |-> 0,
           type |-> "No_OpClass",
           r0 |-> "",
           r1 |-> "",
           r2 |-> "",
           addr |-> "" ],
     baseLat |-> 1,
     currLat |-> 1 ] >>

@!@!@ENDMSG 2217 @!@!@
@!@!@STARTMSG 2200:0 @!@!@
Progress(11) at 2023-01-19 19:06:14: 37 states generated (545 s/min), 37 distinct states found (545 ds/min), 10 states left on queue.
@!@!@ENDMSG 2200 @!@!@
@!@!@STARTMSG 2199:0 @!@!@
37 states generated, 37 distinct states found, 10 states left on queue.
@!@!@ENDMSG 2199 @!@!@
@!@!@STARTMSG 2194:0 @!@!@
The depth of the complete state graph search is 11.
@!@!@ENDMSG 2194 @!@!@
@!@!@STARTMSG 2268:0 @!@!@
The average outdegree of the complete state graph is 2 (minimum is 1, the maximum 4 and the 95th percentile is 4).
@!@!@ENDMSG 2268 @!@!@
@!@!@STARTMSG 2186:0 @!@!@
Finished in 4078ms at (2023-01-19 19:06:14)
@!@!@ENDMSG 2186 @!@!@
